y_true_kw,y_pred_kw
0.0,0.2737816687092227
0.0,0.26086516299483603
0.0,0.24025036856313134
0.0,0.2791960284053862
0.0,0.3537075239829399
0.0,0.5031263631179089
0.0,1.1919574846463066
3.681000073701144,6.5756368303691035
16.693000283241272,18.673413146275863
30.51199921369553,31.623358023550992
39.95899918794632,40.544731367829755
42.5400008559227,43.4791010089346
25.41500011205673,40.89763261673542
25.4489995777607,35.828076606895195
23.15899907588959,27.439047185225427
10.220999772548677,14.144041759151158
2.3890000939369203,6.068987022417301
0.0,2.504036536761994
0.0,1.1227600646200697
0.0,0.4517629553604063
0.0,0.30752854664572554
0.0,0.27092221002632416
0.0,0.25031212232548994
0.0,0.27250283456617513
0.0,0.24622024807977302
0.0,0.23227055873741176
0.0,0.21257427953532512
0.0,0.2538604921048674
0.0,0.3282318268105
0.0,0.48287345904626716
0.0,1.2251651337392735
3.6749998961389063,7.028415421532086
16.58299959540367,20.16323665315316
29.825999965667727,34.34577182068398
39.04000100374222,44.30178572266387
44.29700073242188,48.458098610020556
44.86100201845169,47.25188992563729
39.50900178909302,42.61980344080558
29.945999408960343,33.456369063809476
14.926999883651732,17.295308490194234
2.0360000456124543,6.942810941744637
0.0,2.7237453248196584
0.0,1.167940844251003
0.0,0.4048812293717586
0.0,0.26060645833672874
0.0,0.2294613332913725
0.0,0.21479157005607805
0.0,0.23649163390867814
0.0,0.2930000010488978
0.0,0.27973833361871303
0.0,0.2538616165107171
0.0,0.29055663229217266
0.0,0.36178655762495715
0.0,0.507814933086793
0.0,1.097104630279878
1.0220000128075482,5.763968020996624
10.6799997484684,16.580952636232816
16.715000420808792,28.659654150259122
30.85300031900406,36.72089781565633
37.613001136779786,38.324392385662975
38.601998825073245,34.556948688351
18.77099964618683,28.102357584973948
12.088000336885452,19.542725307988313
13.181000075936318,9.551684358934995
2.156999903619289,4.34019264096295
0.0,1.9826148548947309
0.0,0.9694369346605172
0.0,0.4476526771287642
0.0,0.32075845630187483
0.0,0.2853522628976751
0.0,0.26956987397249194
0.0,0.29968612033528497
0.0,0.26077963237015833
0.0,0.2521612257428362
0.0,0.2336241227723848
0.0,0.27602767500881753
0.0,0.349851786235817
0.0,0.5091971372949863
0.0,1.1892895805700945
2.8419998922944067,6.290442179250871
16.294000028967858,18.039539785480734
28.90200034976005,31.54039708858553
37.232999134063725,41.17661015160022
30.11600084543228,44.5178490882966
44.4180004620552,42.3357241262916
33.64699930429459,35.533382948894406
24.50500039696693,24.800768497834483
9.108000468611715,11.396595071568331
1.9280000588297843,4.670047395509605
0.0,1.984338356602092
0.0,0.9003778101458287
0.0,0.3709631344393354
0.0,0.2555770571610974
0.0,0.23268502538792696
0.0,0.2246270444065738
0.0,0.2504887966084455
0.0,0.294204416816778
0.0,0.28910777439909385
0.0,0.2600351942920286
0.0,0.27954346833890104
0.0,0.3181995765700911
0.0,0.4013530508781612
0.0,0.7375595719218996
2.2359999307990077,2.900397422010816
7.416999977827072,8.56140660224532
5.97099980533123,15.004088578208911
18.544000374078752,19.796781474875736
6.456000037193299,21.61362084014423
17.088999678492545,21.724255076049523
32.318999029397965,22.068422820024875
14.085000126957894,18.789428911947017
8.398999769687652,10.269604050520895
0.4330000088177621,4.892520284133262
0.0,2.22396568240267
0.0,1.140378325428622
0.0,0.582771970440353
0.0,0.42726162492550257
0.0,0.38010355709446325
0.0,0.32533334258775365
0.0,0.3166945857775446
0.0,0.2695923915780074
0.0,0.26487163939505065
0.0,0.24635313911435192
0.0,0.27984282889910284
0.0,0.34492559301053305
0.0,0.486134972507713
0.0,1.0821525572618342
3.176000020205975,5.299661061976438
15.72999976992607,15.34772068149591
29.41499935626984,26.711450189715656
26.13400059342385,34.81701416357992
40.706999757289886,37.267399218361085
39.93799933671952,35.12701761951363
34.79799819231033,30.248100876559484
14.83299966931343,22.18493339728332
12.50700015604496,10.916169771369331
3.168000040203333,4.865417214594855
0.0,2.1228281239073956
0.0,0.9924136768175132
0.0,0.44087478573344324
0.0,0.3103072552780034
0.0,0.2796849457461952
0.0,0.25945133067450327
0.0,0.28206061071010324
0.0,0.2512305789674951
0.0,0.24193980406776033
0.0,0.22464027340948114
0.0,0.2597450137904574
0.0,0.3272260914860869
0.0,0.4703198948701268
0.0,1.172503515294874
3.848999910503626,6.138914443727781
17.303000363111497,17.799356223208598
29.85600033998489,30.726489520553113
38.3859985947609,40.23940039518148
31.69499904870987,44.468360213874575
27.534000945091247,43.974277465119634
31.780999026298524,40.26179797894124
19.93099905729294,32.032813162426145
13.805000056624412,16.93462533365401
2.1100000531971457,7.2323676783833415
0.0,2.9122112041546218
0.0,1.2507077103652193
0.0,0.44168894558412214
0.0,0.2864488900288237
0.0,0.25220594926686374
0.0,0.23102553551506524
0.0,0.2494463240301896
0.0,0.2340484754828474
0.0,0.2276542153552547
0.0,0.21247080423437742
0.0,0.24869451152549332
0.0,0.31480237465082755
0.0,0.4523846861372185
0.0,1.1592944365612017
3.917000125646591,6.262512786484651
15.713000037074089,18.44894108113128
28.198000055551528,31.987018852328173
38.220998589992526,41.91189451024815
44.33099814414978,46.42967162713254
43.5119998383522,45.94309118067944
39.145998492240906,42.03499377479641
29.52500004410744,33.33903686030529
15.2610000115633,17.23287473607576
2.2689998804032805,7.06762360119491
0.0,2.828817346543637
0.0,1.224107422664762
0.0,0.43115443016699
0.0,0.2779689960666978
0.0,0.24386328423382858
0.0,0.22309293906811462
0.0,0.2362480884749935
0.0,0.2782482092061917
0.0,0.2570694138837162
0.0,0.22782403025937006
0.0,0.260591569069844
0.0,0.32681908661424325
0.0,0.46410766977646567
0.0,1.04673189253576
4.505999840795994,5.098753737433964
10.50499996125698,14.736616205442875
12.148000058531762,26.18687894923565
34.100999902486805,35.403954028198456
41.99600118875504,40.24862039521592
34.22299991846085,40.79588857033064
38.175001850128176,37.826143204134624
21.65200094938278,29.931275338005022
6.347000149190426,15.868031039325938
0.4730000051110983,6.744665047884276
0.0,2.7673658276330575
0.0,1.21926347883881
0.0,0.4413943396066894
0.0,0.2882905675064505
0.0,0.24941436613391574
0.0,0.22877157467065895
0.0,0.2578529075956312
0.0,0.29059592273874246
0.0,0.2800909691477118
0.0,0.252956730639911
0.0,0.2777333386446591
0.0,0.3274194249355259
0.0,0.43137174312351645
0.0,0.8855623993274168
0.1650000047683716,3.8399581959958833
4.6909999239444735,11.25556183832353
10.923999780416487,19.861532769978574
16.795999993681907,26.78818145650491
35.21599875211716,29.968538591350434
20.05100055456161,30.13349527357008
14.889999558925629,29.835217304045564
29.942000317573548,25.42123824650919
12.148000058531762,14.303363232503042
1.99399995803833,6.382456682852541
0.0,2.6363901000511882
0.0,1.2268514940931554
0.0,0.5198058211760878
0.0,0.3626897251996895
0.0,0.32071040278841006
0.0,0.28265751186187554
0.0,0.29644415553450765
0.0,0.31262083756105447
0.0,0.3225625321742757
0.0,0.30076638500763503
0.0,0.32101399669482383
0.0,0.3666187696502729
0.0,0.4671548811865549
0.0,0.7440512986831496
0.0950000032316893,2.5593903004024634
3.854000058472157,7.202711613598805
5.680000179708004,12.08162463410784
3.247000067383051,14.702426190746442
3.815999960899353,13.701423156594478
4.003999876081943,11.629232238307802
1.964999998435378,10.871565034383186
3.960999887287617,8.768506160943158
3.101000111401081,4.821590254554428
0.4320000113174319,2.608086114919765
0.0,1.3846643367016431
0.0,0.8750433490414776
0.0,0.6302187963733396
0.0,0.5372954894190909
0.0,0.5265548611041213
0.0,0.45479547782496144
0.0,0.38743451164355297
0.0,0.31063090892121
0.0,0.3165632553264261
0.0,0.2915625906045143
0.0,0.3065717138812011
0.0,0.3414445005208847
0.0,0.41787634204991486
0.0,0.6438261280769896
0.0,2.138530301923576
0.0950000032316893,6.140409040541837
0.5439999881014228,10.362669419068931
2.563999881148338,12.797106612703532
5.35099994301796,12.370160456481798
6.57300016194582,11.12846718615161
7.7769998481869695,11.383634130468408
7.514999797046185,9.890827696639073
2.7469999051094054,5.587646488095696
0.0380000012926757,2.9866235306378335
0.0,1.5539484309107712
0.0,0.9645265342537765
0.0,0.6743108795070957
0.0,0.5620225755425318
0.0,0.543047709379189
0.0,0.4564722256271777
0.0,0.3761732408899984
0.0,0.2483959018991887
0.0,0.236356697559914
0.0,0.21758653836987463
0.0,0.2521976117191679
0.0,0.31982162119994534
0.0,0.4680243806156926
0.0,1.1954903382353073
2.946999918669462,6.497169161412916
15.549999577999117,18.60443574395519
30.71299925684929,32.11244580525
28.88700016260147,42.32040219647323
29.959999309778212,46.80836214415915
47.07999862194061,45.99886188502038
40.37099802970887,42.107869813798146
29.52299947142601,33.60334568389588
10.38700006365776,17.772261571615033
1.9960000172257424,7.291054084349456
0.0,2.8725050638362233
0.0,1.2262886920134608
0.0,0.4223169075157897
0.0,0.27019081755587193
0.0,0.23793016075340243
0.0,0.2191601092764654
0.0,0.24152944579725288
0.0,0.25268053955316305
0.0,0.23698120688627775
0.0,0.21644325978704604
0.0,0.2531662806687861
0.0,0.3235486251143403
0.0,0.4701737940068617
0.0,1.210175698379071
4.239999928027392,6.958014895726601
17.353000302314758,19.91764772548393
31.679000629186632,34.02497174493169
41.257999374866486,44.117879893171825
46.77299903631211,48.34847157594635
46.68899963140488,47.24434371945198
41.77300100803375,42.78217851671221
31.849000011682516,33.685109315664384
16.703000065684318,17.612308813693918
2.8799999898672106,7.130653916149856
0.0,2.8050914498336623
0.0,1.2056726655990468
0.0,0.4161912348911049
0.0,0.26635181333070246
0.0,0.23372616064806645
0.0,0.21642445902697457
0.0,0.23802696963360342
0.0,0.2452157975956136
0.0,0.23209156368238887
0.0,0.21309952980782432
0.0,0.25029860237440343
0.0,0.3214429473643738
0.0,0.467675304682035
0.0,1.2216335047869677
4.30199996560812,7.145290329142323
17.697000212669373,20.5801626007428
31.859000821113582,34.92483643734611
40.93499931573868,44.91001421045563
45.92600092887879,49.15582251469535
45.4139981007576,48.156874311779475
40.17799822330475,43.81851579008539
30.769999146461487,34.76805922978175
16.353000491261483,18.225303224469382
2.8689999210834505,7.337869746276596
0.0,2.8762437657866977
0.0,1.2286381598547165
0.0,0.41919718157422575
0.0,0.2669942678828043
0.0,0.232421283550869
0.0,0.21385599436112007
0.0,0.23267242111027941
0.0,0.24372993111115854
0.0,0.22817810592852564
0.0,0.20780645761350577
0.0,0.24220496182087708
0.0,0.3106127890947715
0.0,0.4576517573613153
0.0,1.2002073825876154
4.399000011980534,6.856969045846837
17.74800043821335,19.769687171849917
31.83100101947785,33.86822482180285
40.939000461101536,44.060669655210674
46.26199854850769,48.5880275264654
46.96200180530548,47.8332449217078
41.45200152158737,43.96223102972185
31.503999814987186,35.37199669632605
16.69199999690056,18.827427163760763
2.920999919474125,7.5866825676496585
0.0,2.9673456140235364
0.0,1.268982985136466
0.0,0.42339335703008185
0.0,0.26448415060209635
0.0,0.22910204618658817
0.0,0.21046477463089058
0.0,0.23190371762571507
0.0,0.2529432332873703
0.0,0.24490473628886789
0.0,0.22330621741146373
0.0,0.2577330359808491
0.0,0.31683308006591226
0.0,0.4405736733788591
0.0,0.9869537238984031
2.088000044003129,4.935981569941629
12.759999684095384,14.631060981345971
20.676000821590424,26.048285758446262
17.84200065255165,35.04765113589377
34.04000092148781,39.199684606009754
34.41599972486496,38.57418547062481
29.22700098156929,35.157500091870574
30.303999220132827,27.099386325579406
12.688999893665311,13.437376215113773
2.009000016823411,5.38992310023483
0.0,2.2008106942317243
0.0,1.019755464765011
0.0,0.4162254586540487
0.0,0.2833900394862488
0.0,0.25140129509013764
0.0,0.22986746345132533
0.0,0.24880160356462214
0.0,0.26957150931417384
0.0,0.2574881504005051
0.0,0.2357867444979279
0.0,0.2774541962442282
0.0,0.3525197251899095
0.0,0.5090508938762093
0.0,1.1661525762244909
4.539000047147274,6.376616149406444
17.471999459266662,18.315254545873476
31.81799935102463,31.853511850561265
41.0139993429184,41.27883987885715
45.81999933242798,44.238739903764994
44.96800184726715,41.539175815337174
38.83399952888489,34.4196648480132
14.495000450015068,23.66446082337841
9.13600027024746,10.93651838883698
0.4460000084154308,4.508038871358226
0.0,1.9276705338551472
0.0,0.883176650395356
0.0,0.3710283000316301
0.0,0.25864340887491166
0.0,0.23458041554053222
0.0,0.22718737747859408
0.0,0.25722012300281644
0.0,0.28771029091941325
0.0,0.28044180172166266
0.0,0.2616575693282023
0.0,0.307246339319219
0.0,0.3936256427075405
0.0,0.5744484341444573
0.0,1.2776149804737231
4.286000005602837,7.079960959254931
17.74499957919121,19.658169029565705
32.10599965810776,33.104925912276805
41.12999969482422,41.37362729140753
46.881001205444335,42.38359928949558
35.32799795866013,37.24200951017343
23.405999966859817,27.99983850404624
12.070000317692758,17.63449031166418
9.449999806284906,7.959115093381337
0.0,3.486674181440381
0.0,1.582449482755422
0.0,0.7624607964716817
0.0,0.3733252315864373
0.0,0.27732963310568437
0.0,0.25703523165787945
0.0,0.25413413554830444
0.0,0.2901585889943143
0.0,0.2943242319391672
0.0,0.28841145505686844
0.0,0.2583653513348738
0.0,0.27970712735778014
0.0,0.3280757722392701
0.0,0.4326939115387989
0.0,0.8397328958231968
0.2350000063050538,3.6989331877999376
4.568999907970428,10.706355980093615
8.764999817609787,18.685034690481547
19.926999965906145,24.52451276089971
23.15399969816208,26.089133775599866
38.51599884748459,24.696831436309058
36.667001383304594,22.234560518232346
8.867000268697739,16.76787603939872
6.293999864459038,8.569907737269125
0.5419999931007624,4.041336107886388
0.0,1.8964630501175241
0.0,1.0002697417103825
0.0,0.5234295969749524
0.0,0.38818260821573786
0.0,0.3487020756242347
0.0,0.31071245825596433
0.0,0.3250922299582325
0.0,0.31695520572127145
0.0,0.31980964025228176
0.0,0.2930024964990646
0.0,0.3120353355778486
0.0,0.36119271485298926
0.0,0.4636803749433339
0.0,0.8282421405760503
0.8239999942481518,3.3239895207137793
4.814000226259232,9.482272766499916
12.448999980092047,16.090910468560534
16.697000401616098,20.30496314550411
19.177000877857207,20.381783698040884
22.45500083565712,18.55728268438945
16.95599959373474,17.124580296099502
13.739999930262568,13.493658638394738
7.215000161826611,7.301951344228497
0.6820000282675028,3.7151259561731895
0.0,1.802791762676418
0.0,0.9814375689937804
0.0,0.5830932809772542
0.0,0.46254039446020495
0.0,0.42597618487483113
0.0,0.3699179449966005
0.0,0.3631476251711355
0.0,0.3149902265355541
0.0,0.30941908146425184
0.0,0.28453000799000494
0.0,0.31678206676990195
0.0,0.3857820869844624
0.0,0.5255430714096524
0.0,1.0578514680383881
2.829000021070242,4.855064702630457
9.735999540686608,13.831424932393809
22.52500033974648,23.622704909933372
24.528999053239826,30.277214027453866
23.897999122142792,31.74299021647315
18.86199900150299,29.546488911769032
13.605999559164047,26.1660785071767
21.654999754428864,19.943442316089726
12.05999950826168,10.463882740322497
0.740999977067113,4.838811104046338
0.0,2.0980663827639914
0.0,0.9888942457841852
0.0,0.4669087592226656
0.0,0.347433970797818
0.0,0.3154635795162805
0.0,0.29032839729720133
0.0,0.32043358232627855
0.0,0.30187645400434193
0.0,0.28775918991239174
0.0,0.2572005606668834
0.0,0.2796514797256414
0.0,0.3329621097487553
0.0,0.44272943348482946
0.0,0.8989458219888252
1.108999955803156,4.058989123889133
8.07999982893467,11.794066354538256
9.234999862313272,20.488514105469505
25.475999093055727,26.929401569880646
20.56499984741211,29.36657812591315
22.96499898314476,28.884932204883565
16.791999875307084,27.61947170876299
21.623000861406325,22.692531082209694
6.293999864459038,12.63441911587412
1.1259999454021454,5.95934664854802
0.0,2.5865046725389256
0.0,1.2298753111984404
0.0,0.5461739695083025
0.0,0.3825707756793697
0.0,0.33152252552890105
0.0,0.29240300921422724
0.0,0.31377179009899075
0.0,0.22627082607401214
0.0,0.21729310993409606
0.0,0.1992909379118743
0.0,0.23040300194872898
0.0,0.2904106224704275
0.0,0.41939532165101895
0.0,1.0952201010632396
2.09200003400445,5.957665221808821
12.361999716162682,17.700374667954108
31.40600050926209,30.869345117163462
42.59800103187561,41.11342006486021
47.96600173473358,46.281259770443526
47.72500050783157,46.38825643371987
43.221000726223,43.65188318150856
32.76800024986267,35.953771353798
18.07200078368187,19.440203802154425
3.6669999161362647,8.025434929808755
0.0,3.1798491042111015
0.0,1.3603081466851092
0.0,0.45729069762970515
0.0,0.28321655966275366
0.0,0.24057342800269998
0.0,0.21561159903322138
0.0,0.23028578212048617
0.0,0.26189589709263256
0.0,0.26353632361655766
0.0,0.2492831630663894
0.0,0.28921266574314386
0.0,0.3597931405752313
0.0,0.5105750231579423
0.0129999995976686,1.1236275537616078
3.6380000849068166,5.906982472730478
18.454999537467955,16.98748483213757
30.68000007748604,29.3185209123427
42.01399812698365,37.63769805908879
32.19500049471855,39.21363147564341
28.578000004291532,35.141911582093286
15.868999518752098,27.899126540219342
5.380000030994416,18.524282689652605
4.6770000231266025,8.318453749358257
4.158000068813562,3.570532953768054
0.0,1.5990986500574282
0.0,0.7739101789591527
0.0,0.3856539013573201
0.0,0.2855162797369959
0.0,0.263072761943837
0.0,0.2508628169999046
0.0,0.2743923487820696
0.0,0.2533704217536154
0.0,0.23291261568209864
0.0,0.2099941870964373
0.0,0.2456559618450063
0.0,0.31781744502108766
0.0,0.46878136950439603
0.0129999995976686,1.2155619248446223
5.334000210165978,7.129087375714064
19.06399933099747,20.18681671261183
33.30700053930283,34.24907173713564
43.30299955844879,44.38385664651987
47.33799855470657,48.85440828165241
48.43800132513047,48.030419527215955
40.751998264789584,44.07181065566117
23.914999881982805,35.4799179454824
11.90900043129921,19.23884786058688
3.370000112950802,7.920678583615099
0.0129999995976686,3.0954775635362246
0.0,1.3010380502645937
0.0,0.4302696797452871
0.0,0.2695856776088401
0.0,0.23230130934646195
0.0,0.21434319077974662
0.0,0.23819859751586467
0.0,0.2527733894913112
0.0,0.23193515960003055
0.0,0.2087505415523557
0.0,0.24426035392423445
0.0,0.31586253029275285
0.0,0.4658701581623458
0.0190000006463378,1.2327586670215191
5.6620001605153085,7.351837654475295
19.478000799417497,20.832631461017606
33.83900087833405,35.123360247848936
43.67299869775772,45.239912747581506
48.8290003156662,49.62378962315952
48.99100151538849,48.83947018154302
43.21600134849548,44.78246904903309
27.89800042033196,36.06191872373056
12.214999730587008,19.64481930884997
2.7430000434815884,8.14835731601762
0.0,3.205456195247725
0.0,1.3449398131964458
0.0,0.4359561960381136
0.0,0.27010202701558106
0.0,0.23255297185699067
0.0,0.214931128560239
0.0,0.2396962479215131
0.0,0.2789895680944969
0.0,0.26008094261080983
0.0,0.23703525663673122
0.0,0.27589206809049627
0.0,0.3553589312496371
0.0,0.5146874433755796
0.024999999689171,1.269700877722162
5.936000053286553,7.421743312888582
20.46899906039238,20.65780550662377
33.85300077915192,34.39617913165334
43.42300105571747,43.52350671508547
48.07899917364121,46.653394109185264
43.30900127649307,44.58885097849198
27.31299928307533,39.08022048110751
13.501999562382698,29.725754285951183
18.44300020933151,15.494008177663453
3.891000126451254,6.619800374835092
0.0,2.6861522286708213
0.0,1.1611117960097264
0.0,0.429253926040605
0.0,0.2850270002822237
0.0,0.25182339576643403
0.0,0.23630131455662773
0.0,0.26533101518333657
0.0,0.2559644678592757
0.0,0.23454870033350322
0.0,0.21201538610091428
0.0,0.24928380627737398
0.0,0.32739829852452507
0.0,0.4898063117465245
0.0129999995976686,1.3048690710588078
6.031000040471554,7.891587814850684
20.588000271320343,22.052475582834262
34.77899891376495,36.65412202658341
45.01799973249435,46.61312164479433
50.05800099849701,50.97334539866396
49.31200100183487,50.2123738604789
46.14700053691864,46.02847430363279
33.56299989938736,37.03341090072454
19.853999602794648,20.07722304393431
4.95200020223856,8.21800192764223
0.0,3.1860544191778044
0.0,1.3158692378838737
0.0,0.42177941905727756
0.0,0.2627510983537866
0.0,0.2269242914265498
0.0,0.2105138684694246
0.0,0.23410726165693846
0.0,0.2834854613350742
0.0,0.26977356334459235
0.0,0.24162855229101643
0.0,0.2677669103716126
0.0,0.32900985306126834
0.0,0.45725003756397387
0.0,1.001098168275484
4.399999784827233,5.198975002453255
15.6609995251894,14.978915546688306
29.4560008263588,25.8033416341733
32.93500082731247,33.5934122841232
25.104999667406084,36.31067113354425
23.473000665903093,34.57480612039644
22.969000128507616,30.61571699040507
16.284000246524812,23.165588400059416
15.33499963402748,11.956551498672095
4.928999778330327,5.387937503366111
0.0,2.3562290790851312
0.0,1.113691678650721
0.0,0.48946377179303063
0.0,0.33732182899476065
0.0,0.2894124545206569
0.0,0.2607942605563896
0.0,0.2906035557155041
0.0,0.26691567402567207
0.0,0.2402502815590779
0.0,0.21359827342727036
0.0,0.2502651920920824
0.0,0.32862951541198254
0.0,0.4920483404960412
0.0,1.2713592782481422
6.2070001140236855,7.532012749329325
21.157999167442323,21.00084900152931
34.936000735759734,35.18378541377756
43.17099873304368,45.07753948284397
49.58499906778336,49.499658742168
44.39999941587448,48.894893857557804
32.43000000357628,44.78387835517008
24.706000440120697,35.979561130806445
17.462000703811647,19.806772466388985
4.356999796032905,8.33188988096974
0.0,3.268161548579045
0.0,1.346619539355312
0.0,0.4309507880457873
0.0,0.26819281710124293
0.0,0.2305246706905588
0.0,0.21490069431286934
0.0,0.24377198925379634
0.0,0.27232039204572195
0.0,0.24772061510909338
0.0,0.2234590005059955
0.0,0.2681586744937112
0.0,0.3584201299311587
0.0,0.5438475765697843
0.0,1.3878351698684106
6.254999994039536,8.295206700685453
21.194999492168428,22.778048569833633
35.51599838733673,37.5268551429435
45.72499883174896,47.23138988748527
50.37499933958054,51.19193023702208
50.1670013999939,50.10237844301862
46.3359991979599,45.28400220311072
34.506999080181124,35.67149112155761
19.66099979639053,19.00473533368931
2.22100000038743,7.624404521416656
0.0,2.9055726249608473
0.0,1.1913877418438878
0.0,0.38277157897124525
0.0,0.2448699404692657
0.0,0.21771571915025545
0.0,0.2075445395009477
0.0,0.23863047376009536
0.0,0.25471225087634164
0.0,0.23993205186799074
0.0,0.2183987362674303
0.0,0.26214266060691127
0.0,0.34136348150493123
0.0,0.5039711538250542
0.0,1.2155670757902075
2.0000000072270634,7.208504179730602
16.03399952352047,20.489712592079222
27.4530003452301,34.849817916270325
43.83400166511536,44.66377892754846
48.00699909687042,48.306478248992555
39.21999914169312,46.33301916737416
46.26399912118912,40.11339069672966
22.88300015091896,29.140999814617846
6.4380000180006025,13.806074221739227
5.083000227808952,5.326615614123845
0.0,2.129026807207405
0.0,0.9356029886394793
0.0,0.35449540023151277
0.0,0.2366019869640501
0.0,0.2116545984112109
0.0,0.20318646913318192
0.0,0.23242333324763068
0.0,0.26229159402855223
0.0,0.2366921230451307
0.0,0.21192647749579263
0.0,0.24933112013124262
0.0,0.3283075232777165
0.0,0.4923201460719747
0.0830000011343509,1.3325999825353838
6.799000174701214,8.335700917112923
20.92399994492531,23.08496490398941
35.631998739242555,37.94940202536582
45.18399796962738,47.87486468978554
49.551001656055455,51.98290075941382
50.20200115203858,51.0369482340115
45.808000004291536,46.73053960086268
35.113998301029206,37.723271511371394
20.148999860286715,20.922559124813663
4.857000215053558,8.724486315938023
0.0129999995976686,3.4071400704179893
0.0,1.394065660335918
0.0,0.42827332450368877
0.0,0.262808718969069
0.0,0.22636198346286412
0.0,0.2105673597919692
0.0,0.23891740603887326
0.0,0.25946486338936414
0.0,0.23334557395127253
0.0,0.20829863327209064
0.0,0.24413451500820116
0.0,0.3202143337901176
0.0,0.4781827515466663
0.1080000028293579,1.3061813208746944
6.625999933183193,8.189203220411406
20.82799915790558,22.660029906630694
35.70199824333191,37.44662804659682
46.34900086641312,47.58383011105672
51.17499836683273,51.92887729972047
51.23299854278565,51.08989727173289
46.53300014972687,46.99441799643527
35.450998260974885,38.10854429093649
19.979000477790837,21.134436166548035
4.95200020223856,8.795919669688963
0.0,3.4442796910851694
0.0,1.411966118279646
0.0,0.43576017284899116
0.0,0.26504409642933974
0.0,0.22626092217084048
0.0,0.20898366181039302
0.0,0.23444714337096997
0.0,0.2692667091260421
0.0,0.24131163385756704
0.0,0.21443092039701644
0.0,0.2529382313062916
0.0,0.3348818301282126
0.0,0.49853540328253193
0.1020000017806887,1.336021606374623
6.537999896407127,8.421237103332611
21.12199912905693,23.079405131328528
36.10099952459336,37.88026605147361
46.526998431682586,47.901315915847064
51.120001103878025,52.23839998604894
51.25099958896637,51.483151319954544
46.995000984668735,47.46481448520428
36.47200100421906,38.688460432631786
21.131999938488008,21.783868168028288
5.217000085413456,9.119684059680775
0.0129999995976686,3.526432872009479
0.0,1.4179857281212842
0.0,0.43324846724500876
0.0,0.26677595585706504
0.0,0.22804817985790635
0.0,0.2115768206735763
0.0,0.2381597792863022
0.0,0.2616422282529556
0.0,0.2333496096784322
0.0,0.20752239583587084
0.0,0.24437218518427906
0.0,0.3235997997740331
0.0,0.48930020581403066
0.1640000072680413,1.3368961868728781
7.681999861001969,8.40629708286106
22.38100018620491,23.070539445095132
36.54400108098984,37.890304821852986
46.73000110149383,47.91570610156265
50.74600081920624,52.267034881981594
50.54999809980393,51.58814895262636
46.658001024723056,47.68584819100295
36.40700087785721,39.12222502258154
21.197000064849853,22.143662195990334
5.258000015020371,9.277620764798902
0.0129999995976686,3.588376660272522
0.0,1.4490290219868205
0.0,0.43650773497954304
0.0,0.264238965180896
0.0,0.22554820865554437
0.0,0.20928913391099552
0.0,0.23557273384681515
0.0,0.25111901205186327
0.0,0.2246918015228162
0.0,0.20020120011846743
0.0,0.237327603535045
0.0,0.317157410615365
0.0,0.48532630428693707
0.1569999926723539,1.357184068664835
7.471000035405159,8.655153673593633
22.414999651908875,23.699807726400337
37.19999995470047,38.589655785017555
47.94500188350678,48.611765323357524
52.38900091648102,53.05094951688643
52.05200095653534,52.46475683243395
47.78399891614914,48.815412644542945
37.31399973392487,40.51984969527335
21.592000200748444,23.232028064518982
5.443999871015549,9.793384929112962
0.0129999995976686,3.7882270987939703
0.0,1.5123600860078386
0.0,0.4455421456170308
0.0,0.2652050207392331
0.0,0.22463821002853218
0.0,0.20787090488616178
0.0,0.23268020435289125
0.0,0.3361748815974054
0.0,0.30591712346214034
0.0,0.2563228066853729
0.0,0.2672426919531744
0.0,0.3073811360835971
0.0,0.37619782876627134
0.0,0.7170970309529912
0.0,3.3706077257956313
0.7629999862611294,9.93519402714458
3.6259999865293504,16.53305755912056
14.23200011253357,21.190317344063995
14.262999746203423,23.58986374590714
17.106999697685243,24.445286846150317
37.193000004291534,27.305406872763275
30.77899966955185,26.46772133858933
22.454000549316408,17.241457653397333
3.587000116109848,8.596337317914541
0.0449999998416751,3.739719572951658
0.0,1.8842616957735085
0.0,0.8631716151127028
0.0,0.5761809468369038
0.0,0.4437076902910178
0.0,0.34194506776312
0.0,0.35473259394675133
0.0,0.40046169800522
0.0,0.38292911686113523
0.0,0.33882451157342736
0.0,0.36098237675279365
0.0,0.4328834033067636
0.0,0.5754987226790275
0.0259999991953372,1.0004152867819172
7.713999781012535,4.285475544501756
12.184000096917153,11.81200731088369
27.23000016450882,19.543352019983864
33.51999991059304,23.53474905333279
11.664000113010406,21.900728326126323
12.949000399112702,17.9326648215688
23.33399989008904,14.951531034435881
12.30700039923191,11.223487174638883
7.500000123381615,6.560781033818178
1.1410000041872264,3.541271684927599
0.0,1.8056138474858454
0.0,1.036651539470474
0.0,0.6147275687331382
0.0,0.5015756094402255
0.0,0.4567166751169202
0.0,0.41668795861406543
0.0,0.44303861964677194
0.0,0.34360753181939013
0.0,0.3362022841654145
0.0,0.2976712579714091
0.0,0.3123806061143059
0.0,0.35621488675141044
0.0,0.44748311184893297
0.0,0.7766131754163629
1.2089999625831842,3.1085297586357976
5.314000131785869,8.965414519212333
5.796999790966511,15.307132053461354
11.396999657154083,19.34128508144137
15.473000123500825,19.59955314951245
32.92299944519997,18.230332759658964
23.19300059556961,17.15652818261525
20.81200073838234,13.677317787692548
8.11300003528595,7.576019509448486
2.2920000475645064,3.8491242822543223
0.0,1.9052354944090553
0.0,1.0591164920660923
0.0,0.603786835218697
0.0,0.4729740448234655
0.0,0.428512527382184
0.0,0.37654901763042437
0.0,0.382647504916305
0.0,0.3768461452529159
0.0,0.380940296920639
0.0,0.35396462881620455
0.0,0.378081600477222
0.0,0.44155569620635754
0.0,0.5724322650783185
0.0,0.9937360759215423
6.983999744355679,4.051268626893127
21.265999282598496,11.248874192395679
31.178000950813296,18.471286295900583
27.56800041079521,22.2311936973195
16.471000388860702,21.07009527928505
18.28299958229065,18.16115931277837
21.15500036239624,15.886846116971244
8.059999750554562,12.192931696554261
2.4300000235438346,6.790824829861331
0.2389999963063746,3.51623274333672
0.0,1.6689084405162062
0.0,0.8756930579806865
0.0,0.5315615378733011
0.0,0.4450711530854864
0.0,0.42360092616196743
0.0,0.388811335241554
0.0,0.40772789911887714
0.0,0.2859681587347759
0.0,0.26496471239474556
0.0,0.23755781077525892
0.0,0.26953125756327045
0.0,0.3421774283841634
0.0,0.4900489428726952
0.0439999983296729,1.1747342990857996
4.185000097602606,6.216108207377381
21.898999786376955,17.51600551535526
29.176000756025317,29.799436879570568
43.12899903059006,39.02700864159428
42.963999025821686,43.692056260973274
43.73500001907349,43.96489411087873
42.53300090551377,41.190573583986385
33.180999377965925,33.605597509664484
19.815000759363176,18.750938438802898
5.757999920547008,8.102956901672595
0.024999999689171,3.217087131172855
0.0,1.3517657937240883
0.0,0.4606858268269136
0.0,0.2973675163033181
0.0,0.25501685154515163
0.0,0.23137255892385847
0.0,0.26098892054443207
0.0,0.2682521683813951
0.0,0.2557120700353109
0.0,0.236016865919532
0.0,0.28224809290358754
0.0,0.3717542073332356
0.0,0.5581232911817278
0.3550000112317502,1.3537891935250783
9.126000487804411,7.682257493567839
23.16099964857101,21.133069029846133
29.489000005722048,34.89820170399527
46.163001010417936,44.02459051591753
48.79299822330475,47.39391668403611
46.07900160551071,45.631231607950134
30.41700076699257,39.88241633166636
22.5719994199276,29.67561658926351
13.107999712824824,14.72918527301483
1.897999941259623,5.998269626582944
0.0,2.3870741674580125
0.0,1.0167748629138207
0.0,0.379215990536175
0.0,0.25663430102291457
0.0,0.23235688757625067
0.0,0.22420944318004568
0.0,0.25669835921446726
0.0,0.2819202813344851
0.0,0.25896503673675686
0.0,0.23409349407087096
0.0,0.2790874893481549
0.0,0.3739412772346844
0.0,0.5717454032965382
0.3420000116340816,1.4427383130525377
6.729000157117844,8.969446542153628
22.511000438928605,23.942502673611703
33.17900085926056,38.697901645651456
44.93800147294999,47.979838742006564
46.39199880123139,50.90477449575945
26.539999771118165,48.29422689008335
28.273000991344453,41.06249164743309
14.391999712586404,29.565327434879727
6.4449999684095385,14.706680728933422
7.132999789118767,6.176280777538713
0.0380000012926757,2.544930183824854
0.0,1.0576363017710306
0.0,0.3837553844398206
0.0,0.2546946658333902
0.0,0.22711474179380126
0.0,0.2221697071887445
0.0,0.25899208923450767
0.0,0.30003330464754896
0.0,0.26239333294159795
0.0,0.23100650600275335
0.0,0.272067058264023
0.0,0.3608978359511984
0.0,0.5385310731034876
0.3700000058300793,1.412636350207903
9.014000254273414,8.484538354552377
23.632999238967894,22.89622396873162
37.53099819660187,37.41819185711532
47.43700020074844,47.255702391317
51.9229989361763,51.52112759764263
51.53999812841416,50.99335048393319
47.43499962806702,47.04991509337265
31.222999458312987,38.57203601855369
19.82399922847748,22.539289570748714
5.873999758958817,10.003239534305216
0.0190000006463378,3.980303745920644
0.0,1.5716040406780984
0.0,0.4562034680746047
0.0,0.2814945226893448
0.0,0.24256324066640317
0.0,0.2280606943645591
0.0,0.2605773585045889
0.0,0.26091817162257186
0.0,0.2385271633624309
0.0,0.21671373072706293
0.0,0.26414541556407767
0.0,0.35908754285964933
0.0,0.5546255784033516
0.4779999926127493,1.4729533950979212
9.492999795079232,9.062959534541825
24.08900040984154,24.436881073763608
38.50300128698349,39.35247677622325
48.64199811935425,49.02982831128158
53.33399832963944,52.995041946684516
53.99000131130219,51.92446324209472
49.56599978923798,47.40836892083955
34.94899829626083,38.00796643913421
13.574999925494197,20.639730007980635
2.7330000042915343,8.353345698029
0.0,3.1786982105928634
0.0,1.2716106298562393
0.0,0.3898825938094601
0.0,0.24584777878958441
0.0,0.2184320929359268
0.0,0.20893309121075787
0.0,0.23774079237643303
0.0,0.2947113485018157
0.0,0.25851506854264106
0.0,0.22795762627554722
0.0,0.27016264075048707
0.0,0.36120489128727273
0.0,0.5454476341005237
0.4960000118054449,1.453536846036438
8.380999750494958,8.941894448739966
25.015000598430635,24.124422631749376
40.10900105953217,38.96996532237943
50.500998446941374,48.719622490911846
55.61799916744232,52.78393337235798
54.920998823642734,52.00470434103371
41.232998378276825,47.800472138710916
37.82999959945679,38.93484805852953
23.185000358819963,22.3603484749577
7.107999819517135,9.62999085907332
0.0380000012926757,3.790849645087843
0.0,1.501703735454494
0.0,0.4356494343137447
0.0,0.2687508474847556
0.0,0.23341901020509578
0.0,0.22072100465449662
0.0,0.25582173451018814
0.0,0.28139159041029943
0.0,0.25453570151730537
0.0,0.22924755582744344
0.0,0.2673555096967744
0.0,0.35135405652417173
0.0,0.5238080672563991
0.5710000168904662,1.4343693555059385
9.710999571084976,8.699467552348372
24.688999680280688,23.369494500146452
39.326000738143925,37.87438293232291
48.87399882316589,47.694453030578536
50.32700202703476,51.92039737739375
43.01400101900101,51.38808777087405
35.70899819374085,47.38456182341796
26.2289990401268,38.770480409163376
17.70199959039688,22.392522692536936
6.872000024318695,9.956982301250555
0.0439999983296729,3.968119670155684
0.0,1.574822773539804
0.0,0.46618721042900724
0.0,0.2873517572858957
0.0,0.2483133260236451
0.0,0.2315205610144807
0.0,0.25843766589342243
0.0,0.2693448435705675
0.0,0.24580235149995056
0.0,0.21798705323874865
0.0,0.24917715108676597
0.0,0.31693144143085755
0.0,0.45084460315922065
0.721999992467463,1.164554787381944
12.096999832987786,6.695891157328599
25.695000182390213,19.109595436597996
36.888000991344455,32.04876794121674
34.92700021266938,41.65680689326859
48.84700136184693,46.74159795075478
51.77300117254257,47.41561324462145
47.7800018787384,45.16967392492403
38.05000097513199,38.22736843637075
22.81499916553497,22.83556551963513
6.621999814808369,10.491949719519491
0.0510000008903443,4.263434330311369
0.0,1.7388751769016944
0.0,0.5314857504308097
0.0,0.3218138070964183
0.0,0.2626873146695512
0.0,0.23441717161576733
0.0,0.25854971647329755
0.0,0.24965655256956917
0.0,0.23037818710616995
0.0,0.20904260559289728
0.0,0.24513605411110725
0.0,0.3223542400858441
0.0,0.48283378874250754
0.4149999896250665,1.3641698003945466
5.52799978941679,8.516422876042174
22.719000432491303,23.51312072035257
39.01700057983398,38.13653346724956
49.670999045372014,48.064929984673725
54.17499882698059,52.54474009990179
52.52400054693222,52.24846789667091
46.56500109672547,48.84869580903775
36.34000017881394,40.85068488099805
18.531000759601596,23.866211657690062
5.54999992698431,10.423600120161506
0.064000000488013,4.1011074642049
0.0,1.6222707402535144
0.0,0.46860527349506476
0.0,0.2814323902764319
0.0,0.23861623517218156
0.0,0.2197681564666786
0.0,0.24201080528745367
0.0,0.28152902119761736
0.0,0.2552416555559492
0.0,0.22168583197770553
0.0,0.25086015001492895
0.0,0.3121509037718944
0.0,0.43211767738892404
0.0629999989760108,1.0348263571540341
7.043000206649304,5.398360571962845
14.510999896526338,15.67045439357728
17.085999846458435,27.2585797395684
30.53499963760376,36.81410467479983
48.16799795627594,42.54827544460851
49.86799999713898,44.08109623440249
46.20500071287155,42.83822358518219
35.68200073242188,36.375899993040036
18.58499979019165,21.36817741020193
4.052000012844801,9.410594132504349
0.0439999983296729,3.8054661232561315
0.0,1.6115093179095785
0.0,0.5174220315695157
0.0,0.32121046881282267
0.0,0.2639634965746595
0.0,0.23383826500682908
0.0,0.2610521020436361
0.0,0.2737845741612621
0.0,0.24849303806478643
0.0,0.2234796933188743
0.0,0.26531232290110124
0.0,0.3538914345384401
0.0,0.5389710406870208
0.5230000085011125,1.385994563034142
9.606000314950943,8.002642497351031
21.903999164104462,21.756156345218383
35.057998697757725,36.00265267898716
46.59500147104264,45.952181924839586
43.41800167798996,50.18001802591455
49.30199813842773,49.408151191148015
41.77199866771698,44.6307559820326
27.9790010201931,34.92034075260668
19.5400000667572,18.910033980087846
2.3020000867545605,8.223091808041168
0.0,3.3287031029767413
0.0,1.3401018882041724
0.0,0.42031373198368854
0.0,0.2669181142381184
0.0,0.23461673119586393
0.0,0.224862397654035
0.0,0.25596622248261924
0.0,0.27914905684404007
0.0,0.246726704444152
0.0,0.2200307636207098
0.0,0.25773067358325796
0.0,0.34946947745574547
0.0,0.5450805663827125
0.8079999700561166,1.5317753112468329
11.449000169038772,9.866960512777712
27.78400064110756,25.641225267264677
42.61700031042099,40.35103966945081
52.7759987616539,49.943783502784356
57.48300121307373,54.01360031385421
56.08299880743027,53.27806004825968
51.34899889469147,49.50115526524264
40.96000031232834,41.330679964722584
23.852000328302385,24.685934295077775
7.561999904215336,11.013550213842006
0.0779999975860119,4.265477488461139
0.0,1.6243590102812742
0.0,0.46006440776771507
0.0,0.2770539332303026
0.0,0.23713748344161542
0.0,0.22107389757378312
0.0,0.25231722344275026
0.0,0.2987065514263957
0.0,0.2669848855338735
0.0,0.238167440058431
0.0,0.2822007377205293
0.0,0.3825655539705713
0.0,0.5884186711738516
0.8999999968335033,1.5582252675288448
11.39099999308586,9.721526788142683
26.36599924325943,25.516526973784973
40.83200063228608,40.28653083835604
51.18500123023987,49.48539570341497
55.53699856758118,52.81774385162823
53.54799798727036,51.364892640416755
40.61199925661087,45.65852461906151
29.03399912118912,35.27882156416099
17.34299949288368,19.455735298351243
4.701000219881535,8.664242807356178
0.0700000015366822,3.5525137803591815
0.0,1.385497274384673
0.0,0.42966932975964667
0.0,0.2726135219764341
0.0,0.2390817465176251
0.0,0.23065957387992014
0.0,0.2686528029758091
0.0,0.2939857449562757
0.0,0.27390905508363955
0.0,0.2475416608739991
0.0,0.2914702373435418
0.0,0.3840135516149404
0.0,0.5649855138298363
0.6560000290721655,1.3910633071339487
7.862999825775623,8.245037041316108
26.851000502109528,22.517744791047768
35.47899806261063,36.396418977648224
45.66399985074997,45.3610445925867
37.16500020265579,48.663579196039635
32.22200001001358,47.075453657479954
37.22899798870087,41.97151161647684
36.47599804162979,32.493896290628356
15.186000102758408,17.39422455511241
3.9779998768866074,7.394017764532851
0.0439999983296729,2.9432742185820766
0.0,1.2170365460619996
0.0,0.415467479624593
0.0,0.27471969957423664
0.0,0.2423995825903898
0.0,0.2301013470539915
0.0,0.2694427950869627
0.0,0.30147947390115515
0.0,0.2626267254506096
0.0,0.22093490916757355
0.0,0.2461039671955011
0.0,0.30622774680569476
0.0,0.41725061267392594
0.7059999682754279,1.030221258812709
11.001999521255494,5.537093992545968
10.884999909996989,15.849189097889985
11.36300019145012,27.297248403277887
35.342001967430114,36.9526116950983
49.59899896860123,43.536381153903086
42.5610007071495,46.31068721708311
48.24300094604492,46.14223748560998
39.96799971103668,40.796815791870195
23.74099935412407,26.13775253141771
7.907999873757363,12.375870629632239
0.0960000007320195,5.077330372132139
0.0,2.0757520726180725
0.0,0.6150248800181456
0.0,0.36127976323833566
0.0,0.27958542567114475
0.0,0.23939243571219324
0.0,0.2661106023282088
0.0,0.26116214571756374
0.0,0.2436275906837345
0.0,0.22390915249495486
0.0,0.27359606633669437
0.0,0.3724847251045494
0.0,0.5749920941788611
1.2070000317692755,1.5262742247266292
12.346999529004098,8.94815943580791
27.24600063800812,24.130924531080673
41.33400059700012,38.842570573634404
50.16599905967713,48.44058516439222
54.239000720977785,52.580891562471635
52.22200033903122,52.188139881301424
45.93899848937989,47.64413196988628
35.67300020933151,37.96659780166662
19.92599967956543,20.732076025547006
8.535000199973583,8.784601440605538
0.4970000093057752,3.4292052929073034
0.0,1.3449182780944748
0.0,0.39907158886098343
0.0,0.25424281826716155
0.0,0.22894290156186137
0.0,0.22241964747943438
0.0,0.24901874796507323
0.0,0.2935921885928846
0.0,0.28360058418223366
0.0,0.2650326195761945
0.0,0.31396600590154883
0.0,0.4186206059731102
0.0,0.6281810554942442
1.1309999649971725,1.5125554539929542
11.78000046491623,8.3671922993861
26.679000546932222,22.516325734030783
40.30499967098236,36.04336136346463
45.34899797439575,44.44891098447883
37.34300187587738,46.93642456536952
42.90999999523163,44.64201865572398
29.59100045681,38.183085814251164
25.34300003528595,28.029392964072283
8.796999737620354,14.449359744201516
2.240000049173832,6.438987163696361
0.0770000000856816,2.692037496137217
0.0,1.1044162077353314
0.0,0.4139566153411104
0.0,0.28712776241611976
0.0,0.2596739071524769
0.0,0.2534054111216525
0.0,0.2928535887502246
0.0,0.2760860554646496
0.0,0.2436517387407326
0.0,0.21414409681506677
0.0,0.2528506860735192
0.0,0.3409253115408186
0.0,0.5232981289690638
1.1319999945908783,1.431699490578025
10.524999526143077,8.865878644232254
24.11999901652336,23.499660542824717
38.20499811649323,38.119152972670186
51.07699906110764,48.44471376146676
54.92200116395951,53.19175843076953
53.89000143289566,53.0155345773633
49.39399983406067,49.607519374928
40.08800120830536,41.41299509676188
21.855999797582623,24.56849892438537
5.357000120580197,10.783701735271881
0.2189999981597066,4.181162254621264
0.0,1.6078478164120733
0.0,0.4481881510716515
0.0,0.2693881912197832
0.0,0.2301048787520153
0.0,0.21600116116528567
0.0,0.24738110471116737
0.0,0.30671550927491836
0.0,0.2836521490829466
0.0,0.26069458654957095
0.0,0.3215606999713727
0.0,0.4480845664090603
0.0,0.6996251795100895
0.6649999744817615,1.7184733790772109
13.178999503254891,10.627638964174356
29.226000695228574,27.271881266495146
43.51699921607971,42.08250201975997
53.01400118350983,50.37065144156439
56.61900029182434,52.598851973554105
53.13899795055389,49.71463868099511
43.1569988322258,41.81900598802717
33.55100057125092,29.58877580047194
5.005999746322632,14.616390414355699
5.881999995708465,6.064904418354775
0.0129999995976686,2.4206975400596153
0.0,0.9703311713476044
0.0,0.34911688313768297
0.0,0.2411803174808373
0.0,0.2233165220718042
0.0,0.2262289590022089
0.0,0.2716824357322341
0.0,0.30642270376060526
0.0,0.2628633346511669
0.0,0.23310009502960666
0.0,0.28583283392622694
0.0,0.4028187194928274
0.0,0.6428093764080952
1.521999982520938,1.7382861508212888
14.330000445246696,10.960333786056669
30.54299987435341,27.951506935481646
45.15499993562698,43.222408476019176
54.727999017238616,52.28669270577174
57.413001708984375,55.84059673572502
55.670001733303074,55.08548095577208
48.25200146913529,50.41884902255961
39.75300182104111,40.64451959965709
19.258999710083007,23.266490089255093
4.763999773561955,9.97987718885625
0.0709999990370124,3.840691825830547
0.0,1.454827865758845
0.0,0.38942038779511245
0.0,0.2411451116128062
0.0,0.21740749107193977
0.0,0.21255030549900014
0.0,0.24931486239488218
0.0,0.2915626449699461
0.0,0.25707259385698616
0.0,0.2280901782224943
0.0,0.26323494971407313
0.0,0.34982722056513915
0.0,0.5334486974132966
1.473999974131584,1.5224870392264496
14.003999527096749,9.243494057901854
29.6280007815361,24.265244478438376
43.713001935482026,38.899193423768516
52.44999989748001,48.969732995964804
53.34499942541122,53.58746779646116
52.74500015497208,53.647713355523024
50.50499959230423,50.39346650105772
41.35399810791016,42.5415039704977
24.429999461174013,26.15646097369558
8.588999744057656,12.180297207805824
0.2529999934043735,4.87978431314633
0.0,1.850607325778422
0.0,0.4890628296155991
0.0,0.28925466066294353
0.0,0.24698163739115397
0.0,0.23005066158079943
0.0,0.25925993945488424
0.0,0.2685956322790569
0.0,0.23893628674343903
0.0,0.21359099393119596
0.0,0.24894031660485028
0.0,0.3316586886387276
0.0,0.5036077738261109
2.0360000456124543,1.4761834096146211
14.211999520659448,9.38593621098266
30.0280002951622,24.840524836010736
44.09200159788132,39.714742321654406
52.01700120449066,49.789682558712585
55.238001272678375,54.388897993850684
54.38599967956543,54.36508227342672
49.81999857664108,51.12702041353293
40.72300023078918,43.32183325795344
24.322999632358552,26.660543321195064
8.845000131130218,12.375550649678765
0.2790000086463988,4.969981027414934
0.0,1.8872859870720324
0.0,0.5012490145446971
0.0,0.29264858390706583
0.0,0.24601554673904166
0.0,0.2276888154372344
0.0,0.2500626028869963
0.0,0.27718694147896067
0.0,0.24620156387099956
0.0,0.22152631394606837
0.0,0.26282029635776816
0.0,0.3583370046866658
0.0,0.5578991780204835
2.1909998828172683,1.6199756320284024
14.760999592542648,10.278709185519572
29.48500091433525,26.755411097173432
41.47199903249741,41.695197634100815
51.28099996328354,51.17829108021124
55.433999884128575,55.26943430046964
54.06000081539154,54.99164189420364
49.38099816560745,51.49877360849793
39.81499903440476,43.50876670114336
21.769999819993973,26.754073660044625
8.52299984484911,12.3639776684258
0.3119999903440476,4.906052530670508
0.0,1.834341148833415
0.0,0.4730795020436316
0.0,0.2802414002169018
0.0,0.2420550913849236
0.0,0.22805499908457508
0.0,0.2551546547455832
0.0,0.2706202311351331
0.0,0.23835851911234193
0.0,0.21129463974367135
0.0,0.2501759994852543
0.0,0.34053865445804793
0.0,0.5310180272721688
2.329000115543604,1.5551420264155686
14.678000473976136,9.853417285624417
30.32099997997284,25.61395856912619
44.36400143146515,40.50281650811045
53.00599889278412,50.61036167040143
56.05699957847595,55.19906578458234
54.36900097370148,55.18661388174644
49.94499945163727,52.15712796292816
40.2830015873909,44.6741109612178
23.271000336408616,28.00052010529041
8.072000105679036,13.018187769170808
0.2780000111460686,5.160315980791253
0.0,1.916013648762545
0.0,0.4884620313876045
0.0,0.2826762262839031
0.0,0.23929025420097438
0.0,0.22388818927522589
0.0,0.2502022309075288
0.0,0.31859812813515015
0.0,0.2683681855841674
0.0,0.22972494174272026
0.0,0.2686585457061336
0.0,0.3651085841427991
0.0,0.5593010226924638
1.8790000208467248,1.5225756658762346
13.594999490380289,9.338304672103781
29.85000067591667,24.265827833662684
44.29599839210511,38.74091044493959
53.33599890232086,48.8499011290805
56.72800069332123,53.552848953289946
55.545000858306885,53.59154956334809
50.832999029159545,50.60276481087774
40.973001980781554,43.16187445360558
24.083000745773315,27.29787732866737
8.871999646425248,12.902534569878224
0.4200000092200935,5.161423743756745
0.0,1.9209595852210435
0.0,0.49529273245028227
0.0,0.29231399692774257
0.0,0.24506564974070755
0.0,0.22919114372335114
0.0,0.26784599925699965
0.0,0.31406819428110794
0.0,0.2811371759007096
0.0,0.2515433989743061
0.0,0.3033713086906385
0.0,0.4271381201799775
0.0,0.6802175491356031
2.482000021934509,1.7348642938809036
14.57499973654747,11.064689398120223
30.676000986099243,27.671693547622436
45.863001375198365,42.49421598642659
54.61100043296814,51.158551095301
56.595001635551455,53.62677407333285
54.05100029230118,50.80920403439272
33.88599995851517,42.81936453139107
7.880000072121621,30.51768162892367
5.389000040590763,15.97679142525896
8.511000003218651,7.1319595995397265
0.4750000001117587,2.9492318807604105
0.0,1.12668934497833
0.0,0.3857379797395062
0.0,0.25770589800127836
0.0,0.2317231520668829
0.0,0.23369656855418072
0.0,0.2811132190913317
0.0,0.30821676589106795
0.0,0.2620769225101723
0.0,0.2294945089961066
0.0,0.27492006244785056
0.0,0.38420562254464546
0.0,0.6112144563222949
2.7270000834763053,1.7450711058232564
15.428999848365784,11.132837355437646
32.05399914622307,28.0119851358627
46.6059984588623,43.10612149918991
55.00600056886673,52.52839333172639
57.91800047874451,56.416670203379034
57.14900005817413,56.000025359109145
51.8249996304512,52.33458617616183
42.27700154542923,44.04535189437844
24.713000390529636,27.234979439533923
9.115000419020651,12.48974674900488
0.5439999881014228,4.90931836530872
0.0,1.7933442163313404
0.0,0.44885559189860924
0.0,0.2669279144840136
0.0,0.2336398751334707
0.0,0.2236007242846359
0.0,0.2590899303278107
0.0,0.3141313492318564
0.0,0.2721239216959282
0.0,0.24198514695826012
0.0,0.28439511154892505
0.0,0.3893635637431904
0.0,0.6052479508828815
2.8910000586509703,1.729248525916297
15.689999613165856,10.743076021767244
31.443999066352845,27.228715548233154
45.0509989118576,42.140450717756366
53.03199812173843,51.52245276851624
57.19300033330917,55.44132836259071
56.24500000715256,55.1440850202334
51.13900038242341,51.408490302713545
41.26499932527543,43.090507713135345
24.25400041460991,26.71821307267306
8.64800020635128,12.658302703338176
0.2449999973550438,5.080247412562661
0.0,1.871965704817717
0.0,0.47362122628453357
0.0,0.2840178345511061
0.0,0.24846502734183734
0.0,0.23606626860664817
0.0,0.26867376055012626
0.0,0.27860250727387725
0.0,0.24859053198298012
0.0,0.22355457984862168
0.0,0.2616803261653223
0.0,0.35223483662459526
0.0,0.5396942980642435
3.2329999098181728,1.5839622679334877
16.051999542713165,9.560807839071433
31.69099995732308,24.9338774288721
45.65400109529495,39.586843905592026
53.31100201368332,49.64895414224644
57.23299946308136,54.514481735614936
56.21200082778931,55.123378500088485
51.020001225471496,52.383482554970506
41.5489984869957,45.215475739881235
24.676000065803528,29.107757806606408
9.046000174283982,14.308751026077491
0.5169999914057553,5.8100746941155474
0.0,2.12847435227261
0.0,0.5196972883557447
0.0,0.30174754087156014
0.0,0.2567284936824424
0.0,0.23964171925618213
0.0,0.2614143626205921
0.0,0.3272247919227306
0.0,0.2942433473282777
0.0,0.2553809829476675
0.0,0.2822047715646717
0.0,0.3523318743557749
0.0,0.4875469658131514
0.2739999890513718,1.1405020988217396
3.722000003308058,5.5596937284931185
14.2180002117157,15.602529586042648
30.667000463008883,26.08991668112996
36.03500116586685,34.52284176096013
37.74899899959564,39.68697345741441
49.67999956846237,41.98239489799059
49.18000017642975,42.258759181518556
39.55100149154663,37.80800850184525
23.832998995780944,24.84417692888767
8.933999940752983,12.775395964093095
0.5930000260844827,5.344707179460342
0.0,2.1249249513369772
0.0,0.6229224450589589
0.0,0.3801000795049568
0.0,0.3061384775813223
0.0,0.2704118941791661
0.0,0.3142131319600961
0.0,0.2874519337301719
0.0,0.25385102475501264
0.0,0.22265792284749075
0.0,0.2549585330633164
0.0,0.3350877109618633
0.0,0.5041147530519936
1.2389999517798425,1.3810736994793866
8.907999684810639,7.570242908347581
18.85599933743477,20.438926425111788
30.15800054788589,33.954943471070585
48.80199874639512,44.58808076735521
55.30800077676773,50.58044988032505
53.46000154495239,52.24548772175048
49.48299861669541,50.29330031399266
40.29899795293808,43.53800250867123
23.63399952530861,27.891032858393004
8.37099996805191,13.724868700574138
0.2670000065490603,5.684137833551134
0.0,2.134432606318593
0.0,0.5352687528027047
0.0,0.3106992357859228
0.0,0.25801759348662384
0.0,0.23719078908525845
0.0,0.26496897460244595
0.0,0.392215060405235
0.0,0.3864014632772438
0.0,0.36831711980698395
0.0,0.43294173838559624
0.0,0.5828440887306441
0.0,0.8889932054433094
3.202000019401312,1.8627970405182879
16.962999544143678,9.153011667606563
31.150999381542206,22.588457833365904
42.39199955701828,34.908169928123904
48.5270001077652,41.09618863928823
36.3989985871315,39.25739001166516
15.172000201940536,31.398830372644056
6.096999939680099,21.21683126758015
1.7750000240653754,12.678726472105463
1.2800000097602606,6.312205613955504
0.0380000012926757,3.148930973225798
0.0,1.5110023260669567
0.0,0.7072806737125418
0.0,0.3901431957371729
0.0,0.3201681359247659
0.0,0.30426091392361565
0.0,0.31539363337056386
0.0,0.39319188052606713
0.0,0.2914803334807963
0.0,0.2492538300152777
0.0,0.21965514775634346
0.0,0.2597894532295911
0.0,0.3605764938386239
0.0,0.5770063730572615
4.128999980837107,1.6935717120934546
18.381000941991807,10.757893217292795
34.962998197078704,27.275056073109962
48.78200123548508,42.25424944481692
56.433998668193816,51.87450482322134
58.59200039863587,56.19478804001726
57.72399833202362,56.23186151075948
52.852998216152194,53.14762467694038
42.59699869155884,45.65227948265779
25.30699999690056,29.199852994237524
9.776999983787537,13.934722520790114
0.7710000304505229,5.526286265398466
0.0,1.988614280244387
0.0,0.4782627022929829
0.0,0.2772488439162255
0.0,0.2380325705658359
0.0,0.2250043772478795
0.0,0.2547112084106333
0.0,0.31172221599050876
0.0,0.2700760897049848
0.0,0.24037167815078112
0.0,0.2814107493612177
0.0,0.3864827073768299
0.0,0.609469770101747
4.383000051975251,1.7519233136401415
16.841999814510345,10.713150846320532
32.45500100016594,27.060314169997824
45.51799912452698,41.74963680474827
52.47300032138825,51.020143378118014
57.19300033330917,54.97622202888432
52.264998273849486,54.81904201223735
47.53799831151962,51.047910646942896
35.59800132751465,42.82020533067124
25.63599972009659,26.96721933970324
9.410999935865403,13.289236011915548
0.5919999964907765,5.453167319778044
0.0,1.9825443355683503
0.0,0.4955344128330116
0.0,0.29482543388486504
0.0,0.2571815817966217
0.0,0.24590968876267666
0.0,0.2805955544115363
0.0,0.2906358708347179
0.0,0.2565221639236491
0.0,0.2285854504382372
0.0,0.26321864198755385
0.0,0.3491661498078503
0.0,0.5304537708269951
2.8959999498724938,1.5374456402997652
16.606000019311907,9.056477005433695
34.08700000166893,23.75745368214251
46.44200079441071,37.985115423317374
47.78399891614914,48.135034821318726
54.73699954032898,53.277659613090776
51.65999962568283,54.24516665083394
44.93600090026855,51.811661342547694
42.47300015687943,44.92843448014403
25.59299973130226,29.320667617842663
9.713000143766404,14.82273796147958
0.7239999874681234,6.146942061675695
0.0,2.250645765270136
0.0,0.5388878813383382
0.0,0.3102885979897697
0.0,0.2614648958896547
0.0,0.24256941371961804
0.0,0.26829201169418576
0.0,0.33434555423456797
0.0,0.31246654325883383
0.0,0.2793635556526257
0.0,0.312214834792513
0.0,0.4012623228455405
0.0,0.578915353641966
1.398999936953187,1.2917557559145374
11.690999628305436,6.456181525288567
22.92900099873543,17.49284187361836
28.653000940084457,28.945043594128958
29.34399956583977,37.06968675812996
33.81399988174439,40.13496509229365
35.19200009584427,39.18442364266018
31.44100026130676,34.55912438782382
24.62100074887276,26.013210079007543
16.540999892950058,14.363032055979465
5.11500014781952,7.067936195818988
0.0449999998416751,3.1210849367137308
0.0,1.2950784912830922
0.0,0.48320063371491495
0.0,0.33221905060733803
0.0,0.28859234508888476
0.0,0.2738939049729864
0.0,0.3240808511510357
0.0,0.2988735797265514
0.0,0.2661389979280512
0.0,0.24064321486448262
0.0,0.28840300871214647
0.0,0.4024958173485557
0.0,0.6458014052370172
3.925999878495932,1.764116858541073
19.09199913263321,9.992491910340854
34.018999016284944,25.4464001941853
45.99300162792206,40.08202687988638
53.61899983167648,49.782105966812956
57.04800194740296,54.17053155361105
55.27699806213379,54.32998099240456
50.676999547481536,50.55726409212731
41.93899924516678,41.824122518028545
25.441999627351763,25.089722655170917
5.752000256478786,11.692729722034091
0.2230000042077154,4.660383545716877
0.0,1.7068914839280647
0.0,0.4349917591312441
0.0,0.2689319168425085
0.0,0.24174931568589803
0.0,0.23491871598262196
0.0,0.2663392465326482
0.0,0.2962231698206319
0.0,0.2565143219225235
0.0,0.22923011858946532
0.0,0.271809249014061
0.0,0.37900295472343615
0.0,0.6129691637814398
4.498999890387059,1.7892763108579612
18.43000059485436,10.663250962194239
34.47899927854538,26.79964695222405
46.61200017690658,41.69709746056144
54.39900134801865,51.49579577902078
52.89600025892258,55.981466972965535
53.88699851989746,56.30119322866306
45.69100142002106,53.26316596373644
42.696998569965366,45.686267773554
26.12199921131134,29.29236347203811
10.33999995648861,14.27882417157738
0.8339999692514539,5.736454643127445
0.0,2.039926765842501
0.0,0.47504982084499603
0.0,0.27921776840635754
0.0,0.2451653371490749
0.0,0.23390383310424792
0.0,0.26137118262517756
0.0,0.30255333835353815
0.0,0.2703795646306153
0.0,0.24446373896613935
0.0,0.2997752923479569
0.0,0.4270439920691947
0.0,0.6875634337464331
2.165999913215637,1.819883800802513
19.091000900268558,10.290129669284585
33.39599932193756,26.041715572341708
44.1110008764267,40.77343198621209
50.73799852848053,50.33456906486954
56.44099861860276,54.60060368070243
56.2729998087883,54.72689937574388
50.895998582839965,50.6808541808764
39.47700084209442,41.38798530658225
20.32799976587296,24.283972544044843
9.448999519944191,10.923562020318885
1.452999994531274,4.262130893310034
0.0,1.5558494574328046
0.0,0.4009044217926617
0.0,0.25201547532809077
0.0,0.22985091315449438
0.0,0.22599041409100185
0.0,0.2600255928982769
0.0,0.34207820380052884
0.0,0.29979565982871337
0.0,0.2514984386640482
0.0,0.26793102613104064
0.0,0.32626260587415673
0.0,0.43574213623483404
2.1040000040084124,0.9857694164477595
9.336000027060509,4.773204701357821
13.276999835968018,13.409293406676817
25.240999584198,22.390916824014354
26.491000118255617,30.013767643064746
31.6399997317791,35.27141850951408
28.301000792980197,38.207238102468914
34.769000158309936,40.12932174173282
38.78799868106842,37.19980039889122
24.097000646591187,25.56231382964761
8.0099998113513,13.685639451620995
0.6320000248774886,5.916800421159108
0.0,2.437723219414673
0.0,0.7589408932714546
0.0,0.4524857808571118
0.0,0.33989600202738934
0.0,0.28217639042062514
0.0,0.33213657439371425
0.0,0.31930670354554996
0.0,0.27529587407627315
0.0,0.2456313832746797
0.0,0.290683926661882
0.0,0.4076303267101831
0.0,0.6593626194150402
3.3410000249743463,1.918039535300317
18.31899962067604,11.296904541025418
35.69800120592117,27.85839284419524
47.40600159406662,42.67098254438695
54.1830011177063,52.185581812012714
54.62500033378601,56.384771810302965
54.34499820947647,56.59801497358879
52.28000051498413,53.40504157595125
42.56399951219559,45.70902699842442
26.3959996175766,29.64251551300741
10.689999530911448,14.803966739525917
0.9030000214278698,6.039570886078155
0.0,2.133743090791133
0.0,0.48474725747938296
0.0,0.286783788891612
0.0,0.2545091834233159
0.0,0.24401007654582957
0.0,0.2765708181491753
0.0,0.28249030338491843
0.0,0.24952344615078928
0.0,0.2234274979045482
0.0,0.25845809135352316
0.0,0.34933340986388745
0.0129999995976686,0.5500578331314596
4.410000080764294,1.6865287691212687
18.8330009675026,10.035744559585615
36.207999353408816,25.73841851770635
49.082999103069305,40.6104998184906
56.34400165319443,51.095662540869796
58.345999794006346,56.083750639712036
55.95099798202515,56.66765648592424
49.63500106096268,54.271967235516236
39.87000040531159,47.479749896623986
25.05200092315674,31.15624949104148
10.38400023162365,15.341479187706456
0.9539999902248384,6.283483064023492
0.0,2.2706047489462193
0.0,0.5141560575515788
0.0,0.290690448966892
0.0,0.24839968782978283
0.0,0.23197322902229106
0.0,0.25671070635102805
0.0,0.32496948258725894
0.0,0.26982641384121225
0.0,0.23614230387050889
0.0,0.2833651017875029
0.0,0.4075769507901543
0.0439999983296729,0.6663564577812224
5.635000131726265,1.9531698926153362
19.242001004219052,12.27455913310843
36.91100141525269,29.655050178187594
50.33799901485443,44.72469740889284
57.46099902153015,54.01697242357784
59.70300015687943,58.012588022046614
58.00699926137924,57.99518733506628
52.64200147151947,54.89403471302614
42.26199930429459,47.2995384219835
26.120000692605974,30.90845409799504
10.571000373959542,15.077048625126592
1.070000021196902,5.989363556495701
0.0,2.0713145980341983
0.0,0.4668789398275063
0.0,0.27456303438388985
0.0,0.24160129416843612
0.0,0.23198571830796688
0.0,0.26273122548252925
0.0,0.40369194982853657
0.0,0.3569513684909347
0.0,0.2916643628836828
0.0,0.3052452829410861
0.0,0.35875044765132785
0.0,0.4483132029501092
1.7519999852776529,0.8646710884409257
5.4569999989867215,3.706901595290694
5.789999840557575,10.424338895257332
6.417000166773796,17.515794071097925
9.0149995136261,23.24642020605079
19.696999834775927,27.329552461560812
44.0629994559288,30.92223268216229
42.25999873161316,34.07567974146552
23.73599997639656,31.979298802981386
21.991999714374543,21.473492720075846
8.799999569654466,10.819095155542085
0.1629999937210232,4.549600570065227
0.0,1.9497095360159693
0.0,0.6894524657335972
0.0,0.45348215596910135
0.0,0.3592265119011592
0.0,0.3019456218420555
0.0,0.3566840700991312
0.0,0.34295152276117585
0.0,0.28443475400400675
0.0,0.24434473229713796
0.0,0.28124523315376304
0.0,0.38702997880125223
0.0,0.6105785886420241
2.2029999811947345,1.7156384498777797
19.06700019001961,9.867160219881335
33.9450004208088,24.729405969764997
34.36399921298027,38.99828121344111
37.307998015880585,49.06534217385405
58.91999983549118,54.16531627754305
59.08299926757813,55.182269827485236
53.58199950695038,52.63959335315291
43.28300204753876,45.76569942604285
26.80200084924698,31.00037891267607
10.969999601244927,16.359604697378025
0.9949999840185046,6.844705907891403
0.0,2.3930944147671784
0.0,0.5382484714461864
0.0,0.311144983701058
0.0,0.2651887976830602
0.0,0.25167692579974743
0.0,0.28977961571309674
0.0,0.3263370494994031
0.0,0.2879461298384113
0.0,0.26009793172718004
0.0,0.31759618042089816
0.0,0.4628239494186265
0.1009999962570145,0.772541194108216
6.178999798893929,2.056793121199012
19.624999758005146,11.342785919115576
32.94700015544891,27.643820222831838
36.19600002527237,42.40732216690358
48.48099925994873,51.72385592535428
55.86199919939041,55.60623162258536
53.43799935340881,55.39304207578796
44.51300096273423,50.889230083020365
35.67799958705902,41.01012782487556
16.03700038254261,23.9329071251842
5.192999888658524,10.909575084807546
0.5139999989047647,4.330697709098915
0.0,1.5467885188024142
0.0,0.39681230675425255
0.0,0.2509034369750524
0.0,0.23208893557886945
0.0,0.23028257413475078
0.0,0.26849529694715335
0.0,0.2995497266630204
0.0,0.2675313493784295
0.0,0.24278840064662993
0.0,0.2992081214657803
0.0,0.43603079927644467
0.0129999995976686,0.7245197927360809
5.909000024497509,2.0050125295399854
18.057000596523284,11.66111136405968
34.04000092148781,28.5456514748287
45.47700176239014,43.379716376516
51.99400078058243,52.74094372184636
52.75900005578995,56.65945345259791
49.44700063228607,56.360511458423424
45.205001928806304,52.421698965425946
32.90700102567673,43.397224515124435
19.944000725746157,25.89792808148866
4.760000168681144,11.756857048706213
0.2189999981597066,4.5790767081662045
0.0,1.6389831562699908
0.0,0.40682775774442936
0.0,0.25174029497383577
0.0,0.23000290461222642
0.0,0.2273576687599593
0.0,0.26210044170907354
0.0,0.31512207716297064
0.0,0.27616822029378213
0.0,0.2323157105901748
0.0,0.2512969842712569
0.0,0.3129013548449404
0.0,0.43735256628232094
0.8869999972358347,1.0940426077785341
10.01900047004223,5.402093469449539
21.122999415397643,14.858771865727984
29.852999480962755,25.014926616414854
33.02800075531006,34.61414917521384
40.00900118112564,41.76542581978025
46.8530014038086,45.42892252758245
50.16300025463104,46.762259155605264
33.74099951863289,42.930415692812886
25.669000953435894,29.399426757083454
6.851999945938587,15.191831685164622
0.801000019647181,6.421572223582017
0.0,2.517192074530545
0.0,0.690959581741972
0.0,0.3946792531746319
0.0,0.2997539965077588
0.0,0.2543502635223553
0.0,0.2983206165677257
0.0,0.33667322703575864
0.0,0.28117252300833867
0.0,0.24622316575620384
0.0,0.29495214532308295
0.0,0.42486484342080544
0.3700000058300793,0.6895298038504476
8.248000179231168,2.02661007496089
23.537000505924222,12.810048728747567
40.64800134897232,30.676745406883576
52.43599999666214,45.37915732761023
58.87399898767472,54.23141622450115
61.71100001573563,57.99548771265961
59.47799940347672,57.95132299271866
53.94100165843964,55.05590186325904
43.463000185489655,47.948803792269274
27.576000647544863,32.08582893723239
11.260999740362168,15.979780858526683
1.0590000165998936,6.357777979450473
0.0,2.198285709096755
0.0,0.48311459378656674
0.0,0.28214233439437486
0.0,0.24789513392793305
0.0,0.23621211128645175
0.0,0.27145192743018914
0.0,0.34898000643449484
0.0,0.29551951743735316
0.0,0.25991359892915333
0.0,0.301876917886924
0.0,0.422049840252442
0.181999994367361,0.6696785660999424
3.778999892920256,1.910514963471312
19.7480000603199,11.201877766923959
36.962001640796665,27.343218998900994
47.84600023746491,41.602031496049065
42.675000486373904,50.902308505916025
59.87999948978424,55.31221436347014
57.66400169134141,55.8180578837054
51.11100058078766,53.15441381993663
43.45399966239929,46.406495530400235
27.396000455617905,31.596074793159385
11.786000128984451,16.625984940974707
1.4249999361485244,6.832284913916466
0.0,2.374717267500847
0.0,0.5361327950553527
0.0,0.3142774282916776
0.0,0.2723703477009859
0.0,0.2582789405862691
0.0,0.2953473228867952
0.0,0.2972369846184529
0.0,0.2545499038326164
0.0,0.22317273746690808
0.0,0.26015965273289055
0.0,0.3582887813678069
0.0,0.5730691095124572
3.867999959290028,1.757884241703762
13.813999552726743,10.526303591049858
30.53200083255768,26.435618412620876
49.370001177787785,41.330720281805576
58.99100167989731,51.665010126036385
61.84899845123291,56.74736790083861
60.0560005903244,57.69509452213879
54.67899936437607,55.49269134611421
44.42500041246414,49.1146532672397
27.79700025558472,33.575993898774485
11.984999599456788,17.3210425058708
1.481999954134226,7.153611597216694
0.0,2.499685910039248
0.0,0.5300741766209298
0.0,0.29543524011902544
0.0,0.2518204088687085
0.0,0.23859003220272001
0.0,0.2648294158969771
0.0,0.28873357332322236
0.0,0.25225366361505713
0.0,0.2280392432710263
0.0,0.27322689330990674
0.0,0.39247527602511784
0.4440000134147703,0.6555300304141445
8.70299952328205,2.0834332021383024
23.69999993801117,12.965493057210054
40.3970013666153,31.006318632439612
51.164001379013065,45.81494006278087
57.409998795986176,54.92843895969786
59.79100070714951,58.90473003081745
57.87499843597412,59.11387884365996
53.014999415874485,56.66060014577888
42.75899989128113,50.28730604815741
27.294000004529952,34.5015656991033
11.25099995791912,17.658956360235774
1.4999999733269216,7.121537842756659
0.0,2.429064654511532
0.0,0.5046636110792544
0.0,0.28568684918650683
0.0,0.25183839444034
0.0,0.24002053649838664
0.0,0.2638317039965423
0.0,0.3154003640540916
0.0,0.26155906843424975
0.0,0.230289347582042
0.0,0.27910663263720253
0.0,0.4132448788567079
0.4129999946244061,0.7089424311618545
8.544000209569932,2.209502184723193
23.43100096344948,13.988506632992719
40.32399894952774,32.252713234067514
52.4610009932518,47.03171524623884
58.69999845981598,55.92673248575352
60.3869988322258,59.61582120318673
57.29099963903428,59.565247313084384
50.73999910116196,56.89673773911896
42.25299878120423,50.20768350752312
26.330999491214754,34.483275971812546
11.31399951159954,17.722353106586873
1.4339999457448722,7.134898530252627
0.0,2.371554763983548
0.0,0.4878548638352919
0.0,0.2765155043469561
0.0,0.24460239816553234
0.0,0.23527235037594385
0.0,0.26578845692587955
0.0,0.3551296295409321
0.0,0.28926767122730057
0.0,0.2539222001599506
0.0,0.3138072962644329
0.0,0.4743503557547091
0.4649999930150807,0.8062989923938368
8.832999776005746,2.3294251214012416
23.57900020837784,14.34151676002157
39.53300044536591,32.83246261134693
50.27200065612793,47.6803178396095
56.05900015115738,56.18875617706205
57.55199837684631,59.4554553647097
54.9299993467331,59.0997021841395
49.67000081300736,55.67087412918516
40.307998476028445,47.60095095295928
24.528999053239826,31.04761555938734
10.424000388383863,15.2773623065811
1.120000024586916,6.069408368119707
0.0,2.0476689645338695
0.0,0.4391816722796238
0.0,0.2624097348695876
0.0,0.23937013951847652
0.0,0.23533505003381627
0.0,0.2724570892164053
0.0,0.4768832286344162
0.0,0.4381513415744131
0.0,0.3637980761149616
0.0,0.3683896646193081
0.0,0.436310757799773
0.0,0.5546635918937008
1.438999965339899,0.9618475748918646
8.1609999153018,3.7992509993666914
13.793999987840651,10.111820605024723
15.983000324964523,16.361601123109057
17.537999871969223,20.58269284984496
19.94799981713295,21.939252578721835
26.59900023341179,22.874532844319173
32.09799942135811,23.27744837051541
23.904000840187077,20.134560716390055
8.95499979197979,13.119951344482464
1.2500000205636024,7.151056066936363
0.0439999983296729,3.3117915507153515
0.0,1.4835942544764247
0.0,0.6419709188637438
0.0,0.47342856470702993
0.0,0.39878023614744695
0.0,0.3536064070636278
0.0,0.4494250208050682
0.0,0.32943671162526933
0.0,0.2704096281952521
0.0,0.2369551486506638
0.0,0.28052069684397046
0.0,0.40350198756024386
0.0,0.6744557584052014
0.2329999952577054,2.0822350694094225
9.473000230193138,12.76289484582851
24.963000086545943,30.14554582276927
41.63199965953827,45.15055860742162
53.91600066184998,54.596492032777206
60.57900040626526,58.78207705431121
63.71999810695648,59.109554799582014
61.85599840164185,56.54397796712794
56.12400027751923,49.812599514409875
45.61900134325028,34.206054519344875
28.512999877929687,17.854849843905804
12.479000354409218,7.332799570852323
1.6970000264793634,2.471140679153622
0.0,0.5027900648567343
0.0,0.2856351624855714
0.0,0.25179480802227344
0.0,0.24127965135149596
0.0,0.2704581955626366
0.0,0.36743047446934474
0.0,0.32486876643471935
0.0,0.2784699331731687
0.0,0.3144825484546459
0.0,0.42416547572329816
0.0,0.6367991031044291
0.0380000012926757,1.4674612931830358
1.6209999597072602,7.856921312812933
4.828000127077103,20.36358447368033
16.65700024485588,33.066551498732935
38.51700118780136,42.06030054545259
52.482999076843264,45.63630952261845
44.3970006108284,44.712535123865464
36.737999119758605,38.97511063072141
38.8229984331131,28.99113368472499
18.70400100111961,16.647696208754237
13.074000247120855,8.312089264003507
5.972000091671944,3.608182626898559
0.6049999960884452,1.3874723417821144
0.0,0.46029982533348834
0.0,0.30630121276231614
0.0,0.26426581680968475
0.0,0.2604804779174301
0.0,0.32308369279763055
0.0,0.3381180099965305
0.0,0.2774126516722433
0.0,0.2273522529646669
0.0,0.2509682040055664
0.0,0.325119497334305
0.0,0.4716045175550959
0.333999999538064,1.2387731964175437
5.052999853491784,6.524575719436795
8.542999923229218,17.5198997819035
22.62399993181229,29.432819916095482
44.92799860954285,40.10219469027501
50.82900199174881,47.547275159277845
45.489001090526585,50.93057943931072
58.62400134563446,51.04292212576014
55.25499997854233,46.51272353645813
45.11599903821946,33.1643689042675
26.51699934720993,17.959137686836648
12.239000440835952,7.71058520166509
1.738999985679984,2.846165332435272
0.0,0.6680385612053918
0.0,0.36639346553462904
0.0,0.2801408554652749
0.0,0.2466376425890794
0.0,0.28833738947501836
0.0,0.3220952078662069
0.0,0.26459927115653037
0.0,0.23318425190845976
0.0,0.28227892987890546
0.0,0.4129652886622275
0.0,0.6921376590250355
0.8290000138431788,2.0857995180931237
10.876999673247338,12.752125256792139
25.94600016474724,30.23506242029473
41.43600104808807,45.22623603974475
51.775001745224,54.46950500779552
57.72399833202362,58.482434346998545
60.27900077104569,58.69252502890836
58.44399909973145,55.888701730795745
53.08400068759919,48.86839497127995
43.80499952316284,33.39322982322972
27.363999508619308,17.511470369975886
11.661000280976296,7.213162275418945
1.6569999980926513,2.3979906457512534
0.0,0.49294488788638957
0.0,0.28442175421979854
0.0,0.25264725042619723
0.0,0.24417003332760134
0.0,0.27194733532210114
0.0,0.4856954292390142
0.0,0.4558696630997614
0.0,0.37198889028651816
0.0,0.3558627505064295
0.0,0.3964133365543517
0.0,0.47459028504223666
0.0320000002440065,0.7133019937536639
0.1730000008177012,2.459616555908859
1.0420000270009042,6.453884649302214
4.276999996006489,10.090942601564523
5.979000042080879,12.140155284365607
5.167000146210194,12.062588096817855
9.544000020623209,12.048478905833022
8.845000131130218,13.363961029040059
10.31300044119358,12.618040779583419
11.617000005841255,8.89619977105545
9.446999974250794,5.146408989438946
3.855000088065863,2.630884019681199
2.0939999648183583,1.4683749253942493
0.0,0.8625534692303013
0.0,0.6926744744200309
0.0,0.5948471393737591
0.0,0.4886010233026077
0.0,0.5369567875886785
0.0,0.5490917202829451
0.0,0.5171642244235733
0.0,0.4645746476974648
0.0,0.5124970036991507
0.0,0.6900835200209416
0.0,1.0052812697102036
1.13000006377697,1.7777776339072688
11.628000074625016,6.565688411525843
27.7999990606308,16.149894865600128
38.626999821662906,24.218230892246893
17.18599972486496,27.485093179839353
16.662999908924103,25.559159732298525
12.433999792933465,22.136668259576307
7.312000208199024,19.363512147644542
14.735000363588334,15.613196133120328
19.72100054502487,10.496601539509655
17.87399954557419,6.00114321133449
9.878000148534776,2.8254151491784505
3.087999983429909,1.2688403128608992
0.0,0.6375792709397023
0.0,0.516461316095758
0.0,0.45136819352844115
0.0,0.42827784963257587
0.0,0.5568187061067409
0.0,0.3176296771886138
0.0,0.26676068133745107
0.0,0.23706001809057997
0.0,0.2824320776192606
0.0,0.4071577178173877
0.0,0.685650392718286
1.090000035390258,2.129734760042859
11.56899961233139,13.029767702738503
26.97799989581108,30.818223141565323
43.10099922895432,45.705783808822915
53.65399958372116,54.824151461518504
59.429997982978826,58.719884709094096
51.87899866104126,58.89508885429555
51.32900138378143,56.093880744846835
55.53699856758118,49.136702742351716
45.22499943971634,33.440663833683125
28.79899961233139,17.429952286273572
12.65500042796135,7.183803509318163
1.8540000512450932,2.42043489873546
0.0,0.4963409441988697
0.0,0.2833019594196919
0.0,0.2525278817586376
0.0,0.24394874884983697
0.0,0.2733327731934747
0.0,0.3066931143175516
0.0,0.26077408468303376
0.0,0.2265940391378453
0.0,0.25912531365881103
0.0,0.34928300474457247
0.0,0.5429341567707198
0.3119999903440476,1.6562847032322212
8.253000070452691,9.533417948559899
17.193999961614608,24.278394168842212
32.9459998691082,38.838042982872146
51.40199969291688,49.80209923399597
54.94899862527848,55.607088076081894
60.09899852514267,57.118059779899355
61.327000975608826,55.393837246043745
55.30199905872345,49.52462198779574
44.89700000286103,34.781168164158466
28.79099937558174,18.808821116178297
12.595999965667724,8.033353461093185
2.003999997228384,2.805375755383666
0.0,0.5780621873768587
0.0,0.3161827036708525
0.0,0.26365888754929295
0.0,0.2466895857045977
0.0,0.272574400113403
0.0,0.3027903498394586
0.0,0.2611685996071839
0.0,0.23426487508281932
0.0,0.2770621823592565
0.0,0.3935900288172218
0.0,0.6467783290154416
1.3640000565350057,2.067651761874928
11.765999537110329,12.63262984355664
27.17500084757805,30.12647037687762
42.85199981927872,45.115755645813174
53.26199825286865,54.67241181557691
59.377001292705536,58.90935155392621
61.055001142025,59.30978700984848
59.30800002098084,56.89476240854451
53.97400083780289,50.48205577388761
44.36299909114837,35.07503354576197
28.12700026512146,18.519525222445747
12.095999546647072,7.688515775478819
1.867000050842762,2.599165920796034
0.0,0.527248188333726
0.0,0.29756350607869264
0.0,0.2613942751444203
0.0,0.2500303513939819
0.0,0.2715171349640386
0.0,0.3191502539537185
0.0,0.2719085501855031
0.0,0.24377501662089468
0.0,0.3016931045284523
0.0,0.45973863304088675
0.0,0.8084242585489002
1.1789999733865262,2.4225818854648797
11.15500019788742,14.576924260991701
25.40900044798851,33.156427303156185
38.24599958658219,47.88201523579294
51.57500198841095,56.45655952274973
57.65000179052353,59.855753469097074
59.59100095033646,59.641113212144134
56.84900042295456,56.485848111746726
50.62199817657471,48.79255311251829
37.94899875640869,31.880575517973707
26.548000007867813,15.547333871444366
9.631000284552574,6.097196416744632
1.6159999401122331,2.03573403921888
0.0,0.43291006132111126
0.0,0.25647119712602956
0.0,0.23570336755865773
0.0,0.2323941969361615
0.0,0.2638463558837531
0.0,0.4015986231585934
0.0,0.3309132629085077
0.0,0.2856646633359997
0.0,0.32909095587832937
0.0,0.4652005977403066
0.0,0.7400813291757024
0.5900000014901161,1.992288664715068
11.195000354647636,11.041597913618098
26.45100098848343,26.58367686133761
37.02300062179565,40.32434319423124
51.3060009598732,49.45731492471754
55.64500073671341,53.762108335973
48.31099987745285,54.28316496191095
43.195999729633336,51.53781388141219
42.53300090551377,44.947548492012984
37.80999798059464,31.4859229057565
25.709000083208085,17.766427749211847
11.521000245809557,7.585843381354317
2.076999975219369,2.5473809079813545
0.0,0.5693423416950825
0.0,0.3393052424690215
0.0,0.2935269767886136
0.0,0.2821527534626328
0.0,0.3331218387458038
0.0,0.354133035198997
0.0,0.28423086715546836
0.0,0.23477932136293675
0.0,0.26112777447398916
0.0,0.3473635931896179
0.0,0.5241095293752496
0.0499999993783421,1.4585049482300296
2.892000088244677,7.9939224738803265
12.02099963784218,20.61606499253839
32.146000841856,33.80239220055924
44.62500016927719,44.80170302401595
48.00299795150757,51.55220480206429
50.45800051212311,54.00695691488416
57.73600176811218,52.967243643942076
53.90099842071533,47.72600601074372
43.65699822425842,34.54445887948561
28.107000700235368,19.760677664210924
12.364000288844109,8.79484229531683
1.875000030845404,3.1127898902831483
0.0,0.6702801125938554
0.0,0.36226794469940704
0.0,0.28457828669150576
0.0,0.25914330068717295
0.0,0.2997833919430044
0.0,0.35055108243532557
0.0,0.28831167088105303
0.0,0.24041043762047928
0.0,0.268054313322118
0.0,0.3574981975413866
0.0,0.53570418736387
0.2149999921116978,1.4473082987487436
10.522999980449676,7.760144085146408
22.55600100040436,20.13274539568372
33.35700047850609,32.841317669814735
49.02400069475174,43.48867347861687
55.38900137662888,50.10140845510948
58.46200014591217,52.5801937114073
55.96399965047837,51.876525888244686
49.12999818325043,46.89880503554772
40.26000116348267,33.839504830629636
25.088999193906783,19.106217020261305
10.004999542236328,8.365718336906031
1.7739999944716691,2.968858938891174
0.0,0.6592597798157381
0.0,0.36390184277710474
0.0,0.2871803231630515
0.0,0.2588812539422447
0.0,0.3011740402399412
0.0,0.3736233867096139
0.0,0.3095696531574612
0.0,0.2752607932151273
0.0,0.3331039607708763
0.0,0.5002726115702661
0.0,0.8608344220729449
1.5710000205039978,2.449864408759455
10.664999561309816,14.148416942568975
24.36100024342537,32.11025692785198
41.47600017786026,46.70700532132523
51.57199907541275,55.269169014972356
57.07099826335907,58.56892464033665
58.67100042581559,58.15415322385457
56.60900153636933,54.210965297509006
53.044001557827,45.495673645510784
43.91100111961365,29.303512987467116
28.13099935650825,15.04143895932067
11.630999906659127,6.201479428200879
1.7469999656826258,2.086688672661917
0.0,0.457894794515882
0.0,0.2789785098320933
0.0,0.25725018269691086
0.0,0.2546524040345583
0.0,0.2965439772777271
0.0,0.5129278128282408
0.0,0.48970350806110435
0.0,0.4257721052292974
0.0,0.44661856419607304
0.0,0.5604564164916199
0.0,0.7626225307081874
0.6929999686777591,1.2659670669089111
7.941999852955342,4.610814822129111
20.560000469684603,11.615821678901494
33.03899979710579,17.96992536702505
20.63399906516075,20.91208126885837
9.28399951517582,19.3074368039363
7.591999765038491,16.99763478829226
7.053999761939049,15.024316359976222
5.6859998437762265,11.84578024507457
12.876000036001203,7.940253656496441
13.149000155925751,4.666286478049124
5.825999878942967,2.3483759330184966
1.2850000293552877,1.1398917123776182
0.0,0.6146448653856138
0.0,0.5026199187307983
0.0,0.44261054972604463
0.0,0.41319258067436665
0.0,0.529657172345982
0.0,0.5375142273906378
0.0,0.47303785348561306
0.0,0.38710173003992265
0.0,0.3849016666908488
0.0,0.4644847670616159
0.0,0.5967036235758841
0.962999999821186,0.999856120369573
9.829000495672226,3.9456947802411344
24.478000881671907,10.285692371580433
29.62199906349182,16.00396375857815
25.89199908018112,19.40113533839235
6.098999998867512,19.817777311366374
17.213999526500704,19.807095544932196
20.655000970363616,20.717245227724295
12.812000195980072,19.408768864876127
24.616999603509903,15.019011394089551
24.958000708818435,9.54616776801486
13.877000133395196,4.837144074626279
2.6429999083280564,2.3122682811271864
0.0,1.072860292211098
0.0,0.7580146054998652
0.0,0.5626854861892652
0.0,0.4592943937315869
0.0,0.5618723544382046
0.0,0.3773157547212658
0.0,0.30558504460079805
0.0,0.256276614982604
0.0,0.2898170777393698
0.0,0.4046118777793056
0.0,0.6487216260550305
0.5970000160858036,1.781222717582119
8.029999889731407,10.124908827906015
27.79200087785721,24.810300995037416
32.90700102567673,38.34382084645209
52.88799796819687,47.98502778277447
61.96800171613693,53.06356394101175
59.470001220703125,54.1482224498136
52.31500026702881,51.828003879521326
48.21799994945526,45.455490691747485
38.513000042438506,31.943088729589096
24.03200052022934,17.996229388101895
10.529999930858612,7.767447681716296
3.043999965041876,2.63244038265865
0.0,0.5868858236065814
0.0,0.334713122530809
0.0,0.2778253366115899
0.0,0.2630758508196696
0.0,0.3145890535208488
0.0,0.37872960341009676
0.0,0.30188666574347145
0.0,0.2582308402490901
0.0,0.29829405345219784
0.0,0.42479111347998255
0.0,0.6911793767869792
1.5750000105053186,2.0343055825376903
12.55100043118,11.798308540875237
27.542999414205557,27.883243336577046
42.131999051570894,42.13897069180268
54.127001514434816,51.7792157488659
60.19199845314026,56.50343807337932
62.59600078821183,57.40319492465416
62.04599940299988,55.34875959331485
55.8070019364357,49.67823996379799
45.801998286247255,36.59723528670619
29.865000863075256,21.505803221077084
13.458000314235688,9.434950091011432
2.6060000970959663,3.103583127258486
0.0,0.6053596498191778
0.0,0.33741660810967444
0.0,0.2871780806669153
0.0,0.27065647457581626
0.0,0.30863367921070645
0.0,0.3397882639939674
0.0,0.2840241939073194
0.0,0.24762263458777595
0.0,0.28382624886126656
0.0,0.3968250221740405
0.0,0.6478316391363663
1.8880000304430724,1.9457955243462515
12.579000232815742,11.094146838331138
28.122000887393952,26.836109854209177
42.93000161409378,41.12288897970964
52.6939999294281,51.23694413626249
57.88500129938126,56.1916778373156
59.0199997138977,57.03199423037379
54.71899849414826,55.064549612297874
50.16599905967713,49.33844108782906
39.22100148200989,35.3773454679012
24.42199922442436,19.848899164237345
10.74600016117096,8.547272670443128
1.8270000224560496,2.864318356788419
0.0,0.5775373565439952
0.0,0.3212946834800121
0.0,0.27359957534771184
0.0,0.25729806102564157
0.0,0.29148453096430205
0.0,0.42766480597785655
0.0,0.37598242874548066
0.0,0.3314624145844694
0.0,0.3924498243122376
0.0,0.5804989445659694
0.0,0.9508087128047626
1.494000052511692,2.153638600270216
11.00100026190281,10.69474306603248
18.656999866962437,25.30005838730729
31.45999953985214,38.549574192697925
46.68600082635879,46.75248233602873
52.65400079965592,49.193068213323194
39.21299919128418,47.15946825302819
48.66800145626068,39.41291503950279
40.71300147533417,28.056841663716988
23.86399965643883,16.188635760043283
10.751999825239182,8.328553217275878
6.7819999283552175,3.5625525183392854
0.740999977067113,1.2431174974483685
0.0,0.40670227315514523
0.0,0.28590706045873343
0.0,0.2628790737143421
0.0,0.2726390859295342
0.0,0.3505020545940138
0.0,0.4008006696057635
0.0,0.3203497064027217
0.0,0.2744343253741413
0.0,0.31363022844606814
0.0,0.45047852843661895
0.0,0.7473247010969736
0.721999992467463,2.137838269613131
13.254000439047816,12.570642927850589
29.576000269651413,29.245198900525985
44.68500091791153,43.387837356941844
55.294999108314514,52.370971384044715
61.85799897432327,56.25770694007995
64.00200080394745,56.23725640486147
60.58800092935562,52.8413314963807
52.5910012459755,45.45702013723953
38.03699930667877,31.754937875108688
27.257999966144563,18.222153488410118
13.608000131845474,7.995349049550493
2.754000112265349,2.615408588233058
0.0,0.5705717578509989
0.0,0.33219455069269566
0.0,0.2873465233854723
0.0,0.275725190713302
0.0,0.3248531483412204
0.0,0.3923283045450752
0.0,0.31237548966682277
0.0,0.2498456928184008
0.0,0.26962243882101705
0.0,0.3512404119358869
0.0,0.5103325500122469
1.2839999997615814,1.302885714601979
5.289999935030937,6.754245465132542
15.754999739527705,17.593350200694932
33.881000580787656,29.006745553757113
26.92799995660782,39.12690839406795
47.262001440525054,46.32709554720868
58.02799911260605,49.879012730376104
61.31899868488312,49.88296165552962
55.34300052881241,45.149650212029584
43.58399991512299,32.48818244287496
29.573999696969988,18.367948764009338
13.594999490380289,8.171956336268309
2.852999961078167,2.971654623183239
0.0129999995976686,0.703330839542677
0.0,0.3888755304976194
0.0,0.29545064921778663
0.0,0.2607278272137517
0.0,0.31423300456493963
0.0,0.38375812786365915
0.0,0.3080819498390003
0.0,0.2557339343922838
0.0,0.2828352250527035
0.0,0.37673212442010207
0.0,0.5596138233629753
1.979000027626753,1.5276684498916742
6.78399998754263,8.339495382664598
17.069000113606453,21.216872284587556
32.49000075221062,33.93519825373774
38.19200055599213,44.14369278914605
46.20000133514405,50.57943688310229
54.27299813270569,53.22089176445111
50.762001292705534,52.697126834390204
50.91500196933747,48.26522414096736
43.41999814271927,36.23858834714851
29.158999996185305,21.706885696995606
13.649999834299088,9.744519101446198
2.1909998828172683,3.3835478508262593
0.0,0.717457731289769
0.0,0.39036010443362396
0.0,0.3055642086226369
0.0,0.2745105673266035
0.0,0.31716065690775547
0.0,0.4211443024670446
0.0,0.3453910810114985
0.0,0.2863738876326911
0.0,0.3186869199382006
0.0,0.43942899452666845
0.0,0.6767575708757817
1.5190000221133233,1.6056577530581824
8.885999547243118,8.143408079754606
16.944000265598298,20.452517754394975
27.71499936938286,32.55924433492669
40.28800096511841,41.550741483658285
41.32400184154511,46.33074766011545
29.376000512838363,47.65993943102828
42.24700117111206,45.050608932849926
45.0509989118576,38.019534091234654
30.96300100684166,25.51552544364742
24.938999376297,14.112579115160123
10.39500030040741,6.11933034658613
2.4140000635385515,2.133916493014076
0.0,0.5492060857377327
0.0,0.3371641072958498
0.0,0.2828545301373753
0.0,0.2699584899169112
0.0,0.33891627298646737
0.0,0.3656637946178736
0.0,0.3011734866532718
0.0,0.2665588525558294
0.0,0.3172828063811847
0.0,0.4708748820822651
0.0,0.8077586672207986
2.46500003233552,2.40357251713194
13.063000178337097,13.440864236235921
27.663999143838883,30.535869265051524
41.07400009155273,44.935016569157845
51.039998736381534,54.080761381214685
56.85300156831742,58.198935223290356
59.71499948501587,58.66149484448462
58.21000193119049,56.14660965326414
55.18500047445298,49.79366053188692
43.89200184106827,35.67341018663747
30.31500031590462,20.355684786711915
14.399999949336053,8.721931969123924
3.2319998802244663,2.815189962256769
0.0259999991953372,0.5456988299737889
0.0,0.3179666070433243
0.0,0.28521875206689856
0.0,0.2751391457411811
0.0,0.3069175774361537
0.0,0.4445743860578962
0.0,0.3929471844714781
0.0,0.35166834455326046
0.0,0.4187156348461101
0.0,0.638430768725646
0.0,1.0767551343630468
2.5289998723566534,2.443848967223968
13.39300018787384,11.973889152896247
27.74600003004074,27.32139039758667
34.680999608039855,40.036300829286525
47.06000111103058,47.24860134242654
54.07999832630158,48.647670594544735
48.09700021982193,45.24834369783808
42.48000010728836,37.56864698350434
21.995000573396684,27.290958000059163
29.148999186754228,16.167273954219805
4.80100009828806,8.404126231140403
0.3420000116340816,3.5236784857516867
0.0259999991953372,1.2199249511482966
0.0,0.419258801600315
0.0,0.29992253772853894
0.0,0.27553044594061393
0.0,0.28231912984236124
0.0,0.37129901801431675
0.0,0.4645338256586778
0.0,0.3737320497055045
0.0,0.2973330669720721
0.0,0.3165673835866145
0.0,0.41359949180222233
0.0,0.5879230671903496
0.1840000054147094,1.3178952408512679
3.611000056117773,6.4758150585414445
19.40700100898743,16.86920221860871
24.76699942111969,27.268720187004284
24.87800039529801,35.55977476875411
32.02900020360947,40.80492160082882
45.250998668670654,43.28381546871163
42.38000022888184,43.11270376396567
52.82600075483322,38.569670135251734
40.444998679161074,27.543312516017494
22.74999903917313,15.702952514651525
11.819999594688417,6.9538534957981435
3.5809999385476114,2.577723700859481
0.0259999991953372,0.7004794116682371
0.0,0.4221996493191563
0.0,0.32781770566825635
0.0,0.29398668897700897
0.0,0.3789591348856555
0.0,0.5139424137963142
0.0,0.4372764072088029
0.0,0.3594183825700836
0.0,0.3815887782847009
0.0,0.5060116380580131
0.0,0.733549473382298
1.031000022403896,1.4656405238289743
4.559000125527382,6.895267623543082
15.855999904274942,17.43505473597395
30.53200083255768,27.585809508870515
49.06499805688858,34.06074602623702
47.87400003910065,35.313998224423706
32.0930000436306,33.62248317623843
21.579000586271288,28.950210629799724
33.40499984502792,22.06755435031274
24.39999908685684,14.654795670873636
16.478000339269638,8.57966520084752
11.984000340104105,4.053563076148228
2.3399999275803567,1.593225245772818
0.0,0.5785102706811964
0.0,0.40217481780720277
0.0,0.3351563664990921
0.0,0.3251487590665331
0.0,0.4481955795169009
0.0,0.3951137042594641
0.0,0.3122280869966798
0.0,0.2658774174756333
0.0,0.2999693282281142
0.0,0.41623973773922673
0.0,0.6695936402409725
1.2150000117719173,1.9899472979436483
9.10599989593029,10.999182607621131
31.668999819755555,26.07502377415743
43.6919979763031,40.360797384767125
51.7189980340004,50.686753385329844
57.93400095224381,55.92402601457527
64.84699833869934,57.16765317831057
63.365999441146855,55.09784390551358
57.58500166416168,49.200731228446955
47.59900140047073,36.27245236387551
31.984999928474423,21.98057680119579
15.545000200271607,10.061097340892962
3.734000101685524,3.316940672616238
0.0320000002440065,0.634439641256183
0.0,0.351397217447189
0.0,0.29930922498644025
0.0,0.2835460005805073
0.0,0.3200475441320759
0.0,0.4116505159181983
0.0,0.3271836550778604
0.0,0.28074622825546425
0.0,0.32375982142541604
0.0,0.47435965720667
0.0,0.803846289809668
3.2400001169741155,2.2323771242330737
14.447000056505203,12.108969687802901
29.28400087118149,27.667063971718104
42.70500086069107,41.96358952332638
53.01999879360199,51.56998878933648
59.96899827241898,55.785910278611695
62.64999981880188,55.96488296068356
61.52200135469437,51.7429804890936
55.359999234676366,42.88040849417481
39.79399918317795,29.428212295584935
32.54700064182281,17.48363347668589
15.676999998688698,7.954069207152271
3.598999957740307,2.4901234786648265
0.0,0.5464662935029664
0.0,0.3271659896858484
0.0,0.28953953311228164
0.0,0.2865817055515172
0.0,0.32881623251845526
0.0,0.425055167472564
0.0,0.3427454664554007
0.0,0.2926505011478025
0.0,0.3348362900669093
0.0,0.48336649406527743
0.0,0.7959653924898669
1.3240000281482935,2.1045963988635297
12.64400035917759,10.926454849161944
29.0810002553463,25.585445106124006
42.73500123500824,39.14482446882611
53.12499804973602,48.62173138300753
60.532001326084135,53.238322306144575
52.41700071811676,54.01959284903403
59.92399976491928,50.99954874292668
55.68900101184845,43.89420853805262
46.1689986205101,30.763575202882144
29.06999915957451,17.87419268578752
13.330999893546103,7.820525181254847
2.920999919474125,2.5440993929672526
0.0,0.5599108896819935
0.0,0.3375582441908654
0.0,0.29661732464868706
0.0,0.2881758540008719
0.0,0.34037715185818535
0.0,0.4876777515314204
0.0,0.4202974767774181
0.0,0.3427266869424292
0.0,0.3611938935157911
0.0,0.46817113771079416
0.0,0.6614512891362678
0.0389999987930059,1.280578367360751
6.056000010073185,5.529455428895463
15.901999725103378,14.096874382045462
22.867999963760376,23.294489551027986
18.761999123096462,30.454640659469995
38.08000134944916,33.37583529477045
39.9440010547638,33.69114438912892
37.90800139427185,30.02373658328917
31.74699956059456,22.6665873011947
19.038000102043156,14.168211052744612
10.938999967575072,7.80718858467827
4.489999880790711,3.6482399334782256
0.8409999838471413,1.4500065184536475
0.0,0.5221517183423227
0.0,0.362614351101593
0.0,0.30683766079767455
0.0,0.2956475528394397
0.0,0.3997228031747039
0.0,0.49334504811454866
0.0,0.4154854466720344
0.0,0.3554152270700695
0.0,0.39490606630685027
0.0,0.550785610455158
0.0,0.855768550586526
2.419999984353781,1.8420376162673695
5.536000026166439,8.758148597108546
22.728000955581667,21.286560897653107
40.262999968528746,33.3168083554177
49.881001665592194,40.89742074822226
51.8859986114502,42.49566995137262
28.35600010991097,39.89464735498611
24.120999302864075,33.13647086300734
32.014000016450886,24.17906697660098
35.31799920320511,15.080208571545914
21.267999855279925,8.59864520847648
8.725999947190285,3.944099466468323
1.45400002412498,1.4356434098477417
0.0,0.4881844711316918
0.0,0.34260213144517493
0.0,0.30402401200412005
0.0,0.3091120456126239
0.0,0.40560671233799545
0.0,0.4209017428605306
0.0,0.3680474716650829
0.0,0.31472185278675147
0.0,0.3453052095310291
0.0,0.4688783601852915
0.0,0.7138287529100875
0.840000018440187,1.5664726955611372
6.408999930024147,7.303594480758855
18.10299939036369,18.45105886099012
32.125999222993855,29.71093626904097
31.45299958944321,37.94672781298664
54.72299963951111,41.21940748323145
52.9090019273758,40.8671560056586
43.36599911212921,36.10288860895952
39.89800020694733,27.65098030859397
18.761999123096462,17.191937717377343
19.829000660181045,9.535566818118962
13.354000317454338,4.350653679306042
2.6869999267160893,1.5947060543770404
0.0,0.5129325213567961
0.0,0.34370221459447764
0.0,0.2955737794784345
0.0,0.28944369432640943
0.0,0.369008399815099
0.0,0.6036639530744313
0.0,0.548599773998722
0.0,0.4342305905523152
0.0,0.4105960031543434
0.0,0.4724569259562054
0.0,0.5774846003262853
0.5370000055991113,0.8657060557156053
1.2139999821782113,2.9885723450151076
1.9870000076293943,7.609618219913703
3.5780001065135,11.819107143004672
8.094000243246555,14.000366193609056
7.409000254571438,13.727018479404922
24.082000459432603,13.762806936888623
16.506000140905382,14.1732533850875
16.67100014567375,12.637214902412339
7.34499990105629,9.415947811160652
5.086999832689762,5.764272874232619
1.521999982520938,3.021572462681959
0.3099999953433871,1.5632349193917359
0.0,0.8258233128169358
0.0,0.6562251875194242
0.0,0.5474412973690947
0.0,0.4673534753083251
0.0,0.6060356280180377
0.0,0.42144283745014693
0.0,0.3293287235038041
0.0,0.27929762295027144
0.0,0.321173275248819
0.0,0.4679623241375145
0.0,0.7864073350666081
4.117999912053347,2.312448628604136
16.421999709010123,12.539828866583859
30.872999883890152,28.48510020116256
45.9969986653328,42.389805906101614
50.69300002098083,52.03500153202695
63.93099895954132,57.05658353743439
67.05800086736679,58.32596058418134
65.20399991750718,56.79813260782666
59.91600158214569,51.85054992973099
50.0530016207695,39.435496203560405
35.09900016784668,24.061608019995123
18.468999438285827,10.75350228651142
5.391000099778175,3.4748206312580376
0.1510000076703727,0.6309597784600042
0.0,0.3514564604825743
0.0,0.30176781007431386
0.0,0.28127384010384987
0.0,0.3208385482784407
0.0,0.3944972623077831
0.0,0.31622157073117413
0.0,0.27809531690382144
0.0,0.33680484453549503
0.0,0.521130876524566
0.0,0.9234169055712098
4.288000064790249,2.738739742215377
16.525999705791474,15.00905227578128
32.137000318765644,32.62478367360306
47.34199970006943,46.94695707339491
58.95499958753586,55.65195265372918
64.98000150442124,59.47030861613421
67.71100093603134,59.834950233794814
66.12999805212021,57.30433748152146
59.86500135660172,50.94747338092476
49.76199840068817,36.77226496590902
34.58599910736084,21.053342240608348
15.799000014662743,8.957865200024091
5.075999763906002,2.833429112702981
0.0570000019390136,0.5309820896765967
0.0,0.31323770992298244
0.0,0.2868064375480139
0.0,0.2795949495499097
0.0,0.31109712310518084
0.0,0.3515758064645272
0.0,0.2950674285168704
0.0,0.2593060637224831
0.0,0.3118510905944763
0.0,0.46603210653592103
0.0,0.8084989988323157
1.537000041306019,2.2102692565594295
8.432999748885631,11.753433062157153
21.18199987769127,27.67564989326893
43.61800143480301,42.47703929676911
56.70799907445908,52.24345079239002
63.37400173187256,56.46483259669291
65.05099924087524,56.558123805000264
62.76699840307236,52.007258957135136
49.74700026750565,42.03295448117944
30.87199959754944,25.932598851886063
15.484000192284585,13.316558348073645
10.90500050187111,5.642524141154507
3.3209999465942386,1.8599197056636396
0.0,0.4348653822515268
0.0,0.27012494594141717
0.0,0.2488837190511139
0.0,0.2537774623356306
0.0,0.2913774051558228
0.0,0.5718496749391437
0.0,0.5083584176233267
0.0,0.4093072662219967
0.0,0.4096197901556192
0.0,0.5030320424769759
0.0,0.6584539199070624
2.6889999859035014,1.0988005739107607
3.5279999105632305,4.1670654293875735
5.608999875783921,10.60483460932566
8.296999832093716,17.088098005288796
13.945000091791153,21.28255709784069
29.39999916911125,21.794980158354427
20.95199974656105,21.49729928186675
15.065000373125075,19.819997326825302
24.220000948905945,15.761950324347906
17.592999188899995,10.81749146354304
7.679000028967858,6.3518470130051
4.209000037610531,3.1460666195696714
0.1799999993667006,1.402468488339469
0.0,0.6188701628541078
0.0,0.4676775828967244
0.0,0.39331623460139753
0.0,0.36519958338983893
0.0,0.5056271471189343
0.0,0.3955783105140725
0.0,0.3116710390102991
0.0,0.2583332620021347
0.0,0.29738980956150585
0.0,0.4237999044701223
0.0,0.6882065906541803
1.6549999389052392,1.7933948368611516
5.135999999046326,9.018220210802784
13.085999575257302,22.031102601285767
33.163000385761265,35.68533472823441
44.8820018696785,46.62406349973839
48.32400154590607,52.857284910866454
49.67599842309952,54.85547610960545
57.04600137472153,52.678768212429105
55.51299991130829,45.71521054121113
39.09100122928619,31.423806238354352
23.1189999461174,17.30724004355407
16.997000036835672,7.5324689280277255
7.240000131428242,2.5092157738098306
0.0449999998416751,0.5205102179196797
0.0,0.3044127596612031
0.0,0.2630226196137121
0.0,0.25367591517185756
0.0,0.2966697537002988
0.0,0.6237377404920892
0.0,0.5793217344939321
0.0,0.475583761867512
0.0,0.4614986488191744
0.0,0.5414773057061935
0.0,0.6818365255905746
0.6860000182688236,0.9929863991514069
1.6899999476969243,3.1257552863387374
5.414000010192394,7.734685044964774
22.87100082278252,11.973530877190468
22.418000510931016,13.882075717361413
7.346000187397004,12.727897376139937
8.913000089526177,11.819873462135893
7.622000139355659,11.32478772699407
6.777999809980392,9.637177675112891
5.658999814987183,7.266745250490175
4.686000032722951,4.621498134384236
2.4879999427497386,2.499359096049992
0.7940000050514937,1.299710215462295
0.0,0.7366513043552558
0.0,0.6202620210402988
0.0,0.5458924183179309
0.0,0.49778943061905806
0.0,0.6382031350570196
0.0,0.5428488072840938
0.0,0.45786085043758257
0.0,0.36501898749648154
0.0,0.3744949632943766
0.0,0.4714952883538107
0.0,0.6313410016292939
1.9499999396502967,1.184012543176455
8.89500007033348,4.997114104784857
14.272000269293786,12.960140006317484
17.82800075173378,20.595707032700982
29.900000615119936,26.051820358974524
28.852000410556798,28.912455911935297
27.91400089383125,30.926930678008137
29.435999207496643,32.04473543731709
37.91700191736221,29.30509445239382
46.969001755714416,21.15696873193153
23.115000854730607,12.30826977507051
9.40999964952469,5.537526328063757
1.628000038489699,2.154148978177569
0.0,0.7124492316740257
0.0,0.47387708888299723
0.0,0.37688772980065466
0.0,0.33394441093503296
0.0,0.4585371539488499
0.0,0.4651821809380494
0.0,0.34908958018980657
0.0,0.269846767448932
0.0,0.2819961363674941
0.0,0.3536356176245826
0.0,0.4855556502834659
0.1710000058170408,1.1957522900604145
4.580999749600887,5.491306559532844
13.807999888658523,14.20920356676568
29.15799970984459,23.852300382759694
32.04899976849556,33.647230597137145
36.17099902868271,42.24518294502631
45.601998529434205,48.236945351295276
48.22000052213669,50.87402886180609
57.365000288486485,48.71760068296771
48.0450017619133,38.980904865044465
35.05200108766556,25.159302291975816
17.70400016307831,12.173588916362862
6.379999842047692,4.437850074705954
0.0259999991953372,0.9515657985741486
0.0,0.4954231686170117
0.0,0.3516632855443288
0.0,0.29296138194178295
0.0,0.3540664456149747
0.0,0.5377441278493891
0.0,0.4203367910347979
0.0,0.35618251880867313
0.0,0.3976147387523024
0.0,0.5787947190960065
0.0,0.9407231591637748
3.30900010496378,2.2702346932672945
16.70899972975254,11.503979936342645
32.10800023078919,26.179468978532572
45.93300087928772,39.1480542814617
56.547998447418216,47.352114560115325
62.5120013833046,50.049455037471375
26.566999286413196,48.177029621590044
27.667000002861023,42.440706252881576
21.682999556064605,34.19662050241432
28.80699984908104,24.229669199212825
33.15199928998947,15.282926826131218
19.958000626564026,7.2029628394465
6.329999902844429,2.3641198536785684
0.1150000013783574,0.6410347935833085
0.0,0.41080922534521386
0.0,0.3508539164459383
0.0,0.3467838053241553
0.0,0.42681611222217497
0.0,0.3929501975426871
0.0,0.3011791199384817
0.0,0.23460842130517623
0.0,0.24928988342782127
0.0,0.3160612232009041
0.0,0.44443431239528997
1.0860000453889371,1.14737198850638
4.548000056743622,5.4481350255719185
12.816000314354897,14.331875819405848
27.65199981570244,24.26247734811888
29.990999970436096,34.584953253177865
31.5459995174408,43.90140410376726
44.91199813604355,49.89804436493676
48.527998340129855,52.210244597130014
35.17399904966354,49.73971892946477
43.14200069904327,39.00310295799028
34.05499905467033,24.16814701021444
18.383999747037887,11.52494713453241
7.1009998691082,4.272017530654413
0.1600000012200325,0.9650114700372938
0.0,0.49065916514995406
0.0,0.34116634209649066
0.0,0.2807348117922099
0.0,0.3231428301568365
0.0,0.44327522614915016
0.0,0.34420468801945514
0.0,0.28754480471101296
0.0,0.3203226840434648
0.0,0.45050807071147503
0.0,0.7226354062934189
4.381999765634537,1.9488492908265371
17.17000027835369,10.642457425620018
30.65300056219101,25.052185838518135
41.257999374866486,38.690402258876105
47.63299881219864,48.4689165533151
48.22299932718277,53.1168261471467
58.4480002450943,53.55948158173398
46.4659994506836,49.796933632653584
30.90699934959412,42.16407524543756
29.676000148057938,30.599732284718023
37.88300039768219,19.62697739319233
20.05100055456161,9.537192954005242
6.074999802112579,3.0993198921773617
0.0939999977080151,0.693231067833264
0.0,0.39861465056829104
0.0,0.3298567211594358
0.0,0.31560431118763543
0.0,0.3670699315766045
0.0,0.45964133334056767
0.0,0.3953825199713477
0.0,0.329050475634365
0.0,0.3579926236048625
0.0,0.4869859088679451
0.0,0.7312413186065215
0.2839999961480498,1.5203675389812277
2.7270000834763053,6.9330357747341855
10.43599971652031,17.524162194426175
21.735000067949297,28.410742449146774
32.15399902462959,36.35580780503522
50.925998957157134,39.45037644889515
49.67599842309952,38.809282091793584
37.45199816942215,33.698006178937526
30.01400039434433,25.189366303952397
27.2649999165535,15.42601905562694
14.37499997973442,8.380430948106198
6.914000240266323,3.8302153050366035
2.1909998828172683,1.4529562226866604
0.0320000002440065,0.49120507471899344
0.0,0.33607057033099774
0.0,0.28907818214522574
0.0,0.28508370663796356
0.0,0.383072121380926
0.0,0.47952448102613177
0.0,0.4075376594177703
0.0,0.3408331017673491
0.0,0.37574676488558095
0.0,0.5149377044036402
0.0,0.7731410326708062
0.7830000004544855,1.6086437484266485
5.079000109434128,7.146846979940111
13.26400022149086,17.96292002729534
30.374000778198244,28.557570847137818
44.20800194978714,36.144878822781045
35.71999928951264,39.774468337881395
36.41400082826615,40.70843304705437
43.03900201559067,38.07162294493456
46.82899863958359,31.20825575669877
34.46799818277359,20.20782445800383
14.236000230908394,11.03243617646703
5.47999990940094,4.8268975041299065
1.1359999845921993,1.7213513964714853
0.0,0.507906708190403
0.0,0.3387835200398326
0.0,0.29192880420114403
0.0,0.2843712947919192
0.0,0.3782576813077791
0.0,0.42448116369297184
0.0,0.3258053618566101
0.0,0.2696521565313483
0.0,0.29917848495658916
0.0,0.40871007825389405
0.0,0.6427797933929433
1.7809999448806049,1.8289659533850704
9.387000252604484,9.44890027012711
24.6490005505085,22.87196793307127
31.344999474287032,36.14219799620687
28.693000069856645,46.867620234765845
41.98500009298325,53.389042983449485
40.95300036191941,55.92646677949277
53.26799997091293,55.23956111289307
54.753998246192936,51.0161687360145
47.33400151729584,39.711565150986694
34.11600008964539,25.4723876183197
18.799999734163286,12.146750463169749
6.094999880492687,4.052453044146972
0.2579999969527125,0.733308576376694
0.0,0.391070851160733
0.0,0.31764178372021423
0.0,0.2891086972603568
0.0,0.33292874923173915
0.0,0.36692744209530853
0.0,0.29649769563650474
0.0,0.2599444744710398
0.0,0.2993818884138359
0.0,0.42146138257028265
0.0,0.6954703448864832
3.076999914646149,2.2259336042597724
14.040999851822852,12.283841237666241
29.368000276088715,28.39686408880176
43.16700169563293,43.30111533178915
53.0120006108284,53.73470374504306
57.98300060510636,58.6832063828718
53.70700038194656,59.659065909488724
46.61600132226944,57.84104411438943
56.72399954795838,52.470127907236886
46.40200166463852,39.41944901589922
32.555000878572464,24.251483177771615
18.74299984455109,11.32051224575749
5.382000090181828,3.7020424663083706
0.1830000079143792,0.6472808298540508
0.0,0.354418708428483
0.0,0.3069973394200716
0.0,0.2887671893517203
0.0,0.3097317389231221
0.0,0.39146612089094995
0.0,0.3277215869719812
0.0,0.2929022180658992
0.0,0.3663167087916477
0.0,0.5744003454671934
0.0129999995976686,1.0351526145514813
3.0980000226199627,2.5832282304534764
9.645000185370446,12.360992120715864
21.015999586582183,27.895398122368114
41.513000502586365,42.879065039239
46.59199855804444,52.60196422563044
49.92600017309189,56.24701689108583
58.46699952363968,55.572955857896176
58.54700189113617,48.41502949964003
48.60300132989884,34.78811407575452
16.83300031840801,19.092886838807306
4.747999813556671,9.470174007955405
2.662999986708164,4.056627901029504
0.1530000026710331,1.3234250319583465
0.0,0.36182795926308886
0.0,0.2426958031465855
0.0,0.23433982411720028
0.0,0.24938311616239095
0.0,0.2928474041900067
0.0,0.479568047157399
0.0,0.39816778484163645
0.0,0.34719598196007845
0.0,0.4011627642713905
0.0,0.5951096414518215
0.0439999983296729,0.9952936667491642
4.989999786317348,2.3347089345031566
14.541000270843506,11.062814647920346
30.888000071048737,25.341061430312813
36.44000005722046,38.678743516428995
44.5270008635521,47.147758906529106
45.64900171756744,49.75686324390598
44.27400030851364,47.89014572905131
44.71000191450119,40.45040904279228
25.63900057911873,29.803803110729035
25.98799986720085,18.47930398117896
13.404999516010284,10.50444266135131
5.9119998565316205,4.72027088393797
0.7129999828711152,1.5584266592185876
0.0,0.4626024526965258
0.0,0.31800335937461244
0.0,0.29297683274941067
0.0,0.3038799102303829
0.0,0.3788950628729093
0.0,0.48963762853737075
0.0,0.4063530587661731
0.0,0.32015765958323644
0.0,0.3265807335171601
0.0,0.40156262919821983
0.0,0.5300370710821882
1.4349999753385785,1.025457272425004
4.311999748051167,4.026535143914127
6.456000037193299,10.524004281867029
9.53400023818016,17.502279922678802
19.8210004234314,23.76311499650018
28.89299982666969,28.626371472786335
26.759999092817303,33.13963663684636
24.382000094652177,35.784863804696826
42.96899840354919,33.16327610507109
34.70400003194809,23.77389601151576
19.6130004298687,13.782445718681535
12.97300008237362,6.433568164056778
4.171999969631433,2.507593466280624
0.0,0.7599653731940264
0.0,0.47542370222304314
0.0,0.3659678690863189
0.0,0.3148825478680751
0.0,0.4024100357212249
0.0,0.40003084268160216
0.0,0.30573545613924114
0.0,0.25021342169486577
0.0,0.2737699904546612
0.0,0.35859831698468336
0.0,0.5312725904325408
0.9559999852254988,1.5161777939409766
7.245999795496464,7.668797881699733
17.188000297546388,19.249736931230125
31.381999799013137,32.10781570016208
45.97099943637848,43.923404525191486
38.44300053834915,51.70462711452541
50.04099818468094,55.085632087710295
61.97300109386444,55.034980982671904
56.31200070619583,51.37408458755174
47.63400115251541,40.66007577732071
34.8759999871254,26.65868683237474
19.73700101852417,13.088537901569225
6.5390001827478414,4.506430844788097
0.4149999896250665,0.8402910022649249
0.0,0.42902058325240633
0.0,0.3296849513020738
0.0,0.2934743088821628
0.0,0.3277845547168812
0.0,0.4104764962029614
0.0,0.32320683683029927
0.0,0.2817698567551286
0.0,0.3549607838901689
0.0,0.574803370363445
0.0320000002440065,1.0689322463706934
4.787999970316887,2.8420192427139788
15.563000219464302,13.739545621305538
28.646999222040176,29.844577894862738
42.25200054883957,44.709200374455065
51.43499887228012,54.313804703352204
56.19899915933609,58.42310246635054
60.59500087976456,58.740104542742856
58.815998811721805,54.79083603551889
50.24600142717362,45.36406233719539
41.87300088644028,29.0734696822015
20.245000647306444,15.312389819392484
7.495000232160091,6.424675462059186
1.4339999457448722,2.015243750865061
0.0,0.420905215151649
0.0,0.2647192012189896
0.0,0.2533203451783827
0.0,0.26016662003208585
0.0,0.2983125312052587
0.0,0.6396591617539321
0.0,0.5323596316670776
0.0,0.4109401029245757
0.0,0.40084877722535517
0.0,0.4811240755874019
0.0,0.6051455455190337
0.2220000067073851,0.9922447530008431
3.588999918550253,3.563175859468276
5.004000200629235,9.007836028640384
17.489000219106675,14.31839929162614
26.467999694347384,18.12273186556735
33.00899942278862,19.651555404876994
9.829999755024913,21.477424333039117
26.070998985767364,23.245670190873625
21.95599967598915,21.9350760444903
22.96200017809868,17.1454186832483
18.25299920797348,11.085153484263738
13.067999556064606,5.531638322677175
2.261999929994345,2.3171412103089146
0.1009999962570145,0.8887281515769012
0.0,0.6160361163016486
0.0,0.4785188535170256
0.0,0.4124667060725207
0.0,0.5608412973341296
0.0,0.4981511239920395
0.0,0.4254374994794153
0.0,0.34523407945905893
0.0,0.3562536504063591
0.0,0.44658790495153305
0.0,0.6055581655216318
0.1020000017806887,1.16007118834554
1.5630000405013562,4.5499776885667025
6.003000238835812,11.71180002534441
19.372999489307404,19.54434368008868
19.27399989724159,26.270716369569953
27.75999993085861,30.15089391498253
31.32800076842308,32.563670468007146
31.76400032043457,32.198809123805496
39.486001365184784,27.18653909911947
30.852000032663344,17.93676239011231
16.850000051259993,10.10997895414253
7.023000128269196,4.7718488665504
0.9440000152215362,1.85668184188887
0.0259999991953372,0.6076121216977507
0.0,0.40749282587882757
0.0,0.33672259019790923
0.0,0.308731780459325
0.0,0.40132614070576844
0.0,0.5788859437637245
0.0,0.484604337915308
0.0,0.36702512632939943
0.0,0.3452243926854799
0.0,0.390139266684563
0.0,0.4585910788019144
0.0259999991953372,0.7047142604100978
0.7389999820664526,2.3770199551878988
3.316000055372715,6.186418366427222
6.46999993801117,9.923168673366812
6.379999842047692,12.8139004803494
8.332999870479107,14.59879922857535
19.507999119758605,17.131556955291387
22.649000928401943,20.7062032693454
36.7040017080307,20.909235631109095
23.416000776290893,16.54395566486383
28.440999801158902,10.667230302017792
15.674000166654588,5.650138336512387
7.412000086605549,2.703370928468227
1.8020000528544189,1.1936264286663352
0.0,0.8131281921040764
0.0,0.5875370962663431
0.0,0.45156482483155835
0.0,0.5405615239904344
0.0,0.39809291440210853
0.0,0.3068690151894596
0.0,0.2648887878452634
0.0,0.3096877407942782
0.0,0.46132730670560834
0.0439999983296729,0.8050635640250088
4.643000043928623,2.540921560439699
16.191000318527223,13.983067571269716
31.08300045013428,30.87931993370796
45.39699939489365,45.64608726700922
56.65400004386902,55.430817302880875
63.358001258373264,59.89437416762959
65.50500189304351,60.56204085532747
63.64200042009354,58.9093865218228
59.06100118398667,54.129179749284695
50.05499808549881,41.67127053926523
36.981999151706695,25.698379237853874
21.538999402523043,11.752660890252923
7.83200019210577,3.7460323118492145
0.7519999816641212,0.6447612727525811
0.0,0.3553905458289402
0.0,0.3087502983035826
0.0,0.28662819666537404
0.0,0.3113101914071415
0.0,0.40821522419489714
0.0,0.30297991691944964
0.0,0.25863569234961115
0.0,0.31386760233872235
0.0,0.49682107294905364
0.0380000012926757,0.9125462456290697
4.726999962329865,2.795421016732689
16.526999992132186,16.03293724302798
32.24899952530861,34.39516553706848
47.65300043106079,49.01675134855812
58.88400185108185,57.58915173667976
65.40699847936631,61.11378717752628
66.20300046920777,61.23380923756421
61.933001964092256,59.02022258591461
59.640998835563664,53.24544569552185
45.4490019607544,39.204741631446566
34.08700000166893,22.636272605225248
19.172999732494358,9.888636891565744
5.739000128507614,3.0531913621262228
0.3970000025257468,0.530768473043548
0.0,0.29941212634050474
0.0,0.26965780920067256
0.0,0.25845250371670186
0.0,0.29007244418367983
0.0,0.4100146471289493
0.0,0.3097198719786915
0.0,0.26440856086476394
0.0,0.30980342345435874
0.0,0.45806599762841826
0.0320000002440065,0.7858018510003104
4.613000183105469,2.461919117714402
16.13799952030182,13.820163031167539
31.08599925518036,30.855660840480198
43.300998985767365,45.772232038221546
54.44100105047226,55.454574129459765
63.884998111724855,59.83162478047293
66.56800023078918,60.50279500102185
65.08099961519241,58.72415120659423
59.796000084877015,53.72885885947676
50.713001639842986,41.1537082091272
37.048001618385314,25.308840559536954
21.26400076389313,11.620847086436703
7.28599995225668,3.7034712301173776
0.6170000302791595,0.6270743749801154
0.0,0.34432976622399947
0.0,0.3008771303300914
0.0,0.2829720391023103
0.0,0.31032347839656454
0.0,0.5012820600724955
0.0,0.40299496098768806
0.0,0.32502838337981665
0.0,0.3498686664353515
0.0,0.4758015272811794
0.0,0.7141396742363488
2.190000109970569,1.5461044541703513
9.233999575972556,7.357095213822717
15.780999995470047,18.3952652956588
20.543999996185303,29.894730644664698
40.618999207019804,38.49793380794903
44.831999876499175,42.13064278913827
48.15299982309342,42.015272958618674
40.51899932861328,37.06178626010694
34.906998593807224,28.632725012603807
21.800000194311146,18.970322683875516
11.80699998021126,11.23835840615899
10.395999559760094,5.354928546300031
5.73500001013279,1.9188702031525962
0.2820000011473894,0.5662654843108438
0.0,0.36390960170962927
0.0,0.3022285035302341
0.0,0.29736980827777715
0.0,0.3918064067635465
0.0,0.42424630029725763
0.0,0.3197721709111514
0.0,0.2666830566390444
0.0,0.30648285213070164
0.0,0.44173206206063614
0.0,0.741610054614334
2.3309999179840086,2.176837722045743
12.674999992847445,11.168947674659936
26.55399967193604,25.85196370013715
42.651001830101016,40.60794718137847
49.826000294685365,51.69552754564023
59.08799864530563,57.38065863043613
64.02899826526642,58.877374253191235
63.953001151084905,57.116042973271476
58.50300161600113,51.56334874512823
49.25299848556519,38.621037441763875
35.805001034736634,23.587190714460405
19.057999666929245,10.934383126478641
1.77799998447299,3.5496365022173233
0.0,0.6091005181800307
0.0,0.3383620929789378
0.0,0.29453733681347594
0.0,0.2803167000833829
0.0,0.3137510564962096
0.0,0.5071829375982283
0.0,0.42134017974474897
0.0,0.37080963197358735
0.0,0.43873818784638213
0.0,0.6602210738558829
0.0,1.115335071950827
1.8140000228583808,2.555218674689524
6.729000157117844,12.209457029190661
28.38999957561493,27.212948304772546
42.12099795579911,41.42256934046415
52.93599938869477,49.95078368039442
59.603000278472905,51.75867847795513
59.802001802921296,48.286764787386716
24.537999576330183,36.84363294883338
11.116999586820604,23.47575469047375
7.192000251412392,13.32724900382376
4.137999990433455,7.354717024719481
0.8079999700561166,3.380715587407919
0.0,1.1293742438753522
0.0,0.39336265613390714
0.0,0.28678159585332147
0.0,0.2745768304698361
0.0,0.29854457550024094
0.0,0.376433467228623
0.0,0.615589795950659
0.0,0.5458689858874063
0.0,0.43118187438617206
0.0,0.4091765844180331
0.0,0.47447588751928177
0.0,0.5830898176965778
0.0,0.8890787915338616
0.447000005915761,2.9605519220437957
1.7219999960809946,7.5042850849447715
3.5829999977350235,12.06371356475003
11.006999925971032,14.976343975992545
13.749999712705613,15.34587101186818
18.625999206304552,15.685741335411263
22.063999791145324,15.663016545948127
15.839000171422958,13.397217265504406
14.035000187754632,9.75813840518676
10.546999663710594,6.045793499816007
5.750999970138073,3.2494522073798175
0.6589999894797802,1.5923114175193762
0.0,0.7795626780445728
0.0,0.602871397934824
0.0,0.4962314268439441
0.0,0.4312620363136045
0.0,0.5576018909282529
0.0,0.5410146220670395
0.0,0.45738674663047935
0.0,0.3598066570997194
0.0,0.3568669300111561
0.0,0.435041191648173
0.0,0.5708115060901899
0.0449999998416751,1.011925147164528
1.2919999797642232,3.8300955976407156
3.315000025779009,9.894260090336942
9.398999580740927,16.21781955441138
26.434000228643416,21.127995965691042
50.23799913644791,23.517020885664156
45.70700189352036,25.208360325877656
37.11399997711182,25.50530018506599
27.26899900794029,22.24276579328064
31.20600075244904,15.854741032802938
23.450000241994857,9.656357146564108
13.767999731898309,4.840690281765179
4.380999992787838,2.046441766628218
0.4340000063180924,0.77022372410153
0.0,0.5224385140271933
0.0,0.40880579459984795
0.0,0.36027218463035326
0.0,0.4785655550746547
0.0,0.44118250925403224
0.0,0.3267598422543707
0.0,0.27489996831195196
0.0,0.3141443745024018
0.0,0.45480588223468366
0.0380000012926757,0.7728740640471435
4.371000210344792,2.433559082569772
15.650999742746354,12.861808645851292
30.570999675989157,28.601153172951122
45.43699852466583,43.35365385474602
56.43099986314774,53.84467511262991
63.002002019882205,59.0607166449278
65.49999840736389,60.328872531271514
64.28100058794021,59.042304496209226
59.26300151348114,54.81111657610533
50.81800089597702,43.591255181118086
37.97399975299835,28.432959843812746
22.92399956703186,13.689382912844486
8.913000089526177,4.407531818986659
1.0779999370127915,0.7138461149866853
0.0,0.38193686284601713
0.0,0.3264388595233936
0.0,0.30142312604546
0.0,0.32846643330147135
0.0,0.4348576158077253
0.0,0.325196462249193
0.0,0.27528963834064
0.0,0.3166160785439599
0.0,0.45786992811246785
0.0320000002440065,0.7678094945616089
4.649999994337559,2.415011563941803
15.690999899506568,12.817914080856347
30.367000827789308,28.691096490216925
44.25599926233292,43.51821621744769
55.94500037193298,53.97377662697387
62.95400059938431,59.11860161712024
65.94799934148789,60.35287492346472
64.75099960565568,59.05617905236484
60.25600034713745,54.82436357798638
51.46099810123444,43.594513312007244
38.69600109338761,28.435836773245764
23.416000776290893,13.733931834139756
9.146000052690509,4.438120863508979
1.1120000445842744,0.7175002868768479
0.0,0.38491011488960136
0.0,0.32916817506788504
0.0,0.3038654499109093
0.0,0.3294632286456392
0.0,0.46749324215554877
0.0,0.3497949500847895
0.0,0.28971463697833033
0.0,0.3373048099003543
0.0,0.5061774297403197
0.024999999689171,0.8662583229673022
4.274999936819077,2.3168251342563115
15.23300020992756,11.537253484740877
29.809999492168423,26.08667221072921
44.19099913597107,40.41475839295337
54.8979983997345,50.76047862011947
48.68400192975998,55.865338464835396
46.89300053358078,56.8850876214118
53.346999998092656,53.93461930133391
55.5710000872612,46.58081333901737
37.72200153827667,33.20749580014252
34.07799947857857,19.89240020400937
19.118000415563586,9.078390782366789
3.361999876201153,2.8307847929746384
0.2160000056587159,0.5549533541660532
0.0,0.3287927874332204
0.0,0.2930680665643806
0.0,0.287304403169202
0.0,0.3326536328129406
0.0,0.7431145415605278
0.0,0.6529872776709688
0.0,0.5243779250923185
0.0,0.5186558803680199
0.0,0.6469637653811755
0.0,0.8549466324189504
0.7620000208541751,1.302286449328549
6.752999840378761,4.337144631908794
21.115999464988708,10.4589653985727
34.9419983458519,16.167036969306753
39.95899918794632,18.73800035156255
30.15100059747696,17.07118670334324
19.061000525951385,15.34728915565855
5.800999909341336,13.319300248975285
5.752000256478786,10.624086042767097
6.686000168323517,8.37852215703809
3.473000080138445,5.575812584968951
3.2660001161694527,2.9904323484993056
1.13999997459352,1.3800195840623821
0.0510000008903443,0.6850241880588789
0.0,0.559852148286892
0.0,0.4826914808515426
0.0,0.46640867405778236
0.0,0.6848737753895536
0.0,0.4451914882376202
0.0,0.3435461447741176
0.0,0.2942587497671391
0.0,0.34824213872495413
0.0,0.529085579144622
0.0,0.9243029844047816
3.874999909698963,2.5886062925637483
14.553999885320664,13.168502510422838
28.960000525712967,29.130340981478565
42.59499811887741,44.090094844589196
53.0810018825531,54.011771493324034
58.68900147199631,58.154374808159865
60.97499877452851,58.323145531065784
55.99800117015839,54.57078675432208
32.87399979233742,46.06471861734484
44.631001887321474,31.490389108113064
20.560000469684603,18.191787129571388
15.487000024318696,8.257576553039046
6.295000150799751,2.5897688077913217
0.5080000139027834,0.5244147352778344
0.0,0.31838930012667144
0.0,0.2928498065961747
0.0,0.2901784441410338
0.0,0.3267486142332601
0.0,0.49827096152699474
0.0,0.3841524190215134
0.0,0.28492234725985194
0.0,0.2786030826264088
0.0,0.32948259792587303
0.0,0.4172514988090799
0.112999998354353,0.8257561872538313
2.028999966830016,3.3985826060237514
7.7769998481869695,9.027589373335518
12.408999823331833,15.255309447776071
16.434000064134597,21.469422142091314
31.614000502824783,27.094537397177227
43.54699959039688,32.117005219251425
41.93899924516678,35.517406055404265
34.174000265598295,33.6197253658104
29.411000264883043,25.59445891534587
28.626999657154084,16.386637929997008
14.559999549388886,8.585048478687135
9.38000030219555,3.6547718049033686
0.8519999884441495,1.1900771773565628
0.0,0.6725734746708512
0.0,0.4431004908710229
0.0,0.34525047865907355
0.0,0.42496389697645004
0.0,0.41113448395886615
0.0,0.30059771280192715
0.0,0.2357687705437148
0.0,0.2536730706162369
0.0,0.3265444585366179
0.0,0.46745566703339714
2.24900005877018,1.313619074026633
9.50900026857853,6.393529987882989
20.378999991416933,16.49900924019132
31.09399949193001,28.40776765418233
42.32900000333786,40.613513690224984
49.744001462459565,49.989658715452535
62.73199865102768,54.61377800637693
61.52299958705903,55.555943320803934
58.04100078105927,52.696846489516645
50.79500047206879,42.524641871270255
37.69700054168701,27.936361878332107
22.89599976539612,14.059408031694417
9.190999587178233,5.050316511746505
1.1139999753981829,0.9835665731450368
0.0,0.48371943940983136
0.0,0.3441817819700542
0.0,0.28784528341424953
0.0,0.31875263950564514
0.0,0.44246673909266643
0.0,0.3347422003980478
0.0,0.277123920037031
0.0,0.31866702757575643
0.0,0.46347556605052215
0.0,0.7665728624291772
3.5369999201595785,2.1328771681136005
14.269000437259674,10.182744252949323
23.883000988960266,23.71596183975481
30.41999957203865,37.944679717105934
53.40000079631805,49.49753415386705
61.06299932479858,56.04876041069965
64.01199955940247,58.158602279337444
64.14800153017045,56.93502442938238
59.34500034570694,52.054842472037635
49.78999820232392,39.70298510972961
35.87200173377991,24.35732188232218
20.781000077724457,11.272723616344848
6.793999769985676,3.698296243005606
0.8310000088438392,0.633744008169696
0.0,0.3554442789989241
0.0,0.3055189302049002
0.0,0.2852755663576645
0.0,0.31902685982873874
0.0,0.5842444580957977
0.0,0.45729981327064084
0.0,0.3427741538696023
0.0,0.3345855121818882
0.0,0.3992629972708392
0.0,0.503505871590321
0.8770000222325325,0.916167612102629
10.632000381946565,3.5583856451607216
19.82399922847748,9.325254368720175
20.091999970674514,15.653825098728603
8.615,21.397631911333697
10.496999724507331,25.796589550852193
14.846999570131302,30.003013575658358
19.90100073695183,33.24409124980581
46.52500196695328,31.427424387325242
27.09299996137619,23.19580711069458
15.541000081896785,13.810470144086267
16.62299975216389,6.7693619709430255
8.35700006723404,2.767680935325828
0.447000005915761,0.8820039483360981
0.0,0.5460415374411606
0.0,0.4002585435708386
0.0,0.33189528677016206
0.0,0.4417628058479152
0.0,0.6215764400533875
0.0,0.49211281334240753
0.0,0.368452043648381
0.0,0.3569589228127168
0.0,0.4297987593317631
0.0,0.54505680783933
0.3820000079274178,0.9558355254881805
2.476999873965979,3.6717716443277575
7.0930001458525656,9.469402552290212
10.086000142097474,15.447505602114132
22.428999552726747,20.28830266857761
28.342000209093094,23.276582238036863
25.2249991106987,26.048494943637973
29.199999412298205,28.243212052753925
31.754999797344208,26.748356050184327
29.88400014162064,20.8704904511902
29.43799978017807,13.472782528583624
12.461999594569209,6.805281699619295
4.790999802350998,2.843860078896867
0.2149999921116978,1.0003818660719173
0.0,0.6413611916214139
0.0,0.465660719894157
0.0,0.38759276287727
0.0,0.5223535311021431
0.0,0.5493660302521501
0.0,0.4000916850857851
0.0,0.2920881415904257
0.0,0.2898940476109832
0.0,0.33803822181356064
0.0,0.41206319311299167
0.3749999933317304,0.8600662743836571
2.2860001267492773,3.212855140044752
7.516999856233597,8.423891991916008
14.046000256538392,14.238965990301004
22.82700054764748,20.91089574965403
26.670000023841855,28.685164170283606
22.331000247001647,37.581289472036204
43.93799858093262,45.307781616214044
57.67899982452393,46.85193066276714
48.41700147390366,40.23785481493097
36.349000701904295,28.308747987520597
22.9840003156662,14.880115773407173
9.539999902248384,5.954389037227456
0.9350000056251884,1.5294419429432837
0.0,0.7772116779716612
0.0,0.48211608450372007
0.0,0.3557195807730005
0.0,0.4391201284009926
0.0,0.45017946029445643
0.0,0.34303529073244954
0.0,0.29029941927613084
0.0,0.3339010463370471
0.0,0.48370583995838823
0.0129999995976686,0.8081778154213634
3.334000074565411,2.383480154805376
13.354000317454338,11.743680797677172
27.317000428438188,26.572898968828593
41.16000006914139,41.521734608991196
51.77800055027008,52.646584003540795
58.44899847745896,58.1496960731503
62.796998777389526,59.48132418073253
62.40300098180771,57.71960692995623
58.40399996995926,52.307291067757745
49.72199927091599,39.455310022110446
35.512999582290654,24.221528233143093
17.440000566244127,11.334874052369397
4.0329999640584,3.736262713108932
0.5430000226944686,0.6314032662579072
0.0,0.3565006881770767
0.0,0.3156843200382185
0.0,0.2987609498678371
0.0,0.3273592867411918
0.0,0.41370254119970706
0.0,0.31526904415814117
0.0,0.26366375424774996
0.0,0.30518478320104336
0.0,0.43934935023834304
0.0129999995976686,0.7234638033456839
3.680000044107437,2.047825423778312
5.621000230908394,10.080787505077588
25.78300073266029,23.716490457160255
40.02399931430817,38.59102656467504
51.83800129890442,50.46273334595883
59.05299889326096,56.69732526670057
60.26900201559067,58.34888926995635
59.22699942111969,56.46777762857485
56.29899903774262,50.44984866879665
48.5270001077652,36.66700843360171
32.63900028347969,21.510310393538404
12.465999712944033,9.784812728093614
3.406999924182892,3.220240155208738
0.28499999364838,0.5861216853158325
0.0,0.3350713375939829
0.0,0.2931316395767877
0.0,0.2797757341608861
0.0,0.3055697660641539
0.0,0.723988592466009
0.0,0.6695334386051702
0.0,0.5404226387004816
0.0,0.5008436392923842
0.0,0.5634150247796704
0.0,0.673835906258418
1.954999959245324,0.9047890436239527
12.469999831318855,2.5316778146209966
13.308999755978585,6.0758295687391115
10.168000001311302,9.34615884591863
9.015999799966812,10.775526067978355
9.344999523162842,9.801964522780574
6.220000241994858,9.33897181232176
9.2760003054142,9.300681664637311
5.536000026166439,8.232295607261497
1.2370000209659338,6.52905455564373
0.2890000157430768,4.339043540304413
0.1140000038780272,2.466776189166426
0.0,1.3235220824273433
0.0,0.7789791749731574
0.0,0.6771997649508887
0.0,0.6079764840436896
0.0,0.5457319339277095
0.0,0.6942069209873987
0.0,0.6163688712702724
0.0,0.5125628390054431
0.0,0.38887362596765035
0.0,0.36792422689111753
0.0,0.4262646176692697
0.0,0.5181538432581156
0.0,0.8231484391234531
1.5540000309050084,2.834127626914329
7.278000229001045,7.306827742506603
14.046999515891075,11.73324840110773
21.09900075912476,15.076557621510263
28.33999963641167,16.84611189009144
32.07099990606308,18.953000486714483
35.0270000910759,21.64700659193902
18.47300058364868,21.37634524413602
23.38500011563301,16.887259406722848
24.67700035214424,10.870210894409574
15.5649997651577,5.63249533368448
6.333000248372555,2.580696336077229
0.8039999800547958,1.0893002524448312
0.0,0.7482949169914552
0.0,0.5558434381550996
0.0,0.44803205650256095
0.0,0.5746782440421659
0.0,0.4462739194710846
0.0,0.33295702832831187
0.0,0.26664063943400534
0.0,0.29017028296734715
0.0,0.37931331345148894
0.0,0.5522638242284493
3.4429999625682832,1.5320607482522854
13.881999511122704,7.4044602857110435
21.48099922657013,18.600532052951255
39.82600013017655,30.725117416705025
47.876998844146726,42.15766763660522
41.661001801490784,50.702324797915786
58.86199965953827,54.991070272252465
62.47599929094315,56.01709223483223
59.69899901151657,53.61581951130871
52.09400065898895,44.165334673810705
35.213998179435734,29.8454289257925
24.16200077295304,14.993518884819032
9.908999782204628,5.255249781125541
1.5569999913126231,0.968861848114712
0.0,0.48842333450808206
0.0,0.36063272327652485
0.0,0.306220890394376
0.0,0.3448403599335692
0.0,0.4597802044446485
0.0,0.3517190786525256
0.0,0.29958234400807554
0.0,0.3612161461572921
0.0,0.5576842408548711
0.0,0.9774406211590446
1.6500000476837158,2.496674311817229
14.336000109314918,12.77626121378167
28.2119999563694,28.65146232975297
42.287000300884245,44.06666906339287
53.66399833917618,53.80928775209274
60.60000025749207,57.1097655559752
62.452000634670256,55.92355530634518
56.72199897527695,48.450249769396954
28.85499921560288,35.26058138282067
23.56799911260605,21.252406758124135
11.99100029051304,11.795483680988495
22.4330006980896,5.4087959730576385
9.460999875068664,1.6707907170118708
0.8620000276342035,0.4216275731762361
0.0,0.2747424973263094
0.0,0.25853239884604556
0.0,0.27212074788538254
0.0,0.32173925078922105
0.0,0.4406721101563098
0.0,0.3297930135474035
0.0,0.2692737051050036
0.0,0.2926693086254852
0.0,0.3804932257572281
0.0,0.5608933235586645
2.218999941200018,1.6289527017019922
11.999999786615373,8.227711701876544
25.0899994802475,20.376805879447677
33.54099976181984,33.290343899286455
37.17999833583832,44.784464942778
38.26699943780899,52.3308934834325
41.12599854946136,55.5675514657066
53.8810009098053,55.81910796189187
59.94400138378143,52.96567117205208
52.163001930713655,43.393671085242346
39.716001496315,29.868351997384433
24.706000440120697,15.268257415590357
10.399000418782236,5.284706637555194
1.5800000301003456,0.9553483543275056
0.0,0.47717586764273895
0.0,0.3599314556231356
0.0,0.3126787370393122
0.0,0.3514280754685604
0.0,0.4137593263425997
0.0,0.3130424044701935
0.0,0.2643918633881528
0.0,0.3023056652377147
0.0,0.4323598321568174
0.0,0.7288513439326777
2.7839999730885028,2.2280154786445046
12.701000248789788,11.81576312720693
26.8240009868145,27.12647632776963
42.6910009598732,42.324973828414656
54.77600043773651,53.187611803595885
61.92000029563904,58.25908305997493
64.17200018644333,59.161134977723194
58.48599880218506,56.63655673690175
49.212999355793,50.0275249198409
37.03799875497818,36.61691917980148
28.654999458789828,22.70306222007412
20.944999796152118,10.965176505333897
12.611000152826309,3.474503155732923
1.9859999780356885,0.6272461712426536
0.0,0.348505876290741
0.0,0.3041620692012047
0.0,0.29182245771155163
0.0,0.3175309242809063
0.0,0.435435036194508
0.0,0.32423126227154364
0.0,0.2713080559298914
0.0,0.3036363383761847
0.0,0.4184760629859353
0.0,0.6644491999989478
2.837000001072884,2.1044380085776804
12.978999746441842,11.00443799588156
27.33699999332428,25.53405549371739
41.66699941158295,40.337929509085036
52.94000053405762,51.90133111049771
59.96399889469147,57.99301220332417
63.02300187110901,59.65366504711808
62.45700001239777,58.60559318161626
58.8689996099472,54.622068575631744
51.09299953460693,43.81718604779038
38.76600059747696,29.235499662356677
23.679000086784363,14.704016859154773
10.026000420451163,4.890258080263653
1.5360000117123127,0.8135358185558706
0.0,0.42394726925324744
0.0,0.34697895235071263
0.0,0.3132001593519276
0.0,0.3341085583668516
0.0,0.3937650959008696
0.0,0.3022489202579966
0.0,0.2578948271542005
0.0,0.3049257640984224
0.0,0.45987516475815415
0.0,0.8218197135736585
2.658000095486641,2.4145550617470493
12.457000216841696,12.403345760206232
26.14599992156029,28.07144560248144
40.32100014448166,43.47185434198016
51.96100160121918,54.14631274122357
58.682001521587374,58.75094989823827
60.80099824666977,59.16272160292294
60.470998237133024,55.97989070850323
53.683999958038335,48.07735158229844
29.74699993848801,32.99730655472676
21.233000103235245,18.84300989881768
19.328999214172363,8.628361063014363
10.56199985086918,2.6898933696465397
1.2190000017732383,0.5186212838856191
0.0,0.3002377634524504
0.0,0.27124184013027186
0.0,0.26588459129387165
0.0,0.2941786918753711
0.0,0.43898780875532123
0.0,0.34906599780500486
0.0,0.29059340905967623
0.0,0.33512254983903045
0.0,0.48497536478013914
0.0,0.7914704952647245
1.99399995803833,1.92542517730484
12.985999696850778,8.349040700275873
24.811999982595445,19.886508930842247
31.9259994661808,32.170426975381524
38.039998111724856,42.8172717789038
42.35299865961075,50.08728822639541
49.88699927568436,53.395918504117574
51.908000802993776,52.516155701511785
52.33100074052811,47.05792084397169
38.34000185489655,33.62839804638101
20.6989991915226,19.106967662051645
9.043999601602554,8.409628611894057
2.180000070780516,2.8122167719804017
0.1140000038780272,0.5606938375926177
0.0,0.33333990271463454
0.0,0.28814742528301646
0.0,0.27083335934412056
0.0,0.31884353348597455
0.0,0.4257539955621079
0.0,0.3161430993875586
0.0,0.2468816156981448
0.0,0.25935546919203734
0.0,0.32688528640261205
0.0,0.46053083277847795
0.5319999860040844,1.2285342546018483
7.471999808251858,6.027409403799669
15.790999777913092,15.631028220004346
25.423000348806383,26.876735679673622
40.42799997329712,38.29470985411792
51.01300127506256,46.76730409436213
41.06799837350845,50.918218353280416
46.844999113082885,51.13259341594559
56.29899903774262,47.17707718388323
46.81499873876572,36.798673091492695
38.86199933052063,24.63008590261663
24.65899930596352,12.945644981478123
10.578999583721162,4.7498006737442235
1.4770000629127027,1.0461650485812763
0.0,0.518622988716304
0.0,0.3602197385448263
0.0,0.3049679339469069
0.0,0.3481688690374417
0.0,0.44015086336907977
0.0,0.32056242469988544
0.0,0.26625401317020925
0.0,0.299302625843283
0.0,0.41355129158945875
0.0,0.6611152496762523
2.607999899536371,2.097389063251745
12.673999706506727,10.850404366636903
27.05200054526329,25.14719462588351
42.01900161266327,39.9983562383849
53.75699826717377,51.74556237750561
61.74500153541565,58.03812410580758
65.46400042295456,59.851433949916164
65.40699847936631,58.98057556812532
61.08699798107148,55.31219741528855
53.058999691009525,45.00991863559983
40.569999554157256,30.566956439716407
25.12800009131432,15.559724803172013
10.633999927639962,5.173847785699113
1.6829999972879888,0.8389447505693693
0.0,0.433108616041329
0.0,0.35242730986524146
0.0,0.31623690441568514
0.0,0.33653084560433677
0.0,0.45496400559005445
0.0,0.32854471160733756
0.0,0.2736400400811774
0.0,0.30660581841844803
0.0,0.4286933847671701
0.0,0.7003985578352271
2.678999946713448,2.2464827523211475
12.86099984884262,11.521712871919895
27.10599957585335,26.245661184577525
41.94000158548355,41.16669934987614
53.144999668598174,52.63065060234184
60.007000937461854,58.55899120509296
63.38100168228149,60.199790405047295
63.43700128555298,59.25084923817197
59.65699930906296,55.52585307051693
51.83400015354157,45.309067814327506
39.7980003285408,31.004865688455304
25.02499935388565,15.833149534143667
10.643999710083008,5.236004112319195
1.7559999752789737,0.829525342948629
0.0,0.42826287685161357
0.0,0.3522514415458982
0.0,0.3153836040323392
0.0,0.338694497839669
0.0,0.44187144730685635
0.0,0.3253505292624537
0.0,0.2722768023220768
0.0,0.30093180454677587
0.0,0.4093294134873784
0.0,0.6503575446245287
2.579000068306923,2.099557055935475
12.44399957537651,10.577459551253273
26.45899917125702,24.569290561884195
41.3030019903183,39.399260056715306
52.68699997901917,51.402326363467836
60.47499938249588,57.88653561638585
64.54199932575226,59.83907217161369
64.5410010933876,59.0417584370056
60.55800055503845,55.37791494552795
52.40700196266175,45.04215694066492
40.24699949502945,30.6845234256612
25.013000025749207,15.713275067119795
10.607999671697616,5.291991029530891
1.7660000144690275,0.8485624486257166
0.0,0.4333469989154084
0.0,0.3525009137007314
0.0,0.31451097855478805
0.0,0.3344617058682508
0.0,0.3902365865787086
0.0,0.3020194291777735
0.0,0.2550938095178334
0.0,0.27989423762053434
0.0,0.3707626404890153
0.0,0.5684489498680176
1.7710000340640546,1.8269860144659638
8.918000494241715,9.242648897308385
24.115999925136567,22.37178758740287
37.08300137042999,36.87444599109275
50.872998158931736,49.43016232215166
58.91200165271759,56.59437182831451
62.910998556613926,58.90059402531181
61.92200086832047,58.25443933338701
57.32799996376038,54.588092549781734
50.40400148153305,43.891867498034635
38.92299831151962,29.332500515519484
24.28499902129173,14.862930684597638
10.41399957895279,5.0627063596992485
1.749000024870038,0.8725571055316039
0.0,0.44057363828371826
0.0,0.347828636237622
0.0,0.3077619844927463
0.0,0.3216195151905607
0.0,0.3700052260523551
0.0,0.28788537195850183
0.0,0.24817370154470794
0.0,0.28002545372321846
0.0,0.3870486837263234
0.0,0.6359950651637221
2.159999992400408,2.156385225431434
11.852999801039696,11.56745542787857
25.84299942731857,26.87774503130537
40.53099865674972,41.936737366435985
52.43599999666214,53.49548568591999
59.917998046875,59.275073893255026
61.92099852800369,60.54621397545476
60.277998430728914,59.67998413821847
56.17399816274643,56.174461272548314
48.78299946784973,45.29873141046684
37.49900135755539,29.89000888338602
20.877000864744183,14.838186814955318
8.547000041604042,4.946754760709663
2.1909998828172683,0.8136548718783692
0.0,0.4096561003625698
0.0,0.33174681394725747
0.0,0.2949182171453697
0.0,0.3104338526379266
0.0,0.688567175305302
0.0,0.5584741486479081
0.0,0.4522973245248964
0.0,0.47525782472153466
0.0,0.6359370965286747
0.0,0.8996008522902751
0.6349999852851034,1.643419018068376
11.27300009548664,6.298010233592053
22.86200029969216,15.340258649175976
30.98200028538704,24.182442780605484
44.69000029563904,30.304159784159236
33.42800026893616,32.65276256400991
33.97799960017204,33.15111387898932
40.56700074911117,31.74881910416007
29.652999724149705,27.470043785216177
28.99299970507622,20.224532162467757
25.28100076794624,12.666870543620892
14.513000469207764,5.9996486651366405
2.2459999699890614,2.1303499196838263
0.0879999966593459,0.6813104796297917
0.0,0.4771082023870355
0.0,0.4001162701969509
0.0,0.383922451588267
0.0,0.5265133433719178
0.0,0.6981338441226288
0.0,0.5734966949265555
0.0,0.43340586492481586
0.0,0.4090373583273181
0.0,0.4840633123538225
0.0,0.5976619859258632
0.1289999984763562,0.9093306902957689
3.651999985724688,3.0756552430608552
14.6160001796484,7.785119699718731
19.33900002360344,12.469637749095856
25.18600026726723,15.542309347539762
17.777000526189806,16.273363552595214
19.765000820159912,17.199338997189496
19.845999366045,18.18641393127824
26.59699966073036,16.94020170306511
26.27700046062469,13.597902118811419
21.28099946975708,8.982944987785599
8.047000136077404,4.750681913731466
3.06500007301569,2.1858172082246097
0.922999971434474,0.9523920193466844
0.0,0.6879638722000087
0.0,0.5321795180872346
0.0,0.45400153829696804
0.0,0.6164766422947824
0.0,0.39820942259342396
0.0,0.29301262147320734
0.0,0.24181664475386427
0.0,0.2669925577383136
0.0,0.35831297379016686
0.0,0.5540795529141147
0.8640000226348639,1.7377570217457508
9.484000298976898,9.256317249602386
24.719000054597856,22.415913130796422
39.17700120687485,37.14018081452408
51.1920011806488,49.577606949461156
58.9170010304451,56.30760503857927
63.35600068569183,58.171416609654884
62.62600116252899,56.77752380900414
58.527998504638674,51.97432208449047
49.86300061941147,40.85932728206164
41.764998717308046,27.580190152872298
25.197999595403672,14.375194570344696
10.270000452399254,4.84148972875215
1.4699999841302631,0.8837429373897088
0.0,0.4463434910166556
0.0,0.3487401602039281
0.0,0.31142910324955947
0.0,0.32770712558843457
0.0,0.5417194499278777
0.0,0.44547226050064637
0.0,0.3827744380586168
0.0,0.4325065223024861
0.0,0.6062594324176962
0.0,0.9245354969297573
1.7679999452829362,1.9787225310288636
10.785000031590462,8.554370393702744
22.654000306129458,20.828845986635702
34.3659997856617,32.57720029828225
46.67599796295166,40.73172156305261
20.511999049186706,44.00225949515768
14.417999968528749,44.041264996616135
18.83399919986725,41.64975990027654
43.85399917602539,35.92791376400701
48.652000982761386,24.843869752610843
19.578000677824026,14.641861335592665
20.46000059127808,6.521338763538164
4.289000094383956,2.1776857295306797
0.1510000076703727,0.556441546065894
0.0,0.36556988166014637
0.0,0.32583897824699515
0.0,0.31616005401449476
0.0,0.40362776193071365
0.0,0.453438033210706
0.0,0.362444160698179
0.0,0.29563664002288503
0.0,0.3233263510445612
0.0,0.4405996430530922
0.0,0.6708084997364153
0.2699999990500509,1.4921922575406976
4.758999882340431,6.439145515131619
12.801000127196312,16.125665056149117
17.8219990336895,27.59361022538816
35.41000089883804,37.91187100241058
42.04799964666367,43.98821442042094
45.97300000905991,45.956603257667254
53.4490004491806,42.231090763581705
38.36600108385086,33.20747544477455
39.62499803304672,20.7767474025743
16.64600017607212,11.638508726792393
2.697999995499849,5.514271100406637
0.2110000021103769,1.9634915481088593
0.0,0.5251921497501253
0.0,0.3305717615417062
0.0,0.28315426830446544
0.0,0.27398363652675295
0.0,0.3366625311217089
0.0,0.400343813815338
0.0,0.2966875927221553
0.0,0.2310286464013519
0.0,0.24027949605515536
0.0,0.29344026088079245
0.0,0.39203173461216506
0.0950000032316893,1.0684212071508878
3.3510000641644,4.809863988805644
6.7580002450943,12.859932250931344
14.685999683737757,22.842235812279924
34.524001893997195,34.46113092137301
46.19800076246262,44.87105165934082
56.6230014371872,51.04812600323379
56.14799893379212,53.78069304294713
62.389999313354494,52.30973363794022
53.7300008058548,43.30018673067445
41.95000034093857,29.534581965388497
25.3919996881485,15.424489831437917
10.99300002515316,5.8980334930638865
1.9899999680370093,1.2831663951928105
0.0,0.5983935926440198
0.0,0.3821086046369907
0.0,0.2969782816088967
0.0,0.32961055177653253
0.0,0.4252606987388583
0.0,0.30752590766977606
0.0,0.24544161885364496
0.0,0.2658993619840324
0.0,0.34623159426322514
0.0,0.5061568171670673
1.359999938160181,1.4859070219834178
14.23699949026108,7.479133413041227
22.606000939607625,18.856443034101297
29.557000991106037,31.901947865184795
50.927999529838566,44.24162085155479
54.494001848697664,52.663079926068455
54.56499958515168,56.275440463072655
55.433999884128575,56.66046979940323
40.10299934148789,53.84362941005902
52.74700072765351,44.336217667131436
38.98499963283539,30.456092508913677
25.388000596761703,15.651725007388912
11.091999617218972,5.48252303456081
1.772999964877963,0.9994378433638715
0.0,0.486431753898875
0.0,0.3540712458822983
0.0,0.30001314096460596
0.0,0.32834328278466113
0.0,0.3986200908696018
0.0,0.3051243886637992
0.0,0.25972586980000933
0.0,0.29693936748568484
0.0,0.4195482055959711
0.0,0.6915843567052742
1.8150000524520875,2.123581717257307
11.439000386595726,10.763965642885248
24.263999170064928,25.376437896459098
38.74399840593338,40.51580550684196
50.451000561714174,52.051324157762224
58.02000092983246,57.95206984551349
61.55599876642227,59.47091222111442
61.82099864959717,58.16121830063324
56.69100036859513,53.59013084117779
52.364998152256014,41.438967357358806
39.14700083255768,26.0519050696423
20.46899906039238,12.364145953443618
6.9870000898838045,4.0749275808245145
1.0890000057965517,0.6861656965005044
0.0,0.3718124582866503
0.0,0.3161678437333548
0.0,0.29045501969163906
0.0,0.30978315354821345
0.0,0.3786184535764623
0.0,0.2880797061294149
0.0,0.24007525361172358
0.0,0.26425385857276035
0.0,0.3467721448957085
0.0,0.5202263938987911
1.5760000400990248,1.6319871047222445
11.310000420212743,8.193975700207764
24.485000832080843,20.435378127708375
35.31999977588654,34.6642831547296
48.06799807786942,47.68077461886565
57.620999648571015,55.47492106107739
61.37899943351746,58.16697444620151
62.30800048112869,57.7702220001438
58.589001593589785,54.28636334126269
51.369998745918274,43.82185384106012
39.47799907445908,29.488758061623603
24.02099942445755,15.111451966395709
9.872000484466552,5.213813425401785
1.3529999877512455,0.9218740913803909
0.0,0.4577071355301959
0.0,0.3500789460857479
0.0,0.30407743423075645
0.0,0.3166245257552859
0.0,0.38966787872791425
0.0,0.2970217667481329
0.0,0.2480766183417819
0.0,0.2765023543280224
0.0,0.378449846810649
0.0,0.598475028175137
1.3160000481456515,1.8753694580385716
9.684000055789948,9.707311756121303
22.5680003285408,23.5018022295237
36.47000043153763,38.52267311421102
47.50900027751923,50.952679911653775
55.31799953222275,57.480646127254786
58.26699976682663,59.12323150221392
56.93799920558929,58.08240212842365
51.45999986886978,53.832796990409165
42.0420020365715,42.13895772824556
24.251999841928484,26.873883533405422
14.236000230908394,13.063513444730962
6.752000067532062,4.386207577133603
0.0259999991953372,0.7637577341355041
0.0,0.3969487955325229
0.0,0.32038123051771283
0.0,0.28673630380469073
0.0,0.3076744387022522
0.0,0.5862606887655128
0.0,0.4910523494910088
0.0,0.3795972755327693
0.0,0.3669101268641817
0.0,0.43570012721300694
0.0,0.5555785368148674
0.2690000015497207,0.9272202219444785
5.4909999781847,3.2908753965811846
10.05000010371208,8.442992345660922
7.669000246524811,14.23033317710629
12.51500039279461,18.90165962820504
19.49300098657608,20.907133254835102
22.95899931907654,22.19227726662046
36.12499818086624,21.389891846031695
22.85199949026108,17.29612525257263
16.761999500989916,11.78517529952423
10.8879997420311,7.153298814075051
6.679999990761281,3.7957956495407474
0.8420000134408474,1.711838718791552
0.0,0.7048293570822368
0.0,0.5002829091851987
0.0,0.4061358064259785
0.0,0.36514866449608213
0.0,0.4926220617865494
0.0,0.658799393445605
0.0,0.5729706048241677
0.0,0.4407510136153787
0.0,0.40241426596447993
0.0,0.4472880178452373
0.0,0.519211859728728
0.0449999998416751,0.7137787601275252
0.4149999896250665,2.0971598614018867
1.0079999836161733,5.262297866854724
5.988000051677227,8.326357868633139
11.402000061869622,10.188461516172728
6.872999797165394,10.343025114949006
6.77599975079298,11.081121686045176
9.04799971997738,12.399361312393065
8.449999995231629,11.930408236771141
13.53499976873398,9.68734384674733
9.684000055789948,6.626690402529193
6.094999880492687,3.7975445236230927
2.496999952346086,1.9919377373859202
0.1270000034756958,1.0629525719152282
0.0,0.8245474348737379
0.0,0.6659980084134676
0.0,0.5416694304697244
0.0,0.6440058395457945
0.0,0.38375873948831546
0.0,0.29057995179473683
0.0,0.23754677223708598
0.0,0.25527988051379347
0.0,0.3316794307940514
0.0,0.4962165331217693
0.3889999904297292,1.451301371773765
6.04900005966425,7.354208419077093
16.521999587416648,18.613345902991213
32.10200056672096,32.25460178608164
48.23400042295456,44.99963173326078
48.76400018930436,52.56638731332028
56.79700196504593,54.99031766520848
62.26100140094757,53.21198271251829
43.581001110076905,47.239796803247856
34.72299931049347,35.275336927525515
28.94400005221367,22.990373192182116
24.01000038266182,11.914925422510926
10.717000073194503,4.116624766930045
1.551999971717596,0.8482130991988394
0.0,0.4333945254640882
0.0,0.33153437463028307
0.0,0.2966919051245532
0.0,0.31757715836490297
0.0,0.3817310201457282
0.0,0.3040006028659122
0.0,0.26792391199089577
0.0,0.33524775401580165
0.0,0.5340213902081995
0.0,0.9991601453482234
1.932000048831105,2.6479585810876305
10.26300050199032,12.223661093175231
24.471999163627626,27.43418183169006
38.76800117015839,42.86828301269336
50.50499959230423,53.37560425203755
58.95900073289872,57.81499661993044
62.615998299121856,58.030709994384196
62.17399908304215,53.283831363385545
58.10800148010254,42.450956095841846
39.82600013017655,25.569854215829395
12.17800043284893,13.275359969086376
0.1780000043660402,5.788327819193673
0.0760000025853514,1.8505300954415496
0.0,0.4116762323282136
0.0,0.260136875595161
0.0,0.24756620883009028
0.0,0.253042989921923
0.0,0.28417090628625385
0.0,0.5774179023123979
0.0,0.5048073574642478
0.0,0.41238323980948555
0.0,0.4108629276846868
0.0,0.5043515846802962
0.0,0.6664501322608105
0.6790000036731363,1.11161134845035
11.449000169038772,3.8188133537718034
21.162000312805176,9.674444475711722
24.300999494791032,15.748551408774471
31.18400061488152,20.020842627250765
16.98899980008602,20.883446682419375
15.230000377893449,20.92821960883635
24.17099924206734,20.149855160538692
18.648999630212785,17.12025585210372
14.144999848604202,12.346237862195792
15.25500034749508,7.880203190843521
5.020000160634518,4.105390178797207
1.5920000001043082,1.7514528174240358
0.0,0.7353288218263138
0.0,0.5368408033841949
0.0,0.44082818102120347
0.0,0.40202186349158375
0.0,0.5313226467447362
0.0,0.4285308605305046
0.0,0.3262535583568952
0.0,0.25356664235455906
0.0,0.25808848818493235
0.0,0.31199296501483975
0.0,0.4148228683095805
0.9500000002235176,0.9848015826453521
5.556000104546548,4.267096837346999
9.771999579071998,11.370951053246959
18.332999521493917,19.924173257039524
11.78300029695034,29.379203198554237
39.55499852895737,37.543781323198
62.01000141859055,42.91944288434852
53.10900168418885,44.77973598869014
41.41500119686127,41.90052920063964
44.476998870372775,32.834396905609964
37.3740004825592,22.52255797129843
23.7590004003048,12.247339101246833
10.53200050354004,4.859861722265944
1.1290000341832638,1.2834042466229727
0.0,0.6421003706880811
0.0,0.4166653152373144
0.0,0.33172467698528685
0.0,0.3834743863577283
0.0,0.40713290744069863
0.0,0.31073999032552496
0.0,0.2621492016582065
0.0,0.2901389727216363
0.0,0.3878380144847078
0.0,0.5977109052031291
1.23800005055964,1.8541417538864104
10.209000444412233,9.163555872146889
22.85600063562393,22.22248840090996
33.52200048327446,36.69729108544126
45.66199927806854,49.047192759713276
56.74799820423127,56.064884229840565
58.68700089931488,58.35572813013989
62.95200002670288,57.62964819371437
59.50899801015854,53.887369209867515
52.05200095653534,43.30274023125047
40.42500116825104,29.128745159620316
24.62499984025955,14.84337026118299
10.32899988770485,5.033907741346196
1.506000022515655,0.8659859712044279
0.0,0.44492177296074653
0.0,0.3555891896536142
0.0,0.3148116069630581
0.0,0.33216217748885696
0.0,0.5026255077022326
0.0,0.3909811249201863
0.0,0.3276452795377681
0.0,0.35250784965031146
0.0,0.47307537227612
0.0,0.7219440676751424
1.108999955803156,1.8445562790745724
10.205000326037409,8.846692511284747
23.266000958681108,21.220551524027137
37.281000554561615,34.35951279013569
47.876998844146726,44.7116800678255
54.11699865102768,49.48984151671489
62.77500069379807,49.75265250494188
31.50199924230576,45.77153400986949
41.350001070499424,38.897640548561036
38.53600046634674,28.892824344266025
33.043000942468645,19.569035059617338
22.273000071048735,9.954672997438225
12.415999773740769,3.310388225946002
0.2969999957457185,0.796868604596072
0.0,0.46940247016868647
0.0,0.3875338490464939
0.0,0.3662356197320175
0.0,0.42191787691731303
0.0,0.7014322616877575
0.0,0.6377812942681859
0.0,0.5058113352343778
0.0,0.45871911224499967
0.0,0.5053028069378962
0.0,0.5857953101931427
0.0,0.7653074497066793
0.3690000083297491,2.07214994821522
3.511999950557948,5.072743219557599
4.744000208675861,7.8745169970312325
4.398000239133835,9.256282132653713
8.641999515295028,8.633289922250276
6.896999993920327,8.573386671977133
5.2120001941919325,9.17067360439358
6.9820001986622815,8.70955468649037
7.464999857842923,7.2429463558530625
8.663000393509865,5.110007888786557
3.610000026524067,3.0167039193934713
1.9700000180304047,1.6359890130270975
0.0749999970616772,0.9777263931128755
0.0,0.8292892782182748
0.0,0.7213802370660376
0.0,0.6091033437421753
0.0,0.7090050078522184
0.0,0.7206210483725783
0.0,0.6434607393172114
0.0,0.5012760247840599
0.0,0.4465525035268535
0.0,0.48448093561864924
0.0,0.5551950177427192
0.0,0.7111413460240509
0.1520000051707029,1.8670818498014246
1.3550000469386578,4.493056513236013
2.187000021189452,7.010854176121395
2.1819998732209207,8.320781165773107
2.763000121861696,7.82582384077204
3.22200009778142,7.880637683064296
2.0409999368339777,8.5125166156781
1.71900003567338,8.083646330654057
1.9870000076293943,6.753986402320159
1.4339999457448722,4.742026546519381
0.9359999710321426,2.8360230247112628
0.1199999969033524,1.6164475756186878
0.0,0.9927684076974345
0.0,0.8468158801354446
0.0,0.7432450306516053
0.0,0.626459455644934
0.0,0.7075104350923864
0.0,0.5691677366838406
0.0,0.43916335534985457
0.0,0.33251753440865167
0.0,0.3200135738940763
0.0,0.37202826430459307
0.0,0.4612884914989297
0.0,0.8326908609677833
1.5209999529272318,3.081090458324681
12.627999885678292,8.014872015905656
17.68500088453293,13.572708128491588
13.458000314235688,18.986555050730136
42.40500122547149,22.619441331282626
40.56599840879441,25.468704741686402
27.83400058031082,27.749058137166354
12.136999989748002,26.67619207252054
23.30800066113472,22.063195391787374
28.28299974679947,15.972668495246975
25.09599914431572,9.020310689486202
10.41399957895279,4.068257824302823
1.4500000341236592,1.5001346471343107
0.0,0.869826667439277
0.0,0.5714763433499077
0.0,0.4457033563386015
0.0,0.5492937251448331
0.0,0.4529250098832029
0.0,0.3595201077446732
0.0,0.28298725412502856
0.0,0.29218822762032887
0.0,0.362824095344228
0.0,0.49053425167032183
0.0449999998416751,1.0571995549596807
4.13399987205863,4.172205619057736
11.984999599456788,10.998512275485574
14.869999994039537,19.104000956861416
19.868999789953232,27.471205452789597
24.278999357223512,34.70343840822832
31.056999167203905,40.31502155934608
40.18100113630295,42.95535546486853
39.38099800109863,40.367954208130506
39.414001288414,30.157512809553726
29.315999764204022,18.500586660836213
14.494000163674356,8.94531827787419
7.909000160098076,3.3471774300525245
2.02200001642108,0.8664675300716326
0.0,0.4940295103926926
0.0,0.3666633739546614
0.0,0.3088659614930279
0.0,0.3690719058169991
0.0,0.41090225664718805
0.0,0.3037284255134146
0.0,0.24272876584198108
0.0,0.2596924189021821
0.0,0.33062740722517714
0.0,0.46993792157780945
0.8100000292435289,1.3379357489690658
9.88500009894371,6.060912280822204
22.96200017809868,15.499595710756136
31.96500036358833,27.225316573463772
41.676998167037965,39.92672900254227
53.16500128746033,49.841940831186996
61.78399832487106,54.804708306725765
63.73099920272827,55.93662556300689
60.209999499320986,53.47851636720107
52.626000998020174,44.13544314942845
40.53999917984009,30.501164318154498
23.769999442100527,16.033049835218993
9.76400036931038,5.79709965362227
1.3280000181496143,1.1242126289464334
0.0,0.5450901293205775
0.0,0.3829814688460426
0.0,0.31206036579245794
0.0,0.33202067584360895
0.0,0.6589624816360314
0.0,0.5987480981750358
0.0,0.5149611533490354
0.0,0.5263720521123311
0.0,0.6569078324810473
0.0,0.8922155008841884
0.3720000008307397,1.4250588049249833
7.871000062525272,4.391759604348746
17.003999987244608,10.512257115930275
33.39599932193756,16.629951387529566
25.781000159978863,19.868676027193434
7.136000134646893,18.333606025134625
22.805000410079955,16.154450556889678
15.046000067591669,13.78308204347476
4.067999972850084,10.793499535760631
7.141000025868416,7.765282300075236
2.91900011703372,5.131361467414232
0.1329999965010211,2.773970755538803
0.0700000015366822,1.2364529181895951
0.0,0.6331654577769915
0.0,0.5237840698620437
0.0,0.4690665660564348
0.0,0.46136586496698484
0.0,0.6092598079674825
0.0,0.5546697105615466
0.0,0.4757436979212126
0.0,0.36590606610540927
0.0,0.3413335211437017
0.0,0.37768717493948334
0.0,0.437627580690749
0.0,0.6462645659940247
0.0,1.9552521846834479
0.6750000136718154,5.123823820306762
1.0590000165998936,8.293194253203932
2.858000109046697,10.774178302461731
6.480000233948231,12.121742522922787
9.774000151753423,14.136769934928397
24.14999939084053,17.74707051546269
24.751999233961104,18.821927840559617
30.453999037742616,14.778200702567158
20.72400018811226,9.501114209138569
14.901999914050103,5.066342883185445
8.045000076889991,2.4953737142987054
0.4190000117197633,1.1814892685602272
0.0,0.8303164188999463
0.0,0.6326946611018223
0.0,0.48813126452679956
0.0,0.5635861543222473
0.0,0.3672861431905806
0.0,0.28268070087276964
0.0,0.2335320206034485
0.0,0.25016037157894666
0.0,0.310738544487866
0.0,0.43690948205330055
0.0,1.3343864246554311
1.9540000580251216,6.513106840010767
9.197000278234482,17.29619435118691
32.37300011396408,30.358773527970456
36.500999038219454,43.39685687352416
45.07599990844727,52.201237590143286
57.23200123071671,55.71603408853149
62.76300136566162,55.948608864575505
55.44300040721893,52.7810988709027
48.10600074291229,42.27333092872177
30.51500007271767,28.3716964619758
15.581000238656998,14.88437551912257
9.795000002980233,5.434340944858887
1.2060000021755697,1.046437760650471
0.0,0.4949948158176554
0.0,0.35092919171696174
0.0,0.2940137333543562
0.0,0.31241720060611883
0.0,0.3882009881986032
0.0,0.2967339199530212
0.0,0.23416212514646506
0.0,0.24693382082313614
0.0,0.30983220066621514
0.0,0.4327219293855989
0.1270000034756958,1.0956431550412897
5.37300008058548,4.741475459268055
10.226000177264211,12.582070977589527
17.117999766469,22.60079096706466
19.07199956774712,33.75233366405588
47.93699959278107,43.39407082482026
65.9930019569397,49.15502465882495
61.30499878406525,50.49083585190168
49.2660001540184,46.82266885011157
37.8380018901825,35.18848808768897
27.637999914884567,21.788200292444238
17.77600023984909,10.865782549551522
7.794999867379666,4.036743187857776
0.505999986808747,0.9302825840145075
0.0,0.4789844880688785
0.0,0.3418720855524117
0.0,0.28489269461894656
0.0,0.3127428394390298
0.0,0.3601755757920823
0.0,0.28035228078204466
0.0,0.23613505411657681
0.0,0.2585574056277514
0.0,0.3335665171169372
0.0,0.4950273514906499
0.2059999985620379,1.5892169481481435
6.8859999251365664,8.049692051693409
17.747000151872637,20.449098441951755
28.382999625205997,34.863453963758296
49.76199840068817,47.88965161556794
58.41500106573105,55.62572225884092
60.70600185394287,58.237772219375344
63.69700179100037,57.78681465402592
54.14199964761734,54.29308402753752
52.84900117874145,43.634036051823344
40.62799973011017,29.16242631883429
23.85400090098381,14.910086162991451
10.072999500632289,5.209295618799573
1.2150000117719173,0.9353767923255247
0.0,0.4573557865521638
0.0,0.3457352905450384
0.0,0.29839526993184967
0.0,0.30911423534929444
0.0,0.397002247374716
0.0,0.30145038193704216
0.0,0.2546619956834623
0.0,0.28205788292018724
0.0,0.3766665634116536
0.0,0.58385606835367
0.6400000048801303,1.887239107600985
8.878000337481499,9.6590522183803
22.2129993224144,23.34485798518728
37.30900035619736,38.30841139812988
50.432999515533446,50.661357227477886
58.86100142717362,57.38557472338529
63.29399936437607,59.39296373381538
63.91699905872345,58.66545512720385
60.72300055980683,55.15504721627903
52.63100037574768,44.776252633873355
40.962000885009765,30.200203608591174
24.00300043225289,15.306776971167
9.445000428557396,5.190043189500242
1.183999992981553,0.876407637226838
0.0,0.44176641336199673
0.0,0.34956068293010045
0.0,0.3059856132945426
0.0,0.3195656925446789
0.0,0.41609309261553784
0.0,0.30577913772512216
0.0,0.25488176186445677
0.0,0.28278015748979013
0.0,0.37856194518995273
0.0,0.5825369286651141
0.6219999856874346,1.867369128055385
8.857000486254693,9.556986509436996
22.59999922156334,23.015131818243226
38.57800016880036,37.89760885934744
51.906998462677,50.31841869922973
59.05000008821487,57.23784636433075
63.76599895477296,59.387088207090045
65.91500016212464,58.782114747819115
62.027998356819154,55.44925762368844
54.09700114011765,45.555872263738706
41.91399824857712,31.3618587431013
23.919999259710316,16.18019068012223
9.31999955356121,5.516990964951218
1.0539999970048666,0.9242271879346932
0.0,0.4622005453943111
0.0,0.3607571887914883
0.0,0.3131763136708173
0.0,0.32755078589832837
0.0,0.37354274572350615
0.0,0.2898315798333251
0.0,0.24776213916434286
0.0,0.2765205440673967
0.0,0.365257524574344
0.0,0.5540863013705499
0.7530000112578273,1.810319678705301
8.085000233650208,9.258035053655686
22.52600062608719,22.795133348809866
38.38099921703338,37.80084278572442
51.22299978733063,50.371149343422466
58.96400011062622,57.30696147406873
63.365999441146855,59.44533818154695
62.78099830389023,58.81185514850715
58.95799839258194,55.41840078695772
51.53999812841416,45.095090258505735
39.70999977827072,30.59386745118747
22.48300063729286,15.677681125966277
8.781000291109086,5.383069965528492
0.8230000288411975,0.9094312850291223
0.0,0.45565411647007614
0.0,0.3572132511721798
0.0,0.3112831257708114
0.0,0.31843549384388425
0.0,0.4062358448712595
0.0,0.31362716721072603
0.0,0.26647112822460733
0.0,0.3020860566622486
0.0,0.41985279386634666
0.0,0.6815947274419393
0.5210000135004521,2.054691087041332
8.950999673604965,10.038858187543575
23.16300022125244,23.9604222019352
38.96199920892715,38.89746112218042
51.88099923372269,50.756677977291154
56.97200072526932,57.032421505482404
57.56400181293488,58.82138630623931
61.09299969911576,57.51108830517531
59.208998374938965,52.85871600612944
52.16800130844116,40.73867369737531
40.22899844884873,25.828140808549364
16.000000057816507,12.4038136156814
5.796999790966511,4.149999360285761
0.6519999748840928,0.7031220307503213
0.0,0.3817570592019743
0.0,0.3232716927166403
0.0,0.2961317975012751
0.0,0.31895438818115596
0.0,0.3841040826660406
0.0,0.3059889250939802
0.0,0.26613673313738717
0.0,0.31489386903602407
0.0,0.4615001896863299
0.0,0.7934950066392812
0.1590000037197023,2.201427106456407
7.710999948978424,10.562328996531928
20.894999856948854,24.896623484146208
35.693001828193665,40.521814713801284
48.513000206947325,51.96729115510806
47.08100096225738,57.06524713356122
60.80499939203263,57.74691489299977
60.621998341083525,53.818469475651824
56.57200121164322,44.48150302685889
25.847000572681427,28.58864905571044
17.51499944806099,15.70455811445754
15.28799952685833,7.190953759562035
6.399999920427799,2.3559879359475286
0.1580000062193721,0.48666412728853026
0.0,0.29262725540441487
0.0,0.26882489439123813
0.0,0.2654952769420757
0.0,0.29140697357967393
0.0,0.5580451167178114
0.0,0.4974371188550537
0.0,0.4029248096132909
0.0,0.3870680995552623
0.0,0.44724919472740166
0.0,0.5505830847782006
0.0570000019390136,0.8391798679536557
5.692000021338463,2.6466017181278163
9.972999622225762,6.780824768173417
16.414000499248505,11.147837952803897
15.3179999011755,14.186553924087905
23.48800085306168,14.59747790432579
25.303999137878417,14.735059434572541
19.2130009162426,14.866891938594316
9.63199954390526,13.15422872976621
9.41300050854683,9.795184457868217
19.44800042510033,6.543440260321584
9.13600027024746,3.6957071514026216
3.5490000185370447,1.8330416844967832
0.1910000039637089,0.9234292058648848
0.0,0.6945590645898712
0.0,0.5609165340679262
0.0,0.4712999930115479
0.0,0.551968976828747
0.0,0.5169073613422566
0.0,0.4538496363117794
0.0,0.3708918136441184
0.0,0.3691414188210232
0.0,0.44870342036236605
0.0,0.5952447360538092
0.1270000034756958,1.035329693125365
8.38200003683567,3.7604270659678454
10.45300047636032,9.700716125777472
14.906000032424927,16.29408313056971
23.309999179840087,21.2344895712284
42.36399975538254,21.969873713061077
41.50899935722351,21.06171079087568
24.52000058412552,18.98734333472701
13.599999895095824,15.375809614781577
11.56400023460388,10.946161390058784
16.773999856114386,7.135901479839289
10.687999985218047,3.8835177522048006
5.0000000822544095,1.7722505713583727
0.1739999983180314,0.7941384831539415
0.0,0.5696001207543047
0.0,0.4599436215437682
0.0,0.41453995954291384
0.0,0.5191145964286386
0.0,0.4227223632729217
0.0,0.30828670140615433
0.0,0.23229228169204713
0.0,0.24041292198074282
0.0,0.29224557182029415
0.0,0.3834867170577205
0.2139999946113676,0.9651212734691754
9.197000278234482,3.9540349740100185
5.730999891757965,10.589261308256525
7.123000006675721,19.263733392385326
20.903000093698505,29.970076390644476
41.294001467227936,41.00241586995528
55.65999886989594,48.92665561357048
62.66199914693833,52.659392371019514
58.73199940681457,51.343606094749376
51.15900200128556,42.05380543518266
40.71100090265274,27.59553449160653
21.14299898028374,13.9429132526663
6.759999790787697,5.423465567154688
0.5580000172927976,1.2450227069736737
0.0,0.6060280201169589
0.0,0.3907292128541057
0.0,0.2966963710444976
0.0,0.3280638091972577
0.0,0.36624506074238505
0.0,0.2789289338834467
0.0,0.22899871575285285
0.0,0.2515527536429586
0.0,0.325033854045482
0.0,0.4740049044128626
0.0449999998416751,1.4398434416873243
4.4620000791549685,7.0976781544553145
12.50400032401085,18.594604556087546
31.135999194383626,32.719535400750225
48.23899980068207,46.140275607791224
59.1789980006218,54.40457245668213
63.84200017690659,57.35112830214514
64.1650002360344,56.9574677419213
60.979998152256016,53.182135347134796
43.95000201702118,41.80387091777514
33.63700054883957,26.793746242510867
19.724999636411667,13.383874623542189
6.831000094711781,4.742752141337194
0.3649999862350523,0.8677049726581904
0.0,0.4284093024737491
0.0,0.3217385803972581
0.0,0.2784703492535319
0.0,0.29594491136953927
0.0,0.473488727305237
0.0,0.371933072261202
0.0,0.2870438395912089
0.0,0.2883377137367107
0.0,0.3482186434956503
0.0,0.45693440042946754
0.0449999998416751,0.9524229628971039
1.3049999793618918,3.688771363789322
6.811999789178372,9.706130253451237
15.481000360250473,16.982235412495427
19.362000447511672,24.694408966359564
32.299999750852585,31.2697149903303
35.12400116443634,36.57260023409716
36.56700150489807,39.10999436785227
34.88900165557862,36.59520329846026
32.381000350713734,27.530166681527547
26.56799957275391,17.503011050816106
12.142999653816224,8.837158616841942
3.3219999761879446,3.475627253542207
0.2249999992083758,1.0007884820233264
0.0,0.5688507589309802
0.0,0.4060352635324733
0.0,0.3346562516896918
0.0,0.40329724801466865
0.0,0.39074527212984994
0.0,0.2998853019140974
0.0,0.2519032331358942
0.0,0.27647753102540895
0.0,0.3605002160424134
0.0,0.5437695979758925
0.2600000080000609,1.7067475084113755
7.477999985814095,8.478636345211362
18.390999697446823,21.15316240710672
30.02499943614006,35.60010939285146
48.45400179862976,48.28897091801219
59.38700004816055,55.64503301559741
62.477999863624575,58.119871049697416
62.43600016117096,57.55105425502414
59.54799890756608,53.94739512425541
49.57999969005585,43.28916185046222
33.205000088214874,29.00449463807438
20.053999359607698,14.739507511843545
7.222999885082245,5.087564988486932
0.4259999942220747,0.8780106154338556
0.0,0.4380609706079211
0.0,0.34131673162083576
0.0,0.298529382555569
0.0,0.31861919466185595
0.0,0.4844379948265496
0.0,0.390139549247295
0.0,0.3271430725734285
0.0,0.34396210749273487
0.0,0.43346648447553754
0.0,0.6133418308397521
0.2529999934043735,1.4696598862565395
7.712000235319138,6.582875349797055
20.98300040721893,16.714104883611082
35.03499827384949,27.763251454810025
40.000998890399934,37.528417083173515
22.7760003221035,43.472498164337495
43.333998165130616,45.80507525480719
57.283001456260685,44.9262615366665
44.01100099802017,40.56164410331726
37.60100180864334,31.072042924131985
36.89799974679947,21.20383809243862
19.326000409126284,10.976372772156916
7.898999864161015,3.894659084416652
0.634000019878149,0.9569492283942417
0.0,0.5332549739694612
0.0,0.4065668231811531
0.0,0.3612232838464069
0.0,0.4197095905953454
0.0,0.3552477810027838
0.0,0.2851002262726203
0.0,0.24189066557545724
0.0,0.26954675275028395
0.0,0.3623886731783689
0.0,0.561843514602342
0.0190000006463378,1.6155105358101909
4.918000223040581,8.475188242995278
19.94500101208687,21.53951506747194
36.45600053071976,36.750693902983286
49.78499882459641,49.00360384313552
59.09199979066849,54.79774843737192
63.93099895954132,55.57888124112013
64.00999898672104,51.43223191299167
40.22000203371048,42.41123946695417
36.093999574184416,28.518947901512547
30.55699977517128,16.926355514178233
13.53000039100647,8.265936522848111
3.6130001153051854,2.787772333762884
0.2339999927580356,0.6265171484686501
0.0,0.35195645661506764
0.0,0.29346107568340574
0.0,0.28026389317748335
0.0,0.30098124491973305
0.0,0.3773840835682037
0.0,0.2950749459334351
0.0,0.24968283342576353
0.0,0.27489978020891337
0.0,0.3571523590728507
0.0,0.5313612690314187
0.0510000008903443,1.6176292546450994
7.082000077068806,7.916127081569437
20.62600088238716,20.063304757966986
35.830002031326295,34.12104929190492
49.077001492977146,46.754933953922034
57.51899919748306,54.396354043242894
61.72299934387207,57.152435735258976
63.05400047779084,56.70684577390612
59.50799977779389,53.14261085543737
51.91599898576737,42.40441414046212
39.18400115728378,28.27921548629201
21.097000186443328,14.29647841271545
7.444999779462814,4.9558950769597425
0.4529999909177423,0.890623935144803
0.0,0.4503849929540311
0.0,0.3486751773969979
0.0,0.3043258620445336
0.0,0.32042459094473374
0.0,0.3846170127254274
0.0,0.31228393236107066
0.0,0.26936725898030556
0.0,0.3025817043625169
0.0,0.4091848370367228
0.0,0.6378937995140317
0.0,1.8133552332954834
5.676999834179878,8.528454800991648
20.217999078035355,21.264759628870188
33.263000264167786,35.45925531605528
48.92800196170807,47.321415738756556
58.99699928998948,54.004175644926505
57.077998213768005,56.142025796306015
60.50499975681305,54.812798849505526
48.43400017976761,49.87236515027358
47.67699908733368,37.04178067961804
37.86699992418289,22.525058931780197
18.337000666856767,10.57896110667231
4.0329999640584,3.615964029503389
0.068999996013008,0.674921238427674
0.0,0.3748969174551291
0.0,0.3171275183988669
0.0,0.29209198338211684
0.0,0.3187098751104417
0.0,0.3726701765208675
0.0,0.292353809131831
0.0,0.2489384481070357
0.0,0.27586868020146704
0.0,0.36797484843095896
0.0,0.5755362141292933
0.1009999962570145,1.7618152193635703
6.36300010919571,8.735991109679613
19.615001002550127,21.64633885146929
32.80400028824806,36.39037281026779
39.88499853849411,48.88890256230057
53.92599941730499,55.71123903453319
59.16100106239319,57.68579156178957
58.46800186395645,56.24804958234361
58.53499845504761,51.266305055075506
29.879998996257783,38.95514484950644
19.091000900268558,24.77663721573611
18.21400036454201,12.259207644863526
4.649999994337559,4.138726903633108
0.8750000272318721,0.7580463509565729
0.0,0.3960658086567823
0.0,0.3214410302502181
0.0,0.2904316667342843
0.0,0.3089075338638646
0.0,0.4854524568457985
0.0,0.4222410119366621
0.0,0.3504008016612051
0.0,0.3645250793209768
0.0,0.4609071822250484
0.0,0.6411533459384828
0.0,1.207110630310055
2.135000022798777,4.529654126778952
13.527999818325045,11.629724410803759
24.14199915409088,19.936186427578864
25.806999388933185,26.997423866012312
40.19300046443939,30.136104655298876
34.73499863862991,30.846839835134393
37.83699954986572,27.542788630840647
21.40800091743469,20.989315817098817
7.299000080227852,13.212267545911352
3.208999969810248,7.81763963674416
1.566000000908971,3.9788165912282665
0.1460000041220337,1.5987308082782559
0.0,0.5853417353795117
0.0,0.40536504455161254
0.0,0.34130190756815143
0.0,0.3239619533179779
0.0,0.41640237875319375
0.0,0.5243491511126569
0.0,0.4769631703247012
0.0,0.393231768147317
0.0,0.38608351086630505
0.0,0.44454559992136716
0.0,0.5469428383344296
0.0,0.8430535745020188
0.1140000038780272,2.543972778294909
1.7710000340640546,6.588506529477284
6.677999931573868,10.856944060601508
11.027999777197838,14.063152552213047
12.46299988090992,15.099492074516952
4.939000074267388,16.199414520848944
27.718000228405,17.39958164253067
26.829000364542008,16.046472028973117
9.545999566316604,11.542301056803865
14.56399966776371,7.502457268789772
3.41599993377924,4.083655258111758
0.0,1.8546576627387015
0.0,0.846641883550035
0.0,0.6259066463775829
0.0,0.5175544173838662
0.0,0.44521802759608753
0.0,0.5320145443282065
0.0,0.39124629003177347
0.0,0.32254637911011236
0.0,0.27939066466529877
0.0,0.32233093549037056
0.0,0.4551691734862838
0.0,0.7381109146738585
0.0129999995976686,1.9120427219968175
5.307000181376934,8.605510726451662
16.051999542713165,21.087163950861726
31.30600063085556,35.29458566130839
48.77399894475937,46.89828299919147
55.771998076438905,52.94819422651921
52.33399954557419,54.45563272548915
56.75600049495697,51.10118942527574
56.76399867773056,42.77684709858722
51.23800202846528,27.917442179197224
20.1800005209446,15.585160598604915
2.454999993145466,7.19031303284633
2.435999944359064,2.43977845548289
0.0629999989760108,0.5250547642475303
0.0,0.31762597944007903
0.0,0.2836331348616954
0.0,0.274538901628369
0.0,0.3089416288215042
0.0,0.443555447982077
0.0,0.353749219301911
0.0,0.2948505328684445
0.0,0.3181055862485738
0.0,0.41354094762612803
0.0,0.601397858980072
0.1510000076703727,1.5308917201323886
6.033000099658966,6.561350172998226
19.886000549793245,16.614549459217912
29.586999311447144,28.27335132471219
27.749999121427532,39.38826598991208
39.01799881219864,47.24713094087946
38.71399803161621,51.33068921410759
48.34800020217896,51.85623680440951
55.90000186443329,48.454588374847845
51.01500184774399,37.57832954129806
37.41300137996674,24.16955838856385
16.313000334501268,11.717924962498781
5.452000107765198,4.071361552598501
0.0629999989760108,0.7938651424364438
0.0,0.4362915101454517
0.0,0.3474261011121571
0.0,0.3056196352668572
0.0,0.346664093036303
0.0,0.5179960621341799
0.0,0.4252861454983795
0.0,0.35001650808286006
0.0,0.3625160997821712
0.0,0.446765171777002
0.0,0.5974821616783015
0.0380000012926757,1.2252660863215108
5.924000211656094,4.7346739111549
19.64100023150444,12.238837420797285
35.075001511573795,20.49563902329002
45.44399847507477,28.064876237204235
22.53900024056435,33.34120363627976
34.38499906420708,37.071657501257484
31.86600077152252,39.13338482747583
31.36900018453598,37.388910840882644
32.68400084495544,29.19389662676471
28.80699984908104,19.59364574363149
12.851000066399576,9.757359310078446
4.525999919176102,3.568502193950139
0.1319999990006908,0.964205274203933
0.0,0.5736731589786748
0.0,0.438175489885073
0.0,0.3795885255589909
0.0,0.4577481171774368
0.0,0.36904287128446367
0.0,0.28123962919772566
0.0,0.22650356279122671
0.0,0.2433040552304079
0.0,0.30493225797373713
0.0,0.42548968471577775
0.0,1.1981919385189432
2.75100002348423,5.410810219511234
8.027999830543996,14.374185426946392
16.234000307321548,26.056040914458467
33.550000284910205,39.0290380948879
52.00300130367279,48.97643458202885
59.6720015501976,53.79694502866404
63.04799875974656,54.722611915533435
58.29000019073487,51.80626762232207
43.38400015830994,41.37783884808067
37.32799963474274,27.41202379782693
18.73000023007393,14.019034695282809
3.4679999321699144,5.140757487995349
0.0510000008903443,1.0464199944963601
0.0,0.5092157432606517
0.0,0.35651285162502766
0.0,0.29320575566144197
0.0,0.3116023466131269
0.0,0.38953339456511765
0.0,0.3315601345713056
0.0,0.282204355670533
0.0,0.3109247006913092
0.0,0.4132204836395429
0.0,0.6225660727353526
0.1009999962570145,1.4110051858496035
4.34999984562397,6.0214386920443665
12.263000124096871,15.678896336437473
28.83999902844429,27.33527587177449
40.40099840402603,37.72865271517524
45.24300048589706,43.293554726264915
41.34199877977371,44.43533996396785
40.269999918937685,40.702226389321325
38.21000160217285,32.25460616508637
23.63999918937683,19.61788243731918
15.31299949645996,10.662369402322764
4.864999938309193,5.0073334901808355
0.4929999872110784,1.8390089278032424
0.0,0.5176243762145514
0.0,0.32730596706186277
0.0,0.2807901395586511
0.0,0.2680709699414426
0.0,0.3217925289765969
0.0,0.5167694128955178
0.0,0.4799990261522559
0.0,0.3961485200166199
0.0,0.37909061637085056
0.0,0.42328905353170065
0.0,0.5074182948152796
0.0,0.7366062726456998
0.0,2.1129241928139044
0.1980000025127083,5.428157362361011
2.53500004991889,8.938556390672161
4.063000081628561,11.368005337587803
6.567999757230282,11.632484725232036
8.933999940752983,11.965701673298339
11.580999967455863,12.755579219878992
10.547999950051308,11.714084627531069
10.1290001308918,8.374578485004527
5.796000018119813,5.385601037530535
2.2459999699890614,3.0136085829936388
0.166999999769032,1.5609671926299749
0.0,0.8559815215195562
0.0,0.6780495755751331
0.0,0.5882169706453003
0.0,0.4998360205412766
0.0,0.5508093582268435
0.0,0.5072212949464777
0.0,0.46785029019100416
0.0,0.3856676706433571
0.0,0.3739110950711234
0.0,0.4235252990788623
0.0,0.5142303273315977
0.0,0.7694597031831959
0.0389999987930059,2.316122799741831
1.5150000321120023,6.059963091694934
4.0790000416338446,9.974735771263134
5.101000247001648,12.62606990767759
8.468999787271024,13.022802155871238
9.403999985456467,13.426532417809915
10.71000012278557,14.135456335732547
10.052999935746191,12.826749107495125
6.01200024843216,9.088095623309753
5.93399999409914,5.841692300902151
2.979000095427036,3.255086815659098
0.6959999932721257,1.6462816706230317
0.0,0.8565822539381677
0.0,0.6574952701880823
0.0,0.5544883034096086
0.0,0.4695016379156818
0.0,0.5370758876284092
0.0,0.3823470586926505
0.0,0.3265884338628557
0.0,0.27763028727739364
0.0,0.2992420405983478
0.0,0.3877503426002128
0.0,0.5728174413327661
0.0,1.3860464163522088
1.7790000140666962,6.248710245315577
6.627999992370605,16.369202201176268
21.278000664711,28.524788207604146
36.393000977039335,39.32025393654746
49.14900156974792,44.94860346974045
49.619998819828034,45.93442966901518
38.942999930381774,41.63207309553642
28.9549990940094,33.00315629900158
30.52400059580803,20.852371757286722
21.336999073028565,12.05345082032349
8.232000219225883,5.893562743684124
2.8810000194609167,2.161680111481689
0.0449999998416751,0.6094647974046989
0.0,0.3730917802945478
0.0,0.31028045724424475
0.0,0.2926790825722284
0.0,0.3392048006003795
0.0,0.3566366397840233
0.0,0.28870149855727745
0.0,0.24681659739564954
0.0,0.2810441440691325
0.0,0.384632793164379
0.0,0.606400473082868
0.0,1.7366636005761054
2.520000119507313,8.408054697885238
10.879999505281448,21.276127684305614
33.320000153779986,36.18375927178769
47.68800018310547,48.624143282723054
58.390998301506045,55.35673948360369
60.15300166368485,57.19865911173597
57.6769992518425,55.3105065396055
53.98600016593933,49.26582967091006
47.53299893379212,34.82389949695502
34.91199797153473,19.759800891472413
16.463000152111054,9.001404171523319
3.388999904990196,3.091796680174615
0.0,0.5933777930802361
0.0,0.3310919998377383
0.0,0.28174576081389185
0.0,0.2632494216160106
0.0,0.28509661874174397
0.0,0.3649979559189817
0.0,0.2901420719889338
0.0,0.24754510942775942
0.0,0.27391383523167484
0.0,0.3604163364451736
0.0,0.5495328982756796
0.0129999995976686,1.6850887479133465
3.5230000193417075,8.42174783285057
15.955999782681465,21.25220314759183
35.94200123786926,35.733701491439774
49.23800035238266,48.11765053401754
59.34200154066086,55.183382368490214
54.58199829101563,57.432849159489024
53.31999842882156,56.50732072262096
54.18599992275238,52.36181380661271
48.71200173139572,40.732373718836634
35.342001967430114,26.25425549801485
18.385000033378603,12.863213474502395
5.640000022947788,4.41684617974181
0.0749999970616772,0.807982551686701
0.0,0.41647920001907945
0.0,0.3299501251599571
0.0,0.29286328046060983
0.0,0.3112688340996763
0.0,0.3834044601248894
0.0,0.29913581559818836
0.0,0.2498817112289213
0.0,0.27316430966759525
0.0,0.35512719994504893
0.0,0.526501121586928
0.0,1.5348622269342176
6.392000197172165,7.373309370376672
17.070000399947165,18.843457113643627
20.984000693559647,32.36228938396235
46.56599932909012,44.863880511448784
55.31099958181381,52.7245985787386
56.31000013351441,55.760284915228425
59.39699880361557,55.43678299647615
57.58500166416168,51.75612666077359
49.25400082588196,40.76678332549661
35.938998324871065,26.65261474586843
18.648999630212785,13.146950643645754
5.402000168561935,4.575552991616383
0.0439999983296729,0.8583440469289076
0.0,0.4385274156342922
0.0,0.3367505669576574
0.0,0.292444844029464
0.0,0.3166483086708637
0.0,0.3540900340372244
0.0,0.2849320999775553
0.0,0.24625340802603934
0.0,0.27680883967986714
0.0,0.36929750172238607
0.0,0.5702245059406672
0.0,1.7830587922099324
5.581000074148179,8.9943816901591
19.236999572515487,22.457319072361003
34.725998115539554,37.36544279341409
49.1599985575676,49.65731112862455
55.33199943304062,56.3843089545842
58.42000044345856,58.4114146978079
62.807999873161314,57.37739699806595
58.60100092172623,53.19514503567705
49.82699852705002,41.415376043451495
35.331000871658325,26.545760780107226
18.31299995660782,12.896080972645128
5.26600025177002,4.394747779050887
0.0380000012926757,0.7799451075002677
0.0,0.4064308215706151
0.0,0.3286619337635232
0.0,0.2932907320594582
0.0,0.3066014104355609
0.0,0.41367929856662095
0.0,0.3326205303962913
0.0,0.2826165642638037
0.0,0.30659608095040325
0.0,0.39971342756414385
0.0,0.5968669022365992
0.0,1.5982653369708937
5.427999911010265,7.611155764312687
17.915001015663147,19.27283138779573
32.2479992389679,32.19214019304343
38.538999271392825,43.19097470369769
43.74999815225601,49.63311887201572
47.37400064706802,51.85519300577879
50.11999821186066,50.441704149045464
46.30599882364273,45.455793548805914
47.48300104856492,34.07934283977973
27.84399933576584,21.960726405292032
13.993000485301016,10.736599220860082
3.4010000033676624,3.6937813686290983
0.0,0.7943523053685337
0.0,0.4358677316356581
0.0,0.34775578309649396
0.0,0.31351617307011387
0.0,0.3523794926623772
0.0,0.4157924219711157
0.0,0.33902275438340457
0.0,0.28551525769046177
0.0,0.30851911827951534
0.0,0.3874339779972051
0.0,0.5420494183166209
0.0,1.3729091880297342
2.5620000787079333,5.915290863152619
14.59400004208088,15.543122663308163
27.9669996380806,26.66999513466401
41.51199816226959,37.404292097520624
26.76199966549873,45.07009531628059
34.29499999523163,49.412357256447095
38.86800104856491,50.62507725311892
43.40400177717209,47.99891198289086
48.07499802827835,37.71061957829979
34.15900007843971,24.94424987740067
15.534000131487849,12.302301615005877
4.206999978423119,4.345198160611276
0.0,0.88020290675187
0.0,0.47183604666547885
0.0,0.3638769150725969
0.0,0.31725528369543293
0.0,0.35876600231908967
0.0,0.36880739158410036
0.0,0.29666814568262967
0.0,0.25468209737035624
0.0,0.2870186544986815
0.0,0.3867074785267331
0.0,0.6018479637022092
0.0190000006463378,1.7875837858617485
4.961999984681606,8.784336047210285
13.907999767065048,21.97254585246078
34.10799985289574,36.88772214521639
47.232999298572544,49.101481402967686
53.67600177526474,55.60722317917143
61.664000935554505,57.44136983557386
58.33899984359741,55.74732446858472
55.97200194120407,50.2955682929087
47.95000126123429,37.02917381987783
34.5789991569519,22.37457357550484
14.72300000846386,10.528376805081184
5.954999845325947,3.60422936194085
0.0,0.6673189935990083
0.0,0.3650928187397123
0.0,0.3068412990185351
0.0,0.28238250695557576
0.0,0.30351381208627143
0.0,0.35329675593653803
0.0,0.28312635846022566
0.0,0.23845990863296598
0.0,0.26063448595318933
0.0,0.3341678141456239
0.0,0.4874588434494414
0.0,1.4380264595155452
1.4330000445246698,6.867417055249032
16.945999811291696,17.970468182690784
22.13599986791611,31.56953889489317
40.72000142574311,44.52336109830866
52.308998548984526,52.68128398489874
54.70699916601181,55.75658641411462
47.70999826669693,55.277237033226996
56.79100024700165,51.14979584434681
49.551999888420106,39.13266162542331
27.232000737190248,24.514533969681462
15.707999632358552,11.905620520631484
2.8689999210834505,4.20448326264984
0.0,0.8096875029086407
0.0,0.41567724244145343
0.0,0.3205413917163057
0.0,0.2801023689700542
0.0,0.2978394923890409
0.0,0.36510859057292994
0.0,0.2936488088408556
0.0,0.25225383944969104
0.0,0.2802728993665099
0.0,0.37097158988476386
0.0,0.5686205797017201
0.0,1.721767983463823
4.412000139951706,8.589567407403727
17.60799937605858,21.619805825066518
33.66099920511246,36.217799125881406
45.35499969244003,48.412374461512556
55.278000402450566,55.13056672800082
41.68000108003616,57.156698721293345
47.70499888896942,55.999544134059136
55.289999730587006,51.53292613772837
45.88700003147125,39.42780734373851
33.023999609947204,24.75553267168292
16.81299972653389,11.841065702608846
4.387000170350075,4.05686712590631
0.0,0.7487772303139703
0.0,0.3940180938862674
0.0,0.3195954337540362
0.0,0.2866837354699376
0.0,0.3075730157539291
0.0,0.3250390900300248
0.0,0.27082851966024973
0.0,0.23643378525462852
0.0,0.2661828179951363
0.0,0.3523467791583754
0.0,0.5387171853293363
0.0,1.6602630108367773
4.864000165462494,8.426326536662735
18.195999318361284,21.689707354114734
34.59799843549728,36.51140795264993
48.50899906158448,48.84836443578764
52.81700023174286,55.58767924591018
58.27300148487091,57.49430781921319
56.570998871326445,56.258414807097964
56.07799942970276,51.584074498017344
50.1350004529953,38.72270133274784
34.26599990725517,23.64320953603712
17.166000159978868,11.18195491459796
4.090999883264304,3.858519282356131
0.0,0.7282722464842695
0.0,0.3844150868770899
0.0,0.3109717341032323
0.0,0.2786755513490963
0.0,0.29223054481497385
0.0,0.34373089328161066
0.0,0.28751845573460266
0.0,0.2534476535685127
0.0,0.2957553978571294
0.0,0.4131393657447391
0.0,0.6718712961077596
0.0,1.8518620831344468
4.177000117599964,9.060966393351825
14.864000329971311,22.885456834269384
32.21999943733216,38.10631866103756
47.36299955129624,49.55143971305985
55.5789982700348,54.9543616568498
59.1980013871193,55.74601059135934
58.84399861335755,52.294301041650584
53.41900007486343,44.173852963016756
28.695000642538076,28.49237028570523
22.4330006980896,15.180840462348996
5.461000117361546,6.769826843407267
1.0829999566078186,2.3341753870513826
0.0,0.5009351438965106
0.0,0.29755225934411383
0.0,0.26591899041284595
0.0,0.25696930477335916
0.0,0.28344894632651974
0.0,0.4740539941968856
0.0,0.44142980308140417
0.0,0.3735283134238306
0.0,0.3715005211140754
0.0,0.4287818471022258
0.0,0.5338847905919321
0.0,0.8522236824328004
0.280000006146729,2.680421285028791
6.9800001394748685,7.046901467483947
7.939999793767929,11.792367689362273
17.556000918149948,15.346895551247602
10.944000372290612,16.20556227039517
16.93899986088276,16.61529712377029
21.588999341726304,17.1700500272401
11.14100029706955,15.386619649937522
23.55200069308281,10.59699395417259
11.855999633073807,6.659874205795953
4.363999746441841,3.5280049859934905
0.8180000092461706,1.6423390648969987
0.0,0.7865037164108589
0.0,0.5887595815028852
0.0,0.4967440620450602
0.0,0.42728557847042786
0.0,0.4866983478137734
0.0,0.32320967265526157
0.0,0.27436361018618716
0.0,0.2395712716612293
0.0,0.26744765304499896
0.0,0.3471457019490499
0.0,0.5207462957649174
0.0,1.552364125904236
3.851999999284745,7.488402875286779
16.73399969935417,19.708622343050045
32.45699951887131,33.77231380669005
40.80400083065033,46.23247451649757
43.388999536037446,53.48083446248735
58.72499945640564,55.88115290877756
58.471000669002535,54.86748704683939
55.10600044727325,50.12582354862514
46.12899949073792,36.92164953012598
30.829999895095828,22.185821148120063
15.33700020670891,10.548534519245898
2.962000105828047,3.7102761821666026
0.0,0.7191242940906256
0.0,0.3827317662151246
0.0,0.30910573951240616
0.0,0.27589409999147085
0.0,0.2927589914844166
0.0,0.359210905442362
0.0,0.29353580399020224
0.0,0.25107570408976987
0.0,0.2723420982793257
0.0,0.3444871606877506
0.0,0.49735181337560197
0.0,1.4284198035533722
3.8509999696910384,6.877070931143285
15.000999506115914,18.21438907992262
29.26499953866005,31.493941011739256
45.0299990606308,43.64694577241086
48.19999890327454,51.17900480608219
60.05300178527832,53.9364494729548
62.87599880456924,53.59477813870139
60.43099910736084,49.66523423176634
50.89299977779388,37.59928541908682
34.73400040626526,23.36100514726663
17.30099979043007,11.143167252349448
3.620000065714121,3.9640360620107185
0.0,0.7910299231584945
0.0,0.41283007702641966
0.0,0.3209899087852975
0.0,0.28031984841889696
0.0,0.30686905700285605
0.0,0.34146063471831645
0.0,0.2897869656879219
0.0,0.25438475052631343
0.0,0.27886646271846816
0.0,0.3588321683084363
0.0,0.5303755350825856
0.0,1.5436253765680612
3.735999904125929,7.862129510075623
17.690000262260437,20.591274248049505
33.624000934362414,34.60170095447158
48.87599939584732,46.126734601887954
54.56299901247025,52.3246006624157
53.34799823045731,53.721901448677016
44.1929997086525,51.89851202433015
47.33099860429764,46.707963160020086
41.73499834299088,33.88945964577633
32.72600054740906,20.460994317095533
16.754000291228294,9.618607148686772
2.3409999571740627,3.3874038033135463
0.0,0.7469728404205462
0.0,0.4051893924911646
0.0,0.3237077521926589
0.0,0.29071675205336217
0.0,0.3129710156244036
0.0,0.3349940616378698
0.0,0.27979400505096697
0.0,0.24404751538906194
0.0,0.2737330092748852
0.0,0.36120068260244426
0.0,0.5513819087496984
0.0,1.6561830148081014
3.1600000602006912,8.364832559844348
17.26000037431717,21.673689135105857
32.93599905967712,36.29633564988639
42.3039990067482,48.202657395359154
48.45299945831299,54.72156695370562
54.64699841737748,56.60446893518514
59.570999331474304,55.28942850964876
55.89400014638901,50.47222166563163
47.56200107574463,37.26234175593514
31.63500035405159,22.11993028691125
15.599000257849694,10.211928249005187
3.1889998914301394,3.5570191010439083
0.0,0.6854656015972149
0.0,0.36668681149920057
0.0,0.3006279690022043
0.0,0.2718250335308681
0.0,0.2924165910034164
0.0,0.34271559089308623
0.0,0.28006753322429623
0.0,0.24225541242689133
0.0,0.27295521882754215
0.0,0.3644613638346795
0.0,0.5640198903786939
0.0,1.7077130427665246
2.4390000331401827,8.626721451639437
17.02899995684624,21.957613908134473
31.767999411821368,36.846102930655114
46.60500022649765,48.94284480219835
52.30399917125702,55.446327571511176
53.64200025558472,57.31000499095537
55.1839981341362,55.80789117692733
52.645998508930205,50.76493472539498
43.66700108766556,37.71308456621561
29.999000207185745,22.74820317760946
14.43799953341484,10.622797111008744
2.728000113070012,3.647586866289784
0.0,0.6862406007572741
0.0,0.3661779515127852
0.0,0.302125310324013
0.0,0.275189568971716
0.0,0.29442781537866797
0.0,0.333630698572403
0.0,0.28436512076238574
0.0,0.25279362645110814
0.0,0.3039792961703393
0.0,0.44483503064039626
0.0,0.7584815147314421
0.0,2.0231761737195155
3.562999919354916,10.163255135455907
15.678000285029412,25.153414862967473
30.967000098228457,40.916041097346614
44.80100126981736,51.69878988978722
52.54599863052368,55.99685785561904
55.49299829244614,55.63276221774558
52.74599838733673,49.81460759567385
44.60600089073181,38.33482898709057
35.05999927043915,21.924954951277876
21.46199994802475,10.815262684034462
11.525999623537064,4.720134396883475
0.94299998562783,1.6176370666690822
0.0,0.40900000869476394
0.0,0.2559301392265349
0.0,0.2361430495023478
0.0,0.2377427069707571
0.0,0.2701969840748871
0.0,0.3108200734466263
0.0,0.2711066506545539
0.0,0.24080823498297788
0.0,0.28256076314266904
0.0,0.3926204635250385
0.0,0.6398960620705657
0.0,1.7114193385434273
1.6320000284910203,8.254681405988384
11.650000212192536,21.448729903347374
22.910999952554704,36.58781795796257
41.45200152158737,48.515429257276836
51.513000667095184,53.991819708171235
55.44700155258179,54.32719242530756
50.12300112485886,49.9325917860404
35.068999793529514,40.10854236850661
19.76699933886528,23.27840154745826
8.687000076770783,11.299403381243405
4.20100005760789,4.961845095626146
0.2100000046100467,1.7913706569714176
0.0,0.4369311026984618
0.0,0.2640607149632184
0.0,0.23679697958407053
0.0,0.23151452109596657
0.0,0.26191612640926776
0.0,0.3376871399551556
0.0,0.2963627290957053
0.0,0.2619334703341471
0.0,0.305819258281445
0.0,0.42120445653733446
0.0,0.6617723514033602
0.0,1.6289763947244424
1.5079999533295632,7.667706539674185
11.289999828338622,20.06748812434564
25.60599934577942,34.35947011251359
34.34499993443489,45.59323572108996
48.57800033330918,50.58239216284592
51.66499900341034,50.645431500917454
42.76199869632721,44.901060867242045
44.43200036287308,33.91552425132535
28.07999913096428,19.03730351610462
10.62800026357174,9.665106858242185
7.973999772965908,4.422050903032312
2.7780000522732737,1.6147532686924937
0.0,0.44500723796565905
0.0,0.28337889835223606
0.0,0.2535018081522479
0.0,0.2497079265216084
0.0,0.28866005188882715
0.0,0.3244919072895367
0.0,0.27504639772114425
0.0,0.2400726012923367
0.0,0.2654401292056711
0.0,0.3415374532844817
0.0,0.5133975199121117
0.0,1.5388323103149053
1.738999985679984,7.271453946613448
14.22399987578392,19.152179128711776
28.059999566078183,33.405182249212
40.88199851751328,46.290286730609424
46.7840001320839,53.62857783431484
42.48799829006195,55.899589526135145
43.39500125408173,54.695578455045734
47.30799818038941,49.54219604546394
39.80799908399582,35.77008915629674
27.330000042915344,21.01599004899306
12.837000165581705,9.9479741615466
2.1819998732209207,3.521395682840426
0.0,0.6827479955769344
0.0,0.3635223565342652
0.0,0.29697586064933074
0.0,0.2674578192455016
0.0,0.2854905664706962
0.0,0.3398435374771635
0.0,0.2834503328423862
0.0,0.24630217326771736
0.0,0.2747500509665194
0.0,0.36106797944317104
0.0,0.545858592019184
0.0,1.568451615468507
1.4919999933242798,7.599315488878014
14.004999813437465,19.962864633566486
28.791999661922457,34.223066052727
40.806999635696414,46.338845113750686
48.42700022935868,53.21562766269584
54.706000933647154,55.27902292682852
53.83400182962418,53.806361821498214
49.98299800872803,48.37972540762537
41.92600168466568,34.53472163130595
27.929999313354493,20.018717290091903
13.132999682426451,9.245530161098765
2.1419999732077124,3.2729387928002764
0.0,0.657933128831329
0.0,0.35960102585739673
0.0,0.29528907745834515
0.0,0.26690549721466167
0.0,0.28905389727307973
0.0,0.3320804276493007
0.0,0.2926608738702312
0.0,0.2535346101792935
0.0,0.2816971955122888
0.0,0.3643249987037316
0.0,0.5310051342464649
0.0,1.3232317864241687
1.111000014990568,5.64518563673302
6.591999953985215,15.27709451969967
15.585999616384507,27.10549844711162
37.37699928760529,38.553558714500035
42.72899951696396,46.059556508761005
49.7140010881424,49.18210352868997
37.7690006184578,48.1830295661908
48.27100074768067,42.41711795732264
37.97499798536301,28.332799072894886
18.079000734090805,15.391909191502629
6.451999918818474,6.978870514394366
0.4460000084154308,2.5689129844306855
0.0,0.605450551166253
0.0,0.3561575906809573
0.0,0.2950634693906856
0.0,0.26687677328600345
0.0,0.29807303469822094
0.0,0.354336097256193
0.0,0.2914008240561351
0.0,0.2515632461688149
0.0,0.2803081890862069
0.0,0.3708020160628446
0.0,0.5681007136190801
0.0,1.6198444925991735
2.69200007468462,7.800470159977124
13.892999579906464,19.981000701220477
28.681998974084856,34.06201157889275
42.00699817657471,46.07502734467589
49.38099816560745,52.75909960484335
52.163001930713655,54.760562035167
50.97100157260895,53.002054313346335
46.86700130462646,47.41499607412572
38.79199982643127,34.21626851485826
26.44800012946129,20.50231076111254
12.010999855399133,9.624958439507985
1.7360000252723695,3.3467263388071373
0.0,0.6817980612674406
0.0,0.37386817828146196
0.0,0.30826726083177486
0.0,0.28158773491557426
0.0,0.3071624640384847
0.0,0.31987720742663306
0.0,0.2766484823523814
0.0,0.24625881764541235
0.0,0.29335662535115664
0.0,0.41609837872487454
0.0,0.6885987733580387
0.0,1.8471941037234825
2.435999944359064,8.815860821622616
11.970000439286231,22.55031500015193
25.94900102376938,37.775196055522756
39.83500065326691,49.40365843771637
48.26900017499924,54.942398823741684
52.41099900007248,55.660004130292165
51.08199843883514,52.0082767188545
47.51300142288208,43.206405380992955
38.49699956893921,26.287992594130046
13.082000483870509,12.900083287335377
6.494000134766102,5.545695801252595
0.3580000037327409,1.9659365308036654
0.0,0.4387578589270569
0.0,0.2639115315764179
0.0,0.23910711388197545
0.0,0.23340051092684158
0.0,0.2623300179235128
0.0,0.352482962661581
0.0,0.32065784421896804
0.0,0.2905757168897751
0.0,0.32627615064935894
0.0,0.43518586176721397
0.0,0.664141950859601
0.0,1.5992961467053013
2.1859999915957453,7.59129696881228
14.319000376462936,19.92255165954201
30.09300042152405,32.801563930618734
42.74000061273575,42.05951092958652
51.209998118877415,45.62239471026435
38.09999886035919,44.44486185478003
39.08099836587906,39.72796836831364
35.738998568058015,31.979852186962482
21.660999418497084,19.36850730869582
24.772999085187912,10.397416887561452
7.204999865889549,4.6154047731035215
0.6669999694824219,1.6983818283362933
0.0,0.5277307924875846
0.0,0.3443332824042261
0.0,0.3004742408397971
0.0,0.28747687004269595
0.0,0.33302107362983324
0.0,0.32402055714056127
0.0,0.28426622714004723
0.0,0.25358454831034505
0.0,0.29450626090796594
0.0,0.39718086459588114
0.0,0.6141412357717826
0.0,1.7031841828850975
2.6990000250935555,8.452490563999552
14.229999539852145,22.130198965818998
29.23900030970573,36.83336765271873
41.69299864053726,48.05538273814333
47.77499839305878,53.5786390924775
51.201001703739166,54.57661757185002
53.56799960613251,51.77201177082836
43.51899978876114,44.742010512488875
41.71200202703477,29.458666313040766
27.104999289512637,15.776236120603885
10.56199985086918,6.983203728476784
1.9280000588297843,2.483237400810114
0.0,0.5398914636342779
0.0,0.3174177445572334
0.0,0.277379571277889
0.0,0.26207328657924994
0.0,0.2884128315162141
0.0,0.348339117713084
0.0,0.32794948109728184
0.0,0.28542867634331925
0.0,0.3032887706703735
0.0,0.36210137502407047
0.0,0.4767471192553746
0.0,0.9385434356583664
0.6719999890774488,3.7261498977023018
3.692999915331602,10.54136102227258
3.7240000624954703,18.701082531534617
8.681000412702561,25.843143641662735
12.623999767303468,29.196921519293966
30.20999900579453,29.73377837581916
30.17599954009056,27.758395535440158
24.165999864339827,21.926256730757643
14.741000027656556,12.532907867675338
6.358999990820885,6.632923071058173
0.6230000152811408,3.2620044052985673
0.17700000686571,1.438880607342871
0.0,0.5821709077617305
0.0,0.40381788355924825
0.0,0.34030453355875284
0.0,0.3021051681966963
0.0,0.3424228253921582
0.0,0.3543948826927579
0.0,0.3264687337017249
0.0,0.28744108435393123
0.0,0.31783871162494903
0.0,0.3940577355963505
0.0,0.5363076522301176
0.0,1.1278546814780925
1.4060000157356265,4.295787302357032
13.3080004966259,11.901025567236072
26.788000948429108,20.86964173979013
13.782999919056891,29.15408036434264
22.14400010466576,35.083325235933934
39.44700046777725,38.811675489744786
29.875999904870987,39.961555942094904
28.14300073862076,35.88996701711862
40.43900106906891,23.2715397427244
15.39199952363968,12.185741554840623
5.86399997651577,5.387667022085553
1.806999944075942,2.0701315314089643
0.0,0.5776864797196061
0.0,0.3685906221976906
0.0,0.3107442060904417
0.0,0.2761192936029843
0.0,0.3124954502043933
0.0,0.29214371693516994
0.0,0.25351502173662427
0.0,0.22387702747258417
0.0,0.2544136656579871
0.0,0.3320979749676507
0.0,0.5015343198873288
0.0,1.4736065755182348
2.222000029981136,7.477865906105295
13.490000234246256,20.184924944746207
28.52400097370148,34.640427144722985
42.7070014333725,46.71475557865998
50.88199868202209,53.36120541897124
53.151001386642456,55.10573371681793
51.21199869155884,53.45478497356092
48.41199798822403,47.888020699179066
41.439998085498814,33.238000698825736
26.307000834941864,18.441910206344286
11.50600005865097,8.280540505993965
1.217999972179532,2.9581648077768397
0.0,0.6236164181614073
0.0,0.3403434863114447
0.0,0.2795527470771992
0.0,0.2545042213972575
0.0,0.27120747520505917
0.0,0.44219708864885227
0.0,0.4323817979217283
0.0,0.3788927824512803
0.0,0.3844143385112342
0.0,0.441334306962884
0.0,0.5503507780219433
0.0,0.8511774644121227
2.5080000211298468,2.641561623316491
5.319000023007393,7.035804518375944
4.210000067204237,11.71123625188196
2.140999943614006,14.736610986651893
3.1639999218285086,14.58274205408923
4.891999967098236,13.884166144390663
15.359000344276428,13.589347834775397
11.834999781847,11.658517548202063
7.8500002112984655,7.59993412337089
7.523999806642532,4.665338781680519
1.7410000448673963,2.5196420209190697
0.1520000051707029,1.289377490219481
0.0,0.7285428877914515
0.0,0.5869725001068865
0.0,0.5228714332030561
0.0,0.45578284319869017
0.0,0.48853265419362946
0.0,0.39606392560592457
0.0,0.3859949808208754
0.0,0.3393497173787395
0.0,0.34949216512645787
0.0,0.40588790468234065
0.0,0.5126787628717827
0.0,0.8450379704656311
1.4550000537186862,2.781374456772147
2.916000028252601,7.577259668674057
13.759000235795977,12.697519753515483
12.364999548196792,16.37426105064802
12.421000178456309,17.06790006608886
13.857999827861786,17.015792592563123
22.795999886989595,17.244181023521964
13.193000431060792,15.18881394149734
12.586000183224678,9.825141657961318
7.568000081777573,5.951529489395535
3.757000012099743,3.093168223029237
0.2040000035613775,1.4930062911882027
0.0,0.7741529589845156
0.0,0.5864870036926342
0.0,0.5019626299533543
0.0,0.42764532015409273
0.0,0.4562787152656032
0.0,0.35243076318754346
0.0,0.306615994935303
0.0,0.26583092319134993
0.0,0.2971461897305776
0.0,0.3907598121801465
0.0,0.582593438453022
0.0,1.4621554349033017
2.4439999243617057,7.044299947228448
12.429000415205955,18.709913179468113
24.729999096393584,31.800601678771212
38.4920001912117,42.291679838640206
49.11999942779541,47.55658085987275
54.36799863338471,48.29636328366113
49.2499996805191,44.86112213835197
39.36699810028076,37.44374136956239
32.23999900221825,23.95841009698629
17.069000113606453,13.05989373860927
9.401000153422356,5.875310809139035
0.6259999756887555,2.165979492967284
0.0,0.5806840490246306
0.0,0.35332694453113367
0.0,0.2969961256562323
0.0,0.27819048750377295
0.0,0.31952233210535236
0.0,0.33494786520879394
0.0,0.30956591369839664
0.0,0.27944100722743465
0.0,0.3172838371373915
0.0,0.41873178660367194
0.0,0.636006950571604
0.0,1.5280230992635917
0.6710000236704946,7.010587381649804
8.560999942421914,18.634618911824077
20.23299926519394,31.605394012006386
36.05100163936615,41.54222268194962
38.58599835157394,45.63412485024415
36.955001690387725,45.11519599538682
40.18300170898438,39.58917484597486
24.758000952005386,30.177521638411825
23.653000857830047,17.106940137900807
16.00100034415722,8.939888205248169
5.215000026226043,4.116509639295229
0.1999999975133687,1.5546401809320112
0.0,0.4825920194313029
0.0,0.3161053805540266
0.0,0.28064587457533163
0.0,0.27307693579303743
0.0,0.31691580937429753
0.0,0.32240710027959596
0.0,0.2855176331820514
0.0,0.25252292664708986
0.0,0.2785519512282643
0.0,0.35293213879294827
0.0,0.5133663957424961
1.7689999748766423,1.3785862729713847
12.980000032782556,6.498325535337455
27.596000212430955,17.611267903672058
34.42799905300141,30.373971446736494
34.84100023508072,41.44566869754503
46.44999897718429,47.767049746986615
26.95499947190285,49.593130987477004
36.83400196075439,47.895880113431694
33.5909997010231,42.118678967317294
16.793000161647797,28.30833534104366
9.749000182151796,15.920412061264415
0.3570000062324107,7.305783085794658
0.0,2.6889686818322724
0.0,0.6550940390891543
0.0,0.3743724323680981
0.0,0.3060829257712124
0.0,0.2759840964648003
0.0,0.30242449875777333
0.0,0.3013272762760727
0.0,0.2680384393546763
0.0,0.24045566129846555
0.0,0.274477283003299
0.0,0.36323005850556495
0.0,0.5571916031889802
0.7909999804571272,1.5667071368045613
11.1330000603199,7.831758675597623
27.218000836372376,20.813231498980148
39.78100162267685,35.32438864493029
43.88600012302399,46.75830395706775
47.070998098850254,52.50329341155177
46.91800153017044,53.44660215641365
40.63400144815445,50.35502749116208
38.6349980044365,42.851960001267955
24.043999848365782,27.32690180662229
8.932000395059585,14.366011820170904
0.5220000110007823,6.3681415647971455
0.0,2.3015727620781607
0.0,0.5473508937406503
0.0,0.32035234311533844
0.0,0.2750210748259384
0.0,0.25814740472216274
0.0,0.27857071212294715
0.0,0.39988730399027145
0.0,0.3926971362851889
0.0,0.3674590219221282
0.0,0.4095007683487646
0.0,0.5240399641352306
0.0,0.7579669845185891
0.064000000488013,1.5044002730538502
5.868999867737293,5.930511192744578
25.32799984812737,15.469014868546076
32.80199971556664,25.74957583324639
37.27200003147125,32.43529514866208
34.29000061750412,32.33142939812181
36.02300183773041,28.26456977369861
11.024999945163728,22.00631231934274
12.357000338435173,15.280939335282016
4.369999924004078,8.456771933179581
2.100000014007092,4.843668018343243
0.4279999892227352,2.447390975517579
0.0,1.0514996156517584
0.0,0.5058653170370302
0.0,0.3937808107796466
0.0,0.35991358883251157
0.0,0.35705909730928953
0.0,0.419086825263143
0.0,0.2929576359894094
0.0,0.25820050879519785
0.0,0.23010247618630034
0.0,0.2630301381957935
0.0,0.34592905901834686
0.0,0.5279069533670235
1.493000022917986,1.5381762886262753
12.572000282406806,7.811857400156771
26.993000082969665,20.920955564935554
39.956998615264894,35.61609814182386
47.4539989066124,47.412332955851966
47.706001229286194,53.585204554366996
46.451999549865725,55.047645822024506
47.4780016708374,52.814384232516595
39.39699847459793,46.45232032861832
24.68799939393997,31.17106091164905
9.506999695897102,16.716639333005546
0.4169999846257269,7.391513403054542
0.0,2.650785677635894
0.0,0.5737431074017278
0.0,0.3221985311480393
0.0,0.27227413159178365
0.0,0.2521355941678667
0.0,0.270623120933398
0.0,0.28451784638806465
0.0,0.2532299646716951
0.0,0.2252580226594353
0.0,0.25753915408619
0.0,0.3344814668508093
0.0,0.4975324368826663
1.7710000340640546,1.4399504705131134
12.493999514579771,7.2417863064943715
26.88499996781349,19.92225774219389
41.1520018863678,34.43754385469654
50.14299863576889,46.50541303565939
53.01999879360199,53.05258221808342
51.91500075340271,54.76224374655407
47.9889980506897,52.83977333117222
39.23599961519241,46.74980004318066
24.53599900364876,31.381227267138847
9.258999545574188,16.70180605766884
0.3729999983310699,7.4153210536400636
0.0,2.7092830238761683
0.0,0.5867398094087865
0.0,0.32740168824803756
0.0,0.2727402036249618
0.0,0.2503618011300668
0.0,0.26732909318414716
0.0,0.2934616849012532
0.0,0.2603986460734451
0.0,0.2301257168629745
0.0,0.2610575153082766
0.0,0.3396626851280789
0.0,0.5081892053340764
1.4079999465495348,1.4379421602525193
11.758000327348707,7.1138663015508135
25.905998980998994,19.34521186232796
37.07299850702286,33.516894750372465
44.127001349926,45.513110731461154
51.64800029754639,52.043739263756095
50.895000350475314,53.69870949722348
47.88799993991852,51.6166426172346
39.2260008597374,45.248706058950006
24.20500076174736,29.99414675867564
9.000000353455544,15.876163319343902
0.323999992441386,7.015762678724144
0.0,2.5628056191958226
0.0,0.5821239021133671
0.0,0.32864314942740247
0.0,0.27386294720599813
0.0,0.2515916116281122
0.0,0.2725896557776261
0.0,0.3071560088767484
0.0,0.2721530150887455
0.0,0.2387549569089006
0.0,0.2680380114501447
0.0,0.3426247738465417
0.0,0.49899891718078176
0.5279999960027635,1.3329621355456096
10.5839999884367,6.2591155123847395
13.996999576687813,17.307609333986726
38.199998738765714,30.15967984952325
45.39999819993973,41.54374133548733
45.59600091934204,48.351323082313435
41.00499881982803,50.74184754266032
45.97900172710419,49.403551556953516
38.05900149822235,43.73355675410513
23.514000082015997,29.370207751713973
8.400000056028366,16.03118001725743
0.2430000023543835,7.244443626678448
0.0,2.680157584211535
0.0,0.6173724978257483
0.0,0.34907441427387337
0.0,0.28539583235752053
0.0,0.25737500505028427
0.0,0.2848358498518113
0.0,0.29964985682645207
0.0,0.2711209940858204
0.0,0.2459891941580867
0.0,0.2816266939509974
0.0,0.36804472789270887
0.0,0.5538341312256001
1.5590000505000354,1.5744501361587853
11.11600032746792,7.8295004041041105
26.149999012947085,21.02992391265775
38.64099972248078,35.573615115231284
48.2570008468628,47.05062199433838
50.31199978590012,52.765636335542524
49.50500080823898,53.7426436080239
45.73599992752075,51.050816494373954
37.08899898052216,44.07576626483141
22.86100001335144,28.453323302461975
8.142999896109105,14.976444596971161
0.1699999922700226,6.669428745316656
0.0,2.4351458365196854
0.0,0.5544871402712774
0.0,0.32353567217936996
0.0,0.27906706570742096
0.0,0.2595259886152957
0.0,0.2792730136641004
0.0,0.28213611544077444
0.0,0.26232015374957784
0.0,0.23673656020366785
0.0,0.2725432813836573
0.0,0.35026986815427075
0.0,0.5096447114702924
1.1370000141859056,1.260623486803956
7.638000099360943,5.77571273113307
15.34599970281124,16.429289582502797
25.61399958252907,29.14899147076082
24.513000633716583,40.189995848411385
40.088999440670015,46.383730156806976
47.22799992084504,47.75844706445086
37.37499871492386,45.067857331129616
35.786001756191254,37.324225660951846
12.375000357627869,21.711057599666773
6.386000019609928,10.386625446410601
0.0839999986346811,4.547232615742068
0.0,1.7623246777763608
0.0,0.48256120357835125
0.0,0.29892369052602374
0.0,0.2574565747854271
0.0,0.2385204853858791
0.0,0.2619147404311811
0.0,0.3749575085925171
0.0,0.3545215334393416
0.0,0.30919578658991625
0.0,0.32477418727554763
0.0,0.3730519206878553
0.0,0.46555833874366886
0.0,0.823905833429888
0.1439999930746853,2.773297147989752
3.420000052154064,7.785210279466586
7.339000236988068,13.621955308636275
17.521999398469926,18.680323447039996
21.51400045990944,21.46735001509861
26.872000353336336,23.518206636834847
29.29199905395508,25.782157862964013
15.951000404953955,24.046726248171094
12.662000378370283,15.384522217415608
5.375000139772892,8.191933253685981
0.0,3.7713087026078638
0.0,1.62958921227766
0.0,0.6424022332051657
0.0,0.45438150193371857
0.0,0.3919282606579487
0.0,0.3393998233192735
0.0,0.367370097311416
0.0,0.28898313001532755
0.0,0.2620957067853388
0.0,0.2363274167664577
0.0,0.2715476824615732
0.0,0.35622993054621843
0.0,0.5407450016755666
1.1720000229775906,1.4746779664533034
11.499000108242036,7.148488013417929
25.74899921298027,19.502145419015182
39.21299919128418,33.49355728038242
44.77800084590912,44.89513424748766
49.238998584747314,50.908510600162415
47.02300078630447,52.09557685995336
42.88600133895874,49.55273736785263
32.6190007185936,42.62477500581444
20.886999620199205,26.891765038853364
4.695000042319298,13.679380299277678
0.0,5.9348696211288265
0.0,2.1946842859255895
0.0,0.5262981587999905
0.0,0.310000928494756
0.0,0.2666252081252478
0.0,0.24869852785830907
0.0,0.2718451799812345
0.0,0.35594106099275163
0.0,0.3361604801226976
0.0,0.3094029361918614
0.0,0.34747540833460644
0.0,0.44287279626437204
0.0,0.633941722496125
0.7629999862611294,1.3892352714514522
10.581000156402588,6.078043403616306
25.31399994730949,16.534891666698986
37.11800112247467,27.89138211308848
40.31499842643738,36.21967894300219
36.71400046348572,38.821811247164746
25.74099897623062,37.13790346723782
20.166000620126724,33.18771319631922
30.606999714374545,26.598440953407632
13.594999490380289,15.692304366075174
2.3430000163614757,8.41132973927943
0.0939999977080151,3.809839664588402
0.0,1.5045242380774502
0.0,0.5362188827223406
0.0,0.36955601909357955
0.0,0.3265482792317952
0.0,0.30899154104507265
0.0,0.3526939809215371
0.0,0.28083710546334584
0.0,0.25853102379223986
0.0,0.23259830461926875
0.0,0.27488100155904577
0.0,0.36985533389774145
0.0,0.5768746896175939
0.1830000079143792,1.4273494037283865
9.019999918341638,7.326044981391387
13.479000165462494,19.96589510528087
39.97400142908096,34.62253238325831
48.775001285076144,45.69161087525526
52.1879988193512,50.06575866467091
43.80499952316284,48.735769539956806
35.64799921274185,41.595057831445594
26.175000009536745,29.702926082328005
18.89199937582016,14.927618552141979
3.4110000425577165,6.762678426271131
0.0629999989760108,2.9459050003667286
0.0,1.1567982300453579
0.0,0.38545918728367734
0.0,0.25154730183773133
0.0,0.22576783530103475
0.0,0.22536846246609737
0.0,0.25910367625817143
0.0,0.40691378122941435
0.0,0.40123120398353185
0.0,0.35462074209974176
0.0,0.3639130906987151
0.0,0.40636788517585015
0.0,0.48953605739455636
0.0,0.7206416127334844
0.7340000266581774,2.1154511889706384
3.6149999177455903,5.797397658632597
2.581999900341034,9.713722742317815
0.1889999929163605,12.17080002856247
2.2860001267492773,12.011804992821709
4.557999839186668,11.585993244307609
4.871000115871429,12.118496470987827
7.509000132977962,10.93987268298443
0.6430000294744969,6.968638208266233
0.0,4.126635325627347
0.0,2.2119350275225864
0.0,1.193836247812885
0.0,0.7144669982742244
0.0,0.5839847144298534
0.0,0.5399693054521132
0.0,0.4684533224412094
0.0,0.4556246437020026
0.0,0.29898549270518476
0.0,0.2774435571155038
0.0,0.2546118176635081
0.0,0.2974243574399207
0.0,0.3970315866992077
0.0,0.6109361775258361
0.9070000114291906,1.5646686665050378
11.371000428199768,7.738421966035362
26.19900071978569,20.896610901567445
39.56700196504593,35.12670096127715
49.5969983959198,45.50111919041947
50.481999168396,49.90825391559502
43.62100023984909,49.359377897955525
37.843001267910005,44.35955433942419
20.153001005649568,34.88402097036081
15.295000504255295,19.41508149684276
3.451999972164631,9.23039462541823
0.0,3.9796766955182052
0.0,1.5163007401608717
0.0,0.4427079051918656
0.0,0.2835503973757196
0.0,0.25440750836042797
0.0,0.244945684106672
0.0,0.275117779192104
0.0,0.2888039672354923
0.0,0.2576316283513426
0.0,0.2207588859586734
0.0,0.2411138779370654
0.0,0.29405828519142685
0.0,0.40086092654920036
0.0129999995976686,0.9633768424001208
1.3819999473541975,4.152712746745349
5.298999944627285,12.083131305794392
18.65200048923493,22.078163577148718
39.14700083255768,32.26102457731367
51.97399916172028,39.7350122652107
50.56299976825714,43.198926739893636
45.7319987821579,44.01233714969778
36.2639989566803,39.59787782961734
21.71699902176857,25.457621871633435
6.7869998195767405,12.794534376170686
0.0320000002440065,5.646910349159788
0.0,2.289381748746062
0.0,0.6571842466261903
0.0,0.3798366636237781
0.0,0.2938259542415247
0.0,0.24891432293193438
0.0,0.26980944636697857
0.0,0.2754841752727052
0.0,0.24598704574617264
0.0,0.22092703074763537
0.0,0.258657185666718
0.0,0.34497445863012566
0.0,0.5311012459679864
1.0269999682158233,1.4845209210041788
11.044000250697136,7.907409184968712
24.45699897646904,21.670056535858787
38.54700156211853,36.709049000874174
47.99700034141541,47.97469606232209
50.24600142717362,53.266936111633214
49.51200075864792,53.55802436452061
44.95700075149536,50.266612937267986
35.80799983978272,42.49267980067212
21.37700025677681,25.913537598868615
6.526000054776668,12.410027300554237
0.0320000002440065,5.19869968435634
0.0,1.9426251264354364
0.0,0.4810426423840567
0.0,0.2831702826603375
0.0,0.24429279497495882
0.0,0.22933210267309542
0.0,0.25138374716088274
0.0,0.27871331859981924
0.0,0.25194824910159763
0.0,0.22570980843503002
0.0,0.2599607225663883
0.0,0.34014774921902563
0.0,0.5099913710482763
0.9759999994188548,1.3907406744032473
11.07000050663948,7.171629444208937
25.359000508785247,19.861453039149
38.82999838352203,34.07446762149144
48.08399855136872,45.293101464779475
51.0040007519722,50.89642478977469
50.13700102567673,51.53844605100465
45.61000082015991,48.5590719601539
36.15199975013733,41.254384809455516
21.59900015115738,25.4908337417817
6.426000176370144,12.642563774602937
0.0320000002440065,5.404182191843326
0.0,2.038996779373953
0.0,0.5257662466546207
0.0,0.31017969682715546
0.0,0.26205822829983016
0.0,0.24247272173329104
0.0,0.2645764223561953
0.0,0.27663257202247044
0.0,0.25141729764458215
0.0,0.2274038629243912
0.0,0.263278603881855
0.0,0.3470694572568608
0.0,0.5291787802971908
0.1069999973056838,1.4546766619190195
7.636999813020229,7.57327713669134
22.82800083398819,20.808849619022165
37.7530001449585,35.21658659415047
46.93599846839905,46.120115730139304
49.80399810314179,51.38564315541217
44.669998676776885,51.815683698957784
39.482000219821934,48.5029752344325
35.41799908161163,40.87375309289697
21.085000858306884,24.89250267867644
6.051999891698361,12.224397325271713
0.0320000002440065,5.185458708490122
0.0,1.9463737355803818
0.0,0.5050146849361873
0.0,0.3005340754329175
0.0,0.2579467007315611
0.0,0.24125936346324525
0.0,0.2636047578538243
0.0,0.2635123472888461
0.0,0.24052444181706162
0.0,0.21718941064115438
0.0,0.2541928471184298
0.0,0.33703153922414336
0.0,0.5118137985119657
0.9169999864324928,1.4422295787069883
9.928000087738038,7.8207350912159095
24.69800020337105,21.773463219079357
38.88299918174744,36.81181101182097
48.39299870967865,47.957753835609296
50.91500196933747,53.213682000470335
49.12100176811219,53.52324554666479
44.29299958705902,50.24339187668841
35.08400203466415,42.463106021959504
20.734000997543337,25.685234713942915
5.816999869346619,12.140991091420297
0.0129999995976686,5.063967177549502
0.0,1.9177406224629625
0.0,0.48620743066555616
0.0,0.285659347731141
0.0,0.24435167852790243
0.0,0.22798048859828116
0.0,0.24889046086963645
0.0,0.2756201372266833
0.0,0.2539384818361766
0.0,0.23070143558622766
0.0,0.26597957770785485
0.0,0.346133137580195
0.0,0.5201116677800421
0.740999977067113,1.4164139118459138
10.137000367641448,7.231830681125636
23.875998984575272,20.139357723729404
37.063997983932495,34.32538567650302
45.94999958515167,45.24275599855586
48.66400031089783,50.4315156067779
47.76099849224091,50.76743669542017
42.20399912834168,47.35161893240362
34.16700031518936,39.53540782456943
19.9809989964962,23.656895863686714
5.352000229358673,11.63492160249949
0.0,5.028441056313992
0.0,1.9193875040894848
0.0,0.5076591050750588
0.0,0.30350262315928717
0.0,0.2608916716455459
0.0,0.2431988207678653
0.0,0.26684817305261255
0.0,0.2740879049441505
0.0,0.24893857666039537
0.0,0.2251638571017265
0.0,0.25861864380188676
0.0,0.3378056099205695
0.0,0.5123824718966383
0.6199999906867742,1.4368493984510535
9.17500014066696,7.658787318728761
23.051001014709477,21.030322941566713
37.34400010824204,35.66049856399482
46.951000709533695,46.787460004718795
49.6659996676445,51.90279514964408
48.19799833059311,51.852637036821065
43.52599973917008,48.33194280989314
33.41799945950508,40.40020241115187
18.79299978375435,24.08681684008426
4.674000191092492,11.542959263091209
0.0,4.873188708239723
0.0,1.87185447424397
0.0,0.4970106116047184
0.0,0.29361116496190787
0.0,0.25136169871415404
0.0,0.2332612623579325
0.0,0.25647803015082166
0.0,0.28985057101324685
0.0,0.2640905819084604
0.0,0.2414345307819008
0.0,0.28427056419648733
0.0,0.3794031436501566
0.0,0.5795981503971673
0.6179999956861139,1.5782776525346744
9.15300000309944,8.158320946663281
22.14000101327896,22.165443209387572
35.35499952793121,37.23588348421238
44.03700022697449,48.07482639150637
47.08600033998489,52.875797359829406
46.17799914360047,52.862695357930015
41.68799926280976,48.725595631125515
33.07199897646904,39.886731089193624
18.75100008130073,23.262125947440033
4.693999755978584,11.048413649961827
0.0,4.707980070577141
0.0,1.7851827297914507
0.0,0.4609357665249232
0.0,0.2823437073185429
0.0,0.25089816142533145
0.0,0.23954146321339315
0.0,0.2625312019032187
0.0,0.2980165455175473
0.0,0.2805673976589738
0.0,0.24880122451534603
0.0,0.2718948247776056
0.0,0.3264529351142324
0.0,0.43827902956606035
0.1400000030733645,0.9526808199890145
2.9240000082552435,3.652025145908089
7.835000024139881,10.550715444113344
16.317999712228776,18.813730909772378
24.480999686717983,26.74229517986732
36.23300034999848,32.43562817977519
41.47300137281418,35.91185735177496
38.657998428344726,37.472832922554836
30.770999432802203,33.82090587189821
18.31400024294853,21.26282485446557
4.383000051975251,11.08086017345678
0.0,4.986160036869859
0.0,2.0372658969135498
0.0,0.6376569774444633
0.0,0.39749823204238394
0.0,0.3247725372331239
0.0,0.27920522494757455
0.0,0.30138272995781895
0.0,0.25317375703068823
0.0,0.2398349432054037
0.0,0.22031624118828969
0.0,0.25701649871274057
0.0,0.3333891696297094
0.0,0.5016475980181387
0.1329999965010211,1.3290980394386591
2.7450001026690005,6.30685225098705
19.38300029873848,17.933460275261165
35.40899855852127,31.671605698841734
44.93499855995179,43.258749355306136
48.1590015411377,49.3487473583912
46.93000085830688,50.23989637588147
43.68699859857559,47.2090322709459
32.00700006604195,39.166021253052236
17.941000244617463,22.243422379241228
3.993000064045191,10.137443492737573
0.0,4.305315865547885
0.0,1.6928212424993014
0.0,0.4548739402490925
0.0,0.27651448280431984
0.0,0.24223032078506643
0.0,0.22703699486009862
0.0,0.24680355986219618
0.0,0.2931176124586107
0.0,0.2649105185545701
0.0,0.23330897073527565
0.0,0.26404544128366814
0.0,0.3392627600407214
0.0,0.4989059788050262
0.0570000019390136,1.2459888340107304
5.796000018119813,5.883664481875337
15.574000288248062,16.55007981691168
29.8360007750988,29.03943880145499
45.51299974679947,39.71140335676683
51.24500197887421,45.884697398622954
48.83800083875656,47.43150331140405
44.74199875354767,45.278649378352554
35.67300020933151,38.41549166144615
19.27399989724159,23.272299346487298
4.936000242233276,11.335647973098618
0.0,4.840089204757866
0.0,1.8894551441662704
0.0,0.5243664669937675
0.0,0.3160207270368194
0.0,0.2637021146707972
0.0,0.24076270393363988
0.0,0.2715610405363245
0.0,0.2772887414316567
0.0,0.25476315409689915
0.0,0.23141012244321973
0.0,0.27173427532242783
0.0,0.3619910690638462
0.0,0.5530548482042078
0.1419999980740249,1.494739262690495
7.452000243365765,7.708902332611419
23.25499986290932,21.17530631301124
34.84000200271606,35.58919763041893
44.24699873924256,46.32294269493086
45.91900097846985,51.60470137658286
48.40899918317795,52.20211407076839
43.60799857139588,49.11272317767836
34.33499912500382,41.546773486646615
19.22000086665153,25.157149285436372
4.412000139951706,11.963367450811269
0.0,4.936022640304744
0.0,1.8597751646109661
0.0,0.47553624205029155
0.0,0.2865726211372869
0.0,0.24936112136533797
0.0,0.2339276570857994
0.0,0.258248794005538
0.0,0.3319788870149994
0.0,0.3044023612781517
0.0,0.2601750924508
0.0,0.2768778354673141
0.0,0.32179265400497403
0.0,0.4024394543688621
0.0,0.7983774965955048
1.517999992519617,3.141744708677162
5.728999832570553,9.254353500181093
6.81700019389391,16.286584741941283
9.650999849438668,22.477892224595802
22.511000438928605,26.6381353885685
20.79499997854233,29.424454512333416
40.37200037002564,32.33196894400314
32.04099953174591,30.596209793389264
18.02800050854683,20.050193290792706
2.8470000402629374,10.594750808369083
0.0,4.73022972206011
0.0,2.0747037100236745
0.0,0.7609333237488645
0.0,0.48666783415115855
0.0,0.38266609262705864
0.0,0.3124381044830215
0.0,0.33388316454722583
0.0,0.29880164787071256
0.0,0.2739482570200588
0.0,0.24622288519790791
0.0,0.2826012580406284
0.0,0.36848472510916613
0.0,0.5507049087404037
0.0389999987930059,1.4111762898004492
5.014999755918979,7.014320840796539
22.13599986791611,19.339456584533487
36.20900169372559,33.06798424514915
45.889998836517336,43.635637203371054
46.27999959468842,48.632358657459676
36.65800086021424,48.716867273008944
36.737000887393954,44.76502920827503
33.088999736309056,36.33025343921501
18.572000175714493,20.95924347271584
4.198999998420477,10.056215576034194
0.0,4.311848609837049
0.0,1.675902356090966
0.0,0.4825667177337849
0.0,0.3002101912909259
0.0,0.26031629007783014
0.0,0.24512970612065288
0.0,0.2763530888087329
0.0,0.29568479478979887
0.0,0.28602080976142064
0.0,0.2700767304290438
0.0,0.32379882045763864
0.0,0.4336926525851363
0.0,0.6652106700843868
0.2729999915510416,1.581064456786878
8.616000286340714,7.75965886102143
22.22400041818619,21.0108319502153
36.19699825763703,35.307103389920066
45.86199903488159,44.902382260695425
45.59299800634384,47.93104676242301
43.06599947690964,45.49463875341756
35.82600088596344,37.3804264041783
31.5459995174408,25.635902919858182
13.588999826312063,12.181663063513568
4.736999744772911,5.477214888879332
0.0,2.4191964062743687
0.0,0.991869451690469
0.0,0.3745400576082933
0.0,0.26198651312750537
0.0,0.24297615859892374
0.0,0.24290556525156473
0.0,0.27720363155572364
0.0,0.3173997259521816
0.0,0.3048316329743776
0.0,0.2732144420828139
0.0,0.2955031514128227
0.0,0.35092615561961554
0.0,0.4592306744483714
0.0320000002440065,0.9000689308128078
2.761000062674284,3.485569096835565
12.521000056862832,10.111355339082277
20.376999418735505,17.526888188658962
23.72200007557869,23.530782490974325
26.420000327825548,26.449310362252596
15.840999717116356,27.444043183879913
17.371999580860138,28.381684574092144
25.712000942230222,25.461130764268745
11.191000236272812,15.58190308347249
1.2999999597668648,8.216797159157771
0.0,3.7010726719840825
0.0,1.6153778067317124
0.0,0.6465218671070138
0.0,0.4380480932834557
0.0,0.36553211347784653
0.0,0.3131274122159453
0.0,0.3355836002984564
0.0,0.3119620916208192
0.0,0.3069341778144608
0.0,0.28571477822467745
0.0,0.3257559601498867
0.0,0.40988252779041817
0.0,0.5810759194796943
0.1830000079143792,1.2141020921855066
8.853999627232552,5.151135047258108
21.523000982999804,14.458314329882775
26.257000895738603,24.9584361168217
32.35599935412407,32.65470069510682
39.42300181150436,35.159070679093524
39.63500089645386,33.96141783950355
27.060999014377597,29.591925396250325
19.04500005245209,22.08350676788138
5.807000086903572,11.547491573564258
0.9749999698251486,5.69763398835126
0.0,2.6044871317342353
0.0,1.1178457437866736
0.0,0.46294599107093287
0.0,0.3316367949892961
0.0,0.29774983260686544
0.0,0.2823493564568599
0.0,0.3174564583516454
0.0,0.27410688357707613
0.0,0.25709447447375866
0.0,0.236989846284641
0.0,0.2778421694916202
0.0,0.36604349755065957
0.0,0.5538227393801862
0.3509999891370535,1.461843893496174
8.605999990403653,7.348754775765555
22.414999651908875,20.34408526494826
34.86600123167038,34.31929765026706
42.930999846458434,44.66112762675911
44.66799810409546,49.60274937780011
44.96699950695038,49.991941446669564
38.42700006484986,46.525968420212166
31.8230007827282,38.645812976607075
17.321999641656877,22.6146756964865
3.6419999465346335,10.723726419272893
0.0,4.460979199722215
0.0,1.7131091112139245
0.0,0.4696677690626135
0.0,0.29046763350322924
0.0,0.25605375719560214
0.0,0.24141393555931143
0.0,0.2650352605146323
0.0,0.2610559982342194
0.0,0.24567297419782907
0.0,0.224887823786227
0.0,0.26163582614413994
0.0,0.33830485164542257
0.0,0.5046090358150501
0.3180000074394047,1.309306345659449
8.461000064015389,6.428181383504052
17.9070007789135,18.22653031075238
29.33099995136261,31.781574674256387
43.41199995994568,42.48538617547644
46.32899924755097,47.80081266053947
44.99200050354004,48.275858500850745
40.26399820089341,44.67141246236483
30.85899998307228,36.34959774270395
16.89499958574772,20.319789887988446
3.337999936193228,9.334972179191972
0.0,3.951148665877503
0.0,1.5758271602846743
0.0,0.4652068203769843
0.0,0.2878587234995361
0.0,0.25106391198207423
0.0,0.23483678263769914
0.0,0.25517363035566565
0.0,0.34071074327889544
0.0,0.3449361446354528
0.0,0.32002740373151106
0.0,0.34368122684029295
0.0,0.3987295103167416
0.0,0.5087161443209094
0.0,0.8937854178145507
1.9090000100433824,3.118909590826984
9.18499992311001,8.901399015457761
11.019000281095504,15.021220984076404
8.470000073611736,19.200430581266243
15.739000293016431,19.76275660619246
13.355999863147735,19.054973247131095
22.912000238895416,19.34262853731115
15.90499955713749,17.20841347145302
6.21499983727932,10.424359608951944
1.7419999460875988,5.749062564528295
0.0,2.713077915989164
0.0,1.251948038545209
0.0,0.6264562715822167
0.0,0.48110996889064256
0.0,0.43767315074228386
0.0,0.38147295098812345
0.0,0.3869303388145028
0.0,0.2646041198617455
0.0,0.25251127776334237
0.0,0.23461466370410958
0.0,0.2745309002803387
0.0,0.357041093802551
0.0,0.5335375408197581
0.1949999939650297,1.4235350674905267
7.826000014543533,7.138929919733718
21.17199906826019,19.994991145216737
33.413000081777575,34.186398734430504
41.90300126075745,44.88548599032196
45.82400047779083,49.81428719069037
44.587999844551085,49.986181287409124
39.61099813222885,45.78629490724497
29.2569993019104,36.83400216037903
15.420999611616136,20.454169438632725
2.9379999090731146,9.492262468172832
0.0,4.065649906139815
0.0,1.5946089575721576
0.0,0.4581016481459307
0.0,0.2862703160609166
0.0,0.25386315857922637
0.0,0.23971287072936337
0.0,0.2589528280200887
0.0,0.27492664841930675
0.0,0.27832362977483793
0.0,0.2596925953454002
0.0,0.29101332758109505
0.0,0.3475423979452552
0.0,0.4683229407513654
0.0,0.9374862138905954
3.633999966531992,3.769856638963348
14.566999499797822,11.018596117508668
13.443000127077102,19.82126339453683
29.79699987769127,26.99022684519496
33.630000598430634,29.485744903460585
23.16300022125244,28.25034780606756
16.08600003540516,24.85188219541818
10.001000450849531,18.193117288640217
6.320000120401383,8.881123689167156
1.0220000128075482,4.215996500840399
0.0,2.0151481335769406
0.0,0.9679074709620579
0.0,0.4664891227381321
0.0,0.34435996070260094
0.0,0.3128064079397868
0.0,0.284004023747961
0.0,0.2945894561747846
0.0,0.32982461957376863
0.0,0.32048818772787985
0.0,0.28416469739786904
0.0,0.2983435985201026
0.0,0.3394057896032669
0.0,0.4189448566593878
0.0,0.7105932566337438
0.457000013012439,2.480335682676063
1.8249999632686376,7.1481759337091795
2.980999897867441,12.221930112882884
10.048999817371367,15.990319293516581
8.115000094473363,17.39970867900467
14.2570000821352,17.89596468068742
25.482999043464662,19.63649565308337
21.150000984668733,18.32669362593786
9.814999567866325,11.296876815824502
0.4870000022090971,6.091340911084441
0.0,2.882625642160506
0.0,1.4298833800520898
0.0,0.7312802445481342
0.0,0.5362490398138893
0.0,0.46046797669999634
0.0,0.37810658978372447
0.0,0.3673562201942681
0.0,0.26184143752106176
0.0,0.2417742978015753
0.0,0.22097496252185028
0.0,0.26204992739770855
0.0,0.3474717160294105
0.0,0.5321614582239907
0.2280000077560544,1.4105323349102619
7.079000245034695,7.725360920650107
20.53000009536743,21.48005988565528
34.300999659299855,36.34438287862469
43.41199995994568,46.85036353701112
47.59900140047073,51.130654458523296
46.25499859809876,50.021752797029606
40.79099916219712,45.05153993149773
28.409000908136367,35.61803643874305
13.297999687194825,19.22230182033051
2.5069999915361403,8.372115689645856
0.0,3.428255000205432
0.0,1.3705715623834693
0.0,0.4205940000989573
0.0,0.26356599919826
0.0,0.23302062874490587
0.0,0.22253023098736222
0.0,0.24727301404578927
0.0,0.29089362641623134
0.0,0.2834011332254289
0.0,0.2687690845236804
0.0,0.327057244684533
0.0,0.4365858328619617
0.0,0.6648040911818414
0.024999999689171,1.518200745081195
3.7670000512897968,7.676714656416245
18.701000142097477,20.894647722608372
33.318999867439274,35.08124493840644
42.226001319885256,44.2875368341564
46.577998657226566,46.37012679406856
40.19099989175797,42.38518920729037
39.86099988222122,33.44872654733004
24.795999509096145,22.06564900218932
8.199000012874604,10.096530591488815
1.6509999489039182,4.397181743757349
0.0,1.922476148939531
0.0,0.8246408420407936
0.0,0.3485674346593289
0.0,0.25169751129923523
0.0,0.2355395940500922
0.0,0.23732079056996983
0.0,0.27559973830693935
0.0,0.2572600589292059
0.0,0.2407216589182713
0.0,0.2219361228589541
0.0,0.26595700916167847
0.0,0.3569521808745411
0.0,0.5554736128155874
0.1199999969033524,1.4810572045735264
6.752000067532062,7.852788667500871
20.19899979948997,21.774762830569223
34.037000062465665,36.46970314455157
43.05800129413605,46.9688692616419
47.11699894666672,51.67256521402304
45.4540013384819,51.149578384750264
39.23599961519241,47.058828229438774
30.635999802351,38.36649153773693
15.634000009894372,21.152841981966002
2.726000053882599,9.105148411830692
0.0,3.637806574072946
0.0,1.4345918014109929
0.0,0.41788806073770535
0.0,0.2603749816910384
0.0,0.2313291026120227
0.0,0.22015221440820737
0.0,0.24477201576369154
0.0,0.2636015681643853
0.0,0.24617958755230615
0.0,0.2259488011459017
0.0,0.2693989599163376
0.0,0.3573240903491518
0.0,0.548269743958258
0.1270000034756958,1.4450246023095723
6.845999768376351,7.753493657524881
19.77399928927421,21.56519045972878
33.41199979543686,36.32724333006415
42.17300052165985,46.76996283688759
46.16599981546402,51.086179531928394
44.1769992351532,50.154915337453616
36.79799986839294,45.337896135690926
28.989000613689424,35.92032956784126
14.35000001013279,19.281244881655105
2.7860000322759157,8.3026215201448
0.0,3.376274934587765
0.0,1.3532246947338358
0.0,0.41239185058545375
0.0,0.2599483809484597
0.0,0.23200974857744172
0.0,0.2219012489121908
0.0,0.24853954906370834
0.0,0.26237745917465793
0.0,0.24801488322829193
0.0,0.22964154718506236
0.0,0.27290679560255504
0.0,0.36100634008613286
0.0,0.5505939138919097
0.1140000038780272,1.45060688263459
6.634999942779541,7.742550214825389
19.900000450611117,21.566809154102025
33.612999838590625,36.0558617868826
42.23899888038636,46.2380536564536
46.45499835491181,50.53097255082295
44.95200137376786,49.5891777647915
39.575998380184174,44.98884192575845
30.11999993681908,35.90165186103767
15.28799952685833,19.30911075416065
2.641000105887652,8.351053837432245
0.0,3.386794213276599
0.0,1.3642536172424302
0.0,0.42341278379486236
0.0,0.26844298291031476
0.0,0.23885819243714285
0.0,0.22644860241677323
0.0,0.25120127863043756
0.0,0.2612337777987481
0.0,0.24584028776673905
0.0,0.22736091240408715
0.0,0.2701895732525772
0.0,0.3573998287365602
0.0,0.5435389537005337
0.0890000021830201,1.4187276452312365
5.958999963700771,7.703741527045131
19.85499988913536,21.455759304909655
33.300000588893894,36.1636708334187
41.6710005569458,46.39457006011545
45.86399960756302,50.478347022947545
44.462000737190245,49.08567235614657
38.945000503063206,43.68991243393063
29.270999202728277,33.80232862451531
11.990000004172323,17.52307899947366
2.266000048369169,7.475192249010346
0.0,3.070740406692751
0.0,1.2582436766157263
0.0,0.41201544965945736
0.0,0.2649138751971342
0.0,0.23586893537033682
0.0,0.22535252382140492
0.0,0.24886224895134307
0.0,0.2667052224685589
0.0,0.2544678902144718
0.0,0.23693549066523795
0.0,0.28451345476758516
0.0,0.37962235503222874
0.0,0.580511448521229
0.0129999995976686,1.4478725445456544
6.23699997484684,7.805061422774068
19.271999324560166,21.55793896877873
32.10800023078919,36.07480447725155
36.62399934053421,45.829373468519464
36.15199975013733,49.13680790293142
41.00899996519089,46.79965218041046
26.18500081896782,40.16860140830318
23.86499994277954,29.600312980261016
9.387999511957169,14.722621547416228
0.5200000160001218,6.308584926704251
0.0,2.6296349408943906
0.0,1.094112260615797
0.0,0.3925578368070499
0.0,0.26251831451565305
0.0,0.23760537733656753
0.0,0.23085395258086225
0.0,0.2605676804210128
0.0,0.3605699510085749
0.0,0.36632204521351813
0.0,0.33881316905210423
0.0,0.36846145276331
0.0,0.43464469271863343
0.0,0.5686336311941996
0.0,0.9401983396798166
0.3670000133290887,3.328255745281404
4.717000179886818,9.253313955710466
12.607000034451485,15.68722760267604
10.657000351548197,19.35229446878138
10.371999876499176,18.31565787251394
7.19300002425909,15.593121140946653
10.037000489234924,13.54194372232053
7.145999917089939,10.357951606410644
2.003999997228384,5.8025555022209305
0.0510000008903443,3.1777195064309995
0.0,1.6313268348988879
0.0,0.8913747483684278
0.0,0.5479768665632768
0.0,0.4574025331657911
0.0,0.43348841843427094
0.0,0.3963838301803743
0.0,0.4040205405909446
0.0,0.3381625918786656
0.0,0.33943802914526616
0.0,0.30774590728179146
0.0,0.3255598401352224
0.0,0.3731262479580657
0.0,0.4680404588670973
0.0,0.751831926272536
0.0190000006463378,2.5094034130305007
0.662999979481101,7.059307894177183
6.5390001827478414,12.002837872676878
14.563000408411026,15.17472087887093
16.256999704241753,15.181471168573417
12.478000068068503,14.196823168498142
9.897999713420868,14.094818305151616
7.794000094532967,12.048845278353365
3.101000111401081,7.087132750648338
0.3320000045374036,3.921264564088868
0.0,2.0033176115903135
0.0,1.1075267765853218
0.0,0.6786926279166176
0.0,0.5457775228107965
0.0,0.5037726488282398
0.0,0.4306707386407891
0.0,0.4031220367780989
0.0,0.32884562835085374
0.0,0.313292147109998
0.0,0.2805440067346674
0.0,0.3071965717845584
0.0,0.3730352804971225
0.0,0.5020672711135368
0.0,1.0064776272866511
3.3099998778104784,4.13814479971693
11.808999525904657,11.836067437580777
26.416999468803407,20.47785774212339
34.300999659299855,27.20530081199904
26.41599918246269,30.090588142960925
19.73999982357025,30.150974458614105
21.65100066304207,29.36919087633214
18.25900092601776,25.00281375319671
10.266999593377111,14.780615377158359
1.9759999388456344,7.511814489797496
0.0,3.3356883570014046
0.0,1.46519641311253
0.0,0.5899909921889841
0.0,0.4075820548548423
0.0,0.3474003245753268
0.0,0.30823776876212566
0.0,0.3425879102544211
0.0,0.31774621886485976
0.0,0.3046913677340356
0.0,0.27442134615372715
0.0,0.3004712048199032
0.0,0.36176551369868115
0.0,0.4873577861059337
0.0,1.000754521546754
2.4480000427365303,4.1316358899912125
12.048000180125236,11.82592388299341
13.810000461339952,20.635870139947958
38.13800152540207,27.64339887113297
37.0029990029335,30.498740850030405
31.41400074601173,30.329957395414034
27.678999330997467,29.013697100318737
24.347000342607497,24.154465728082428
14.240999608635905,13.893069925407598
1.975000037625432,6.948443213667177
0.0,3.1174435836008256
0.0,1.3908998610596228
0.0,0.5663156282590794
0.0,0.3910657958729369
0.0,0.3383268138399245
0.0,0.3015362346496619
0.0,0.3302051835615684
0.0,0.24507130151969314
0.0,0.23666645492261015
0.0,0.22227473347016913
0.0,0.2642793766025836
0.0,0.3444128632594213
0.0,0.5189032986990435
0.0320000002440065,1.3884989711933768
6.0159998533129695,7.436588823046265
18.625000973939898,21.01873314351373
31.473999440670013,35.64560446896778
40.2140003156662,46.07425015625463
44.53499904632569,50.4725067673334
43.23700119972229,49.63900391649577
36.98100091934205,44.95551985296132
28.3630000603199,35.51731861456817
14.040999851822852,18.5389377282245
2.078000004813075,7.759894955629026
0.0,3.128517129008429
0.0,1.2878941229112413
0.0,0.4078768742189821
0.0,0.2596609270026718
0.0,0.23328892404817436
0.0,0.22011977507139044
0.0,0.2387807224037022
0.0,0.33234288844223614
0.0,0.33844653254893
0.0,0.3122375698301763
0.0,0.3341612161288564
0.0,0.38316754989017454
0.0,0.48234111429146354
0.0,0.7735925565022344
1.0449999874085187,2.576620365142444
5.423999792635441,7.281924907472747
4.033999993652105,12.42981117211905
4.557999839186668,15.506348398768344
8.03499978095293,15.13188970592373
7.821999896168709,13.65990956537691
11.52500036418438,12.990444684098946
18.59600088596344,10.610472734666716
5.6980001989007,5.945891128603616
0.6430000294744969,3.2374475168299623
0.0,1.6814128962554986
0.0,0.9681332178570676
0.0,0.6256280576171538
0.0,0.5176328987226758
0.0,0.4899771918450594
0.0,0.42179240051091654
0.0,0.38154655514852265
0.0,0.29599296403349484
0.0,0.3008217863289548
0.0,0.277928083981957
0.0,0.30523584954648386
0.0,0.35870607560486534
0.0,0.46847731441515394
0.0,0.8580809199919176
1.8920000204443927,3.260642746828977
8.350999889671803,9.492913762121114
5.732000178098679,16.568163452374336
18.31899962067604,21.600795889436423
20.18299932599068,22.709337009213932
23.462999856472017,21.73352861237523
16.920999841690065,20.257738707495086
16.723999916911126,15.926708418294993
7.769000124931336,8.440454211613282
0.9500000002235176,4.253043416164331
0.0,2.034164389905063
0.0,1.0162847133418191
0.0,0.5333616283547142
0.0,0.40700441516294006
0.0,0.3701966919880834
0.0,0.327283744839015
0.0,0.33248351820763367
0.0,0.26882249286331644
0.0,0.2646588831730098
0.0,0.2480944737233429
0.0,0.29053713145621707
0.0,0.3744942778595256
0.0,0.5537598485360217
0.0,1.3230088287108615
2.771000101864338,6.4516130740961435
13.609999677538871,18.153433862395104
26.60700047016144,31.27294136505172
30.594000099897382,40.85792519201565
38.51500061511994,44.43952725166869
36.519998316764834,42.89624378885894
28.87099968910217,36.97835296206679
23.266000958681108,27.118346237521507
11.282999877929688,13.440601421415806
2.2130000203847886,5.980869626407844
0.0,2.5875315168425526
0.0,1.0977238564675666
0.0,0.41633320819918357
0.0,0.284233937245877
0.0,0.2570926587324838
0.0,0.24608212517112876
0.0,0.2732195591002961
0.0,0.2508120160240119
0.0,0.2440772122607042
0.0,0.22960106408105477
0.0,0.2751650387609161
0.0,0.358796191599915
0.0,0.5397329808989801
0.0,1.3667000943388032
3.9899999752640727,6.857538912059791
15.97099996984005,19.560705049924756
29.390000413656235,33.62095822560373
38.17300127744675,43.853887535166166
42.24599883079529,48.351891476218256
37.5730020070076,47.831478876127186
35.231000993251804,43.232999423052036
27.267000489234924,33.85809624548099
10.251000146865843,17.460501903174766
1.1739999537914991,7.291133811094684
0.0,2.957225553475779
0.0,1.2221900876316654
0.0,0.3922322004854625
0.0,0.25511062081220676
0.0,0.23203179038431948
0.0,0.2211665543627274
0.0,0.24301344845265024
0.0,0.2502328061425635
0.0,0.24361911118420027
0.0,0.22881485595204665
0.0,0.2710562843132887
0.0,0.3505468464216844
0.0,0.5181350191387709
0.0129999995976686,1.3128533628455066
5.183000106215477,6.656526307543331
17.422999806404114,19.160550581419297
29.385999268293386,32.7504951509691
37.91300077199936,42.610053620043686
41.9360004401207,46.95801484399975
40.57200012683869,46.4711427636456
34.84100023508072,42.291466494790455
26.594999088048937,33.64869269944865
13.204999759197236,17.882865733303348
1.7989999640733003,7.825324718867423
0.0,3.2192439932217094
0.0,1.3265695293510886
0.0,0.4319940744213255
0.0,0.27969562740624804
0.0,0.24939975504197529
0.0,0.23401074791323387
0.0,0.25385726936288894
0.0,0.28160362265576094
0.0,0.2906040489782799
0.0,0.27432166462693264
0.0,0.30528636349025895
0.0,0.3572606473909839
0.0,0.4722140114355258
0.0,0.8762463650354746
1.7129999864846468,3.3295795223350906
7.966999822556973,9.764940768946559
15.933999645113946,17.175317165915757
17.003999987244608,22.458422817010913
17.593999475240707,23.157025933234436
15.388000432252884,21.14307356306019
15.12099997639656,18.796561003274388
2.9369998794794085,14.034205094764923
0.3170000099390745,6.935598955928486
0.0,3.4071326679421943
0.0,1.6722652118793482
0.0,0.8702825606216623
0.0,0.48784230120329186
0.0,0.38021266548201577
0.0,0.3579728012184106
0.0,0.32427170081639567
0.0,0.32218253493850735
0.0,0.31684634031538517
0.0,0.32830938883055916
0.0,0.3067019145967894
0.0,0.3269486181139248
0.0,0.36988677123172176
0.0,0.4626895811149471
0.0,0.7253995483711547
0.0,2.294234412684231
0.2810000036470592,6.448209248273706
1.6259999793022872,10.95618160664192
9.288999919891358,13.743550744404054
7.6330002081394195,13.210903412275453
1.2139999821782113,11.635899364269514
1.0330000174045564,11.195836026861784
0.6470000194758176,9.212776555834996
4.01000005364418,5.077924022371729
2.407000113129616,2.814042313788225
0.0,1.5145845785131866
0.0,0.8965417474353263
0.0,0.6242849803697016
0.0,0.5277780091309263
0.0,0.5143803804812477
0.0,0.4426500573968361
0.0,0.38292724437254655
0.0,0.2912615193230082
0.0,0.2787399800222452
0.0,0.2508376215589471
0.0,0.2791588917794591
0.0,0.3381501591884764
0.0,0.45398405390570634
0.0,0.9587217292038367
2.062000044807792,4.31183020520558
10.41700043797493,12.6748737498976
9.419000172615052,22.16037439453082
20.62699911475181,29.563311027294844
14.340000227689744,33.05187487443849
19.309999935626983,33.04472145899519
34.319000705480576,32.111741132793334
27.579999738931654,27.200814236397907
13.422000275850296,15.430520029673366
1.8389999924600124,7.143690894407884
0.0,3.0123769365144737
0.0,1.3538996587704184
0.0,0.541157975287164
0.0,0.3669934249864313
0.0,0.3121828831634342
0.0,0.27180214098478167
0.0,0.2923542006556754
0.0,0.26364507164020395
0.0,0.2550666204979199
0.0,0.23231728747702374
0.0,0.26685755864328414
0.0,0.3281727884152542
0.0,0.45897435197036796
0.0,1.0148164193549525
1.3469999385625124,4.7767483609137535
6.78399998754263,14.180463592413572
18.31899962067604,25.63278271935874
23.05199924707413,34.76442020822388
30.039999623298645,38.49617791478232
30.78499933362007,37.25652009475036
24.480999686717983,32.54501720664723
15.10700007557869,23.845127066144208
8.515999894440174,11.523960929856234
1.2869999601691962,4.9938158298220685
0.0,2.225497845345442
0.0,1.0385707505984951
0.0,0.43046536569743526
0.0,0.2947955767485299
0.0,0.26084099754034407
0.0,0.24234821215300145
0.0,0.2638409455644385
0.0,0.2400826473922759
0.0,0.2395390347221084
0.0,0.22348429778074574
0.0,0.2607328829222181
0.0,0.31867770505175075
0.0,0.44521862075562263
0.0,0.992207138244648
1.5070000521093607,4.492160767250602
6.838000045120716,13.551627252334011
9.954999603033066,24.77471196986756
22.152000341415405,34.05412982370704
31.60000060200691,38.293852537325144
36.53900170326233,37.73244283409483
27.70899970531464,33.7698996220153
13.396000019907952,25.218050395718937
9.85499972462654,11.903452081377523
0.8259999892488122,4.873047740539346
0.0,2.0950539083960042
0.0,0.9699892848606608
0.0,0.39935033317049906
0.0,0.2751670013111038
0.0,0.2493747680961438
0.0,0.2313674718070508
0.0,0.24452614079249713
0.0,0.2710050887136758
0.0,0.28304946071122694
0.0,0.2724445183199951
0.0,0.3128929045030203
0.0,0.382243679313008
0.0,0.5319754459082535
0.0,1.0490837917520452
1.2070000317692755,4.448517517093724
5.863000203669071,12.835649758938269
16.413000212907793,22.333547078521935
22.31700034618378,28.612578640114748
14.340999487042428,28.510690897349036
10.711000409126282,24.194096658441026
9.864000247716904,19.12601473395243
2.423000073134899,12.99559126829534
1.5500000409036876,6.0891578992406
0.1219999999273568,2.960465931716757
0.0,1.457041198978127
0.0,0.7644801062085553
0.0,0.44741404021752545
0.0,0.3545752987444708
0.0,0.33606357635166095
0.0,0.31364078686752495
0.0,0.3207452809387796
0.0,0.31031201290019705
0.0,0.31681716194971876
0.0,0.29269831912535077
0.0,0.31449978329684397
0.0,0.3577888149478988
0.0,0.4480042669350523
0.0,0.7495837267228107
0.0129999995976686,2.6162083851790765
1.040999997407198,7.5116161519247555
4.160999900847673,12.825493209035418
6.851000173091888,16.334220727259886
8.975000383853912,16.564335053120296
13.953000328540805,15.537676005968173
13.251999866366386,15.663067541696893
14.979999654889108,13.488424629325696
5.477999850213528,7.639972669047168
0.1259999979520216,3.941035314882937
0.0,1.8958904074175786
0.0,1.0185228229930279
0.0,0.6103699272429425
0.0,0.4893638409118052
0.0,0.46174116247061464
0.0,0.3959428196014396
0.0,0.3627308916425721
0.0,0.3040349722105707
0.0,0.307849582947818
0.0,0.28315505336766156
0.0,0.30982080616703
0.0,0.363865761737623
0.0,0.47578644447705754
0.0,0.8721537340554559
0.5319999860040844,3.3532978057079754
5.9950000020861625,9.668098258298738
14.033999901413916,16.678635523159894
12.10099995136261,21.590761192709216
10.976000292301178,22.52939725933462
19.57100072741509,21.43175020588156
13.007999834418298,19.92694020173966
8.587999971210957,15.690372644697431
3.648000124096871,8.344923666489363
0.1730000008177012,4.208206443315874
0.0,2.012422403350503
0.0,1.0168760881237018
0.0,0.543973661463402
0.0,0.4161351903454333
0.0,0.37946104431368927
0.0,0.3367370200007855
0.0,0.3457123974241593
0.0,0.26280466783818823
0.0,0.2572524806605676
0.0,0.2426714546741737
0.0,0.2900085456779663
0.0,0.37247749506856975
0.0,0.5483543861944037
0.0,1.3217957598735788
4.100999922454357,6.669975161458171
16.047000164985658,18.97228346922008
27.531000086069103,32.96971387762662
36.00399845123291,42.979993536059965
39.67000064849854,46.58847470719083
33.71000091195106,44.80378787554899
25.55200031518936,38.15566867609648
19.930000824928285,27.155494678708795
8.33499992966652,12.679456574127258
1.0879999762028456,5.250413172058296
0.0,2.235708987845696
0.0,0.9737495296046698
0.0,0.37096027130881964
0.0,0.2534671881435535
0.0,0.23395398281494434
0.0,0.22615849948888386
0.0,0.24990884964477109
0.0,0.25394819336362684
0.0,0.2549708532042333
0.0,0.24516434588772962
0.0,0.29633974712945654
0.0,0.3766957381458021
0.0,0.550212146177644
0.0,1.2604119688683775
4.106000070422888,6.263526565658017
15.754999739527705,17.96104568042005
27.934000458717342,31.625247052168362
34.913000311851505,41.30097689230054
27.505000857114798,44.1136668608141
32.05900057792664,40.95344503964534
22.66300082921982,32.89120516734743
6.3389999124407765,21.549907522925167
0.8660000176355243,9.189770229404067
0.0629999989760108,3.7511030990866523
0.0,1.6458190564291182
0.0,0.7570941503493223
0.0,0.33909687556802565
0.0,0.24392908816719924
0.0,0.22984956453797512
0.0,0.22602951347234168
0.0,0.24741382471239173
0.0,0.24132713546935292
0.0,0.23645902507470978
0.0,0.22204410163236887
0.0,0.2644026159399523
0.0,0.33957799990902415
0.0,0.49758424822612496
0.0,1.2460307530807855
4.282999916821718,6.412415574592603
15.481000360250473,18.651233842513975
27.698000663518908,32.269283956730035
36.35300184726715,42.337440191369
41.03699976682663,46.73164748370493
39.77099875926972,46.02848017806951
34.87399941444397,41.66046108507579
26.41500095009804,32.69574462807443
12.934000211954118,16.837177088451156
1.6519999784976245,7.015500753240577
0.0,2.8362627013979633
0.0,1.1943131620659586
0.0,0.40867002365387456
0.0,0.2677860229848371
0.0,0.239922523490317
0.0,0.22468163660690754
0.0,0.2426357635056549
0.0,0.31640773392648086
0.0,0.32058571367822936
0.0,0.3049168901370189
0.0,0.3465889122589581
0.0,0.42746258179526847
0.0,0.6063206284437046
0.0,1.163983011218686
1.3789999869465828,4.774669056848025
9.017000086307526,13.143945411927916
26.932999334335328,22.61958101121037
34.66800204753876,28.584814474604883
22.55799951910973,27.54304599930514
1.6679999385029078,22.327440783781658
1.8630000608414408,16.684481208624575
0.6290000002831221,10.924900310588622
0.4109999996237456,5.306702149950563
2.5989998899400235,2.71989081582221
0.0,1.3828313510408607
0.0,0.7346533236058742
0.0,0.44083034813710636
0.0,0.35651180161312057
0.0,0.3414473845271133
0.0,0.33180437085103615
0.0,0.3543918620837195
0.0,0.24811012856004963
0.0,0.23689966441206226
0.0,0.21902200558699406
0.0,0.25924027796785515
0.0,0.33144541384483445
0.0,0.4860267559449899
0.0,1.1819585699051418
2.492000061124563,5.943341385232695
9.588000295758247,17.220383375580607
21.41599910020828,30.33575053111052
35.87700111150742,40.47850385228493
39.46800031900406,45.01242955085867
39.16100073337555,44.23788922116848
26.55800081729889,40.01455056532201
23.853000614643097,31.25138999729683
9.846000228524208,16.075922373362665
1.2689999409765005,6.740303411686332
0.0,2.7497428372623576
0.0,1.176104916827974
0.0,0.4109213185622081
0.0,0.2680515989202709
0.0,0.23865990875509244
0.0,0.22397354558887606
0.0,0.2441763724960961
0.0,0.24903163738811418
0.0,0.239045912326359
0.0,0.22243547520506826
0.0,0.26512668858501737
0.0,0.3423594702806623
0.0,0.5075280825950734
0.0,1.2591713653108787
3.6949999745190154,6.515318383878208
15.148999778032303,18.79441132280521
28.1710005402565,32.61214274579654
37.89799853086472,42.86477747437141
42.393001897335054,47.285085468311294
40.67100177288056,46.1445161068476
35.405001521110535,41.464895369584795
27.685999281406403,32.207848223511924
13.110999544858933,16.287196982193525
1.7599999652802945,6.608565257062859
0.0,2.6651980991706705
0.0,1.1420735521224161
0.0,0.39731228333077007
0.0,0.26022386393190344
0.0,0.23346539343859776
0.0,0.22055954738717004
0.0,0.2427743214078086
0.0,0.2621049253499234
0.0,0.25798462169897873
0.0,0.23940300033443399
0.0,0.283162324154131
0.0,0.35650191850136725
0.0,0.5133946806991542
0.0,1.1403640341774053
0.7129999828711152,5.744936463501475
9.907999495863915,16.67203674498832
24.617999889850616,29.445108214458173
27.84700019478798,38.8112646955297
39.77099875926972,41.61279669528424
35.04399879693985,38.553222616535045
19.120999220609665,31.21474088046357
3.7510000912845136,20.83347466557239
2.131000032797456,9.306954792893151
0.1009999962570145,3.948161137812191
0.0,1.764409036922899
0.0,0.8273268192017441
0.0,0.37273402038194187
0.0,0.2654436785075878
0.0,0.24343742971662785
0.0,0.2362858769330266
0.0,0.2654900002328631
0.0,0.2651182969523245
0.0,0.25390345523539054
0.0,0.23531505858420898
0.0,0.28009189538820106
0.0,0.35956875135917016
0.0,0.5249654930567097
0.0,1.284229523418662
3.2269999890029437,6.751254928144851
14.129000402092936,19.307838253589285
23.977999435663225,33.24866259947505
32.89000026583672,43.28527183970531
30.96900067090988,47.3739652056575
33.57699980020523,46.048449646877984
24.263999170064928,41.00278828439495
16.643999603390693,31.438465733153258
12.021999924182891,15.895983853090382
1.549000011309981,6.4689685577859874
0.0,2.603419806090445
0.0,1.1138650075143153
0.0,0.39173078384027843
0.0,0.26014558460966486
0.0,0.2348109073886301
0.0,0.2222876969348781
0.0,0.24642995081088198
0.0,0.25928459576985496
0.0,0.2586609297083882
0.0,0.24773904655973572
0.0,0.30053446865382066
0.0,0.3863191610866429
0.0,0.565638558082538
0.0,1.2979944122295182
4.063000081628561,6.717141520331516
15.614000445008278,19.190427948424812
25.281999000310897,33.041259317638335
26.422000900506973,42.366659212500934
34.28900033116341,45.010746343230835
31.05300007581711,41.59065693567184
21.42700019598007,33.843724331606936
13.362999813556671,22.826018617699333
5.474000245332718,10.025507123152641
0.3859999979287386,4.020603917492395
0.0,1.709465637477932
0.0,0.7801631935871016
0.0,0.3448181734554985
0.0,0.2485177098631551
0.0,0.23275288307533568
0.0,0.22756522538460616
0.0,0.2520650557228409
0.0,0.25606718325899824
0.0,0.2431424302651943
0.0,0.22427929222978893
0.0,0.2677540716078706
0.0,0.34482511116451586
0.0,0.5046998728921813
0.0,1.2438136199681182
3.821999881714583,6.692148850903266
15.369000126719476,19.337892133081475
27.820000679492956,33.375207822177885
36.93500007152557,43.39165385602181
42.05900074243546,47.50401938792878
41.19999919891357,46.21146207790171
35.863001210689546,41.38478673715745
27.578999452590946,32.1196446920037
13.414000039100648,16.456022858403127
1.7999999936670066,6.674361248236465
0.0,2.6624610342913324
0.0,1.1415177151457478
0.0,0.3957421047288983
0.0,0.2595002709702155
0.0,0.23222496384125935
0.0,0.2195921358940788
0.0,0.24299563678221156
0.0,0.2686026572838066
0.0,0.26529156695173023
0.0,0.24436149460304915
0.0,0.27967722534563316
0.0,0.339322055674183
0.0,0.4658304898015495
0.0,0.9775864859121837
1.302000018954277,4.3591593071181665
5.405999773442745,12.944829236806184
19.793000621795656,23.201468663719808
19.185999346971517,31.227131891483857
34.449999190568924,34.486887519727965
25.832000385522843,33.494673063139246
31.13799976706505,30.03032628260724
15.39800021469593,22.65653422758058
6.6500001299381255,11.075086115939351
0.5039999918080866,4.722186985043919
0.0,2.0513263704571782
0.0,0.973959526156067
0.0,0.42972916747817136
0.0,0.305364876117249
0.0,0.2761994543032474
0.0,0.25485148299939436
0.0,0.2743706704603422
0.0,0.2936900428123768
0.0,0.29245545097472936
0.0,0.268248799871243
0.0,0.29771050012129885
0.0,0.35157674592853383
0.0,0.46650894612696353
0.0,0.899460558306914
1.4580000141263008,3.8038293088970274
11.675000181794166,11.113992579044432
12.6080003207922,19.569228117343393
13.658000071048736,25.707227082030542
23.28399995088577,27.328370071561682
21.250999095439912,25.73208920886629
19.868999789953232,23.11964685660297
10.062000458836556,17.575493702437008
5.977999755740166,8.956617353487893
0.6409999702870846,4.166254092346228
0.0,1.9051609087563737
0.0,0.9584305043465536
0.0,0.48660499727377043
0.0,0.36568801899408426
0.0,0.3345368432882302
0.0,0.3036045851718853
0.0,0.3157510514314671
0.0,0.2846694161778366
0.0,0.2804877996247334
0.0,0.25553940965295174
0.0,0.28398823638075704
0.0,0.33877861711523743
0.0,0.4549316497312207
0.0,0.8954297056681123
2.459999884366989,3.8725095544673485
9.470999657511712,11.309311564267212
11.012999590039254,20.048362204487717
26.657000409364706,26.546668156874208
36.52199888944626,28.408648696868312
28.10000074982643,26.733330463671457
17.326999019384385,23.58830285250231
7.744000155329704,17.54707238137138
11.404999893903732,8.840945853249854
1.8379999628663064,4.186671744912953
0.0,1.961311684209857
0.0,0.9942120631765107
0.0,0.49995868458538184
0.0,0.3674119348479221
0.0,0.3292053373679121
0.0,0.2972260354248902
0.0,0.30966392479481136
0.0,0.2692608716841295
0.0,0.2644695717819362
0.0,0.2473168320481019
0.0,0.29064566365167077
0.0,0.3640704310657997
0.0,0.5215802084619493
0.0,1.1757369106724047
3.5479999889433387,5.851134769861943
14.997999674081802,16.873981718361204
27.56800041079521,29.64192173362694
30.483999412059784,38.734665175900815
36.6639984703064,41.50307834037135
31.10799939274788,38.99400212729644
18.640999393463137,32.25063798377094
15.635000296235084,22.25068454993651
8.128000222444534,10.28816929791059
2.2899999883770943,4.37974494674009
0.0,1.9136441000623226
0.0,0.8813612689969242
0.0,0.3818922587826893
0.0,0.27095237754460516
0.0,0.2506735240051398
0.0,0.24254134495430382
0.0,0.2688629526551044
0.0,0.31029161805331007
0.0,0.31718814928240224
0.0,0.30163613936343175
0.0,0.33820410987735194
0.0,0.4055309226950567
0.0,0.5507220776825784
0.0,1.0508816442187592
3.830000118464232,4.367285294950772
10.44200040757656,12.279446494890292
15.18099969804287,21.243353858139212
25.93099997758865,27.045650398320173
26.14299906253815,26.772895723198435
12.177000146508217,22.917014239271623
0.6450000244751573,18.088306305825668
4.073000120818615,12.308255556507753
3.613999888151884,5.973626233850336
1.3389999585598709,3.0112460745509866
0.0,1.4955946908522373
0.0,0.7827408096241621
0.0,0.46284542727334377
0.0,0.37147717916791917
0.0,0.3538807474215469
0.0,0.33365451736033996
0.0,0.3437352770687756
0.0,0.25825721797040885
0.0,0.2592444174767622
0.0,0.24158778157549787
0.0,0.27543460660529656
0.0,0.33085334816366097
0.0,0.45329949644128303
0.0,0.9467498701277365
0.0389999987930059,4.188317810925801
4.446999891996383,12.283005492905428
14.764999710917474,22.150964056784463
31.238999931812288,30.10657492622652
41.07899946928024,33.18008764066393
35.28900116920471,31.773270681692026
31.473999440670013,27.754192325329306
25.769000831842423,20.036526192082384
10.303999918103218,9.353787481911944
2.4140000635385515,4.042364568177214
0.0,1.8085351370063043
0.0,0.882301365005172
0.0,0.4225674839542912
0.0,0.30677629811648816
0.0,0.28077841671590215
0.0,0.2577882807397352
0.0,0.2680848774824265
0.0,0.25366868417110133
0.0,0.24134130066480666
0.0,0.21576370548451346
0.0,0.24383998330543943
0.0,0.29093923121815973
0.0,0.38852111986483967
0.0,0.8629048444338092
4.588000213503838,3.9818663795716684
10.08499985575676,12.178086630980527
15.536999963521955,22.113646813140242
21.19599977850914,30.572697189250988
25.404999302625654,35.52900419743486
37.39399799346924,36.605012071013775
34.92299906730652,35.96851171147129
25.168999507427216,30.318369577821787
13.540000173449515,16.538096980493467
1.6660000076889991,6.987039615669428
0.0,2.8687526048464145
0.0,1.3193911672964318
0.0,0.5046571447745957
0.0,0.32968305260582337
0.0,0.2797785250014046
0.0,0.24394073768838065
0.0,0.2526743209272646
0.0,0.3064606508237475
0.0,0.3056730994357343
0.0,0.28023496496452566
0.0,0.3036845903866824
0.0,0.3561908682498701
0.0,0.4605522606600482
0.0,0.8233473611724127
0.7050000028684735,3.08140267771023
8.002000088095665,8.932090804645021
10.776999794840814,15.33205836952734
15.413000401854516,19.69318109201641
20.533999186754222,20.476029605168563
19.656000418663027,19.361322383297658
8.810999638438226,18.781966547072894
5.185000165402889,15.651310454653165
4.105000040829181,8.736477064276638
0.7129999828711152,4.553998302250444
0.0,2.2243140904213576
0.0,1.1872355151566916
0.0,0.6646092600361456
0.0,0.5053629733722903
0.0,0.45149250950772907
0.0,0.38452232154726607
0.0,0.36878520940665566
0.0,0.3363067925536153
0.0,0.34320417501609707
0.0,0.3152443255384781
0.0,0.33775289371165523
0.0,0.3870591870804149
0.0,0.4883900173285994
0.0,0.7792385624658729
0.4330000088177621,2.6307416043280476
2.7719998747110366,7.354423040245529
3.71299999371171,12.40967869248807
3.8949999880790713,15.40182405606989
5.405000000596047,15.201943751414749
5.102000019848347,14.076007212644527
4.239999928027392,13.541270584369824
2.537000109106302,11.059123682332869
1.490000062510371,6.209387920909046
0.1990000000130385,3.344755392350737
0.0,1.6978747747130245
0.0,0.954272641600185
0.0,0.6051001778036301
0.0,0.49937206139664797
0.0,0.47495311774034654
0.0,0.4167559542634534
0.0,0.3939257537241879
0.0,0.3128284743843989
0.0,0.32298900026707383
0.0,0.302986914675573
0.0,0.33301626361464315
0.0,0.3887996798614827
0.0,0.5076815323761791
0.0,0.875420148148289
0.4509999959170818,3.2420717183687193
3.0849998946487904,9.213306804232873
18.39799964785576,15.843234195648098
23.55800035715103,19.98797342734439
25.89399965286255,19.55869793167962
12.58900001525879,17.195196271737498
3.986999886482954,15.07826547109066
2.350999996364117,11.301563428041945
0.28499999364838,5.905174648963685
0.0320000002440065,3.060981560895216
0.0,1.534502475031985
0.0,0.8385162152407184
0.0,0.5185442940177766
0.0,0.42578638655581413
0.0,0.4074826661415751
0.0,0.3700660970612768
0.0,0.3632681938014738
0.0,0.32297596759649205
0.0,0.3214091680729869
0.0,0.2909813124806915
0.0,0.3114145375753694
0.0,0.35580958921141725
0.0,0.4531030853246415
0.0,0.7867517014526952
0.1410000005736947,2.9225266892101307
2.929999929070473,8.324978689455214
6.50300014436245,14.500101301987742
15.363999722003935,18.78956406866543
14.642999694943429,19.394466532027778
17.700999304056168,18.425288891068153
9.362999542355537,17.16653709677466
8.702000263929367,13.398320200991238
4.625999797582627,7.163833122005758
0.3300000095367432,3.663601570932563
0.0,1.8049895024840024
0.0,0.966247192443341
0.0,0.5486253802873039
0.0,0.4287481765087409
0.0,0.39955047516628406
0.0,0.3595159655541156
0.0,0.35890774773346135
0.0,0.3340670758994445
0.0,0.34060927250793227
0.0,0.3128963762182203
0.0,0.33018109300411563
0.0,0.3735923979528431
0.0,0.46641472855130217
0.0,0.7388117610023661
0.0,2.4924496798502602
0.1020000017806887,6.9338455783829005
1.1909999433904888,11.632465690677792
7.568999854624272,14.353271277167979
8.366000076830387,13.819441568410976
4.105000040829181,12.385463303861282
2.1999998924136164,11.858213119161228
1.4030000553280115,9.716092733637504
1.0079999836161733,5.484152284157559
0.3150000149384141,3.041098102360206
0.0,1.603147496612145
0.0,0.955655948203751
0.0,0.6524388467449886
0.0,0.5458181228235769
0.0,0.5246526232438911
0.0,0.45071198056921835
0.0,0.3973963770717439
