y_true_kw,y_pred_kw
0.0,0.3456620262935758
0.0,0.3065146226249635
0.0,0.2569078272767365
0.0,0.2783631156012416
0.0,0.3869727481529116
0.0,0.3995460984110832
0.0,1.239306122586131
3.681000073701144,6.302308197617531
16.693000283241272,18.065158989429477
30.51199921369553,31.75237070798874
39.95899918794632,42.00464021205902
42.5400008559227,46.07807731628418
25.41500011205673,43.64973536491394
25.4489995777607,39.70446636676788
23.15899907588959,30.151123836040497
10.220999772548677,14.15728467941284
2.3890000939369203,6.5961659309268
0.0,2.461969647407532
0.0,0.8743530889600516
0.0,0.4205870933458209
0.0,0.3715354813076555
0.0,0.2600754434801638
0.0,0.2614455738849938
0.0,0.2635608964320272
0.0,0.2993869405798614
0.0,0.2660630243923515
0.0,0.2236587528418749
0.0,0.2585355712100863
0.0,0.3737870914069935
0.0,0.3504838603315874
0.0,1.1377611406892538
3.6749998961389063,6.34454462081194
16.58299959540367,20.249207190275197
29.825999965667727,35.23245110034943
39.04000100374222,47.16959305763245
44.29700073242188,51.44623412132263
44.86100201845169,49.26957818031311
39.50900178909302,45.75316295146942
29.945999408960343,35.07139883756638
14.926999883651732,16.377010444402696
2.0360000456124543,7.424009171128273
0.0,2.729459206312895
0.0,0.9825759963318704
0.0,0.3860311285033822
0.0,0.2798382234387099
0.0,0.2535519834235311
0.0,0.2548349482193589
0.0,0.253753722384572
0.0,0.3698880962282419
0.0,0.3680380735732615
0.0,0.3045811250992119
0.0,0.3155489721335471
0.0,0.3916971561172977
0.0,0.3807936821132898
0.0,1.005852423273027
1.0220000128075482,6.004586935341358
10.6799997484684,16.739916177392008
16.715000420808792,29.46118711590767
30.85300031900406,38.35218604087829
37.613001136779786,40.80566044330597
38.601998825073245,36.88929910421371
18.77099964618683,30.138886246681214
12.088000336885452,20.429640771150588
13.181000075936318,10.832930589914325
2.156999903619289,4.739001344442368
0.0,1.7992201246321202
0.0,0.608051691018045
0.0,0.3540340006165206
0.0,0.3744533468596637
0.0,0.3216455902904272
0.0,0.2571928485482931
0.0,0.3547802999801934
0.0,0.2836209412850439
0.0,0.2828636980801821
0.0,0.2840296183340251
0.0,0.3293719100765884
0.0,0.4001183901820331
0.0,0.3715077611943707
0.0,1.0123204580694438
2.8419998922944067,5.906971209645271
16.294000028967858,18.13703377366066
28.90200034976005,33.22473058223724
37.232999134063725,43.7749827170372
30.11600084543228,47.5254526257515
44.4180004620552,44.713904469013215
33.64699930429459,38.89775494575501
24.50500039696693,27.94008022785187
9.108000468611715,12.132052988409995
1.9280000588297843,5.31695323586464
0.0,1.8896314009279012
0.0,0.7337905211001635
0.0,0.3475064647011459
0.0,0.2871100047416985
0.0,0.2729078514687717
0.0,0.2739908745326102
0.0,0.2730615145526826
0.0,0.3454782596230507
0.0,0.3406084749475122
0.0,0.2918226281553507
0.0,0.2874896693788469
0.0,0.3288501038774848
0.0,0.3836285129003227
0.0,0.7559459264203906
2.2359999307990077,2.936317959427833
7.416999977827072,8.16145692497492
5.97099980533123,12.839661091566086
18.544000374078752,18.55171510815621
6.456000037193299,18.93142955422401
17.088999678492545,20.672529602050783
32.318999029397965,23.6862300825119
14.085000126957894,18.196705886125564
8.398999769687652,8.699390687346458
0.4330000088177621,4.3712240937352185
0.0,2.6310131607949736
0.0,0.9364186612144112
0.0,0.4025660529918968
0.0,0.3960143217444419
0.0,0.3795358418812975
0.0,0.3857363829389215
0.0,0.3629774937778711
0.0,0.3412427363358438
0.0,0.3221706700138748
0.0,0.2830832809582352
0.0,0.3095490834116935
0.0,0.407791001885198
0.0,0.3762478976882994
0.0,0.9829160577431322
3.176000020205975,5.02597928494215
15.72999976992607,15.534454060196875
29.41499935626984,27.37385243177414
26.13400059342385,37.10660566329956
40.706999757289886,39.77493006944656
39.93799933671952,37.77197888374329
34.79799819231033,33.232330293655394
14.83299966931343,24.242194160223008
12.50700015604496,10.634663361907004
3.168000040203333,5.04526457965374
0.0,2.1913947597146035
0.0,0.808550371453166
0.0,0.3785458620637655
0.0,0.34371392628178
0.0,0.2998277430981397
0.0,0.3008268419839441
0.0,0.314653246011585
0.0,0.2874955424666405
0.0,0.2572892891429365
0.0,0.2214249415509402
0.0,0.2823656730726361
0.0,0.3727029099501669
0.0,0.3710923118563369
0.0,1.114059027209878
3.848999910503626,5.750925513505936
17.303000363111497,18.114454414844516
29.85600033998489,31.317759643793107
38.3859985947609,43.11139645576477
31.69499904870987,47.623431391716
27.534000945091247,47.73992880582809
31.780999026298524,43.3347047328949
19.93099905729294,33.027797411680226
13.805000056624412,14.77606550693512
2.1100000531971457,6.698868841826916
0.0,2.8469337995350363
0.0,1.1651245948672295
0.0,0.4098332449421287
0.0,0.3163156828843057
0.0,0.3020210365019738
0.0,0.3028651564754546
0.0,0.2773274302668869
0.0,0.2531597221363336
0.0,0.2312998807616532
0.0,0.2019325964245945
0.0,0.2870599711686373
0.0,0.3514524415507912
0.0,0.3710308348713442
0.0,1.104473891183734
3.917000125646591,5.846383537352085
15.713000037074089,18.56412933945656
28.198000055551528,32.551131187677385
38.220998589992526,45.4436164355278
44.33099814414978,50.68639443397522
43.5119998383522,48.84782295227051
39.145998492240906,45.96432812213898
29.52500004410744,35.59219679117203
15.2610000115633,15.7860322368145
2.2689998804032805,6.907349465787411
0.0,2.827127565145493
0.0,1.1208085209131242
0.0,0.3892780795320869
0.0,0.3079563533514738
0.0,0.2906938399374485
0.0,0.2918018316477537
0.0,0.2904859069548547
0.0,0.2595362587179988
0.0,0.2603101583849638
0.0,0.2552076325472444
0.0,0.2995571317523718
0.0,0.4042281765164807
0.0,0.3738889390463009
0.0,0.9684849503263832
4.505999840795994,5.078132818043232
10.50499996125698,13.95081489801407
12.148000058531762,25.640549277067183
34.100999902486805,34.76763631820679
41.99600118875504,41.670655488967896
34.22299991846085,43.424451162815096
38.175001850128176,38.721614174842834
21.65200094938278,28.994382030963894
6.347000149190426,14.16260139644146
0.4730000051110983,6.9276032102108
0.0,2.879237194508314
0.0,0.9869928150996566
0.0,0.3676297607459127
0.0,0.3621502870135009
0.0,0.2627437188476324
0.0,0.2521569485589862
0.0,0.2989250848069787
0.0,0.3436828278005123
0.0,0.3293346817605198
0.0,0.3085196883790195
0.0,0.3073314311355352
0.0,0.3813016239739955
0.0,0.366052887593396
0.0,0.8883067753165961
0.1650000047683716,3.713564323633909
4.6909999239444735,11.521221048235894
10.923999780416487,19.95029205441475
16.795999993681907,25.640662245750427
35.21599875211716,28.8678304040432
20.05100055456161,31.029938032627108
14.889999558925629,27.87062091946602
29.942000317573548,23.6869859457016
12.148000058531762,13.213767156004906
1.99399995803833,5.959020503461361
0.0,2.8896508531272413
0.0,1.0281711838766934
0.0,0.4043386022374034
0.0,0.3805999846989288
0.0,0.3644933600071817
0.0,0.3022142386250198
0.0,0.3351912735588849
0.0,0.3780906817130745
0.0,0.4064087212644517
0.0,0.3595054398104548
0.0,0.3209430341981351
0.0,0.3249481270462274
0.0,0.4439240804873407
0.0,0.6128321277350187
0.0950000032316893,2.3970503963530065
3.854000058472157,7.118370858132839
5.680000179708004,12.023400735855104
3.247000067383051,13.351226422786713
3.815999960899353,11.892517273426057
4.003999876081943,11.629212947487831
1.964999998435378,9.67672692656517
3.960999887287617,8.426404945254326
3.101000111401081,5.350882866382599
0.4320000113174319,2.913326521664858
0.0,1.3166856910288334
0.0,0.4636642988026142
0.0,0.4285752629861236
0.0,0.4225636601820588
0.0,0.4335717523097992
0.0,0.4481738211400807
0.0,0.4311082647740841
0.0,0.3464585196971893
0.0,0.3716548044793308
0.0,0.3263368074223399
0.0,0.2883369024097919
0.0,0.2909490464627743
0.0,0.4009321792237461
0.0,0.6014480938017368
0.0,1.9726773758232596
0.0950000032316893,5.925417455136776
0.5439999881014228,9.010528007745744
2.563999881148338,11.397011981010436
5.35099994301796,10.247662435770035
6.57300016194582,10.359877309799195
7.7769998481869695,10.078142656683925
7.514999797046185,10.523943782448768
2.7469999051094054,5.530131303071975
0.0380000012926757,3.0023897477984427
0.0,1.597486683651805
0.0,0.5540360360592603
0.0,0.4291255681030452
0.0,0.4507860293798149
0.0,0.4270272069051862
0.0,0.4337049077264964
0.0,0.3972946317633614
0.0,0.2876554637588561
0.0,0.2752572149597108
0.0,0.2333552207890898
0.0,0.2666475089546293
0.0,0.3904017646657303
0.0,0.362424670974724
0.0,1.1435701701045036
2.946999918669462,5.960426450073719
15.549999577999117,18.50084633708
30.71299925684929,32.724725028276445
28.88700016260147,45.10872796297073
29.959999309778212,49.79537140369416
47.07999862194061,48.1301637172699
40.37099802970887,43.64093202352524
29.52299947142601,33.35141160964966
10.38700006365776,15.426930467486384
1.9960000172257424,6.997067653536797
0.0,3.0685929906368257
0.0,1.1509854087978602
0.0,0.3932928966730833
0.0,0.2900594501756132
0.0,0.2918177820555865
0.0,0.2839890202134847
0.0,0.2730128930881619
0.0,0.2820074468106031
0.0,0.2781123379617929
0.0,0.2330923279002308
0.0,0.276331797465682
0.0,0.3792567394394427
0.0,0.3545215397654101
0.0,1.1563326787203552
4.239999928027392,6.071892649829388
17.353000302314758,19.452328152656555
31.679000629186632,35.03578289270401
41.257999374866486,47.06676280021668
46.77299903631211,51.6040123462677
46.68899963140488,49.85558987379074
41.77300100803375,44.98081044197082
31.849000011682516,34.280478384494785
16.703000065684318,16.149718480706216
2.8799999898672106,7.336995042860508
0.0,2.88742716729641
0.0,1.0869008422642947
0.0,0.3806933261267841
0.0,0.2892950822412968
0.0,0.2819060959294438
0.0,0.2787385439127683
0.0,0.2743136697076261
0.0,0.2920887464284897
0.0,0.2639343349542469
0.0,0.2210034271515906
0.0,0.2755576731450855
0.0,0.384598736949265
0.0,0.3599051890941336
0.0,1.1463517671823502
4.30199996560812,6.361425736546517
17.697000212669373,20.97908552885056
31.859000821113582,35.12631804943085
40.93499931573868,47.950629777908325
45.92600092887879,52.394476816654205
45.4139981007576,50.37866774082184
40.17799822330475,47.22153400421143
30.769999146461487,36.68512566804886
16.353000491261483,17.483947438001632
2.8689999210834505,7.847814780771732
0.0,2.9027254377305507
0.0,1.0780272805690765
0.0,0.3783514724858105
0.0,0.2913307008892298
0.0,0.2739501480385661
0.0,0.274984517544508
0.0,0.2740005025453865
0.0,0.2769946540519595
0.0,0.2615207205247134
0.0,0.2142305052839219
0.0,0.2715118217095733
0.0,0.3726772673428059
0.0,0.3531625990709289
0.0,1.1350813437998295
4.399000011980534,6.301757218539715
17.74800043821335,20.225919209718704
31.83100101947785,33.894836163520814
40.939000461101536,47.872956619262695
46.26199854850769,52.57585111856461
46.96200180530548,50.77747594833375
41.45200152158737,46.8512144446373
31.503999814987186,36.47654029130936
16.69199999690056,17.626495430469515
2.920999919474125,8.098540043830871
0.0,3.034816638082266
0.0,1.128910044357181
0.0,0.3779766860418022
0.0,0.2912326235324144
0.0,0.277565402649343
0.0,0.2731833089143038
0.0,0.2694784495979547
0.0,0.2509842245094478
0.0,0.2653111086878925
0.0,0.2552624319866299
0.0,0.309231840390712
0.0,0.3894513657828792
0.0,0.3618866897933185
0.0,0.9551479702815414
2.088000044003129,4.920508127808571
12.759999684095384,14.71215809583664
20.676000821590424,25.68173765897751
17.84200065255165,35.93064275026322
34.04000092148781,42.51492591619492
34.41599972486496,40.080857479572295
29.22700098156929,35.271139793396
30.303999220132827,25.76578841328621
12.688999893665311,11.490075582265854
2.009000016823411,5.333848215937614
0.0,2.0722764721512794
0.0,0.8385670492053032
0.0,0.3478945356840268
0.0,0.3540084863826632
0.0,0.2729350987449288
0.0,0.2254762007202953
0.0,0.2901021664589643
0.0,0.2659084787406027
0.0,0.2659908463899046
0.0,0.2737191720120608
0.0,0.347240314334631
0.0,0.3938782459544018
0.0,0.367289104568772
0.0,0.9859129371866584
4.539000047147274,5.947326190769672
17.471999459266662,18.58854289889336
31.81799935102463,32.96214617490769
41.0139993429184,43.75650925636292
45.81999933242798,46.93378428220749
44.96800184726715,43.89879228591919
38.83399952888489,37.8407994055748
14.495000450015068,26.093021717071533
9.13600027024746,12.285884498357774
0.4460000084154308,4.395420958697796
0.0,1.7647594129294155
0.0,0.6926271720230579
0.0,0.3341234627552331
0.0,0.299183340203017
0.0,0.2637403465434909
0.0,0.2649188313540071
0.0,0.2803808582387864
0.0,0.3484848312661052
0.0,0.3492004493623972
0.0,0.3489247351698577
0.0,0.3744770381692797
0.0,0.391341533632949
0.0,0.3655691943503916
0.0,1.133311201557517
4.286000005602837,7.549972333908081
17.74499957919121,20.96853014588356
32.10599965810776,34.2782005250454
41.12999969482422,41.320292360782624
46.881001205444335,43.72461511611939
35.32799795866013,39.16643144607544
23.405999966859817,28.315674397945404
12.070000317692758,15.55889432132244
9.449999806284906,7.1957312989234925
0.0,3.021775687336922
0.0,1.2992059696465732
0.0,0.5199528066441417
0.0,0.3521639626286924
0.0,0.3385107556171715
0.0,0.2599899627733976
0.0,0.2610025569237769
0.0,0.3192619510740042
0.0,0.2901550563424825
0.0,0.2906733964569867
0.0,0.2891934425197541
0.0,0.3254228201694786
0.0,0.3885748006822541
0.0,0.3609959642635658
0.0,0.8321584513410926
0.2350000063050538,3.512435906976461
4.568999907970428,10.948951481580735
8.764999817609787,17.691758465766906
19.926999965906145,24.728555151224132
23.15399969816208,25.188214453458787
38.51599884748459,24.86325490117073
36.667001383304594,22.87919207930565
8.867000268697739,17.030388444662094
6.293999864459038,8.890999951958657
0.5419999931007624,3.5496092791855336
0.0,1.4462476766109469
0.0,0.6398580879718065
0.0,0.3496498148934915
0.0,0.3748131660791113
0.0,0.3575021374085917
0.0,0.3773795040138065
0.0,0.3688917658198625
0.0,0.3902106180600821
0.0,0.4075863472279161
0.0,0.360206327047199
0.0,0.3330832522548735
0.0,0.3733558817766607
0.0,0.4491205115430057
0.0,0.7781797679513693
0.8239999942481518,3.1227635282278063
4.814000226259232,9.15241051197052
12.448999980092047,16.162873170375825
16.697000401616098,19.31805768370628
19.177000877857207,18.614414781332016
22.45500083565712,19.071724334955217
16.95599959373474,15.623638727664948
13.739999930262568,12.378310340046882
7.215000161826611,7.846442724764347
0.6820000282675028,3.960525418817997
0.0,1.649205287322402
0.0,0.6072030779719353
0.0,0.4348611678741872
0.0,0.4140854246914386
0.0,0.4108152059651911
0.0,0.4204565695859492
0.0,0.3801342255435884
0.0,0.3941173614934086
0.0,0.4051709118485451
0.0,0.3750560283660888
0.0,0.3818422689847648
0.0,0.4106055399402976
0.0,0.4209937164187431
0.0,0.8849217585846781
2.829000021070242,4.947698662877083
9.735999540686608,14.04625803053379
22.52500033974648,23.482052538394928
24.528999053239826,29.38166948676109
23.897999122142792,30.20223908424377
18.86199900150299,30.05445345282555
13.605999559164047,26.69258759856224
21.654999754428864,20.663810473680496
12.05999950826168,9.939937796592712
0.740999977067113,4.881325967013836
0.0,1.971845002025366
0.0,0.7784249613434077
0.0,0.3702735055796802
0.0,0.3860923891933634
0.0,0.3683661030605435
0.0,0.2848910045437515
0.0,0.3805656773177907
0.0,0.3825547098368406
0.0,0.3714517817832529
0.0,0.3031980289705098
0.0,0.2947868044488132
0.0,0.3746119844168424
0.0,0.3798590909130871
0.0,0.8565869021043182
1.108999955803156,3.9239027689397337
8.07999982893467,12.205785593986512
9.234999862313272,19.82865559220314
25.475999093055727,25.473910199403765
20.56499984741211,27.747279657125475
22.96499898314476,28.466933302879333
16.791999875307084,29.025039677619933
21.623000861406325,22.124581815004348
6.293999864459038,11.040684106349945
1.1259999454021454,5.722388083636761
0.0,2.82888499841094
0.0,0.994675006493926
0.0,0.4339820019342005
0.0,0.3845854355581105
0.0,0.3767174061574042
0.0,0.3089048088900745
0.0,0.3756119177304208
0.0,0.2501198696624487
0.0,0.2208048654347658
0.0,0.1851830153912305
0.0,0.2569289607647806
0.0,0.3205820799991488
0.0,0.3634495176421478
0.0,1.1071946392208338
2.09200003400445,5.877366739213467
12.361999716162682,18.232685384750365
31.40600050926209,30.72613032579422
42.59800103187561,43.62482063531876
47.96600173473358,50.20517249107361
47.72500050783157,49.993222701549534
43.221000726223,47.3209710931778
32.76800024986267,37.81196568965912
18.07200078368187,17.9356681227684
3.6669999161362647,8.154401003718377
0.0,3.420564382076264
0.0,1.217347192913294
0.0,0.3916971819289028
0.0,0.3331455454975366
0.0,0.2691806230694055
0.0,0.2552030111011117
0.0,0.2538765758275986
0.0,0.3294025271572173
0.0,0.3295108743943274
0.0,0.3192413471266627
0.0,0.3439561991766095
0.0,0.3858328197011724
0.0,0.3580699744541198
0.0129999995976686,0.996841501928866
3.6380000849068166,5.840304281711578
18.454999537467955,17.258523565530776
30.68000007748604,30.49405978679657
42.01399812698365,39.27610965967178
32.19500049471855,41.78873035669327
28.578000004291532,38.23019629478455
15.868999518752098,30.30508577346802
5.380000030994416,18.28592444419861
4.6770000231266025,8.688619636893273
4.158000068813562,3.5008738189935684
0.0,1.4960621161013845
0.0,0.5546823966503144
0.0,0.3466239345772192
0.0,0.3365400297753513
0.0,0.2800948420725763
0.0,0.2707268498279154
0.0,0.3014071223139763
0.0,0.2966539007797837
0.0,0.2780147099122405
0.0,0.2225959325581789
0.0,0.2575868268311024
0.0,0.3711530597135424
0.0,0.3473363308003172
0.0129999995976686,1.1552602464705706
5.334000210165978,6.361221879422665
19.06399933099747,19.97412844657898
33.30700053930283,35.35428063631058
43.30299955844879,46.99273339509964
47.33799855470657,52.06830131053925
48.43800132513047,50.3709324669838
40.751998264789584,47.063324444293976
23.914999881982805,36.93370195865632
11.90900043129921,18.60362729907036
3.370000112950802,8.727698585391044
0.0129999995976686,3.237805443555117
0.0,1.061848046965897
0.0,0.3871832486055791
0.0,0.2922911914438009
0.0,0.2558479756303131
0.0,0.25713543349877
0.0,0.2559239566978067
0.0,0.2899583881348371
0.0,0.2645676174946129
0.0,0.2091817679442465
0.0,0.2749576232954859
0.0,0.3658434322476387
0.0,0.3500497990474104
0.0190000006463378,1.1700225575268268
5.6620001605153085,6.520766010284424
19.478000799417497,20.905343680381776
33.83900087833405,36.24794918775559
43.67299869775772,47.335632374286654
48.8290003156662,52.41447843551636
48.99100151538849,50.80049280405045
43.21600134849548,48.16123626708985
27.89800042033196,38.040330855846406
12.214999730587008,19.418597757816315
2.7430000434815884,9.12414985537529
0.0,3.2277769054472447
0.0,1.1291123609989882
0.0,0.3821096388995647
0.0,0.2878779029473662
0.0,0.2733041404746473
0.0,0.2741569577530026
0.0,0.2734881317988038
0.0,0.3501559975370765
0.0,0.322687726393342
0.0,0.2631376971304416
0.0,0.2901761416904628
0.0,0.3843642412126064
0.0,0.3597847678838297
0.024999999689171,1.2246642258763314
5.936000053286553,6.682826261818409
20.46899906039238,19.86787626504898
33.85300077915192,35.07665701627732
43.42300105571747,45.42500741243362
48.07899917364121,49.42122323274612
43.30900127649307,47.36657757759095
27.31299928307533,42.513779797554015
13.501999562382698,32.094684303998946
18.44300020933151,15.76107231974602
3.891000126451254,7.37775311678648
0.0,2.514528840780258
0.0,0.9761962825059892
0.0,0.392967822868377
0.0,0.3171543148905039
0.0,0.2772775250673294
0.0,0.2779920198954642
0.0,0.2775945113413036
0.0,0.2984681714139879
0.0,0.2788661792688072
0.0,0.2227063979580998
0.0,0.2627586101740599
0.0,0.3815604378702119
0.0,0.3586756877694279
0.0129999995976686,1.2214763266593218
6.031000040471554,7.172143437862396
20.588000271320343,22.34904442667961
34.77899891376495,37.518563425540925
45.01799973249435,49.00724435806274
50.05800099849701,53.680812187194825
49.31200100183487,51.80980842351914
46.14700053691864,49.91506891250611
33.56299989938736,39.69545351982117
19.853999602794648,20.46416605472565
4.95200020223856,9.528623955845832
0.0,3.157382267713547
0.0,1.105014600381255
0.0,0.3894481102377176
0.0,0.2702888394333422
0.0,0.2607417180109769
0.0,0.2617853464558721
0.0,0.2610463643819093
0.0,0.3476238622702658
0.0,0.3421524551697075
0.0,0.2895129320770502
0.0,0.292528329398483
0.0,0.3903839585976675
0.0,0.3639944831002503
0.0,0.8971394500508905
4.399999784827233,4.813463625013829
15.6609995251894,15.188401200771333
29.4560008263588,25.98383645772934
32.93500082731247,34.311316781044006
25.104999667406084,37.21625512123108
23.473000665903093,35.712173640728
22.969000128507616,32.12576506972313
16.284000246524812,24.514921101331712
15.33499963402748,13.63127168059349
4.928999778330327,5.5912211725115775
0.0,2.2008612786233424
0.0,0.8358306396007538
0.0,0.3955863535031676
0.0,0.3783595285098999
0.0,0.3341077690944076
0.0,0.2649651420954615
0.0,0.3417842799611389
0.0,0.2978540646657348
0.0,0.28735635349527
0.0,0.2298022915143519
0.0,0.256881960015744
0.0,0.3839065024629235
0.0,0.3589596638549119
0.0,1.157802298590541
6.2070001140236855,7.013428086340428
21.157999167442323,21.354299713373184
34.936000735759734,36.24133127689362
43.17099873304368,47.345742044448855
49.58499906778336,52.37095057487488
44.39999941587448,50.64954610347748
32.43000000357628,48.53159690618515
24.706000440120697,38.44323879957199
17.462000703811647,20.38618685364723
4.356999796032905,9.681657496094704
0.0,3.237842415124178
0.0,1.0755385034531355
0.0,0.3885838035307825
0.0,0.2816031665541231
0.0,0.2550993815902621
0.0,0.2562957584578544
0.0,0.2554212139640003
0.0,0.288630300052464
0.0,0.277619576267898
0.0,0.2682663951162249
0.0,0.3122988438606262
0.0,0.3816934077534824
0.0,0.3575529077276587
0.0,1.2034851652383804
6.254999994039536,7.644199512600899
21.194999492168428,22.755555044412613
35.51599838733673,38.631050262451176
45.72499883174896,50.03562909126282
50.37499933958054,54.38022800683975
50.1670013999939,52.21306554317474
46.3359991979599,47.63385326623917
34.506999080181124,36.40939170598984
19.66099979639053,18.35810732483864
2.22100000038743,8.486764626204968
0.0,2.8102772590518
0.0,1.0774955575168133
0.0,0.3775379374995827
0.0,0.2544159210566431
0.0,0.255498398533091
0.0,0.256542444191873
0.0,0.2559963112138211
0.0,0.2344133554399013
0.0,0.247121562063694
0.0,0.2391732844896614
0.0,0.3322374634258449
0.0,0.3736618733033537
0.0,0.3514345278404653
0.0,1.0579163516685366
2.0000000072270634,6.596619859635831
16.03399952352047,20.561949692964557
27.4530003452301,35.40479201555252
43.83400166511536,47.25698973894119
48.00699909687042,50.90670390605926
39.21999914169312,48.53531460285187
46.26399912118912,42.68616590023041
22.88300015091896,31.39634271383285
6.4380000180006025,14.707074505090716
5.083000227808952,5.202153946459293
0.0,1.8909519791603089
0.0,0.7727665782347322
0.0,0.3288945852965116
0.0,0.2683722551167011
0.0,0.2370525542087853
0.0,0.2276359565462917
0.0,0.2455548436846584
0.0,0.2934560847096145
0.0,0.2833482117764652
0.0,0.2207133672200143
0.0,0.2730634401552379
0.0,0.3779357517650351
0.0,0.3552288704691455
0.0830000011343509,1.2482529855519533
6.799000174701214,7.347409728467465
20.92399994492531,23.213293879032136
35.631998739242555,39.5480355501175
45.18399796962738,49.210205948352815
49.551001656055455,54.10057505846024
50.20200115203858,52.3787022805214
45.808000004291536,49.926562962532046
35.113998301029206,39.64401374340058
20.148999860286715,21.13361436367035
4.857000215053558,10.093992162942886
0.0129999995976686,3.2798916697502136
0.0,1.1551449670642615
0.0,0.3944209467433393
0.0,0.2693021285906434
0.0,0.2707890788838267
0.0,0.2714654146879911
0.0,0.2712496509216726
0.0,0.283176704775542
0.0,0.2724427863582969
0.0,0.2109902296774089
0.0,0.2758226681500673
0.0,0.3691372132580727
0.0,0.3484599550953134
0.1080000028293579,1.2439755804091692
6.625999933183193,7.122800770998001
20.82799915790558,22.30637923598289
35.70199824333191,39.12049632549286
46.34900086641312,48.79016373634339
51.17499836683273,53.84162208080292
51.23299854278565,52.23696150064468
46.53300014972687,50.708285710811616
35.450998260974885,41.01440603017807
19.979000477790837,22.16959059238434
4.95200020223856,10.185851107239724
0.0,3.309758022129536
0.0,1.1792133301496506
0.0,0.3788191692531109
0.0,0.274418037366122
0.0,0.2736439130455255
0.0,0.2742830526269972
0.0,0.2740415178798139
0.0,0.3021409373544156
0.0,0.2898609205521643
0.0,0.2302295185346156
0.0,0.2564576374460012
0.0,0.3728107509249821
0.0,0.3509449377190322
0.1020000017806887,1.2570751978456975
6.537999896407127,7.355650280416012
21.12199912905693,22.664882271289827
36.10099952459336,39.615816760063176
46.526998431682586,49.00237643480301
51.120001103878025,54.04397158622742
51.25099958896637,52.39868335962296
46.995000984668735,50.74212291240692
36.47200100421906,41.51341540575027
21.131999938488008,23.073298978805543
5.217000085413456,10.580907727479936
0.0129999995976686,3.3979863069951537
0.0,1.1654774936288594
0.0,0.4005541192553937
0.0,0.2714035386592149
0.0,0.2540272702742368
0.0,0.2550704173184931
0.0,0.2544795140810311
0.0,0.3002796178311109
0.0,0.2754443514347076
0.0,0.2091968839243054
0.0,0.2599428015574813
0.0,0.3677202109666541
0.0,0.3471468727011233
0.1640000072680413,1.274785092920065
7.681999861001969,7.429693549871445
22.38100018620491,22.80246169567108
36.54400108098984,38.96014241456986
46.73000110149383,49.28488440990448
50.74600081920624,54.31297672271729
50.54999809980393,52.71463417291641
46.658001024723056,51.292604928016665
36.40700087785721,42.074011199474334
21.197000064849853,23.2666171514988
5.258000015020371,10.757586640119554
0.0129999995976686,3.497754342854023
0.0,1.175950460806489
0.0,0.3998905887082219
0.0,0.2639527886454016
0.0,0.2575282243266701
0.0,0.2585508155636489
0.0,0.2579792967252433
0.0,0.2951052349247038
0.0,0.2510969364456832
0.0,0.188878760188818
0.0,0.2588453846145421
0.0,0.3590172032825648
0.0,0.3471880876086652
0.1569999926723539,1.2712966713309288
7.471000035405159,7.791064449250698
22.414999651908875,23.93013768553734
37.19999995470047,39.60983558177948
47.94500188350678,49.69273422002792
52.38900091648102,54.76117483854294
52.05200095653534,53.13680841207504
47.78399891614914,51.61835731506348
37.31399973392487,44.75005444765091
21.592000200748444,25.436131417751312
5.443999871015549,10.788743402957916
0.0129999995976686,3.6278341871500017
0.0,1.2210946722328664
0.0,0.3949312314204872
0.0,0.2633211107738316
0.0,0.2562950363568961
0.0,0.2573316684458405
0.0,0.2567494625132531
0.0,0.4028090319409966
0.0,0.378399740923196
0.0,0.2683666548226028
0.0,0.2550012400466949
0.0,0.2662633993849158
0.0,0.4216332732141018
0.0,0.7225944259762764
0.0,2.9647596226632595
0.7629999862611294,10.020549167990684
3.6259999865293504,17.70217623233795
14.23200011253357,20.32469286441803
14.262999746203423,21.76864624977112
17.106999697685243,24.68889081954956
37.193000004291534,28.640459362268448
30.77899966955185,25.42914789915085
22.454000549316408,15.753339099884034
3.587000116109848,8.872830479741097
0.0449999998416751,4.003051452636719
0.0,1.445335839614272
0.0,0.5047169257327915
0.0,0.4329019314609468
0.0,0.4347068629227579
0.0,0.4188149934075773
0.0,0.351910072658211
0.0,0.3934696657676249
0.0,0.4088547993265092
0.0,0.3729417253006249
0.0,0.3887037364766001
0.0,0.4248243496753275
0.0,0.5773222835734487
0.0259999991953372,0.8302381762862205
7.713999781012535,4.3056850554049015
12.184000096917153,12.231902926564215
27.23000016450882,19.10001580119133
33.51999991059304,24.251560291051867
11.664000113010406,21.32448830485344
12.949000399112702,19.784573158025744
23.33399989008904,15.157463186383248
12.30700039923191,10.769660938382149
7.500000123381615,6.064121431410313
1.1410000041872264,3.394387997686863
0.0,1.520553213134408
0.0,0.6492097767814994
0.0,0.4305764133483171
0.0,0.4151598146371543
0.0,0.4452016856893897
0.0,0.5027740569412709
0.0,0.5100442977622152
0.0,0.3950591235235333
0.0,0.3944273012317717
0.0,0.3830153931817039
0.0,0.344826475251466
0.0,0.3884931397438049
0.0,0.4006545715220272
0.0,0.7598281337320805
1.2089999625831842,2.9739041808247566
5.314000131785869,9.214295783638956
5.796999790966511,14.14895580649376
11.396999657154083,18.050466898679733
15.473000123500825,17.23945855975151
32.92299944519997,17.586937905550002
23.19300059556961,14.979118499159814
20.81200073838234,12.811505187749862
8.11300003528595,7.903969459235668
2.2920000475645064,3.965301940143109
0.0,1.6890981238335372
0.0,0.5923576450720429
0.0,0.3969071563892066
0.0,0.3940047277510166
0.0,0.3791103203594684
0.0,0.3939500074787065
0.0,0.3881381682632491
0.0,0.3989164422126486
0.0,0.4158235340891406
0.0,0.3838563845213502
0.0,0.4381247111782432
0.0,0.5169056368805468
0.0,0.6044622394815088
0.0,0.8568776680901646
6.983999744355679,4.2426844747364525
21.265999282598496,11.930580530762672
31.178000950813296,18.941810349226
27.56800041079521,21.51755794644356
16.471000388860702,20.35471172451973
18.28299958229065,19.930046012401583
21.15500036239624,15.329024617671967
8.059999750554562,12.419500775933264
2.4300000235438346,7.071863705217838
0.2389999963063746,3.6837162002921104
0.0,1.5429669701308013
0.0,0.6148622905090452
0.0,0.3657990150153637
0.0,0.3921956492727622
0.0,0.3736492478800937
0.0,0.3969488333165645
0.0,0.3901689810259267
0.0,0.3196514683775603
0.0,0.3060880374722183
0.0,0.2789573244564235
0.0,0.3007244641147554
0.0,0.3975582690211013
0.0,0.3689879723126069
0.0439999983296729,1.0916201090067623
4.185000097602606,6.273679365813733
21.898999786376955,18.845304284095764
29.176000756025317,31.02861321806908
43.12899903059006,40.683892526626586
42.963999025821686,45.87977003574372
43.73500001907349,47.33809303760529
42.53300090551377,43.30594085216522
33.180999377965925,33.70416145801544
19.815000759363176,17.38461715579033
5.757999920547008,8.370200457870961
0.024999999689171,3.354636885523796
0.0,1.1585471216589214
0.0,0.403888011239469
0.0,0.3415944476425648
0.0,0.2834806611388922
0.0,0.2847196580097079
0.0,0.2831519928760826
0.0,0.3031918349489569
0.0,0.2949031429365277
0.0,0.2861886360123754
0.0,0.3361526627279818
0.0,0.3808215244207531
0.0,0.3552666316134855
0.3550000112317502,1.1511533213406802
9.126000487804411,7.254512499272823
23.16099964857101,21.54921177148819
29.489000005722048,35.88241950035096
46.163001010417936,46.77417801856995
48.79299822330475,50.5918293762207
46.07900160551071,47.681924521923065
30.41700076699257,43.59483669281006
22.5719994199276,32.73937193155289
13.107999712824824,15.499915425777436
1.897999941259623,6.306722192168236
0.0,2.259246831834316
0.0,0.9241566167026758
0.0,0.3576549999415874
0.0,0.2686620262078941
0.0,0.2697318588942289
0.0,0.2707435704767704
0.0,0.2700224644131958
0.0,0.3261351005546749
0.0,0.3216226756200194
0.0,0.2752617722190916
0.0,0.3148257800005376
0.0,0.3711835679551586
0.0,0.3512008231971413
0.3420000116340816,1.348122436478734
6.729000157117844,7.825515276193619
22.511000438928605,23.08046119332313
33.17900085926056,39.63585535049439
44.93800147294999,49.39832550764084
46.39199880123139,52.53155507087708
26.539999771118165,48.3740281867981
28.273000991344453,44.41563017368317
14.391999712586404,31.30315792798996
6.4449999684095385,16.169154229164125
7.132999789118767,6.0732005190849305
0.0380000012926757,2.1510992155224087
0.0,0.7913872191309929
0.0,0.3423575639352202
0.0,0.2578238364122808
0.0,0.2587604334484786
0.0,0.2595913630444557
0.0,0.2594059435650706
0.0,0.3657025744207203
0.0,0.3166588252596557
0.0,0.2344858864694833
0.0,0.2657622773665934
0.0,0.3807260854309424
0.0,0.364864006601274
0.3700000058300793,1.4512881338596344
9.014000254273414,7.817697329819203
23.632999238967894,23.428538246154787
37.53099819660187,37.92965440988541
47.43700020074844,48.04141962766647
51.9229989361763,52.99726538658143
51.53999812841416,51.26833103895188
47.43499962806702,49.59502247095108
31.222999458312987,41.68760489940644
19.82399922847748,24.069970321655276
5.873999758958817,11.112608186006549
0.0190000006463378,3.4553900596499445
0.0,1.2408727928251029
0.0,0.4870878738723695
0.0,0.2628765693772584
0.0,0.2637229358870536
0.0,0.2647875052597374
0.0,0.2641532278247178
0.0,0.3033525585755706
0.0,0.2903575013577938
0.0,0.2348173949960619
0.0,0.2789664710685611
0.0,0.3654049616167321
0.0,0.3437657920271158
0.4779999926127493,1.3297578365355731
9.492999795079232,8.369168848395347
24.08900040984154,24.901580040454864
38.50300128698349,40.62843106508255
48.64199811935425,51.17772193908692
53.33399832963944,55.08456926107407
53.99000131130219,52.720894691944125
49.56599978923798,50.30867645263672
34.94899829626083,40.71033130645752
13.574999925494197,21.206988550424576
2.7330000042915343,9.780474284291268
0.0,2.890190278589725
0.0,1.149367517530918
0.0,0.4022979770228266
0.0,0.2534290337003768
0.0,0.2546743690129369
0.0,0.2556844277866185
0.0,0.2552146609965712
0.0,0.3258813703246415
0.0,0.314541561063379
0.0,0.2411227645166218
0.0,0.2788888371922076
0.0,0.3764413468027487
0.0,0.355018267664127
0.4960000118054449,1.3838309386372567
8.380999750494958,8.30543602526188
25.015000598430635,25.01256047487259
40.10900105953217,39.85007683753968
50.500998446941374,49.55042654275894
55.61799916744232,54.335217175483706
54.920998823642734,52.58654411792755
41.232998378276825,50.76412099599838
37.82999959945679,41.28224861621857
23.185000358819963,23.53576812028885
7.107999819517135,11.086123191714288
0.0380000012926757,3.3298007205128672
0.0,1.255967719629407
0.0,0.4398291903734207
0.0,0.2749992804974318
0.0,0.2767150244675577
0.0,0.277350633777678
0.0,0.2771557307057082
0.0,0.3645785681158304
0.0,0.2809020546637475
0.0,0.215875290799886
0.0,0.2937128317169845
0.0,0.3807755893701687
0.0,0.3649830730259418
0.5710000168904662,1.5069548646360635
9.710999571084976,7.692914176285267
24.688999680280688,23.43863148450852
39.326000738143925,38.82007357120514
48.87399882316589,48.97997166395187
50.32700202703476,53.73656120538712
43.01400101900101,51.81691518068314
35.70899819374085,49.99926549911499
26.2289990401268,42.629451513290405
17.70199959039688,23.82270857572556
6.872000024318695,11.199451320767404
0.0439999983296729,3.462111182808876
0.0,1.332373318299651
0.0,0.4871775748580694
0.0,0.2902980965189636
0.0,0.2918601453118026
0.0,0.2922767494246364
0.0,0.2924125044047833
0.0,0.3271785845793784
0.0,0.2588562161289156
0.0,0.1953577869664877
0.0,0.2725581299513578
0.0,0.3273550339601934
0.0,0.3647058815695345
0.721999992467463,1.1443464446812868
12.096999832987786,6.553335395157338
25.695000182390213,19.489835809469223
36.888000991344455,31.701625175476075
34.92700021266938,42.19243524312973
48.84700136184693,48.34340751171112
51.77300117254257,48.913344788551335
47.7800018787384,48.31008380413056
38.05000097513199,42.02316707611084
22.81499916553497,23.95263077735901
6.621999814808369,11.861160247921944
0.0510000008903443,3.840342658162117
0.0,1.257389969676733
0.0,0.465776620618999
0.0,0.3794090503966436
0.0,0.2715191710926592
0.0,0.2727743751183152
0.0,0.271433289218694
0.0,0.2950571911409497
0.0,0.2349350332655012
0.0,0.1830248481873423
0.0,0.271392947845161
0.0,0.3513749360479414
0.0,0.3504187760828062
0.4149999896250665,1.4275114353746177
5.52799978941679,7.842049269974232
22.719000432491303,25.0267986369133
39.01700057983398,39.07126662731171
49.670999045372014,49.63282384634018
54.17499882698059,54.5730511713028
52.52400054693222,52.82992384910584
46.56500109672547,51.299194083213806
36.34000017881394,45.04457407474518
18.531000759601596,25.655222882032398
5.54999992698431,11.838290251493454
0.064000000488013,3.625480330586434
0.0,1.283994608074427
0.0,0.4641694164462387
0.0,0.2799819375760853
0.0,0.2690859155170619
0.0,0.2700259304977953
0.0,0.2694800863601267
0.0,0.2740747024305165
0.0,0.2770594184845686
0.0,0.2399101804941892
0.0,0.2584499781765044
0.0,0.3649373720586299
0.0,0.3664409370766952
0.0629999989760108,1.0802087315171958
7.043000206649304,5.706924724876881
14.510999896526338,14.83912359893322
17.085999846458435,25.11962192296982
30.53499963760376,36.36563790798187
48.16799795627594,44.23789140939713
49.86799999713898,46.98562252998352
46.20500071287155,44.07031571865082
35.68200073242188,35.24140643596649
18.58499979019165,19.273578832149507
4.052000012844801,9.703174949288368
0.0439999983296729,3.978353160768748
0.0,1.2933291590213776
0.0,0.3808115581236779
0.0,0.382578991013579
0.0,0.2674508222006261
0.0,0.2534576770383864
0.0,0.2883463378623128
0.0,0.3114259040355682
0.0,0.3002931612357497
0.0,0.2374846112821251
0.0,0.27109419060871
0.0,0.388825313639827
0.0,0.3631252860277891
0.5230000085011125,1.2458285235613584
9.606000314950943,7.739102962911129
21.903999164104462,22.984027017354965
35.057998697757725,37.46638421773911
46.59500147104264,48.409208688735966
43.41800167798996,52.387764422893525
49.30199813842773,49.664570100307465
41.77199866771698,46.96486504793168
27.9790010201931,38.81419919967652
19.5400000667572,20.40181555747986
2.3020000867545605,9.243530024886132
0.0,2.8796662187576296
0.0,1.1316375961899758
0.0,0.4090354036167264
0.0,0.2652662581950426
0.0,0.2663441944587976
0.0,0.2674175413697958
0.0,0.2668787738215178
0.0,0.3746927955374122
0.0,0.2904250900074839
0.0,0.2156383774988353
0.0,0.2570237004105001
0.0,0.3769818607438355
0.0,0.3745522907376289
0.8079999700561166,1.5837140039354562
11.449000169038772,8.726855428218842
27.78400064110756,24.941694192886352
42.61700031042099,41.66273124933243
52.7759987616539,51.25887453317642
57.48300121307373,55.80936400890351
56.08299880743027,54.41561390638351
51.34899889469147,51.92430937290192
40.96000031232834,45.5251551771164
23.852000328302385,26.55115286111832
7.561999904215336,12.402325428128243
0.0779999975860119,3.828076056391001
0.0,1.2538250374794009
0.0,0.5006466191448271
0.0,0.2529350203648209
0.0,0.2541635547950864
0.0,0.255082291867584
0.0,0.2548480423167348
0.0,0.3659690778143704
0.0,0.3241802609339356
0.0,0.24644829117693
0.0,0.2855400609783828
0.0,0.3738649929547682
0.0,0.3736382713913918
0.8999999968335033,1.545511718094349
11.39099999308586,9.1198827201128
26.36599924325943,26.825272397995
40.83200063228608,41.50531863212586
51.18500123023987,50.08297734737396
55.53699856758118,54.04982952594757
53.54799798727036,51.563602421283726
40.61199925661087,47.30012734413147
29.03399912118912,38.61648757219314
17.34299949288368,20.43993324518204
4.701000219881535,8.978879317641258
0.0700000015366822,2.7710206416249274
0.0,1.0808609972894192
0.0,0.4280602926760912
0.0,0.2824098977446556
0.0,0.2836500499770045
0.0,0.284023135472089
0.0,0.2844576155953109
0.0,0.3256405095383525
0.0,0.3153050945699215
0.0,0.2983075119741261
0.0,0.3347631800174713
0.0,0.3735639399290085
0.0,0.3517615608405322
0.6560000290721655,1.2248651304095983
7.862999825775623,7.554218929409981
26.851000502109528,23.07427461743355
35.47899806261063,37.16190280675888
45.66399985074997,47.04828933954239
37.16500020265579,51.16760405302048
32.22200001001358,49.45452229261399
37.22899798870087,45.19365987300873
36.47599804162979,34.861593399047855
15.186000102758408,18.32794057846069
3.9779998768866074,8.136602787673473
0.0439999983296729,2.432787525802851
0.0,1.1156055428087712
0.0,0.3899719704128802
0.0,0.294556213542819
0.0,0.2900339680351317
0.0,0.2905663329549134
0.0,0.2902447573281824
0.0,0.3113825779780745
0.0,0.2858379516936838
0.0,0.2159590384643525
0.0,0.2795346201024949
0.0,0.320605668630451
0.0,0.3677977287629619
0.7059999682754279,1.035640146881342
11.001999521255494,5.843068933486939
10.884999909996989,15.989352245926858
11.36300019145012,25.3965841627121
35.342001967430114,36.3743549823761
49.59899896860123,42.824944846630096
42.5610007071495,47.77845728874207
48.24300094604492,49.1443185043335
39.96799971103668,42.268399493694304
23.74099935412407,26.78655700325966
7.907999873757363,14.10594041287899
0.0960000007320195,5.2148695987463
0.0,1.664262343943119
0.0,0.3962483435682952
0.0,0.3849059064080938
0.0,0.2788891260325908
0.0,0.2803185329027474
0.0,0.2785877050459385
0.0,0.3183637216687202
0.0,0.2696040309779346
0.0,0.2237279782537371
0.0,0.2794248286634683
0.0,0.3936278481222689
0.0,0.365085066393949
1.2070000317692755,1.35460542678833
12.346999529004098,8.937332516908645
27.24600063800812,24.977398458719254
41.33400059700012,39.05733245372773
50.16599905967713,51.20224230527878
54.239000720977785,55.3233521938324
52.22200033903122,52.72479313850403
45.93899848937989,49.90166055679322
35.67300020933151,42.120665211677554
19.92599967956543,21.655451629161835
8.535000199973583,9.61815061032772
0.4970000093057752,2.8183126701414585
0.0,1.294447292238474
0.0,0.4164163023978471
0.0,0.2765593074075878
0.0,0.2775320576317608
0.0,0.2783130499348044
0.0,0.278360901158303
0.0,0.3795902447029948
0.0,0.3431957787275314
0.0,0.2935044173337519
0.0,0.3414690267294645
0.0,0.4386225757189095
0.0,0.4577150213345885
1.1309999649971725,1.5380325493961573
11.78000046491623,8.144521892368793
26.679000546932222,23.09708607554436
40.30499967098236,37.60156049013138
45.34899797439575,47.99184486150742
37.34300187587738,51.003359911441805
42.90999999523163,45.94341864585876
29.59100045681,40.70130613565445
25.34300003528595,29.90121451497078
8.796999737620354,14.68666106402874
2.240000049173832,6.21822920113802
0.0770000000856816,1.97564896568656
0.0,0.9261080865189434
0.0,0.3714597088471055
0.0,0.2846453297510743
0.0,0.2857409334182739
0.0,0.2866630402952432
0.0,0.2859758890233934
0.0,0.2965832311660051
0.0,0.2874565169215202
0.0,0.2227977677993476
0.0,0.2651172165572643
0.0,0.3711974597582593
0.0,0.3504643657570704
1.1319999945908783,1.2837191185355188
10.524999526143077,8.160548554062844
24.11999901652336,23.29208234667778
38.20499811649323,39.39522794723511
51.07699906110764,50.44892604589462
54.92200116395951,55.39814567804337
53.89000143289566,53.72808239221573
49.39399983406067,51.90941393852234
40.08800120830536,44.744837348461154
21.855999797582623,26.47859615683556
5.357000120580197,11.902572513222694
0.2189999981597066,3.6791499547660353
0.0,1.367964872196317
0.0,0.4060651616752148
0.0,0.2612327948026359
0.0,0.2625436166487634
0.0,0.2635126761347055
0.0,0.2631261595617979
0.0,0.3514332818053662
0.0,0.3437929080799222
0.0,0.3428541447408497
0.0,0.3592841257201507
0.0,0.3728479364421218
0.0,0.3629153289087117
0.6649999744817615,1.534939518198371
13.178999503254891,9.68292788028717
29.226000695228574,27.349506653547287
43.51699921607971,43.370160467624665
53.01400118350983,52.141767926216126
56.61900029182434,54.59178343296051
53.13899795055389,50.58970967292786
43.1569988322258,44.2452651834488
33.55100057125092,30.499221428632737
5.005999746322632,15.5559735673666
5.881999995708465,5.768100347816945
0.0129999995976686,1.843843396380544
0.0,0.8675134770572186
0.0,0.346469656098634
0.0,0.2584628797136247
0.0,0.2591898909583688
0.0,0.2598704470414668
0.0,0.2601453909929841
0.0,0.3175216877646744
0.0,0.3067979429475963
0.0,0.2627366262115538
0.0,0.3149431133829057
0.0,0.3828232871973887
0.0,0.3610965838981792
1.521999982520938,1.5039284592866895
14.330000445246696,10.48730598449707
30.54299987435341,29.009575291872025
45.15499993562698,44.18420047521591
54.727999017238616,54.04445632457733
57.413001708984375,57.57812495231629
55.670001733303074,56.37739930391312
48.25200146913529,52.748586397171024
39.75300182104111,42.80659873247146
19.258999710083007,24.39668396949768
4.763999773561955,10.591155014038089
0.0709999990370124,2.9653272902965546
0.0,1.3211688788980247
0.0,0.3988375408574939
0.0,0.2702462194301188
0.0,0.2713063599169254
0.0,0.2715819778293371
0.0,0.272608997952193
0.0,0.355888099130243
0.0,0.2834067500941455
0.0,0.2059707133565098
0.0,0.3097275225818157
0.0,0.3811911922087893
0.0,0.3561008689273148
1.473999974131584,1.533375030308962
14.003999527096749,8.703938190340995
29.6280007815361,25.07318357825279
43.713001935482026,39.565272517204285
52.44999989748001,50.87735258817673
53.34499942541122,55.78303203582764
52.74500015497208,54.18563842296601
50.50499959230423,52.64416636228562
41.35399810791016,46.56522703409195
24.429999461174013,27.346060081720356
8.588999744057656,12.80635689675808
0.2529999934043735,3.908755208998919
0.0,1.6192651201784611
0.0,0.4907612174935639
0.0,0.3079570594057441
0.0,0.3097930893488228
0.0,0.3099756685644388
0.0,0.310371700823307
0.0,0.3377826211042702
0.0,0.2432140170317143
0.0,0.1763443391956389
0.0,0.2807125753723085
0.0,0.3435069240070879
0.0,0.3581009048223495
2.0360000456124543,1.5737176875770091
14.211999520659448,8.432952507436276
30.0280002951622,25.529817373752596
44.09200159788132,40.988599874973296
52.01700120449066,50.796692948341374
55.238001272678375,55.73153064012528
54.38599967956543,54.359778621196746
49.81999857664108,52.24177191257477
40.72300023078918,46.10374380111694
24.322999632358552,27.34472294330597
8.845000131130218,13.03465530872345
0.2790000086463988,4.081904107034206
0.0,1.4832916483283043
0.0,0.4915083191916347
0.0,0.2769402236863971
0.0,0.2782003059051931
0.0,0.2788807496614754
0.0,0.2789809130877256
0.0,0.3559441662579775
0.0,0.2558220923226327
0.0,0.1887861868459731
0.0,0.2791331640630961
0.0,0.381318751196377
0.0,0.3828868120908737
2.1909998828172683,1.7125636449456216
14.760999592542648,9.704626083374023
29.48500091433525,27.98690472006798
41.47199903249741,42.48716026782989
51.28099996328354,52.033276910781865
55.433999884128575,56.437773876190185
54.06000081539154,55.41320543050766
49.38099816560745,52.5351823925972
39.81499903440476,46.116946759223936
21.769999819993973,26.916495636701583
8.52299984484911,12.474087243676186
0.3119999903440476,3.796753691732884
0.0,1.469392905831337
0.0,0.5308580074086785
0.0,0.2751420639269054
0.0,0.2763289090618491
0.0,0.2769715147279203
0.0,0.2772517219930887
0.0,0.3392248011380434
0.0,0.2498090934567153
0.0,0.1782281080354005
0.0,0.2780637164972722
0.0,0.3627857358567417
0.0,0.3536250195885076
2.329000115543604,1.521316136866808
14.678000473976136,9.218168555498124
30.32099997997284,26.41944575428963
44.36400143146515,41.80880181074143
53.00599889278412,51.750267765522
56.05699957847595,56.49831687450409
54.36900097370148,55.743225979805
49.94499945163727,52.93440961122513
40.2830015873909,46.818860213756565
23.271000336408616,27.98714503526688
8.072000105679036,13.21186209321022
0.2780000111460686,4.076150406599045
0.0,1.6066320120543245
0.0,0.4718596953712404
0.0,0.2739786469563842
0.0,0.2753148546628654
0.0,0.2760992167703807
0.0,0.2760877915285528
0.0,0.3421474165096879
0.0,0.3303823700174689
0.0,0.2337945630587637
0.0,0.2729668390937149
0.0,0.3699915591487661
0.0,0.3516137781506404
1.8790000208467248,1.4042388596385718
13.594999490380289,9.086619604825971
29.85000067591667,25.249217542409895
44.29599839210511,39.968533744812014
53.33599890232086,50.03963845252991
56.72800069332123,55.40860452413559
55.545000858306885,54.678342092037205
50.832999029159545,51.78330802440644
40.973001980781554,45.83034726381302
24.083000745773315,27.405469285249712
8.871999646425248,13.02381339609623
0.4200000092200935,4.095074458271265
0.0,1.5895950508862735
0.0,0.4674003528803587
0.0,0.2690588287077844
0.0,0.2705736039578915
0.0,0.2715876583568752
0.0,0.2710707624442875
0.0,0.3702775814384222
0.0,0.3681370495446026
0.0,0.3017723449319601
0.0,0.3455639489367604
0.0,0.3674220412224531
0.0,0.3860613283701241
2.482000021934509,1.607962218299508
14.57499973654747,9.954538485407827
30.676000986099243,27.07864677667618
45.863001375198365,43.21425957679749
54.61100043296814,52.14982772827148
56.595001635551455,56.06949186086655
54.05100029230118,51.54152628660202
33.88599995851517,43.30418264865875
7.880000072121621,27.873987386226656
5.389000040590763,14.009509317874908
8.511000003218651,5.7210709714889525
0.4750000001117587,2.1109384635090827
0.0,0.8239763735234737
0.0,0.3616124983131885
0.0,0.2588244597334415
0.0,0.2596213222108781
0.0,0.2602431474160403
0.0,0.2606965144909918
0.0,0.3440333837457001
0.0,0.3165300345420837
0.0,0.2246683302149176
0.0,0.2910919261723756
0.0,0.3709494795603677
0.0,0.3508038706798106
2.7270000834763053,1.6287968528270722
15.428999848365784,10.551911747455597
32.05399914622307,28.85516353368759
46.6059984588623,44.84606139659882
55.00600056886673,53.59702639579773
57.91800047874451,58.25295467853546
57.14900005817413,57.43845458030701
51.8249996304512,53.33868139505387
42.27700154542923,46.65266068696976
24.713000390529636,27.191362820863723
9.115000419020651,12.371715022921563
0.5439999881014228,3.663056282103062
0.0,1.597836758196354
0.0,0.4777021339908242
0.0,0.2864804289862513
0.0,0.2881012086570263
0.0,0.2883295209333301
0.0,0.2891390763409436
0.0,0.3841572840465233
0.0,0.30856673726812
0.0,0.2226432221475988
0.0,0.3069344360753894
0.0,0.3922606774233281
0.0,0.4038934029266238
2.8910000586509703,1.8000544240325689
15.689999613165856,10.059853026866913
31.443999066352845,28.32672889709473
45.0509989118576,42.79753248214722
53.03199812173843,52.616996366977695
57.19300033330917,56.7104802775383
56.24500000715256,55.9322123169899
51.13900038242341,52.52993653774261
41.26499932527543,45.78475310325623
24.25400041460991,26.318065603971483
8.64800020635128,12.095860903263093
0.2449999973550438,3.802845784723759
0.0,1.6526270830631256
0.0,0.5046390672028065
0.0,0.3028744956478477
0.0,0.3044880222156644
0.0,0.3045312519930303
0.0,0.3055520139075816
0.0,0.3295959539338946
0.0,0.2347879493236541
0.0,0.1697733007092028
0.0,0.2952759395912289
0.0,0.351441947016865
0.0,0.3915612343885004
3.2329999098181728,1.6710254452377558
16.051999542713165,9.314563705921174
31.69099995732308,25.7561244559288
45.65400109529495,39.8249115228653
53.31100201368332,51.38401918649674
57.23299946308136,56.2266004896164
56.21200082778931,55.10254565954209
51.020001225471496,52.88617814540863
41.5489984869957,47.01693334102631
24.676000065803528,28.446307275295258
9.046000174283982,13.8243793207407
0.5169999914057553,4.451216704845429
0.0,1.801751778498292
0.0,0.551767034381628
0.0,0.2919888076558709
0.0,0.2931890678219497
0.0,0.2938067048415542
0.0,0.2941801112703979
0.0,0.3972667330317199
0.0,0.3354775464721024
0.0,0.2414142044633627
0.0,0.3123003201559186
0.0,0.3606568217650056
0.0,0.4276061714068055
0.2739999890513718,1.104218427911401
3.722000003308058,5.7567772912979125
14.2180002117157,15.258483890891076
30.667000463008883,24.989403948783877
36.03500116586685,32.82495905995369
37.74899899959564,38.531173622608186
49.67999956846237,43.35694518566132
49.18000017642975,45.735765774250034
39.55100149154663,38.55085482120514
23.832998995780944,23.78672496914864
8.933999940752983,12.485509404540062
0.5930000260844827,4.377223244309426
0.0,1.6902794168144466
0.0,0.5701963345706463
0.0,0.4249959208630025
0.0,0.3132839500345289
0.0,0.3148909295536578
0.0,0.3417518656514585
0.0,0.3272368019632995
0.0,0.2690228038933128
0.0,0.1927674664091319
0.0,0.3061544386669994
0.0,0.3649602225422859
0.0,0.381422594343312
1.2389999517798425,1.3032054461538791
8.907999684810639,8.083102359771729
18.85599933743477,20.15412658452988
30.15800054788589,33.77335785746575
48.80199874639512,46.42318226575851
55.30800077676773,53.29372396707535
53.46000154495239,52.57322202920914
49.48299861669541,51.77193721294403
40.29899795293808,46.655080270767215
23.63399952530861,28.5523971927166
8.37099996805191,14.15598759353161
0.2670000065490603,4.5866538321971895
0.0,1.819517644420266
0.0,0.4618210478499532
0.0,0.3036458920314908
0.0,0.3051904820278287
0.0,0.3061353752017021
0.0,0.3054492188245058
0.0,0.3788894892856478
0.0,0.3868851813487708
0.0,0.3635342499660328
0.0,0.5745085931196809
0.0,0.5881860838830472
0.0,0.6335144471004606
3.202000019401312,1.7394594344496728
16.962999544143678,8.245559028685093
31.150999381542206,22.03312442302704
42.39199955701828,34.87259860277176
48.5270001077652,39.934901940822606
36.3989985871315,38.64280722141266
15.172000201940536,33.96590578913689
6.096999939680099,20.114008324146276
1.7750000240653754,10.452345257997512
1.2800000097602606,4.950889001190663
0.0380000012926757,2.299891680330038
0.0,0.9613058546930552
0.0,0.4449102778360247
0.0,0.346421390553005
0.0,0.353485749475658
0.0,0.2748387815244495
0.0,0.2756570021435618
0.0,0.4418040883541107
0.0,0.3681862807832658
0.0,0.2775771167315543
0.0,0.1947084577381611
0.0,0.2711828004196286
0.0,0.3866795673128217
0.0,0.3673638559319079
4.128999980837107,1.6840550991147758
18.381000941991807,10.565714466571809
34.962998197078704,28.88206240415573
48.78200123548508,43.4209676194191
56.433998668193816,53.19183032274246
58.59200039863587,57.71031063556672
57.72399833202362,56.90439615726471
52.852998216152194,54.13186943769456
42.59699869155884,48.09723848104477
25.30699999690056,29.13096116900444
9.776999983787537,13.76811270058155
0.7710000304505229,4.183793643414974
0.0,1.5976828383654356
0.0,0.5161219487339258
0.0,0.2670269810315221
0.0,0.2682077605184167
0.0,0.2689177622739225
0.0,0.2692429163120687
0.0,0.3926985171949491
0.0,0.2866388418897986
0.0,0.2020057693216949
0.0,0.309166241530329
0.0,0.4137756594270468
0.0,0.4274135148711502
4.383000051975251,1.8545082819461824
16.841999814510345,10.39608582675457
32.45500100016594,27.65494316339493
45.51799912452698,41.857279753685
52.47300032138825,52.40255305051804
57.19300033330917,56.3457146692276
52.264998273849486,55.1776020526886
47.53799831151962,51.47814058542252
35.59800132751465,44.51314474105835
25.63599972009659,25.615408610105515
9.410999935865403,11.94589292228222
0.5919999964907765,4.112814392745495
0.0,1.6575143907219172
0.0,0.5452930944040418
0.0,0.3056277542747557
0.0,0.3070755185559392
0.0,0.3071600525081158
0.0,0.3082332229055464
0.0,0.3528795376978815
0.0,0.2463565041217953
0.0,0.1745569788571447
0.0,0.3114419828169047
0.0,0.3531200454570353
0.0,0.3955105810426175
2.8959999498724938,1.591302418485284
16.606000019311907,9.260087125897408
34.08700000166893,25.039668850898742
46.44200079441071,38.61615893602372
47.78399891614914,49.55377041578293
54.73699954032898,55.0472115445137
51.65999962568283,54.081998898983
44.93600090026855,52.51263384342194
42.47300015687943,46.9279633140564
25.59299973130226,28.490498570203783
9.713000143766404,13.999426349401476
0.7239999874681234,4.822149376273155
0.0,1.8714452401548625
0.0,0.560536741912365
0.0,0.3083526423573494
0.0,0.3099008909985423
0.0,0.3102096934616565
0.0,0.3107084245234728
0.0,0.40431471247226
0.0,0.4044510895200073
0.0,0.3346806037612259
0.0,0.348075737003237
0.0,0.4145245353737846
0.0,0.4150472631677985
1.398999936953187,1.1139712197333576
11.690999628305436,6.769871199727058
22.92900099873543,17.102822937369346
28.653000940084457,29.291177463531493
29.34399956583977,38.548431129455565
33.81399988174439,42.60723570823669
35.19200009584427,41.27641121625901
31.44100026130676,36.32576612472534
24.62100074887276,26.394567996263504
16.540999892950058,14.506742004156113
5.11500014781952,6.722088527679444
0.0449999998416751,2.4662788891792298
0.0,1.0331613187119364
0.0,0.4446588904224336
0.0,0.3897024823352694
0.0,0.3108484158292413
0.0,0.3118985431827605
0.0,0.3536430712044239
0.0,0.3740898572839796
0.0,0.3065687641501426
0.0,0.2370463601872325
0.0,0.2949908220395446
0.0,0.4091424210509285
0.0,0.3778657938726246
3.925999878495932,1.6306001154333354
19.09199913263321,10.390904672145844
34.018999016284944,25.9945787525177
45.99300162792206,40.44194236278534
53.61899983167648,52.81702077150345
57.04800194740296,56.68370053768158
55.27699806213379,54.34253754615784
50.676999547481536,51.76037332773209
41.93899924516678,44.6730960726738
25.441999627351763,25.16769728660584
5.752000256478786,11.368096106052398
0.2230000042077154,3.9932981473207474
0.0,1.6435839399695398
0.0,0.459373061414808
0.0,0.2919092160835862
0.0,0.2930446155369282
0.0,0.2936718484759331
0.0,0.2940509354323148
0.0,0.3895653794333338
0.0,0.2727839710377157
0.0,0.1967049385141581
0.0,0.2891771390847862
0.0,0.3978181455144658
0.0,0.3893953166343272
4.498999890387059,1.7797189056873322
18.43000059485436,11.190575063228607
34.47899927854538,27.51733087539673
46.61200017690658,42.03353143930436
54.39900134801865,53.21250975370408
52.89600025892258,57.53035768508912
53.88699851989746,56.71412813901902
45.69100142002106,53.81001960515976
42.696998569965366,47.74965643644333
26.12199921131134,28.75690337300301
10.33999995648861,13.673057769536973
0.8339999692514539,4.435491977632046
0.0,1.7763900523632763
0.0,0.5236255404911936
0.0,0.2854780886694789
0.0,0.2866111773997545
0.0,0.2872142119333148
0.0,0.2877398693375289
0.0,0.3342290820553898
0.0,0.3257476051338017
0.0,0.2695453963801265
0.0,0.3319406959787011
0.0,0.408775247647427
0.0,0.3782704597944393
2.165999913215637,1.485658727362752
19.091000900268558,10.986034992337228
33.39599932193756,26.17395864367485
44.1110008764267,41.55336113214493
50.73799852848053,52.452998702526095
56.44099861860276,57.1096089053154
56.2729998087883,55.186536848545074
50.895998582839965,52.163868708610536
39.47700084209442,44.80268963813782
20.32799976587296,24.812552502155302
9.448999519944191,10.8297736287117
1.452999994531274,3.7535657641291618
0.0,1.590464011132717
0.0,0.4033876434154808
0.0,0.2887779937684536
0.0,0.2897244274243712
0.0,0.2902589426003396
0.0,0.2909668261930346
0.0,0.3868502599652856
0.0,0.364961795117706
0.0,0.2456623244006186
0.0,0.2961503878049552
0.0,0.3195789694413543
0.0,0.4154606258496642
2.1040000040084124,1.0334131875261665
9.336000027060509,5.222618736922741
13.276999835968018,13.44263143837452
25.240999584198,20.65035487651825
26.491000118255617,28.971952612400056
31.6399997317791,32.674182839393616
28.301000792980197,39.10502988576889
34.769000158309936,43.4604655790329
38.78799868106842,37.98190756082535
24.097000646591187,25.676200139522557
8.0099998113513,13.697858503460884
0.6320000248774886,5.110018228888512
0.0,1.803350542113185
0.0,0.5528781070560217
0.0,0.4144561673700809
0.0,0.352480328194797
0.0,0.299067611489445
0.0,0.3758072358788922
0.0,0.3998407076206058
0.0,0.3005196762830019
0.0,0.2153991855680942
0.0,0.3150601900182664
0.0,0.4068915981985628
0.0,0.4186379663459956
3.3410000249743463,1.928880444318056
18.31899962067604,11.788376579284668
35.69800120592117,28.42379158973694
47.40600159406662,42.96186699867248
54.1830011177063,53.87844576358796
54.62500033378601,57.87729067325592
54.34499820947647,57.443174617290495
52.28000051498413,53.76756392002106
42.56399951219559,47.41503908872605
26.3959996175766,28.98427030682564
10.689999530911448,13.361319661140442
0.9030000214278698,4.9319590443372725
0.0,1.9312599755823607
0.0,0.506127975191921
0.0,0.3110309950448572
0.0,0.3126144501194358
0.0,0.312624559532851
0.0,0.3138928897492588
0.0,0.3441163451224565
0.0,0.246426291167736
0.0,0.175637209797278
0.0,0.2880011094175279
0.0,0.3792271723411977
0.0129999995976686,0.3562087414646521
4.410000080764294,1.6212276943027977
18.8330009675026,10.322546294927598
36.207999353408816,26.89671379327774
49.082999103069305,41.141916863918304
56.34400165319443,53.67215262413025
58.345999794006346,58.23782098293304
55.95099798202515,57.41185969829559
49.63500106096268,55.265836756229405
39.87000040531159,49.69700649023056
25.05200092315674,30.64109160900116
10.38400023162365,14.729048967957498
0.9539999902248384,5.178188153803348
0.0,2.1259892298281198
0.0,0.4998097843676806
0.0,0.3271391097269952
0.0,0.3295373193360865
0.0,0.3295165228284895
0.0,0.330207910425961
0.0,0.3806349803693593
0.0,0.3280265236645937
0.0,0.2286284281499684
0.0,0.2748864722810685
0.0,0.3909038650849833
0.0439999983296729,0.3802599050849676
5.635000131726265,1.877378663495183
19.242001004219052,12.336411282420158
36.91100141525269,31.30578290939331
50.33799901485443,46.29378588199616
57.46099902153015,54.86393936872482
59.70300015687943,59.5191651916504
58.00699926137924,59.63163681268692
52.64200147151947,55.54498031854629
42.26199930429459,48.6394429731369
26.120000692605974,30.149168450832367
10.571000373959542,14.027406638264656
1.070000021196902,4.502319115698338
0.0,1.7595219023525714
0.0,0.508569510858506
0.0,0.2702260647900402
0.0,0.2714258114621043
0.0,0.271906441859901
0.0,0.2728280352428555
0.0,0.3988167052064091
0.0,0.3884285036846995
0.0,0.3610599145665765
0.0,0.3134328632988036
0.0,0.4043814468523487
0.0,0.3742993612401187
1.7519999852776529,0.905576413460076
5.4569999989867215,3.7578819380700583
5.789999840557575,9.658100444674492
6.417000166773796,14.186390547156334
9.0149995136261,22.19761093378067
19.696999834775927,24.578822350502016
44.0629994559288,29.49106835961342
42.25999873161316,34.56617002248764
23.73599997639656,29.079847974777223
21.991999714374543,19.304269342422486
8.799999569654466,10.706330694556236
0.1629999937210232,4.39174793601036
0.0,1.6163263939321042
0.0,0.4710175651870668
0.0,0.3906599526526406
0.0,0.3743803986161947
0.0,0.2982714069262147
0.0,0.382904238793999
0.0,0.4054287813557312
0.0,0.3316444099321961
0.0,0.2193514687661081
0.0,0.2992384445294738
0.0,0.4100276205595582
0.0,0.4159070126153529
2.2029999811947345,1.6812720899283886
19.06700019001961,10.669248210787773
33.9450004208088,25.44636638045311
34.36399921298027,39.51853223800659
37.307998015880585,50.94260740756989
58.91999983549118,56.189924693107606
59.08299926757813,56.002725315094
53.58199950695038,52.76825937986374
43.28300204753876,46.90064543247223
26.80200084924698,30.41486257791519
10.969999601244927,14.60514080822468
0.9949999840185046,5.3365296816825865
0.0,1.9635678636282683
0.0,0.5840776182711125
0.0,0.2960016671009361
0.0,0.2973749105632305
0.0,0.2980872230418026
0.0,0.2982820298336446
0.0,0.3637585823610425
0.0,0.3565877026319504
0.0,0.2942981507070362
0.0,0.3676575424149632
0.0,0.4076389211788773
0.1009999962570145,0.3765380521724
6.178999798893929,1.6585000424832106
19.624999758005146,11.349533297419548
32.94700015544891,27.850767186880116
36.19600002527237,43.40671302556992
48.48099925994873,54.07131000757217
55.86199919939041,57.720305283069614
53.43799935340881,56.35754146337509
44.51300096273423,51.67165799379349
35.67799958705902,43.548441481590274
16.03700038254261,23.176878937482837
5.192999888658524,9.865136096477508
0.5139999989047647,3.736234314143658
0.0,1.6429935502260924
0.0,0.3726071323966607
0.0,0.3110772095061839
0.0,0.3123527928255498
0.0,0.3125708352215588
0.0,0.3135759997554123
0.0,0.3368245375528931
0.0,0.3280931495130062
0.0,0.2620902977138757
0.0,0.325255581587553
0.0,0.3819672144250944
0.0129999995976686,0.358312351880595
5.909000024497509,1.6252161306887865
18.057000596523284,12.302147880792615
34.04000092148781,29.09737044453621
45.47700176239014,44.37038108110428
51.99400078058243,55.062887489795685
52.75900005578995,58.60212650060654
49.44700063228607,57.67802623987198
45.205001928806304,52.84851233243943
32.90700102567673,45.097870645523074
19.944000725746157,26.252295236587525
4.760000168681144,11.2853865981102
0.2189999981597066,4.191452920138836
0.0,1.7869785556942226
0.0,0.406827957034111
0.0,0.2924561193026602
0.0,0.2939609135128557
0.0,0.2944124994054437
0.0,0.2951835748553276
0.0,0.3125414376892149
0.0,0.3193615047261119
0.0,0.2248885389138013
0.0,0.2964452296495438
0.0,0.3334140707738697
0.0,0.3570353421242907
0.8869999972358347,0.9884992139786484
10.01900047004223,5.778064185678959
21.122999415397643,14.383618463277816
29.852999480962755,22.809324029684067
33.02800075531006,34.7092294549942
40.00900118112564,40.25024477720261
46.8530014038086,47.66748507022858
50.16300025463104,49.30173112154007
33.74099951863289,43.87396382331848
25.669000953435894,30.194325114488603
6.851999945938587,16.120466780662536
0.801000019647181,5.708458018004895
0.0,2.05587881103158
0.0,0.4530570208467543
0.0,0.3736595707945525
0.0,0.3122030772268772
0.0,0.2965678584389388
0.0,0.3471405039355159
0.0,0.3748197666043416
0.0,0.3379275226965547
0.0,0.2337393624521792
0.0,0.3023433823697269
0.0,0.387114023193717
0.3700000058300793,0.3975721311382949
8.248000179231168,1.914126991033554
23.537000505924222,12.81680649995804
40.64800134897232,31.9237976038456
52.43599999666214,46.555565130710605
58.87399898767472,55.24467258691788
61.71100001573563,59.62634166240692
59.47799940347672,59.87075659751892
53.94100165843964,56.02188891172409
43.463000185489655,48.6290128827095
27.576000647544863,31.724890562295915
11.260999740362168,14.161471709609032
1.0590000165998936,4.913056816160679
0.0,2.0016304790973662
0.0,0.5215699597634376
0.0,0.2972879696078598
0.0,0.2989398477599025
0.0,0.2988668995164334
0.0,0.3003221094608307
0.0,0.3931993896095082
0.0,0.3339630600623786
0.0,0.2268449350632727
0.0,0.3074241168051958
0.0,0.4748909468203783
0.181999994367361,0.4920447599701583
3.778999892920256,2.0099963235855105
19.7480000603199,11.452986936569214
36.962001640796665,28.1632180249691
47.84600023746491,41.72553362131119
42.675000486373904,52.93412616252899
59.87999948978424,56.81308048963547
57.66400169134141,56.89780289411545
51.11100058078766,53.27048528194428
43.45399966239929,46.5178541302681
27.396000455617905,31.001901259422304
11.786000128984451,14.847628086805344
1.4249999361485244,5.383058401346207
0.0,2.049119817689061
0.0,0.6167349389940501
0.0,0.3037107848376035
0.0,0.3052133966982365
0.0,0.3056364515796304
0.0,0.306268273871392
0.0,0.3423713319934904
0.0,0.2600397395994514
0.0,0.1759572770353406
0.0,0.3144219811446965
0.0,0.3865417983010411
0.0,0.3683240055246278
3.867999959290028,1.6304333582520485
13.813999552726743,11.255438600182533
30.53200083255768,26.96945330142975
49.370001177787785,41.61772041797638
58.99100167989731,54.25527642726898
61.84899845123291,58.90762257575989
60.0560005903244,58.909208245277405
54.67899936437607,56.10777797460556
44.42500041246414,50.424335844516754
27.79700025558472,33.39410144805908
11.984999599456788,15.698765982985496
1.481999954134226,5.788970285058022
0.0,2.279742175191641
0.0,0.4998828609846532
0.0,0.3102902478352189
0.0,0.3119005971588194
0.0,0.3122614871710539
0.0,0.3129779076017439
0.0,0.3617001453228295
0.0,0.2404023805540055
0.0,0.1752744423225522
0.0,0.3032323046959936
0.0,0.3971034715697169
0.4440000134147703,0.4074704664200544
8.70299952328205,2.057241239026189
23.69999993801117,13.389533076286316
40.3970013666153,31.339176452159883
51.164001379013065,46.05452231884003
57.409998795986176,56.525071966648106
59.79100070714951,60.07702919721604
57.87499843597412,60.61314570426941
53.014999415874485,57.22170259475708
42.75899989128113,50.14518406629563
27.294000004529952,33.97424493193626
11.25099995791912,15.705820363759996
1.4999999733269216,5.675453703701496
0.0,2.244171931296587
0.0,0.5344073743186891
0.0,0.2981899860315025
0.0,0.2996427568793297
0.0,0.2998543806001544
0.0,0.3011217480152845
0.0,0.3700721853319555
0.0,0.2904926465637982
0.0,0.1953285178076476
0.0,0.2889588720351457
0.0,0.3798614337295294
0.4129999946244061,0.390617977976799
8.544000209569932,2.013497710898519
23.43100096344948,14.162019094228745
40.32399894952774,33.4321369767189
52.4610009932518,48.336366481781006
58.69999845981598,57.477085762023925
60.3869988322258,61.19141801595688
57.29099963903428,61.705055809021
50.73999910116196,57.90660091161728
42.25299878120423,50.100411496162415
26.330999491214754,33.632112085819244
11.31399951159954,15.179880281090735
1.4339999457448722,5.299485196471214
0.0,2.1504663341492414
0.0,0.5205266682989895
0.0,0.2835894255898893
0.0,0.284911576397717
0.0,0.2851678099110722
0.0,0.2866067164205014
0.0,0.3786839519999921
0.0,0.3785153091698885
0.0,0.2675816027075052
0.0,0.3227396855689585
0.0,0.3837500276230275
0.4649999930150807,0.396186916846782
8.832999776005746,2.093099938184023
23.57900020837784,14.580777571201326
39.53300044536591,34.162093366384504
50.27200065612793,49.19652646780014
56.05900015115738,57.41901575088501
57.55199837684631,61.45072427749634
54.9299993467331,61.2278473353386
49.67000081300736,56.91903689861298
40.307998476028445,47.81286138772965
24.528999053239826,31.407916868925096
10.424000388383863,14.186906095147132
1.120000024586916,5.059585414230824
0.0,1.967927812933922
0.0,0.4090699039958417
0.0,0.2791440437175334
0.0,0.2802699435316026
0.0,0.2805042893625796
0.0,0.282101608775556
0.0,0.4101947443233802
0.0,0.4236413573473692
0.0,0.395378675814718
0.0,0.4555169139243663
0.0,0.4664652160927653
0.0,0.4752200643904507
1.438999965339899,0.8785352409631014
8.1609999153018,3.7329900589585305
13.793999987840651,9.485672235488892
15.983000324964523,14.434913434386251
17.537999871969223,20.783358042240145
19.94799981713295,21.046297787427903
26.59900023341179,23.309510333538057
32.09799942135811,22.246672205924988
23.904000840187077,21.073562265634536
8.95499979197979,13.791307225227357
1.2500000205636024,7.047616517841816
0.0439999983296729,2.856087087094784
0.0,1.104086331576109
0.0,0.5083586894720793
0.0,0.4661851051077246
0.0,0.4497664228267968
0.0,0.3692147130146623
0.0,0.4590270306356251
0.0,0.3865492836898193
0.0,0.3019744369201362
0.0,0.2021473011095076
0.0,0.3014585038088262
0.0,0.3876964703248813
0.0,0.3952872753329575
0.2329999952577054,1.9775857367366556
9.473000230193138,13.182538504004478
24.963000086545943,31.36084795355797
41.63199965953827,46.59504665851593
53.91600066184998,56.198444585800175
60.57900040626526,60.302978887557984
63.71999810695648,61.09848792314529
61.85599840164185,57.93254262924194
56.12400027751923,50.513507161140446
45.61900134325028,34.1203586268425
28.512999877929687,16.11295641720295
12.479000354409218,6.030760752260685
1.6970000264793634,2.1987857358157634
0.0,0.5250453193485737
0.0,0.296395420730114
0.0,0.2980845271982252
0.0,0.2980294870585203
0.0,0.29969641700387
0.0,0.3511463028378784
0.0,0.3538593805581331
0.0,0.3609294549934566
0.0,0.373843155503273
0.0,0.3885996677773073
0.0,0.3619764108862727
0.0380000012926757,1.1519091845303775
1.6209999597072602,8.378234071731567
4.828000127077103,20.783333394527435
16.65700024485588,33.87340497732163
38.51700118780136,44.28220799684525
52.482999076843264,49.13712548017502
44.3970006108284,44.89830222368241
36.737999119758605,40.008910806179045
38.8229984331131,26.170043765306477
18.70400100111961,14.066136410832405
13.074000247120855,6.6960333278775215
5.972000091671944,2.623242969363928
0.6049999960884452,1.0242073310166595
0.0,0.4219242638535798
0.0,0.3357657770812511
0.0,0.2953773225657642
0.0,0.2962735942751169
0.0,0.3477622489072383
0.0,0.312265916056931
0.0,0.3072283151187002
0.0,0.2137436487711966
0.0,0.3004698673635721
0.0,0.3473993370123208
0.0,0.3638322329800575
0.333999999538064,1.186207247003913
5.052999853491784,6.9690380692482
8.542999923229218,16.93873900592327
22.62399993181229,27.16168902873993
44.92799860954285,39.16408991336822
50.82900199174881,48.06217710971833
45.489001090526585,51.60144898414612
58.62400134563446,52.14521039009095
55.25499997854233,48.254918115139006
45.11599903821946,34.489215755462645
26.51699934720993,17.107160934805872
12.239000440835952,5.984729094803334
1.738999985679984,2.18327487885952
0.0,0.4452210700884461
0.0,0.382152528008446
0.0,0.3000056045874953
0.0,0.2994911477714777
0.0,0.2995471507124603
0.0,0.3877415611222386
0.0,0.2847782284207642
0.0,0.1904201568942517
0.0,0.2762533291615546
0.0,0.4078745541162789
0.0,0.4195397260226309
0.8290000138431788,2.046367233023048
10.876999673247338,13.3905148768425
25.94600016474724,31.372111958265304
41.43600104808807,46.30552230119705
51.775001745224,55.30926191806793
57.72399833202362,59.3402679848671
60.27900077104569,59.98812489748001
58.44399909973145,56.35791528701783
53.08400068759919,48.49310539484024
43.80499952316284,32.796856559515
27.363999508619308,15.604406322836876
11.661000280976296,5.711476335823536
1.6569999980926513,1.9867388959228995
0.0,0.5066905078850686
0.0,0.2720733595080674
0.0,0.2728979025222361
0.0,0.2734147342480719
0.0,0.2745661482959985
0.0,0.4890693830884993
0.0,0.4540556383319199
0.0,0.3870337315415963
0.0,0.3941214513592422
0.0,0.4211330016702413
0.0,0.4926715115085244
0.0320000002440065,0.6656944109499454
0.1730000008177012,2.483001078516245
1.0420000270009042,6.574616641104222
4.276999996006489,9.444296941757202
5.979000042080879,12.103573583364486
5.167000146210194,11.241034066081047
9.544000020623209,12.23092626094818
8.845000131130218,12.335583530068398
10.31300044119358,11.285872363448144
11.617000005841255,7.908763952851296
9.446999974250794,4.585746488273144
3.855000088065863,1.8953708519041537
2.0939999648183583,0.646413866057992
0.0,0.4657810495048761
0.0,0.4844777196086943
0.0,0.4528741848841309
0.0,0.4623010363802314
0.0,0.4810897181928158
0.0,0.4028015804383903
0.0,0.4165710819466039
0.0,0.3864185395650565
0.0,0.5189609287679195
0.0,0.6812058455869555
0.0,1.0138602340593934
1.13000006377697,1.5546003054082391
11.628000074625016,5.65659563601017
27.7999990606308,15.813082074522972
38.626999821662906,25.81464634180069
17.18599972486496,28.08371271967888
16.662999908924103,24.637539364099503
12.433999792933465,20.551088267564776
7.312000208199024,16.25212459206581
14.735000363588334,13.17238364636898
19.72100054502487,9.654144486784936
17.87399954557419,5.241949732601642
9.878000148534776,2.046450804173946
3.087999983429909,0.7257409247383475
0.0,0.474071538746357
0.0,0.4635334220156074
0.0,0.457795928735286
0.0,0.3219676794111729
0.0,0.6592362609133124
0.0,0.3835438957018777
0.0,0.2762950505502522
0.0,0.1877865102794021
0.0,0.3111969819851219
0.0,0.401246822681278
0.0,0.4135631049983203
1.090000035390258,2.0629362727701666
11.56899961233139,13.66129567563534
26.97799989581108,31.412554746866228
43.10099922895432,46.18311354398728
53.65399958372116,56.52989470243454
59.429997982978826,59.98339253664017
51.87899866104126,60.47488435983658
51.32900138378143,56.85388067007065
55.53699856758118,49.38414485692978
45.22499943971634,32.95380497813225
28.79899961233139,15.673220682740212
12.65500042796135,5.885089175701141
1.8540000512450932,2.1985893243551256
0.0,0.5114589737728238
0.0,0.3064552819728851
0.0,0.3080107195302844
0.0,0.3078618062660098
0.0,0.3096394583582878
0.0,0.3292989297397435
0.0,0.2620056835282594
0.0,0.190148614840582
0.0,0.3086125666089356
0.0,0.3564260162040591
0.0,0.3674091036524623
0.3119999903440476,1.603348217830062
8.253000070452691,10.369458081126211
17.193999961614608,23.8569894361496
32.9459998691082,39.11047703027725
51.40199969291688,51.62249402284623
54.94899862527848,58.14859626293183
60.09899852514267,58.278863532543184
61.327000975608826,56.285093619823456
55.30199905872345,50.56296279668808
44.89700000286103,34.96873700618744
28.79099937558174,17.911648926734923
12.595999965667724,7.150929973125458
2.003999997228384,2.601200468540192
0.0,0.5010672028362751
0.0,0.3254506130330264
0.0,0.3362359771318733
0.0,0.3253262832947075
0.0,0.3203698785975575
0.0,0.3775697679910809
0.0,0.25252051836811
0.0,0.1888932182546705
0.0,0.3100536554679274
0.0,0.4021920046955347
0.0,0.4126395539194346
1.3640000565350057,2.103103700205684
11.765999537110329,12.947171333432198
27.17500084757805,30.747253415584566
42.85199981927872,45.6471572470665
53.26199825286865,56.46069624900818
59.377001292705536,60.07299929618836
61.055001142025,60.9614507484436
59.30800002098084,57.75219531536102
53.97400083780289,50.09559697628021
44.36299909114837,34.495977444648744
28.12700026512146,16.830413335561754
12.095999546647072,6.5066870313882825
1.867000050842762,2.3739110723137857
0.0,0.5612865073606372
0.0,0.3052829430438578
0.0,0.3067406883649528
0.0,0.3068417504057288
0.0,0.3082785708457231
0.0,0.3738288051914423
0.0,0.3254056823067367
0.0,0.2388459641486406
0.0,0.3002714982070029
0.0,0.3744489859370514
0.0,0.3806470795720815
1.1789999733865262,1.9885444692522287
11.15500019788742,15.296406450867654
25.40900044798851,34.04137913942337
38.24599958658219,48.75991277694703
51.57500198841095,57.82051466703415
57.65000179052353,61.47963604450226
59.59100095033646,61.78163625240326
56.84900042295456,57.75527217149735
50.62199817657471,49.16275910139084
37.94899875640869,32.3049087536335
26.548000007867813,14.64817263364792
9.631000284552574,5.3939398530125615
1.6159999401122331,2.1402992810308934
0.0,0.3895696478523314
0.0,0.2904092037864029
0.0,0.2917659191600978
0.0,0.2918618462607265
0.0,0.2935741241462529
0.0,0.4135802381392568
0.0,0.399723446406424
0.0,0.2616218467522412
0.0,0.3084441405721009
0.0,0.5317590289376676
0.0,0.573505996055901
0.5900000014901161,2.0519933301955464
11.195000354647636,12.066661579608915
26.45100098848343,27.16633101463318
37.02300062179565,40.643572976589205
51.3060009598732,50.50379596233368
55.64500073671341,54.78491058588028
48.31099987745285,55.17122651100159
43.195999729633336,51.43518373012543
42.53300090551377,44.0269398522377
37.80999798059464,31.45032325863838
25.709000083208085,16.88919196844101
11.521000245809557,6.413947444856167
2.076999975219369,2.1983800755441187
0.0,0.6580665857344866
0.0,0.305435290299356
0.0,0.3070528927259147
0.0,0.3078148857504129
0.0,0.3077938324958086
0.0,0.3672393015399575
0.0,0.3369339117780328
0.0,0.2027187718078494
0.0,0.3023632160760462
0.0,0.3572149997577071
0.0,0.3791657903417945
0.0499999993783421,1.3739552933722734
2.892000088244677,8.70546942949295
12.02099963784218,20.31880822300911
32.146000841856,32.601693916320805
44.62500016927719,44.1929545211792
48.00299795150757,52.41711574077606
50.45800051212311,55.03631725549698
57.73600176811218,54.06718151569367
53.90099842071533,48.41389997005463
43.65699822425842,35.40173569917679
28.107000700235368,18.63116084814072
12.364000288844109,7.149946632087231
1.875000030845404,2.3523764170706274
0.0,0.5239661474898457
0.0,0.3507192683778703
0.0,0.3013103928789497
0.0,0.30239348012954
0.0,0.3015579611808062
0.0,0.3752312581986189
0.0,0.3448246780224144
0.0,0.2148572889156639
0.0,0.3095803744532168
0.0,0.3778759449347854
0.0,0.3694192705862223
0.2149999921116978,1.358406566232443
10.522999980449676,8.30712388008833
22.55600100040436,19.6651755297184
33.35700047850609,31.199265764951708
49.02400069475174,42.76468529701233
55.38900137662888,50.73154493570328
58.46200014591217,53.009429032802586
55.96399965047837,52.54674627780914
49.12999818325043,47.34113703012466
40.26000116348267,34.822214570045475
25.088999193906783,18.407947053909304
10.004999542236328,7.092269443869591
1.7739999944716691,2.311958276182413
0.0,0.5309032590687275
0.0,0.3522480042465031
0.0,0.3087573398277163
0.0,0.3099045817367732
0.0,0.3086666118539869
0.0,0.3790216916659846
0.0,0.3874707860872149
0.0,0.2869752125628292
0.0,0.3493764494359493
0.0,0.4607251874357462
0.0,0.4787014575302601
1.5710000205039978,2.285505118519068
10.664999561309816,14.941509170532226
24.36100024342537,33.401208205223085
41.47600017786026,48.233437633514406
51.57199907541275,57.00744413614273
57.07099826335907,60.30231339931488
58.67100042581559,60.295354528427126
56.60900153636933,55.51042011737824
53.044001557827,45.7281948184967
43.91100111961365,30.29328568100929
28.13099935650825,14.984191820025444
11.630999906659127,5.903031170070172
1.7469999656826258,2.0377479792386293
0.0,0.396923716571182
0.0,0.3006116879917681
0.0,0.3021499555930495
0.0,0.3020026790909469
0.0,0.3040037331730127
0.0,0.3955160588398576
0.0,0.4078614586545154
0.0,0.3821859143860638
0.0,0.5199660933017731
0.0,0.634126788713038
0.0,0.7227781926468015
0.6929999686777591,0.885574281103909
7.941999852955342,4.344306223988533
20.560000469684603,11.336689785122871
33.03899979710579,18.973796918392186
20.63399906516075,20.63309531569481
9.28399951517582,18.9540068590641
7.591999765038491,16.717718858122826
7.053999761939049,13.455107288956642
5.6859998437762265,8.961683430075645
12.876000036001203,5.9263170966506005
13.149000155925751,3.84038142696023
5.825999878942967,1.7721619426459074
1.2850000293552877,0.6168273037299514
0.0,0.4511180032603443
0.0,0.4643908928334713
0.0,0.5358706397004426
0.0,0.4101698402687907
0.0,0.684379110224545
0.0,0.4024601567583158
0.0,0.4179810232110321
0.0,0.3862034468678757
0.0,0.292776924688369
0.0,0.3550700710713863
0.0,0.5262447129935026
0.962999999821186,0.8310874311998486
9.829000495672226,3.881877135038376
24.478000881671907,9.594723986387253
29.62199906349182,16.579360976815224
25.89199908018112,18.999424377679823
6.098999998867512,19.09197653889656
17.213999526500704,19.867430552244187
20.655000970363616,18.94092097759247
12.812000195980072,15.68499612748623
24.616999603509903,12.51649876832962
24.958000708818435,7.622584495544434
13.877000133395196,3.04152286991477
2.6429999083280564,1.4039943081140518
0.0,0.9122383564338088
0.0,0.782209989912808
0.0,0.724098835065961
0.0,0.4402772139012814
0.0,0.6060273050516843
0.0,0.3928964945767074
0.0,0.3816000923700631
0.0,0.239267173660919
0.0,0.2989859659411013
0.0,0.4407466437108814
0.0,0.4516061756014824
0.5970000160858036,1.6017630618065597
8.029999889731407,10.047756134867669
27.79200087785721,24.913172681331638
32.90700102567673,38.44083975553513
52.88799796819687,47.894322078228
61.96800171613693,54.24717554569244
59.470001220703125,54.77063134431839
52.31500026702881,52.27688668727875
48.21799994945526,44.94905186414719
38.513000042438506,31.578746057748795
24.03200052022934,16.35318740308285
10.529999930858612,6.012068029642105
3.043999965041876,2.0297031968832018
0.0,0.606919565089047
0.0,0.296028208322823
0.0,0.2975869194045663
0.0,0.2984290495887399
0.0,0.2981618401408195
0.0,0.3939092530729249
0.0,0.3370036185905337
0.0,0.2048952964227646
0.0,0.2984349868632853
0.0,0.4452151970006525
0.0,0.5143820063583553
1.5750000105053186,2.0796116057783367
12.55100043118,12.781024183034898
27.542999414205557,28.306667712926867
42.131999051570894,42.50158739566803
54.127001514434816,52.617004582881926
60.19199845314026,57.23713206291199
62.59600078821183,58.84367408514023
62.04599940299988,56.1366938495636
55.8070019364357,49.39147344350815
45.801998286247255,36.3941840672493
29.865000863075256,19.72340985894203
13.458000314235688,7.527249710261822
2.6060000970959663,2.4572069904208185
0.0,0.701236284300685
0.0,0.2946904922276735
0.0,0.2960085350833833
0.0,0.2966141691803932
0.0,0.2972113306261599
0.0,0.3957127698417753
0.0,0.3014201201312244
0.0,0.1940907083917409
0.0,0.3182159958593547
0.0,0.4309724456071854
0.0,0.4604289334826171
1.8880000304430724,1.9229284068197008
12.579000232815742,11.900538049936294
28.122000887393952,26.759169286489488
42.93000161409378,40.758492937088015
52.6939999294281,52.82525310754776
57.88500129938126,57.52733834028244
59.0199997138977,58.31078642845154
54.71899849414826,55.536669931411744
50.16599905967713,48.59993268966675
39.22100148200989,34.64802918434143
24.42199922442436,17.75921514749527
10.74600016117096,6.989293867647648
1.8270000224560496,2.5249758765101435
0.0,0.6548146923258901
0.0,0.3141531670279801
0.0,0.3162677995674312
0.0,0.3168997181393206
0.0,0.3168894482590258
0.0,0.4031302635697648
0.0,0.4145268762577325
0.0,0.3866564270993694
0.0,0.4704970106296241
0.0,0.4717625166289508
0.0,0.497560038715601
1.494000052511692,1.5846874602138996
11.00100026190281,10.564063069820405
18.656999866962437,24.707271851301197
31.45999953985214,38.642203352451325
46.68600082635879,48.704623849391936
52.65400079965592,50.624060368537904
39.21299919128418,47.43530361652375
48.66800145626068,36.99841863632202
40.71300147533417,23.796643619537356
23.86399965643883,12.540245812535286
10.751999825239182,5.982550339698792
6.7819999283552175,2.78274781793356
0.740999977067113,1.048323256485164
0.0,0.3958294608257711
0.0,0.2996001047827303
0.0,0.3004806828312575
0.0,0.3010841666720807
0.0,0.3361182265356183
0.0,0.3934203537041321
0.0,0.3873250050470233
0.0,0.2418910799361765
0.0,0.3074657098203897
0.0,0.5228950952552259
0.0,0.5642480199038983
0.721999992467463,2.1957797418534755
13.254000439047816,13.48459930419922
29.576000269651413,29.598002461194994
44.68500091791153,43.96426071882248
55.294999108314514,53.45469817876816
61.85799897432327,56.73230993509293
64.00200080394745,57.43588711023331
60.58800092935562,52.58634282827377
52.5910012459755,44.71257349252701
38.03699930667877,30.529936586618422
27.257999966144563,15.63562162399292
13.608000131845474,5.9132091349363325
2.754000112265349,1.9450788697600363
0.0,0.6531281854212284
0.0,0.3036600131168961
0.0,0.3052723522298038
0.0,0.3053764310479164
0.0,0.3065207845531404
0.0,0.3382859415188431
0.0,0.33348323199898
0.0,0.25397381875664
0.0,0.3201689419709146
0.0,0.3940035024331882
0.0,0.3685420914832502
1.2839999997615814,1.1795826607197524
5.289999935030937,7.390134997963906
15.754999739527705,17.668975763320923
33.881000580787656,27.933778629302974
26.92799995660782,39.42205698251724
47.262001440525054,46.12791499137879
58.02799911260605,50.17822021722794
61.31899868488312,51.779491736888886
55.34300052881241,47.0667669081688
43.58399991512299,33.93573288083076
29.573999696969988,16.714780645370485
13.594999490380289,6.6511488160491
2.852999961078167,2.208334157019854
0.0129999995976686,0.4617996736615896
0.0,0.3838921117829159
0.0,0.3202791185304522
0.0,0.3211243617720902
0.0,0.3393189951963722
0.0,0.3980224547954276
0.0,0.3577378008514643
0.0,0.2122147042956203
0.0,0.3073615026287734
0.0,0.3753743625618517
0.0,0.4642217928357422
1.979000027626753,1.4775753045827151
6.78399998754263,8.699794293642045
17.069000113606453,21.60569816708565
32.49000075221062,33.51953160405159
38.19200055599213,43.207304813861846
46.20000133514405,50.68868667125702
54.27299813270569,53.83669664621353
50.762001292705534,53.51533976793289
50.91500196933747,48.55792887926102
43.41999814271927,36.69093842029572
29.158999996185305,20.50248092412949
13.649999834299088,7.989699852466583
2.1909998828172683,2.5255817994475365
0.0,0.6563938147947193
0.0,0.3613894172571599
0.0,0.3066198888979852
0.0,0.3076892401836812
0.0,0.3067666198126972
0.0,0.4023001707717776
0.0,0.4165027358103543
0.0,0.3306314467079937
0.0,0.3276809421926737
0.0,0.4494751112535596
0.0,0.4608421677909791
1.5190000221133233,1.3166894138604404
8.885999547243118,7.880443217456341
16.944000265598298,19.54336653351784
27.71499936938286,31.075659539699554
40.28800096511841,40.30112587213517
41.32400184154511,45.46572543382645
29.376000512838363,47.14607913970947
42.24700117111206,44.405393157005314
45.0509989118576,37.64006021738052
30.96300100684166,24.817732629776003
24.938999376297,13.22302134513855
10.39500030040741,5.199574666023255
2.4140000635385515,1.6402409655600787
0.0,0.5803473410010338
0.0,0.3113810695894062
0.0,0.3008186902664602
0.0,0.3020211648754775
0.0,0.353689061012119
0.0,0.4056082619167864
0.0,0.3251137930527329
0.0,0.2170536311902106
0.0,0.2984426571801304
0.0,0.5191375386156142
0.0,0.5350239522568881
2.46500003233552,2.379722284078598
13.063000178337097,13.802982025146484
27.663999143838883,29.93593903422356
41.07400009155273,44.995134871006016
51.039998736381534,55.19583314418793
56.85300156831742,59.268814265728
59.71499948501587,60.31407035827637
58.21000193119049,57.10023455858231
55.18500047445298,49.55238192796708
43.89200184106827,36.14292939186096
30.31500031590462,19.75414555668831
14.399999949336053,7.957182843983173
3.2319998802244663,2.643032771945
0.0259999991953372,0.4934131252393126
0.0,0.2944179552793503
0.0,0.2955656144022942
0.0,0.2959896962717175
0.0,0.2971845326572657
0.0,0.3762960968725383
0.0,0.3849170352006331
0.0,0.3593168980954215
0.0,0.5361323290877045
0.0,0.6059267244115472
0.0,0.644572219774127
2.5289998723566534,1.847530155032873
13.39300018787384,12.347194656729698
27.74600003004074,28.357417353391646
34.680999608039855,41.46425965070725
47.06000111103058,48.8043115234375
54.07999832630158,49.527713675498966
48.09700021982193,45.85153608083725
42.48000010728836,34.81672634601593
21.995000573396684,23.21176572084427
29.148999186754228,11.679706867933271
4.80100009828806,5.97750834196806
0.3420000116340816,2.6094512903690337
0.0259999991953372,0.9959321682155132
0.0,0.3796678143925965
0.0,0.2849095545150339
0.0,0.2860588824935257
0.0,0.2867697828635573
0.0,0.3594578453339636
0.0,0.3914827157976105
0.0,0.40571548207663
0.0,0.3477421263605356
0.0,0.3035501895844936
0.0,0.4793681332282722
0.0,0.4869914653711021
0.1840000054147094,1.1293729592114687
3.611000056117773,6.640124099552631
19.40700100898743,16.81434610784054
24.76699942111969,26.37022221803665
24.87800039529801,34.72955149412155
32.02900020360947,40.62112712621689
45.250998668670654,43.37069860935211
42.38000022888184,42.40011276245117
52.82600075483322,39.330498945713046
40.444998679161074,28.62635881662369
22.74999903917313,15.32803254723549
11.819999594688417,5.767928327322006
3.5809999385476114,1.741195300966501
0.0259999991953372,0.609815029464662
0.0,0.4804300067573785
0.0,0.2957705627009273
0.0,0.2974296939559281
0.0,0.4747582728043198
0.0,0.3912410674989223
0.0,0.4061290126573294
0.0,0.3737549714092165
0.0,0.4332423779927194
0.0,0.5954917557910084
0.0,0.6240684037655592
1.031000022403896,1.1998570732772351
4.559000125527382,6.767050577104092
15.855999904274942,17.903024281263352
30.53200083255768,28.54131804585457
49.06499805688858,33.78469375133515
47.87400003910065,34.995861814022064
32.0930000436306,31.90857147932053
21.579000586271288,26.537021505832676
33.40499984502792,17.552786445617677
24.39999908685684,9.899356364607812
16.478000339269638,6.1540712049603465
11.984000340104105,2.8321931836009027
2.3399999275803567,0.8789928283169866
0.0,0.500870406255126
0.0,0.4849902187287807
0.0,0.3068105877377093
0.0,0.3077203386649489
0.0,0.5916806032136083
0.0,0.4115597099158912
0.0,0.3429081578925252
0.0,0.2054970472212881
0.0,0.3310740464553237
0.0,0.4363162173517048
0.0,0.5037040266953409
1.2150000117719173,2.047226950377226
9.10599989593029,11.64981021940708
31.668999819755555,26.45775856971741
43.6919979763031,40.73321670770645
51.7189980340004,52.0351665687561
57.93400095224381,56.81500711917877
64.84699833869934,58.694699201583866
63.365999441146855,56.06911803722382
57.58500166416168,48.821302013397215
47.59900140047073,36.01954294204712
31.984999928474423,20.926949454545976
15.545000200271607,8.994988651871681
3.734000101685524,2.944272751957178
0.0320000002440065,0.7199928727373481
0.0,0.3276276030018926
0.0,0.3296073791757226
0.0,0.3297010597400367
0.0,0.3306757355667651
0.0,0.4183557948935776
0.0,0.3897176304087043
0.0,0.2433452147524804
0.0,0.3089976550266147
0.0,0.5505942782387138
0.0,0.5716099194064737
3.2400001169741155,2.126439564079046
14.447000056505203,12.265442301630976
29.28400087118149,27.599754880666733
42.70500086069107,42.32280110359192
53.01999879360199,52.455290939807895
59.96899827241898,56.80444968223572
62.64999981880188,56.90746068954468
61.52200135469437,50.77720893144608
55.359999234676366,39.9280704164505
39.79399918317795,25.71020371317864
32.54700064182281,13.713661795258522
15.676999998688698,5.802881351411343
3.598999957740307,1.9193000581115485
0.0,0.5869601811096072
0.0,0.3065322418883442
0.0,0.3075658411532641
0.0,0.3078682249411941
0.0,0.3090699934959411
0.0,0.4143862697202712
0.0,0.4274511651601642
0.0,0.2845063975267112
0.0,0.3082614650763571
0.0,0.5574374204128981
0.0,0.576180658005178
1.3240000281482935,2.010675419420004
12.64400035917759,10.749143771529198
29.0810002553463,24.78760285496712
42.73500123500824,38.73986169815064
53.12499804973602,49.88825630903244
60.532001326084135,53.8407922744751
52.41700071811676,54.8074714589119
59.92399976491928,51.18355933904648
55.68900101184845,42.98670367717743
46.1689986205101,30.74090252161026
29.06999915957451,17.567225897312166
13.330999893546103,7.259501607120037
2.920999919474125,2.228625386506319
0.0,0.5997583133727312
0.0,0.3057799731567502
0.0,0.3072598308138549
0.0,0.308037774246186
0.0,0.308090728316456
0.0,0.3883494897931814
0.0,0.3960182982496917
0.0,0.3922781362198293
0.0,0.4039679930219426
0.0,0.419018610427156
0.0,0.3990457947738469
0.0389999987930059,0.9675601476058364
6.056000010073185,5.097549053728581
15.901999725103378,12.761673674583434
22.867999963760376,22.271445211172104
18.761999123096462,29.904129106998443
38.08000134944916,33.09646799325943
39.9440010547638,32.52805476665497
37.90800139427185,28.301380778551103
31.74699956059456,19.554232066869737
19.038000102043156,11.459304966926576
10.938999967575072,5.777411534786225
4.489999880790711,2.5953260970115664
0.8409999838471413,0.9227681288868188
0.0,0.4345896900072694
0.0,0.4040036819083616
0.0,0.3046538807824254
0.0,0.3061226020380854
0.0,0.4080640794290229
0.0,0.4044286866579205
0.0,0.4150721870921552
0.0,0.3918027261458337
0.0,0.4665926588885486
0.0,0.6204444839432836
0.0,0.6552985962480307
2.419999984353781,1.6316812770813705
5.536000026166439,9.214353294968603
22.728000955581667,22.423365496397015
40.262999968528746,34.82847508907318
49.881001665592194,42.641282415390016
51.8859986114502,42.36600032806397
28.35600010991097,37.49582591056824
24.120999302864075,31.26714967370033
32.014000016450886,20.338417532444
35.31799920320511,11.537051041722298
21.267999855279925,6.79155297100544
8.725999947190285,3.2012079548835755
1.45400002412498,0.992215947844088
0.0,0.432308043539524
0.0,0.3078784627281129
0.0,0.2945104804821312
0.0,0.2955428922921419
0.0,0.4401239359378814
0.0,0.4145508607244119
0.0,0.4271708347136154
0.0,0.3980970503948629
0.0,0.3999135354720056
0.0,0.4863317539356649
0.0,0.5059004010632634
0.840000018440187,1.2455661281198265
6.408999930024147,6.7728350871801375
18.10299939036369,17.59559541463852
32.125999222993855,29.482145887613296
31.45299958944321,37.92099073886872
54.72299963951111,41.29317987680435
52.9090019273758,39.11281445503235
43.36599911212921,33.04483103513718
39.89800020694733,23.76449684023857
18.761999123096462,13.23313409626484
19.829000660181045,7.240087938904763
13.354000317454338,3.565057233124972
2.6869999267160893,1.1747957411408425
0.0,0.5262043716199696
0.0,0.339944270439446
0.0,0.3146485924720764
0.0,0.3157920152693987
0.0,0.4063588481582701
0.0,0.5121148981899023
0.0,0.4609742320328951
0.0,0.3909787733713165
0.0,0.5080154187232256
0.0,0.542306613214314
0.0,0.555493973940611
0.5370000055991113,0.724393452256918
1.2139999821782113,3.0553592228889466
1.9870000076293943,7.893526531457901
3.5780001065135,11.095250034332276
8.094000243246555,13.383179101347924
7.409000254571438,14.084633492231369
24.082000459432603,13.409202978014946
16.506000140905382,13.354418301582337
16.67100014567375,10.88260600090027
7.34499990105629,6.904830777645111
5.086999832689762,4.529008480608463
1.521999982520938,2.181980103701353
0.3099999953433871,0.7070894742012024
0.0,0.5163183601945639
0.0,0.5415036369487644
0.0,0.500880579855293
0.0,0.5206651512160897
0.0,0.5397697602212429
0.0,0.3891777509870007
0.0,0.3891884106397629
0.0,0.2377167426701635
0.0,0.3245458365790546
0.0,0.5073608101345599
0.0,0.5188228630647064
4.117999912053347,2.0628082843869926
16.421999709010123,12.320228005051613
30.872999883890152,28.511011629104612
45.9969986653328,42.75114548683167
50.69300002098083,52.1544614982605
63.93099895954132,57.422741663455966
67.05800086736679,59.84644573688507
65.20399991750718,57.95782296657563
59.91600158214569,53.36851745128632
50.0530016207695,40.97306770801544
35.09900016784668,23.578114944696427
18.468999438285827,9.8425197660923
5.391000099778175,3.372796087861061
0.1510000076703727,0.6276813476532698
0.0,0.3202313956804574
0.0,0.3222232710570097
0.0,0.3222321288287639
0.0,0.3234491738304496
0.0,0.3971466571977362
0.0,0.3685049359127879
0.0,0.2464026383496821
0.0,0.2966830415651202
0.0,0.5200687279179692
0.0,0.5365413912571967
4.288000064790249,2.469934709817171
16.525999705791474,15.5834074985981
32.137000318765644,32.90509904384613
47.34199970006943,47.49255203723908
58.95499958753586,56.68909838676453
64.98000150442124,60.50036187887192
67.71100093603134,62.009570083618165
66.12999805212021,58.41300870895386
59.86500135660172,51.59469140291214
49.76199840068817,38.04350630283356
34.58599910736084,21.219137818813323
15.799000014662743,8.739109449386596
5.075999763906002,2.988891530632973
0.0570000019390136,0.4551937657222152
0.0,0.2912240866944194
0.0,0.2923498902283609
0.0,0.2925574701838195
0.0,0.2943427284061908
0.0,0.3679645797424018
0.0,0.3700967352651059
0.0,0.2741423873603344
0.0,0.3318000948987901
0.0,0.4146326765371486
0.0,0.3832179755810648
1.537000041306019,1.6898320351541043
8.432999748885631,11.119244582653046
21.18199987769127,27.12187886476517
43.61800143480301,42.65574240684509
56.70799907445908,54.64009705781937
63.37400173187256,57.95227723121644
65.05099924087524,58.11609003782272
62.76699840307236,52.702466418743136
49.74700026750565,40.78807430028915
30.87199959754944,22.776271446943284
15.484000192284585,10.234978106617929
10.90500050187111,4.799651663005352
3.3209999465942386,1.834032836481929
0.0,0.4166228553652763
0.0,0.3093682372383773
0.0,0.3108218425139785
0.0,0.3111721417121589
0.0,0.312115526497364
0.0,0.4100577450497076
0.0,0.4249879412446171
0.0,0.3961417272314429
0.0,0.4820617944560945
0.0,0.4927170520089566
0.0,0.5079834216274322
2.6889999859035014,0.8014282094687224
3.5279999105632305,4.1509577551484105
5.608999875783921,10.340270054340364
8.296999832093716,16.431122443675996
13.945000091791153,21.186387170553207
29.39999916911125,20.749800181388856
20.95199974656105,21.1686757349968
15.065000373125075,17.890279359817505
24.220000948905945,13.347368028759956
17.592999188899995,7.33941103219986
7.679000028967858,4.355043383836747
4.209000037610531,2.181954429000616
0.1799999993667006,0.7425246049836278
0.0,0.493268319927156
0.0,0.4957700948603451
0.0,0.4628649811819196
0.0,0.3363259348645806
0.0,0.4873812715150416
0.0,0.3433333951234817
0.0,0.3424487091228366
0.0,0.2829492590203881
0.0,0.3034768562205135
0.0,0.4136840045358985
0.0,0.3812680576276034
1.6549999389052392,1.3878689271956683
5.135999999046326,8.363669327497483
13.085999575257302,20.66313676953316
33.163000385761265,35.237154705524446
44.8820018696785,46.21891434669495
48.32400154590607,54.1911389708519
49.67599842309952,55.98777647733689
57.04600137472153,54.0130428147316
55.51299991130829,46.05313383102417
39.09100122928619,32.005506825447085
23.1189999461174,16.83387120425701
16.997000036835672,7.076488745808602
7.240000131428242,2.365387071669102
0.0449999998416751,0.4894082570448518
0.0,0.3011547720991075
0.0,0.3025976902805269
0.0,0.3035373522341251
0.0,0.3031838116049766
0.0,0.4711188197880983
0.0,0.4513475992716849
0.0,0.4151214630529284
0.0,0.5789047437533736
0.0,0.6459135945141316
0.0,0.6925192099064589
0.6860000182688236,0.6782612783461809
1.6899999476969243,2.918818340152502
5.414000010192394,8.162147574424743
22.87100082278252,11.932567752599716
22.418000510931016,13.862464144825935
7.346000187397004,12.313535124063492
8.913000089526177,11.23342511177063
7.622000139355659,9.777876004576685
6.777999809980392,7.100403702557087
5.658999814987183,5.282357090115547
4.686000032722951,3.725485600680113
2.4879999427497386,1.8163208874315024
0.7940000050514937,0.640679870955646
0.0,0.6030261892825365
0.0,0.6243439574912191
0.0,0.609596601948142
0.0,0.6294046977534891
0.0,0.66175661791116
0.0,0.3964439315116033
0.0,0.4093870626110583
0.0,0.380435777446255
0.0,0.4258502786234021
0.0,0.5832293903455138
0.0,0.59307692181319
1.9499999396502967,0.9677753657847644
8.89500007033348,4.980041083395482
14.272000269293786,12.710921980142594
17.82800075173378,19.18104721069336
29.900000615119936,26.46158923506737
28.852000410556798,28.90791169285774
27.91400089383125,32.69117949128151
29.435999207496643,32.017002929449085
37.91700191736221,29.705636968612676
46.969001755714416,22.745178357362747
23.115000854730607,13.21442956328392
9.40999964952469,5.243232954144478
1.628000038489699,1.4628363575041294
0.0,0.6802580640092493
0.0,0.5794751714169979
0.0,0.3575229998864233
0.0,0.3035173259675502
0.0,0.4889418440125883
0.0,0.4115808546217158
0.0,0.4238707255991175
0.0,0.2475792938377708
0.0,0.3236676976270973
0.0,0.3469450552761555
0.0,0.4306422047689557
0.1710000058170408,1.1595904131233692
4.580999749600887,5.55261617898941
13.807999888658523,13.529701537489892
29.15799970984459,21.60085489153862
32.04899976849556,32.19235086560249
36.17099902868271,40.66946539878845
45.601998529434205,47.66638003110886
48.22000052213669,53.40762515544891
57.365000288486485,51.73611997842789
48.0450017619133,41.70381898641586
35.05200108766556,24.886904381513595
17.70400016307831,10.645485761761666
6.379999842047692,3.329580945074558
0.0259999991953372,0.6358265180885792
0.0,0.4298706800118089
0.0,0.3248136558011174
0.0,0.3262648219801485
0.0,0.3966697295941412
0.0,0.3957360635558143
0.0,0.4094272797647863
0.0,0.3349559328332543
0.0,0.3173380173742771
0.0,0.5946447474136949
0.0,0.9458952574431896
3.30900010496378,2.432969045937061
16.70899972975254,11.32618883252144
32.10800023078919,25.93644506812096
45.93300087928772,40.17726700782776
56.547998447418216,48.77293498516083
62.5120013833046,49.91774729728699
26.566999286413196,48.88637608289719
27.667000002861023,39.57593676090241
21.682999556064605,29.77458483695984
28.80699984908104,17.992150410413743
33.15199928998947,12.38872399866581
19.958000626564026,5.036245057284832
6.329999902844429,1.4360268349945546
0.1150000013783574,0.6946699795871973
0.0,0.3019315601699054
0.0,0.2802300193719566
0.0,0.28104044130072
0.0,0.341289913598448
0.0,0.3396545314416289
0.0,0.3367366658896208
0.0,0.2037419888656586
0.0,0.3002901444584131
0.0,0.3022239950112999
0.0,0.3730380469188094
1.0860000453889371,1.1506815487146378
4.548000056743622,5.289048430621624
12.816000314354897,12.91752321600914
27.65199981570244,20.91625440120697
29.990999970436096,33.68689984321594
31.5459995174408,42.56619726657868
44.91199813604355,48.83114055871964
48.527998340129855,53.31687638521195
35.17399904966354,51.1323742556572
43.14200069904327,39.43254869222641
34.05499905467033,22.674346992969515
18.383999747037887,9.741321392655372
7.1009998691082,3.4555995652079585
0.1600000012200325,0.4777779385447502
0.0,0.3878722668718546
0.0,0.3005199330300093
0.0,0.3022621540352702
0.0,0.3449876481853425
0.0,0.4068258285708725
0.0,0.4082660291157663
0.0,0.2328748792316764
0.0,0.2922484430670738
0.0,0.4558592218719423
0.0,0.6622180564701557
4.381999765634537,2.0706325210630894
17.17000027835369,10.71843066751957
30.65300056219101,25.49085755586624
41.257999374866486,39.90941620588303
47.63299881219864,48.52744376659393
48.22299932718277,52.53579036951065
58.4480002450943,54.14274318695068
46.4659994506836,47.641835017204286
30.90699934959412,38.33187221765518
29.676000148057938,26.085007102489477
37.88300039768219,15.720890386104584
20.05100055456161,6.481736357212067
6.074999802112579,1.9674290818721056
0.0939999977080151,0.8289168919995428
0.0,0.290191546510905
0.0,0.2912207489833235
0.0,0.2919838010892272
0.0,0.2922464853711426
0.0,0.4018237973935902
0.0,0.406421269774437
0.0,0.3923445832170545
0.0,0.3976226241420954
0.0,0.4134116944950073
0.0,0.416135581638664
0.2839999961480498,1.0515480630844831
2.7270000834763053,6.4168774417042735
10.43599971652031,17.13379997730255
21.735000067949297,28.938756251335143
32.15399902462959,35.62536850452423
50.925998957157134,39.043431143760685
49.67599842309952,37.78395356416702
37.45199816942215,31.617925651073456
30.01400039434433,22.581544246673584
27.2649999165535,11.90145412325859
14.37499997973442,5.943940724730492
6.914000240266323,2.416118996590376
2.1909998828172683,1.0255062141269446
0.0320000002440065,0.4489566748589277
0.0,0.3772188330627978
0.0,0.2978775570169091
0.0,0.2991660097800195
0.0,0.3990537101123482
0.0,0.4036325174896046
0.0,0.41876859634649
0.0,0.3895474955253303
0.0,0.4289948838762939
0.0,0.5087976947613061
0.0,0.5233169305883348
0.7830000004544855,1.1377755185216665
5.079000109434128,6.242251991629601
13.26400022149086,16.958980939984322
30.374000778198244,27.775934677124024
44.20800194978714,34.05551254868507
35.71999928951264,37.16671321868897
36.41400082826615,40.09804104328156
43.03900201559067,36.73929312467576
46.82899863958359,30.09966146588325
34.46799818277359,19.59628106474877
14.236000230908394,10.557330136299134
5.47999990940094,4.515882033109665
1.1359999845921993,1.3848577982932329
0.0,0.5146673806570471
0.0,0.3315608387812972
0.0,0.2988390745595097
0.0,0.3003355244919657
0.0,0.4521755762770772
0.0,0.423344026710838
0.0,0.3742356895841658
0.0,0.2138752637058496
0.0,0.326646893620491
0.0,0.4309262953326106
0.0,0.4992503326386213
1.7809999448806049,1.707035240009427
9.387000252604484,9.188404388427736
24.6490005505085,21.765197623968124
31.344999474287032,34.44818963766098
28.693000069856645,46.514703330993655
41.98500009298325,53.73442917823792
40.95300036191941,57.18545813322067
53.26799997091293,56.905299906730654
54.753998246192936,52.16860928535461
47.33400151729584,41.00106750965119
34.11600008964539,24.94355509519577
18.799999734163286,10.997616336345672
6.094999880492687,3.5460094293951987
0.2579999969527125,0.7415836913883687
0.0,0.3235005874186754
0.0,0.325832652579993
0.0,0.3264438709244132
0.0,0.3261722646839917
0.0,0.4012076303455978
0.0,0.2829999344609678
0.0,0.2307388564571738
0.0,0.3185359026305377
0.0,0.4298411541059613
0.0,0.5023234980367124
3.076999914646149,2.307825933098793
14.040999851822852,12.666153517961504
29.368000276088715,29.252681844234463
43.16700169563293,44.42293000459671
53.0120006108284,54.55175965547562
57.98300060510636,59.8636457324028
53.70700038194656,61.627090985775
46.61600132226944,59.40098351716996
56.72399954795838,52.69868710279465
46.40200166463852,39.881810767650606
32.555000878572464,23.70476105451584
18.74299984455109,10.916995722055436
5.382000090181828,3.771247160285711
0.1830000079143792,0.626679135710001
0.0,0.3141956586576998
0.0,0.3159059467539191
0.0,0.3159126863628625
0.0,0.3175204682163894
0.0,0.3594464521855116
0.0,0.3679818459786474
0.0,0.3783075366541743
0.0,0.4055844349972904
0.0,0.425599065455608
0.0129999995976686,0.3892218824056908
3.0980000226199627,1.578151323273778
9.645000185370446,11.279587196707723
21.015999586582183,28.157801690101625
41.513000502586365,43.647299349308014
46.59199855804444,53.87945221185685
49.92600017309189,57.56265851259232
58.46699952363968,57.47526183128357
58.54700189113617,47.77076720237732
48.60300132989884,29.9364874458313
16.83300031840801,15.055088911652565
4.747999813556671,7.126431173682213
2.662999986708164,3.3260794293880465
0.1530000026710331,1.3619965312629938
0.0,0.3599228141643107
0.0,0.3215487966686487
0.0,0.3224209341593086
0.0,0.3222683622501791
0.0,0.3242639283649624
0.0,0.4134917066758498
0.0,0.426033740742132
0.0,0.4027063716994598
0.0,0.4524961249157787
0.0,0.6182202204316855
0.0439999983296729,0.6559230691567064
4.989999786317348,2.0497031468898057
14.541000270843506,11.821369596719745
30.888000071048737,27.58023594617844
36.44000005722046,41.24227413415909
44.5270008635521,50.54998577594757
45.64900171756744,51.06845452070236
44.27400030851364,47.34319922208786
44.71000191450119,37.16084706306457
25.63900057911873,25.751581060886384
25.98799986720085,13.509361012578012
13.404999516010284,7.9210092446208
5.9119998565316205,3.8867709897458553
0.7129999828711152,1.385738055408001
0.0,0.4581195904314518
0.0,0.3071572924777865
0.0,0.3082406685687601
0.0,0.3088801932707429
0.0,0.3166541717201471
0.0,0.4142216931656003
0.0,0.4259494689200073
0.0,0.4033029901050031
0.0,0.3485218670219183
0.0,0.4365002407692372
0.0,0.4354367946647107
1.4349999753385785,0.9509106818586588
4.311999748051167,3.4256451486051085
6.456000037193299,8.708545258641243
9.53400023818016,14.039322780370712
19.8210004234314,23.167580587863924
28.89299982666969,26.247400611639023
26.759999092817303,31.428988609313965
24.382000094652177,36.684977781772616
42.96899840354919,34.42475787878037
34.70400003194809,25.721358857154847
19.6130004298687,14.234538826942444
12.97300008237362,6.110388269126416
4.171999969631433,1.9066371673345568
0.0,0.5481346419081092
0.0,0.4328559737466276
0.0,0.3397542776539922
0.0,0.3162077849544585
0.0,0.4351959017850458
0.0,0.4172449495224282
0.0,0.3341386750154197
0.0,0.2032138763181865
0.0,0.307762701921165
0.0,0.3176374485716224
0.0,0.4534615257568657
0.9559999852254988,1.479346858933568
7.245999795496464,7.934890014827252
17.188000297546388,18.94358498454094
31.381999799013137,30.872346719503405
45.97099943637848,43.49321828126907
38.44300053834915,51.50882287979126
50.04099818468094,56.14553005456924
61.97300109386444,56.17528395175934
56.31200070619583,52.02197593450546
47.63400115251541,41.741443719863895
34.8759999871254,26.317264553308487
19.73700101852417,11.865367817878724
6.5390001827478414,3.721111658662558
0.4149999896250665,0.6807017228379846
0.0,0.3639743140339851
0.0,0.3071497184410691
0.0,0.3084755920805037
0.0,0.3072024799510837
0.0,0.3794820900261402
0.0,0.3779458443075418
0.0,0.3306367742083966
0.0,0.4149938250426203
0.0,0.4299979701451957
0.0320000002440065,0.3945805495139211
4.787999970316887,1.7650251460820436
15.563000219464302,12.375383424162864
28.646999222040176,29.92449222564697
42.25200054883957,45.73210969686508
51.43499887228012,55.19145406723023
56.19899915933609,59.6431842660904
60.59500087976456,60.62630347490311
58.815998811721805,55.085719487667085
50.24600142717362,44.836366629600526
41.87300088644028,26.264518448114394
20.245000647306444,12.333378586769104
7.495000232160091,5.6899912327528
1.4339999457448722,2.224343616664409
0.0,0.4141801001504063
0.0,0.3013052258454263
0.0,0.302230028565973
0.0,0.3024608120322227
0.0,0.3042449790798128
0.0,0.496799554079771
0.0,0.4297220528405159
0.0,0.4050263028172776
0.0,0.4197423635981977
0.0,0.5463404296338559
0.0,0.6835321660339833
0.2220000067073851,0.8441945584863425
3.588999918550253,3.4470568220317364
5.004000200629235,8.895113039016724
17.489000219106675,13.17570697963238
26.467999694347384,16.952691665291788
33.00899942278862,19.576764184236527
9.829999755024913,20.42906565785408
26.070998985767364,21.237383288145065
21.95599967598915,21.31291620373726
22.96200017809868,17.479498525857927
18.25299920797348,11.769658695459366
13.067999556064606,5.2394808533787725
2.261999929994345,1.666584492251277
0.1009999962570145,0.7232425196096302
0.0,0.6647573485597968
0.0,0.5753600945696234
0.0,0.3636340279690921
0.0,0.6314465425163508
0.0,0.4067166572064161
0.0,0.4054354575462639
0.0,0.3950810432992875
0.0,0.3976066315174102
0.0,0.4250730189448222
0.0,0.4064266293682158
0.1020000017806887,1.0197286362200977
1.5630000405013562,3.9076925331354144
6.003000238835812,10.032160294651986
19.372999489307404,18.3366186273098
19.27399989724159,25.600718573331832
27.75999993085861,27.950033795833587
31.32800076842308,31.487424228191376
31.76400032043457,32.022234406471256
39.486001365184784,27.32582430958748
30.852000032663344,17.216684073209763
16.850000051259993,8.757229626178741
7.023000128269196,4.0271985086798665
0.9440000152215362,1.409082135185599
0.0259999991953372,0.4699286690354347
0.0,0.405951757854782
0.0,0.3421180510707199
0.0,0.3435465272329748
0.0,0.4139378945063799
0.0,0.613564755320549
0.0,0.4931812185049057
0.0,0.4113414704566821
0.0,0.3049088305607438
0.0,0.3691020973585546
0.0,0.5321015936322511
0.0259999991953372,0.7086612793803215
0.7389999820664526,2.17377138838172
3.316000055372715,5.612468014359474
6.46999993801117,7.935421994626522
6.379999842047692,10.346046862006189
8.332999870479107,13.265413357019424
19.507999119758605,15.876354807019236
22.649000928401943,18.1472666823864
36.7040017080307,19.78972452998161
23.416000776290893,15.87081317961216
28.440999801158902,9.38738331913948
15.674000166654588,4.211281234771014
7.412000086605549,1.704223731905222
1.8020000528544189,0.6423205485194922
0.0,0.5979373352229596
0.0,0.5560904614254832
0.0,0.5045559774525463
0.0,0.6037298686429858
0.0,0.3985811585560441
0.0,0.3412238333374262
0.0,0.2192973432876169
0.0,0.2783636611886322
0.0,0.5249414972774684
0.0439999983296729,0.5385255642235279
4.643000043928623,2.5422747196257114
16.191000318527223,14.505184063315392
31.08300045013428,31.65378601908684
45.39699939489365,46.76689051151276
56.65400004386902,56.811700217723846
63.358001258373264,61.433906321525576
65.50500189304351,62.78276883125305
63.64200042009354,60.94585696220398
59.06100118398667,55.2853454208374
50.05499808549881,42.712078862190246
36.981999151706695,24.327516325712203
21.538999402523043,10.480498080849648
7.83200019210577,3.663167710304261
0.7519999816641212,0.5576821644976735
0.0,0.273260236736387
0.0,0.2747017749026418
0.0,0.2753312222845852
0.0,0.2762359987385571
0.0,0.3792142581520601
0.0,0.388298300858587
0.0,0.2455052433721721
0.0,0.2925492863729596
0.0,0.4715918440558016
0.0380000012926757,0.4847046518698334
4.726999962329865,2.3804011231660844
16.526999992132186,15.72105367720127
32.24899952530861,35.97298752069474
47.65300043106079,50.93660158157349
58.88400185108185,59.31540665864944
65.40699847936631,63.22191712856293
66.20300046920777,63.82628726005554
61.933001964092256,60.45792262554169
59.640998835563664,54.64068449497223
45.4490019607544,40.136811895370485
34.08700000166893,20.59173029184341
19.172999732494358,8.018453976809978
5.739000128507614,2.870324992388487
0.3970000025257468,0.4451793486997485
0.0,0.2513970255572348
0.0,0.2527077832166106
0.0,0.2532246791291982
0.0,0.2545103397686034
0.0,0.3902702530380338
0.0,0.3489795185625553
0.0,0.2175367006845772
0.0,0.2810843450389803
0.0,0.514733428824693
0.0320000002440065,0.5274508141539991
4.613000183105469,2.4469787031412125
16.13799952030182,14.874443771243095
31.08599925518036,31.593976290225985
43.300998985767365,46.80140963315964
54.44100105047226,56.3311108994484
63.884998111724855,61.16596103668213
66.56800023078918,62.649091961383824
65.08099961519241,60.56205921173096
59.796000084877015,54.87977552413941
50.713001639842986,42.162447192668914
37.048001618385314,23.84603968977928
21.26400076389313,10.022818811535837
7.28599995225668,3.5173731519281866
0.6170000302791595,0.5780220475420356
0.0,0.2761801241710782
0.0,0.2774782691337168
0.0,0.2780102489329875
0.0,0.2791029641963541
0.0,0.3984966564830392
0.0,0.4146565075032413
0.0,0.383484145598486
0.0,0.3877840366028249
0.0,0.520512643493712
0.0,0.5399145655333996
2.190000109970569,1.2397732737660407
9.233999575972556,6.976788747906685
15.780999995470047,18.198634569644927
20.543999996185303,29.817408183813097
40.618999207019804,37.74863339185715
44.831999876499175,42.34795820236207
48.15299982309342,40.77796873807908
40.51899932861328,34.40614680171013
34.906998593807224,24.29787128925324
21.800000194311146,13.41626762866974
11.80699998021126,7.909077184200287
10.395999559760094,3.7451087744534015
5.73500001013279,1.161715251356363
0.2820000011473894,0.5558201068267227
0.0,0.3895419512689114
0.0,0.293745631147176
0.0,0.2949945769645273
0.0,0.4546731469780207
0.0,0.413671072111465
0.0,0.3925600123405456
0.0,0.2382466524466872
0.0,0.3198946077935398
0.0,0.4203153066337108
0.0,0.4184634425677359
2.3309999179840086,1.82556788764894
12.674999992847445,10.906956914067267
26.55399967193604,24.52942422628403
42.651001830101016,39.69491948604584
49.826000294685365,52.68666723489761
59.08799864530563,58.32093717813492
64.02899826526642,61.04792314052582
63.953001151084905,59.3574597644806
58.50300161600113,53.20623280286789
49.25299848556519,40.83656456708909
35.805001034736634,24.62097610116005
19.057999666929245,11.406655398607256
1.77799998447299,3.894851588308811
0.0,0.5874426729232073
0.0,0.3160321058146655
0.0,0.3178318381495774
0.0,0.3180631672032177
0.0,0.3191593806445598
0.0,0.4191595623409375
0.0,0.4340820451313629
0.0,0.406534062330611
0.0,0.4664729185029864
0.0,0.5469082898274065
0.0,0.5874929311499
1.8140000228583808,2.0206825191527606
6.729000157117844,13.23747414767742
28.38999957561493,27.022127517461776
42.12099795579911,42.30133294582368
52.93599938869477,50.191472470760345
59.603000278472905,53.78690005064011
59.802001802921296,49.203546957969664
24.537999576330183,33.535583426952364
11.116999586820604,16.92359606742859
7.192000251412392,8.49909515798092
4.137999990433455,4.397353236675262
0.8079999700561166,2.3770177111029627
0.0,0.911913443095982
0.0,0.3586068573780357
0.0,0.3271569857373834
0.0,0.3280458117835224
0.0,0.3275198655389249
0.0,0.3297891881503165
0.0,0.4973014623858034
0.0,0.4367178659513593
0.0,0.4023556996090337
0.0,0.5198583879321814
0.0,0.5359187797643244
0.0,0.5480680160596967
0.0,0.7245568075403571
0.447000005915761,2.990895697772503
1.7219999960809946,6.824670253992081
3.5829999977350235,10.420590788125992
11.006999925971032,15.249443315267564
13.749999712705613,14.932967711091042
18.625999206304552,14.8832019251585
22.063999791145324,13.597036007642746
15.839000171422958,11.589802281856535
14.035000187754632,6.358434633910656
10.546999663710594,4.2968324185907845
5.750999970138073,2.2323081655800343
0.6589999894797802,0.7937388933449984
0.0,0.5110122981667519
0.0,0.5364535195939243
0.0,0.4903416286967695
0.0,0.4989004185609519
0.0,0.5301553871296346
0.0,0.409611480468884
0.0,0.4269366695685312
0.0,0.3995770703628659
0.0,0.3968689652718604
0.0,0.5269872895255685
0.0,0.5360495923645795
0.0449999998416751,0.8511539428681135
1.2919999797642232,3.432254073321819
3.315000025779009,8.875681398510933
9.398999580740927,13.92506009221077
26.434000228643416,20.893038309812543
50.23799913644791,22.05958785057068
45.70700189352036,24.19462202072144
37.11399997711182,23.2559015583992
27.26899900794029,20.18978155493736
31.20600075244904,12.81925381243229
23.450000241994857,8.142930574417115
13.767999731898309,4.029221418350935
4.380999992787838,1.3010790674388408
0.4340000063180924,0.5678028747811914
0.0,0.525421357434243
0.0,0.4661561889760196
0.0,0.3130275560542941
0.0,0.5236688986420631
0.0,0.4024444996984675
0.0,0.364857074432075
0.0,0.2483585370518267
0.0,0.303792943879962
0.0,0.4965625124052167
0.0380000012926757,0.5349608887732029
4.371000210344792,2.388163098692894
15.650999742746354,13.279026083350182
30.570999675989157,28.831041638851165
45.43699852466583,44.01941408395767
56.43099986314774,54.92306101560593
63.002002019882205,60.06739194154739
65.49999840736389,62.27367443323136
64.28100058794021,61.004995040893554
59.26300151348114,56.23878878355026
50.81800089597702,44.99795703411103
37.97399975299835,27.64741534113884
22.92399956703186,12.64233766555786
8.913000089526177,4.475555294156075
1.0779999370127915,0.6668893757089973
0.0,0.2991867741942405
0.0,0.3007357288897037
0.0,0.3012337218038738
0.0,0.3022376026026904
0.0,0.4095689224312082
0.0,0.3531347763165832
0.0,0.2463766427151859
0.0,0.3022671606019139
0.0,0.4818171787448227
0.0320000002440065,0.5463026878237724
4.649999994337559,2.4349516463279723
15.690999899506568,13.28596133351326
30.367000827789308,28.834186276197435
44.25599926233292,44.11206483602524
55.94500037193298,55.01054807186127
62.95400059938431,60.196923887729646
65.94799934148789,62.37286915302277
64.75099960565568,61.1071762418747
60.25600034713745,56.23807810783386
51.46099810123444,45.00201158285141
38.69600109338761,27.65174923062325
23.416000776290893,12.671282296180726
9.146000052690509,4.464259966313839
1.1120000445842744,0.6657978158071637
0.0,0.2976674737781286
0.0,0.2992050674185157
0.0,0.2997381062991917
0.0,0.3007301767356694
0.0,0.415630238475278
0.0,0.4291105832532048
0.0,0.2986936915665865
0.0,0.32436922673136
0.0,0.4953979400731623
0.024999999689171,0.5097551685385406
4.274999936819077,1.9265317226946357
15.23300020992756,10.747352704405785
29.809999492168423,25.47002613067627
44.19099913597107,39.492500145435336
54.8979983997345,51.35720658302307
48.68400192975998,56.54304014921188
46.89300053358078,58.51537476778031
53.346999998092656,54.96315052032471
55.5710000872612,46.51028317451477
37.72200153827667,33.22582124352455
34.07799947857857,18.505934035778047
19.118000415563586,8.107680237293243
3.361999876201153,2.662107277363539
0.2160000056587159,0.5318221566081047
0.0,0.293507241550833
0.0,0.2946903959475457
0.0,0.2953942999616265
0.0,0.2959821222350001
0.0,0.4498542623966932
0.0,0.4425048472173512
0.0,0.4258553172834217
0.0,0.6768537270650268
0.0,0.7749787746369838
0.0,0.8145931048318744
0.7620000208541751,0.885148016884923
6.752999840378761,4.088185422569514
21.115999464988708,10.660853610634804
34.9419983458519,16.45558016359806
39.95899918794632,18.89371649980545
30.15100059747696,16.370786896944047
19.061000525951385,12.36234375715256
5.800999909341336,9.968228235840796
5.752000256478786,6.837927128970623
6.686000168323517,5.12562331199646
3.473000080138445,4.090058905482293
3.2660001161694527,2.1006847582757477
1.13999997459352,0.7008127801120282
0.0510000008903443,0.5841773002967239
0.0,0.6121924425661563
0.0,0.607466051094234
0.0,0.442879023887217
0.0,0.7655636051297188
0.0,0.4163776712073013
0.0,0.4256452691322192
0.0,0.2961560041457414
0.0,0.3458995814621448
0.0,0.4897063082270324
0.0,0.5085663657076657
3.874999909698963,2.2554872854053976
14.553999885320664,12.6215832644701
28.960000525712967,29.27139151215553
42.59499811887741,45.14217490911484
53.0810018825531,54.83598064661026
58.68900147199631,59.97126586198807
60.97499877452851,60.59674265146256
55.99800117015839,55.87969625711441
32.87399979233742,45.540761287212376
44.631001887321474,30.979915499687195
20.560000469684603,17.32299582004547
15.487000024318696,8.313112760782243
6.295000150799751,2.8081981217861176
0.5080000139027834,0.4498778831213713
0.0,0.318385801911354
0.0,0.319943806938827
0.0,0.3197851372882724
0.0,0.3217315363511443
0.0,0.4647676048800349
0.0,0.4158485930599272
0.0,0.3029626561515033
0.0,0.2918586369231343
0.0,0.3136349231936037
0.0,0.456700870655477
0.112999998354353,0.8067994852364063
2.028999966830016,3.263214154392481
7.7769998481869695,8.422236400842667
12.408999823331833,13.529260959625244
16.434000064134597,18.317524865865707
31.614000502824783,25.15978742480278
43.54699959039688,29.387260409593583
41.93899924516678,32.96272539615631
34.174000265598295,31.652268130779262
29.411000264883043,23.02701057434082
28.626999657154084,13.62933786213398
14.559999549388886,6.348045109510422
9.38000030219555,2.3195497716963294
0.8519999884441495,0.5555208040028811
0.0,0.4552936403080821
0.0,0.4344533894397318
0.0,0.2972236223891377
0.0,0.4563153008371591
0.0,0.3629325630515814
0.0,0.3552197224833071
0.0,0.2073353237006813
0.0,0.2967678643576801
0.0,0.2946260166354477
0.0,0.3828425515210256
2.24900005877018,1.3377023591846229
9.50900026857853,6.376515271663666
20.378999991416933,15.418732022047044
31.09399949193001,26.00937559604645
42.32900000333786,38.34928171873093
49.744001462459565,49.71354099750519
62.73199865102768,56.4740881729126
61.52299958705903,58.40085738658905
58.04100078105927,55.480756595134736
50.79500047206879,44.6919392490387
37.69700054168701,27.013778104782105
22.89599976539612,12.473913682699203
9.190999587178233,4.154358882755041
1.1139999753981829,0.543607871234417
0.0,0.399787596417591
0.0,0.2961772499606013
0.0,0.2978023301437497
0.0,0.2958097487129271
0.0,0.4196204408630729
0.0,0.4148739910311997
0.0,0.2730627020075917
0.0,0.3092881963588297
0.0,0.4293345406092703
0.0,0.4150895622372627
3.5369999201595785,1.7499788728356362
14.269000437259674,9.356530544757844
23.883000988960266,23.170187083482745
30.41999957203865,37.5296754360199
53.40000079631805,50.51443555831909
61.06299932479858,56.72178536176682
64.01199955940247,60.32734725952149
64.14800153017045,59.66071289777756
59.34500034570694,54.811517791748045
49.78999820232392,43.33980680942536
35.87200173377991,26.374245957136157
20.781000077724457,12.521820620298383
6.793999769985676,4.082865111082793
0.8310000088438392,0.580006124228239
0.0,0.3056097498908639
0.0,0.307577651515603
0.0,0.3084896810725331
0.0,0.3084021303430199
0.0,0.4596902402490377
0.0,0.4072122662980109
0.0,0.3861803450295701
0.0,0.3602415334805846
0.0,0.4982942709699273
0.0,0.5065222102217376
0.8770000222325325,0.8707963084802032
10.632000381946565,2.983681620359421
19.82399922847748,7.842456984221935
20.091999970674514,12.305349002480508
8.615,18.741960532665253
10.496999724507331,25.9896389400959
14.846999570131302,28.965659229755403
19.90100073695183,34.25630719423294
46.52500196695328,33.26546092748642
27.09299996137619,23.41260349988937
15.541000081896785,12.432117323875428
16.62299975216389,5.196722720265389
8.35700006723404,2.281569186896086
0.447000005915761,0.6202899864315987
0.0,0.5015254320576787
0.0,0.4225380175746977
0.0,0.291286604590714
0.0,0.4538988942839205
0.0,0.4768729374371469
0.0,0.4181454607145861
0.0,0.3915996064944193
0.0,0.3462246873602271
0.0,0.4737693796120584
0.0,0.6334569999575616
0.3820000079274178,0.8434779775887727
2.476999873965979,3.6032332023978233
7.0930001458525656,9.432970290780068
10.086000142097474,14.638728451728822
22.428999552726747,18.19402750134468
28.342000209093094,23.03679366230965
25.2249991106987,24.381186720132828
29.199999412298205,26.79924852132797
31.754999797344208,25.2528161084652
29.88400014162064,20.09984615921974
29.43799978017807,13.177779441475868
12.461999594569209,5.656656741797924
4.790999802350998,2.0764376992732285
0.2149999921116978,0.7042282855510712
0.0,0.6207905147224665
0.0,0.5407768503576518
0.0,0.3122367110848427
0.0,0.5926987976580859
0.0,0.5187377193383873
0.0,0.4347648924915119
0.0,0.2625517362728715
0.0,0.326855147536844
0.0,0.3272313781827688
0.0,0.4912942884676158
0.3749999933317304,0.9057097935304046
2.2860001267492773,3.045300645381212
7.516999856233597,7.694745809435845
14.046000256538392,11.757871953845024
22.82700054764748,17.75988679766655
26.670000023841855,26.866618936061855
22.331000247001647,36.49393746852875
43.93799858093262,47.08695749282837
57.67899982452393,47.13207513093949
48.41700147390366,43.466479620933534
36.349000701904295,30.3928460085392
22.9840003156662,14.106764057278632
9.539999902248384,5.681505230665207
0.9350000056251884,0.7063659611344337
0.0,0.4899106146581471
0.0,0.442326022926718
0.0,0.3327409122139215
0.0,0.4660093938745558
0.0,0.4124272184818983
0.0,0.4218920741975308
0.0,0.2641031782049686
0.0,0.3338090439513326
0.0,0.4618020164780319
0.0129999995976686,0.4718910185061395
3.334000074565411,2.1491598770022398
13.354000317454338,11.2440318441391
27.317000428438188,27.6903085231781
41.16000006914139,42.90152529001236
51.77800055027008,54.195333189964295
58.44899847745896,59.307876782417296
62.796998777389526,61.90781610965729
62.40300098180771,60.27902131080628
58.40399996995926,54.2832926607132
49.72199927091599,42.16054931879044
35.512999582290654,26.136331856250763
17.440000566244127,13.080318277478218
4.0329999640584,3.849211470037699
0.5430000226944686,0.5237942874617875
0.0,0.3294181566312909
0.0,0.3315126666240394
0.0,0.3314886286854744
0.0,0.333021921813488
0.0,0.3717242545448244
0.0,0.3685766004212201
0.0,0.2578316671960056
0.0,0.3052722238563001
0.0,0.4267906905105337
0.0129999995976686,0.3918894156021997
3.680000044107437,1.724712784960866
5.621000230908394,9.809163194894792
25.78300073266029,23.919107834100725
40.02399931430817,38.9504558634758
51.83800129890442,51.90817333698273
59.05299889326096,57.5135520529747
60.26900201559067,60.56641774892808
59.22699942111969,58.83623458385468
56.29899903774262,52.24543620586395
48.5270001077652,37.9675461602211
32.63900028347969,20.278365434408187
12.465999712944033,9.682942258119583
3.406999924182892,3.61175206810236
0.28499999364838,0.5453540076315403
0.0,0.3017490130476654
0.0,0.3033096176385879
0.0,0.3040422773174941
0.0,0.3045321185141802
0.0,0.5835503882914782
0.0,0.550678940564394
0.0,0.5052844328992069
0.0,0.6089558897912503
0.0,0.6340045771375299
0.0,0.6534929587319493
1.954999959245324,0.6110333582013846
12.469999831318855,2.3904365934431557
13.308999755978585,5.818528027534485
10.168000001311302,8.247089240849018
9.015999799966812,10.587836815714835
9.344999523162842,9.575937294363976
6.220000241994858,8.316142375469209
9.2760003054142,7.856871788203716
5.536000026166439,6.617287993729115
1.2370000209659338,4.919249040484429
0.2890000157430768,3.638428595662117
0.1140000038780272,1.914100289344788
0.0,0.6123426395654679
0.0,0.5639641860872507
0.0,0.632451835423708
0.0,0.5721678306534886
0.0,0.6075510343536735
0.0,0.6279198656231165
0.0,0.5429232553392649
0.0,0.4350530541688204
0.0,0.3933755699079483
0.0,0.3559967031143606
0.0,0.4428137780539691
0.0,0.6464319025352597
0.0,0.751655683927238
1.5540000309050084,2.6212462478876115
7.278000229001045,6.943317154049874
14.046999515891075,10.29266402423382
21.09900075912476,13.3717343467474
28.33999963641167,16.81169955968857
32.07099990606308,18.202249567508694
35.0270000910759,20.17437673449516
18.47300058364868,18.992198489904403
23.38500011563301,15.078648017048836
24.67700035214424,10.47472948908806
15.5649997651577,4.800489685237408
6.333000248372555,1.5770059748739005
0.8039999800547958,0.6903878246247769
0.0,0.6532201008498669
0.0,0.6118855657055974
0.0,0.4696503552794456
0.0,0.6390457404404879
0.0,0.404587406264618
0.0,0.3818467941507697
0.0,0.2152010250184685
0.0,0.3016348569095134
0.0,0.350169637221843
0.0,0.5050419353507459
3.4429999625682832,1.4584654964506627
13.881999511122704,7.297038533091546
21.48099922657013,17.646874980926516
39.82600013017655,28.955278434753417
47.876998844146726,40.343544585704805
41.661001801490784,51.11172768831253
58.86199965953827,55.70521920681
62.47599929094315,57.54245149612427
59.69899901151657,56.48812504529953
52.09400065898895,47.108351707458496
35.213998179435734,29.51398046255112
24.16200077295304,13.33239454329014
9.908999782204628,4.4020953539013865
1.5569999913126231,0.764523908123374
0.0,0.4011295213922858
0.0,0.3008575553447008
0.0,0.3024253809452057
0.0,0.3005413393117487
0.0,0.3979931745585054
0.0,0.4084608016954735
0.0,0.3587623497843742
0.0,0.4239625141583383
0.0,0.4821127266436815
0.0,0.5063872254826128
1.6500000476837158,1.9245326904952529
14.336000109314918,12.612426639199256
28.2119999563694,30.73391078710556
42.287000300884245,46.102047216892245
53.66399833917618,55.54675084590912
60.60000025749207,57.99065782785416
62.452000634670256,57.15268489122391
56.72199897527695,45.7248016500473
28.85499921560288,30.66900308966637
23.56799911260605,16.229705443382265
11.99100029051304,7.955360967218876
22.4330006980896,3.800968450605869
9.460999875068664,1.376522121578455
0.8620000276342035,0.3776292431540787
0.0,0.2842773471027612
0.0,0.2847211343050003
0.0,0.2848917105980217
0.0,0.286766637712717
0.0,0.4020532267028465
0.0,0.3482242330536246
0.0,0.2226351827569306
0.0,0.3139216454140842
0.0,0.32238126674667
0.0,0.5580671566352249
2.218999941200018,1.6372119927406312
11.999999786615373,8.255611701011658
25.0899994802475,20.840267556905747
33.54099976181984,33.80443656921387
37.17999833583832,44.74444298505783
38.26699943780899,52.91644964456558
41.12599854946136,56.467663335800175
53.8810009098053,56.99221184968948
59.94400138378143,54.0155199098587
52.163001930713655,44.65534150362015
39.716001496315,29.448908447027208
24.706000440120697,13.79437997341156
10.399000418782236,4.346128614246846
1.5800000301003456,0.8301928604394198
0.0,0.3807772503048182
0.0,0.3158738533779979
0.0,0.3169210602343082
0.0,0.3158393529988825
0.0,0.4052989198593422
0.0,0.3474201014265418
0.0,0.2229649261478334
0.0,0.3259101259894669
0.0,0.4574128942936659
0.0,0.4705627378635109
2.7839999730885028,2.074458950087428
12.701000248789788,11.735084116458893
26.8240009868145,26.729912451505665
42.6910009598732,42.36192523956299
54.77600043773651,53.445989320278166
61.92000029563904,59.918108961582185
64.17200018644333,61.59209944963455
58.48599880218506,58.22541496753693
49.212999355793,49.902703976631166
37.03799875497818,35.516680307388306
28.654999458789828,20.32465383887291
20.944999796152118,9.667094805836678
12.611000152826309,3.404009591788053
1.9859999780356885,0.6333793981745839
0.0,0.322241468001157
0.0,0.3240543907135725
0.0,0.3240108720958233
0.0,0.3255967662669718
0.0,0.4028847010061144
0.0,0.343786040097475
0.0,0.2513812356162816
0.0,0.3024655618518591
0.0,0.4011979444697499
0.0,0.5412334749102593
2.837000001072884,2.0944257797300816
12.978999746441842,11.286009979844094
27.33699999332428,26.424367080926896
41.66699941158295,41.786384716033936
52.94000053405762,53.16741676330567
59.96399889469147,59.1949080991745
63.02300187110901,61.92626492261887
62.45700001239777,60.75450033664704
58.8689996099472,55.77845166921616
51.09299953460693,44.60411534070969
38.76600059747696,28.03376823782921
23.679000086784363,13.568438498973848
10.026000420451163,4.747820090651512
1.5360000117123127,0.8265814570337534
0.0,0.2981635089963674
0.0,0.2999645892530679
0.0,0.3007187514938414
0.0,0.3011311834678054
0.0,0.3933794525079429
0.0,0.3696674863621592
0.0,0.2376349687483161
0.0,0.3172688561491668
0.0,0.4066567860497161
0.0,0.400655470136553
2.658000095486641,1.880073993578553
12.457000216841696,11.259767354726792
26.14599992156029,27.444348998069763
40.32100014448166,43.51902443647385
51.96100160121918,54.77072171926498
58.682001521587374,60.53723485708237
60.80099824666977,61.63847412109375
60.470998237133024,57.4239411854744
53.683999958038335,47.24986654996872
29.74699993848801,30.99716479063034
21.233000103235245,15.690068421363833
19.328999214172363,7.43482797652483
10.56199985086918,2.776665224581957
1.2190000017732383,0.4665045304782689
0.0,0.3134284023195505
0.0,0.3151133045554161
0.0,0.3154216898046434
0.0,0.3165692205540836
0.0,0.3843174064159393
0.0,0.3772730387747288
0.0,0.3505519335158169
0.0,0.3843340307846665
0.0,0.4183620884176343
0.0,0.3862773190252482
1.99399995803833,1.363287968710065
12.985999696850778,6.407217592298984
24.811999982595445,17.549296740293503
31.9259994661808,30.4293410551548
38.039998111724856,43.158806331157685
42.35299865961075,49.5241233253479
49.88699927568436,54.10868004798889
51.908000802993776,54.53163069009781
52.33100074052811,49.55401278495789
38.34000185489655,36.58557766437531
20.6989991915226,19.68465954661369
9.043999601602554,9.113018332123756
2.180000070780516,3.093060466945172
0.1140000038780272,0.5333603921160102
0.0,0.3073139402456581
0.0,0.3095283510908485
0.0,0.3109025573544204
0.0,0.3094916041754186
0.0,0.4046158422483131
0.0,0.3744897407479584
0.0,0.1905198870599269
0.0,0.2951252932846546
0.0,0.3044316662475467
0.0,0.4343776169791817
0.5319999860040844,1.2150195245444777
7.471999808251858,6.38197782099247
15.790999777913092,15.761753212809564
25.423000348806383,26.988306747674944
40.42799997329712,37.94697764396668
51.01300127506256,45.57689894199371
41.06799837350845,51.79640417575836
46.844999113082885,52.26333455324173
56.29899903774262,46.65223345994949
46.81499873876572,34.97351455450058
38.86199933052063,21.25087174892425
24.65899930596352,9.558677733540534
10.578999583721162,3.295518062859774
1.4770000629127027,0.6101921266317367
0.0,0.4310130758211016
0.0,0.3068627394735813
0.0,0.308512948770076
0.0,0.3436340779624879
0.0,0.4124575732229277
0.0,0.3359151075594127
0.0,0.2528584776632487
0.0,0.2999235739186406
0.0,0.3850843418203294
0.0,0.5207225341722369
2.607999899536371,2.09111271634698
12.673999706506727,10.954929578900336
27.05200054526329,25.902480520009995
42.01900161266327,40.90741030931473
53.75699826717377,52.90620851993561
61.74500153541565,59.09424273252488
65.46400042295456,61.97433207035065
65.40699847936631,61.222170145511626
61.08699798107148,56.81181524038315
53.058999691009525,46.35363874435425
40.569999554157256,29.728162924051286
25.12800009131432,14.428157907128334
10.633999927639962,5.032638788819313
1.6829999972879888,0.8074160631746053
0.0,0.2956392687000334
0.0,0.297419969663024
0.0,0.2983141553029418
0.0,0.2985877834260463
0.0,0.4121483079157769
0.0,0.3498793847300112
0.0,0.2767590244859457
0.0,0.3219548420608044
0.0,0.4179335809312761
0.0,0.5109228218346834
2.678999946713448,2.22919151365757
12.86099984884262,11.64351375579834
27.10599957585335,26.84384650349617
41.94000158548355,42.11585479974747
53.144999668598174,53.85584381103516
60.007000937461854,59.61456416368485
63.38100168228149,62.206287586688994
63.43700128555298,61.4362273144722
59.65699930906296,57.10060838222504
51.83400015354157,46.83656959533692
39.7980003285408,30.75213366270065
25.02499935388565,15.51843099296093
10.643999710083008,5.514661268889904
1.7559999752789737,0.7960539169237018
0.0,0.317813256084919
0.0,0.3198428411781788
0.0,0.3201785378903151
0.0,0.3212614004872739
0.0,0.4135635065753013
0.0,0.33659433176741
0.0,0.2917522152885795
0.0,0.2917223363555968
0.0,0.3860512831434607
0.0,0.4843862213939428
2.579000068306923,2.114574257880449
12.44399957537651,10.629553069472314
26.45899917125702,25.4222937810421
41.3030019903183,40.896253111362455
52.68699997901917,52.36321940898896
60.47499938249588,59.051014752388
64.54199932575226,62.16976789236069
64.5410010933876,61.30422648906708
60.55800055503845,56.87913635969162
52.40700196266175,46.57534081220627
40.24699949502945,30.810374153852464
25.013000025749207,16.049692927598954
10.607999671697616,5.813420302569867
1.7660000144690275,0.7592718913406133
0.0,0.3309325467608869
0.0,0.3333107942901552
0.0,0.3335807316750288
0.0,0.3344824271649122
0.0,0.4173694768734276
0.0,0.2949613924138248
0.0,0.2641733985114842
0.0,0.2698336269892752
0.0,0.3269542518816888
0.0,0.4539018468745053
1.7710000340640546,1.8838850177824495
8.918000494241715,9.47172881901264
24.115999925136567,22.9295678961277
37.08300137042999,37.94774172306061
50.872998158931736,49.75355245113373
58.91200165271759,57.68398277044297
62.910998556613926,61.07766471385956
61.92200086832047,60.204018321037296
57.32799996376038,55.587436003685
50.40400148153305,44.86741042375564
38.92299831151962,28.824865332841878
24.28499902129173,14.5666852414608
10.41399957895279,5.145046223104
1.749000024870038,0.7008008413761855
0.0,0.3220541710592806
0.0,0.3242655009403825
0.0,0.3250983561389148
0.0,0.3249683137796819
0.0,0.3932243718300015
0.0,0.2672345770336687
0.0,0.2538758697733283
0.0,0.2905234241113066
0.0,0.3530221927538514
0.0,0.4902976928651333
2.159999992400408,2.1851504157483577
11.852999801039696,12.135197625756264
25.84299942731857,27.57840996146202
40.53099865674972,42.438123643398285
52.43599999666214,54.40177832365036
59.917998046875,60.628065786361695
61.92099852800369,62.6125681591034
60.277998430728914,61.47944297075272
56.17399816274643,57.48919600486756
48.78299946784973,46.21315910577774
37.49900135755539,28.04237850546837
20.877000864744183,13.344135070443151
8.547000041604042,4.819989620447159
2.1909998828172683,0.7629475456848741
0.0,0.2902651687152683
0.0,0.2925974906235933
0.0,0.2935309264622628
0.0,0.2936174502037466
0.0,0.4105124905379489
0.0,0.4202800014987587
0.0,0.395048956554383
0.0,0.5460947227478028
0.0,0.8483369788900018
0.0,0.9738967279344798
0.6349999852851034,1.4400489052385093
11.27300009548664,5.686277130544186
22.86200029969216,14.36842417538166
30.98200028538704,22.46864950656891
44.69000029563904,28.584808934926983
33.42800026893616,31.81609531521797
33.97799960017204,32.06746295928955
40.56700074911117,31.22232780814171
29.652999724149705,26.19368708372116
28.99299970507622,18.146270503997805
25.28100076794624,13.060872259140014
14.513000469207764,5.798592649400234
2.2459999699890614,1.567368077337742
0.0879999966593459,0.8153765041381121
0.0,0.4685100776329636
0.0,0.2923275532387197
0.0,0.2944484118930995
0.0,0.6536871236562729
0.0,0.5193554847314954
0.0,0.4429478641785681
0.0,0.3981618717033416
0.0,0.4522146018221974
0.0,0.5543736583739519
0.0,0.7158625836297869
0.1289999984763562,0.7172350889444351
3.651999985724688,2.9153075815737246
14.6160001796484,7.493604041934014
19.33900002360344,11.389614586234092
25.18600026726723,14.015842753052713
17.777000526189806,15.795956022143365
19.765000820159912,15.68220990896225
19.845999366045,16.128575878143312
26.59699966073036,14.670037208795549
26.27700046062469,10.887666997909546
21.28099946975708,7.8682960030436515
8.047000136077404,3.754470540583134
3.06500007301569,1.20604146681726
0.922999971434474,0.6933562693372369
0.0,0.6945089350268245
0.0,0.6442401175200939
0.0,0.4729384500160813
0.0,0.6978397139534355
0.0,0.4182970425439998
0.0,0.2980443462915718
0.0,0.2136026625707745
0.0,0.2972348871640861
0.0,0.2997403528355062
0.0,0.4625515572726726
0.8640000226348639,1.809718638136983
9.484000298976898,9.696855891942976
24.719000054597856,22.977306407690048
39.17700120687485,37.7953654551506
51.1920011806488,50.02353117227555
58.9170010304451,58.03223030328751
63.35600068569183,60.42468107700348
62.62600116252899,58.2929866719246
58.527998504638674,51.8690368771553
49.86300061941147,39.90879590511322
41.764998717308046,24.78492036223412
25.197999595403672,11.856263568997385
10.270000452399254,3.865589361637831
1.4699999841302631,0.6850058296695352
0.0,0.2942373658530414
0.0,0.295634936094284
0.0,0.2966938891261816
0.0,0.2966629190184176
0.0,0.3948551620636135
0.0,0.4030845587700605
0.0,0.38493004437536
0.0,0.4399392064660787
0.0,0.769428931325674
0.0,0.7916868428885937
1.7679999452829362,1.6576843572407962
10.785000031590462,7.999113738238812
22.654000306129458,19.863760097026827
34.3659997856617,32.06110384941101
46.67599796295166,41.39737397432327
20.511999049186706,46.19718738794327
14.417999968528749,47.52385052442551
18.83399919986725,44.56004933834076
43.85399917602539,37.22217057228089
48.652000982761386,26.11021144270897
19.578000677824026,16.309029998779298
20.46000059127808,7.558309936225414
4.289000094383956,2.074918655604124
0.1510000076703727,0.5709706835448742
0.0,0.3052343857660889
0.0,0.3075527149625122
0.0,0.3087082369625568
0.0,0.3916709937341511
0.0,0.3107445295713842
0.0,0.3270278419926762
0.0,0.3161124997213483
0.0,0.3373656639643013
0.0,0.4246689670253545
0.0,0.3908075818419456
0.2699999990500509,1.197907464876771
4.758999882340431,5.259043434858322
12.801000127196312,14.838188012838364
17.8219990336895,26.72339723944664
35.41000089883804,38.15221503973007
42.04799964666367,45.01056433916092
45.97300000905991,46.5055672454834
53.4490004491806,42.91074353456497
38.36600108385086,32.71132694244385
39.62499803304672,19.494142997264863
16.64600017607212,10.040576461553574
2.697999995499849,4.429197567999363
0.2110000021103769,1.569950438737869
0.0,0.4429027408920228
0.0,0.311346922237426
0.0,0.3073282217979431
0.0,0.3085823988355696
0.0,0.3574406161904335
0.0,0.3798453870415688
0.0,0.3410056304745376
0.0,0.2132375522796064
0.0,0.2452794022858143
0.0,0.3022875719889998
0.0,0.3721576059283688
0.0950000032316893,1.0742665145918726
3.3510000641644,5.340942135751248
6.7580002450943,13.32008403778076
14.685999683737757,22.58269858121872
34.524001893997195,34.86250125646591
46.19800076246262,45.42733251333237
56.6230014371872,51.16557061672211
56.14799893379212,55.38359941959381
62.389999313354494,54.217043716907504
53.7300008058548,44.82680331707001
41.95000034093857,28.4540076315403
25.3919996881485,13.879824350476266
10.99300002515316,4.914721050262451
1.9899999680370093,0.5521176866069436
0.0,0.38748034149874
0.0,0.3053400371596217
0.0,0.3074344829656183
0.0,0.3359570215083658
0.0,0.4017643002234399
0.0,0.3441178214177489
0.0,0.2149451445322484
0.0,0.2921209360845387
0.0,0.2956721323169768
0.0,0.4479110726714134
1.359999938160181,1.4549774599820375
14.23699949026108,7.627035975158215
22.606000939607625,19.215432823896407
29.557000991106037,32.00505700469017
50.927999529838566,43.66640954256058
54.494001848697664,52.90326722621918
54.56499958515168,57.09527215242386
55.433999884128575,58.55695956707001
40.10299934148789,55.33544189691544
52.74700072765351,45.67217467546463
38.98499963283539,29.433939069509503
25.388000596761703,13.622041112184524
11.091999617218972,4.382740737497807
1.772999964877963,0.6890193630754948
0.0,0.3977482274919748
0.0,0.2909937846288085
0.0,0.292565846554935
0.0,0.2911095775291323
0.0,0.413673029243946
0.0,0.3303203014284372
0.0,0.2403625205811113
0.0,0.3030380113981664
0.0,0.4560888178832829
0.0,0.4624444295838475
1.8150000524520875,2.0274386882781985
11.439000386595726,10.159088826179504
24.263999170064928,25.432337723970413
38.74399840593338,40.9086180472374
50.451000561714174,52.775867307186125
58.02000092983246,58.90698584318161
61.55599876642227,61.47796821594238
61.82099864959717,60.038463742733
56.69100036859513,54.86839649677277
52.364998152256014,43.3772056055069
39.14700083255768,26.636292222738263
20.46899906039238,12.870312576293946
6.9870000898838045,4.480559293329716
1.0890000057965517,0.6197590336203576
0.0,0.2989482241310179
0.0,0.3006400906294584
0.0,0.3015227547474206
0.0,0.3018427257053554
0.0,0.4182140754768624
0.0,0.2798710549622774
0.0,0.2404089917894452
0.0,0.2828054165095091
0.0,0.301869780421257
0.0,0.4223111815936863
1.5760000400990248,1.6385984265804292
11.310000420212743,8.326729081571102
24.485000832080843,20.182709715366364
35.31999977588654,33.93619091749191
48.06799807786942,47.95214561223984
57.620999648571015,56.32330168247223
61.37899943351746,60.08673628807068
62.30800048112869,59.54651182889938
58.589001593589785,55.30334235906601
51.369998745918274,44.93412767410278
39.47799907445908,28.94818400144577
24.02099942445755,14.410880887508393
9.872000484466552,4.881053301692009
1.3529999877512455,0.6576937248930336
0.0,0.3075876004621387
0.0,0.3044689587503671
0.0,0.3057259600050747
0.0,0.3050463506765664
0.0,0.3938876094901934
0.0,0.3337070512026548
0.0,0.2334406373091042
0.0,0.287800140697509
0.0,0.3928258417733014
0.0,0.4198354664817452
1.3160000481456515,1.8133143799752
9.684000055789948,9.961545624732972
22.5680003285408,23.47236393332481
36.47000043153763,38.3540428352356
47.50900027751923,51.74001020908356
55.31799953222275,58.91066246032715
58.26699976682663,61.43911931276322
56.93799920558929,60.11520028829575
51.45999986886978,55.18373111724853
42.0420020365715,43.6596971487999
24.251999841928484,26.826473973989486
14.236000230908394,13.004851089119912
6.752000067532062,4.464133133292198
0.0259999991953372,0.6528999373316765
0.0,0.2965613755770028
0.0,0.2987778083048761
0.0,0.2998185002058744
0.0,0.2995888400077819
0.0,0.4083222674159333
0.0,0.4158262014947831
0.0,0.3968233849620446
0.0,0.4017037058668211
0.0,0.4159389665303751
0.0,0.4065195075981319
0.2690000015497207,0.803309523165226
5.4909999781847,2.5896596905589107
10.05000010371208,6.92131444901228
7.669000246524811,11.598819236755372
12.51500039279461,18.684691572189333
19.49300098657608,20.535369188785552
22.95899931907654,21.36015354514122
36.12499818086624,19.99902058243752
22.85199949026108,15.493996893763542
16.761999500989916,9.80886639535427
10.8879997420311,5.504245042800903
6.679999990761281,2.7837914945185185
0.8420000134408474,0.9374799249693752
0.0,0.4285278931632638
0.0,0.4003404287807643
0.0,0.3885336625250056
0.0,0.3474609883874655
0.0,0.4032603553170338
0.0,0.6190238385647535
0.0,0.534634787980467
0.0,0.4161008566059172
0.0,0.4413292347639799
0.0,0.4796685272268951
0.0,0.6161510962992907
0.0449999998416751,0.6497180716693401
0.4149999896250665,2.073208848908544
1.0079999836161733,4.825998889133334
5.988000051677227,6.860500839352608
11.402000061869622,8.71694602072239
6.872999797165394,9.903589609265328
6.77599975079298,10.58304694354534
9.04799971997738,10.358678814768792
8.449999995231629,10.07312684714794
13.53499976873398,8.124689213037492
9.684000055789948,5.630503978133202
6.094999880492687,3.0204721827805043
2.496999952346086,0.9713379230722784
0.1270000034756958,0.5897105192393065
0.0,0.6094559687748552
0.0,0.55629797719419
0.0,0.5829709744825959
0.0,0.6152951017767191
0.0,0.4044265701808035
0.0,0.3158088001050055
0.0,0.2001460544671863
0.0,0.2602315135672688
0.0,0.316586968190968
0.0,0.4061816606298089
0.3889999904297292,1.3866542571038007
6.04900005966425,7.531157399713993
16.521999587416648,17.999842550754547
32.10200056672096,31.471251220703127
48.23400042295456,44.36112997293473
48.76400018930436,53.18130985736847
56.79700196504593,56.393794140815736
62.26100140094757,53.609913041591646
43.581001110076905,46.31801047563553
34.72299931049347,32.264359158277514
28.94400005221367,19.174283467531204
24.01000038266182,9.424495585560798
10.717000073194503,3.0915489973127843
1.551999971717596,0.5750902534648776
0.0,0.362650686930865
0.0,0.3186975569650531
0.0,0.3197500913217664
0.0,0.3190925943292677
0.0,0.3405490059219301
0.0,0.3446701163239777
0.0,0.3111948959156871
0.0,0.3766705819219351
0.0,0.4277767782798036
0.0,0.3925039935763925
1.932000048831105,1.5676131423562765
10.26300050199032,10.880345600247384
24.471999163627626,27.003943667411804
38.76800117015839,43.4914806175232
50.50499959230423,53.82840679883957
58.95900073289872,58.90031863689423
62.615998299121856,60.2273555970192
62.17399908304215,53.714029088020325
58.10800148010254,40.66314736843109
39.82600013017655,24.045219910144805
12.17800043284893,11.834648551940916
0.1780000043660402,4.808427789211273
0.0760000025853514,2.0153304994106294
0.0,0.4043796175718308
0.0,0.3061758128553629
0.0,0.3071498789079487
0.0,0.3075409046001732
0.0,0.3090771503187716
0.0,0.4151527365250513
0.0,0.4283309153979644
0.0,0.4060155373485759
0.0,0.4490408878773451
0.0,0.6237338624149561
0.0,0.7474550461396575
0.6790000036731363,0.8645544677972794
11.449000169038772,3.27623610585928
21.162000312805176,9.390338990688324
24.300999494791032,15.645275311470032
31.18400061488152,19.474882863759998
16.98899980008602,20.07026684999466
15.230000377893449,20.77865032911301
24.17099924206734,18.623863071203232
18.648999630212785,14.42423686683178
14.144999848604202,9.568969180583954
15.25500034749508,7.177992134690285
5.020000160634518,3.6403131186962128
1.5920000001043082,1.148542717769742
0.0,0.7165277509391308
0.0,0.6504307371750474
0.0,0.4895315597951412
0.0,0.3206050588563084
0.0,0.6299991954490543
0.0,0.4136822392791509
0.0,0.3860440942272544
0.0,0.1960653014853596
0.0,0.2617113551776856
0.0,0.3169738859310746
0.0,0.4633859208598733
0.9500000002235176,0.9559370180219412
5.556000104546548,4.189843373149634
9.771999579071998,10.82617711663246
18.332999521493917,18.82087223887444
11.78300029695034,27.34339196681976
39.55499852895737,36.45713432550431
62.01000141859055,41.61405201673508
53.10900168418885,44.19136063575745
41.41500119686127,40.57109226942063
44.476998870372775,30.42051512002945
37.3740004825592,19.32846312642097
23.7590004003048,9.199005985856056
10.53200050354004,3.445255741775036
1.1290000341832638,0.6173137109354139
0.0,0.4596717544645071
0.0,0.3193359263055026
0.0,0.3214632036350667
0.0,0.4454141438379884
0.0,0.4219361193291843
0.0,0.3062100885808468
0.0,0.2478737987019121
0.0,0.294912385828793
0.0,0.3425434166751802
0.0,0.5098521547205747
1.23800005055964,1.8323797708749767
10.209000444412233,8.661235001087189
22.85600063562393,21.8391900575161
33.52200048327446,36.95636553049088
45.66199927806854,48.928683881759646
56.74799820423127,56.62566339015961
58.68700089931488,60.11543444156647
62.95200002670288,59.20533408164978
59.50899801015854,54.59675816297531
52.05200095653534,44.1121469950676
40.42500116825104,28.37698147535324
24.62499984025955,14.375795895457268
10.32899988770485,4.904219584167004
1.506000022515655,0.7857138163223862
0.0,0.3152043855562806
0.0,0.3171729611419141
0.0,0.3182415100932121
0.0,0.3178891569189727
0.0,0.4279831598186865
0.0,0.4403533883532509
0.0,0.2637274289596826
0.0,0.3313868605904281
0.0,0.4510812884382904
0.0,0.8124273154512048
1.108999955803156,2.1454399979859597
10.205000326037409,9.249632387757302
23.266000958681108,22.38921814441681
37.281000554561615,36.1350297999382
47.876998844146726,45.70056473255158
54.11699865102768,49.32565994262696
62.77500069379807,49.22342533826828
31.50199924230576,42.60196931362152
41.350001070499424,35.52368847370148
38.53600046634674,24.495697939395907
33.043000942468645,17.761681972742082
22.273000071048735,9.36490871310234
12.415999773740769,2.599226340800524
0.2969999957457185,0.9685974055156112
0.0,0.3411747625656426
0.0,0.3318923633545637
0.0,0.3325052505545318
0.0,0.3325115729495883
0.0,0.6133250178024173
0.0,0.5345209527760745
0.0,0.4553891822881997
0.0,0.5541544606164098
0.0,0.5623586828634143
0.0,0.6667445703968405
0.0,0.6153360529243946
0.3690000083297491,1.993338962867856
3.511999950557948,4.679600356817246
4.744000208675861,6.633439434468746
4.398000239133835,8.383987258672715
8.641999515295028,8.338698627054692
6.896999993920327,8.000604411363602
5.2120001941919325,8.155658037066459
6.9820001986622815,6.961630404591561
7.464999857842923,6.019087492823601
8.663000393509865,4.622176321148872
3.610000026524067,2.6502501870691777
1.9700000180304047,0.8085606413334608
0.0749999970616772,0.6358614356815815
0.0,0.695283027254045
0.0,0.6288523707538843
0.0,0.6677884395420551
0.0,0.6976665380969643
0.0,0.6185150301828981
0.0,0.6066895839571953
0.0,0.5139274999685586
0.0,0.5500164049118758
0.0,0.5382079360820353
0.0,0.6214303282648325
0.0,0.5584037519618869
0.1520000051707029,1.857578847780824
1.3550000469386578,4.377046513035893
2.187000021189452,5.807989076375962
2.1819998732209207,7.76294280745089
2.763000121861696,7.1645601582527165
3.22200009778142,6.907696587741375
2.0409999368339777,7.133342803120613
1.71900003567338,6.210107266306878
1.9870000076293943,5.491432853639126
1.4339999457448722,4.051043886989355
0.9359999710321426,2.2629144628345967
0.1199999969033524,0.706911933645606
0.0,0.5593146261572838
0.0,0.6142073930799962
0.0,0.5541705073043705
0.0,0.5873859960213303
0.0,0.6136065408959985
0.0,0.417056757803075
0.0,0.4258868406806141
0.0,0.3086320472881198
0.0,0.3128203291259706
0.0,0.3154850421287119
0.0,0.4557948746532201
0.0,0.7963833875209093
1.5209999529272318,3.1313856062293053
12.627999885678292,8.521476821601391
17.68500088453293,14.063436459302904
13.458000314235688,18.313443615436555
42.40500122547149,20.92931152701378
40.56599840879441,23.205268994569774
27.83400058031082,24.041015421152117
12.136999989748002,22.04327311873436
23.30800066113472,18.01176998972893
28.28299974679947,12.43803585588932
25.09599914431572,6.5021641761064535
10.41399957895279,2.366959133595228
1.4500000341236592,0.8401433474570513
0.0,0.7457035180553794
0.0,0.6705160555616021
0.0,0.3396680748462677
0.0,0.6440836944058538
0.0,0.4152098771184682
0.0,0.4228721738047898
0.0,0.312802228461951
0.0,0.3147289863787592
0.0,0.4113035066798329
0.0,0.4141918142326176
0.0449999998416751,0.9646722572669388
4.13399987205863,3.412165930718184
11.984999599456788,8.965873541235924
14.869999994039537,15.430452009439469
19.868999789953232,26.49950974106789
24.278999357223512,31.83954555988312
31.056999167203905,39.10641426563263
40.18100113630295,43.92740006446839
39.38099800109863,42.50526401281357
39.414001288414,33.03384226322174
29.315999764204022,19.61635457277298
14.494000163674356,9.163743324875831
7.909000160098076,2.900353608876467
2.02200001642108,0.5613021689280868
0.0,0.4127207501605153
0.0,0.3184486728347838
0.0,0.3207949874550104
0.0,0.417078998517245
0.0,0.4063002456538379
0.0,0.3287847296707332
0.0,0.2304358468484133
0.0,0.2776064179837704
0.0,0.3104448095336556
0.0,0.3942276162467897
0.8100000292435289,1.3640657837688923
9.88500009894371,5.700552777647972
22.96200017809868,14.084520523548129
31.96500036358833,24.67862093925476
41.676998167037965,37.618793349266056
53.16500128746033,49.39425452709198
61.78399832487106,56.64014802932739
63.73099920272827,58.5261704659462
60.209999499320986,56.01466302394867
52.626000998020174,46.61468677759171
40.53999917984009,30.53900694489479
23.769999442100527,15.321623114943504
9.76400036931038,5.254472824633122
1.3280000181496143,0.6142700393497944
0.0,0.4126366700325161
0.0,0.3131611607782543
0.0,0.3149287676438689
0.0,0.3128761716000736
0.0,0.4277972322329879
0.0,0.438997479295358
0.0,0.4166256514051929
0.0,0.6429158164560795
0.0,0.8177708625420929
0.0,1.0109989812225104
0.3720000008307397,1.2275998711585998
7.871000062525272,4.734417383372784
17.003999987244608,10.67906827032566
33.39599932193756,17.741898075342178
25.781000159978863,20.25347740650177
7.136000134646893,18.322333223819733
22.805000410079955,14.9171746891737
15.046000067591669,11.754409977197648
4.067999972850084,8.062199045419693
7.141000025868416,6.0018797948956495
2.91900011703372,4.283341903835535
0.1329999965010211,2.4096012170612813
0.0700000015366822,0.7528278623893857
0.0,0.5306826812960208
0.0,0.5361127842217684
0.0,0.4980683336034417
0.0,0.3698942260630429
0.0,0.8326066032424569
0.0,0.5843921975418925
0.0,0.4535259371623397
0.0,0.3989940751343965
0.0,0.31982929777354
0.0,0.3639505007490515
0.0,0.5093690852262079
0.0,0.690308297239244
0.0,1.883320649396628
0.6750000136718154,4.857292439751327
1.0590000165998936,6.34730083823204
2.858000109046697,9.37604742527008
6.480000233948231,11.321195616722108
9.774000151753423,13.990382692813874
24.14999939084053,16.11076174378395
24.751999233961104,19.019565666913987
30.453999037742616,15.358555658459665
20.72400018811226,9.654938348531724
14.901999914050103,4.650467273890972
8.045000076889991,1.463439327850938
0.4190000117197633,0.6006392765417695
0.0,0.5659648871421814
0.0,0.5307302115857602
0.0,0.5408572121709585
0.0,0.5489421754330397
0.0,0.3979216049099341
0.0,0.2634410918597132
0.0,0.2348355758935213
0.0,0.2345632315054535
0.0,0.3335262692160904
0.0,0.3963783859275281
0.0,1.3567061308026314
1.9540000580251216,6.9600503835082055
9.197000278234482,17.144302983880042
32.37300011396408,29.5634689617157
36.500999038219454,42.43972985267639
45.07599990844727,52.81978542327881
57.23200123071671,57.15765962123871
62.76300136566162,57.46146322011948
55.44300040721893,53.65077073335648
48.10600074291229,42.69071751117706
30.51500007271767,26.671786983013156
15.581000238656998,13.071739846467972
9.795000002980233,4.453455538749695
1.2060000021755697,0.6060668440908193
0.0,0.3946325062774122
0.0,0.3361528231948614
0.0,0.3372285289689898
0.0,0.3357700455002487
0.0,0.3159516798146069
0.0,0.3191975396685302
0.0,0.2040473573375493
0.0,0.2695141695253551
0.0,0.3107077826559544
0.0,0.3844119031447917
0.1270000034756958,1.0918076626956463
5.37300008058548,4.148270384222269
10.226000177264211,10.678564019203186
17.117999766469,18.98731824278832
19.07199956774712,33.30817130565644
47.93699959278107,41.20703612089157
65.9930019569397,49.50830770969391
61.30499878406525,52.47385477542878
49.2660001540184,47.73460079193115
37.8380018901825,34.45299799561501
27.637999914884567,20.55722144007683
17.77600023984909,9.130656851530077
7.794999867379666,3.2865190802514554
0.505999986808747,0.4635903235711157
0.0,0.3996969543211162
0.0,0.3083943316526711
0.0,0.3005984334275126
0.0,0.3084259757213294
0.0,0.4053719861386343
0.0,0.2546860830951482
0.0,0.2424367154669016
0.0,0.2567476171441376
0.0,0.3127751737460494
0.0,0.4199373950436711
0.2059999985620379,1.6550528287887574
6.8859999251365664,8.306119485795499
17.747000151872637,20.516489040851592
28.382999625205997,34.47652629137039
49.76199840068817,47.69757992744446
58.41500106573105,56.47232996940613
60.70600185394287,60.05719600439072
63.69700179100037,59.26973855495453
54.14199964761734,54.973054792881015
52.84900117874145,44.27683890342713
40.62799973011017,27.880252013206483
23.85400090098381,13.65910202920437
10.072999500632289,4.720000011920929
1.2150000117719173,0.6536954037472605
0.0,0.3232482692971826
0.0,0.3152230959944427
0.0,0.316385229229927
0.0,0.3157839277386665
0.0,0.4069119424000382
0.0,0.2893988401256501
0.0,0.2523153614625334
0.0,0.2811149300262332
0.0,0.3260099042952061
0.0,0.4971924732811749
0.6400000048801303,1.9524279960989952
8.878000337481499,9.84414138019085
22.2129993224144,23.498689744472504
37.30900035619736,39.1847611284256
50.432999515533446,51.09103593349457
58.86100142717362,58.43992811918259
63.29399936437607,61.47280862808228
63.91699905872345,60.28190098524094
60.72300055980683,55.834085664749146
52.63100037574768,45.232381429672245
40.962000885009765,28.620400232076644
24.00300043225289,14.041019364595414
9.445000428557396,4.91092170804739
1.183999992981553,0.7772137573361397
0.0,0.3070642858743668
0.0,0.3088953092508018
0.0,0.3098767888732254
0.0,0.3099110325053334
0.0,0.4048480118857696
0.0,0.3007425968721509
0.0,0.2491418882180005
0.0,0.3017795338481664
0.0,0.3149077143892645
0.0,0.5049312773905694
0.6219999856874346,1.9447994006425144
8.857000486254693,9.801360139846802
22.59999922156334,23.69727020382881
38.57800016880036,38.84367375612259
51.906998462677,51.21715827941895
59.05000008821487,58.069070417881015
63.76599895477296,61.38637731552125
65.91500016212464,60.578573179245
62.027998356819154,56.444942252635954
54.09700114011765,46.34866401433945
41.91399824857712,30.03939986228943
23.919999259710316,14.755242297649383
9.31999955356121,5.0697438663244245
1.0539999970048666,0.7909210307523609
0.0,0.2977985110320151
0.0,0.2994773797132075
0.0,0.3005821299925446
0.0,0.3005702875368297
0.0,0.4054620526079088
0.0,0.2531854610238224
0.0,0.2546057854685932
0.0,0.2943660923838615
0.0,0.3026545918360352
0.0,0.4860166290774941
0.7530000112578273,1.9316046584397557
8.085000233650208,9.345094006061554
22.52600062608719,23.110605345964437
38.38099921703338,38.594534676074986
51.22299978733063,50.70678630828858
58.96400011062622,58.372389278411866
63.365999441146855,61.41088946580887
62.78099830389023,60.40825748443604
58.95799839258194,56.08953455924988
51.53999812841416,45.72556162118912
39.70999977827072,29.39506551861763
22.48300063729286,14.680273198485375
8.781000291109086,5.118035924434662
0.8230000288411975,0.7668490732088685
0.0,0.3033717183209956
0.0,0.3050649006478488
0.0,0.3061467041634023
0.0,0.3061519674770534
0.0,0.4054191491939127
0.0,0.3392364189401269
0.0,0.2470635372400283
0.0,0.3068768605589866
0.0,0.4585174520127475
0.0,0.4644012269005179
0.5210000135004521,1.9255687930434944
8.950999673604965,9.422622359395028
23.16300022125244,24.22923151731491
38.96199920892715,38.82185642242432
51.88099923372269,51.32533709049225
56.97200072526932,57.90423473119736
57.56400181293488,60.7750318813324
61.09299969911576,59.3026268196106
59.208998374938965,54.01834207296372
52.16800130844116,42.79372851848603
40.22899844884873,27.16815083742142
16.000000057816507,13.692849882841111
5.796999790966511,4.500580938458443
0.6519999748840928,0.6357397376000882
0.0,0.3232031781040132
0.0,0.3252063503488898
0.0,0.3257271937467157
0.0,0.3264715996012092
0.0,0.3778818822093308
0.0,0.3748910042271018
0.0,0.2610364314820617
0.0,0.3269074276462197
0.0,0.4256879039201885
0.0,0.3908083109697327
0.1590000037197023,1.6945371808111669
7.710999948978424,9.921283586025238
20.894999856948854,25.43912611484528
35.693001828193665,41.25058862924576
48.513000206947325,53.17057577848435
47.08100096225738,57.97611978530884
60.80499939203263,59.73459852457047
60.621998341083525,54.78449157476425
56.57200121164322,45.92975559711456
25.847000572681427,27.598388986587526
17.51499944806099,14.129742914438248
15.28799952685833,7.383726079165935
6.399999920427799,2.702318223416805
0.1580000062193721,0.4509314765594899
0.0,0.3358483212441206
0.0,0.3372685173153877
0.0,0.3371637324430048
0.0,0.3391523984819651
0.0,0.4230946450866759
0.0,0.4259672749880701
0.0,0.4027698441920802
0.0,0.4017517798580229
0.0,0.4628136638738215
0.0,0.6375197004154325
0.0570000019390136,0.7040086384862662
5.692000021338463,2.591563726365566
9.972999622225762,6.562040145695209
16.414000499248505,10.225745484232904
15.3179999011755,13.750054143071177
23.48800085306168,14.329249716997149
25.303999137878417,13.838767423033715
19.2130009162426,13.122365221381187
9.63199954390526,9.992619201540949
9.41300050854683,7.636179763078689
19.44800042510033,5.506245101988315
9.13600027024746,3.0062101432681083
3.5490000185370447,1.007346048988402
0.1910000039637089,0.6560749350115657
0.0,0.6804947847500443
0.0,0.6216018352657556
0.0,0.5366995474137366
0.0,0.6707832650095225
0.0,0.4054123951680958
0.0,0.419649843215011
0.0,0.3931768250232562
0.0,0.3780282921902835
0.0,0.4864390741847456
0.0,0.6854030814766884
0.1270000034756958,0.8915320312231779
8.38200003683567,3.6901841709017753
10.45300047636032,10.021473457217215
14.906000032424927,16.95372584223747
23.309999179840087,20.854641281366348
42.36399975538254,20.845147804021835
41.50899935722351,19.792265298366548
24.52000058412552,16.787013848423957
13.599999895095824,11.53289892911911
11.56400023460388,7.282747994661332
16.773999856114386,5.344357384443283
10.687999985218047,2.865921010971069
5.0000000822544095,0.9539607079327108
0.1739999983180314,0.6504888261854649
0.0,0.6609814345091581
0.0,0.5592321461811662
0.0,0.3510137251019478
0.0,0.656234182342887
0.0,0.3753843436017632
0.0,0.3154038779810071
0.0,0.2051179281715303
0.0,0.2851779835112393
0.0,0.2930741414427757
0.0,0.3725491091748699
0.2139999946113676,1.078852850571275
9.197000278234482,3.710787604749203
5.730999891757965,9.600540846586227
7.123000006675721,16.57415106654167
20.903000093698505,28.67724401950836
41.294001467227936,41.52488891601563
55.65999886989594,49.47842235803604
62.66199914693833,54.52788012981415
58.73199940681457,51.40265285730362
51.15900200128556,44.0887645316124
40.71100090265274,28.646196117401125
21.14299898028374,13.59139887034893
6.759999790787697,4.6680123373866085
0.5580000172927976,0.4640057081356645
0.0,0.3885052649164572
0.0,0.2956616056896746
0.0,0.2919218287803233
0.0,0.3718730394355953
0.0,0.3581683976761997
0.0,0.2892964943498373
0.0,0.2248085782676935
0.0,0.275543648339808
0.0,0.3091838607937097
0.0,0.3783719236822798
0.0449999998416751,1.4784379745274785
4.4620000791549685,7.417431826293469
12.50400032401085,18.302050210237503
31.135999194383626,31.778349397182467
48.23899980068207,46.409301495552064
59.1789980006218,55.30370385885239
63.84200017690659,59.18591579198837
64.1650002360344,58.60280020475388
60.979998152256016,54.36051394462586
43.95000201702118,42.87382947683334
33.63700054883957,25.717000319957734
19.724999636411667,12.214829250574113
6.831000094711781,4.230507220923901
0.3649999862350523,0.5513866636902094
0.0,0.3446537487022579
0.0,0.3115428202040493
0.0,0.3128532890230417
0.0,0.3118798969313502
0.0,0.4121117364009842
0.0,0.4281230756035074
0.0,0.3049441332742572
0.0,0.2982933587953448
0.0,0.3516759398207068
0.0,0.4691124382056296
0.0449999998416751,0.9420461704954504
1.3049999793618918,3.284988097846508
6.811999789178372,8.756019834280014
15.481000360250473,15.01170996427536
19.362000447511672,24.38480582594872
32.299999750852585,29.31299274325371
35.12400116443634,35.78673297166824
36.56700150489807,39.416092236042026
34.88900165557862,37.4583819270134
32.381000350713734,28.43976330757141
26.56799957275391,16.809734931588174
12.142999653816224,7.805573736131191
3.3219999761879446,3.02047064229846
0.2249999992083758,0.6055365331470967
0.0,0.4651419741101563
0.0,0.3498445313237607
0.0,0.3236501746438444
0.0,0.4703147523477674
0.0,0.4003622258640825
0.0,0.2879911283776164
0.0,0.2487916371598839
0.0,0.2671928075049072
0.0,0.3292893980070949
0.0,0.4613101854920387
0.2600000080000609,1.76632094822824
7.477999985814095,8.657624111175537
18.390999697446823,21.2873195540905
30.02499943614006,34.99164705514908
48.45400179862976,48.24610655784607
59.38700004816055,56.22264042377472
62.477999863624575,59.943565940856935
62.43600016117096,58.96682227373123
59.54799890756608,54.55696443080903
49.57999969005585,43.925818502902985
33.205000088214874,27.99058133721352
20.053999359607698,13.9619115036726
7.222999885082245,4.8004809558391575
0.4259999942220747,0.7213710906729103
0.0,0.3290961316972971
0.0,0.3314650400541722
0.0,0.3321764218248427
0.0,0.3321903182566166
0.0,0.4041507354704663
0.0,0.4142758667841554
0.0,0.2320202165842056
0.0,0.2982697059772908
0.0,0.3547868791222572
0.0,0.7673540303856135
0.2529999934043735,1.659512652680278
7.712000235319138,6.420392308235169
20.98300040721893,16.480538026690482
35.03499827384949,28.091844410896304
40.000998890399934,37.01534339904785
22.7760003221035,43.52215880393982
43.333998165130616,45.844573101997376
57.283001456260685,42.60570344209671
44.01100099802017,38.0148615527153
37.60100180864334,28.641714341640476
36.89799974679947,18.13482164144516
19.326000409126284,8.73853228211403
7.898999864161015,2.7057527281343936
0.634000019878149,1.0780701573193074
0.0,0.50114592788741
0.0,0.3411731578968465
0.0,0.3422086185775697
0.0,0.3586315050907433
0.0,0.4004378632782027
0.0,0.3114616560563445
0.0,0.1914293491467833
0.0,0.2948791691847146
0.0,0.3752946426160634
0.0,0.4252332513779402
0.0190000006463378,1.6373331773281097
4.918000223040581,8.571578946113586
19.94500101208687,20.928742575645447
36.45600053071976,36.55988242387772
49.78499882459641,49.343229653835294
59.09199979066849,55.99252937793732
63.93099895954132,56.94586182594299
64.00999898672104,50.40334420919419
40.22000203371048,39.858884286880496
36.093999574184416,24.84899825334549
30.55699977517128,14.353094325065614
13.53000039100647,6.248791851401329
3.6130001153051854,2.152258813381195
0.2339999927580356,0.5719046007841826
0.0,0.3077260512858629
0.0,0.3087944076769054
0.0,0.3094571037963032
0.0,0.3101343382149935
0.0,0.4135595923103392
0.0,0.275043184235692
0.0,0.2275661695003509
0.0,0.2783044168166816
0.0,0.3102833477593958
0.0,0.4916919253952801
0.0510000008903443,1.6035510479658843
7.082000077068806,7.597162433862686
20.62600088238716,19.86729704380036
35.830002031326295,34.27385225772858
49.077001492977146,46.320093207359314
57.51899919748306,54.93827276229859
61.72299934387207,58.39480637311936
63.05400047779084,57.58350226163864
59.50799977779389,53.21827731847763
51.91599898576737,42.76747870445252
39.18400115728378,27.213167830705643
21.097000186443328,13.422061895132066
7.444999779462814,4.430028401315212
0.4529999909177423,0.7596297324821353
0.0,0.3106962932273746
0.0,0.312674272172153
0.0,0.3140330094285309
0.0,0.3131935750879347
0.0,0.41214792416431
0.0,0.3358478398434817
0.0,0.222701840698719
0.0,0.2936576311103999
0.0,0.4398170911706984
0.0,0.4975607126764953
0.0,1.831787327155471
5.676999834179878,7.480546916127205
20.217999078035355,21.36832836985588
33.263000264167786,36.03733448266984
48.92800196170807,48.27196200847626
58.99699928998948,54.881866471767424
57.077998213768005,57.17815830230713
60.50499975681305,55.60498928308487
48.43400017976761,50.72214183330536
47.67699908733368,38.804163472652434
37.86699992418289,23.68505315423012
18.337000666856767,11.751474845409394
4.0329999640584,3.91057965323329
0.068999996013008,0.6790694537386298
0.0,0.3253471439890563
0.0,0.3275665293075144
0.0,0.3287316793203354
0.0,0.3280722567252815
0.0,0.4151677028322592
0.0,0.2869299929961562
0.0,0.2232196031324565
0.0,0.2702376504987478
0.0,0.3433172521553934
0.0,0.4637706562504172
0.1009999962570145,1.7158519322425128
6.36300010919571,7.986514135599137
19.615001002550127,21.30467359781265
32.80400028824806,36.43728880882264
39.88499853849411,48.882695357799534
53.92599941730499,56.26253274679184
59.16100106239319,59.314248216152194
58.46800186395645,57.24761555671692
58.53499845504761,51.42715679168701
29.879998996257783,37.99774371623993
19.091000900268558,22.174996657371523
18.21400036454201,10.960951836705208
4.649999994337559,3.813410153836012
0.8750000272318721,0.6967078447714448
0.0,0.3197869666106999
0.0,0.3217728726193309
0.0,0.3227787111140787
0.0,0.322598474714905
0.0,0.4152758823707699
0.0,0.4291926293168216
0.0,0.4043012811709195
0.0,0.407157811964862
0.0,0.4945337617397308
0.0,0.5069371454790235
0.0,0.9147856076806784
2.135000022798777,4.117929049879312
13.527999818325045,11.149445219635965
24.14199915409088,19.744543218612677
25.806999388933185,26.76238581299782
40.19300046443939,28.02138070821762
34.73499863862991,29.368731491565704
37.83699954986572,25.263897309303285
21.40800091743469,17.96286892771721
7.299000080227852,11.00771573662758
3.208999969810248,6.468696176707745
1.566000000908971,3.269462863057852
0.1460000041220337,1.1006212739646437
0.0,0.5452072767168283
0.0,0.4944333415664733
0.0,0.3184524277597665
0.0,0.320242949295789
0.0,0.4886992822773754
0.0,0.4404946144297719
0.0,0.4448094336362555
0.0,0.4225220310688019
0.0,0.4106470687687397
0.0,0.4923922028578818
0.0,0.6524736089259386
0.0,0.7545069878175855
0.1140000038780272,2.36632830619812
1.7710000340640546,5.729878934323788
6.677999931573868,9.517547889947892
11.027999777197838,13.654571985006331
12.46299988090992,13.991135475039483
4.939000074267388,16.15862143993378
27.718000228405,15.310224574804309
26.829000364542008,15.1866861307621
9.545999566316604,11.931286071538926
14.56399966776371,7.679751270711422
3.41599993377924,4.204063819646835
0.0,1.399629994109273
0.0,0.6581592072173953
0.0,0.6339293502643705
0.0,0.588739951364696
0.0,0.4926281533576548
0.0,0.5664862119406462
0.0,0.3988611936755478
0.0,0.399215697105974
0.0,0.294339807908982
0.0,0.335930063072592
0.0,0.4260000089881941
0.0,0.4015516776591539
0.0129999995976686,1.4845617757737637
5.307000181376934,7.843906577825546
16.051999542713165,20.723472316265106
31.30600063085556,35.368173730373385
48.77399894475937,47.19534991741181
55.771998076438905,54.483760724067686
52.33399954557419,55.756831517219545
56.75600049495697,51.607676639556885
56.76399867773056,44.80977585554123
51.23800202846528,27.38360676407814
20.1800005209446,15.652239317297935
2.454999993145466,8.070444218814373
2.435999944359064,2.679722689539194
0.0629999989760108,0.4765642954409123
0.0,0.3465451397188008
0.0,0.3485542813315987
0.0,0.3489557052776217
0.0,0.3495584830641746
0.0,0.4135521475318819
0.0,0.4266269437596202
0.0,0.2627310098707676
0.0,0.286751553826034
0.0,0.4437072897329926
0.0,0.5598460924625397
0.1510000076703727,1.443632451593876
6.033000099658966,5.7732676380872725
19.886000549793245,15.695537132620812
29.586999311447144,27.53895102739334
27.749999121427532,38.20411490678787
39.01799881219864,45.64290962457657
38.71399803161621,51.69434621334076
48.34800020217896,52.59490380048752
55.90000186443329,49.46602455854416
51.01500184774399,39.90648312807083
37.41300137996674,25.72568863868713
16.313000334501268,12.993524438142776
5.452000107765198,4.086868053674698
0.0629999989760108,0.816654975861311
0.0,0.334478030372411
0.0,0.3370942823775112
0.0,0.3387181751057506
0.0,0.3366245316341519
0.0,0.4192713491432369
0.0,0.433685246114619
0.0,0.3189622310362756
0.0,0.3202892921306193
0.0,0.4053270782157779
0.0,0.7568712426349521
0.0380000012926757,1.4189386527985337
5.924000211656094,4.185074040740728
19.64100023150444,11.349124556183815
35.075001511573795,19.144661024808883
45.44399847507477,26.936104946136474
22.53900024056435,32.125933495759966
34.38499906420708,37.983123514652256
31.86600077152252,39.16654236078262
31.36900018453598,36.914197402000426
32.68400084495544,30.98774731040001
28.80699984908104,21.10063161611557
12.851000066399576,10.08057764530182
4.525999919176102,2.7879605524241926
0.1319999990006908,1.073007042147219
0.0,0.6384172237664462
0.0,0.3229496083408594
0.0,0.3252349455468357
0.0,0.4945075093582273
0.0,0.3618060534633696
0.0,0.2948558052070439
0.0,0.2089246679097414
0.0,0.2682678874582052
0.0,0.3047584730945528
0.0,0.3809625147096812
0.0,1.2857300894707442
2.75100002348423,5.338610359430313
8.027999830543996,13.624029361009596
16.234000307321548,24.432382073402405
33.550000284910205,38.92589441776276
52.00300130367279,48.75422737121582
59.6720015501976,55.09660145282746
63.04799875974656,56.33839429855347
58.29000019073487,53.28787424325943
43.38400015830994,43.17200928926468
37.32799963474274,27.107330552339555
18.73000023007393,13.112967253923417
3.4679999321699144,4.400247802436352
0.0510000008903443,0.5466162401065231
0.0,0.3990342155378312
0.0,0.3071965105831623
0.0,0.3090522137656808
0.0,0.3069923004321754
0.0,0.3624128750152886
0.0,0.367612001914531
0.0,0.3569529573433101
0.0,0.3636426610872149
0.0,0.4112622641539201
0.0,0.3789941766858101
0.1009999962570145,1.1412441705912353
4.34999984562397,5.649325074255467
12.263000124096871,15.397374778985975
28.83999902844429,27.466486752033237
40.40099840402603,37.92846310377121
45.24300048589706,45.64701346874237
41.34199877977371,43.78005603790283
40.269999918937685,41.91617957115174
38.21000160217285,33.57451448917389
23.63999918937683,19.411014478206635
15.31299949645996,9.84554424583912
4.864999938309193,4.809103547334671
0.4929999872110784,1.6485494270920753
0.0,0.4619932288117707
0.0,0.3236268106661737
0.0,0.325574686024338
0.0,0.3270852570421994
0.0,0.3304181541316211
0.0,0.4737550659663975
0.0,0.4345987281063571
0.0,0.4112566230073571
0.0,0.433038777615875
0.0,0.4621692288853228
0.0,0.576060821339488
0.0,0.6516577953100204
0.0,2.120464034229517
0.1980000025127083,5.0427700257301336
2.53500004991889,7.984888927042484
4.063000081628561,11.892939365506171
6.567999757230282,11.553930616974831
8.933999940752983,12.804367620944976
11.580999967455863,11.810090187191964
10.547999950051308,10.76353803575039
10.1290001308918,7.863627828955651
5.796000018119813,5.2697698113322256
2.2459999699890614,2.867696416527033
0.166999999769032,0.8906919550150633
0.0,0.5482359927892685
0.0,0.5621446200460196
0.0,0.5169080759771169
0.0,0.5406676686927676
0.0,0.5640628411248326
0.0,0.4512242323346436
0.0,0.4292119703907519
0.0,0.4030743893561884
0.0,0.4078524738736451
0.0,0.4604066927731037
0.0,0.5858437167480588
0.0,0.7046695052832366
0.0389999987930059,2.3194468161463737
1.5150000321120023,5.234424991309643
4.0790000416338446,8.498902597725392
5.101000247001648,12.857260585427284
8.468999787271024,12.553841080069542
9.403999985456467,13.868237871527672
10.71000012278557,12.480124906301498
10.052999935746191,11.081720494031906
6.01200024843216,8.535651823878288
5.93399999409914,5.387929405570031
2.979000095427036,2.9331417421996595
0.6959999932721257,0.9624681483954192
0.0,0.5640095019340515
0.0,0.5699354154244065
0.0,0.5264761062338948
0.0,0.5501433663070202
0.0,0.5611593534052373
0.0,0.4059143804619088
0.0,0.418911273535341
0.0,0.2848931868933141
0.0,0.277966024260968
0.0,0.4357528502307832
0.0,0.4465421939082444
0.0,1.2350537502765655
1.7790000140666962,6.247632895410061
6.627999992370605,16.135439239144326
21.278000664711,28.905531134605408
36.393000977039335,39.44828214883805
49.14900156974792,46.40825807571412
49.619998819828034,45.6437188911438
38.942999930381774,41.84291424512863
28.9549990940094,30.583802108764647
30.52400059580803,18.67089090704918
21.336999073028565,10.542461403608325
8.232000219225883,5.517614886462688
2.8810000194609167,1.795875609740615
0.0449999998416751,0.551088066920638
0.0,0.3587361615896225
0.0,0.3492887703329325
0.0,0.3499749908968806
0.0,0.3493438104726374
0.0,0.3646918256394565
0.0,0.33281244834885
0.0,0.2192284869495779
0.0,0.2947001523338258
0.0,0.4150824332563206
0.0,0.3843593291938305
0.0,1.525141538903117
2.520000119507313,8.140732820034028
10.879999505281448,21.686016846895217
33.320000153779986,36.88461193084717
47.68800018310547,48.63229924440384
58.390998301506045,56.85317410230637
60.15300166368485,58.93658774614335
57.6769992518425,56.60209606885911
53.98600016593933,51.18388797521591
47.53299893379212,35.59811224222183
34.91199797153473,19.66108606338501
16.463000152111054,9.478103333711625
3.388999904990196,3.361315131932497
0.0,0.5392243653908372
0.0,0.3165916538238525
0.0,0.3184804131835699
0.0,0.3194101903773844
0.0,0.319415646251291
0.0,0.4087626605993136
0.0,0.2754229130595922
0.0,0.2199174033571034
0.0,0.2741282020881772
0.0,0.3149289281107485
0.0,0.4830173426307738
0.0129999995976686,1.6423480882495642
3.5230000193417075,8.086659846305848
15.955999782681465,20.900859850645062
35.94200123786926,35.768304698467254
49.23800035238266,48.48436367273331
59.34200154066086,56.07616728305817
54.58199829101563,58.769562520980834
53.31999842882156,57.15404462337494
54.18599992275238,52.87551390171051
48.71200173139572,40.76624875068665
35.342001967430114,25.03845289707184
18.385000033378603,12.0354123878479
5.640000022947788,4.00356879785657
0.0749999970616772,0.734691767282784
0.0,0.3097813431732356
0.0,0.3116827794164419
0.0,0.3129060184396803
0.0,0.3124653442949057
0.0,0.4091938821226358
0.0,0.3084606686607003
0.0,0.212869312884286
0.0,0.2749061455205083
0.0,0.3122961480170488
0.0,0.4699927916005254
0.0,1.489848581776023
6.392000197172165,7.176194905638695
17.070000399947165,18.887887315750124
20.984000693559647,32.00069435954094
46.56599932909012,44.83007735490799
55.31099958181381,53.26164496898651
56.31000013351441,56.83471296548844
59.39699880361557,56.03716227769852
57.58500166416168,52.461510379314426
49.25400082588196,41.23123195886612
35.938998324871065,25.83654788851738
18.648999630212785,12.371723238825798
5.402000168561935,3.985830147117377
0.0439999983296729,0.718678648993373
0.0,0.3248591321147978
0.0,0.3144242276810109
0.0,0.315864417925477
0.0,0.3148149003461003
0.0,0.4075503513403237
0.0,0.2564801830425858
0.0,0.2239256253093481
0.0,0.2908784410357475
0.0,0.3202528340555727
0.0,0.4836051969975233
0.0,1.8040369552373887
5.581000074148179,8.534572459459305
19.236999572515487,22.08507974743843
34.725998115539554,37.52363674640656
49.1599985575676,49.64014421701432
55.33199943304062,56.9164529967308
58.42000044345856,59.82752861738205
62.807999873161314,58.16856091022492
58.60100092172623,53.582562296390535
49.82699852705002,41.36351212501526
35.331000871658325,25.136826026439667
18.31299995660782,12.078812901973723
5.26600025177002,4.094814116805792
0.0380000012926757,0.7493088879063725
0.0,0.3078098791837692
0.0,0.3093962868489325
0.0,0.310489900726825
0.0,0.3105435608513653
0.0,0.4070193160604685
0.0,0.3477716522663832
0.0,0.2051071929372847
0.0,0.2914444398134947
0.0,0.3671605443954467
0.0,0.6600319198891521
0.0,1.744199369326234
5.427999911010265,7.042768107354641
17.915001015663147,18.157329111099244
32.2479992389679,31.3874818611145
38.538999271392825,42.70747795581818
43.74999815225601,49.4872832107544
47.37400064706802,51.89117052316666
50.11999821186066,49.03227000236512
46.30599882364273,44.9971724152565
47.48300104856492,32.32380944132805
27.84399933576584,19.82539798617363
13.993000485301016,9.269145160317422
3.4010000033676624,2.7975592960417277
0.0,0.9005324259400368
0.0,0.3336695019528269
0.0,0.3164741599746049
0.0,0.3178808447346091
0.0,0.3168169814161956
0.0,0.4121126957796514
0.0,0.3472383245453239
0.0,0.2067943898495286
0.0,0.2936390811391174
0.0,0.3386690080538392
0.0,0.6191956023126841
0.0,1.38684373639524
2.5620000787079333,5.447437199950218
14.59400004208088,14.3880560785532
27.9669996380806,25.34650822639465
41.51199816226959,35.01971669197083
26.76199966549873,42.71562813282013
34.29499999523163,49.724546201229096
38.86800104856491,52.07301723957062
43.40400177717209,49.64141768217087
48.07499802827835,39.57470026731491
34.15900007843971,26.19969496369362
15.534000131487849,12.780212862491608
4.206999978423119,3.7776820105314255
0.0,0.8913725271448493
0.0,0.4149347437918186
0.0,0.3408246559277177
0.0,0.3423874428682029
0.0,0.3401775892823934
0.0,0.409647054229863
0.0,0.3080509325303137
0.0,0.2229273127112537
0.0,0.292893872950226
0.0,0.3973462258651852
0.0,0.433345622383058
0.0190000006463378,1.7730637665092943
4.961999984681606,8.453062987029552
13.907999767065048,22.198611220121386
34.10799985289574,37.46001689195633
47.232999298572544,50.45063495397568
53.67600177526474,56.90925997257233
61.664000935554505,58.80161687135696
58.33899984359741,56.48437448501587
55.97200194120407,51.47203206062317
47.95000126123429,37.38279560804367
34.5789991569519,22.419304785728457
14.72300000846386,11.065649158358577
5.954999845325947,3.750578255951405
0.0,0.6564988885074854
0.0,0.3322511672973633
0.0,0.334134085662663
0.0,0.3346151653677225
0.0,0.335395387429744
0.0,0.4059012945368885
0.0,0.2821613666415214
0.0,0.2169379024766385
0.0,0.2594169194996357
0.0,0.3246275142207742
0.0,0.397888347171247
0.0,1.4461589705199005
1.4330000445246698,6.809453372359276
16.945999811291696,18.34903491258621
22.13599986791611,31.301820789575576
40.72000142574311,45.09365588665008
52.308998548984526,54.05143573522568
54.70699916601181,56.7887203335762
47.70999826669693,55.94486480951309
56.79100024700165,52.50357580900192
49.551999888420106,39.20545699119568
27.232000737190248,23.44804074883461
15.707999632358552,11.420162345170976
2.8689999210834505,3.850084923356772
0.0,0.6127817411348224
0.0,0.3285240993648767
0.0,0.3266638068296015
0.0,0.3279519707523286
0.0,0.3269843875616789
0.0,0.4059060914302244
0.0,0.2861901444010437
0.0,0.2125251435209065
0.0,0.2739733194559812
0.0,0.3408804342150688
0.0,0.5011319672688842
0.0,1.733270547837019
4.412000139951706,8.13813864827156
17.60799937605858,20.969941227436067
33.66099920511246,35.95735676288605
45.35499969244003,49.32906543493271
55.278000402450566,56.329558093547824
41.68000108003616,58.18891992092133
47.70499888896942,56.1823126578331
55.289999730587006,52.51057986736298
45.88700003147125,38.925446650981904
33.023999609947204,23.24651283383369
16.81299972653389,11.018367656469346
4.387000170350075,3.657235827445984
0.0,0.7597221614047885
0.0,0.3147926275432109
0.0,0.316567423325032
0.0,0.3176882523857057
0.0,0.3174057985842228
0.0,0.3983128395304083
0.0,0.2419439377263188
0.0,0.2079115442186594
0.0,0.2785584358870983
0.0,0.31239268489182
0.0,0.4510120309330523
0.0,1.7047643127292396
4.864000165462494,8.011261466145516
18.195999318361284,21.42159823894501
34.59799843549728,36.62194125652314
48.50899906158448,49.33177668333054
52.81700023174286,56.3647632431984
58.27300148487091,58.566978862285616
56.570998871326445,56.6279309797287
56.07799942970276,52.34305347204209
50.1350004529953,38.48304896354676
34.26599990725517,22.359671698808672
17.166000159978868,10.450819153785703
4.090999883264304,3.5336373046040537
0.0,0.6889091544225812
0.0,0.3043615743145346
0.0,0.3060256800428033
0.0,0.307219842467457
0.0,0.3069471129588783
0.0,0.4060521088633686
0.0,0.3295945418253541
0.0,0.2353805856034159
0.0,0.307810360584408
0.0,0.4133101129159331
0.0,0.4222665397077799
0.0,1.7200039164721963
4.177000117599964,8.190642384290696
14.864000329971311,23.91012579679489
32.21999943733216,38.98593624591828
47.36299955129624,51.21850979566574
55.5789982700348,56.714210298061374
59.1980013871193,56.34350869894028
58.84399861335755,52.71111365795136
53.41900007486343,46.79054409980774
28.695000642538076,28.35439390063286
22.4330006980896,14.212949484586716
5.461000117361546,6.762953408360482
1.0829999566078186,2.3453492514789107
0.0,0.4676787308230996
0.0,0.3103920480236411
0.0,0.3117861842736601
0.0,0.3127196842990816
0.0,0.3128898112848401
0.0,0.4151338175777346
0.0,0.4289449561201036
0.0,0.4050140227703377
0.0,0.4027802120894194
0.0,0.4693419700302184
0.0,0.631109818816185
0.0,0.7506180408969522
0.280000006146729,2.521711595058441
6.9800001394748685,6.552350513637066
7.939999793767929,10.902564486265184
17.556000918149948,15.020308935046195
10.944000372290612,15.420687407255173
16.93899986088276,17.448269873857498
21.588999341726304,16.101829001903535
11.14100029706955,14.96203968822956
23.55200069308281,10.50365871489048
11.855999633073807,6.613297118246556
4.363999746441841,3.453897332549096
0.8180000092461706,1.2416577968001363
0.0,0.633518298305571
0.0,0.6144118278846145
0.0,0.5750070674344897
0.0,0.4835775004141033
0.0,0.5238488462008536
0.0,0.4003183613158763
0.0,0.2438984403666109
0.0,0.2158109756745398
0.0,0.2600721218157559
0.0,0.3422778118960559
0.0,0.4122374239191413
0.0,1.494899950772524
3.851999999284745,7.1575047504901885
16.73399969935417,19.22700081706047
32.45699951887131,33.35939130663872
40.80400083065033,46.638800456523896
43.388999536037446,54.37285012483597
58.72499945640564,56.48849476099014
58.471000669002535,55.1704501080513
55.10600044727325,51.48082307815552
46.12899949073792,37.10445720434189
30.829999895095828,21.44665674686432
15.33700020670891,10.536794483661652
2.962000105828047,3.604083291739226
0.0,0.6307241206243634
0.0,0.341589890383184
0.0,0.3439795631542802
0.0,0.3447896641492843
0.0,0.3444162256270647
0.0,0.3978982344456017
0.0,0.2909861784987151
0.0,0.2057139342557639
0.0,0.2373866783455014
0.0,0.3268109228648245
0.0,0.4902573193982243
0.0,1.4162080200016498
3.8509999696910384,6.863444187045098
15.000999506115914,18.477258476018907
29.26499953866005,31.69922407746315
45.0299990606308,43.26065889596939
48.19999890327454,51.37199110269547
60.05300178527832,54.46259655475617
62.87599880456924,54.588562798500064
60.43099910736084,51.81201850175858
50.89299977779388,37.65663169622422
34.73400040626526,22.386539759635927
17.30099979043007,10.485597076416015
3.620000065714121,3.4220381098985677
0.0,0.7319673606008291
0.0,0.3420428883843124
0.0,0.3288358865119516
0.0,0.3299701306037605
0.0,0.328789704144001
0.0,0.3971860684733838
0.0,0.2645053884387016
0.0,0.1915947263129055
0.0,0.2565481568127871
0.0,0.3171634935960173
0.0,0.560402655787766
0.0,1.658451003804803
3.735999904125929,7.999214896559716
17.690000262260437,20.57513211131096
33.624000934362414,34.70435331583023
48.87599939584732,47.86025483131409
54.56299901247025,53.2564607334137
53.34799823045731,54.12751911640167
44.1929997086525,52.199907772541046
47.33099860429764,47.96136385679245
41.73499834299088,31.958735736608507
32.72600054740906,18.96100064754486
16.754000291228294,8.753772784471511
2.3409999571740627,2.730273094326258
0.0,0.7771357062458992
0.0,0.3316305455937982
0.0,0.3189517685957253
0.0,0.3201441658847034
0.0,0.3192969649471343
0.0,0.3972176895942539
0.0,0.2622950694989413
0.0,0.2030250068008899
0.0,0.2730428362078965
0.0,0.3377848355472088
0.0,0.4707965381070971
0.0,1.6755063223838806
3.1600000602006912,7.77055190384388
17.26000037431717,20.463338302373888
32.93599905967712,35.20558098554611
42.3039990067482,49.572169933319095
48.45299945831299,56.19958659648896
54.64699841737748,57.40859798431397
59.570999331474304,55.44438067913055
55.89400014638901,51.89530312299728
47.56200107574463,36.87945234298706
31.63500035405159,20.6070406293869
15.599000257849694,9.317607698440552
3.1889998914301394,3.1952313980460167
0.0,0.7043732192367316
0.0,0.3162481584213674
0.0,0.3181650636717677
0.0,0.3192948146909475
0.0,0.3188411427289248
0.0,0.405233720485121
0.0,0.2664245723187923
0.0,0.2051648326404392
0.0,0.2865609833598136
0.0,0.3395765445381403
0.0,0.4546985328383744
0.0,1.7728142084181309
2.4390000331401827,8.052579248547554
17.02899995684624,21.140478751659398
31.767999411821368,36.2521475148201
46.60500022649765,50.25336698532104
52.30399917125702,56.66353460073472
53.64200025558472,58.365237333774566
55.1839981341362,55.980944952964784
52.645998508930205,51.86981328010559
43.66700108766556,37.02669777870178
29.999000207185745,21.05236934065819
14.43799953341484,9.755628362894058
2.728000113070012,3.318765990883112
0.0,0.6854654709994793
0.0,0.3145482685789466
0.0,0.316092248801142
0.0,0.3171248210780322
0.0,0.3171529669687152
0.0,0.3485079705901444
0.0,0.3530413204059004
0.0,0.2804720676131546
0.0,0.3477030366286635
0.0,0.406581762637943
0.0,0.3763057674095034
0.0,1.5735680040717126
3.562999919354916,9.31544178068638
15.678000285029412,24.606314820051196
30.967000098228457,40.87678141832352
44.80100126981736,53.586012976169584
52.54599863052368,57.28392985343933
55.49299829244614,56.816900885105134
52.74599838733673,50.38447227716446
44.60600089073181,38.494399235248565
35.05999927043915,21.778538198471068
21.46199994802475,10.15295257270336
11.525999623537064,4.101565792858601
0.94299998562783,1.5551801685243845
0.0,0.3773850767500699
0.0,0.3081556532159448
0.0,0.3090569314919412
0.0,0.3095443656854331
0.0,0.3107476426288486
0.0,0.3067714338190854
0.0,0.3264350452460349
0.0,0.258204399663955
0.0,0.3067931289412081
0.0,0.3971570184873417
0.0,0.3692582868458703
0.0,1.4025683352351188
1.6320000284910203,7.896666547358036
11.650000212192536,21.292512005567552
22.910999952554704,36.510040640830994
41.45200152158737,50.07649089097977
51.513000667095184,56.64164743185044
55.44700155258179,55.37038002967834
50.12300112485886,51.81381367683411
35.068999793529514,43.06260630846024
19.76699933886528,25.15244651436806
8.687000076770783,11.253349706530573
4.20100005760789,4.816699150800705
0.2100000046100467,1.8998216896504163
0.0,0.455631904490292
0.0,0.2961991697363555
0.0,0.3028809785097837
0.0,0.2973907325975597
0.0,0.2891377284191549
0.0,0.3134609770961106
0.0,0.3286174910888076
0.0,0.3086692756041884
0.0,0.3298151516914367
0.0,0.4116270966734737
0.0,0.3812771141622215
0.0,1.3069339261949062
1.5079999533295632,7.542234492599964
11.289999828338622,20.274717572927475
25.60599934577942,34.699961915016175
34.34499993443489,47.260222697258
48.57800033330918,52.2233025598526
51.66499900341034,51.2500670838356
42.76199869632721,46.33637712955475
44.43200036287308,35.50528484821319
28.07999913096428,19.46840462327004
10.62800026357174,9.051676337122917
7.973999772965908,4.388049752116204
2.7780000522732737,1.5853616778552533
0.0,0.4542806770838797
0.0,0.3160076506622136
0.0,0.3186430945061147
0.0,0.3185095539689064
0.0,0.3090361028909683
0.0,0.3751872902736068
0.0,0.2522801229357719
0.0,0.2275565414875746
0.0,0.2284779904503375
0.0,0.3679261639714241
0.0,0.3843008070951327
0.0,1.479348527789116
1.738999985679984,6.927093824148178
14.22399987578392,18.664640657901764
28.059999566078183,33.06230831742287
40.88199851751328,48.04798002719879
46.7840001320839,55.7342418885231
42.48799829006195,56.38673257112503
43.39500125408173,55.44040418148041
47.30799818038941,52.03885961771012
39.80799908399582,35.93543673038483
27.330000042915344,20.636069473028183
12.837000165581705,10.344753884077072
2.1819998732209207,3.6462953239679337
0.0,0.5668418065458536
0.0,0.3674018223956227
0.0,0.3708021155744791
0.0,0.368903471454978
0.0,0.3671979973651469
0.0,0.4123231450840831
0.0,0.2906256736069917
0.0,0.2033054066263139
0.0,0.261762945279479
0.0,0.3670242438279092
0.0,0.4245532569289207
0.0,1.5578828158974647
1.4919999933242798,7.148085216283798
14.004999813437465,19.359819124937054
28.791999661922457,33.65766765594483
40.806999635696414,47.56325400114059
48.42700022935868,54.98392443418503
54.706000933647154,55.84437608480454
53.83400182962418,54.36031676292419
49.98299800872803,50.66670501947403
41.92600168466568,34.60849836111069
27.929999313354493,19.556978232860565
13.132999682426451,9.011720340847967
2.1419999732077124,3.108849894404411
0.0,0.635097934268415
0.0,0.3241562229953706
0.0,0.3262567986361682
0.0,0.3273809333145618
0.0,0.3267914100922644
0.0,0.3386202903091908
0.0,0.3406296565756201
0.0,0.2588546114601195
0.0,0.2777592145465314
0.0,0.4176204887079074
0.0,0.3823951356858014
0.0,1.2864170160889623
1.111000014990568,5.510200032889843
6.591999953985215,15.213555218577383
15.585999616384507,27.157642695903775
37.37699928760529,38.16269031763077
42.72899951696396,48.07206905841827
49.7140010881424,50.62180099487305
37.7690006184578,50.154422850608825
48.27100074768067,42.643714323043824
37.97499798536301,27.024957896471022
18.079000734090805,15.348569226861
6.451999918818474,7.331950991153717
0.4460000084154308,2.684342081695795
0.0,0.4972416724264621
0.0,0.3315354850143194
0.0,0.3388252065144479
0.0,0.3284774676896632
0.0,0.3300485989078879
0.0,0.4107692586444318
0.0,0.293261085357517
0.0,0.1942760155443102
0.0,0.2839650143682957
0.0,0.3555634425394237
0.0,0.483692940287292
0.0,1.7557312895357609
2.69200007468462,7.041805819571018
13.892999579906464,19.299908751249315
28.681998974084856,33.32468732714653
42.00699817657471,47.72295885562897
49.38099816560745,54.114381885528566
52.163001930713655,55.00323180913925
50.97100157260895,52.4360821557045
46.86700130462646,48.31914594650269
38.79199982643127,33.45064330101013
26.44800012946129,19.38687204360962
12.010999855399133,9.209726713895796
1.7360000252723695,2.992207931727171
0.0,0.7033079117164016
0.0,0.3181104086525738
0.0,0.3197378316521644
0.0,0.3209654353745281
0.0,0.3204930529743433
0.0,0.3134899895079434
0.0,0.3209217241965234
0.0,0.2672981861047447
0.0,0.323491376619786
0.0,0.3993090583384037
0.0,0.3690916619589552
0.0,1.449681796208024
2.435999944359064,8.143051759004592
11.970000439286231,21.890329953432083
25.94900102376938,37.39266290903092
39.83500065326691,50.51986216306687
48.26900017499924,57.643782351017
52.41099900007248,56.58267367124558
51.08199843883514,53.788419992923735
47.51300142288208,46.83244931936264
38.49699956893921,28.0255810892582
13.082000483870509,13.044576013088228
6.494000134766102,5.896402475833893
0.3580000037327409,2.125310904234648
0.0,0.4045761574059724
0.0,0.3111280133202672
0.0,0.3216515275649727
0.0,0.3133764752373099
0.0,0.3057442853227258
0.0,0.398958462998271
0.0,0.3848165546916425
0.0,0.2961141222901642
0.0,0.3182320104539394
0.0,0.5189272307232022
0.0,0.6180533990636468
0.0,1.701940737515688
2.1859999915957453,8.074417122006416
14.319000376462936,21.08306806683541
30.09300042152405,35.07563002824784
42.74000061273575,43.798525390625
51.209998118877415,45.30065970182419
38.09999886035919,45.86332590341568
39.08099836587906,39.7183389210701
35.738998568058015,31.446560374498368
21.660999418497084,18.58115063905716
24.772999085187912,10.24771275818348
7.204999865889549,4.591096068918705
0.6669999694824219,1.4946674663573505
0.0,0.5621344785392285
0.0,0.3007657041028142
0.0,0.2985796958953142
0.0,0.3000443412922323
0.0,0.2986609563231468
0.0,0.3996827171416953
0.0,0.2899336120486259
0.0,0.2116753751132637
0.0,0.3253003839403391
0.0,0.4386660301499069
0.0,0.4477441229298711
0.0,1.7175848461687566
2.6990000250935555,7.883237138390541
14.229999539852145,21.96115310192108
29.23900030970573,36.92501363992691
41.69299864053726,49.52394257545471
47.77499839305878,55.49121133327484
51.201001703739166,55.14713337182999
53.56799960613251,52.58290447235108
43.51899978876114,47.15110316514969
41.71200202703477,29.18682315587997
27.104999289512637,15.285406382083892
10.56199985086918,6.97799494534731
1.9280000588297843,2.4494303803145887
0.0,0.5556368536502123
0.0,0.3241637649387121
0.0,0.3259809560701251
0.0,0.3266409884393215
0.0,0.3268742110021412
0.0,0.368061084523797
0.0,0.3737759840674698
0.0,0.3629251173883676
0.0,0.3431226700171828
0.0,0.3866856305859983
0.0,0.3705289688520133
0.0,0.9281605862826108
0.6719999890774488,3.2701468370854854
3.692999915331602,9.224818302989004
3.7240000624954703,17.354173122644426
8.681000412702561,26.42732275247574
12.623999767303468,27.740378297567368
30.20999900579453,31.31221596240997
30.17599954009056,30.971652354002
24.165999864339827,24.611626402139663
14.741000027656556,13.94042280614376
6.358999990820885,7.29065939694643
0.6230000152811408,2.8048172771930697
0.17700000686571,1.0922298831492665
0.0,0.427718466129154
0.0,0.3765407000575214
0.0,0.3606033481378108
0.0,0.3230654654279351
0.0,0.3697636491525918
0.0,0.4126165230805054
0.0,0.4094675730168819
0.0,0.3330290465429425
0.0,0.3426183868013322
0.0,0.4233327827928587
0.0,0.4106631796434521
0.0,1.061756324097514
1.4060000157356265,3.8520952524244794
13.3080004966259,10.795502011179924
26.788000948429108,20.24747774243355
13.782999919056891,27.26989659547806
22.14400010466576,32.261306949853896
39.44700046777725,38.94036673307419
29.875999904870987,41.03248512744904
28.14300073862076,33.767210307121275
40.43900106906891,21.63411697983742
15.39199952363968,12.14514195084572
5.86399997651577,4.905752363801002
1.806999944075942,2.0094278857111934
0.0,0.5475826358422637
0.0,0.3881885736063122
0.0,0.3361737159825861
0.0,0.3382265687733888
0.0,0.3345084869861603
0.0,0.3465410317666829
0.0,0.2239267967175692
0.0,0.1811082799173891
0.0,0.2802007181197405
0.0,0.3049092477746308
0.0,0.408586064260453
0.0,1.5312812584638595
2.222000029981136,7.2327429205179214
13.490000234246256,19.73130123496056
28.52400097370148,34.131702736616134
42.7070014333725,47.92721034288407
50.88199868202209,55.1538293337822
53.151001386642456,54.93699518918992
51.21199869155884,54.03787949323655
48.41199798822403,49.98751264810562
41.439998085498814,33.168932268619535
26.307000834941864,18.06442366600037
11.50600005865097,7.452970233559609
1.217999972179532,2.5373672573268413
0.0,0.6041037564724684
0.0,0.300081537514925
0.0,0.3018001698888838
0.0,0.3031305686943233
0.0,0.3023583378829062
0.0,0.4019656546181068
0.0,0.4172895030677318
0.0,0.3881604642234742
0.0,0.4091606961563229
0.0,0.4501474032923579
0.0,0.6194303332641721
0.0,0.6955804044753313
2.5080000211298468,2.450783693790436
5.319000023007393,7.148222319185734
4.210000067204237,11.4306561088562
2.140999943614006,14.224640716314315
3.1639999218285086,13.901799840331078
4.891999967098236,14.948940455913544
15.359000344276428,12.87825940966606
11.834999781847,10.567077279686927
7.8500002112984655,6.966422844231129
7.523999806642532,4.209606217294931
1.7410000448673963,2.189814995378256
0.1520000051707029,0.8999415227025748
0.0,0.6105258335545659
0.0,0.5981917715072632
0.0,0.5840668348968029
0.0,0.5981323987618089
0.0,0.555646353289485
0.0,0.4063363919500261
0.0,0.4245599432336166
0.0,0.3767481516115367
0.0,0.3161984778754413
0.0,0.37137799911201
0.0,0.5587456747889519
0.0,0.7427488093078136
1.4550000537186862,2.6266905681788923
2.916000028252601,7.455995740294456
13.759000235795977,12.364526106715203
12.364999548196792,15.483961166739464
12.421000178456309,15.791870663762094
13.857999827861786,17.918566718101502
22.795999886989595,16.225687866210937
13.193000431060792,13.910551832318308
12.586000183224678,9.243201388716695
7.568000081777573,5.665430300533772
3.757000012099743,2.8116336534917354
0.2040000035613775,1.162528754249215
0.0,0.6476878447085619
0.0,0.6388800744339824
0.0,0.5965460231900215
0.0,0.4901920414716005
0.0,0.537410544063896
0.0,0.3897255562059581
0.0,0.3678947766497731
0.0,0.2594520456995815
0.0,0.3100702477432787
0.0,0.4399471335299313
0.0,0.4723469049111009
0.0,1.4590915740281345
2.4439999243617057,6.851424832642079
12.429000415205955,18.698925626277923
24.729999096393584,32.215396476984026
38.4920001912117,43.52829608440399
49.11999942779541,49.10599952697754
54.36799863338471,49.325417573452
49.2499996805191,46.15911488771439
39.36699810028076,39.89872320652008
32.23999900221825,23.042103190422058
17.069000113606453,12.690628696680069
9.401000153422356,5.580326370000839
0.6259999756887555,1.8565572514384985
0.0,0.6115386363118888
0.0,0.3271215867437422
0.0,0.3099615153856576
0.0,0.3112345312349498
0.0,0.3104069393500686
0.0,0.3996978753246367
0.0,0.3717425798624754
0.0,0.2948978154361248
0.0,0.3277470224536955
0.0,0.4485285492241382
0.0,0.4649120250716805
0.0,1.426385984867811
0.6710000236704946,6.750495530068875
8.560999942421914,20.02288778424263
20.23299926519394,33.35305889844894
36.05100163936615,44.63745548009872
38.58599835157394,49.250192754268646
36.955001690387725,45.92785772323609
40.18300170898438,42.443513276576994
24.758000952005386,31.696810655593872
23.653000857830047,17.27769537806511
16.00100034415722,8.274886212348939
5.215000026226043,4.05521089091897
0.1999999975133687,1.475949325785041
0.0,0.4789882760308683
0.0,0.3416469524055719
0.0,0.3433428305760026
0.0,0.3440058155357838
0.0,0.3436611326783895
0.0,0.3839875506982207
0.0,0.2677177428081632
0.0,0.1855354327522218
0.0,0.2615610939916223
0.0,0.3474741787649691
0.0,0.4806923701055348
1.7689999748766423,1.4533211850374936
12.980000032782556,6.128169539868832
27.596000212430955,16.752021285295488
34.42799905300141,29.257200591564175
34.84100023508072,42.93599511623383
46.44999897718429,49.23589297294617
26.95499947190285,49.51048903226853
36.83400196075439,49.13911783695221
33.5909997010231,44.549828753471374
16.793000161647797,27.5748627448082
9.749000182151796,15.099545169472696
0.3570000062324107,7.070359681248665
0.0,2.33995371311903
0.0,0.6603349455446005
0.0,0.346235342361033
0.0,0.3487124053947628
0.0,0.3495684320107102
0.0,0.3486158043332398
0.0,0.3670349951088428
0.0,0.2567677557375282
0.0,0.1867676900140941
0.0,0.2876259699463844
0.0,0.3777544715069234
0.0,0.4256299896910787
0.7909999804571272,1.6419575760513545
11.1330000603199,7.200853915214538
27.218000836372376,20.67420975446701
39.78100162267685,35.59602951049805
43.88600012302399,49.6103862118721
47.070998098850254,54.4136626291275
46.91800153017044,52.927541115283965
40.63400144815445,50.91715453624725
38.6349980044365,45.203843486309054
24.043999848365782,27.12631750702858
8.932000395059585,13.7609032446146
0.5220000110007823,6.064485498666763
0.0,2.1227671832591297
0.0,0.5893436919525266
0.0,0.3210501297935844
0.0,0.3226799277029931
0.0,0.323616091478616
0.0,0.323420450259
0.0,0.4011602370394393
0.0,0.4173647951055318
0.0,0.3876865311618894
0.0,0.4479010916315019
0.0,0.6048603257164359
0.0,0.7866021609678865
0.064000000488013,1.5279595940560102
5.868999867737293,5.585065406262875
25.32799984812737,15.034820275902748
32.80199971556664,25.986050643920898
37.27200003147125,33.377055500745776
34.29000061750412,33.506864733695984
36.02300183773041,28.9951378941536
11.024999945163728,20.601620186567303
12.357000338435173,12.66835024535656
4.369999924004078,7.008008157014847
2.100000014007092,4.087916608452797
0.4279999892227352,2.16024287506938
0.0,0.7715381721779704
0.0,0.3848203417100012
0.0,0.3928377422271296
0.0,0.3173883076943457
0.0,0.3187815132364631
0.0,0.4241868147626519
0.0,0.3462097318470478
0.0,0.2330773723870516
0.0,0.179949709046632
0.0,0.2823140027374029
0.0,0.3376935298927128
0.0,0.4167241420596838
1.493000022917986,1.6329155883193016
12.572000282406806,7.3744426208734515
26.993000082969665,20.310382813215256
39.956998615264894,35.51966678857804
47.4539989066124,49.62570887327195
47.706001229286194,55.59387727260589
46.451999549865725,54.95050624370575
47.4780016708374,53.62570400953293
39.39699847459793,48.94646720647812
24.68799939393997,31.168109002113344
9.506999695897102,16.19497168123722
0.4169999846257269,6.676735709309578
0.0,2.349040503203869
0.0,0.6067629494145512
0.0,0.3099569581262767
0.0,0.3114693263731897
0.0,0.3125536010786891
0.0,0.3122641509212553
0.0,0.3276891901902855
0.0,0.2261725306976586
0.0,0.1808985015656799
0.0,0.2840249006077647
0.0,0.3164335939474404
0.0,0.3844244378246367
1.7710000340640546,1.495755816921592
12.493999514579771,7.09528416723013
26.88499996781349,19.60067657351494
41.1520018863678,34.71935555696488
50.14299863576889,48.01965158939362
53.01999879360199,55.4885658121109
51.91500075340271,54.80010179281235
47.9889980506897,53.99590033054352
39.23599961519241,49.56808252096176
24.53599900364876,31.95306881666184
9.258999545574188,16.65376009762287
0.3729999983310699,6.737901062369347
0.0,2.4390603686869143
0.0,0.5707383275032044
0.0,0.3138248196989298
0.0,0.3155932930856943
0.0,0.3167511258088052
0.0,0.3161393618769944
0.0,0.3585144926421344
0.0,0.2500866048783064
0.0,0.178734028013423
0.0,0.2808094973675907
0.0,0.3384423004463315
0.0,0.377360316440463
1.4079999465495348,1.4399802254140377
11.758000327348707,6.844135785102845
25.905998980998994,19.215471849441528
37.07299850702286,34.217193328142166
44.127001349926,47.64226635217667
51.64800029754639,54.76881562948227
50.895000350475314,53.75385157585144
47.88799993991852,52.95097287416458
39.2260008597374,48.24444694519043
24.20500076174736,30.45827746987343
9.000000353455544,15.74661130130291
0.323999992441386,6.511220670044422
0.0,2.37758127078414
0.0,0.544661753512919
0.0,0.3216822088323534
0.0,0.3235503321513533
0.0,0.3246770984865725
0.0,0.3239867378771305
0.0,0.3744442965276539
0.0,0.263910650042817
0.0,0.1854542044177651
0.0,0.2869900717958808
0.0,0.3343269668519497
0.0,0.4008552193082869
0.5279999960027635,1.3036630976945165
10.5839999884367,6.1300889804959295
13.996999576687813,16.821696261167528
38.199998738765714,29.32984561681748
45.39999819993973,41.414417867660525
45.59600091934204,49.683220202922826
41.00499881982803,50.98264761686325
45.97900172710419,50.93748479127884
38.05900149822235,46.6459072136879
23.514000082015997,29.201328334808352
8.400000056028366,15.407870596647262
0.2430000023543835,6.718291752934456
0.0,2.389031673818826
0.0,0.5799112562090158
0.0,0.3333689795807004
0.0,0.3356351570412517
0.0,0.3367012027092278
0.0,0.335607299990952
0.0,0.3366703609749675
0.0,0.2442492209654301
0.0,0.1858923110924661
0.0,0.2842398299463093
0.0,0.3708448960445821
0.0,0.4508253437653184
1.5590000505000354,1.7283262423425914
11.11600032746792,7.324344604313373
26.149999012947085,20.355882490873334
38.64099972248078,35.24007545948029
48.2570008468628,49.4001494383812
50.31199978590012,54.54297274589539
49.50500080823898,53.315266067981725
45.73599992752075,51.907959723472594
37.08899898052216,46.58529438018799
22.86100001335144,28.334353256225587
8.142999896109105,14.399482347369194
0.1699999922700226,6.426529075205326
0.0,2.312156484872103
0.0,0.6039487454667688
0.0,0.3369961087405682
0.0,0.339173612203449
0.0,0.3397462543100119
0.0,0.3397454519756138
0.0,0.328839031662792
0.0,0.2928867482207715
0.0,0.2373796659428626
0.0,0.299469420555979
0.0,0.4029003964411095
0.0,0.3724124552775174
1.1370000141859056,1.1721961776912213
7.638000099360943,5.875990061759949
15.34599970281124,16.307437140345574
25.61399958252907,28.97618791103363
24.513000633716583,39.64534061193466
40.088999440670015,48.67870677947998
47.22799992084504,49.14517706632614
37.37499871492386,48.30600460767746
35.786001756191254,39.39528956651688
12.375000357627869,20.893297110795974
6.386000019609928,10.2122251868248
0.0839999986346811,4.283472844809294
0.0,1.7007685590535402
0.0,0.4487549038045108
0.0,0.3115141608193517
0.0,0.3135228531248867
0.0,0.3149648085050285
0.0,0.3132882826402783
0.0,0.4039967743819579
0.0,0.4158929547294974
0.0,0.3893184850923717
0.0,0.3569063898548484
0.0,0.430944460183382
0.0,0.4426006780378521
0.0,0.8212409909069538
0.1439999930746853,2.595006446987391
3.420000052154064,7.207225862443447
7.339000236988068,12.88082893371582
17.521999398469926,17.47169136285782
21.51400045990944,19.559291009902957
26.872000353336336,23.48112208724022
29.29199905395508,24.86454069018364
15.951000404953955,22.37613637089729
12.662000378370283,14.163334665894508
5.375000139772892,8.007751221060753
0.0,3.5301108844578266
0.0,1.482991382703185
0.0,0.5255877294950188
0.0,0.4387699164077639
0.0,0.4310804398171604
0.0,0.3591057810001075
0.0,0.399021359863691
0.0,0.3440673706308007
0.0,0.2557287487387657
0.0,0.1936823843698948
0.0,0.2859981618262827
0.0,0.3815164570324123
0.0,0.4041718771494925
1.1720000229775906,1.491842222288251
11.499000108242036,6.5484731203317645
25.74899921298027,19.973758730888367
39.21299919128418,34.965216491222385
44.77800084590912,47.31937720775604
49.238998584747314,53.94167536258698
47.02300078630447,52.79169524669647
42.88600133895874,51.56072274684906
32.6190007185936,46.1410316824913
20.886999620199205,27.47611373782158
4.695000042319298,13.67782196700573
0.0,5.703978296220303
0.0,2.1137889971584083
0.0,0.5700704643502832
0.0,0.3141350984573364
0.0,0.3161593239568174
0.0,0.3174490283615887
0.0,0.3163778798468411
0.0,0.3973515804810449
0.0,0.3870685147866606
0.0,0.31385652795434
0.0,0.3302581044659018
0.0,0.4798975134640932
0.0,0.6756646674871445
0.7629999862611294,1.5328870826214551
10.581000156402588,5.991841500401497
25.31399994730949,16.946182615160943
37.11800112247467,29.91059502363205
40.31499842643738,36.935546429157256
36.71400046348572,37.445807485580445
25.74099897623062,38.99375367879868
20.166000620126724,33.91426472306252
30.606999714374545,30.29774280905724
13.594999490380289,15.103142708539965
2.3430000163614757,8.119473140835762
0.0939999977080151,3.708553905785084
0.0,1.3066022090613842
0.0,0.5008763435296715
0.0,0.3730962142720818
0.0,0.30961166549474
0.0,0.3112668492645025
0.0,0.3240119311772287
0.0,0.2855575197748839
0.0,0.2924516583234072
0.0,0.2770895220711827
0.0,0.3208614207431674
0.0,0.388687124736607
0.0,0.3640413007792085
0.1830000079143792,1.1313500395417213
9.019999918341638,7.719807398319245
13.479000165462494,21.10900362253189
39.97400142908096,36.18697896242142
48.775001285076144,47.24163832187653
52.1879988193512,52.4832126903534
43.80499952316284,49.59802538394928
35.64799921274185,45.5657540678978
26.175000009536745,30.05621987223625
18.89199937582016,14.626730150580409
3.4110000425577165,6.084933343827725
0.0629999989760108,2.3175669145584106
0.0,0.991947839781642
0.0,0.3718725259415805
0.0,0.2786752878688276
0.0,0.2795422904193401
0.0,0.2805798050761223
0.0,0.2804443389363587
0.0,0.4967216955497861
0.0,0.4433690255507826
0.0,0.393541388916783
0.0,0.3661817606166005
0.0,0.3838592092879117
0.0,0.5233641720376909
0.0,0.6573894155025483
0.7340000266581774,2.03794310696423
3.6149999177455903,5.535700145661831
2.581999900341034,8.763328908085823
0.1889999929163605,10.97335169017315
2.2860001267492773,10.446351755857467
4.557999839186668,11.48688164949417
4.871000115871429,10.872004403471948
7.509000132977962,11.780682384967804
0.6430000294744969,6.924393359124661
0.0,4.222008894979954
0.0,2.076681223809719
0.0,0.8108714285865426
0.0,0.5118525027483701
0.0,0.521489501670003
0.0,0.4877129886485636
0.0,0.5012183305434883
0.0,0.4991096994653344
0.0,0.3886595118045807
0.0,0.3145811321958899
0.0,0.2583590255491436
0.0,0.3063333913311362
0.0,0.3977486864989623
0.0,0.4054946377314627
0.9070000114291906,1.4795369800925255
11.371000428199768,7.20439753741026
26.19900071978569,21.526809054613118
39.56700196504593,36.62116485357284
49.5969983959198,48.56621872663498
50.481999168396,53.18198356151581
43.62100023984909,50.2158531665802
37.843001267910005,47.53468319416047
20.153001005649568,39.90387868642807
15.295000504255295,20.945874789953237
3.451999972164631,9.48755265057087
0.0,3.8074282053112976
0.0,1.553377419412136
0.0,0.4536535725183785
0.0,0.3250321475043893
0.0,0.3269321074523031
0.0,0.3275150515325367
0.0,0.3274272440560162
0.0,0.3004330562613904
0.0,0.282897556591779
0.0,0.2021690122783184
0.0,0.2746373314037919
0.0,0.2928538204170763
0.0,0.3576466198358685
0.0129999995976686,0.9624911914393306
1.3819999473541975,3.9239957113564015
5.298999944627285,10.766878827810288
18.65200048923493,20.82630462765694
39.14700083255768,30.86475317001343
51.97399916172028,38.82123612165452
50.56299976825714,45.96812386989593
45.7319987821579,47.07338071107864
36.2639989566803,40.327770049572
21.71699902176857,24.360162221193317
6.7869998195767405,13.239405912160874
0.0320000002440065,5.427495659887791
0.0,1.9073012434691192
0.0,0.4372296911105514
0.0,0.3758684058627113
0.0,0.2977722265571356
0.0,0.2842834127508103
0.0,0.2908690697699785
0.0,0.3485337736643851
0.0,0.251839545071125
0.0,0.18985435067676
0.0,0.288704050630331
0.0,0.3822775158612057
0.0,0.3610989722050726
1.0269999682158233,1.4844070857018232
11.044000250697136,7.797279780805111
24.45699897646904,21.315530915260315
38.54700156211853,36.23126268625259
47.99700034141541,50.202695395946506
50.24600142717362,55.02785076618195
49.51200075864792,53.444551537036894
44.95700075149536,52.05143816709519
35.80799983978272,46.308816878795625
21.37700025677681,27.390000791549685
6.526000054776668,13.119012105464936
0.0320000002440065,4.40869426548481
0.0,1.7691641645878553
0.0,0.5084816391952336
0.0,0.2854436524771154
0.0,0.2869065327383578
0.0,0.2881102589890361
0.0,0.2875298181921243
0.0,0.3369314726814628
0.0,0.2507208181265741
0.0,0.1878533126413822
0.0,0.2959974307753146
0.0,0.3535347239673138
0.0,0.385634679030627
0.9759999994188548,1.4336137982457875
11.07000050663948,6.996111527681351
25.359000508785247,19.293824874162677
38.82999838352203,33.77609580755234
48.08399855136872,47.61350657939911
51.0040007519722,53.27552163124085
50.13700102567673,51.68645894527435
45.61000082015991,50.38113251209259
36.15199975013733,44.78420385360718
21.59900015115738,26.60022234916687
6.426000176370144,13.172991623282432
0.0320000002440065,4.640541948080063
0.0,1.819212243855
0.0,0.5340158993192017
0.0,0.2933702670224011
0.0,0.2948819934017956
0.0,0.2962001325376331
0.0,0.2952815559320151
0.0,0.3237116334587335
0.0,0.2422753660194576
0.0,0.1844510457199067
0.0,0.2952861773781478
0.0,0.3653702154196799
0.0,0.406748911049217
0.1069999973056838,1.524784660562873
7.636999813020229,7.192365345656872
22.82800083398819,20.147738718986517
37.7530001449585,35.0418544459343
46.93599846839905,48.6530361866951
49.80399810314179,53.7877709364891
44.669998676776885,51.90908119440079
39.482000219821934,50.35921247959137
35.41799908161163,44.403109135627744
21.085000858306884,25.81737196803093
6.051999891698361,12.49957400560379
0.0320000002440065,4.427634492218495
0.0,1.745412113815546
0.0,0.5551511524990201
0.0,0.2927548123523593
0.0,0.2941186524555087
0.0,0.2953502678498625
0.0,0.294687026143074
0.0,0.3169619792886078
0.0,0.2400374628230929
0.0,0.1842945423722267
0.0,0.294588820412755
0.0,0.3659107320569456
0.0,0.3629507174855098
0.9169999864324928,1.4109059375524522
9.928000087738038,7.890530807375908
24.69800020337105,21.49749676227569
38.88299918174744,36.88767235517502
48.39299870967865,49.98976791381836
50.91500196933747,55.455698087215424
49.12100176811219,53.73438399076462
44.29299958705902,52.21673394441605
35.08400203466415,46.309178378582
20.734000997543337,27.105159499645232
5.816999869346619,12.861700254678729
0.0129999995976686,4.349090447723865
0.0,1.794213557988405
0.0,0.4814042011834681
0.0,0.2912190801277757
0.0,0.292759401705116
0.0,0.2938622263818979
0.0,0.2934076237119734
0.0,0.3109509862586856
0.0,0.2388430115580558
0.0,0.184708065520972
0.0,0.2923587800934911
0.0,0.3581904779188335
0.0,0.3943742187879979
0.740999977067113,1.433466553837061
10.137000367641448,7.1233794787526135
23.875998984575272,19.464894378185274
37.063997983932495,34.18928595542908
45.94999958515167,47.31270178556442
48.66400031089783,52.944515173435214
47.76099849224091,51.04900747537613
42.20399912834168,49.54987196922303
34.16700031518936,43.43037893772125
19.9809989964962,24.68674030661583
5.352000229358673,11.83397279381752
0.0,4.503883731961251
0.0,1.7903917504101992
0.0,0.5392422093078494
0.0,0.3180977317690849
0.0,0.3199699309468269
0.0,0.3207676118053496
0.0,0.3203712586127221
0.0,0.332456661183387
0.0,0.2492339962068945
0.0,0.1899891909956932
0.0,0.2740828862413764
0.0,0.3620697326399386
0.0,0.3603119463473558
0.6199999906867742,1.4295028935372829
9.17500014066696,7.651581502556801
23.051001014709477,21.21375640153885
37.34400010824204,35.68568556547165
46.951000709533695,49.55333908081055
49.6659996676445,54.361602551937104
48.19799833059311,52.47809007406235
43.52599973917008,50.94053699970245
33.41799945950508,44.579615514278416
18.79299978375435,25.23789808034897
4.674000191092492,12.23547170996666
0.0,4.376041694581509
0.0,1.7964206836372614
0.0,0.4959465763345361
0.0,0.3145899257808924
0.0,0.3166457632556558
0.0,0.3172947875969112
0.0,0.3171424082480371
0.0,0.3584473212063312
0.0,0.2709249301441014
0.0,0.2142056489642709
0.0,0.3137846066989004
0.0,0.4067633154569193
0.0,0.3996160298772156
0.6179999956861139,1.6181653443723918
9.15300000309944,7.675590428709984
22.14000101327896,22.521268265247347
35.35499952793121,37.899087138175965
44.03700022697449,50.95155863523483
47.08600033998489,54.8560931801796
46.17799914360047,52.54481554031372
41.68799926280976,50.487261455059055
33.07199897646904,43.72141912937165
18.75100008130073,24.15374173521996
4.693999755978584,11.067793509364128
0.0,4.301115985661745
0.0,1.7462437173724177
0.0,0.492037956174463
0.0,0.3109286813624203
0.0,0.3125044982135296
0.0,0.3133554861694574
0.0,0.3132680638134479
0.0,0.3367788365855813
0.0,0.2916569300554693
0.0,0.2307497200649231
0.0,0.2898448096774518
0.0,0.3368440824188292
0.0,0.3852531247353181
0.1400000030733645,1.0052070896700025
2.9240000082552435,3.4531807516515256
7.835000024139881,9.446193788647651
16.317999712228776,18.28133586168289
24.480999686717983,24.18242140293121
36.23300034999848,29.909660464525224
41.47300137281418,38.17860041618347
38.657998428344726,39.25199598073959
30.770999432802203,32.15004101276398
18.31400024294853,19.738613389730453
4.383000051975251,11.011048312783242
0.0,4.862207557857037
0.0,1.8176856261491776
0.0,0.4916491128318012
0.0,0.3992811596067622
0.0,0.3384397650696337
0.0,0.3406476288661361
0.0,0.3164759572036564
0.0,0.2913243464007973
0.0,0.2434453942254185
0.0,0.2029000351950526
0.0,0.2690638031810522
0.0,0.3885806262865662
0.0,0.366669269199483
0.1329999965010211,1.2628860244899989
2.7450001026690005,6.31816900074482
19.38300029873848,18.58921454906464
35.40899855852127,32.21889850616455
44.93499855995179,45.44798729658127
48.1590015411377,53.431147289276126
46.93000085830688,52.39270218133927
43.68699859857559,50.14769813299179
32.00700006604195,40.55383065462112
17.941000244617463,20.367047904729844
3.993000064045191,9.780163106918335
0.0,4.437936722636223
0.0,1.8526641965657475
0.0,0.4568430122174323
0.0,0.2876184600964188
0.0,0.2965301166288555
0.0,0.2857458116114139
0.0,0.2821871055290103
0.0,0.3433143316581845
0.0,0.3048044629022479
0.0,0.231032591080293
0.0,0.2976916400901973
0.0,0.3939219589345157
0.0,0.3755513504007831
0.0570000019390136,1.1475113650411368
5.796000018119813,6.0001580494642255
15.574000288248062,16.05712626695633
29.8360007750988,29.026773233413696
45.51299974679947,39.027586772441865
51.24500197887421,46.83696806669235
48.83800083875656,49.09598844766617
44.74199875354767,48.573033819198606
35.67300020933151,40.057105300426485
19.27399989724159,22.88274340391159
4.936000242233276,11.894061863422394
0.0,4.366254498660565
0.0,1.6861174194514752
0.0,0.4605619926191867
0.0,0.3249209439568221
0.0,0.2974726348929107
0.0,0.2990363846346736
0.0,0.2973160513117909
0.0,0.3343937531672418
0.0,0.2609911798220128
0.0,0.2056350166443735
0.0,0.2968362232483924
0.0,0.3954010101500898
0.0,0.3853858911804855
0.1419999980740249,1.4680073706060648
7.452000243365765,7.298346915841103
23.25499986290932,20.830868562459948
34.84000200271606,35.97343528747559
44.24699873924256,48.33351967096329
45.91900097846985,54.1056565952301
48.40899918317795,52.83174367189408
43.60799857139588,51.41449197530746
34.33499912500382,44.97217552661896
19.22000086665153,25.340348352193832
4.412000139951706,12.372161762714386
0.0,4.34915155351162
0.0,1.7887038955837489
0.0,0.534296170771122
0.0,0.2939396997913718
0.0,0.2954452000558376
0.0,0.2966329117119312
0.0,0.2959817050211131
0.0,0.3901545135956257
0.0,0.3444974539615213
0.0,0.2541011331789196
0.0,0.3018632012791932
0.0,0.3028766779974103
0.0,0.4185368080250919
0.0,0.8801463284343481
1.517999992519617,3.0127425573766238
5.728999832570553,8.61089204788208
6.81700019389391,14.09452749490738
9.650999849438668,22.5802872133255
22.511000438928605,25.69599636077881
20.79499997854233,30.28069275379181
40.37200037002564,32.90996902108193
32.04099953174591,28.58854100942612
18.02800050854683,17.757613046169283
2.8470000402629374,9.357857413291931
0.0,4.860610077977181
0.0,1.8948694249987603
0.0,0.5256332379020751
0.0,0.4157818805426359
0.0,0.41625946206972
0.0,0.3068215315788984
0.0,0.3773282731929794
0.0,0.3791376318223775
0.0,0.3080632242932916
0.0,0.2407179707661271
0.0,0.3123444806411862
0.0,0.3982053123693913
0.0,0.381064614392817
0.0389999987930059,1.306699772924185
5.014999755918979,6.853637478351593
22.13599986791611,19.69039424777031
36.20900169372559,34.1345372235775
45.889998836517336,45.40575754880905
46.27999959468842,51.034149012565614
36.65800086021424,50.05055738925934
36.737000887393954,47.98005503892899
33.088999736309056,40.134338908195495
18.572000175714493,22.17130566239357
4.198999998420477,10.266228325366974
0.0,3.942895115315914
0.0,1.623832007572055
0.0,0.4943498025089502
0.0,0.3192005885392427
0.0,0.321377931535244
0.0,0.3221491032652557
0.0,0.3216083298809826
0.0,0.3929143773950636
0.0,0.3602874911949039
0.0,0.3214799563772976
0.0,0.383905581459403
0.0,0.4009672484267503
0.0,0.4100034361146391
0.2729999915510416,1.4128595255315304
8.616000286340714,8.128002276420593
22.22400041818619,22.586888692379
36.19699825763703,38.14850555896759
45.86199903488159,47.74070520877838
45.59299800634384,51.60811208248138
43.06599947690964,46.4135285782814
35.82600088596344,39.94635491132736
31.5459995174408,25.76997441649437
13.588999826312063,13.431498888134955
4.736999744772911,5.743774082362652
0.0,2.0807332050800325
0.0,0.9801989683508872
0.0,0.3984177915938198
0.0,0.2867413160391152
0.0,0.3054921276681125
0.0,0.306313910651952
0.0,0.3061529944650829
0.0,0.357061818074435
0.0,0.3290178880468011
0.0,0.2646440318226814
0.0,0.3105553712137043
0.0,0.3327213673479855
0.0,0.5049442110210657
0.0320000002440065,0.8609684181585908
2.761000062674284,3.4244060875475406
12.521000056862832,9.383506439328194
20.376999418735505,16.335994596481324
23.72200007557869,20.316405071020128
26.420000327825548,22.63853386640549
15.840999717116356,26.65012780547142
17.371999580860138,29.177563831806182
25.712000942230222,26.42372829437256
11.191000236272812,14.315881413817406
1.2999999597668648,7.773450577557087
0.0,3.369736947268248
0.0,1.27135315567255
0.0,0.5815697135031224
0.0,0.4973758548311889
0.0,0.439450071323663
0.0,0.3160005901195108
0.0,0.3826821434078738
0.0,0.3855237322300672
0.0,0.3659944315813482
0.0,0.3205423804931342
0.0,0.3517767451144755
0.0,0.4826677494868636
0.0,0.4984077210538089
0.1830000079143792,1.0779416554421186
8.853999627232552,5.555137434601784
21.523000982999804,14.94258750796318
26.257000895738603,24.578584089279172
32.35599935412407,31.990399831533438
39.42300181150436,34.115767990350726
39.63500089645386,33.472822134494784
27.060999014377597,29.879267780780797
19.04500005245209,23.36727224826813
5.807000086903572,12.716444094777108
0.9749999698251486,6.0104864680767065
0.0,2.172499463707209
0.0,0.9203866078332068
0.0,0.4224314675666392
0.0,0.3688807172514498
0.0,0.3024329549819231
0.0,0.3039969614706934
0.0,0.3165987143665552
0.0,0.3044380207359791
0.0,0.2492239349335432
0.0,0.2038146643154323
0.0,0.3036872603930533
0.0,0.4032274332828819
0.0,0.4155795318074524
0.3509999891370535,1.4931390514224767
8.605999990403653,6.8466477978229525
22.414999651908875,20.682565329074865
34.86600123167038,35.54507036447525
42.930999846458434,47.4977609205246
44.66799810409546,52.45979736328125
44.96699950695038,50.98146452665329
38.42700006484986,49.167232661247255
31.8230007827282,42.37314405679703
17.321999641656877,22.157630289793016
3.6419999465346335,10.549887554049493
0.0,4.171409965008498
0.0,1.687704501077533
0.0,0.5013053998723627
0.0,0.3014904046244919
0.0,0.3029231171123683
0.0,0.3041254312545061
0.0,0.3033323718421161
0.0,0.2939785006828606
0.0,0.2417233118135482
0.0,0.1977170833572745
0.0,0.2987752408348024
0.0,0.3722325173392892
0.0,0.3732141120918095
0.3180000074394047,1.214094978570938
8.461000064015389,6.220191775262356
17.9070007789135,18.13219255208969
29.33099995136261,32.47452815055847
43.41199995994568,45.30743782281876
46.32899924755097,51.11930275201797
44.99200050354004,49.19366733312607
40.26399820089341,47.76840923786163
30.85899998307228,40.36290536403656
16.89499958574772,20.306262537240983
3.337999936193228,9.623393384218216
0.0,3.5757227605581283
0.0,1.5132479905337095
0.0,0.4535799182206392
0.0,0.3086194666847586
0.0,0.3101356540434062
0.0,0.311324906181544
0.0,0.3103185220994055
0.0,0.3738238352909684
0.0,0.3948574808426201
0.0,0.3479015662521124
0.0,0.3458680657669902
0.0,0.3871356862224638
0.0,0.5911135774478317
0.0,0.841663546487689
1.9090000100433824,3.1874416938424117
9.18499992311001,9.16749696612358
11.019000281095504,14.321729083657264
8.470000073611736,17.18264250099659
15.739000293016431,18.148067733049395
13.355999863147735,20.447105729579928
22.912000238895416,19.394802445173266
15.90499955713749,16.96419803917408
6.21499983727932,9.898159923553466
1.7419999460875988,5.5641985499858855
0.0,2.618522418886424
0.0,1.0201402016729118
0.0,0.5434690352901816
0.0,0.4368526260368526
0.0,0.4080768065713346
0.0,0.3952203399594873
0.0,0.395233118883334
0.0,0.276061186119914
0.0,0.2340619169268757
0.0,0.197169570364058
0.0,0.2982025987282395
0.0,0.3906404112465679
0.0,0.3785250334627926
0.1949999939650297,1.417291235625744
7.826000014543533,6.901321046054363
21.17199906826019,20.287435792684555
33.413000081777575,35.302405416965485
41.90300126075745,48.28021077632904
45.82400047779083,52.83573249340058
44.587999844551085,50.48024507284165
39.61099813222885,48.45761268854142
29.2569993019104,41.48805701732636
15.420999611616136,20.829165816307068
2.9379999090731146,9.565869730710984
0.0,3.785046284943819
0.0,1.5865116477012635
0.0,0.4608475915715098
0.0,0.3293236095458269
0.0,0.3310761004313827
0.0,0.3315847483463585
0.0,0.3300428221002221
0.0,0.3142349088564515
0.0,0.3163798054493963
0.0,0.3148890039511025
0.0,0.3358373453095555
0.0,0.3986333871306851
0.0,0.3670412778714672
0.0,0.8737798370793463
3.633999966531992,4.04558826982975
14.566999499797822,11.631938573718072
13.443000127077102,20.969778963327407
29.79699987769127,25.667230426073075
33.630000598430634,30.309261506795885
23.16300022125244,31.219881522655488
16.08600003540516,28.140347001552584
10.001000450849531,19.73107940554619
6.320000120401383,9.112135122418405
1.0220000128075482,4.425900936424732
0.0,1.9929895301908256
0.0,0.7465776774287224
0.0,0.3781236737035215
0.0,0.3743352753296494
0.0,0.367670438401401
0.0,0.3082885197922587
0.0,0.3350053887255489
0.0,0.3730091770365834
0.0,0.3671751789748669
0.0,0.3005150869302451
0.0,0.2809567738696933
0.0,0.3059259017370641
0.0,0.473615074660629
0.0,0.6911149963364005
0.457000013012439,2.4358918538689616
1.8249999632686376,6.869112647473813
2.980999897867441,10.375594334602356
10.048999817371367,14.781605080366136
8.115000094473363,15.32106032550335
14.2570000821352,17.77659178495407
25.482999043464662,19.8730605006218
21.150000984668733,18.807628201246263
9.814999567866325,9.951389740109445
0.4870000022090971,5.3759321314096455
0.0,3.304796642959118
0.0,1.2326471322029828
0.0,0.5281599172949791
0.0,0.4865158094465732
0.0,0.4684954430535435
0.0,0.4678460014984011
0.0,0.3855436245957389
0.0,0.3325444044731557
0.0,0.2643306881468743
0.0,0.2132810548506677
0.0,0.2770823010616005
0.0,0.3812975681154057
0.0,0.3576936293905601
0.2280000077560544,1.3924935826659204
7.079000245034695,7.518807868659496
20.53000009536743,21.6347434425354
34.300999659299855,36.9630861401558
43.41199995994568,50.06154205322266
47.59900140047073,53.68348235607147
46.25499859809876,50.80173751354218
40.79099916219712,48.27038866281509
28.409000908136367,40.2079493021965
13.297999687194825,20.5854348552227
2.5069999915361403,9.388690674901008
0.0,2.8675690700113776
0.0,1.2339887636899949
0.0,0.4230723722837865
0.0,0.2741596856899559
0.0,0.2754543003812432
0.0,0.2766407603956759
0.0,0.2759175361692905
0.0,0.3730085030756891
0.0,0.3709820952266455
0.0,0.3481282417662442
0.0,0.3719624683074653
0.0,0.3832550843479111
0.0,0.38886763734743
0.024999999689171,1.310519526526332
3.7670000512897968,7.263550507426262
18.701000142097477,20.54730484366417
33.318999867439274,35.90300034046173
42.226001319885256,45.28205889463425
46.577998657226566,48.503293116092685
40.19099989175797,43.69297977685928
39.86099988222122,35.515908012390135
24.795999509096145,21.966723484992983
8.199000012874604,10.83611425280571
1.6509999489039182,4.538896834850312
0.0,1.6076936609297992
0.0,0.7697696987912059
0.0,0.3535878705978393
0.0,0.2749626940488815
0.0,0.2758679839968681
0.0,0.2769808539003134
0.0,0.2763674852997064
0.0,0.3135099194943905
0.0,0.2579129115771502
0.0,0.2143999101687222
0.0,0.2810050744004547
0.0,0.3845268367091193
0.0,0.3604183415556326
0.1199999969033524,1.3722067178785802
6.752000067532062,7.411211359798909
20.19899979948997,22.092098183631897
34.037000062465665,37.61083624601364
43.05800129413605,49.80880440711975
47.11699894666672,54.47879010200501
45.4540013384819,52.14369044780732
39.23599961519241,49.94805166006088
30.635999802351,41.57042556524277
15.634000009894372,21.058342303037644
2.726000053882599,9.761084750294684
0.0,3.067952663600445
0.0,1.4388302555680277
0.0,0.4335292285867035
0.0,0.277502660099417
0.0,0.279482436273247
0.0,0.280795504655689
0.0,0.2797150490619242
0.0,0.3294692813791334
0.0,0.269854904897511
0.0,0.2233084375970065
0.0,0.298434312902391
0.0,0.3819748127041384
0.0,0.3577255958877504
0.1270000034756958,1.3304613233357667
6.845999768376351,7.678691932559014
19.77399928927421,21.554751344919204
33.41199979543686,37.019447243213655
42.17300052165985,50.05640711307526
46.16599981546402,53.93175055027008
44.1769992351532,51.34956990003586
36.79799986839294,49.00162057161332
28.989000613689424,39.19066014766693
14.35000001013279,19.5100263941288
2.7860000322759157,9.063544210791587
0.0,2.835389427095652
0.0,1.3520401390641927
0.0,0.4116672850959003
0.0,0.2953270001523196
0.0,0.2971326055750251
0.0,0.2979198560863733
0.0,0.2975415714643896
0.0,0.3114094722270966
0.0,0.2633806439861655
0.0,0.2220734684448689
0.0,0.3025683890283108
0.0,0.3817431803187355
0.0,0.35874261402525
0.1140000038780272,1.3536879413574934
6.634999942779541,7.5401907864213
19.900000450611117,21.40113242149353
33.612999838590625,36.68214740276337
42.23899888038636,49.19874476194382
46.45499835491181,53.376523849964144
44.95200137376786,50.90843335390091
39.575998380184174,48.5354131937027
30.11999993681908,39.41318380594254
15.28799952685833,19.31329451322556
2.641000105887652,8.88779574930668
0.0,2.914963540583849
0.0,1.3825269205868245
0.0,0.417501636184752
0.0,0.2993670426867902
0.0,0.3015060020051897
0.0,0.3022724881023169
0.0,0.3017709328234196
0.0,0.327389020845294
0.0,0.2742577630467713
0.0,0.2298159793391823
0.0,0.2830442875064909
0.0,0.3819403901975601
0.0,0.3576433963235467
0.0890000021830201,1.3780375707894563
5.958999963700771,7.388396820724011
19.85499988913536,22.0664132130146
33.300000588893894,37.36490547657013
41.6710005569458,49.282419638633726
45.86399960756302,53.26164496898651
44.462000737190245,49.87262555122376
38.945000503063206,46.8820240855217
29.270999202728277,38.26468255281448
11.990000004172323,18.62943550825119
2.266000048369169,8.46386330664158
0.0,2.584726296812296
0.0,1.1878238545358182
0.0,0.3884708348475397
0.0,0.2800837698578834
0.0,0.2817242227680981
0.0,0.282823773920536
0.0,0.2820886430516839
0.0,0.3504061012156307
0.0,0.3050573907978833
0.0,0.2621492051053792
0.0,0.3108668374270201
0.0,0.3824210772849619
0.0,0.3608948262408376
0.0129999995976686,1.3488929342478515
6.23699997484684,7.6718039238452915
19.271999324560166,21.642055597305298
32.10800023078919,37.44269776582718
36.62399934053421,47.64349052190781
36.15199975013733,51.84203530788422
41.00899996519089,47.58818927049637
26.18500081896782,43.55167443990708
23.86499994277954,32.947392464876174
9.387999511957169,16.34398148238659
0.5200000160001218,7.114537111818791
0.0,2.2268201982975007
0.0,1.0075221774354577
0.0,0.366073958966881
0.0,0.2710341759957373
0.0,0.272251991238445
0.0,0.2734061653167009
0.0,0.2727674108557403
0.0,0.3967522374400868
0.0,0.4098062343383207
0.0,0.3790125200059265
0.0,0.4255434980429709
0.0,0.4658626629598439
0.0,0.528329113572836
0.0,0.6970601658523083
0.3670000133290887,3.103670793771744
4.717000179886818,9.15012032866478
12.607000034451485,15.950998350977898
10.657000351548197,17.963331072330476
10.371999876499176,17.040010295510292
7.19300002425909,16.869629900455475
10.037000489234924,13.293619583249091
7.145999917089939,10.525416483283044
2.003999997228384,5.9165119284391405
0.0510000008903443,3.3222302782535555
0.0,1.4789924196898938
0.0,0.6294398079067469
0.0,0.4268087472952902
0.0,0.4003695823438465
0.0,0.4251006415486336
0.0,0.473333487380296
0.0,0.4709174017608166
0.0,0.4029680518247187
0.0,0.4146875913720578
0.0,0.3539676957018673
0.0,0.310013474561274
0.0,0.3319748754240572
0.0,0.472077898234129
0.0,0.649365622214973
0.0190000006463378,2.341392009854317
0.662999979481101,7.110434808135033
6.5390001827478414,11.480788529515266
14.563000408411026,14.808683673739434
16.256999704241753,14.244216135144232
12.478000068068503,15.036544588804244
9.897999713420868,13.198187747597697
7.794000094532967,12.718820545077325
3.101000111401081,7.290217278599739
0.3320000045374036,4.005844603329897
0.0,2.0784048948436977
0.0,0.7883825089037418
0.0,0.5080942721478641
0.0,0.5128114849142731
0.0,0.4840966428630054
0.0,0.4955269554443657
0.0,0.4713248271681368
0.0,0.4082777138706296
0.0,0.3770098089054227
0.0,0.3014264104329049
0.0,0.2908117510005831
0.0,0.3862262883223593
0.0,0.5136651045270264
0.0,0.9313432863727212
3.3099998778104784,4.36991673797369
11.808999525904657,11.735440481305124
26.416999468803407,20.3093496632576
34.300999659299855,25.39012440800667
26.41599918246269,27.996880881786343
19.73999982357025,31.083099040985108
21.65100066304207,29.836939442157743
18.25900092601776,25.72433506846428
10.266999593377111,13.68102514266968
1.9759999388456344,7.115521993339062
0.0,2.9470882396399976
0.0,1.0968092227727175
0.0,0.5851782285049558
0.0,0.4883206767216325
0.0,0.3918777392618358
0.0,0.2892918087169528
0.0,0.3981223836774006
0.0,0.3935408132895827
0.0,0.366845836751163
0.0,0.3007758456096053
0.0,0.3208967234566808
0.0,0.3898809856921434
0.0,0.4372286320291459
0.0,0.9560906811058522
2.4480000427365303,4.224779195189476
12.048000180125236,12.035062184929847
13.810000461339952,20.433520731925967
38.13800152540207,26.345001446008684
37.0029990029335,28.65377528905869
31.41400074601173,30.983721517324447
27.678999330997467,30.804818148612977
24.347000342607497,23.92553472518921
14.240999608635905,12.353813594579696
1.975000037625432,6.431326649785042
0.0,3.002581281065941
0.0,1.1435245975106956
0.0,0.5071783271990716
0.0,0.4301121184788644
0.0,0.3792996391840279
0.0,0.3249135303869843
0.0,0.3825519365351646
0.0,0.2716493418253958
0.0,0.2414286304358393
0.0,0.2129173727147281
0.0,0.2882720096036792
0.0,0.3875189852714538
0.0,0.3605023831268772
0.0320000002440065,1.300520385950804
6.0159998533129695,7.219065493941307
18.625000973939898,21.17795354485512
31.473999440670013,36.95258621454239
40.2140003156662,49.54606389760971
44.53499904632569,54.04268990516663
43.23700119972229,51.491454458236696
36.98100091934205,48.60980409860611
28.3630000603199,37.79903385639191
14.040999851822852,17.05152488529682
2.078000004813075,7.500489996671677
0.0,2.8529401390254496
0.0,1.358175108805299
0.0,0.4168712901882827
0.0,0.3099984548613429
0.0,0.3119333324022591
0.0,0.3121966906450689
0.0,0.2936729396507144
0.0,0.395229933746159
0.0,0.4131836309982463
0.0,0.3661013667099178
0.0,0.329790600258857
0.0,0.3459335362538695
0.0,0.4797566556371748
0.0,0.6651137134060264
1.0449999874085187,2.324830287396908
5.423999792635441,7.487816964387894
4.033999993652105,12.194112848043442
4.557999839186668,14.318610121011734
8.03499978095293,13.548038408756256
7.821999896168709,14.177323269844056
11.52500036418438,12.046228625774384
18.59600088596344,10.57202941596508
5.6980001989007,6.262651568353176
0.6430000294744969,3.3660153993964195
0.0,1.7205670910328628
0.0,0.6021236593648791
0.0,0.4561337807029486
0.0,0.4449218956381082
0.0,0.4472050184011459
0.0,0.4592116638273001
0.0,0.4296908287331462
0.0,0.3519548633508384
0.0,0.3683738986589014
0.0,0.3295449896529317
0.0,0.3268385552614927
0.0,0.3912511160969734
0.0,0.397297829054296
0.0,0.7782370225340128
1.8920000204443927,3.422008840739727
8.350999889671803,9.564115635156632
5.732000178098679,16.930353648662567
18.31899962067604,19.96849439024925
20.18299932599068,20.20434219121933
23.462999856472017,21.54372149348259
16.920999841690065,20.282163236141205
16.723999916911126,16.959389681220056
7.769000124931336,8.299807103872299
0.9500000002235176,4.220288946777583
0.0,2.0161470832675694
0.0,0.7856554063782096
0.0,0.4155807192623615
0.0,0.3921427663601935
0.0,0.3775596005283296
0.0,0.3885346043854952
0.0,0.3882252242416144
0.0,0.3238917414844036
0.0,0.3037641240283847
0.0,0.2700396343693137
0.0,0.3150871163606644
0.0,0.4123607143526897
0.0,0.3780930898664519
0.0,1.205684460103512
2.771000101864338,6.5103965121507645
13.609999677538871,19.435783375501632
26.60700047016144,33.73747900366783
30.594000099897382,43.873877556324
38.51500061511994,48.096618180274966
36.519998316764834,44.62369384050369
28.87099968910217,41.24060219764709
23.266000958681108,29.96948867917061
11.282999877929688,14.561644784212112
2.2130000203847886,6.597097922563553
0.0,2.245397898256779
0.0,1.0360234701633453
0.0,0.4009945045597851
0.0,0.3055977148748934
0.0,0.3070260947570205
0.0,0.3081018647179007
0.0,0.3070828037522733
0.0,0.2909982135146856
0.0,0.2641346457600593
0.0,0.2371450633648783
0.0,0.3042354473471642
0.0,0.4018578972062095
0.0,0.3691680285008624
0.0,1.201522334367037
3.9899999752640727,6.612752814590931
15.97099996984005,20.7571000123024
29.390000413656235,36.32230722904205
38.17300127744675,47.32501331806183
42.24599883079529,52.75433342218399
37.5730020070076,50.2536545419693
35.231000993251804,46.34226793289184
27.267000489234924,35.05556679010391
10.251000146865843,15.531142023801804
1.1739999537914991,6.686979914903641
0.0,2.794256245791912
0.0,1.3199769309163094
0.0,0.4147965176217258
0.0,0.301791536770761
0.0,0.3035124156810343
0.0,0.3046054197847843
0.0,0.3011253424733877
0.0,0.262797651765868
0.0,0.2400139544252306
0.0,0.2118817676138132
0.0,0.2948745477385819
0.0,0.3960464441403746
0.0,0.3720583294238895
0.0129999995976686,1.2811114675551654
5.183000106215477,6.4374202832579615
17.422999806404114,19.400748705863958
29.385999268293386,33.889892243146896
37.91300077199936,45.77407653570175
41.9360004401207,50.61730689525604
40.57200012683869,48.12781396865845
34.84100023508072,45.99771755695343
26.594999088048937,36.23705900669098
13.204999759197236,16.309365823864937
1.7989999640733003,7.273961598575116
0.0,2.8585634119808674
0.0,1.2763924575597048
0.0,0.4116444025188684
0.0,0.2927065760083496
0.0,0.2943080675601959
0.0,0.2955712307430804
0.0,0.2943338064476847
0.0,0.3281426695920527
0.0,0.3537004541605711
0.0,0.3315587848052382
0.0,0.3429346991144121
0.0,0.3994589516613632
0.0,0.3696834450960159
0.0,0.8057902769371867
1.7129999864846468,3.480086811035872
7.966999822556973,10.219365834593772
15.933999645113946,18.148811272382737
17.003999987244608,21.17918182253837
17.593999475240707,20.905091041326525
15.388000432252884,20.76379597425461
15.12099997639656,18.95440943837166
2.9369998794794085,14.872472981214525
0.3170000099390745,6.5879320544004445
0.0,3.3428729943931104
0.0,1.6954311738908292
0.0,0.6508263201266528
0.0,0.3758560199476778
0.0,0.3605008158646524
0.0,0.3497920586541295
0.0,0.3805330197140574
0.0,0.3559781210497021
0.0,0.3490826987661421
0.0,0.3877638498693704
0.0,0.3518423439748585
0.0,0.3195912291109562
0.0,0.325933329500258
0.0,0.4511263475380838
0.0,0.6482368981838227
0.0,2.090453390032053
0.2810000036470592,6.6476529487967495
1.6259999793022872,10.624479748606682
9.288999919891358,12.61864402472973
7.6330002081394195,11.451241056919098
1.2139999821782113,11.357039552927018
1.0330000174045564,9.751918882131577
0.6470000194758176,8.979753284454345
4.01000005364418,5.481754004955292
2.407000113129616,2.9065779265761376
0.0,1.5123936648666858
0.0,0.5218645127676428
0.0,0.4320213855057955
0.0,0.4604529072344303
0.0,0.4311321743391454
0.0,0.4431014630757272
0.0,0.4384719294123351
0.0,0.3677522499673069
0.0,0.3365056898631156
0.0,0.2776129650324583
0.0,0.2775093676149845
0.0,0.3680954886227846
0.0,0.3868345861695706
0.0,0.9013520265743136
2.062000044807792,4.342503346502781
10.41700043797493,13.050583893060685
9.419000172615052,21.1979038143158
20.62699911475181,28.05452982783317
14.340000227689744,30.853501489162447
19.309999935626983,33.51546678543091
34.319000705480576,33.9168280851841
27.579999738931654,26.386469168663027
13.422000275850296,13.860758317708967
1.8389999924600124,6.522256683409214
0.0,3.065974427908659
0.0,1.0570891769975423
0.0,0.4630717588029802
0.0,0.3848719799518585
0.0,0.3655600156448781
0.0,0.2800240761786699
0.0,0.3426378674805164
0.0,0.2679625029396266
0.0,0.2844688482768833
0.0,0.270907952748239
0.0,0.2967928009107709
0.0,0.3942700178269296
0.0,0.3663082358194515
0.0,0.9484203642606736
1.3469999385625124,4.88404337733984
6.78399998754263,14.181886177659036
18.31899962067604,26.398532170057297
23.05199924707413,35.263893365859985
30.039999623298645,42.06092326402664
30.78499933362007,40.0101596236229
24.480999686717983,35.278299953937534
15.10700007557869,25.855066536664964
8.515999894440174,11.613106694221496
1.2869999601691962,5.607864540517331
0.0,2.170520714521408
0.0,0.8227215225249529
0.0,0.3644098211452365
0.0,0.3364852784760296
0.0,0.2745303962752223
0.0,0.2623183532431721
0.0,0.2943519712984562
0.0,0.2789569393359125
0.0,0.2831896063126624
0.0,0.2611348939593881
0.0,0.2999862201884389
0.0,0.401451005525887
0.0,0.3691035966295748
0.0,0.970185642503202
1.5070000521093607,4.538552793860435
6.838000045120716,14.332724017500878
9.954999603033066,25.293638882637023
22.152000341415405,34.47022880077362
31.60000060200691,42.31600244283676
36.53900170326233,39.88644453763962
27.70899970531464,35.00316986083985
13.396000019907952,25.20577594876289
9.85499972462654,10.42186014533043
0.8259999892488122,4.630763995051384
0.0,2.139214139804244
0.0,0.8425270508602262
0.0,0.3540756205609068
0.0,0.3070669175311923
0.0,0.2571342299971729
0.0,0.2225365758594125
0.0,0.2523111572302878
0.0,0.3169421134889126
0.0,0.3453587759844959
0.0,0.3277755213715136
0.0,0.3486694002710283
0.0,0.3994544233940542
0.0,0.4075919398479163
0.0,0.840209909118712
1.2070000317692755,4.2690436629951005
5.863000203669071,12.517163229584694
16.413000212907793,23.036791608333587
22.31700034618378,30.002237273454668
14.340999487042428,30.799449055194856
10.711000409126282,25.845482684373856
9.864000247716904,19.420625032186507
2.423000073134899,12.232475985884667
1.5500000409036876,6.469255885183811
0.1219999999273568,3.1217208786308768
0.0,1.3248501174896956
0.0,0.5235965280793607
0.0,0.3521957372501492
0.0,0.3826618429552763
0.0,0.3653856972930953
0.0,0.3420295696333051
0.0,0.3692996320873499
0.0,0.3555236467532813
0.0,0.3837622231058776
0.0,0.3427112008444965
0.0,0.3178211189620197
0.0,0.3425507339648903
0.0,0.4454021088220179
0.0,0.6987342847138643
0.0129999995976686,2.4556621436774733
1.040999997407198,7.4743007749319075
4.160999900847673,12.42991956949234
6.851000173091888,15.558907672166823
8.975000383853912,15.400839836597443
13.953000328540805,16.487698187232017
13.251999866366386,15.372906789183617
14.979999654889108,13.715313192009926
5.477999850213528,7.177144356071949
0.1259999979520216,3.621575208604336
0.0,2.150795868933201
0.0,0.7589965943619609
0.0,0.4481417598575353
0.0,0.4390557079203427
0.0,0.4215587203018367
0.0,0.423352579548955
0.0,0.3868934775143862
0.0,0.3601743620447815
0.0,0.3754909577965736
0.0,0.3328721741214395
0.0,0.3269339367747307
0.0,0.3926979496702552
0.0,0.4089555552974343
0.0,0.8078997745364904
0.5319999860040844,3.472535368055105
5.9950000020861625,9.412655440568924
14.033999901413916,16.600299208760262
12.10099995136261,20.443948768377304
10.976000292301178,20.518721712827684
19.57100072741509,21.69598273873329
13.007999834418298,18.86234201550484
8.587999971210957,16.102494490146636
3.648000124096871,8.390362800359727
0.1730000008177012,4.281885121315717
0.0,2.0549559339135888
0.0,0.7454861175268889
0.0,0.4210156682878733
0.0,0.4022982016764581
0.0,0.3871874849312007
0.0,0.3903054430475458
0.0,0.3868417429924011
0.0,0.2956772030703724
0.0,0.3063502403534949
0.0,0.278849105592817
0.0,0.3263116141222417
0.0,0.4000857329322025
0.0,0.3693480846891179
0.0,1.1557652678340673
4.100999922454357,6.549557106196881
16.047000164985658,19.85811987876892
27.531000086069103,35.65942753553391
36.00399845123291,46.34344280719757
39.67000064849854,50.24101437330246
33.71000091195106,47.29831984519959
25.55200031518936,41.5711896443367
19.930000824928285,29.89248922467232
8.33499992966652,12.518907055258753
1.0879999762028456,5.470963441729546
0.0,2.030782946422696
0.0,0.9954512810707092
0.0,0.3685638593509793
0.0,0.2710552934370935
0.0,0.2917635763436556
0.0,0.2974716399982571
0.0,0.2891361879371106
0.0,0.280008125770837
0.0,0.2904010841622949
0.0,0.2891463615372777
0.0,0.3466724220477045
0.0,0.3980458636349067
0.0,0.3679089399380609
0.0,1.0271192913874985
4.106000070422888,5.907997684180737
15.754999739527705,17.95275925755501
27.934000458717342,33.44162429213524
34.913000311851505,43.49433564424515
27.505000857114798,46.98334672451019
32.05900057792664,43.33572350502014
22.66300082921982,36.787808039188384
6.3389999124407765,24.45063781261444
0.8660000176355243,9.761395927667618
0.0629999989760108,4.1450592494010925
0.0,1.4830519749969244
0.0,0.6929934216290713
0.0,0.3463442565081641
0.0,0.252975730812177
0.0,0.2727570446953177
0.0,0.2844655747525394
0.0,0.2752178684808314
0.0,0.2650999824143946
0.0,0.2484667559154331
0.0,0.223750828737393
0.0,0.2869297041557729
0.0,0.3964067076193168
0.0,0.3661217326065525
0.0,1.1515235505253076
4.282999916821718,6.446296540796757
15.481000360250473,18.651638989448543
27.698000663518908,33.25080170035363
36.35300184726715,46.017756147384645
41.03699976682663,50.89947391033173
39.77099875926972,48.496617693901065
34.87399941444397,44.96912742614746
26.41500095009804,34.27532701253891
12.934000211954118,14.878033094406128
1.6519999784976245,6.482643701136112
0.0,2.6809365893900394
0.0,1.1530849574506283
0.0,0.3999505070410669
0.0,0.2847175077535212
0.0,0.286208726465702
0.0,0.2874969224818051
0.0,0.2861681283451617
0.0,0.3931764412717893
0.0,0.4046018353197723
0.0,0.3792410823795944
0.0,0.4042067305557429
0.0,0.4735471650771797
0.0,0.4976926806382835
0.0,0.9979453856870532
1.3789999869465828,4.26095279455185
9.017000086307526,12.577685688138008
26.932999334335328,21.95977283000946
34.66800204753876,28.320690207481384
22.55799951910973,29.429034174680712
1.6679999385029078,23.993521332740784
1.8630000608414408,16.97426971077919
0.6290000002831221,10.517747963666915
0.4109999996237456,5.72918469041586
2.5989998899400235,2.818297522068024
0.0,1.1383600030839442
0.0,0.4600122009962797
0.0,0.3499788434011862
0.0,0.3858573797950521
0.0,0.3691055153869092
0.0,0.3582645815238356
0.0,0.4258292895555496
0.0,0.3010744423791766
0.0,0.2646320930868387
0.0,0.228880425337702
0.0,0.271398628372699
0.0,0.3942237008549273
0.0,0.3661868936056271
0.0,1.0450189225003124
2.492000061124563,5.920963408052922
9.588000295758247,17.64634916305542
21.41599910020828,31.47981219291687
35.87700111150742,43.62403190851212
39.46800031900406,49.30868177652359
39.16100073337555,47.1649510717392
26.55800081729889,42.81102710485459
23.853000614643097,32.079041222333906
9.846000228524208,14.081330698728562
1.2689999409765005,6.419017171263695
0.0,2.702389855831861
0.0,1.0617258995771408
0.0,0.3896409272402525
0.0,0.282496549859643
0.0,0.2707696623913944
0.0,0.2722901502624154
0.0,0.2706396521255374
0.0,0.3054039671644568
0.0,0.2763334984146058
0.0,0.2413951730914414
0.0,0.2854560084268451
0.0,0.3919411452999338
0.0,0.3660455963155254
0.0,1.1297809302061796
3.6949999745190154,6.41647948384285
15.148999778032303,19.42511707782745
28.1710005402565,34.20863235592842
37.89799853086472,46.48595588207245
42.393001897335054,50.96736192703247
40.67100177288056,48.775260086059575
35.405001521110535,43.801396849155424
27.685999281406403,32.76670008301735
13.110999544858933,14.490880174040797
1.7599999652802945,6.47447093039751
0.0,2.5770767764747142
0.0,1.0688701418042184
0.0,0.3823550248518586
0.0,0.2709968834929168
0.0,0.2730082074552774
0.0,0.2744474669918418
0.0,0.2728058908134699
0.0,0.2630946759600192
0.0,0.2739297045581043
0.0,0.2720772428065538
0.0,0.346398344617337
0.0,0.3890078258374705
0.0,0.363953690319322
0.0,0.9722054712101816
0.7129999828711152,5.690166847705841
9.907999495863915,17.25609165787697
24.617999889850616,31.054429643154144
27.84700019478798,40.65128771066666
39.77099875926972,43.93587476968765
35.04399879693985,40.7473727107048
19.120999220609665,35.30395411491394
3.7510000912845136,22.07932656049729
2.131000032797456,10.111585494875907
0.1009999962570145,3.846199827641249
0.0,1.6538069639354944
0.0,0.6430846918001771
0.0,0.344771852325648
0.0,0.2959746765717864
0.0,0.2676884896960109
0.0,0.2662638968322426
0.0,0.2926390515454113
0.0,0.2969095245189965
0.0,0.2883796186931431
0.0,0.2723623282648623
0.0,0.3210772807896137
0.0,0.387171344817616
0.0,0.3608720892900601
0.0,1.1418693495541812
3.2269999890029437,6.5239152690768245
14.129000402092936,19.809824739694594
23.977999435663225,33.82193028330803
32.89000026583672,46.57522578954697
30.96900067090988,50.61145306348801
33.57699980020523,48.31955674171448
24.263999170064928,42.749896669387816
16.643999603390693,31.483244386911394
12.021999924182891,14.007684360146524
1.549000011309981,6.253309571743012
0.0,2.470317006111145
0.0,1.0991288036108018
0.0,0.3816979771666229
0.0,0.2900536733679473
0.0,0.2919599236175418
0.0,0.2928055519796907
0.0,0.2894139561057091
0.0,0.3102063236571848
0.0,0.3056744822300971
0.0,0.3165646312013268
0.0,0.3739272080548108
0.0,0.3916229769587516
0.0,0.3652719533583149
0.0,1.0982250541448593
4.063000081628561,6.550645200014115
15.614000445008278,19.076045900583267
25.281999000310897,34.84149318933487
26.422000900506973,44.47339208841324
34.28900033116341,47.66156140327454
31.05300007581711,44.07683093070984
21.42700019598007,37.59164389371872
13.362999813556671,25.47314817428589
5.474000245332718,10.54385091841221
0.3859999979287386,4.534437139332295
0.0,1.5937401029467584
0.0,0.7187251202017069
0.0,0.351098476680927
0.0,0.2626621214393526
0.0,0.2724693275801838
0.0,0.2736341887526214
0.0,0.2724919855035841
0.0,0.3102032105997205
0.0,0.2890178917534649
0.0,0.2480598440021276
0.0,0.2898906390182674
0.0,0.3889103913400322
0.0,0.3626730349240824
0.0,1.139170553386211
3.821999881714583,6.315098306536675
15.369000126719476,19.925868225097656
27.820000679492956,34.05680449962616
36.93500007152557,46.326789169311525
42.05900074243546,51.207915387153626
41.19999919891357,48.88421530008316
35.863001210689546,43.51012250423432
27.578999452590946,32.311058357954025
13.414000039100648,14.578112537264824
1.7999999936670066,6.567570989727974
0.0,2.5312032751739024
0.0,1.0215343379229307
0.0,0.3723522256314754
0.0,0.2707570496946573
0.0,0.2643420171085745
0.0,0.2656915917061269
0.0,0.2643656217865646
0.0,0.2862465324625373
0.0,0.2830371627770364
0.0,0.2837380179204047
0.0,0.3287432008422911
0.0,0.3981237268075346
0.0,0.3693766357982531
0.0,0.8962553417310118
1.302000018954277,4.43503958940506
5.405999773442745,13.51588033258915
19.793000621795656,23.80437478542328
19.185999346971517,30.210596712827684
34.449999190568924,35.300150151252744
25.832000385522843,35.539434254169464
31.13799976706505,31.10763173103333
15.39800021469593,22.502468222379687
6.6500001299381255,9.832164645791051
0.5039999918080866,4.679994720220566
0.0,2.1085373654961588
0.0,0.8248689544945955
0.0,0.35736786050722
0.0,0.3296439656242728
0.0,0.3240694746002555
0.0,0.2801109529472887
0.0,0.3243923339620232
0.0,0.3463958413340151
0.0,0.3431695584394038
0.0,0.3424953407980501
0.0,0.3477604516781866
0.0,0.400624328115955
0.0,0.3718524851370602
0.0,0.8061750765144825
1.4580000141263008,3.766932270079851
11.675000181794166,10.857962396144869
12.6080003207922,19.583634734153748
13.658000071048736,24.81324469208717
23.28399995088577,26.460882667303085
21.250999095439912,26.46843719124794
19.868999789953232,24.386640026569367
10.062000458836556,17.92319021821022
5.977999755740166,8.18175328940153
0.6409999702870846,4.151558029651642
0.0,2.0633397506922484
0.0,0.7620346175134182
0.0,0.3789904195070266
0.0,0.3854232417605817
0.0,0.3659960923762992
0.0,0.3527729235030711
0.0,0.36884397033602
0.0,0.3437912713177502
0.0,0.3439134828932583
0.0,0.307322541270405
0.0,0.3084849633462727
0.0,0.3830224707908928
0.0,0.37161954799667
0.0,0.796549374461174
2.459999884366989,3.845694292783737
9.470999657511712,11.115196195840836
11.012999590039254,19.448706992864608
26.657000409364706,25.597528748512268
36.52199888944626,28.569609512090683
28.10000074982643,28.17187964200973
17.326999019384385,25.717170799970628
7.744000155329704,19.06827570915222
11.404999893903732,9.274327341914177
1.8379999628663064,4.664548820257187
0.0,1.9946681421250103
0.0,0.7338247968256474
0.0,0.3766450676880777
0.0,0.3865779115492478
0.0,0.368271009447053
0.0,0.3248136558011174
0.0,0.3828790846606716
0.0,0.3020524238236248
0.0,0.302017730884254
0.0,0.3029215124435723
0.0,0.3476901671849191
0.0,0.4049730764888227
0.0,0.3739592806901782
0.0,1.0192635390162468
3.5479999889433387,5.815402902960777
14.997999674081802,16.985461826324464
27.56800041079521,31.64040641903877
30.483999412059784,41.27518293857575
36.6639984703064,44.21090627193451
31.10799939274788,40.66929697275162
18.640999393463137,34.67801312685013
15.635000296235084,24.281977622509004
8.128000222444534,10.264721733927727
2.2899999883770943,4.701200482547283
0.0,1.816647854745388
0.0,0.7643191523849965
0.0,0.3602005181461573
0.0,0.305204217992723
0.0,0.2954971271380782
0.0,0.2963169203326106
0.0,0.2955068193376064
0.0,0.3920771354064345
0.0,0.4060099289752543
0.0,0.3732314236648381
0.0,0.3860060635767877
0.0,0.4494307903014123
0.0,0.4701373080722987
0.0,0.8778440138325095
3.830000118464232,4.488568259477615
10.44200040757656,12.516000679135322
15.18099969804287,21.208592705726623
25.93099997758865,28.36344988107681
26.14299906253815,27.04056606054306
12.177000146508217,24.107426629066467
0.6450000244751573,16.411950631141664
4.073000120818615,10.774453891515732
3.613999888151884,6.113334184288979
1.3389999585598709,3.208028182387352
0.0,1.4348184552043677
0.0,0.5631022221967578
0.0,0.361686088424176
0.0,0.3941931140329688
0.0,0.378423653380014
0.0,0.3583115020394325
0.0,0.3995256228372454
0.0,0.2684877912700176
0.0,0.2846516842395067
0.0,0.2715863746218383
0.0,0.3327496416121721
0.0,0.4046065938379615
0.0,0.3734978579264134
0.0,0.883436798080802
0.0389999987930059,4.194486129283905
4.446999891996383,12.792589095234872
14.764999710917474,23.855299013853077
31.238999931812288,30.81798208117485
41.07899946928024,36.6379581618309
35.28900116920471,33.487534765005115
31.473999440670013,29.61352641224861
25.769000831842423,21.41728899717331
10.303999918103218,8.887777263522148
2.4140000635385515,4.163785862624645
0.0,1.7049795950949191
0.0,0.6665285819768906
0.0,0.3554325657524169
0.0,0.3358711075410246
0.0,0.3437623872794211
0.0,0.2534975370112806
0.0,0.3071571320109069
0.0,0.2781630454957485
0.0,0.2684001763537526
0.0,0.2258403161168098
0.0,0.2610768370423466
0.0,0.3167234613187611
0.0,0.3663555523753166
0.0,0.9097085639834404
4.588000213503838,4.055494596362114
10.08499985575676,11.766221366524697
15.536999963521955,20.15830847978592
21.19599977850914,29.105081070661544
25.404999302625654,35.662742652893066
37.39399799346924,39.76579809188843
34.92299906730652,36.03859973192215
25.168999507427216,27.326822541952133
13.540000173449515,14.437973858714104
1.6660000076889991,6.017475121617317
0.0,3.3969149017333984
0.0,1.0908878665417434
0.0,0.3569898647256195
0.0,0.3812988344952464
0.0,0.3238694365881383
0.0,0.2555552359018475
0.0,0.2867633641883731
0.0,0.3315828548371792
0.0,0.3345961339958012
0.0,0.2836019420064986
0.0,0.2869490564614534
0.0,0.3029537662863731
0.0,0.4726006351411342
0.0,0.7437973640859127
0.7050000028684735,2.964145227074624
8.002000088095665,9.044987564086917
10.776999794840814,14.70036724627018
15.413000401854516,18.69623080968857
20.533999186754222,18.948884242773055
19.656000418663027,20.18771730899811
8.810999638438226,17.68793601632118
5.185000165402889,16.560656443834304
4.105000040829181,8.582163598239422
0.7129999828711152,4.525407347083092
0.0,2.3194409109652043
0.0,0.9056633865088224
0.0,0.5128894076310099
0.0,0.4941667739860713
0.0,0.4756856750883162
0.0,0.4779114469885826
0.0,0.4175817733444273
0.0,0.4106819551857188
0.0,0.4272407542308792
0.0,0.3851586379855871
0.0,0.3515199981071055
0.0,0.3787514201365411
0.0,0.4782595959305763
0.0,0.6415239267423749
0.4330000088177621,2.599243029356003
2.7719998747110366,7.204501776695252
3.71299999371171,11.590852890610694
3.8949999880790713,14.459413260817527
5.405000000596047,13.521660221219063
5.102000019848347,14.263552265763282
4.239999928027392,12.355925081968309
2.537000109106302,11.341743593215943
1.490000062510371,6.463307570517063
0.1990000000130385,3.450057937800884
0.0,1.8159150987863544
0.0,0.6623416159674526
0.0,0.4582104788720608
0.0,0.4688081609085202
0.0,0.4418183378130197
0.0,0.4527120812423527
0.0,0.4616247005760669
0.0,0.3896714159473777
0.0,0.416939649078995
0.0,0.3787692640535534
0.0,0.3680120458453894
0.0,0.4092403840087354
0.0,0.4572242173366249
0.0,0.7020291190594435
0.4509999959170818,3.056535637676716
3.0849998946487904,9.379638802409172
18.39799964785576,16.047698516845703
23.55800035715103,17.764740343093873
25.89399965286255,17.2566256916523
12.58900001525879,16.990669682621956
3.986999886482954,14.41473825454712
2.350999996364117,11.367334080934524
0.28499999364838,6.383923449814319
0.0320000002440065,3.289030836224556
0.0,1.48629199385643
0.0,0.6033253637328744
0.0,0.3932466501183808
0.0,0.3961253410438075
0.0,0.3970790164172649
0.0,0.4359013141877949
0.0,0.433890920933336
0.0,0.3851953207142651
0.0,0.3865590324439108
0.0,0.3681648103147745
0.0,0.3472570991702378
0.0,0.3922721668519079
0.0,0.3905859487876296
0.0,0.7407596618682146
0.1410000005736947,2.9484782679378987
2.929999929070473,7.945641552507878
6.50300014436245,14.055251364707948
15.363999722003935,18.284841998815537
14.642999694943429,17.546228100061416
17.700999304056168,18.18268749952316
9.362999542355537,17.237316262722015
8.702000263929367,14.48170403599739
4.625999797582627,7.086164513528347
0.3300000095367432,3.77391039699316
0.0,1.9468035677820448
0.0,0.6767032733187079
0.0,0.3974622434191406
0.0,0.4005458125658333
0.0,0.3873266490362584
0.0,0.4035137847857549
0.0,0.3855907752923667
0.0,0.3986470024846494
0.0,0.4211822970956564
0.0,0.365410941913724
0.0,0.321618375107646
0.0,0.3295484236441552
0.0,0.4558588046580553
0.0,0.670944437943399
0.0,2.18830044478178
0.1020000017806887,6.581953957080842
1.1909999433904888,11.104492926597596
7.568999854624272,13.932541700005531
8.366000076830387,12.661917192339898
4.105000040829181,12.877485060691834
2.1999998924136164,10.630258610248566
1.4030000553280115,9.562785685658454
1.0079999836161733,5.957172438502312
0.3150000149384141,3.2317826722562315
0.0,1.674658543765545
0.0,0.5707548234984279
0.0,0.4535476643778384
0.0,0.470158008299768
0.0,0.4492615619301796
0.0,0.4615418354794383
0.0,0.4341650625504553
