{
  "loss": [
    293.2822570800781,
    146.2862091064453,
    109.13523864746094,
    85.59190368652344,
    72.7501449584961,
    65.20035552978516,
    61.00977325439453,
    57.76847839355469,
    54.82109451293945,
    52.80875015258789,
    49.73180389404297,
    48.02080535888672,
    45.765377044677734,
    43.75638961791992,
    41.913936614990234,
    40.090633392333984,
    38.710086822509766,
    37.428184509277344,
    35.10753631591797,
    34.33335494995117,
    33.445919036865234,
    33.0130729675293,
    37.39619064331055,
    46.94152069091797,
    40.17009353637695,
    38.056480407714844,
    36.04048538208008,
    35.085044860839844
  ],
  "val_loss": [
    226.90016174316406,
    155.03562927246094,
    117.11524200439453,
    96.27008056640625,
    85.08853149414062,
    81.47034454345703,
    81.26548767089844,
    80.3901138305664,
    84.66741180419922,
    82.67960357666016,
    81.47842407226562,
    81.1041259765625,
    79.54414367675781,
    82.03157043457031,
    84.32093811035156,
    87.46363067626953,
    91.56790924072266,
    86.20610809326172,
    93.69328308105469,
    93.65280151367188,
    92.44683074951172,
    96.68561553955078,
    95.63142395019531,
    87.19418334960938,
    85.83069610595703,
    87.18211364746094,
    91.53385162353516,
    93.37056732177734
  ],
  "learning_rate": [
    0.0005000000237487257,
    0.0005000000237487257,
    0.0005000000237487257,
    0.0005000000237487257,
    0.0005000000237487257,
    0.0005000000237487257,
    0.0005000000237487257,
    0.0005000000237487257,
    0.0005000000237487257,
    0.0005000000237487257,
    0.0005000000237487257,
    0.0005000000237487257,
    0.0005000000237487257,
    0.0005000000237487257,
    0.0005000000237487257,
    0.0005000000237487257,
    0.0005000000237487257,
    0.0005000000237487257,
    0.0002500000118743628,
    0.0002500000118743628,
    0.0002500000118743628,
    0.0002500000118743628,
    0.0002500000118743628,
    0.0001250000059371814,
    0.0001250000059371814,
    0.0001250000059371814,
    0.0001250000059371814,
    0.0001250000059371814
  ]
}