timestamp_utc,pv
2010-07-01 00:00:00,0.0
2010-07-01 01:00:00,0.0
2010-07-01 02:00:00,0.0
2010-07-01 03:00:00,0.0
2010-07-01 04:00:00,0.0
2010-07-01 05:00:00,0.0
2010-07-01 06:00:00,0.0
2010-07-01 07:00:00,1.404
2010-07-01 08:00:00,8.890000000000002
2010-07-01 09:00:00,18.52799999999999
2010-07-01 10:00:00,22.938
2010-07-01 11:00:00,41.749
2010-07-01 12:00:00,38.395
2010-07-01 13:00:00,34.99699999999999
2010-07-01 14:00:00,22.304
2010-07-01 15:00:00,11.198
2010-07-01 16:00:00,1.059
2010-07-01 17:00:00,0.0
2010-07-01 18:00:00,0.0
2010-07-01 19:00:00,0.0
2010-07-01 20:00:00,0.0
2010-07-01 21:00:00,0.0
2010-07-01 22:00:00,0.0
2010-07-01 23:00:00,0.0
2010-07-02 00:00:00,0.0
2010-07-02 01:00:00,0.0
2010-07-02 02:00:00,0.0
2010-07-02 03:00:00,0.0
2010-07-02 04:00:00,0.0
2010-07-02 05:00:00,0.0
2010-07-02 06:00:00,0.0
2010-07-02 07:00:00,0.4950000000000002
2010-07-02 08:00:00,6.901999999999998
2010-07-02 09:00:00,15.222
2010-07-02 10:00:00,12.86500000000001
2010-07-02 11:00:00,10.619
2010-07-02 12:00:00,7.143000000000003
2010-07-02 13:00:00,7.089999999999999
2010-07-02 14:00:00,4.375999999999999
2010-07-02 15:00:00,3.269
2010-07-02 16:00:00,0.5350000000000003
2010-07-02 17:00:00,0.0
2010-07-02 18:00:00,0.0
2010-07-02 19:00:00,0.0
2010-07-02 20:00:00,0.0
2010-07-02 21:00:00,0.0
2010-07-02 22:00:00,0.0
2010-07-02 23:00:00,0.0
2010-07-03 00:00:00,0.0
2010-07-03 01:00:00,0.0
2010-07-03 02:00:00,0.0
2010-07-03 03:00:00,0.0
2010-07-03 04:00:00,0.0
2010-07-03 05:00:00,0.0
2010-07-03 06:00:00,0.0
2010-07-03 07:00:00,3.719
2010-07-03 08:00:00,14.91000000000001
2010-07-03 09:00:00,27.847
2010-07-03 10:00:00,37.371
2010-07-03 11:00:00,42.851
2010-07-03 12:00:00,42.096
2010-07-03 13:00:00,36.91700000000001
2010-07-03 14:00:00,28.443
2010-07-03 15:00:00,15.70599999999999
2010-07-03 16:00:00,2.547
2010-07-03 17:00:00,0.0
2010-07-03 18:00:00,0.0
2010-07-03 19:00:00,0.0
2010-07-03 20:00:00,0.0
2010-07-03 21:00:00,0.0
2010-07-03 22:00:00,0.0
2010-07-03 23:00:00,0.0
2010-07-04 00:00:00,0.0
2010-07-04 01:00:00,0.0
2010-07-04 02:00:00,0.0
2010-07-04 03:00:00,0.0
2010-07-04 04:00:00,0.0
2010-07-04 05:00:00,0.0
2010-07-04 06:00:00,0.0
2010-07-04 07:00:00,0.3790000000000002
2010-07-04 08:00:00,9.284
2010-07-04 09:00:00,13.313
2010-07-04 10:00:00,15.074
2010-07-04 11:00:00,19.485
2010-07-04 12:00:00,19.739
2010-07-04 13:00:00,30.174
2010-07-04 14:00:00,11.372
2010-07-04 15:00:00,3.841000000000001
2010-07-04 16:00:00,1.558
2010-07-04 17:00:00,0.0
2010-07-04 18:00:00,0.0
2010-07-04 19:00:00,0.0
2010-07-04 20:00:00,0.0
2010-07-04 21:00:00,0.0
2010-07-04 22:00:00,0.0
2010-07-04 23:00:00,0.0
2010-07-05 00:00:00,0.0
2010-07-05 01:00:00,0.0
2010-07-05 02:00:00,0.0
2010-07-05 03:00:00,0.0
2010-07-05 04:00:00,0.0
2010-07-05 05:00:00,0.0
2010-07-05 06:00:00,0.0
2010-07-05 07:00:00,0.227
2010-07-05 08:00:00,5.019
2010-07-05 09:00:00,3.803000000000001
2010-07-05 10:00:00,8.629999999999997
2010-07-05 11:00:00,17.942
2010-07-05 12:00:00,16.065
2010-07-05 13:00:00,17.857
2010-07-05 14:00:00,12.909
2010-07-05 15:00:00,4.703
2010-07-05 16:00:00,0.4550000000000002
2010-07-05 17:00:00,0.0
2010-07-05 18:00:00,0.0
2010-07-05 19:00:00,0.0
2010-07-05 20:00:00,0.0
2010-07-05 21:00:00,0.0
2010-07-05 22:00:00,0.0
2010-07-05 23:00:00,0.0
2010-07-06 00:00:00,0.0
2010-07-06 01:00:00,0.0
2010-07-06 02:00:00,0.0
2010-07-06 03:00:00,0.0
2010-07-06 04:00:00,0.0
2010-07-06 05:00:00,0.0
2010-07-06 06:00:00,0.0
2010-07-06 07:00:00,0.087
2010-07-06 08:00:00,0.8550000000000004
2010-07-06 09:00:00,12.527
2010-07-06 10:00:00,24.77
2010-07-06 11:00:00,10.638
2010-07-06 12:00:00,11.138
2010-07-06 13:00:00,23.62699999999999
2010-07-06 14:00:00,15.976
2010-07-06 15:00:00,9.056000000000003
2010-07-06 16:00:00,2.302
2010-07-06 17:00:00,0.0
2010-07-06 18:00:00,0.0
2010-07-06 19:00:00,0.0
2010-07-06 20:00:00,0.0
2010-07-06 21:00:00,0.0
2010-07-06 22:00:00,0.0
2010-07-06 23:00:00,0.0
2010-07-07 00:00:00,0.0
2010-07-07 01:00:00,0.0
2010-07-07 02:00:00,0.0
2010-07-07 03:00:00,0.0
2010-07-07 04:00:00,0.0
2010-07-07 05:00:00,0.0
2010-07-07 06:00:00,0.0
2010-07-07 07:00:00,0.4860000000000002
2010-07-07 08:00:00,9.399
2010-07-07 09:00:00,21.20200000000001
2010-07-07 10:00:00,17.669
2010-07-07 11:00:00,25.361
2010-07-07 12:00:00,22.713
2010-07-07 13:00:00,12.915
2010-07-07 14:00:00,12.742
2010-07-07 15:00:00,3.948
2010-07-07 16:00:00,0.126
2010-07-07 17:00:00,0.0
2010-07-07 18:00:00,0.0
2010-07-07 19:00:00,0.0
2010-07-07 20:00:00,0.0
2010-07-07 21:00:00,0.0
2010-07-07 22:00:00,0.0
2010-07-07 23:00:00,0.0
2010-07-08 00:00:00,0.0
2010-07-08 01:00:00,0.0
2010-07-08 02:00:00,0.0
2010-07-08 03:00:00,0.0
2010-07-08 04:00:00,0.0
2010-07-08 05:00:00,0.0
2010-07-08 06:00:00,0.0
2010-07-08 07:00:00,1.900999999999999
2010-07-08 08:00:00,7.917000000000001
2010-07-08 09:00:00,15.23199999999999
2010-07-08 10:00:00,6.053
2010-07-08 11:00:00,11.927
2010-07-08 12:00:00,23.653
2010-07-08 13:00:00,30.207
2010-07-08 14:00:00,12.477
2010-07-08 15:00:00,6.322
2010-07-08 16:00:00,1.048
2010-07-08 17:00:00,0.0
2010-07-08 18:00:00,0.0
2010-07-08 19:00:00,0.0
2010-07-08 20:00:00,0.0
2010-07-08 21:00:00,0.0
2010-07-08 22:00:00,0.0
2010-07-08 23:00:00,0.0
2010-07-09 00:00:00,0.0
2010-07-09 01:00:00,0.0
2010-07-09 02:00:00,0.0
2010-07-09 03:00:00,0.0
2010-07-09 04:00:00,0.0
2010-07-09 05:00:00,0.0
2010-07-09 06:00:00,0.0
2010-07-09 07:00:00,0.3050000000000001
2010-07-09 08:00:00,3.409
2010-07-09 09:00:00,8.405000000000001
2010-07-09 10:00:00,24.117
2010-07-09 11:00:00,29.879
2010-07-09 12:00:00,16.52
2010-07-09 13:00:00,14.182
2010-07-09 14:00:00,13.051
2010-07-09 15:00:00,2.92
2010-07-09 16:00:00,0.087
2010-07-09 17:00:00,0.0
2010-07-09 18:00:00,0.0
2010-07-09 19:00:00,0.0
2010-07-09 20:00:00,0.0
2010-07-09 21:00:00,0.0
2010-07-09 22:00:00,0.0
2010-07-09 23:00:00,0.0
2010-07-10 00:00:00,0.0
2010-07-10 01:00:00,0.0
2010-07-10 02:00:00,0.0
2010-07-10 03:00:00,0.0
2010-07-10 04:00:00,0.0
2010-07-10 05:00:00,0.0
2010-07-10 06:00:00,0.0
2010-07-10 07:00:00,4.123999999999999
2010-07-10 08:00:00,16.965
2010-07-10 09:00:00,29.58
2010-07-10 10:00:00,35.569
2010-07-10 11:00:00,39.474
2010-07-10 12:00:00,30.763
2010-07-10 13:00:00,24.633
2010-07-10 14:00:00,10.845
2010-07-10 15:00:00,8.745000000000003
2010-07-10 16:00:00,1.003
2010-07-10 17:00:00,0.0
2010-07-10 18:00:00,0.0
2010-07-10 19:00:00,0.0
2010-07-10 20:00:00,0.0
2010-07-10 21:00:00,0.0
2010-07-10 22:00:00,0.0
2010-07-10 23:00:00,0.0
2010-07-11 00:00:00,0.0
2010-07-11 01:00:00,0.0
2010-07-11 02:00:00,0.0
2010-07-11 03:00:00,0.0
2010-07-11 04:00:00,0.0
2010-07-11 05:00:00,0.0
2010-07-11 06:00:00,0.0
2010-07-11 07:00:00,0.5710000000000003
2010-07-11 08:00:00,6.954
2010-07-11 09:00:00,8.174000000000001
2010-07-11 10:00:00,8.499999999999998
2010-07-11 11:00:00,9.843000000000002
2010-07-11 12:00:00,7.153
2010-07-11 13:00:00,9.273000000000001
2010-07-11 14:00:00,8.714
2010-07-11 15:00:00,5.671000000000002
2010-07-11 16:00:00,0.8820000000000005
2010-07-11 17:00:00,0.0
2010-07-11 18:00:00,0.0
2010-07-11 19:00:00,0.0
2010-07-11 20:00:00,0.0
2010-07-11 21:00:00,0.0
2010-07-11 22:00:00,0.0
2010-07-11 23:00:00,0.0
2010-07-12 00:00:00,0.0
2010-07-12 01:00:00,0.0
2010-07-12 02:00:00,0.0
2010-07-12 03:00:00,0.0
2010-07-12 04:00:00,0.0
2010-07-12 05:00:00,0.0
2010-07-12 06:00:00,0.0
2010-07-12 07:00:00,0.4810000000000002
2010-07-12 08:00:00,2.733999999999999
2010-07-12 09:00:00,5.329000000000002
2010-07-12 10:00:00,9.740999999999996
2010-07-12 11:00:00,11.885
2010-07-12 12:00:00,13.61
2010-07-12 13:00:00,11.641
2010-07-12 14:00:00,10.6
2010-07-12 15:00:00,5.077999999999999
2010-07-12 16:00:00,0.7610000000000003
2010-07-12 17:00:00,0.0
2010-07-12 18:00:00,0.0
2010-07-12 19:00:00,0.0
2010-07-12 20:00:00,0.0
2010-07-12 21:00:00,0.0
2010-07-12 22:00:00,0.0
2010-07-12 23:00:00,0.0
2010-07-13 00:00:00,0.0
2010-07-13 01:00:00,0.0
2010-07-13 02:00:00,0.0
2010-07-13 03:00:00,0.0
2010-07-13 04:00:00,0.0
2010-07-13 05:00:00,0.0
2010-07-13 06:00:00,0.0
2010-07-13 07:00:00,0.7320000000000003
2010-07-13 08:00:00,9.323
2010-07-13 09:00:00,22.363
2010-07-13 10:00:00,32.46100000000001
2010-07-13 11:00:00,23.45000000000001
2010-07-13 12:00:00,16.074
2010-07-13 13:00:00,11.358
2010-07-13 14:00:00,13.545
2010-07-13 15:00:00,3.146999999999999
2010-07-13 16:00:00,0.155
2010-07-13 17:00:00,0.0
2010-07-13 18:00:00,0.0
2010-07-13 19:00:00,0.0
2010-07-13 20:00:00,0.0
2010-07-13 21:00:00,0.0
2010-07-13 22:00:00,0.0
2010-07-13 23:00:00,0.0
2010-07-14 00:00:00,0.0
2010-07-14 01:00:00,0.0
2010-07-14 02:00:00,0.0
2010-07-14 03:00:00,0.0
2010-07-14 04:00:00,0.0
2010-07-14 05:00:00,0.0
2010-07-14 06:00:00,0.0
2010-07-14 07:00:00,0.0
2010-07-14 08:00:00,0.285
2010-07-14 09:00:00,12.425
2010-07-14 10:00:00,37.66
2010-07-14 11:00:00,41.76699999999999
2010-07-14 12:00:00,44.31800000000001
2010-07-14 13:00:00,38.577
2010-07-14 14:00:00,30.837
2010-07-14 15:00:00,17.3
2010-07-14 16:00:00,3.419
2010-07-14 17:00:00,0.0
2010-07-14 18:00:00,0.0
2010-07-14 19:00:00,0.0
2010-07-14 20:00:00,0.0
2010-07-14 21:00:00,0.0
2010-07-14 22:00:00,0.0
2010-07-14 23:00:00,0.0
2010-07-15 00:00:00,0.0
2010-07-15 01:00:00,0.0
2010-07-15 02:00:00,0.0
2010-07-15 03:00:00,0.0
2010-07-15 04:00:00,0.0
2010-07-15 05:00:00,0.0
2010-07-15 06:00:00,0.0
2010-07-15 07:00:00,4.133000000000001
2010-07-15 08:00:00,17.048
2010-07-15 09:00:00,30.978
2010-07-15 10:00:00,41.11199999999999
2010-07-15 11:00:00,44.801
2010-07-15 12:00:00,44.12799999999999
2010-07-15 13:00:00,35.05900000000001
2010-07-15 14:00:00,26.60099999999999
2010-07-15 15:00:00,15.207
2010-07-15 16:00:00,2.286
2010-07-15 17:00:00,0.0
2010-07-15 18:00:00,0.0
2010-07-15 19:00:00,0.0
2010-07-15 20:00:00,0.0
2010-07-15 21:00:00,0.0
2010-07-15 22:00:00,0.0
2010-07-15 23:00:00,0.0
2010-07-16 00:00:00,0.0
2010-07-16 01:00:00,0.0
2010-07-16 02:00:00,0.0
2010-07-16 03:00:00,0.0
2010-07-16 04:00:00,0.0
2010-07-16 05:00:00,0.0
2010-07-16 06:00:00,0.0
2010-07-16 07:00:00,4.066999999999999
2010-07-16 08:00:00,16.741
2010-07-16 09:00:00,30.578
2010-07-16 10:00:00,40.26299999999999
2010-07-16 11:00:00,44.51300000000001
2010-07-16 12:00:00,43.271
2010-07-16 13:00:00,37.626
2010-07-16 14:00:00,29.203
2010-07-16 15:00:00,16.538
2010-07-16 16:00:00,3.373
2010-07-16 17:00:00,0.0
2010-07-16 18:00:00,0.0
2010-07-16 19:00:00,0.0
2010-07-16 20:00:00,0.0
2010-07-16 21:00:00,0.0
2010-07-16 22:00:00,0.0
2010-07-16 23:00:00,0.0
2010-07-17 00:00:00,0.0
2010-07-17 01:00:00,0.0
2010-07-17 02:00:00,0.0
2010-07-17 03:00:00,0.0
2010-07-17 04:00:00,0.0
2010-07-17 05:00:00,0.0
2010-07-17 06:00:00,0.0
2010-07-17 07:00:00,0.6650000000000003
2010-07-17 08:00:00,7.321999999999999
2010-07-17 09:00:00,25.154
2010-07-17 10:00:00,36.33100000000002
2010-07-17 11:00:00,30.404
2010-07-17 12:00:00,34.22
2010-07-17 13:00:00,31.605
2010-07-17 14:00:00,28.66800000000001
2010-07-17 15:00:00,17.032
2010-07-17 16:00:00,3.435
2010-07-17 17:00:00,0.0
2010-07-17 18:00:00,0.0
2010-07-17 19:00:00,0.0
2010-07-17 20:00:00,0.0
2010-07-17 21:00:00,0.0
2010-07-17 22:00:00,0.0
2010-07-17 23:00:00,0.0
2010-07-18 00:00:00,0.0
2010-07-18 01:00:00,0.0
2010-07-18 02:00:00,0.0
2010-07-18 03:00:00,0.0
2010-07-18 04:00:00,0.0
2010-07-18 05:00:00,0.0
2010-07-18 06:00:00,0.0
2010-07-18 07:00:00,4.531
2010-07-18 08:00:00,17.68
2010-07-18 09:00:00,32.157
2010-07-18 10:00:00,41.55099999999999
2010-07-18 11:00:00,45.051
2010-07-18 12:00:00,44.99199999999997
2010-07-18 13:00:00,39.188
2010-07-18 14:00:00,30.88800000000001
2010-07-18 15:00:00,17.61
2010-07-18 16:00:00,3.567999999999999
2010-07-18 17:00:00,0.0
2010-07-18 18:00:00,0.0
2010-07-18 19:00:00,0.0
2010-07-18 20:00:00,0.0
2010-07-18 21:00:00,0.0
2010-07-18 22:00:00,0.0
2010-07-18 23:00:00,0.0
2010-07-19 00:00:00,0.0
2010-07-19 01:00:00,0.0
2010-07-19 02:00:00,0.0
2010-07-19 03:00:00,0.0
2010-07-19 04:00:00,0.0
2010-07-19 05:00:00,0.0
2010-07-19 06:00:00,0.0
2010-07-19 07:00:00,2.144999999999999
2010-07-19 08:00:00,9.383000000000001
2010-07-19 09:00:00,17.613
2010-07-19 10:00:00,13.609
2010-07-19 11:00:00,18.997
2010-07-19 12:00:00,20.069
2010-07-19 13:00:00,21.767
2010-07-19 14:00:00,8.856
2010-07-19 15:00:00,2.831
2010-07-19 16:00:00,1.494
2010-07-19 17:00:00,0.0
2010-07-19 18:00:00,0.0
2010-07-19 19:00:00,0.0
2010-07-19 20:00:00,0.0
2010-07-19 21:00:00,0.0
2010-07-19 22:00:00,0.0
2010-07-19 23:00:00,0.0
2010-07-20 00:00:00,0.0
2010-07-20 01:00:00,0.0
2010-07-20 02:00:00,0.0
2010-07-20 03:00:00,0.0
2010-07-20 04:00:00,0.0
2010-07-20 05:00:00,0.0
2010-07-20 06:00:00,0.0
2010-07-20 07:00:00,0.7040000000000003
2010-07-20 08:00:00,9.78
2010-07-20 09:00:00,20.642
2010-07-20 10:00:00,41.09599999999999
2010-07-20 11:00:00,42.88100000000001
2010-07-20 12:00:00,38.462
2010-07-20 13:00:00,21.229
2010-07-20 14:00:00,15.137
2010-07-20 15:00:00,14.098
2010-07-20 16:00:00,4.709999999999999
2010-07-20 17:00:00,0.0
2010-07-20 18:00:00,0.0
2010-07-20 19:00:00,0.0
2010-07-20 20:00:00,0.0
2010-07-20 21:00:00,0.0
2010-07-20 22:00:00,0.0
2010-07-20 23:00:00,0.0
2010-07-21 00:00:00,0.0
2010-07-21 01:00:00,0.0
2010-07-21 02:00:00,0.0
2010-07-21 03:00:00,0.0
2010-07-21 04:00:00,0.0
2010-07-21 05:00:00,0.0
2010-07-21 06:00:00,0.0
2010-07-21 07:00:00,3.111999999999999
2010-07-21 08:00:00,14.911
2010-07-21 09:00:00,23.114
2010-07-21 10:00:00,24.453
2010-07-21 11:00:00,31.29000000000001
2010-07-21 12:00:00,43.831
2010-07-21 13:00:00,34.02799999999999
2010-07-21 14:00:00,29.47099999999999
2010-07-21 15:00:00,21.587
2010-07-21 16:00:00,5.089
2010-07-21 17:00:00,0.0
2010-07-21 18:00:00,0.0
2010-07-21 19:00:00,0.0
2010-07-21 20:00:00,0.0
2010-07-21 21:00:00,0.0
2010-07-21 22:00:00,0.0
2010-07-21 23:00:00,0.0
2010-07-22 00:00:00,0.0
2010-07-22 01:00:00,0.0
2010-07-22 02:00:00,0.0
2010-07-22 03:00:00,0.0
2010-07-22 04:00:00,0.0
2010-07-22 05:00:00,0.0
2010-07-22 06:00:00,0.0
2010-07-22 07:00:00,1.934999999999999
2010-07-22 08:00:00,9.059000000000001
2010-07-22 09:00:00,18.687
2010-07-22 10:00:00,32.539
2010-07-22 11:00:00,43.02100000000001
2010-07-22 12:00:00,37.761
2010-07-22 13:00:00,17.113
2010-07-22 14:00:00,23.937
2010-07-22 15:00:00,18.80399999999999
2010-07-22 16:00:00,3.859999999999999
2010-07-22 17:00:00,0.0
2010-07-22 18:00:00,0.0
2010-07-22 19:00:00,0.0
2010-07-22 20:00:00,0.0
2010-07-22 21:00:00,0.0
2010-07-22 22:00:00,0.0
2010-07-22 23:00:00,0.0
2010-07-23 00:00:00,0.0
2010-07-23 01:00:00,0.0
2010-07-23 02:00:00,0.0
2010-07-23 03:00:00,0.0
2010-07-23 04:00:00,0.0
2010-07-23 05:00:00,0.0
2010-07-23 06:00:00,0.0
2010-07-23 07:00:00,1.008
2010-07-23 08:00:00,15.062
2010-07-23 09:00:00,24.195
2010-07-23 10:00:00,21.403
2010-07-23 11:00:00,35.07700000000001
2010-07-23 12:00:00,30.198
2010-07-23 13:00:00,20.874
2010-07-23 14:00:00,21.582
2010-07-23 15:00:00,16.495
2010-07-23 16:00:00,1.139
2010-07-23 17:00:00,0.0
2010-07-23 18:00:00,0.0
2010-07-23 19:00:00,0.0
2010-07-23 20:00:00,0.0
2010-07-23 21:00:00,0.0
2010-07-23 22:00:00,0.0
2010-07-23 23:00:00,0.0
2010-07-24 00:00:00,0.0
2010-07-24 01:00:00,0.0
2010-07-24 02:00:00,0.0
2010-07-24 03:00:00,0.0
2010-07-24 04:00:00,0.0
2010-07-24 05:00:00,0.0
2010-07-24 06:00:00,0.0
2010-07-24 07:00:00,2.356
2010-07-24 08:00:00,6.216999999999999
2010-07-24 09:00:00,19.223
2010-07-24 10:00:00,34.221
2010-07-24 11:00:00,34.05099999999999
2010-07-24 12:00:00,26.527
2010-07-24 13:00:00,35.146
2010-07-24 14:00:00,25.34000000000001
2010-07-24 15:00:00,10.664
2010-07-24 16:00:00,1.389
2010-07-24 17:00:00,0.0
2010-07-24 18:00:00,0.0
2010-07-24 19:00:00,0.0
2010-07-24 20:00:00,0.0
2010-07-24 21:00:00,0.0
2010-07-24 22:00:00,0.0
2010-07-24 23:00:00,0.0
2010-07-25 00:00:00,0.0
2010-07-25 01:00:00,0.0
2010-07-25 02:00:00,0.0
2010-07-25 03:00:00,0.0
2010-07-25 04:00:00,0.0
2010-07-25 05:00:00,0.0
2010-07-25 06:00:00,0.0
2010-07-25 07:00:00,3.676
2010-07-25 08:00:00,13.844
2010-07-25 09:00:00,29.20899999999999
2010-07-25 10:00:00,39.27999999999999
2010-07-25 11:00:00,40.639
2010-07-25 12:00:00,16.145
2010-07-25 13:00:00,22.51300000000001
2010-07-25 14:00:00,12.436
2010-07-25 15:00:00,11.433
2010-07-25 16:00:00,0.8290000000000004
2010-07-25 17:00:00,0.0
2010-07-25 18:00:00,0.0
2010-07-25 19:00:00,0.0
2010-07-25 20:00:00,0.0
2010-07-25 21:00:00,0.0
2010-07-25 22:00:00,0.0
2010-07-25 23:00:00,0.0
2010-07-26 00:00:00,0.0
2010-07-26 01:00:00,0.0
2010-07-26 02:00:00,0.0
2010-07-26 03:00:00,0.0
2010-07-26 04:00:00,0.0
2010-07-26 05:00:00,0.0
2010-07-26 06:00:00,0.0
2010-07-26 07:00:00,1.025
2010-07-26 08:00:00,6.473999999999999
2010-07-26 09:00:00,26.465
2010-07-26 10:00:00,40.42600000000001
2010-07-26 11:00:00,29.75200000000001
2010-07-26 12:00:00,32.883
2010-07-26 13:00:00,30.685
2010-07-26 14:00:00,26.83300000000001
2010-07-26 15:00:00,11.246
2010-07-26 16:00:00,2.033
2010-07-26 17:00:00,0.0
2010-07-26 18:00:00,0.0
2010-07-26 19:00:00,0.0
2010-07-26 20:00:00,0.0
2010-07-26 21:00:00,0.0
2010-07-26 22:00:00,0.0
2010-07-26 23:00:00,0.0
2010-07-27 00:00:00,0.0
2010-07-27 01:00:00,0.0
2010-07-27 02:00:00,0.0
2010-07-27 03:00:00,0.0
2010-07-27 04:00:00,0.0
2010-07-27 05:00:00,0.0
2010-07-27 06:00:00,0.0
2010-07-27 07:00:00,2.552
2010-07-27 08:00:00,3.668
2010-07-27 09:00:00,4.561
2010-07-27 10:00:00,12.321
2010-07-27 11:00:00,7.178000000000001
2010-07-27 12:00:00,8.473999999999998
2010-07-27 13:00:00,6.131000000000001
2010-07-27 14:00:00,3.331
2010-07-27 15:00:00,1.786
2010-07-27 16:00:00,0.193
2010-07-27 17:00:00,0.0
2010-07-27 18:00:00,0.0
2010-07-27 19:00:00,0.0
2010-07-27 20:00:00,0.0
2010-07-27 21:00:00,0.0
2010-07-27 22:00:00,0.0
2010-07-27 23:00:00,0.0
2010-07-28 00:00:00,0.0
2010-07-28 01:00:00,0.0
2010-07-28 02:00:00,0.0
2010-07-28 03:00:00,0.0
2010-07-28 04:00:00,0.0
2010-07-28 05:00:00,0.0
2010-07-28 06:00:00,0.0
2010-07-28 07:00:00,0.5870000000000003
2010-07-28 08:00:00,4.275
2010-07-28 09:00:00,4.369000000000002
2010-07-28 10:00:00,6.715000000000001
2010-07-28 11:00:00,3.247
2010-07-28 12:00:00,2.548
2010-07-28 13:00:00,1.924
2010-07-28 14:00:00,0.6790000000000003
2010-07-28 15:00:00,0.0
2010-07-28 16:00:00,0.0
2010-07-28 17:00:00,0.0
2010-07-28 18:00:00,0.0
2010-07-28 19:00:00,0.0
2010-07-28 20:00:00,0.0
2010-07-28 21:00:00,0.0
2010-07-28 22:00:00,0.0
2010-07-28 23:00:00,0.0
2010-07-29 00:00:00,0.0
2010-07-29 01:00:00,0.0
2010-07-29 02:00:00,0.0
2010-07-29 03:00:00,0.0
2010-07-29 04:00:00,0.0
2010-07-29 05:00:00,0.0
2010-07-29 06:00:00,0.013
2010-07-29 07:00:00,2.181999999999999
2010-07-29 08:00:00,6.769000000000001
2010-07-29 09:00:00,11.272
2010-07-29 10:00:00,5.321999999999998
2010-07-29 11:00:00,4.050000000000001
2010-07-29 12:00:00,4.171
2010-07-29 13:00:00,3.764000000000001
2010-07-29 14:00:00,3.200999999999999
2010-07-29 15:00:00,2.661999999999999
2010-07-29 16:00:00,0.134
2010-07-29 17:00:00,0.0
2010-07-29 18:00:00,0.0
2010-07-29 19:00:00,0.0
2010-07-29 20:00:00,0.0
2010-07-29 21:00:00,0.0
2010-07-29 22:00:00,0.0
2010-07-29 23:00:00,0.0
2010-07-30 00:00:00,0.0
2010-07-30 01:00:00,0.0
2010-07-30 02:00:00,0.0
2010-07-30 03:00:00,0.0
2010-07-30 04:00:00,0.0
2010-07-30 05:00:00,0.0
2010-07-30 06:00:00,0.019
2010-07-30 07:00:00,6.076
2010-07-30 08:00:00,8.735999999999999
2010-07-30 09:00:00,20.009
2010-07-30 10:00:00,38.388
2010-07-30 11:00:00,37.82799999999999
2010-07-30 12:00:00,26.448
2010-07-30 13:00:00,20.51300000000001
2010-07-30 14:00:00,10.389
2010-07-30 15:00:00,5.504
2010-07-30 16:00:00,0.2870000000000001
2010-07-30 17:00:00,0.0
2010-07-30 18:00:00,0.0
2010-07-30 19:00:00,0.0
2010-07-30 20:00:00,0.0
2010-07-30 21:00:00,0.0
2010-07-30 22:00:00,0.0
2010-07-30 23:00:00,0.0
2010-07-31 00:00:00,0.0
2010-07-31 01:00:00,0.0
2010-07-31 02:00:00,0.0
2010-07-31 03:00:00,0.0
2010-07-31 04:00:00,0.0
2010-07-31 05:00:00,0.0
2010-07-31 06:00:00,0.0
2010-07-31 07:00:00,0.4990000000000002
2010-07-31 08:00:00,2.777999999999999
2010-07-31 09:00:00,10.617
2010-07-31 10:00:00,24.499
2010-07-31 11:00:00,33.763
2010-07-31 12:00:00,15.913
2010-07-31 13:00:00,17.489
2010-07-31 14:00:00,30.123
2010-07-31 15:00:00,18.653
2010-07-31 16:00:00,4.848
2010-07-31 17:00:00,0.0
2010-07-31 18:00:00,0.0
2010-07-31 19:00:00,0.0
2010-07-31 20:00:00,0.0
2010-07-31 21:00:00,0.0
2010-07-31 22:00:00,0.0
2010-07-31 23:00:00,0.0
2010-08-01 00:00:00,0.0
2010-08-01 01:00:00,0.0
2010-08-01 02:00:00,0.0
2010-08-01 03:00:00,0.0
2010-08-01 04:00:00,0.0
2010-08-01 05:00:00,0.0
2010-08-01 06:00:00,0.051
2010-08-01 07:00:00,6.304999999999999
2010-08-01 08:00:00,20.456
2010-08-01 09:00:00,34.95299999999999
2010-08-01 10:00:00,45.611
2010-08-01 11:00:00,49.604
2010-08-01 12:00:00,49.552
2010-08-01 13:00:00,44.51800000000001
2010-08-01 14:00:00,34.947
2010-08-01 15:00:00,20.777
2010-08-01 16:00:00,5.534
2010-08-01 17:00:00,0.0
2010-08-01 18:00:00,0.0
2010-08-01 19:00:00,0.0
2010-08-01 20:00:00,0.0
2010-08-01 21:00:00,0.0
2010-08-01 22:00:00,0.0
2010-08-01 23:00:00,0.0
2010-08-02 00:00:00,0.0
2010-08-02 01:00:00,0.0
2010-08-02 02:00:00,0.0
2010-08-02 03:00:00,0.0
2010-08-02 04:00:00,0.0
2010-08-02 05:00:00,0.0
2010-08-02 06:00:00,0.057
2010-08-02 07:00:00,6.633999999999999
2010-08-02 08:00:00,20.172
2010-08-02 09:00:00,34.655
2010-08-02 10:00:00,30.303
2010-08-02 11:00:00,29.998
2010-08-02 12:00:00,50.41800000000001
2010-08-02 13:00:00,45.03899999999999
2010-08-02 14:00:00,28.719
2010-08-02 15:00:00,20.04
2010-08-02 16:00:00,5.537
2010-08-02 17:00:00,0.0
2010-08-02 18:00:00,0.0
2010-08-02 19:00:00,0.0
2010-08-02 20:00:00,0.0
2010-08-02 21:00:00,0.0
2010-08-02 22:00:00,0.0
2010-08-02 23:00:00,0.0
2010-08-03 00:00:00,0.0
2010-08-03 01:00:00,0.0
2010-08-03 02:00:00,0.0
2010-08-03 03:00:00,0.0
2010-08-03 04:00:00,0.0
2010-08-03 05:00:00,0.0
2010-08-03 06:00:00,0.0
2010-08-03 07:00:00,0.7020000000000003
2010-08-03 08:00:00,2.048
2010-08-03 09:00:00,1.205
2010-08-03 10:00:00,6.876000000000002
2010-08-03 11:00:00,10.886
2010-08-03 12:00:00,28.14
2010-08-03 13:00:00,16.719
2010-08-03 14:00:00,26.912
2010-08-03 15:00:00,18.973
2010-08-03 16:00:00,1.924
2010-08-03 17:00:00,0.0
2010-08-03 18:00:00,0.0
2010-08-03 19:00:00,0.0
2010-08-03 20:00:00,0.0
2010-08-03 21:00:00,0.0
2010-08-03 22:00:00,0.0
2010-08-03 23:00:00,0.0
2010-08-04 00:00:00,0.0
2010-08-04 01:00:00,0.0
2010-08-04 02:00:00,0.0
2010-08-04 03:00:00,0.0
2010-08-04 04:00:00,0.0
2010-08-04 05:00:00,0.0
2010-08-04 06:00:00,0.064
2010-08-04 07:00:00,7.506000000000001
2010-08-04 08:00:00,21.847
2010-08-04 09:00:00,34.837
2010-08-04 10:00:00,45.54000000000001
2010-08-04 11:00:00,48.065
2010-08-04 12:00:00,45.39999999999999
2010-08-04 13:00:00,40.70599999999999
2010-08-04 14:00:00,35.50999999999999
2010-08-04 15:00:00,21.959
2010-08-04 16:00:00,6.157999999999999
2010-08-04 17:00:00,0.0
2010-08-04 18:00:00,0.0
2010-08-04 19:00:00,0.0
2010-08-04 20:00:00,0.0
2010-08-04 21:00:00,0.0
2010-08-04 22:00:00,0.0
2010-08-04 23:00:00,0.0
2010-08-05 00:00:00,0.0
2010-08-05 01:00:00,0.0
2010-08-05 02:00:00,0.0
2010-08-05 03:00:00,0.0
2010-08-05 04:00:00,0.0
2010-08-05 05:00:00,0.0
2010-08-05 06:00:00,0.038
2010-08-05 07:00:00,1.585
2010-08-05 08:00:00,14.165
2010-08-05 09:00:00,36.792
2010-08-05 10:00:00,39.64400000000001
2010-08-05 11:00:00,49.14799999999999
2010-08-05 12:00:00,44.90099999999999
2010-08-05 13:00:00,41.586
2010-08-05 14:00:00,31.97800000000001
2010-08-05 15:00:00,18.285
2010-08-05 16:00:00,4.887999999999999
2010-08-05 17:00:00,0.0
2010-08-05 18:00:00,0.0
2010-08-05 19:00:00,0.0
2010-08-05 20:00:00,0.0
2010-08-05 21:00:00,0.0
2010-08-05 22:00:00,0.0
2010-08-05 23:00:00,0.0
2010-08-06 00:00:00,0.0
2010-08-06 01:00:00,0.0
2010-08-06 02:00:00,0.0
2010-08-06 03:00:00,0.0
2010-08-06 04:00:00,0.0
2010-08-06 05:00:00,0.0
2010-08-06 06:00:00,0.114
2010-08-06 07:00:00,7.807999999999999
2010-08-06 08:00:00,21.68399999999999
2010-08-06 09:00:00,36.25500000000002
2010-08-06 10:00:00,47.549
2010-08-06 11:00:00,51.689
2010-08-06 12:00:00,50.657
2010-08-06 13:00:00,46.17099999999999
2010-08-06 14:00:00,36.64400000000001
2010-08-06 15:00:00,22.36000000000001
2010-08-06 16:00:00,6.281999999999999
2010-08-06 17:00:00,0.0
2010-08-06 18:00:00,0.0
2010-08-06 19:00:00,0.0
2010-08-06 20:00:00,0.0
2010-08-06 21:00:00,0.0
2010-08-06 22:00:00,0.0
2010-08-06 23:00:00,0.0
2010-08-07 00:00:00,0.0
2010-08-07 01:00:00,0.0
2010-08-07 02:00:00,0.0
2010-08-07 03:00:00,0.0
2010-08-07 04:00:00,0.0
2010-08-07 05:00:00,0.0
2010-08-07 06:00:00,0.0
2010-08-07 07:00:00,7.384999999999999
2010-08-07 08:00:00,22.504
2010-08-07 09:00:00,37.50300000000001
2010-08-07 10:00:00,48.74300000000001
2010-08-07 11:00:00,52.693
2010-08-07 12:00:00,51.769
2010-08-07 13:00:00,46.16699999999999
2010-08-07 14:00:00,37.24299999999999
2010-08-07 15:00:00,22.551
2010-08-07 16:00:00,6.478000000000001
2010-08-07 17:00:00,0.0
2010-08-07 18:00:00,0.0
2010-08-07 19:00:00,0.0
2010-08-07 20:00:00,0.0
2010-08-07 21:00:00,0.0
2010-08-07 22:00:00,0.0
2010-08-07 23:00:00,0.0
2010-08-08 00:00:00,0.0
2010-08-08 01:00:00,0.0
2010-08-08 02:00:00,0.0
2010-08-08 03:00:00,0.0
2010-08-08 04:00:00,0.0
2010-08-08 05:00:00,0.0
2010-08-08 06:00:00,0.164
2010-08-08 07:00:00,6.899999999999999
2010-08-08 08:00:00,23.066
2010-08-08 09:00:00,36.50500000000001
2010-08-08 10:00:00,46.27800000000001
2010-08-08 11:00:00,42.12199999999999
2010-08-08 12:00:00,36.48600000000001
2010-08-08 13:00:00,38.336
2010-08-08 14:00:00,35.557
2010-08-08 15:00:00,22.378
2010-08-08 16:00:00,4.981
2010-08-08 17:00:00,0.013
2010-08-08 18:00:00,0.0
2010-08-08 19:00:00,0.0
2010-08-08 20:00:00,0.0
2010-08-08 21:00:00,0.0
2010-08-08 22:00:00,0.0
2010-08-08 23:00:00,0.0
2010-08-09 00:00:00,0.0
2010-08-09 01:00:00,0.0
2010-08-09 02:00:00,0.0
2010-08-09 03:00:00,0.0
2010-08-09 04:00:00,0.0
2010-08-09 05:00:00,0.0
2010-08-09 06:00:00,0.183
2010-08-09 07:00:00,8.900999999999996
2010-08-09 08:00:00,24.067
2010-08-09 09:00:00,38.064
2010-08-09 10:00:00,47.882
2010-08-09 11:00:00,50.612
2010-08-09 12:00:00,49.447
2010-08-09 13:00:00,44.901
2010-08-09 14:00:00,36.29999999999999
2010-08-09 15:00:00,22.433
2010-08-09 16:00:00,6.871999999999998
2010-08-09 17:00:00,0.0
2010-08-09 18:00:00,0.0
2010-08-09 19:00:00,0.0
2010-08-09 20:00:00,0.0
2010-08-09 21:00:00,0.0
2010-08-09 22:00:00,0.0
2010-08-09 23:00:00,0.0
2010-08-10 00:00:00,0.0
2010-08-10 01:00:00,0.0
2010-08-10 02:00:00,0.0
2010-08-10 03:00:00,0.0
2010-08-10 04:00:00,0.0
2010-08-10 05:00:00,0.0
2010-08-10 06:00:00,0.0
2010-08-10 07:00:00,0.4530000000000001
2010-08-10 08:00:00,1.78
2010-08-10 09:00:00,4.277
2010-08-10 10:00:00,11.078
2010-08-10 11:00:00,4.648000000000001
2010-08-10 12:00:00,10.977
2010-08-10 13:00:00,7.345
2010-08-10 14:00:00,2.34
2010-08-10 15:00:00,2.525
2010-08-10 16:00:00,0.8030000000000003
2010-08-10 17:00:00,0.0
2010-08-10 18:00:00,0.0
2010-08-10 19:00:00,0.0
2010-08-10 20:00:00,0.0
2010-08-10 21:00:00,0.0
2010-08-10 22:00:00,0.0
2010-08-10 23:00:00,0.0
2010-08-11 00:00:00,0.0
2010-08-11 01:00:00,0.0
2010-08-11 02:00:00,0.0
2010-08-11 03:00:00,0.0
2010-08-11 04:00:00,0.0
2010-08-11 05:00:00,0.0
2010-08-11 06:00:00,0.0
2010-08-11 07:00:00,2.211999999999999
2010-08-11 08:00:00,11.227
2010-08-11 09:00:00,15.137
2010-08-11 10:00:00,25.853
2010-08-11 11:00:00,26.474
2010-08-11 12:00:00,39.724
2010-08-11 13:00:00,46.19099999999999
2010-08-11 14:00:00,32.13999999999999
2010-08-11 15:00:00,12.024
2010-08-11 16:00:00,6.187000000000001
2010-08-11 17:00:00,0.013
2010-08-11 18:00:00,0.0
2010-08-11 19:00:00,0.0
2010-08-11 20:00:00,0.0
2010-08-11 21:00:00,0.0
2010-08-11 22:00:00,0.0
2010-08-11 23:00:00,0.0
2010-08-12 00:00:00,0.0
2010-08-12 01:00:00,0.0
2010-08-12 02:00:00,0.0
2010-08-12 03:00:00,0.0
2010-08-12 04:00:00,0.0
2010-08-12 05:00:00,0.0
2010-08-12 06:00:00,0.157
2010-08-12 07:00:00,7.582999999999998
2010-08-12 08:00:00,18.464
2010-08-12 09:00:00,38.761
2010-08-12 10:00:00,44.601
2010-08-12 11:00:00,51.095
2010-08-12 12:00:00,44.785
2010-08-12 13:00:00,39.356
2010-08-12 14:00:00,29.898
2010-08-12 15:00:00,7.844000000000001
2010-08-12 16:00:00,1.648
2010-08-12 17:00:00,0.0
2010-08-12 18:00:00,0.0
2010-08-12 19:00:00,0.0
2010-08-12 20:00:00,0.0
2010-08-12 21:00:00,0.0
2010-08-12 22:00:00,0.0
2010-08-12 23:00:00,0.0
2010-08-13 00:00:00,0.0
2010-08-13 01:00:00,0.0
2010-08-13 02:00:00,0.0
2010-08-13 03:00:00,0.0
2010-08-13 04:00:00,0.0
2010-08-13 05:00:00,0.0
2010-08-13 06:00:00,0.09400000000000001
2010-08-13 07:00:00,9.11
2010-08-13 08:00:00,24.04600000000001
2010-08-13 09:00:00,38.73200000000001
2010-08-13 10:00:00,48.84499999999999
2010-08-13 11:00:00,50.508
2010-08-13 12:00:00,28.78100000000001
2010-08-13 13:00:00,24.756
2010-08-13 14:00:00,31.682
2010-08-13 15:00:00,20.786
2010-08-13 16:00:00,6.422999999999999
2010-08-13 17:00:00,0.044
2010-08-13 18:00:00,0.0
2010-08-13 19:00:00,0.0
2010-08-13 20:00:00,0.0
2010-08-13 21:00:00,0.0
2010-08-13 22:00:00,0.0
2010-08-13 23:00:00,0.0
2010-08-14 00:00:00,0.0
2010-08-14 01:00:00,0.0
2010-08-14 02:00:00,0.0
2010-08-14 03:00:00,0.0
2010-08-14 04:00:00,0.0
2010-08-14 05:00:00,0.0
2010-08-14 06:00:00,0.38
2010-08-14 07:00:00,9.62
2010-08-14 08:00:00,24.60200000000001
2010-08-14 09:00:00,39.2
2010-08-14 10:00:00,50.04299999999999
2010-08-14 11:00:00,53.13700000000001
2010-08-14 12:00:00,52.61199999999999
2010-08-14 13:00:00,47.713
2010-08-14 14:00:00,38.12200000000001
2010-08-14 15:00:00,23.341
2010-08-14 16:00:00,7.401
2010-08-14 17:00:00,0.044
2010-08-14 18:00:00,0.0
2010-08-14 19:00:00,0.0
2010-08-14 20:00:00,0.0
2010-08-14 21:00:00,0.0
2010-08-14 22:00:00,0.0
2010-08-14 23:00:00,0.0
2010-08-15 00:00:00,0.0
2010-08-15 01:00:00,0.0
2010-08-15 02:00:00,0.0
2010-08-15 03:00:00,0.0
2010-08-15 04:00:00,0.0
2010-08-15 05:00:00,0.0
2010-08-15 06:00:00,0.038
2010-08-15 07:00:00,7.175
2010-08-15 08:00:00,23.783
2010-08-15 09:00:00,22.657
2010-08-15 10:00:00,49.43300000000001
2010-08-15 11:00:00,54.138
2010-08-15 12:00:00,34.57600000000001
2010-08-15 13:00:00,44.694
2010-08-15 14:00:00,38.511
2010-08-15 15:00:00,21.797
2010-08-15 16:00:00,7.546
2010-08-15 17:00:00,0.044
2010-08-15 18:00:00,0.0
2010-08-15 19:00:00,0.0
2010-08-15 20:00:00,0.0
2010-08-15 21:00:00,0.0
2010-08-15 22:00:00,0.0
2010-08-15 23:00:00,0.0
2010-08-16 00:00:00,0.0
2010-08-16 01:00:00,0.0
2010-08-16 02:00:00,0.0
2010-08-16 03:00:00,0.0
2010-08-16 04:00:00,0.0
2010-08-16 05:00:00,0.0
2010-08-16 06:00:00,0.4620000000000001
2010-08-16 07:00:00,10.22
2010-08-16 08:00:00,25.42600000000001
2010-08-16 09:00:00,37.261
2010-08-16 10:00:00,51.04499999999999
2010-08-16 11:00:00,55.209
2010-08-16 12:00:00,54.38399999999999
2010-08-16 13:00:00,49.74799999999999
2010-08-16 14:00:00,40.10899999999999
2010-08-16 15:00:00,24.60799999999999
2010-08-16 16:00:00,8.041
2010-08-16 17:00:00,0.056
2010-08-16 18:00:00,0.0
2010-08-16 19:00:00,0.0
2010-08-16 20:00:00,0.0
2010-08-16 21:00:00,0.0
2010-08-16 22:00:00,0.0
2010-08-16 23:00:00,0.0
2010-08-17 00:00:00,0.0
2010-08-17 01:00:00,0.0
2010-08-17 02:00:00,0.0
2010-08-17 03:00:00,0.0
2010-08-17 04:00:00,0.0
2010-08-17 05:00:00,0.0
2010-08-17 06:00:00,0.6000000000000001
2010-08-17 07:00:00,11.161
2010-08-17 08:00:00,26.438
2010-08-17 09:00:00,40.81800000000001
2010-08-17 10:00:00,50.55799999999999
2010-08-17 11:00:00,53.72499999999999
2010-08-17 12:00:00,52.261
2010-08-17 13:00:00,48.98999999999999
2010-08-17 14:00:00,38.55700000000001
2010-08-17 15:00:00,21.05
2010-08-17 16:00:00,5.463000000000001
2010-08-17 17:00:00,0.057
2010-08-17 18:00:00,0.0
2010-08-17 19:00:00,0.0
2010-08-17 20:00:00,0.0
2010-08-17 21:00:00,0.0
2010-08-17 22:00:00,0.0
2010-08-17 23:00:00,0.0
2010-08-18 00:00:00,0.0
2010-08-18 01:00:00,0.0
2010-08-18 02:00:00,0.0
2010-08-18 03:00:00,0.0
2010-08-18 04:00:00,0.0
2010-08-18 05:00:00,0.0
2010-08-18 06:00:00,0.127
2010-08-18 07:00:00,8.714
2010-08-18 08:00:00,26.14299999999999
2010-08-18 09:00:00,40.46299999999999
2010-08-18 10:00:00,50.425
2010-08-18 11:00:00,53.15300000000001
2010-08-18 12:00:00,50.754
2010-08-18 13:00:00,40.279
2010-08-18 14:00:00,36.943
2010-08-18 15:00:00,23.03499999999999
2010-08-18 16:00:00,6.726000000000001
2010-08-18 17:00:00,0.05
2010-08-18 18:00:00,0.0
2010-08-18 19:00:00,0.0
2010-08-18 20:00:00,0.0
2010-08-18 21:00:00,0.0
2010-08-18 22:00:00,0.0
2010-08-18 23:00:00,0.0
2010-08-19 00:00:00,0.0
2010-08-19 01:00:00,0.0
2010-08-19 02:00:00,0.0
2010-08-19 03:00:00,0.0
2010-08-19 04:00:00,0.0
2010-08-19 05:00:00,0.0
2010-08-19 06:00:00,0.0
2010-08-19 07:00:00,2.431999999999999
2010-08-19 08:00:00,19.84899999999999
2010-08-19 09:00:00,39.193
2010-08-19 10:00:00,47.077
2010-08-19 11:00:00,45.367
2010-08-19 12:00:00,49.36600000000001
2010-08-19 13:00:00,46.145
2010-08-19 14:00:00,37.749
2010-08-19 15:00:00,23.744
2010-08-19 16:00:00,7.895999999999999
2010-08-19 17:00:00,0.08800000000000001
2010-08-19 18:00:00,0.0
2010-08-19 19:00:00,0.0
2010-08-19 20:00:00,0.0
2010-08-19 21:00:00,0.0
2010-08-19 22:00:00,0.0
2010-08-19 23:00:00,0.0
2010-08-20 00:00:00,0.0
2010-08-20 01:00:00,0.0
2010-08-20 02:00:00,0.0
2010-08-20 03:00:00,0.0
2010-08-20 04:00:00,0.0
2010-08-20 05:00:00,0.0
2010-08-20 06:00:00,0.2350000000000001
2010-08-20 07:00:00,10.926
2010-08-20 08:00:00,26.868
2010-08-20 09:00:00,41.84800000000001
2010-08-20 10:00:00,52.645
2010-08-20 11:00:00,55.33900000000001
2010-08-20 12:00:00,54.003
2010-08-20 13:00:00,50.008
2010-08-20 14:00:00,40.755
2010-08-20 15:00:00,25.278
2010-08-20 16:00:00,8.752
2010-08-20 17:00:00,0.113
2010-08-20 18:00:00,0.0
2010-08-20 19:00:00,0.0
2010-08-20 20:00:00,0.0
2010-08-20 21:00:00,0.0
2010-08-20 22:00:00,0.0
2010-08-20 23:00:00,0.0
2010-08-21 00:00:00,0.0
2010-08-21 01:00:00,0.0
2010-08-21 02:00:00,0.0
2010-08-21 03:00:00,0.0
2010-08-21 04:00:00,0.0
2010-08-21 05:00:00,0.0
2010-08-21 06:00:00,0.7760000000000002
2010-08-21 07:00:00,11.792
2010-08-21 08:00:00,27.674
2010-08-21 09:00:00,43.02200000000001
2010-08-21 10:00:00,53.633
2010-08-21 11:00:00,56.94899999999999
2010-08-21 12:00:00,55.759
2010-08-21 13:00:00,50.938
2010-08-21 14:00:00,41.124
2010-08-21 15:00:00,25.544
2010-08-21 16:00:00,6.499000000000001
2010-08-21 17:00:00,0.132
2010-08-21 18:00:00,0.0
2010-08-21 19:00:00,0.0
2010-08-21 20:00:00,0.0
2010-08-21 21:00:00,0.0
2010-08-21 22:00:00,0.0
2010-08-21 23:00:00,0.0
2010-08-22 00:00:00,0.0
2010-08-22 01:00:00,0.0
2010-08-22 02:00:00,0.0
2010-08-22 03:00:00,0.0
2010-08-22 04:00:00,0.0
2010-08-22 05:00:00,0.0
2010-08-22 06:00:00,0.8870000000000003
2010-08-22 07:00:00,12.307
2010-08-22 08:00:00,28.062
2010-08-22 09:00:00,42.57200000000002
2010-08-22 10:00:00,51.95399999999999
2010-08-22 11:00:00,55.38500000000001
2010-08-22 12:00:00,53.317
2010-08-22 13:00:00,48.619
2010-08-22 14:00:00,26.417
2010-08-22 15:00:00,12.815
2010-08-22 16:00:00,3.264
2010-08-22 17:00:00,0.0
2010-08-22 18:00:00,0.0
2010-08-22 19:00:00,0.0
2010-08-22 20:00:00,0.0
2010-08-22 21:00:00,0.0
2010-08-22 22:00:00,0.0
2010-08-22 23:00:00,0.0
2010-08-23 00:00:00,0.0
2010-08-23 01:00:00,0.0
2010-08-23 02:00:00,0.0
2010-08-23 03:00:00,0.0
2010-08-23 04:00:00,0.0
2010-08-23 05:00:00,0.0
2010-08-23 06:00:00,0.0
2010-08-23 07:00:00,0.5540000000000002
2010-08-23 08:00:00,1.738
2010-08-23 09:00:00,1.875000000000001
2010-08-23 10:00:00,4.573
2010-08-23 11:00:00,6.396999999999999
2010-08-23 12:00:00,5.760999999999999
2010-08-23 13:00:00,4.867999999999999
2010-08-23 14:00:00,4.491000000000001
2010-08-23 15:00:00,3.103
2010-08-23 16:00:00,1.809
2010-08-23 17:00:00,0.013
2010-08-23 18:00:00,0.0
2010-08-23 19:00:00,0.0
2010-08-23 20:00:00,0.0
2010-08-23 21:00:00,0.0
2010-08-23 22:00:00,0.0
2010-08-23 23:00:00,0.0
2010-08-24 00:00:00,0.0
2010-08-24 01:00:00,0.0
2010-08-24 02:00:00,0.0
2010-08-24 03:00:00,0.0
2010-08-24 04:00:00,0.0
2010-08-24 05:00:00,0.0
2010-08-24 06:00:00,1.023
2010-08-24 07:00:00,12.367
2010-08-24 08:00:00,28.305
2010-08-24 09:00:00,43.10899999999999
2010-08-24 10:00:00,52.28400000000001
2010-08-24 11:00:00,47.48299999999998
2010-08-24 12:00:00,42.31099999999999
2010-08-24 13:00:00,34.213
2010-08-24 14:00:00,28.225
2010-08-24 15:00:00,20.13
2010-08-24 16:00:00,2.843
2010-08-24 17:00:00,0.0
2010-08-24 18:00:00,0.0
2010-08-24 19:00:00,0.0
2010-08-24 20:00:00,0.0
2010-08-24 21:00:00,0.0
2010-08-24 22:00:00,0.0
2010-08-24 23:00:00,0.0
2010-08-25 00:00:00,0.0
2010-08-25 01:00:00,0.0
2010-08-25 02:00:00,0.0
2010-08-25 03:00:00,0.0
2010-08-25 04:00:00,0.0
2010-08-25 05:00:00,0.0
2010-08-25 06:00:00,1.132
2010-08-25 07:00:00,12.57
2010-08-25 08:00:00,28.53599999999999
2010-08-25 09:00:00,34.77199999999998
2010-08-25 10:00:00,37.169
2010-08-25 11:00:00,45.02599999999998
2010-08-25 12:00:00,47.41099999999999
2010-08-25 13:00:00,42.89299999999999
2010-08-25 14:00:00,36.83399999999999
2010-08-25 15:00:00,24.439
2010-08-25 16:00:00,9.349
2010-08-25 17:00:00,0.162
2010-08-25 18:00:00,0.0
2010-08-25 19:00:00,0.0
2010-08-25 20:00:00,0.0
2010-08-25 21:00:00,0.0
2010-08-25 22:00:00,0.0
2010-08-25 23:00:00,0.0
2010-08-26 00:00:00,0.0
2010-08-26 01:00:00,0.0
2010-08-26 02:00:00,0.0
2010-08-26 03:00:00,0.0
2010-08-26 04:00:00,0.0
2010-08-26 05:00:00,0.0
2010-08-26 06:00:00,1.143
2010-08-26 07:00:00,12.7
2010-08-26 08:00:00,29.06299999999999
2010-08-26 09:00:00,36.074
2010-08-26 10:00:00,38.626
2010-08-26 11:00:00,47.76000000000001
2010-08-26 12:00:00,33.86499999999999
2010-08-26 13:00:00,40.98400000000001
2010-08-26 14:00:00,38.75199999999999
2010-08-26 15:00:00,23.472
2010-08-26 16:00:00,8.730999999999998
2010-08-26 17:00:00,0.013
2010-08-26 18:00:00,0.0
2010-08-26 19:00:00,0.0
2010-08-26 20:00:00,0.0
2010-08-26 21:00:00,0.0
2010-08-26 22:00:00,0.0
2010-08-26 23:00:00,0.0
2010-08-27 00:00:00,0.0
2010-08-27 01:00:00,0.0
2010-08-27 02:00:00,0.0
2010-08-27 03:00:00,0.0
2010-08-27 04:00:00,0.0
2010-08-27 05:00:00,0.0
2010-08-27 06:00:00,1.547
2010-08-27 07:00:00,4.837
2010-08-27 08:00:00,28.294
2010-08-27 09:00:00,44.45500000000001
2010-08-27 10:00:00,54.258
2010-08-27 11:00:00,56.29000000000001
2010-08-27 12:00:00,50.26500000000001
2010-08-27 13:00:00,44.559
2010-08-27 14:00:00,38.57100000000001
2010-08-27 15:00:00,23.75
2010-08-27 16:00:00,8.222
2010-08-27 17:00:00,0.063
2010-08-27 18:00:00,0.0
2010-08-27 19:00:00,0.0
2010-08-27 20:00:00,0.0
2010-08-27 21:00:00,0.0
2010-08-27 22:00:00,0.0
2010-08-27 23:00:00,0.0
2010-08-28 00:00:00,0.0
2010-08-28 01:00:00,0.0
2010-08-28 02:00:00,0.0
2010-08-28 03:00:00,0.0
2010-08-28 04:00:00,0.0
2010-08-28 05:00:00,0.0
2010-08-28 06:00:00,1.3
2010-08-28 07:00:00,13.515
2010-08-28 08:00:00,28.88399999999999
2010-08-28 09:00:00,43.68700000000001
2010-08-28 10:00:00,53.294
2010-08-28 11:00:00,56.594
2010-08-28 12:00:00,55.44100000000001
2010-08-28 13:00:00,51.175
2010-08-28 14:00:00,41.42899999999999
2010-08-28 15:00:00,25.512
2010-08-28 16:00:00,9.295
2010-08-28 17:00:00,0.212
2010-08-28 18:00:00,0.0
2010-08-28 19:00:00,0.0
2010-08-28 20:00:00,0.0
2010-08-28 21:00:00,0.0
2010-08-28 22:00:00,0.0
2010-08-28 23:00:00,0.0
2010-08-29 00:00:00,0.0
2010-08-29 01:00:00,0.0
2010-08-29 02:00:00,0.0
2010-08-29 03:00:00,0.0
2010-08-29 04:00:00,0.0
2010-08-29 05:00:00,0.0
2010-08-29 06:00:00,0.069
2010-08-29 07:00:00,3.713
2010-08-29 08:00:00,20.809
2010-08-29 09:00:00,34.39500000000001
2010-08-29 10:00:00,42.76299999999999
2010-08-29 11:00:00,41.98499999999999
2010-08-29 12:00:00,45.818
2010-08-29 13:00:00,45.738
2010-08-29 14:00:00,39.64599999999999
2010-08-29 15:00:00,24.374
2010-08-29 16:00:00,8.765
2010-08-29 17:00:00,0.204
2010-08-29 18:00:00,0.0
2010-08-29 19:00:00,0.0
2010-08-29 20:00:00,0.0
2010-08-29 21:00:00,0.0
2010-08-29 22:00:00,0.0
2010-08-29 23:00:00,0.0
2010-08-30 00:00:00,0.0
2010-08-30 01:00:00,0.0
2010-08-30 02:00:00,0.0
2010-08-30 03:00:00,0.0
2010-08-30 04:00:00,0.0
2010-08-30 05:00:00,0.0
2010-08-30 06:00:00,0.303
2010-08-30 07:00:00,10.143
2010-08-30 08:00:00,26.697
2010-08-30 09:00:00,26.352
2010-08-30 10:00:00,27.474
2010-08-30 11:00:00,34.833
2010-08-30 12:00:00,48.983
2010-08-30 13:00:00,43.763
2010-08-30 14:00:00,28.652
2010-08-30 15:00:00,23.608
2010-08-30 16:00:00,8.755
2010-08-30 17:00:00,0.257
2010-08-30 18:00:00,0.0
2010-08-30 19:00:00,0.0
2010-08-30 20:00:00,0.0
2010-08-30 21:00:00,0.0
2010-08-30 22:00:00,0.0
2010-08-30 23:00:00,0.0
2010-08-31 00:00:00,0.0
2010-08-31 01:00:00,0.0
2010-08-31 02:00:00,0.0
2010-08-31 03:00:00,0.0
2010-08-31 04:00:00,0.0
2010-08-31 05:00:00,0.0
2010-08-31 06:00:00,1.417
2010-08-31 07:00:00,13.637
2010-08-31 08:00:00,28.94600000000001
2010-08-31 09:00:00,42.37300000000002
2010-08-31 10:00:00,51.32299999999999
2010-08-31 11:00:00,54.69
2010-08-31 12:00:00,54.076
2010-08-31 13:00:00,49.312
2010-08-31 14:00:00,39.301
2010-08-31 15:00:00,22.535
2010-08-31 16:00:00,8.489999999999998
2010-08-31 17:00:00,0.3340000000000001
2010-08-31 18:00:00,0.0
2010-08-31 19:00:00,0.0
2010-08-31 20:00:00,0.0
2010-08-31 21:00:00,0.0
2010-08-31 22:00:00,0.0
2010-08-31 23:00:00,0.0
2010-09-01 00:00:00,0.0
2010-09-01 01:00:00,0.0
2010-09-01 02:00:00,0.0
2010-09-01 03:00:00,0.0
2010-09-01 04:00:00,0.0
2010-09-01 05:00:00,0.0
2010-09-01 06:00:00,1.783
2010-09-01 07:00:00,9.027
2010-09-01 08:00:00,18.399
2010-09-01 09:00:00,31.20499999999999
2010-09-01 10:00:00,36.50200000000001
2010-09-01 11:00:00,28.112
2010-09-01 12:00:00,16.083
2010-09-01 13:00:00,19.86199999999999
2010-09-01 14:00:00,22.167
2010-09-01 15:00:00,6.742
2010-09-01 16:00:00,1.129
2010-09-01 17:00:00,0.0
2010-09-01 18:00:00,0.0
2010-09-01 19:00:00,0.0
2010-09-01 20:00:00,0.0
2010-09-01 21:00:00,0.0
2010-09-01 22:00:00,0.0
2010-09-01 23:00:00,0.0
2010-09-02 00:00:00,0.0
2010-09-02 01:00:00,0.0
2010-09-02 02:00:00,0.0
2010-09-02 03:00:00,0.0
2010-09-02 04:00:00,0.0
2010-09-02 05:00:00,0.0
2010-09-02 06:00:00,0.0
2010-09-02 07:00:00,0.7720000000000001
2010-09-02 08:00:00,7.665
2010-09-02 09:00:00,16.483
2010-09-02 10:00:00,17.79699999999999
2010-09-02 11:00:00,31.901
2010-09-02 12:00:00,42.98199999999999
2010-09-02 13:00:00,27.28300000000001
2010-09-02 14:00:00,9.376000000000001
2010-09-02 15:00:00,11.284
2010-09-02 16:00:00,4.157000000000001
2010-09-02 17:00:00,0.032
2010-09-02 18:00:00,0.0
2010-09-02 19:00:00,0.0
2010-09-02 20:00:00,0.0
2010-09-02 21:00:00,0.0
2010-09-02 22:00:00,0.0
2010-09-02 23:00:00,0.0
2010-09-03 00:00:00,0.0
2010-09-03 01:00:00,0.0
2010-09-03 02:00:00,0.0
2010-09-03 03:00:00,0.0
2010-09-03 04:00:00,0.0
2010-09-03 05:00:00,0.0
2010-09-03 06:00:00,0.0
2010-09-03 07:00:00,1.266
2010-09-03 08:00:00,4.742000000000001
2010-09-03 09:00:00,6.372
2010-09-03 10:00:00,7.88
2010-09-03 11:00:00,11.765
2010-09-03 12:00:00,12.186
2010-09-03 13:00:00,9.959
2010-09-03 14:00:00,6.216999999999999
2010-09-03 15:00:00,4.342000000000001
2010-09-03 16:00:00,0.4320000000000002
2010-09-03 17:00:00,0.0
2010-09-03 18:00:00,0.0
2010-09-03 19:00:00,0.0
2010-09-03 20:00:00,0.0
2010-09-03 21:00:00,0.0
2010-09-03 22:00:00,0.0
2010-09-03 23:00:00,0.0
2010-09-04 00:00:00,0.0
2010-09-04 01:00:00,0.0
2010-09-04 02:00:00,0.0
2010-09-04 03:00:00,0.0
2010-09-04 04:00:00,0.0
2010-09-04 05:00:00,0.0
2010-09-04 06:00:00,0.0
2010-09-04 07:00:00,1.084000000000001
2010-09-04 08:00:00,3.538
2010-09-04 09:00:00,9.368
2010-09-04 10:00:00,11.534
2010-09-04 11:00:00,5.247
2010-09-04 12:00:00,10.726
2010-09-04 13:00:00,16.175
2010-09-04 14:00:00,6.678999999999999
2010-09-04 15:00:00,7.085000000000002
2010-09-04 16:00:00,3.809000000000001
2010-09-04 17:00:00,0.013
2010-09-04 18:00:00,0.0
2010-09-04 19:00:00,0.0
2010-09-04 20:00:00,0.0
2010-09-04 21:00:00,0.0
2010-09-04 22:00:00,0.0
2010-09-04 23:00:00,0.0
2010-09-05 00:00:00,0.0
2010-09-05 01:00:00,0.0
2010-09-05 02:00:00,0.0
2010-09-05 03:00:00,0.0
2010-09-05 04:00:00,0.0
2010-09-05 05:00:00,0.0
2010-09-05 06:00:00,1.845999999999999
2010-09-05 07:00:00,14.07000000000001
2010-09-05 08:00:00,30.42099999999999
2010-09-05 09:00:00,45.30499999999999
2010-09-05 10:00:00,54.16799999999999
2010-09-05 11:00:00,59.077
2010-09-05 12:00:00,58.946
2010-09-05 13:00:00,53.75800000000001
2010-09-05 14:00:00,42.88
2010-09-05 15:00:00,25.239
2010-09-05 16:00:00,6.918000000000002
2010-09-05 17:00:00,0.5930000000000002
2010-09-05 18:00:00,0.0
2010-09-05 19:00:00,0.0
2010-09-05 20:00:00,0.0
2010-09-05 21:00:00,0.0
2010-09-05 22:00:00,0.0
2010-09-05 23:00:00,0.0
2010-09-06 00:00:00,0.0
2010-09-06 01:00:00,0.0
2010-09-06 02:00:00,0.0
2010-09-06 03:00:00,0.0
2010-09-06 04:00:00,0.0
2010-09-06 05:00:00,0.0
2010-09-06 06:00:00,2.576999999999999
2010-09-06 07:00:00,16.775
2010-09-06 08:00:00,33.055
2010-09-06 09:00:00,48.09800000000001
2010-09-06 10:00:00,56.17099999999999
2010-09-06 11:00:00,51.93700000000001
2010-09-06 12:00:00,47.60299999999999
2010-09-06 13:00:00,45.354
2010-09-06 14:00:00,31.196
2010-09-06 15:00:00,17.039
2010-09-06 16:00:00,4.813
2010-09-06 17:00:00,0.182
2010-09-06 18:00:00,0.0
2010-09-06 19:00:00,0.0
2010-09-06 20:00:00,0.0
2010-09-06 21:00:00,0.0
2010-09-06 22:00:00,0.0
2010-09-06 23:00:00,0.0
2010-09-07 00:00:00,0.0
2010-09-07 01:00:00,0.0
2010-09-07 02:00:00,0.0
2010-09-07 03:00:00,0.0
2010-09-07 04:00:00,0.0
2010-09-07 05:00:00,0.0
2010-09-07 06:00:00,0.4300000000000001
2010-09-07 07:00:00,4.391999999999999
2010-09-07 08:00:00,16.982
2010-09-07 09:00:00,40.39099999999999
2010-09-07 10:00:00,49.85399999999999
2010-09-07 11:00:00,37.941
2010-09-07 12:00:00,45.16599999999999
2010-09-07 13:00:00,37.33600000000001
2010-09-07 14:00:00,38.067
2010-09-07 15:00:00,19.605
2010-09-07 16:00:00,8.925
2010-09-07 17:00:00,0.5100000000000001
2010-09-07 18:00:00,0.0
2010-09-07 19:00:00,0.0
2010-09-07 20:00:00,0.0
2010-09-07 21:00:00,0.0
2010-09-07 22:00:00,0.0
2010-09-07 23:00:00,0.0
2010-09-08 00:00:00,0.0
2010-09-08 01:00:00,0.0
2010-09-08 02:00:00,0.0
2010-09-08 03:00:00,0.0
2010-09-08 04:00:00,0.0
2010-09-08 05:00:00,0.0
2010-09-08 06:00:00,2.552999999999999
2010-09-08 07:00:00,15.042
2010-09-08 08:00:00,32.755
2010-09-08 09:00:00,47.48699999999999
2010-09-08 10:00:00,54.464
2010-09-08 11:00:00,56.97499999999999
2010-09-08 12:00:00,57.413
2010-09-08 13:00:00,52.80100000000001
2010-09-08 14:00:00,42.88099999999999
2010-09-08 15:00:00,26.48700000000001
2010-09-08 16:00:00,10.433
2010-09-08 17:00:00,0.6860000000000002
2010-09-08 18:00:00,0.0
2010-09-08 19:00:00,0.0
2010-09-08 20:00:00,0.0
2010-09-08 21:00:00,0.0
2010-09-08 22:00:00,0.0
2010-09-08 23:00:00,0.0
2010-09-09 00:00:00,0.0
2010-09-09 01:00:00,0.0
2010-09-09 02:00:00,0.0
2010-09-09 03:00:00,0.0
2010-09-09 04:00:00,0.0
2010-09-09 05:00:00,0.0
2010-09-09 06:00:00,0.5470000000000003
2010-09-09 07:00:00,3.332
2010-09-09 08:00:00,15.414
2010-09-09 09:00:00,40.026
2010-09-09 10:00:00,47.88899999999998
2010-09-09 11:00:00,30.30900000000001
2010-09-09 12:00:00,15.44100000000001
2010-09-09 13:00:00,15.277
2010-09-09 14:00:00,8.055
2010-09-09 15:00:00,1.525
2010-09-09 16:00:00,0.3560000000000001
2010-09-09 17:00:00,0.0
2010-09-09 18:00:00,0.0
2010-09-09 19:00:00,0.0
2010-09-09 20:00:00,0.0
2010-09-09 21:00:00,0.0
2010-09-09 22:00:00,0.0
2010-09-09 23:00:00,0.0
2010-09-10 00:00:00,0.0
2010-09-10 01:00:00,0.0
2010-09-10 02:00:00,0.0
2010-09-10 03:00:00,0.0
2010-09-10 04:00:00,0.0
2010-09-10 05:00:00,0.0
2010-09-10 06:00:00,2.503999999999999
2010-09-10 07:00:00,16.71
2010-09-10 08:00:00,31.912
2010-09-10 09:00:00,45.752
2010-09-10 10:00:00,39.99700000000001
2010-09-10 11:00:00,46.002
2010-09-10 12:00:00,43.40399999999999
2010-09-10 13:00:00,44.586
2010-09-10 14:00:00,39.63699999999999
2010-09-10 15:00:00,11.608
2010-09-10 16:00:00,1.63
2010-09-10 17:00:00,0.6950000000000003
2010-09-10 18:00:00,0.0
2010-09-10 19:00:00,0.0
2010-09-10 20:00:00,0.0
2010-09-10 21:00:00,0.0
2010-09-10 22:00:00,0.0
2010-09-10 23:00:00,0.0
2010-09-11 00:00:00,0.0
2010-09-11 01:00:00,0.0
2010-09-11 02:00:00,0.0
2010-09-11 03:00:00,0.0
2010-09-11 04:00:00,0.0
2010-09-11 05:00:00,0.0
2010-09-11 06:00:00,3.799999999999999
2010-09-11 07:00:00,18.436
2010-09-11 08:00:00,34.845
2010-09-11 09:00:00,48.32400000000001
2010-09-11 10:00:00,55.47399999999999
2010-09-11 11:00:00,59.01999999999999
2010-09-11 12:00:00,58.343
2010-09-11 13:00:00,53.461
2010-09-11 14:00:00,43.45999999999999
2010-09-11 15:00:00,26.839
2010-09-11 16:00:00,11.036
2010-09-11 17:00:00,0.8410000000000001
2010-09-11 18:00:00,0.0
2010-09-11 19:00:00,0.0
2010-09-11 20:00:00,0.0
2010-09-11 21:00:00,0.0
2010-09-11 22:00:00,0.0
2010-09-11 23:00:00,0.0
2010-09-12 00:00:00,0.0
2010-09-12 01:00:00,0.0
2010-09-12 02:00:00,0.0
2010-09-12 03:00:00,0.0
2010-09-12 04:00:00,0.0
2010-09-12 05:00:00,0.0
2010-09-12 06:00:00,4.217000000000001
2010-09-12 07:00:00,17.99000000000001
2010-09-12 08:00:00,32.22200000000001
2010-09-12 09:00:00,43.53299999999999
2010-09-12 10:00:00,42.92700000000001
2010-09-12 11:00:00,45.73099999999999
2010-09-12 12:00:00,52.78400000000001
2010-09-12 13:00:00,46.881
2010-09-12 14:00:00,35.025
2010-09-12 15:00:00,20.624
2010-09-12 16:00:00,6.773999999999998
2010-09-12 17:00:00,0.3740000000000001
2010-09-12 18:00:00,0.0
2010-09-12 19:00:00,0.0
2010-09-12 20:00:00,0.0
2010-09-12 21:00:00,0.0
2010-09-12 22:00:00,0.0
2010-09-12 23:00:00,0.0
2010-09-13 00:00:00,0.0
2010-09-13 01:00:00,0.0
2010-09-13 02:00:00,0.0
2010-09-13 03:00:00,0.0
2010-09-13 04:00:00,0.0
2010-09-13 05:00:00,0.0
2010-09-13 06:00:00,0.2270000000000001
2010-09-13 07:00:00,1.404
2010-09-13 08:00:00,5.525
2010-09-13 09:00:00,31.644
2010-09-13 10:00:00,55.29499999999999
2010-09-13 11:00:00,48.25500000000002
2010-09-13 12:00:00,44.45500000000001
2010-09-13 13:00:00,37.44300000000001
2010-09-13 14:00:00,39.77199999999999
2010-09-13 15:00:00,18.216
2010-09-13 16:00:00,5.994999999999999
2010-09-13 17:00:00,0.177
2010-09-13 18:00:00,0.0
2010-09-13 19:00:00,0.0
2010-09-13 20:00:00,0.0
2010-09-13 21:00:00,0.0
2010-09-13 22:00:00,0.0
2010-09-13 23:00:00,0.0
2010-09-14 00:00:00,0.0
2010-09-14 01:00:00,0.0
2010-09-14 02:00:00,0.0
2010-09-14 03:00:00,0.0
2010-09-14 04:00:00,0.0
2010-09-14 05:00:00,0.0
2010-09-14 06:00:00,0.3880000000000001
2010-09-14 07:00:00,5.315999999999999
2010-09-14 08:00:00,9.327000000000002
2010-09-14 09:00:00,18.64099999999999
2010-09-14 10:00:00,28.892
2010-09-14 11:00:00,20.996
2010-09-14 12:00:00,42.92499999999999
2010-09-14 13:00:00,32.20100000000001
2010-09-14 14:00:00,40.73099999999999
2010-09-14 15:00:00,20.483
2010-09-14 16:00:00,1.77
2010-09-14 17:00:00,0.0
2010-09-14 18:00:00,0.0
2010-09-14 19:00:00,0.0
2010-09-14 20:00:00,0.0
2010-09-14 21:00:00,0.0
2010-09-14 22:00:00,0.0
2010-09-14 23:00:00,0.0
2010-09-15 00:00:00,0.0
2010-09-15 01:00:00,0.0
2010-09-15 02:00:00,0.0
2010-09-15 03:00:00,0.0
2010-09-15 04:00:00,0.0
2010-09-15 05:00:00,0.0
2010-09-15 06:00:00,2.302999999999999
2010-09-15 07:00:00,5.081
2010-09-15 08:00:00,13.549
2010-09-15 09:00:00,21.952
2010-09-15 10:00:00,36.10999999999999
2010-09-15 11:00:00,39.67400000000001
2010-09-15 12:00:00,39.62499999999999
2010-09-15 13:00:00,51.106
2010-09-15 14:00:00,37.81300000000001
2010-09-15 15:00:00,23.971
2010-09-15 16:00:00,10.18000000000001
2010-09-15 17:00:00,0.9830000000000002
2010-09-15 18:00:00,0.0
2010-09-15 19:00:00,0.0
2010-09-15 20:00:00,0.0
2010-09-15 21:00:00,0.0
2010-09-15 22:00:00,0.0
2010-09-15 23:00:00,0.0
2010-09-16 00:00:00,0.0
2010-09-16 01:00:00,0.0
2010-09-16 02:00:00,0.0
2010-09-16 03:00:00,0.0
2010-09-16 04:00:00,0.0
2010-09-16 05:00:00,0.0
2010-09-16 06:00:00,3.192000000000001
2010-09-16 07:00:00,18.609
2010-09-16 08:00:00,33.399
2010-09-16 09:00:00,50.12100000000001
2010-09-16 10:00:00,59.16199999999999
2010-09-16 11:00:00,61.96899999999998
2010-09-16 12:00:00,58.59699999999998
2010-09-16 13:00:00,50.60400000000001
2010-09-16 14:00:00,41.62100000000001
2010-09-16 15:00:00,25.001
2010-09-16 16:00:00,10.799
2010-09-16 17:00:00,1.121
2010-09-16 18:00:00,0.0
2010-09-16 19:00:00,0.0
2010-09-16 20:00:00,0.0
2010-09-16 21:00:00,0.0
2010-09-16 22:00:00,0.0
2010-09-16 23:00:00,0.0
2010-09-17 00:00:00,0.0
2010-09-17 01:00:00,0.0
2010-09-17 02:00:00,0.0
2010-09-17 03:00:00,0.0
2010-09-17 04:00:00,0.0
2010-09-17 05:00:00,0.013
2010-09-17 06:00:00,4.207
2010-09-17 07:00:00,15.505
2010-09-17 08:00:00,35.703
2010-09-17 09:00:00,48.79199999999999
2010-09-17 10:00:00,58.256
2010-09-17 11:00:00,57.276
2010-09-17 12:00:00,55.888
2010-09-17 13:00:00,49.895
2010-09-17 14:00:00,42.97699999999998
2010-09-17 15:00:00,27.238
2010-09-17 16:00:00,8.084999999999997
2010-09-17 17:00:00,1.344
2010-09-17 18:00:00,0.0
2010-09-17 19:00:00,0.0
2010-09-17 20:00:00,0.0
2010-09-17 21:00:00,0.0
2010-09-17 22:00:00,0.0
2010-09-17 23:00:00,0.0
2010-09-18 00:00:00,0.0
2010-09-18 01:00:00,0.0
2010-09-18 02:00:00,0.0
2010-09-18 03:00:00,0.0
2010-09-18 04:00:00,0.0
2010-09-18 05:00:00,0.013
2010-09-18 06:00:00,5.725000000000001
2010-09-18 07:00:00,21.206
2010-09-18 08:00:00,38.06500000000001
2010-09-18 09:00:00,51.808
2010-09-18 10:00:00,59.551
2010-09-18 11:00:00,62.51399999999998
2010-09-18 12:00:00,59.583
2010-09-18 13:00:00,52.84199999999999
2010-09-18 14:00:00,39.911
2010-09-18 15:00:00,25.79399999999999
2010-09-18 16:00:00,10.303
2010-09-18 17:00:00,1.207
2010-09-18 18:00:00,0.0
2010-09-18 19:00:00,0.0
2010-09-18 20:00:00,0.0
2010-09-18 21:00:00,0.0
2010-09-18 22:00:00,0.0
2010-09-18 23:00:00,0.0
2010-09-19 00:00:00,0.0
2010-09-19 01:00:00,0.0
2010-09-19 02:00:00,0.0
2010-09-19 03:00:00,0.0
2010-09-19 04:00:00,0.0
2010-09-19 05:00:00,0.0
2010-09-19 06:00:00,2.347999999999999
2010-09-19 07:00:00,13.459
2010-09-19 08:00:00,25.732
2010-09-19 09:00:00,37.916
2010-09-19 10:00:00,43.294
2010-09-19 11:00:00,42.59200000000001
2010-09-19 12:00:00,33.12800000000001
2010-09-19 13:00:00,37.179
2010-09-19 14:00:00,14.84
2010-09-19 15:00:00,8.492000000000003
2010-09-19 16:00:00,1.762
2010-09-19 17:00:00,0.026
2010-09-19 18:00:00,0.0
2010-09-19 19:00:00,0.0
2010-09-19 20:00:00,0.0
2010-09-19 21:00:00,0.0
2010-09-19 22:00:00,0.0
2010-09-19 23:00:00,0.0
2010-09-20 00:00:00,0.0
2010-09-20 01:00:00,0.0
2010-09-20 02:00:00,0.0
2010-09-20 03:00:00,0.0
2010-09-20 04:00:00,0.0
2010-09-20 05:00:00,0.0
2010-09-20 06:00:00,1.436
2010-09-20 07:00:00,8.049000000000003
2010-09-20 08:00:00,22.211
2010-09-20 09:00:00,34.766
2010-09-20 10:00:00,40.10400000000001
2010-09-20 11:00:00,42.878
2010-09-20 12:00:00,38.546
2010-09-20 13:00:00,40.318
2010-09-20 14:00:00,39.974
2010-09-20 15:00:00,25.956
2010-09-20 16:00:00,10.653
2010-09-20 17:00:00,1.214
2010-09-20 18:00:00,0.0
2010-09-20 19:00:00,0.0
2010-09-20 20:00:00,0.0
2010-09-20 21:00:00,0.0
2010-09-20 22:00:00,0.0
2010-09-20 23:00:00,0.0
2010-09-21 00:00:00,0.0
2010-09-21 01:00:00,0.0
2010-09-21 02:00:00,0.0
2010-09-21 03:00:00,0.0
2010-09-21 04:00:00,0.0
2010-09-21 05:00:00,0.0
2010-09-21 06:00:00,3.206
2010-09-21 07:00:00,14.387
2010-09-21 08:00:00,34.41
2010-09-21 09:00:00,46.294
2010-09-21 10:00:00,54.83500000000001
2010-09-21 11:00:00,56.014
2010-09-21 12:00:00,53.41900000000001
2010-09-21 13:00:00,51.385
2010-09-21 14:00:00,42.08900000000001
2010-09-21 15:00:00,26.642
2010-09-21 16:00:00,10.708
2010-09-21 17:00:00,0.7060000000000003
2010-09-21 18:00:00,0.0
2010-09-21 19:00:00,0.0
2010-09-21 20:00:00,0.0
2010-09-21 21:00:00,0.0
2010-09-21 22:00:00,0.0
2010-09-21 23:00:00,0.0
2010-09-22 00:00:00,0.0
2010-09-22 01:00:00,0.0
2010-09-22 02:00:00,0.0
2010-09-22 03:00:00,0.0
2010-09-22 04:00:00,0.0
2010-09-22 05:00:00,0.0
2010-09-22 06:00:00,4.541
2010-09-22 07:00:00,19.132
2010-09-22 08:00:00,24.151
2010-09-22 09:00:00,27.872
2010-09-22 10:00:00,45.25599999999999
2010-09-22 11:00:00,53.35899999999999
2010-09-22 12:00:00,56.61900000000001
2010-09-22 13:00:00,52.246
2010-09-22 14:00:00,42.24999999999999
2010-09-22 15:00:00,26.61000000000001
2010-09-22 16:00:00,11.40399999999999
2010-09-22 17:00:00,0.9930000000000002
2010-09-22 18:00:00,0.0
2010-09-22 19:00:00,0.0
2010-09-22 20:00:00,0.0
2010-09-22 21:00:00,0.0
2010-09-22 22:00:00,0.0
2010-09-22 23:00:00,0.0
2010-09-23 00:00:00,0.0
2010-09-23 01:00:00,0.0
2010-09-23 02:00:00,0.0
2010-09-23 03:00:00,0.0
2010-09-23 04:00:00,0.0
2010-09-23 05:00:00,0.0
2010-09-23 06:00:00,0.229
2010-09-23 07:00:00,2.994
2010-09-23 08:00:00,7.018999999999999
2010-09-23 09:00:00,12.013
2010-09-23 10:00:00,12.617
2010-09-23 11:00:00,12.37
2010-09-23 12:00:00,18.441
2010-09-23 13:00:00,26.495
2010-09-23 14:00:00,28.73000000000001
2010-09-23 15:00:00,25.61899999999999
2010-09-23 16:00:00,11.01
2010-09-23 17:00:00,0.9610000000000004
2010-09-23 18:00:00,0.0
2010-09-23 19:00:00,0.0
2010-09-23 20:00:00,0.0
2010-09-23 21:00:00,0.0
2010-09-23 22:00:00,0.0
2010-09-23 23:00:00,0.0
2010-09-24 00:00:00,0.0
2010-09-24 01:00:00,0.0
2010-09-24 02:00:00,0.0
2010-09-24 03:00:00,0.0
2010-09-24 04:00:00,0.0
2010-09-24 05:00:00,0.0
2010-09-24 06:00:00,0.8690000000000005
2010-09-24 07:00:00,6.687000000000002
2010-09-24 08:00:00,20.27500000000001
2010-09-24 09:00:00,32.10299999999999
2010-09-24 10:00:00,48.807
2010-09-24 11:00:00,59.34300000000001
2010-09-24 12:00:00,57.464
2010-09-24 13:00:00,50.28699999999998
2010-09-24 14:00:00,42.46699999999998
2010-09-24 15:00:00,27.20500000000001
2010-09-24 16:00:00,11.672
2010-09-24 17:00:00,1.123
2010-09-24 18:00:00,0.0
2010-09-24 19:00:00,0.0
2010-09-24 20:00:00,0.0
2010-09-24 21:00:00,0.0
2010-09-24 22:00:00,0.0
2010-09-24 23:00:00,0.0
2010-09-25 00:00:00,0.0
2010-09-25 01:00:00,0.0
2010-09-25 02:00:00,0.0
2010-09-25 03:00:00,0.0
2010-09-25 04:00:00,0.0
2010-09-25 05:00:00,0.089
2010-09-25 06:00:00,7.101000000000001
2010-09-25 07:00:00,22.47399999999999
2010-09-25 08:00:00,38.855
2010-09-25 09:00:00,51.37599999999999
2010-09-25 10:00:00,58.169
2010-09-25 11:00:00,62.05
2010-09-25 12:00:00,57.138
2010-09-25 13:00:00,50.83999999999999
2010-09-25 14:00:00,38.38699999999999
2010-09-25 15:00:00,18.857
2010-09-25 16:00:00,6.176000000000003
2010-09-25 17:00:00,0.8380000000000004
2010-09-25 18:00:00,0.0
2010-09-25 19:00:00,0.0
2010-09-25 20:00:00,0.0
2010-09-25 21:00:00,0.0
2010-09-25 22:00:00,0.0
2010-09-25 23:00:00,0.0
2010-09-26 00:00:00,0.0
2010-09-26 01:00:00,0.0
2010-09-26 02:00:00,0.0
2010-09-26 03:00:00,0.0
2010-09-26 04:00:00,0.0
2010-09-26 05:00:00,0.089
2010-09-26 06:00:00,6.782000000000002
2010-09-26 07:00:00,21.229
2010-09-26 08:00:00,36.413
2010-09-26 09:00:00,48.23299999999998
2010-09-26 10:00:00,55.683
2010-09-26 11:00:00,59.00299999999999
2010-09-26 12:00:00,57.64100000000001
2010-09-26 13:00:00,52.874
2010-09-26 14:00:00,43.29199999999999
2010-09-26 15:00:00,27.55499999999999
2010-09-26 16:00:00,11.718
2010-09-26 17:00:00,1.203
2010-09-26 18:00:00,0.0
2010-09-26 19:00:00,0.0
2010-09-26 20:00:00,0.0
2010-09-26 21:00:00,0.0
2010-09-26 22:00:00,0.0
2010-09-26 23:00:00,0.0
2010-09-27 00:00:00,0.0
2010-09-27 01:00:00,0.0
2010-09-27 02:00:00,0.0
2010-09-27 03:00:00,0.0
2010-09-27 04:00:00,0.0
2010-09-27 05:00:00,0.139
2010-09-27 06:00:00,7.479
2010-09-27 07:00:00,22.24799999999999
2010-09-27 08:00:00,35.449
2010-09-27 09:00:00,46.821
2010-09-27 10:00:00,52.49699999999999
2010-09-27 11:00:00,51.513
2010-09-27 12:00:00,46.22899999999999
2010-09-27 13:00:00,43.81699999999999
2010-09-27 14:00:00,9.728000000000002
2010-09-27 15:00:00,15.465
2010-09-27 16:00:00,4.248
2010-09-27 17:00:00,0.237
2010-09-27 18:00:00,0.0
2010-09-27 19:00:00,0.0
2010-09-27 20:00:00,0.0
2010-09-27 21:00:00,0.0
2010-09-27 22:00:00,0.0
2010-09-27 23:00:00,0.0
2010-09-28 00:00:00,0.0
2010-09-28 01:00:00,0.0
2010-09-28 02:00:00,0.0
2010-09-28 03:00:00,0.0
2010-09-28 04:00:00,0.0
2010-09-28 05:00:00,0.2
2010-09-28 06:00:00,6.590000000000001
2010-09-28 07:00:00,22.663
2010-09-28 08:00:00,37.855
2010-09-28 09:00:00,42.64099999999999
2010-09-28 10:00:00,52.216
2010-09-28 11:00:00,59.733
2010-09-28 12:00:00,58.79
2010-09-28 13:00:00,53.88099999999999
2010-09-28 14:00:00,43.60699999999999
2010-09-28 15:00:00,27.92299999999999
2010-09-28 16:00:00,9.329999999999998
2010-09-28 17:00:00,0.8690000000000005
2010-09-28 18:00:00,0.0
2010-09-28 19:00:00,0.0
2010-09-28 20:00:00,0.0
2010-09-28 21:00:00,0.0
2010-09-28 22:00:00,0.0
2010-09-28 23:00:00,0.0
2010-09-29 00:00:00,0.0
2010-09-29 01:00:00,0.0
2010-09-29 02:00:00,0.0
2010-09-29 03:00:00,0.0
2010-09-29 04:00:00,0.0
2010-09-29 05:00:00,0.245
2010-09-29 06:00:00,8.445
2010-09-29 07:00:00,23.79600000000001
2010-09-29 08:00:00,40.088
2010-09-29 09:00:00,50.29600000000001
2010-09-29 10:00:00,55.01899999999999
2010-09-29 11:00:00,55.508
2010-09-29 12:00:00,55.08700000000001
2010-09-29 13:00:00,39.874
2010-09-29 14:00:00,32.437
2010-09-29 15:00:00,20.317
2010-09-29 16:00:00,6.607999999999997
2010-09-29 17:00:00,0.136
2010-09-29 18:00:00,0.0
2010-09-29 19:00:00,0.0
2010-09-29 20:00:00,0.0
2010-09-29 21:00:00,0.0
2010-09-29 22:00:00,0.0
2010-09-29 23:00:00,0.0
2010-09-30 00:00:00,0.0
2010-09-30 01:00:00,0.0
2010-09-30 02:00:00,0.0
2010-09-30 03:00:00,0.0
2010-09-30 04:00:00,0.0
2010-09-30 05:00:00,0.057
2010-09-30 06:00:00,9.189000000000002
2010-09-30 07:00:00,24.932
2010-09-30 08:00:00,38.566
2010-09-30 09:00:00,46.553
2010-09-30 10:00:00,53.95199999999998
2010-09-30 11:00:00,56.68900000000001
2010-09-30 12:00:00,61.188
2010-09-30 13:00:00,56.624
2010-09-30 14:00:00,46.15200000000001
2010-09-30 15:00:00,29.722
2010-09-30 16:00:00,13.375
2010-09-30 17:00:00,1.688999999999999
2010-09-30 18:00:00,0.0
2010-09-30 19:00:00,0.0
2010-09-30 20:00:00,0.0
2010-09-30 21:00:00,0.0
2010-09-30 22:00:00,0.0
2010-09-30 23:00:00,0.0
2010-10-01 00:00:00,0.0
2010-10-01 01:00:00,0.0
2010-10-01 02:00:00,0.0
2010-10-01 03:00:00,0.0
2010-10-01 04:00:00,0.0
2010-10-01 05:00:00,0.5060000000000001
2010-10-01 06:00:00,4.347
2010-10-01 07:00:00,19.06600000000001
2010-10-01 08:00:00,32.96899999999999
2010-10-01 09:00:00,33.527
2010-10-01 10:00:00,41.94999999999999
2010-10-01 11:00:00,38.29300000000001
2010-10-01 12:00:00,39.732
2010-10-01 13:00:00,31.54499999999999
2010-10-01 14:00:00,24.348
2010-10-01 15:00:00,14.396
2010-10-01 16:00:00,4.552000000000001
2010-10-01 17:00:00,0.286
2010-10-01 18:00:00,0.0
2010-10-01 19:00:00,0.0
2010-10-01 20:00:00,0.0
2010-10-01 21:00:00,0.0
2010-10-01 22:00:00,0.0
2010-10-01 23:00:00,0.0
2010-10-02 00:00:00,0.0
2010-10-02 01:00:00,0.0
2010-10-02 02:00:00,0.0
2010-10-02 03:00:00,0.0
2010-10-02 04:00:00,0.0
2010-10-02 05:00:00,0.0
2010-10-02 06:00:00,1.659999999999999
2010-10-02 07:00:00,11.072
2010-10-02 08:00:00,29.494
2010-10-02 09:00:00,28.59699999999999
2010-10-02 10:00:00,24.94899999999999
2010-10-02 11:00:00,21.233
2010-10-02 12:00:00,18.228
2010-10-02 13:00:00,19.888
2010-10-02 14:00:00,8.870999999999997
2010-10-02 15:00:00,4.766
2010-10-02 16:00:00,0.9880000000000003
2010-10-02 17:00:00,0.087
2010-10-02 18:00:00,0.0
2010-10-02 19:00:00,0.0
2010-10-02 20:00:00,0.0
2010-10-02 21:00:00,0.0
2010-10-02 22:00:00,0.0
2010-10-02 23:00:00,0.0
2010-10-03 00:00:00,0.0
2010-10-03 01:00:00,0.0
2010-10-03 02:00:00,0.0
2010-10-03 03:00:00,0.0
2010-10-03 04:00:00,0.0
2010-10-03 05:00:00,0.0
2010-10-03 06:00:00,0.0
2010-10-03 07:00:00,3.771
2010-10-03 08:00:00,11.555
2010-10-03 09:00:00,21.806
2010-10-03 10:00:00,18.562
2010-10-03 11:00:00,24.213
2010-10-03 12:00:00,22.94000000000001
2010-10-03 13:00:00,18.098
2010-10-03 14:00:00,14.388
2010-10-03 15:00:00,14.644
2010-10-03 16:00:00,9.377999999999998
2010-10-03 17:00:00,1.918
2010-10-03 18:00:00,0.032
2010-10-03 19:00:00,0.0
2010-10-03 20:00:00,0.0
2010-10-03 21:00:00,0.0
2010-10-03 22:00:00,0.0
2010-10-03 23:00:00,0.0
2010-10-04 00:00:00,0.0
2010-10-04 01:00:00,0.0
2010-10-04 02:00:00,0.0
2010-10-04 03:00:00,0.0
2010-10-04 04:00:00,0.0
2010-10-04 05:00:00,0.0
2010-10-04 06:00:00,0.06999999999999999
2010-10-04 07:00:00,2.424
2010-10-04 08:00:00,13.995
2010-10-04 09:00:00,26.012
2010-10-04 10:00:00,27.28600000000001
2010-10-04 11:00:00,31.342
2010-10-04 12:00:00,29.631
2010-10-04 13:00:00,27.489
2010-10-04 14:00:00,29.60799999999999
2010-10-04 15:00:00,22.568
2010-10-04 16:00:00,14.622
2010-10-04 17:00:00,4.117
2010-10-04 18:00:00,1.289
2010-10-04 19:00:00,0.0
2010-10-04 20:00:00,0.0
2010-10-04 21:00:00,0.0
2010-10-04 22:00:00,0.0
2010-10-04 23:00:00,0.0
2010-10-05 00:00:00,0.0
2010-10-05 01:00:00,0.0
2010-10-05 02:00:00,0.0
2010-10-05 03:00:00,0.0
2010-10-05 04:00:00,0.0
2010-10-05 05:00:00,0.0
2010-10-05 06:00:00,0.2210000000000001
2010-10-05 07:00:00,7.73
2010-10-05 08:00:00,18.412
2010-10-05 09:00:00,33.417
2010-10-05 10:00:00,47.28199999999998
2010-10-05 11:00:00,56.244
2010-10-05 12:00:00,59.89900000000001
2010-10-05 13:00:00,58.26199999999999
2010-10-05 14:00:00,54.63799999999999
2010-10-05 15:00:00,42.815
2010-10-05 16:00:00,28.698
2010-10-05 17:00:00,13.05
2010-10-05 18:00:00,1.896999999999999
2010-10-05 19:00:00,0.0
2010-10-05 20:00:00,0.0
2010-10-05 21:00:00,0.0
2010-10-05 22:00:00,0.0
2010-10-05 23:00:00,0.0
2010-10-06 00:00:00,0.0
2010-10-06 01:00:00,0.0
2010-10-06 02:00:00,0.0
2010-10-06 03:00:00,0.0
2010-10-06 04:00:00,0.0
2010-10-06 05:00:00,0.0
2010-10-06 06:00:00,0.3270000000000001
2010-10-06 07:00:00,9.102
2010-10-06 08:00:00,19.439
2010-10-06 09:00:00,24.354
2010-10-06 10:00:00,46.61399999999998
2010-10-06 11:00:00,51.59399999999999
2010-10-06 12:00:00,54.59600000000002
2010-10-06 13:00:00,56.99
2010-10-06 14:00:00,49.746
2010-10-06 15:00:00,42.11500000000001
2010-10-06 16:00:00,26.66200000000001
2010-10-06 17:00:00,11.87
2010-10-06 18:00:00,1.414
2010-10-06 19:00:00,0.0
2010-10-06 20:00:00,0.0
2010-10-06 21:00:00,0.0
2010-10-06 22:00:00,0.0
2010-10-06 23:00:00,0.0
2010-10-07 00:00:00,0.0
2010-10-07 01:00:00,0.0
2010-10-07 02:00:00,0.0
2010-10-07 03:00:00,0.0
2010-10-07 04:00:00,0.0
2010-10-07 05:00:00,0.0
2010-10-07 06:00:00,0.335
2010-10-07 07:00:00,7.965000000000001
2010-10-07 08:00:00,9.344
2010-10-07 09:00:00,8.350000000000001
2010-10-07 10:00:00,15.31900000000001
2010-10-07 11:00:00,15.894
2010-10-07 12:00:00,47.831
2010-10-07 13:00:00,46.63399999999999
2010-10-07 14:00:00,21.27399999999999
2010-10-07 15:00:00,9.591999999999997
2010-10-07 16:00:00,7.930000000000001
2010-10-07 17:00:00,3.895
2010-10-07 18:00:00,0.095
2010-10-07 19:00:00,0.0
2010-10-07 20:00:00,0.0
2010-10-07 21:00:00,0.0
2010-10-07 22:00:00,0.0
2010-10-07 23:00:00,0.0
2010-10-08 00:00:00,0.0
2010-10-08 01:00:00,0.0
2010-10-08 02:00:00,0.0
2010-10-08 03:00:00,0.0
2010-10-08 04:00:00,0.0
2010-10-08 05:00:00,0.0
2010-10-08 06:00:00,0.0
2010-10-08 07:00:00,2.614999999999999
2010-10-08 08:00:00,10.525
2010-10-08 09:00:00,15.152
2010-10-08 10:00:00,21.878
2010-10-08 11:00:00,25.617
2010-10-08 12:00:00,30.003
2010-10-08 13:00:00,13.835
2010-10-08 14:00:00,8.363
2010-10-08 15:00:00,6.113000000000002
2010-10-08 16:00:00,3.89
2010-10-08 17:00:00,0.682
2010-10-08 18:00:00,0.3390000000000001
2010-10-08 19:00:00,0.0
2010-10-08 20:00:00,0.0
2010-10-08 21:00:00,0.0
2010-10-08 22:00:00,0.0
2010-10-08 23:00:00,0.0
2010-10-09 00:00:00,0.0
2010-10-09 01:00:00,0.0
2010-10-09 02:00:00,0.0
2010-10-09 03:00:00,0.0
2010-10-09 04:00:00,0.0
2010-10-09 05:00:00,0.0
2010-10-09 06:00:00,0.0
2010-10-09 07:00:00,0.0
2010-10-09 08:00:00,0.9830000000000004
2010-10-09 09:00:00,3.741
2010-10-09 10:00:00,6.334999999999999
2010-10-09 11:00:00,8.119000000000002
2010-10-09 12:00:00,8.943999999999999
2010-10-09 13:00:00,9.664
2010-10-09 14:00:00,7.246000000000002
2010-10-09 15:00:00,9.413000000000002
2010-10-09 16:00:00,4.626999999999999
2010-10-09 17:00:00,3.313999999999999
2010-10-09 18:00:00,0.3
2010-10-09 19:00:00,0.0
2010-10-09 20:00:00,0.0
2010-10-09 21:00:00,0.0
2010-10-09 22:00:00,0.0
2010-10-09 23:00:00,0.0
2010-10-10 00:00:00,0.0
2010-10-10 01:00:00,0.0
2010-10-10 02:00:00,0.0
2010-10-10 03:00:00,0.0
2010-10-10 04:00:00,0.0
2010-10-10 05:00:00,0.0
2010-10-10 06:00:00,0.6030000000000001
2010-10-10 07:00:00,8.356
2010-10-10 08:00:00,17.814
2010-10-10 09:00:00,36.95099999999999
2010-10-10 10:00:00,36.061
2010-10-10 11:00:00,26.43300000000001
2010-10-10 12:00:00,60.311
2010-10-10 13:00:00,60.66100000000002
2010-10-10 14:00:00,54.23899999999998
2010-10-10 15:00:00,34.238
2010-10-10 16:00:00,17.207
2010-10-10 17:00:00,8.004
2010-10-10 18:00:00,0.3540000000000001
2010-10-10 19:00:00,0.0
2010-10-10 20:00:00,0.0
2010-10-10 21:00:00,0.0
2010-10-10 22:00:00,0.0
2010-10-10 23:00:00,0.0
2010-10-11 00:00:00,0.0
2010-10-11 01:00:00,0.0
2010-10-11 02:00:00,0.0
2010-10-11 03:00:00,0.0
2010-10-11 04:00:00,0.0
2010-10-11 05:00:00,0.0
2010-10-11 06:00:00,0.05
2010-10-11 07:00:00,2.625
2010-10-11 08:00:00,9.569
2010-10-11 09:00:00,31.24799999999999
2010-10-11 10:00:00,38.675
2010-10-11 11:00:00,40.419
2010-10-11 12:00:00,56.068
2010-10-11 13:00:00,58.42700000000001
2010-10-11 14:00:00,55.837
2010-10-11 15:00:00,42.415
2010-10-11 16:00:00,25.753
2010-10-11 17:00:00,12.889
2010-10-11 18:00:00,2.309
2010-10-11 19:00:00,0.0
2010-10-11 20:00:00,0.0
2010-10-11 21:00:00,0.0
2010-10-11 22:00:00,0.0
2010-10-11 23:00:00,0.0
2010-10-12 00:00:00,0.0
2010-10-12 01:00:00,0.0
2010-10-12 02:00:00,0.0
2010-10-12 03:00:00,0.0
2010-10-12 04:00:00,0.0
2010-10-12 05:00:00,0.0
2010-10-12 06:00:00,0.215
2010-10-12 07:00:00,10.124
2010-10-12 08:00:00,25.216
2010-10-12 09:00:00,33.22000000000001
2010-10-12 10:00:00,26.55
2010-10-12 11:00:00,42.28399999999999
2010-10-12 12:00:00,42.148
2010-10-12 13:00:00,36.688
2010-10-12 14:00:00,37.32099999999999
2010-10-12 15:00:00,40.16199999999999
2010-10-12 16:00:00,27.249
2010-10-12 17:00:00,10.826
2010-10-12 18:00:00,1.232
2010-10-12 19:00:00,0.0
2010-10-12 20:00:00,0.0
2010-10-12 21:00:00,0.0
2010-10-12 22:00:00,0.0
2010-10-12 23:00:00,0.0
2010-10-13 00:00:00,0.0
2010-10-13 01:00:00,0.0
2010-10-13 02:00:00,0.0
2010-10-13 03:00:00,0.0
2010-10-13 04:00:00,0.0
2010-10-13 05:00:00,0.0
2010-10-13 06:00:00,0.3730000000000001
2010-10-13 07:00:00,3.621
2010-10-13 08:00:00,21.635
2010-10-13 09:00:00,38.081
2010-10-13 10:00:00,37.02500000000001
2010-10-13 11:00:00,17.399
2010-10-13 12:00:00,20.46099999999999
2010-10-13 13:00:00,27.352
2010-10-13 14:00:00,49.185
2010-10-13 15:00:00,44.81000000000002
2010-10-13 16:00:00,28.839
2010-10-13 17:00:00,8.973000000000003
2010-10-13 18:00:00,0.9220000000000003
2010-10-13 19:00:00,0.0
2010-10-13 20:00:00,0.0
2010-10-13 21:00:00,0.0
2010-10-13 22:00:00,0.0
2010-10-13 23:00:00,0.0
2010-10-14 00:00:00,0.0
2010-10-14 01:00:00,0.0
2010-10-14 02:00:00,0.0
2010-10-14 03:00:00,0.0
2010-10-14 04:00:00,0.0
2010-10-14 05:00:00,0.0
2010-10-14 06:00:00,0.0
2010-10-14 07:00:00,3.315
2010-10-14 08:00:00,13.379
2010-10-14 09:00:00,34.48099999999999
2010-10-14 10:00:00,50.15399999999999
2010-10-14 11:00:00,48.80799999999999
2010-10-14 12:00:00,43.56800000000001
2010-10-14 13:00:00,45.808
2010-10-14 14:00:00,44.99299999999999
2010-10-14 15:00:00,36.57899999999999
2010-10-14 16:00:00,25.84
2010-10-14 17:00:00,11.085
2010-10-14 18:00:00,2.168999999999999
2010-10-14 19:00:00,0.0
2010-10-14 20:00:00,0.0
2010-10-14 21:00:00,0.0
2010-10-14 22:00:00,0.0
2010-10-14 23:00:00,0.0
2010-10-15 00:00:00,0.0
2010-10-15 01:00:00,0.0
2010-10-15 02:00:00,0.0
2010-10-15 03:00:00,0.0
2010-10-15 04:00:00,0.0
2010-10-15 05:00:00,0.0
2010-10-15 06:00:00,0.133
2010-10-15 07:00:00,2.040999999999999
2010-10-15 08:00:00,6.958999999999999
2010-10-15 09:00:00,7.637
2010-10-15 10:00:00,7.927
2010-10-15 11:00:00,8.040000000000001
2010-10-15 12:00:00,12.458
2010-10-15 13:00:00,15.448
2010-10-15 14:00:00,6.897999999999999
2010-10-15 15:00:00,7.987000000000002
2010-10-15 16:00:00,11.83
2010-10-15 17:00:00,3.049999999999999
2010-10-15 18:00:00,0.026
2010-10-15 19:00:00,0.0
2010-10-15 20:00:00,0.0
2010-10-15 21:00:00,0.0
2010-10-15 22:00:00,0.0
2010-10-15 23:00:00,0.0
2010-10-16 00:00:00,0.0
2010-10-16 01:00:00,0.0
2010-10-16 02:00:00,0.0
2010-10-16 03:00:00,0.0
2010-10-16 04:00:00,0.0
2010-10-16 05:00:00,0.0
2010-10-16 06:00:00,1.386999999999999
2010-10-16 07:00:00,10.279
2010-10-16 08:00:00,20.43399999999999
2010-10-16 09:00:00,26.387
2010-10-16 10:00:00,37.24400000000001
2010-10-16 11:00:00,42.57
2010-10-16 12:00:00,62.64099999999998
2010-10-16 13:00:00,62.96299999999999
2010-10-16 14:00:00,58.12400000000002
2010-10-16 15:00:00,44.535
2010-10-16 16:00:00,31.011
2010-10-16 17:00:00,12.871
2010-10-16 18:00:00,1.971999999999999
2010-10-16 19:00:00,0.0
2010-10-16 20:00:00,0.0
2010-10-16 21:00:00,0.0
2010-10-16 22:00:00,0.0
2010-10-16 23:00:00,0.0
2010-10-17 00:00:00,0.0
2010-10-17 01:00:00,0.0
2010-10-17 02:00:00,0.0
2010-10-17 03:00:00,0.0
2010-10-17 04:00:00,0.0
2010-10-17 05:00:00,0.0
2010-10-17 06:00:00,1.835
2010-10-17 07:00:00,14.101
2010-10-17 08:00:00,30.18800000000001
2010-10-17 09:00:00,46.50799999999999
2010-10-17 10:00:00,57.92
2010-10-17 11:00:00,64.00999999999999
2010-10-17 12:00:00,65.78200000000002
2010-10-17 13:00:00,62.79599999999999
2010-10-17 14:00:00,56.56699999999999
2010-10-17 15:00:00,46.49299999999999
2010-10-17 16:00:00,30.41400000000001
2010-10-17 17:00:00,12.781
2010-10-17 18:00:00,2.075
2010-10-17 19:00:00,0.0
2010-10-17 20:00:00,0.0
2010-10-17 21:00:00,0.0
2010-10-17 22:00:00,0.0
2010-10-17 23:00:00,0.0
2010-10-18 00:00:00,0.0
2010-10-18 01:00:00,0.0
2010-10-18 02:00:00,0.0
2010-10-18 03:00:00,0.0
2010-10-18 04:00:00,0.0
2010-10-18 05:00:00,0.0
2010-10-18 06:00:00,1.708999999999999
2010-10-18 07:00:00,13.561
2010-10-18 08:00:00,28.846
2010-10-18 09:00:00,43.91099999999999
2010-10-18 10:00:00,55.132
2010-10-18 11:00:00,62.029
2010-10-18 12:00:00,64.182
2010-10-18 13:00:00,62.41099999999998
2010-10-18 14:00:00,56.45
2010-10-18 15:00:00,46.60999999999999
2010-10-18 16:00:00,27.872
2010-10-18 17:00:00,14.54499999999999
2010-10-18 18:00:00,2.697999999999999
2010-10-18 19:00:00,0.0
2010-10-18 20:00:00,0.0
2010-10-18 21:00:00,0.0
2010-10-18 22:00:00,0.0
2010-10-18 23:00:00,0.0
2010-10-19 00:00:00,0.0
2010-10-19 01:00:00,0.0
2010-10-19 02:00:00,0.0
2010-10-19 03:00:00,0.0
2010-10-19 04:00:00,0.0
2010-10-19 05:00:00,0.0
2010-10-19 06:00:00,2.198
2010-10-19 07:00:00,13.602
2010-10-19 08:00:00,22.554
2010-10-19 09:00:00,19.347
2010-10-19 10:00:00,28.48100000000001
2010-10-19 11:00:00,16.693
2010-10-19 12:00:00,10.684
2010-10-19 13:00:00,9.901000000000002
2010-10-19 14:00:00,9.081999999999997
2010-10-19 15:00:00,6.767
2010-10-19 16:00:00,4.81
2010-10-19 17:00:00,4.675000000000001
2010-10-19 18:00:00,0.5910000000000002
2010-10-19 19:00:00,0.0
2010-10-19 20:00:00,0.0
2010-10-19 21:00:00,0.0
2010-10-19 22:00:00,0.0
2010-10-19 23:00:00,0.0
2010-10-20 00:00:00,0.0
2010-10-20 01:00:00,0.0
2010-10-20 02:00:00,0.0
2010-10-20 03:00:00,0.0
2010-10-20 04:00:00,0.0
2010-10-20 05:00:00,0.0
2010-10-20 06:00:00,1.622999999999999
2010-10-20 07:00:00,13.49
2010-10-20 08:00:00,28.59
2010-10-20 09:00:00,42.91100000000001
2010-10-20 10:00:00,52.793
2010-10-20 11:00:00,55.43900000000001
2010-10-20 12:00:00,61.11799999999999
2010-10-20 13:00:00,62.629
2010-10-20 14:00:00,56.86100000000002
2010-10-20 15:00:00,46.444
2010-10-20 16:00:00,30.74000000000001
2010-10-20 17:00:00,14.539
2010-10-20 18:00:00,2.907999999999999
2010-10-20 19:00:00,0.0
2010-10-20 20:00:00,0.0
2010-10-20 21:00:00,0.0
2010-10-20 22:00:00,0.0
2010-10-20 23:00:00,0.0
2010-10-21 00:00:00,0.0
2010-10-21 01:00:00,0.0
2010-10-21 02:00:00,0.0
2010-10-21 03:00:00,0.0
2010-10-21 04:00:00,0.0
2010-10-21 05:00:00,0.0
2010-10-21 06:00:00,2.135999999999999
2010-10-21 07:00:00,13.783
2010-10-21 08:00:00,28.555
2010-10-21 09:00:00,43.60400000000001
2010-10-21 10:00:00,53.45999999999999
2010-10-21 11:00:00,59.777
2010-10-21 12:00:00,64.022
2010-10-21 13:00:00,62.813
2010-10-21 14:00:00,57.13399999999999
2010-10-21 15:00:00,46.952
2010-10-21 16:00:00,31.05000000000001
2010-10-21 17:00:00,14.771
2010-10-21 18:00:00,2.905
2010-10-21 19:00:00,0.0
2010-10-21 20:00:00,0.0
2010-10-21 21:00:00,0.0
2010-10-21 22:00:00,0.0
2010-10-21 23:00:00,0.0
2010-10-22 00:00:00,0.0
2010-10-22 01:00:00,0.0
2010-10-22 02:00:00,0.0
2010-10-22 03:00:00,0.0
2010-10-22 04:00:00,0.0
2010-10-22 05:00:00,0.0
2010-10-22 06:00:00,2.236999999999999
2010-10-22 07:00:00,14.201
2010-10-22 08:00:00,25.83999999999999
2010-10-22 09:00:00,37.14900000000001
2010-10-22 10:00:00,53.322
2010-10-22 11:00:00,59.73400000000002
2010-10-22 12:00:00,61.18699999999998
2010-10-22 13:00:00,58.307
2010-10-22 14:00:00,55.40499999999999
2010-10-22 15:00:00,37.663
2010-10-22 16:00:00,7.345000000000002
2010-10-22 17:00:00,3.127
2010-10-22 18:00:00,4.898
2010-10-22 19:00:00,0.0
2010-10-22 20:00:00,0.0
2010-10-22 21:00:00,0.0
2010-10-22 22:00:00,0.0
2010-10-22 23:00:00,0.0
2010-10-23 00:00:00,0.0
2010-10-23 01:00:00,0.0
2010-10-23 02:00:00,0.0
2010-10-23 03:00:00,0.0
2010-10-23 04:00:00,0.0
2010-10-23 05:00:00,0.0
2010-10-23 06:00:00,2.441999999999999
2010-10-23 07:00:00,14.249
2010-10-23 08:00:00,29.579
2010-10-23 09:00:00,44.39599999999999
2010-10-23 10:00:00,54.81699999999999
2010-10-23 11:00:00,60.17500000000001
2010-10-23 12:00:00,61.71799999999999
2010-10-23 13:00:00,57.607
2010-10-23 14:00:00,26.208
2010-10-23 15:00:00,15.561
2010-10-23 16:00:00,3.234999999999999
2010-10-23 17:00:00,7.312000000000001
2010-10-23 18:00:00,1.078
2010-10-23 19:00:00,0.0
2010-10-23 20:00:00,0.0
2010-10-23 21:00:00,0.0
2010-10-23 22:00:00,0.0
2010-10-23 23:00:00,0.0
2010-10-24 00:00:00,0.0
2010-10-24 01:00:00,0.0
2010-10-24 02:00:00,0.0
2010-10-24 03:00:00,0.0
2010-10-24 04:00:00,0.0
2010-10-24 05:00:00,0.0
2010-10-24 06:00:00,0.0
2010-10-24 07:00:00,0.354
2010-10-24 08:00:00,1.74
2010-10-24 09:00:00,2.132999999999999
2010-10-24 10:00:00,3.549
2010-10-24 11:00:00,6.308
2010-10-24 12:00:00,7.297000000000001
2010-10-24 13:00:00,6.790999999999999
2010-10-24 14:00:00,4.621
2010-10-24 15:00:00,2.937
2010-10-24 16:00:00,2.673
2010-10-24 17:00:00,1.628
2010-10-24 18:00:00,0.0
2010-10-24 19:00:00,0.0
2010-10-24 20:00:00,0.0
2010-10-24 21:00:00,0.0
2010-10-24 22:00:00,0.0
2010-10-24 23:00:00,0.0
2010-10-25 00:00:00,0.0
2010-10-25 01:00:00,0.0
2010-10-25 02:00:00,0.0
2010-10-25 03:00:00,0.0
2010-10-25 04:00:00,0.0
2010-10-25 05:00:00,0.0
2010-10-25 06:00:00,0.0
2010-10-25 07:00:00,1.202
2010-10-25 08:00:00,6.891
2010-10-25 09:00:00,11.46
2010-10-25 10:00:00,18.588
2010-10-25 11:00:00,40.11299999999999
2010-10-25 12:00:00,47.222
2010-10-25 13:00:00,53.943
2010-10-25 14:00:00,44.88900000000002
2010-10-25 15:00:00,34.96599999999999
2010-10-25 16:00:00,24.607
2010-10-25 17:00:00,11.098
2010-10-25 18:00:00,3.077999999999999
2010-10-25 19:00:00,0.0
2010-10-25 20:00:00,0.0
2010-10-25 21:00:00,0.0
2010-10-25 22:00:00,0.0
2010-10-25 23:00:00,0.0
2010-10-26 00:00:00,0.0
2010-10-26 01:00:00,0.0
2010-10-26 02:00:00,0.0
2010-10-26 03:00:00,0.0
2010-10-26 04:00:00,0.0
2010-10-26 05:00:00,0.0
2010-10-26 06:00:00,0.6610000000000004
2010-10-26 07:00:00,8.913000000000002
2010-10-26 08:00:00,20.374
2010-10-26 09:00:00,43.221
2010-10-26 10:00:00,55.4
2010-10-26 11:00:00,60.983
2010-10-26 12:00:00,59.83300000000001
2010-10-26 13:00:00,41.34200000000001
2010-10-26 14:00:00,37.82599999999999
2010-10-26 15:00:00,42.39500000000001
2010-10-26 16:00:00,26.927
2010-10-26 17:00:00,13.076
2010-10-26 18:00:00,2.177
2010-10-26 19:00:00,0.0
2010-10-26 20:00:00,0.0
2010-10-26 21:00:00,0.0
2010-10-26 22:00:00,0.0
2010-10-26 23:00:00,0.0
2010-10-27 00:00:00,0.0
2010-10-27 01:00:00,0.0
2010-10-27 02:00:00,0.0
2010-10-27 03:00:00,0.0
2010-10-27 04:00:00,0.0
2010-10-27 05:00:00,0.0
2010-10-27 06:00:00,2.935
2010-10-27 07:00:00,14.951
2010-10-27 08:00:00,29.85700000000001
2010-10-27 09:00:00,43.89299999999999
2010-10-27 10:00:00,54.65299999999999
2010-10-27 11:00:00,61.49400000000003
2010-10-27 12:00:00,63.971
2010-10-27 13:00:00,48.139
2010-10-27 14:00:00,50.622
2010-10-27 15:00:00,34.009
2010-10-27 16:00:00,14.453
2010-10-27 17:00:00,6.101999999999999
2010-10-27 18:00:00,0.4190000000000002
2010-10-27 19:00:00,0.0
2010-10-27 20:00:00,0.0
2010-10-27 21:00:00,0.0
2010-10-27 22:00:00,0.0
2010-10-27 23:00:00,0.0
2010-10-28 00:00:00,0.0
2010-10-28 01:00:00,0.0
2010-10-28 02:00:00,0.0
2010-10-28 03:00:00,0.0
2010-10-28 04:00:00,0.0
2010-10-28 05:00:00,0.0
2010-10-28 06:00:00,0.9520000000000003
2010-10-28 07:00:00,9.881999999999998
2010-10-28 08:00:00,29.53599999999999
2010-10-28 09:00:00,39.957
2010-10-28 10:00:00,31.246
2010-10-28 11:00:00,34.72899999999999
2010-10-28 12:00:00,36.874
2010-10-28 13:00:00,43.29099999999999
2010-10-28 14:00:00,21.46399999999999
2010-10-28 15:00:00,31.15100000000001
2010-10-28 16:00:00,17.264
2010-10-28 17:00:00,8.596000000000002
2010-10-28 18:00:00,2.114
2010-10-28 19:00:00,0.0
2010-10-28 20:00:00,0.0
2010-10-28 21:00:00,0.0
2010-10-28 22:00:00,0.0
2010-10-28 23:00:00,0.0
2010-10-29 00:00:00,0.0
2010-10-29 01:00:00,0.0
2010-10-29 02:00:00,0.0
2010-10-29 03:00:00,0.0
2010-10-29 04:00:00,0.0
2010-10-29 05:00:00,0.0
2010-10-29 06:00:00,2.396999999999998
2010-10-29 07:00:00,5.657
2010-10-29 08:00:00,20.031
2010-10-29 09:00:00,36.07600000000001
2010-10-29 10:00:00,26.29
2010-10-29 11:00:00,25.607
2010-10-29 12:00:00,44.50999999999999
2010-10-29 13:00:00,47.89299999999999
2010-10-29 14:00:00,43.58199999999999
2010-10-29 15:00:00,33.992
2010-10-29 16:00:00,18.45699999999999
2010-10-29 17:00:00,12.366
2010-10-29 18:00:00,2.675999999999999
2010-10-29 19:00:00,0.0
2010-10-29 20:00:00,0.0
2010-10-29 21:00:00,0.0
2010-10-29 22:00:00,0.0
2010-10-29 23:00:00,0.0
2010-10-30 00:00:00,0.0
2010-10-30 01:00:00,0.0
2010-10-30 02:00:00,0.0
2010-10-30 03:00:00,0.0
2010-10-30 04:00:00,0.0
2010-10-30 05:00:00,0.0
2010-10-30 06:00:00,2.922
2010-10-30 07:00:00,14.487
2010-10-30 08:00:00,28.971
2010-10-30 09:00:00,43.19600000000001
2010-10-30 10:00:00,53.37599999999998
2010-10-30 11:00:00,59.34100000000001
2010-10-30 12:00:00,62.12600000000001
2010-10-30 13:00:00,58.824
2010-10-30 14:00:00,47.386
2010-10-30 15:00:00,37.14499999999999
2010-10-30 16:00:00,24.487
2010-10-30 17:00:00,9.281
2010-10-30 18:00:00,0.9770000000000004
2010-10-30 19:00:00,0.0
2010-10-30 20:00:00,0.0
2010-10-30 21:00:00,0.0
2010-10-30 22:00:00,0.0
2010-10-30 23:00:00,0.0
2010-10-31 00:00:00,0.0
2010-10-31 01:00:00,0.0
2010-10-31 02:00:00,0.0
2010-10-31 03:00:00,0.0
2010-10-31 04:00:00,0.0
2010-10-31 05:00:00,0.0
2010-10-31 06:00:00,1.058
2010-10-31 07:00:00,11.13
2010-10-31 08:00:00,23.135
2010-10-31 09:00:00,40.826
2010-10-31 10:00:00,54.12600000000001
2010-10-31 11:00:00,57.87599999999999
2010-10-31 12:00:00,51.06800000000001
2010-10-31 13:00:00,36.11899999999999
2010-10-31 14:00:00,27.605
2010-10-31 15:00:00,27.96
2010-10-31 16:00:00,26.636
2010-10-31 17:00:00,15.037
2010-10-31 18:00:00,1.796999999999999
2010-10-31 19:00:00,0.0
2010-10-31 20:00:00,0.0
2010-10-31 21:00:00,0.0
2010-10-31 22:00:00,0.0
2010-10-31 23:00:00,0.0
2010-11-01 00:00:00,0.0
2010-11-01 01:00:00,0.0
2010-11-01 02:00:00,0.0
2010-11-01 03:00:00,0.0
2010-11-01 04:00:00,0.0
2010-11-01 05:00:00,0.0
2010-11-01 06:00:00,1.337
2010-11-01 07:00:00,8.652000000000001
2010-11-01 08:00:00,15.022
2010-11-01 09:00:00,28.394
2010-11-01 10:00:00,21.472
2010-11-01 11:00:00,8.191000000000003
2010-11-01 12:00:00,11.837
2010-11-01 13:00:00,10.974
2010-11-01 14:00:00,5.303999999999999
2010-11-01 15:00:00,0.5110000000000001
2010-11-01 16:00:00,0.032
2010-11-01 17:00:00,0.013
2010-11-01 18:00:00,0.026
2010-11-01 19:00:00,0.0
2010-11-01 20:00:00,0.0
2010-11-01 21:00:00,0.0
2010-11-01 22:00:00,0.0
2010-11-01 23:00:00,0.0
2010-11-02 00:00:00,0.0
2010-11-02 01:00:00,0.0
2010-11-02 02:00:00,0.0
2010-11-02 03:00:00,0.0
2010-11-02 04:00:00,0.0
2010-11-02 05:00:00,0.0
2010-11-02 06:00:00,3.684999999999999
2010-11-02 07:00:00,16.137
2010-11-02 08:00:00,31.269
2010-11-02 09:00:00,21.351
2010-11-02 10:00:00,18.96
2010-11-02 11:00:00,25.302
2010-11-02 12:00:00,29.12199999999999
2010-11-02 13:00:00,17.127
2010-11-02 14:00:00,19.232
2010-11-02 15:00:00,22.629
2010-11-02 16:00:00,11.247
2010-11-02 17:00:00,3.681999999999999
2010-11-02 18:00:00,1.011
2010-11-02 19:00:00,0.0
2010-11-02 20:00:00,0.0
2010-11-02 21:00:00,0.0
2010-11-02 22:00:00,0.0
2010-11-02 23:00:00,0.0
2010-11-03 00:00:00,0.0
2010-11-03 01:00:00,0.0
2010-11-03 02:00:00,0.0
2010-11-03 03:00:00,0.0
2010-11-03 04:00:00,0.0
2010-11-03 05:00:00,0.0
2010-11-03 06:00:00,3.816999999999999
2010-11-03 07:00:00,16.036
2010-11-03 08:00:00,31.492
2010-11-03 09:00:00,43.351
2010-11-03 10:00:00,52.302
2010-11-03 11:00:00,55.43
2010-11-03 12:00:00,54.06000000000002
2010-11-03 13:00:00,56.622
2010-11-03 14:00:00,42.286
2010-11-03 15:00:00,34.51299999999999
2010-11-03 16:00:00,24.314
2010-11-03 17:00:00,6.908000000000002
2010-11-03 18:00:00,2.369
2010-11-03 19:00:00,0.0
2010-11-03 20:00:00,0.0
2010-11-03 21:00:00,0.0
2010-11-03 22:00:00,0.0
2010-11-03 23:00:00,0.0
2010-11-04 00:00:00,0.0
2010-11-04 01:00:00,0.0
2010-11-04 02:00:00,0.0
2010-11-04 03:00:00,0.0
2010-11-04 04:00:00,0.0
2010-11-04 05:00:00,0.0
2010-11-04 06:00:00,0.5980000000000002
2010-11-04 07:00:00,3.094999999999999
2010-11-04 08:00:00,13.893
2010-11-04 09:00:00,21.60399999999999
2010-11-04 10:00:00,35.77099999999999
2010-11-04 11:00:00,22.572
2010-11-04 12:00:00,46.23500000000001
2010-11-04 13:00:00,17.104
2010-11-04 14:00:00,15.253
2010-11-04 15:00:00,18.13100000000001
2010-11-04 16:00:00,11.53
2010-11-04 17:00:00,3.856
2010-11-04 18:00:00,2.827
2010-11-04 19:00:00,0.0
2010-11-04 20:00:00,0.0
2010-11-04 21:00:00,0.0
2010-11-04 22:00:00,0.0
2010-11-04 23:00:00,0.0
2010-11-05 00:00:00,0.0
2010-11-05 01:00:00,0.0
2010-11-05 02:00:00,0.0
2010-11-05 03:00:00,0.0
2010-11-05 04:00:00,0.0
2010-11-05 05:00:00,0.0
2010-11-05 06:00:00,1.137
2010-11-05 07:00:00,6.792
2010-11-05 08:00:00,10.592
2010-11-05 09:00:00,10.697
2010-11-05 10:00:00,12.109
2010-11-05 11:00:00,15.956
2010-11-05 12:00:00,11.969
2010-11-05 13:00:00,10.073
2010-11-05 14:00:00,10.38
2010-11-05 15:00:00,8.841000000000001
2010-11-05 16:00:00,7.430999999999998
2010-11-05 17:00:00,0.9430000000000004
2010-11-05 18:00:00,0.153
2010-11-05 19:00:00,0.0
2010-11-05 20:00:00,0.0
2010-11-05 21:00:00,0.0
2010-11-05 22:00:00,0.0
2010-11-05 23:00:00,0.0
2010-11-06 00:00:00,0.0
2010-11-06 01:00:00,0.0
2010-11-06 02:00:00,0.0
2010-11-06 03:00:00,0.0
2010-11-06 04:00:00,0.0
2010-11-06 05:00:00,0.0
2010-11-06 06:00:00,1.108
2010-11-06 07:00:00,8.018999999999998
2010-11-06 08:00:00,22.92499999999999
2010-11-06 09:00:00,32.133
2010-11-06 10:00:00,35.59699999999999
2010-11-06 11:00:00,33.677
2010-11-06 12:00:00,40.53899999999999
2010-11-06 13:00:00,44.276
2010-11-06 14:00:00,16.16
2010-11-06 15:00:00,15.668
2010-11-06 16:00:00,18.328
2010-11-06 17:00:00,9.43
2010-11-06 18:00:00,2.838999999999999
2010-11-06 19:00:00,0.013
2010-11-06 20:00:00,0.0
2010-11-06 21:00:00,0.0
2010-11-06 22:00:00,0.0
2010-11-06 23:00:00,0.0
2010-11-07 00:00:00,0.0
2010-11-07 01:00:00,0.0
2010-11-07 02:00:00,0.0
2010-11-07 03:00:00,0.0
2010-11-07 04:00:00,0.0
2010-11-07 05:00:00,0.0
2010-11-07 06:00:00,4.233
2010-11-07 07:00:00,15.31300000000001
2010-11-07 08:00:00,29.954
2010-11-07 09:00:00,44.69699999999998
2010-11-07 10:00:00,54.92200000000001
2010-11-07 11:00:00,59.144
2010-11-07 12:00:00,57.937
2010-11-07 13:00:00,60.507
2010-11-07 14:00:00,55.55200000000001
2010-11-07 15:00:00,45.961
2010-11-07 16:00:00,31.715
2010-11-07 17:00:00,17.001
2010-11-07 18:00:00,5.619000000000002
2010-11-07 19:00:00,0.057
2010-11-07 20:00:00,0.0
2010-11-07 21:00:00,0.0
2010-11-07 22:00:00,0.0
2010-11-07 23:00:00,0.0
2010-11-08 00:00:00,0.0
2010-11-08 01:00:00,0.0
2010-11-08 02:00:00,0.0
2010-11-08 03:00:00,0.0
2010-11-08 04:00:00,0.0
2010-11-08 05:00:00,0.0
2010-11-08 06:00:00,2.485
2010-11-08 07:00:00,11.642
2010-11-08 08:00:00,23.451
2010-11-08 09:00:00,26.76500000000001
2010-11-08 10:00:00,51.97199999999999
2010-11-08 11:00:00,58.69600000000001
2010-11-08 12:00:00,58.21299999999999
2010-11-08 13:00:00,58.599
2010-11-08 14:00:00,53.404
2010-11-08 15:00:00,43.42499999999998
2010-11-08 16:00:00,27.62799999999999
2010-11-08 17:00:00,14.96
2010-11-08 18:00:00,4.09
2010-11-08 19:00:00,0.0
2010-11-08 20:00:00,0.0
2010-11-08 21:00:00,0.0
2010-11-08 22:00:00,0.0
2010-11-08 23:00:00,0.0
2010-11-09 00:00:00,0.0
2010-11-09 01:00:00,0.0
2010-11-09 02:00:00,0.0
2010-11-09 03:00:00,0.0
2010-11-09 04:00:00,0.0
2010-11-09 05:00:00,0.0
2010-11-09 06:00:00,2.457
2010-11-09 07:00:00,20.025
2010-11-09 08:00:00,16.718
2010-11-09 09:00:00,39.35599999999999
2010-11-09 10:00:00,43.811
2010-11-09 11:00:00,49.27800000000001
2010-11-09 12:00:00,57.02699999999999
2010-11-09 13:00:00,51.43899999999999
2010-11-09 14:00:00,45.181
2010-11-09 15:00:00,40.30599999999999
2010-11-09 16:00:00,20.109
2010-11-09 17:00:00,7.760999999999999
2010-11-09 18:00:00,2.694
2010-11-09 19:00:00,0.019
2010-11-09 20:00:00,0.0
2010-11-09 21:00:00,0.0
2010-11-09 22:00:00,0.0
2010-11-09 23:00:00,0.0
2010-11-10 00:00:00,0.0
2010-11-10 01:00:00,0.0
2010-11-10 02:00:00,0.0
2010-11-10 03:00:00,0.0
2010-11-10 04:00:00,0.0
2010-11-10 05:00:00,0.0
2010-11-10 06:00:00,2.065999999999999
2010-11-10 07:00:00,14.477
2010-11-10 08:00:00,25.896
2010-11-10 09:00:00,30.804
2010-11-10 10:00:00,34.472
2010-11-10 11:00:00,40.72299999999999
2010-11-10 12:00:00,34.139
2010-11-10 13:00:00,45.92599999999999
2010-11-10 14:00:00,44.498
2010-11-10 15:00:00,40.93199999999999
2010-11-10 16:00:00,29.58299999999999
2010-11-10 17:00:00,11.394
2010-11-10 18:00:00,0.274
2010-11-10 19:00:00,0.0
2010-11-10 20:00:00,0.0
2010-11-10 21:00:00,0.0
2010-11-10 22:00:00,0.0
2010-11-10 23:00:00,0.0
2010-11-11 00:00:00,0.0
2010-11-11 01:00:00,0.0
2010-11-11 02:00:00,0.0
2010-11-11 03:00:00,0.0
2010-11-11 04:00:00,0.0
2010-11-11 05:00:00,0.0
2010-11-11 06:00:00,0.6300000000000002
2010-11-11 07:00:00,10.783
2010-11-11 08:00:00,28.755
2010-11-11 09:00:00,14.985
2010-11-11 10:00:00,27.756
2010-11-11 11:00:00,25.13800000000001
2010-11-11 12:00:00,36.66699999999999
2010-11-11 13:00:00,53.999
2010-11-11 14:00:00,52.52699999999999
2010-11-11 15:00:00,43.579
2010-11-11 16:00:00,31.546
2010-11-11 17:00:00,16.93
2010-11-11 18:00:00,4.24
2010-11-11 19:00:00,0.013
2010-11-11 20:00:00,0.0
2010-11-11 21:00:00,0.0
2010-11-11 22:00:00,0.0
2010-11-11 23:00:00,0.0
2010-11-12 00:00:00,0.0
2010-11-12 01:00:00,0.0
2010-11-12 02:00:00,0.0
2010-11-12 03:00:00,0.0
2010-11-12 04:00:00,0.0
2010-11-12 05:00:00,0.019
2010-11-12 06:00:00,5.035999999999998
2010-11-12 07:00:00,14.411
2010-11-12 08:00:00,29.555
2010-11-12 09:00:00,40.838
2010-11-12 10:00:00,54.47499999999999
2010-11-12 11:00:00,60.781
2010-11-12 12:00:00,63.11599999999999
2010-11-12 13:00:00,61.91999999999999
2010-11-12 14:00:00,56.313
2010-11-12 15:00:00,47.114
2010-11-12 16:00:00,32.89799999999999
2010-11-12 17:00:00,17.362
2010-11-12 18:00:00,5.324
2010-11-12 19:00:00,0.151
2010-11-12 20:00:00,0.0
2010-11-12 21:00:00,0.0
2010-11-12 22:00:00,0.0
2010-11-12 23:00:00,0.0
2010-11-13 00:00:00,0.0
2010-11-13 01:00:00,0.0
2010-11-13 02:00:00,0.0
2010-11-13 03:00:00,0.0
2010-11-13 04:00:00,0.0
2010-11-13 05:00:00,0.013
2010-11-13 06:00:00,4.22
2010-11-13 07:00:00,15.535
2010-11-13 08:00:00,29.768
2010-11-13 09:00:00,42.17699999999999
2010-11-13 10:00:00,53.032
2010-11-13 11:00:00,59.09999999999999
2010-11-13 12:00:00,59.64300000000001
2010-11-13 13:00:00,50.053
2010-11-13 14:00:00,14.259
2010-11-13 15:00:00,21.515
2010-11-13 16:00:00,12.414
2010-11-13 17:00:00,5.058000000000001
2010-11-13 18:00:00,4.799
2010-11-13 19:00:00,0.094
2010-11-13 20:00:00,0.0
2010-11-13 21:00:00,0.0
2010-11-13 22:00:00,0.0
2010-11-13 23:00:00,0.0
2010-11-14 00:00:00,0.0
2010-11-14 01:00:00,0.0
2010-11-14 02:00:00,0.0
2010-11-14 03:00:00,0.0
2010-11-14 04:00:00,0.0
2010-11-14 05:00:00,0.013
2010-11-14 06:00:00,5.061
2010-11-14 07:00:00,12.298
2010-11-14 08:00:00,24.531
2010-11-14 09:00:00,33.474
2010-11-14 10:00:00,50.31400000000001
2010-11-14 11:00:00,55.503
2010-11-14 12:00:00,58.74200000000001
2010-11-14 13:00:00,51.373
2010-11-14 14:00:00,52.43099999999998
2010-11-14 15:00:00,43.01499999999999
2010-11-14 16:00:00,21.232
2010-11-14 17:00:00,17.18
2010-11-14 18:00:00,5.308999999999999
2010-11-14 19:00:00,0.062
2010-11-14 20:00:00,0.0
2010-11-14 21:00:00,0.0
2010-11-14 22:00:00,0.0
2010-11-14 23:00:00,0.0
2010-11-15 00:00:00,0.0
2010-11-15 01:00:00,0.0
2010-11-15 02:00:00,0.0
2010-11-15 03:00:00,0.0
2010-11-15 04:00:00,0.0
2010-11-15 05:00:00,0.013
2010-11-15 06:00:00,3.782000000000001
2010-11-15 07:00:00,15.513
2010-11-15 08:00:00,28.301
2010-11-15 09:00:00,34.58999999999999
2010-11-15 10:00:00,36.55699999999998
2010-11-15 11:00:00,25.759
2010-11-15 12:00:00,20.40900000000001
2010-11-15 13:00:00,16.609
2010-11-15 14:00:00,3.874
2010-11-15 15:00:00,2.062
2010-11-15 16:00:00,0.9390000000000004
2010-11-15 17:00:00,0.3810000000000001
2010-11-15 18:00:00,0.052
2010-11-15 19:00:00,0.0
2010-11-15 20:00:00,0.0
2010-11-15 21:00:00,0.0
2010-11-15 22:00:00,0.0
2010-11-15 23:00:00,0.0
2010-11-16 00:00:00,0.0
2010-11-16 01:00:00,0.0
2010-11-16 02:00:00,0.0
2010-11-16 03:00:00,0.0
2010-11-16 04:00:00,0.0
2010-11-16 05:00:00,0.0
2010-11-16 06:00:00,0.241
2010-11-16 07:00:00,4.015000000000001
2010-11-16 08:00:00,7.112
2010-11-16 09:00:00,9.799
2010-11-16 10:00:00,15.805
2010-11-16 11:00:00,30.60300000000001
2010-11-16 12:00:00,39.913
2010-11-16 13:00:00,55.011
2010-11-16 14:00:00,57.35299999999998
2010-11-16 15:00:00,45.03400000000001
2010-11-16 16:00:00,28.65199999999999
2010-11-16 17:00:00,13.785
2010-11-16 18:00:00,6.205
2010-11-16 19:00:00,0.0
2010-11-16 20:00:00,0.0
2010-11-16 21:00:00,0.0
2010-11-16 22:00:00,0.0
2010-11-16 23:00:00,0.0
2010-11-17 00:00:00,0.0
2010-11-17 01:00:00,0.0
2010-11-17 02:00:00,0.0
2010-11-17 03:00:00,0.0
2010-11-17 04:00:00,0.0
2010-11-17 05:00:00,0.0
2010-11-17 06:00:00,0.153
2010-11-17 07:00:00,3.335
2010-11-17 08:00:00,5.443000000000001
2010-11-17 09:00:00,20.576
2010-11-17 10:00:00,32.12400000000001
2010-11-17 11:00:00,36.846
2010-11-17 12:00:00,42.184
2010-11-17 13:00:00,48.66599999999998
2010-11-17 14:00:00,49.558
2010-11-17 15:00:00,38.75700000000001
2010-11-17 16:00:00,31.101
2010-11-17 17:00:00,18.20199999999999
2010-11-17 18:00:00,5.287
2010-11-17 19:00:00,0.108
2010-11-17 20:00:00,0.0
2010-11-17 21:00:00,0.0
2010-11-17 22:00:00,0.0
2010-11-17 23:00:00,0.0
2010-11-18 00:00:00,0.0
2010-11-18 01:00:00,0.0
2010-11-18 02:00:00,0.0
2010-11-18 03:00:00,0.0
2010-11-18 04:00:00,0.0
2010-11-18 05:00:00,0.0
2010-11-18 06:00:00,1.511
2010-11-18 07:00:00,8.870000000000001
2010-11-18 08:00:00,16.855
2010-11-18 09:00:00,17.994
2010-11-18 10:00:00,33.34400000000001
2010-11-18 11:00:00,36.526
2010-11-18 12:00:00,46.28099999999999
2010-11-18 13:00:00,36.907
2010-11-18 14:00:00,32.943
2010-11-18 15:00:00,21.201
2010-11-18 16:00:00,15.189
2010-11-18 17:00:00,9.398999999999997
2010-11-18 18:00:00,2.986999999999999
2010-11-18 19:00:00,0.197
2010-11-18 20:00:00,0.0
2010-11-18 21:00:00,0.0
2010-11-18 22:00:00,0.0
2010-11-18 23:00:00,0.0
2010-11-19 00:00:00,0.0
2010-11-19 01:00:00,0.0
2010-11-19 02:00:00,0.0
2010-11-19 03:00:00,0.0
2010-11-19 04:00:00,0.0
2010-11-19 05:00:00,0.0
2010-11-19 06:00:00,0.9180000000000005
2010-11-19 07:00:00,1.66
2010-11-19 08:00:00,1.976
2010-11-19 09:00:00,4.984
2010-11-19 10:00:00,11.767
2010-11-19 11:00:00,6.294
2010-11-19 12:00:00,4.339000000000001
2010-11-19 13:00:00,6.784000000000002
2010-11-19 14:00:00,13.612
2010-11-19 15:00:00,19.581
2010-11-19 16:00:00,8.248
2010-11-19 17:00:00,12.121
2010-11-19 18:00:00,3.533
2010-11-19 19:00:00,0.171
2010-11-19 20:00:00,0.0
2010-11-19 21:00:00,0.0
2010-11-19 22:00:00,0.0
2010-11-19 23:00:00,0.0
2010-11-20 00:00:00,0.0
2010-11-20 01:00:00,0.0
2010-11-20 02:00:00,0.0
2010-11-20 03:00:00,0.0
2010-11-20 04:00:00,0.0
2010-11-20 05:00:00,0.019
2010-11-20 06:00:00,2.239999999999999
2010-11-20 07:00:00,10.141
2010-11-20 08:00:00,29.871
2010-11-20 09:00:00,41.681
2010-11-20 10:00:00,53.401
2010-11-20 11:00:00,60.626
2010-11-20 12:00:00,63.419
2010-11-20 13:00:00,61.92600000000001
2010-11-20 14:00:00,58.80099999999999
2010-11-20 15:00:00,49.04199999999999
2010-11-20 16:00:00,35.29500000000002
2010-11-20 17:00:00,19.77
2010-11-20 18:00:00,6.531
2010-11-20 19:00:00,0.3340000000000001
2010-11-20 20:00:00,0.0
2010-11-20 21:00:00,0.0
2010-11-20 22:00:00,0.0
2010-11-20 23:00:00,0.0
2010-11-21 00:00:00,0.0
2010-11-21 01:00:00,0.0
2010-11-21 02:00:00,0.0
2010-11-21 03:00:00,0.0
2010-11-21 04:00:00,0.0
2010-11-21 05:00:00,0.025
2010-11-21 06:00:00,4.954999999999999
2010-11-21 07:00:00,15.232
2010-11-21 08:00:00,30.13800000000001
2010-11-21 09:00:00,45.81799999999999
2010-11-21 10:00:00,57.82499999999999
2010-11-21 11:00:00,64.44199999999998
2010-11-21 12:00:00,65.41799999999999
2010-11-21 13:00:00,61.901
2010-11-21 14:00:00,58.73
2010-11-21 15:00:00,46.47200000000001
2010-11-21 16:00:00,32.791
2010-11-21 17:00:00,20.396
2010-11-21 18:00:00,4.847999999999999
2010-11-21 19:00:00,0.108
2010-11-21 20:00:00,0.0
2010-11-21 21:00:00,0.0
2010-11-21 22:00:00,0.0
2010-11-21 23:00:00,0.0
2010-11-22 00:00:00,0.0
2010-11-22 01:00:00,0.0
2010-11-22 02:00:00,0.0
2010-11-22 03:00:00,0.0
2010-11-22 04:00:00,0.0
2010-11-22 05:00:00,0.0
2010-11-22 06:00:00,4.996
2010-11-22 07:00:00,16.956
2010-11-22 08:00:00,32.34499999999999
2010-11-22 09:00:00,46.63900000000001
2010-11-22 10:00:00,56.26900000000001
2010-11-22 11:00:00,63.88599999999999
2010-11-22 12:00:00,66.928
2010-11-22 13:00:00,65.213
2010-11-22 14:00:00,59.77
2010-11-22 15:00:00,49.82700000000001
2010-11-22 16:00:00,36.056
2010-11-22 17:00:00,20.543
2010-11-22 18:00:00,7.590000000000001
2010-11-22 19:00:00,0.6090000000000002
2010-11-22 20:00:00,0.0
2010-11-22 21:00:00,0.0
2010-11-22 22:00:00,0.0
2010-11-22 23:00:00,0.0
2010-11-23 00:00:00,0.0
2010-11-23 01:00:00,0.0
2010-11-23 02:00:00,0.0
2010-11-23 03:00:00,0.0
2010-11-23 04:00:00,0.0
2010-11-23 05:00:00,0.025
2010-11-23 06:00:00,3.874000000000001
2010-11-23 07:00:00,17.018
2010-11-23 08:00:00,29.662
2010-11-23 09:00:00,36.68600000000001
2010-11-23 10:00:00,53.69899999999999
2010-11-23 11:00:00,64.52899999999998
2010-11-23 12:00:00,66.91799999999999
2010-11-23 13:00:00,65.97200000000001
2010-11-23 14:00:00,59.633
2010-11-23 15:00:00,49.147
2010-11-23 16:00:00,35.67
2010-11-23 17:00:00,18.95
2010-11-23 18:00:00,6.28
2010-11-23 19:00:00,0.245
2010-11-23 20:00:00,0.0
2010-11-23 21:00:00,0.0
2010-11-23 22:00:00,0.0
2010-11-23 23:00:00,0.0
2010-11-24 00:00:00,0.0
2010-11-24 01:00:00,0.0
2010-11-24 02:00:00,0.0
2010-11-24 03:00:00,0.0
2010-11-24 04:00:00,0.0
2010-11-24 05:00:00,0.044
2010-11-24 06:00:00,5.035
2010-11-24 07:00:00,17.043
2010-11-24 08:00:00,32.20700000000001
2010-11-24 09:00:00,45.94599999999999
2010-11-24 10:00:00,55.05699999999998
2010-11-24 11:00:00,60.27400000000002
2010-11-24 12:00:00,65.38799999999999
2010-11-24 13:00:00,65.37899999999999
2010-11-24 14:00:00,59.09499999999999
2010-11-24 15:00:00,49.181
2010-11-24 16:00:00,35.395
2010-11-24 17:00:00,20.048
2010-11-24 18:00:00,6.678999999999998
2010-11-24 19:00:00,0.3780000000000001
2010-11-24 20:00:00,0.0
2010-11-24 21:00:00,0.0
2010-11-24 22:00:00,0.0
2010-11-24 23:00:00,0.0
2010-11-25 00:00:00,0.0
2010-11-25 01:00:00,0.0
2010-11-25 02:00:00,0.0
2010-11-25 03:00:00,0.0
2010-11-25 04:00:00,0.0
2010-11-25 05:00:00,0.051
2010-11-25 06:00:00,4.909
2010-11-25 07:00:00,16.586
2010-11-25 08:00:00,31.177
2010-11-25 09:00:00,44.694
2010-11-25 10:00:00,55.25
2010-11-25 11:00:00,61.67400000000001
2010-11-25 12:00:00,63.852
2010-11-25 13:00:00,62.94800000000001
2010-11-25 14:00:00,57.97000000000001
2010-11-25 15:00:00,48.90799999999998
2010-11-25 16:00:00,35.641
2010-11-25 17:00:00,20.24
2010-11-25 18:00:00,6.873999999999999
2010-11-25 19:00:00,0.4460000000000001
2010-11-25 20:00:00,0.0
2010-11-25 21:00:00,0.0
2010-11-25 22:00:00,0.0
2010-11-25 23:00:00,0.0
2010-11-26 00:00:00,0.0
2010-11-26 01:00:00,0.0
2010-11-26 02:00:00,0.0
2010-11-26 03:00:00,0.0
2010-11-26 04:00:00,0.0
2010-11-26 05:00:00,0.044
2010-11-26 06:00:00,3.589
2010-11-26 07:00:00,17.152
2010-11-26 08:00:00,31.77500000000001
2010-11-26 09:00:00,46.437
2010-11-26 10:00:00,51.36599999999999
2010-11-26 11:00:00,54.67600000000002
2010-11-26 12:00:00,61.13400000000001
2010-11-26 13:00:00,60.484
2010-11-26 14:00:00,36.627
2010-11-26 15:00:00,30.70699999999999
2010-11-26 16:00:00,23.96700000000001
2010-11-26 17:00:00,18.547
2010-11-26 18:00:00,6.38
2010-11-26 19:00:00,0.222
2010-11-26 20:00:00,0.0
2010-11-26 21:00:00,0.0
2010-11-26 22:00:00,0.0
2010-11-26 23:00:00,0.0
2010-11-27 00:00:00,0.0
2010-11-27 01:00:00,0.0
2010-11-27 02:00:00,0.0
2010-11-27 03:00:00,0.0
2010-11-27 04:00:00,0.0
2010-11-27 05:00:00,0.0
2010-11-27 06:00:00,4.375999999999999
2010-11-27 07:00:00,16.13
2010-11-27 08:00:00,28.066
2010-11-27 09:00:00,39.10200000000001
2010-11-27 10:00:00,53.54799999999999
2010-11-27 11:00:00,59.53399999999998
2010-11-27 12:00:00,65.33500000000001
2010-11-27 13:00:00,64.33200000000001
2010-11-27 14:00:00,54.46799999999998
2010-11-27 15:00:00,48.59799999999999
2010-11-27 16:00:00,33.68300000000001
2010-11-27 17:00:00,16.736
2010-11-27 18:00:00,7.284
2010-11-27 19:00:00,0.4740000000000001
2010-11-27 20:00:00,0.0
2010-11-27 21:00:00,0.0
2010-11-27 22:00:00,0.0
2010-11-27 23:00:00,0.0
2010-11-28 00:00:00,0.0
2010-11-28 01:00:00,0.0
2010-11-28 02:00:00,0.0
2010-11-28 03:00:00,0.0
2010-11-28 04:00:00,0.0
2010-11-28 05:00:00,0.038
2010-11-28 06:00:00,2.559
2010-11-28 07:00:00,9.608
2010-11-28 08:00:00,17.848
2010-11-28 09:00:00,16.453
2010-11-28 10:00:00,38.57700000000001
2010-11-28 11:00:00,33.15299999999999
2010-11-28 12:00:00,32.43300000000001
2010-11-28 13:00:00,25.559
2010-11-28 14:00:00,22.04799999999999
2010-11-28 15:00:00,16.706
2010-11-28 16:00:00,28.736
2010-11-28 17:00:00,13.599
2010-11-28 18:00:00,7.122000000000002
2010-11-28 19:00:00,0.222
2010-11-28 20:00:00,0.0
2010-11-28 21:00:00,0.0
2010-11-28 22:00:00,0.0
2010-11-28 23:00:00,0.0
2010-11-29 00:00:00,0.0
2010-11-29 01:00:00,0.0
2010-11-29 02:00:00,0.0
2010-11-29 03:00:00,0.0
2010-11-29 04:00:00,0.0
2010-11-29 05:00:00,0.0
2010-11-29 06:00:00,2.155999999999999
2010-11-29 07:00:00,3.293
2010-11-29 08:00:00,9.925
2010-11-29 09:00:00,14.317
2010-11-29 10:00:00,20.248
2010-11-29 11:00:00,36.26300000000001
2010-11-29 12:00:00,49.00899999999999
2010-11-29 13:00:00,50.971
2010-11-29 14:00:00,52.23200000000001
2010-11-29 15:00:00,42.78099999999999
2010-11-29 16:00:00,31.848
2010-11-29 17:00:00,14.913
2010-11-29 18:00:00,2.302
2010-11-29 19:00:00,0.095
2010-11-29 20:00:00,0.0
2010-11-29 21:00:00,0.0
2010-11-29 22:00:00,0.0
2010-11-29 23:00:00,0.0
2010-11-30 00:00:00,0.0
2010-11-30 01:00:00,0.0
2010-11-30 02:00:00,0.0
2010-11-30 03:00:00,0.0
2010-11-30 04:00:00,0.0
2010-11-30 05:00:00,0.0
2010-11-30 06:00:00,0.222
2010-11-30 07:00:00,3.134
2010-11-30 08:00:00,6.140000000000001
2010-11-30 09:00:00,13.815
2010-11-30 10:00:00,30.58600000000001
2010-11-30 11:00:00,37.48
2010-11-30 12:00:00,32.963
2010-11-30 13:00:00,36.42400000000001
2010-11-30 14:00:00,38.593
2010-11-30 15:00:00,22.264
2010-11-30 16:00:00,16.01899999999999
2010-11-30 17:00:00,5.885
2010-11-30 18:00:00,1.341
2010-11-30 19:00:00,0.039
2010-11-30 20:00:00,0.0
2010-11-30 21:00:00,0.0
2010-11-30 22:00:00,0.0
2010-11-30 23:00:00,0.0
2010-12-01 00:00:00,0.0
2010-12-01 01:00:00,0.0
2010-12-01 02:00:00,0.0
2010-12-01 03:00:00,0.0
2010-12-01 04:00:00,0.0
2010-12-01 05:00:00,0.0
2010-12-01 06:00:00,0.039
2010-12-01 07:00:00,0.9610000000000004
2010-12-01 08:00:00,5.691000000000001
2010-12-01 09:00:00,4.515
2010-12-01 10:00:00,8.119000000000002
2010-12-01 11:00:00,5.519000000000003
2010-12-01 12:00:00,31.849
2010-12-01 13:00:00,24.145
2010-12-01 14:00:00,13.643
2010-12-01 15:00:00,7.731000000000002
2010-12-01 16:00:00,3.060999999999999
2010-12-01 17:00:00,0.7550000000000002
2010-12-01 18:00:00,0.3120000000000001
2010-12-01 19:00:00,0.0
2010-12-01 20:00:00,0.0
2010-12-01 21:00:00,0.0
2010-12-01 22:00:00,0.0
2010-12-01 23:00:00,0.0
2010-12-02 00:00:00,0.0
2010-12-02 01:00:00,0.0
2010-12-02 02:00:00,0.0
2010-12-02 03:00:00,0.0
2010-12-02 04:00:00,0.0
2010-12-02 05:00:00,0.0
2010-12-02 06:00:00,2.028
2010-12-02 07:00:00,14.093
2010-12-02 08:00:00,30.144
2010-12-02 09:00:00,39.014
2010-12-02 10:00:00,35.73699999999999
2010-12-02 11:00:00,30.888
2010-12-02 12:00:00,44.455
2010-12-02 13:00:00,53.04199999999999
2010-12-02 14:00:00,52.66499999999998
2010-12-02 15:00:00,32.49299999999999
2010-12-02 16:00:00,30.644
2010-12-02 17:00:00,12.626
2010-12-02 18:00:00,2.169
2010-12-02 19:00:00,0.3630000000000001
2010-12-02 20:00:00,0.0
2010-12-02 21:00:00,0.0
2010-12-02 22:00:00,0.0
2010-12-02 23:00:00,0.0
2010-12-03 00:00:00,0.0
2010-12-03 01:00:00,0.0
2010-12-03 02:00:00,0.0
2010-12-03 03:00:00,0.0
2010-12-03 04:00:00,0.0
2010-12-03 05:00:00,0.013
2010-12-03 06:00:00,3.194
2010-12-03 07:00:00,11.436
2010-12-03 08:00:00,22.545
2010-12-03 09:00:00,36.333
2010-12-03 10:00:00,52.088
2010-12-03 11:00:00,51.23700000000001
2010-12-03 12:00:00,53.14899999999999
2010-12-03 13:00:00,59.397
2010-12-03 14:00:00,58.34700000000002
2010-12-03 15:00:00,42.16399999999999
2010-12-03 16:00:00,20.41
2010-12-03 17:00:00,9.479
2010-12-03 18:00:00,3.466
2010-12-03 19:00:00,0.5040000000000001
2010-12-03 20:00:00,0.0
2010-12-03 21:00:00,0.0
2010-12-03 22:00:00,0.0
2010-12-03 23:00:00,0.0
2010-12-04 00:00:00,0.0
2010-12-04 01:00:00,0.0
2010-12-04 02:00:00,0.0
2010-12-04 03:00:00,0.0
2010-12-04 04:00:00,0.0
2010-12-04 05:00:00,0.0
2010-12-04 06:00:00,0.3470000000000001
2010-12-04 07:00:00,3.989
2010-12-04 08:00:00,10.578
2010-12-04 09:00:00,19.03
2010-12-04 10:00:00,26.345
2010-12-04 11:00:00,28.99
2010-12-04 12:00:00,29.07600000000001
2010-12-04 13:00:00,43.05
2010-12-04 14:00:00,53.335
2010-12-04 15:00:00,47.22799999999999
2010-12-04 16:00:00,30.471
2010-12-04 17:00:00,13.986
2010-12-04 18:00:00,5.706
2010-12-04 19:00:00,0.228
2010-12-04 20:00:00,0.0
2010-12-04 21:00:00,0.0
2010-12-04 22:00:00,0.0
2010-12-04 23:00:00,0.0
2010-12-05 00:00:00,0.0
2010-12-05 01:00:00,0.0
2010-12-05 02:00:00,0.0
2010-12-05 03:00:00,0.0
2010-12-05 04:00:00,0.0
2010-12-05 05:00:00,0.0
2010-12-05 06:00:00,2.429
2010-12-05 07:00:00,9.848
2010-12-05 08:00:00,21.391
2010-12-05 09:00:00,31.35300000000001
2010-12-05 10:00:00,40.65699999999999
2010-12-05 11:00:00,54.13500000000001
2010-12-05 12:00:00,50.501
2010-12-05 13:00:00,56.703
2010-12-05 14:00:00,33.812
2010-12-05 15:00:00,38.583
2010-12-05 16:00:00,20.88500000000001
2010-12-05 17:00:00,13.018
2010-12-05 18:00:00,8.157
2010-12-05 19:00:00,0.158
2010-12-05 20:00:00,0.0
2010-12-05 21:00:00,0.0
2010-12-05 22:00:00,0.0
2010-12-05 23:00:00,0.0
2010-12-06 00:00:00,0.0
2010-12-06 01:00:00,0.0
2010-12-06 02:00:00,0.0
2010-12-06 03:00:00,0.0
2010-12-06 04:00:00,0.0
2010-12-06 05:00:00,0.0
2010-12-06 06:00:00,2.682999999999999
2010-12-06 07:00:00,10.308
2010-12-06 08:00:00,28.45
2010-12-06 09:00:00,42.904
2010-12-06 10:00:00,51.40599999999999
2010-12-06 11:00:00,58.34099999999999
2010-12-06 12:00:00,64.50599999999999
2010-12-06 13:00:00,55.39300000000001
2010-12-06 14:00:00,55.276
2010-12-06 15:00:00,46.777
2010-12-06 16:00:00,35.53700000000001
2010-12-06 17:00:00,21.68200000000001
2010-12-06 18:00:00,8.012
2010-12-06 19:00:00,0.8120000000000002
2010-12-06 20:00:00,0.0
2010-12-06 21:00:00,0.0
2010-12-06 22:00:00,0.0
2010-12-06 23:00:00,0.0
2010-12-07 00:00:00,0.0
2010-12-07 01:00:00,0.0
2010-12-07 02:00:00,0.0
2010-12-07 03:00:00,0.0
2010-12-07 04:00:00,0.0
2010-12-07 05:00:00,0.013
2010-12-07 06:00:00,4.827999999999999
2010-12-07 07:00:00,15.722
2010-12-07 08:00:00,28.88
2010-12-07 09:00:00,44.48
2010-12-07 10:00:00,55.62199999999999
2010-12-07 11:00:00,56.59
2010-12-07 12:00:00,55.39199999999998
2010-12-07 13:00:00,64.41399999999999
2010-12-07 14:00:00,58.173
2010-12-07 15:00:00,49.89699999999999
2010-12-07 16:00:00,36.65300000000001
2010-12-07 17:00:00,21.744
2010-12-07 18:00:00,8.332999999999997
2010-12-07 19:00:00,0.7410000000000002
2010-12-07 20:00:00,0.0
2010-12-07 21:00:00,0.0
2010-12-07 22:00:00,0.0
2010-12-07 23:00:00,0.0
2010-12-08 00:00:00,0.0
2010-12-08 01:00:00,0.0
2010-12-08 02:00:00,0.0
2010-12-08 03:00:00,0.0
2010-12-08 04:00:00,0.0
2010-12-08 05:00:00,0.038
2010-12-08 06:00:00,5.007
2010-12-08 07:00:00,14.968
2010-12-08 08:00:00,30.238
2010-12-08 09:00:00,39.519
2010-12-08 10:00:00,48.69
2010-12-08 11:00:00,58.85
2010-12-08 12:00:00,62.568
2010-12-08 13:00:00,59.71699999999999
2010-12-08 14:00:00,53.306
2010-12-08 15:00:00,49.474
2010-12-08 16:00:00,33.354
2010-12-08 17:00:00,14.862
2010-12-08 18:00:00,10.151
2010-12-08 19:00:00,0.5050000000000001
2010-12-08 20:00:00,0.0
2010-12-08 21:00:00,0.0
2010-12-08 22:00:00,0.0
2010-12-08 23:00:00,0.0
2010-12-09 00:00:00,0.0
2010-12-09 01:00:00,0.0
2010-12-09 02:00:00,0.0
2010-12-09 03:00:00,0.0
2010-12-09 04:00:00,0.0
2010-12-09 05:00:00,0.019
2010-12-09 06:00:00,4.026
2010-12-09 07:00:00,12.907
2010-12-09 08:00:00,18.759
2010-12-09 09:00:00,29.282
2010-12-09 10:00:00,37.483
2010-12-09 11:00:00,38.272
2010-12-09 12:00:00,54.045
2010-12-09 13:00:00,39.33299999999999
2010-12-09 14:00:00,17.177
2010-12-09 15:00:00,17.719
2010-12-09 16:00:00,16.211
2010-12-09 17:00:00,7.647000000000001
2010-12-09 18:00:00,4.342000000000001
2010-12-09 19:00:00,0.3770000000000001
2010-12-09 20:00:00,0.0
2010-12-09 21:00:00,0.0
2010-12-09 22:00:00,0.0
2010-12-09 23:00:00,0.0
2010-12-10 00:00:00,0.0
2010-12-10 01:00:00,0.0
2010-12-10 02:00:00,0.0
2010-12-10 03:00:00,0.0
2010-12-10 04:00:00,0.0
2010-12-10 05:00:00,0.0
2010-12-10 06:00:00,0.3360000000000001
2010-12-10 07:00:00,7.946999999999999
2010-12-10 08:00:00,13.569
2010-12-10 09:00:00,7.316000000000002
2010-12-10 10:00:00,14.434
2010-12-10 11:00:00,21.038
2010-12-10 12:00:00,32.192
2010-12-10 13:00:00,33.874
2010-12-10 14:00:00,34.94
2010-12-10 15:00:00,32.276
2010-12-10 16:00:00,17.856
2010-12-10 17:00:00,10.755
2010-12-10 18:00:00,3.5
2010-12-10 19:00:00,0.133
2010-12-10 20:00:00,0.0
2010-12-10 21:00:00,0.0
2010-12-10 22:00:00,0.0
2010-12-10 23:00:00,0.0
2010-12-11 00:00:00,0.0
2010-12-11 01:00:00,0.0
2010-12-11 02:00:00,0.0
2010-12-11 03:00:00,0.0
2010-12-11 04:00:00,0.0
2010-12-11 05:00:00,0.0
2010-12-11 06:00:00,3.613999999999999
2010-12-11 07:00:00,16.225
2010-12-11 08:00:00,31.576
2010-12-11 09:00:00,45.80699999999999
2010-12-11 10:00:00,56.96799999999999
2010-12-11 11:00:00,58.56999999999998
2010-12-11 12:00:00,57.51299999999999
2010-12-11 13:00:00,51.49499999999999
2010-12-11 14:00:00,47.34000000000001
2010-12-11 15:00:00,29.254
2010-12-11 16:00:00,18.808
2010-12-11 17:00:00,10.641
2010-12-11 18:00:00,3.815
2010-12-11 19:00:00,0.8190000000000004
2010-12-11 20:00:00,0.0
2010-12-11 21:00:00,0.0
2010-12-11 22:00:00,0.0
2010-12-11 23:00:00,0.0
2010-12-12 00:00:00,0.0
2010-12-12 01:00:00,0.0
2010-12-12 02:00:00,0.0
2010-12-12 03:00:00,0.0
2010-12-12 04:00:00,0.0
2010-12-12 05:00:00,0.038
2010-12-12 06:00:00,4.585
2010-12-12 07:00:00,16.178
2010-12-12 08:00:00,31.075
2010-12-12 09:00:00,45.30400000000001
2010-12-12 10:00:00,55.771
2010-12-12 11:00:00,58.01200000000001
2010-12-12 12:00:00,47.38899999999998
2010-12-12 13:00:00,42.74499999999999
2010-12-12 14:00:00,32.729
2010-12-12 15:00:00,31.77599999999999
2010-12-12 16:00:00,30.11199999999999
2010-12-12 17:00:00,20.55
2010-12-12 18:00:00,9.656
2010-12-12 19:00:00,0.9940000000000001
2010-12-12 20:00:00,0.0
2010-12-12 21:00:00,0.0
2010-12-12 22:00:00,0.0
2010-12-12 23:00:00,0.0
2010-12-13 00:00:00,0.0
2010-12-13 01:00:00,0.0
2010-12-13 02:00:00,0.0
2010-12-13 03:00:00,0.0
2010-12-13 04:00:00,0.0
2010-12-13 05:00:00,0.026
2010-12-13 06:00:00,4.156999999999999
2010-12-13 07:00:00,15.098
2010-12-13 08:00:00,30.521
2010-12-13 09:00:00,41.58900000000001
2010-12-13 10:00:00,53.70099999999999
2010-12-13 11:00:00,64.153
2010-12-13 12:00:00,66.38399999999999
2010-12-13 13:00:00,64.73400000000001
2010-12-13 14:00:00,59.571
2010-12-13 15:00:00,49.76599999999998
2010-12-13 16:00:00,37.34100000000001
2010-12-13 17:00:00,22.723
2010-12-13 18:00:00,9.149000000000001
2010-12-13 19:00:00,1.07
2010-12-13 20:00:00,0.0
2010-12-13 21:00:00,0.0
2010-12-13 22:00:00,0.0
2010-12-13 23:00:00,0.0
2010-12-14 00:00:00,0.0
2010-12-14 01:00:00,0.0
2010-12-14 02:00:00,0.0
2010-12-14 03:00:00,0.0
2010-12-14 04:00:00,0.0
2010-12-14 05:00:00,0.019
2010-12-14 06:00:00,6.149999999999999
2010-12-14 07:00:00,8.924000000000001
2010-12-14 08:00:00,15.302
2010-12-14 09:00:00,23.79199999999999
2010-12-14 10:00:00,32.748
2010-12-14 11:00:00,42.35400000000001
2010-12-14 12:00:00,53.10500000000003
2010-12-14 13:00:00,62.77600000000002
2010-12-14 14:00:00,56.766
2010-12-14 15:00:00,46.33399999999999
2010-12-14 16:00:00,36.059
2010-12-14 17:00:00,21.699
2010-12-14 18:00:00,5.269000000000001
2010-12-14 19:00:00,0.9720000000000003
2010-12-14 20:00:00,0.0
2010-12-14 21:00:00,0.0
2010-12-14 22:00:00,0.0
2010-12-14 23:00:00,0.0
2010-12-15 00:00:00,0.0
2010-12-15 01:00:00,0.0
2010-12-15 02:00:00,0.0
2010-12-15 03:00:00,0.0
2010-12-15 04:00:00,0.0
2010-12-15 05:00:00,0.0
2010-12-15 06:00:00,2.198999999999999
2010-12-15 07:00:00,14.923
2010-12-15 08:00:00,28.105
2010-12-15 09:00:00,36.52399999999999
2010-12-15 10:00:00,49.76400000000001
2010-12-15 11:00:00,60.568
2010-12-15 12:00:00,63.37
2010-12-15 13:00:00,63.115
2010-12-15 14:00:00,58.87899999999999
2010-12-15 15:00:00,48.55700000000001
2010-12-15 16:00:00,30.45699999999999
2010-12-15 17:00:00,20.904
2010-12-15 18:00:00,10.558
2010-12-15 19:00:00,1.037
2010-12-15 20:00:00,0.0
2010-12-15 21:00:00,0.0
2010-12-15 22:00:00,0.0
2010-12-15 23:00:00,0.0
2010-12-16 00:00:00,0.0
2010-12-16 01:00:00,0.0
2010-12-16 02:00:00,0.0
2010-12-16 03:00:00,0.0
2010-12-16 04:00:00,0.0
2010-12-16 05:00:00,0.0
2010-12-16 06:00:00,0.12
2010-12-16 07:00:00,1.363
2010-12-16 08:00:00,6.136
2010-12-16 09:00:00,29.14299999999999
2010-12-16 10:00:00,53.20200000000001
2010-12-16 11:00:00,59.005
2010-12-16 12:00:00,20.71
2010-12-16 13:00:00,23.134
2010-12-16 14:00:00,46.29099999999999
2010-12-16 15:00:00,4.581
2010-12-16 16:00:00,0.052
2010-12-16 17:00:00,11.938
2010-12-16 18:00:00,4.567
2010-12-16 19:00:00,0.138
2010-12-16 20:00:00,0.0
2010-12-16 21:00:00,0.0
2010-12-16 22:00:00,0.0
2010-12-16 23:00:00,0.0
2010-12-17 00:00:00,0.0
2010-12-17 01:00:00,0.0
2010-12-17 02:00:00,0.0
2010-12-17 03:00:00,0.0
2010-12-17 04:00:00,0.0
2010-12-17 05:00:00,0.0
2010-12-17 06:00:00,0.361
2010-12-17 07:00:00,3.959999999999999
2010-12-17 08:00:00,9.614999999999998
2010-12-17 09:00:00,13.97900000000001
2010-12-17 10:00:00,26.062
2010-12-17 11:00:00,24.526
2010-12-17 12:00:00,25.501
2010-12-17 13:00:00,24.374
2010-12-17 14:00:00,22.277
2010-12-17 15:00:00,21.408
2010-12-17 16:00:00,11.86
2010-12-17 17:00:00,11.937
2010-12-17 18:00:00,6.077000000000001
2010-12-17 19:00:00,0.299
2010-12-17 20:00:00,0.0
2010-12-17 21:00:00,0.0
2010-12-17 22:00:00,0.0
2010-12-17 23:00:00,0.0
2010-12-18 00:00:00,0.0
2010-12-18 01:00:00,0.0
2010-12-18 02:00:00,0.0
2010-12-18 03:00:00,0.0
2010-12-18 04:00:00,0.0
2010-12-18 05:00:00,0.0
2010-12-18 06:00:00,0.3900000000000001
2010-12-18 07:00:00,4.006000000000001
2010-12-18 08:00:00,8.5
2010-12-18 09:00:00,14.892
2010-12-18 10:00:00,15.93200000000001
2010-12-18 11:00:00,20.882
2010-12-18 12:00:00,22.523
2010-12-18 13:00:00,20.665
2010-12-18 14:00:00,15.233
2010-12-18 15:00:00,19.37000000000001
2010-12-18 16:00:00,23.91099999999999
2010-12-18 17:00:00,13.96
2010-12-18 18:00:00,2.852
2010-12-18 19:00:00,0.133
2010-12-18 20:00:00,0.0
2010-12-18 21:00:00,0.0
2010-12-18 22:00:00,0.0
2010-12-18 23:00:00,0.0
2010-12-19 00:00:00,0.0
2010-12-19 01:00:00,0.0
2010-12-19 02:00:00,0.0
2010-12-19 03:00:00,0.0
2010-12-19 04:00:00,0.0
2010-12-19 05:00:00,0.0
2010-12-19 06:00:00,1.336
2010-12-19 07:00:00,5.465999999999998
2010-12-19 08:00:00,17.118
2010-12-19 09:00:00,14.339
2010-12-19 10:00:00,11.368
2010-12-19 11:00:00,14.791
2010-12-19 12:00:00,16.15
2010-12-19 13:00:00,13.796
2010-12-19 14:00:00,21.694
2010-12-19 15:00:00,24.47399999999999
2010-12-19 16:00:00,12.282
2010-12-19 17:00:00,11.401
2010-12-19 18:00:00,7.604000000000001
2010-12-19 19:00:00,1.455
2010-12-19 20:00:00,0.0
2010-12-19 21:00:00,0.0
2010-12-19 22:00:00,0.0
2010-12-19 23:00:00,0.0
2010-12-20 00:00:00,0.0
2010-12-20 01:00:00,0.0
2010-12-20 02:00:00,0.0
2010-12-20 03:00:00,0.0
2010-12-20 04:00:00,0.0
2010-12-20 05:00:00,0.025
2010-12-20 06:00:00,4.511
2010-12-20 07:00:00,16.921
2010-12-20 08:00:00,33.037
2010-12-20 09:00:00,48.837
2010-12-20 10:00:00,61.34700000000002
2010-12-20 11:00:00,68.51599999999999
2010-12-20 12:00:00,65.02000000000001
2010-12-20 13:00:00,59.699
2010-12-20 14:00:00,59.86899999999999
2010-12-20 15:00:00,53.55200000000001
2010-12-20 16:00:00,40.245
2010-12-20 17:00:00,24.734
2010-12-20 18:00:00,10.354
2010-12-20 19:00:00,1.564
2010-12-20 20:00:00,0.0
2010-12-20 21:00:00,0.0
2010-12-20 22:00:00,0.0
2010-12-20 23:00:00,0.0
2010-12-21 00:00:00,0.0
2010-12-21 01:00:00,0.0
2010-12-21 02:00:00,0.0
2010-12-21 03:00:00,0.0
2010-12-21 04:00:00,0.0
2010-12-21 05:00:00,0.019
2010-12-21 06:00:00,4.195
2010-12-21 07:00:00,16.021
2010-12-21 08:00:00,31.424
2010-12-21 09:00:00,46.51799999999999
2010-12-21 10:00:00,58.254
2010-12-21 11:00:00,65.225
2010-12-21 12:00:00,67.194
2010-12-21 13:00:00,64.775
2010-12-21 14:00:00,52.152
2010-12-21 15:00:00,47.80600000000001
2010-12-21 16:00:00,35.46499999999999
2010-12-21 17:00:00,20.48199999999999
2010-12-21 18:00:00,9.719000000000001
2010-12-21 19:00:00,1.461
2010-12-21 20:00:00,0.0
2010-12-21 21:00:00,0.0
2010-12-21 22:00:00,0.0
2010-12-21 23:00:00,0.0
2010-12-22 00:00:00,0.0
2010-12-22 01:00:00,0.0
2010-12-22 02:00:00,0.0
2010-12-22 03:00:00,0.0
2010-12-22 04:00:00,0.0
2010-12-22 05:00:00,0.013
2010-12-22 06:00:00,4.143
2010-12-22 07:00:00,15.5
2010-12-22 08:00:00,30.15200000000001
2010-12-22 09:00:00,44.04300000000001
2010-12-22 10:00:00,52.90100000000001
2010-12-22 11:00:00,61.921
2010-12-22 12:00:00,62.44300000000001
2010-12-22 13:00:00,64.827
2010-12-22 14:00:00,59.67
2010-12-22 15:00:00,38.77
2010-12-22 16:00:00,26.552
2010-12-22 17:00:00,12.878
2010-12-22 18:00:00,5.969999999999998
2010-12-22 19:00:00,0.417
2010-12-22 20:00:00,0.0
2010-12-22 21:00:00,0.0
2010-12-22 22:00:00,0.0
2010-12-22 23:00:00,0.0
2010-12-23 00:00:00,0.0
2010-12-23 01:00:00,0.0
2010-12-23 02:00:00,0.0
2010-12-23 03:00:00,0.0
2010-12-23 04:00:00,0.0
2010-12-23 05:00:00,0.0
2010-12-23 06:00:00,1.814
2010-12-23 07:00:00,9.496000000000002
2010-12-23 08:00:00,20.699
2010-12-23 09:00:00,27.87499999999999
2010-12-23 10:00:00,39.642
2010-12-23 11:00:00,40.49799999999999
2010-12-23 12:00:00,47.43999999999999
2010-12-23 13:00:00,41.43299999999998
2010-12-23 14:00:00,39.127
2010-12-23 15:00:00,33.411
2010-12-23 16:00:00,27.42
2010-12-23 17:00:00,16.057
2010-12-23 18:00:00,6.264000000000001
2010-12-23 19:00:00,0.9900000000000004
2010-12-23 20:00:00,0.0
2010-12-23 21:00:00,0.0
2010-12-23 22:00:00,0.0
2010-12-23 23:00:00,0.0
2010-12-24 00:00:00,0.0
2010-12-24 01:00:00,0.0
2010-12-24 02:00:00,0.0
2010-12-24 03:00:00,0.0
2010-12-24 04:00:00,0.0
2010-12-24 05:00:00,0.0
2010-12-24 06:00:00,0.4160000000000001
2010-12-24 07:00:00,4.625999999999999
2010-12-24 08:00:00,12.425
2010-12-24 09:00:00,22.06500000000001
2010-12-24 10:00:00,41.01099999999999
2010-12-24 11:00:00,57.84500000000001
2010-12-24 12:00:00,59.035
2010-12-24 13:00:00,57.26900000000001
2010-12-24 14:00:00,43.54999999999999
2010-12-24 15:00:00,45.346
2010-12-24 16:00:00,37.48
2010-12-24 17:00:00,23.593
2010-12-24 18:00:00,10.379
2010-12-24 19:00:00,1.812
2010-12-24 20:00:00,0.0
2010-12-24 21:00:00,0.0
2010-12-24 22:00:00,0.0
2010-12-24 23:00:00,0.0
2010-12-25 00:00:00,0.0
2010-12-25 01:00:00,0.0
2010-12-25 02:00:00,0.0
2010-12-25 03:00:00,0.0
2010-12-25 04:00:00,0.0
2010-12-25 05:00:00,0.0
2010-12-25 06:00:00,3.593
2010-12-25 07:00:00,14.369
2010-12-25 08:00:00,28.29700000000001
2010-12-25 09:00:00,42.238
2010-12-25 10:00:00,51.195
2010-12-25 11:00:00,58.825
2010-12-25 12:00:00,63.974
2010-12-25 13:00:00,63.242
2010-12-25 14:00:00,58.67299999999998
2010-12-25 15:00:00,50.779
2010-12-25 16:00:00,38.50199999999999
2010-12-25 17:00:00,23.634
2010-12-25 18:00:00,9.945999999999998
2010-12-25 19:00:00,1.51
2010-12-25 20:00:00,0.0
2010-12-25 21:00:00,0.0
2010-12-25 22:00:00,0.0
2010-12-25 23:00:00,0.0
2010-12-26 00:00:00,0.0
2010-12-26 01:00:00,0.0
2010-12-26 02:00:00,0.0
2010-12-26 03:00:00,0.0
2010-12-26 04:00:00,0.0
2010-12-26 05:00:00,0.0
2010-12-26 06:00:00,4.008999999999999
2010-12-26 07:00:00,15.816
2010-12-26 08:00:00,26.255
2010-12-26 09:00:00,24.244
2010-12-26 10:00:00,24.599
2010-12-26 11:00:00,49.864
2010-12-26 12:00:00,30.372
2010-12-26 13:00:00,26.514
2010-12-26 14:00:00,9.667
2010-12-26 15:00:00,11.69
2010-12-26 16:00:00,12.027
2010-12-26 17:00:00,7.503
2010-12-26 18:00:00,3.936000000000001
2010-12-26 19:00:00,0.095
2010-12-26 20:00:00,0.0
2010-12-26 21:00:00,0.0
2010-12-26 22:00:00,0.0
2010-12-26 23:00:00,0.0
2010-12-27 00:00:00,0.0
2010-12-27 01:00:00,0.0
2010-12-27 02:00:00,0.0
2010-12-27 03:00:00,0.0
2010-12-27 04:00:00,0.0
2010-12-27 05:00:00,0.0
2010-12-27 06:00:00,0.013
2010-12-27 07:00:00,0.8650000000000003
2010-12-27 08:00:00,8.277
2010-12-27 09:00:00,14.875
2010-12-27 10:00:00,24.553
2010-12-27 11:00:00,19.99500000000001
2010-12-27 12:00:00,14.294
2010-12-27 13:00:00,18.424
2010-12-27 14:00:00,18.271
2010-12-27 15:00:00,19.705
2010-12-27 16:00:00,15.883
2010-12-27 17:00:00,9.012999999999998
2010-12-27 18:00:00,3.416
2010-12-27 19:00:00,0.7840000000000004
2010-12-27 20:00:00,0.0
2010-12-27 21:00:00,0.0
2010-12-27 22:00:00,0.0
2010-12-27 23:00:00,0.0
2010-12-28 00:00:00,0.0
2010-12-28 01:00:00,0.0
2010-12-28 02:00:00,0.0
2010-12-28 03:00:00,0.0
2010-12-28 04:00:00,0.0
2010-12-28 05:00:00,0.0
2010-12-28 06:00:00,1.28
2010-12-28 07:00:00,7.275000000000001
2010-12-28 08:00:00,16.2
2010-12-28 09:00:00,27.20700000000001
2010-12-28 10:00:00,34.808
2010-12-28 11:00:00,30.512
2010-12-28 12:00:00,18.92599999999999
2010-12-28 13:00:00,31.789
2010-12-28 14:00:00,25.821
2010-12-28 15:00:00,17.713
2010-12-28 16:00:00,11.051
2010-12-28 17:00:00,6.901000000000001
2010-12-28 18:00:00,3.223
2010-12-28 19:00:00,0.138
2010-12-28 20:00:00,0.0
2010-12-28 21:00:00,0.0
2010-12-28 22:00:00,0.0
2010-12-28 23:00:00,0.0
2010-12-29 00:00:00,0.0
2010-12-29 01:00:00,0.0
2010-12-29 02:00:00,0.0
2010-12-29 03:00:00,0.0
2010-12-29 04:00:00,0.0
2010-12-29 05:00:00,0.0
2010-12-29 06:00:00,3.669999999999999
2010-12-29 07:00:00,14.674
2010-12-29 08:00:00,28.94299999999999
2010-12-29 09:00:00,39.352
2010-12-29 10:00:00,53.916
2010-12-29 11:00:00,62.04200000000001
2010-12-29 12:00:00,66.62200000000001
2010-12-29 13:00:00,66.557
2010-12-29 14:00:00,61.553
2010-12-29 15:00:00,52.94200000000001
2010-12-29 16:00:00,40.044
2010-12-29 17:00:00,24.977
2010-12-29 18:00:00,10.613
2010-12-29 19:00:00,1.605999999999999
2010-12-29 20:00:00,0.0
2010-12-29 21:00:00,0.0
2010-12-29 22:00:00,0.0
2010-12-29 23:00:00,0.0
2010-12-30 00:00:00,0.0
2010-12-30 01:00:00,0.0
2010-12-30 02:00:00,0.0
2010-12-30 03:00:00,0.0
2010-12-30 04:00:00,0.0
2010-12-30 05:00:00,0.0
2010-12-30 06:00:00,3.473
2010-12-30 07:00:00,13.889
2010-12-30 08:00:00,27.73100000000001
2010-12-30 09:00:00,41.567
2010-12-30 10:00:00,53.10600000000002
2010-12-30 11:00:00,60.694
2010-12-30 12:00:00,63.98899999999999
2010-12-30 13:00:00,64.191
2010-12-30 14:00:00,59.01299999999999
2010-12-30 15:00:00,50.01800000000001
2010-12-30 16:00:00,27.747
2010-12-30 17:00:00,5.638
2010-12-30 18:00:00,6.727
2010-12-30 19:00:00,1.464
2010-12-30 20:00:00,0.0
2010-12-30 21:00:00,0.0
2010-12-30 22:00:00,0.0
2010-12-30 23:00:00,0.0
2010-12-31 00:00:00,0.0
2010-12-31 01:00:00,0.0
2010-12-31 02:00:00,0.0
2010-12-31 03:00:00,0.0
2010-12-31 04:00:00,0.0
2010-12-31 05:00:00,0.0
2010-12-31 06:00:00,3.22
2010-12-31 07:00:00,13.904
2010-12-31 08:00:00,27.464
2010-12-31 09:00:00,41.43000000000001
2010-12-31 10:00:00,53.051
2010-12-31 11:00:00,61.16399999999999
2010-12-31 12:00:00,64.655
2010-12-31 13:00:00,64.62899999999999
2010-12-31 14:00:00,60.28899999999999
2010-12-31 15:00:00,52.24699999999999
2010-12-31 16:00:00,39.758
2010-12-31 17:00:00,24.879
2010-12-31 18:00:00,10.631
2010-12-31 19:00:00,1.677
2010-12-31 20:00:00,0.0
2010-12-31 21:00:00,0.0
2010-12-31 22:00:00,0.0
2010-12-31 23:00:00,0.0
2011-01-01 00:00:00,0.0
2011-01-01 01:00:00,0.0
2011-01-01 02:00:00,0.0
2011-01-01 03:00:00,0.0
2011-01-01 04:00:00,0.0
2011-01-01 05:00:00,0.0
2011-01-01 06:00:00,3.298999999999999
2011-01-01 07:00:00,14.145
2011-01-01 08:00:00,28.49400000000001
2011-01-01 09:00:00,42.65
2011-01-01 10:00:00,53.91299999999999
2011-01-01 11:00:00,61.23800000000001
2011-01-01 12:00:00,64.16
2011-01-01 13:00:00,63.358
2011-01-01 14:00:00,59.215
2011-01-01 15:00:00,51.483
2011-01-01 16:00:00,39.45399999999999
2011-01-01 17:00:00,25.09
2011-01-01 18:00:00,10.846
2011-01-01 19:00:00,1.764999999999999
2011-01-01 20:00:00,0.0
2011-01-01 21:00:00,0.0
2011-01-01 22:00:00,0.0
2011-01-01 23:00:00,0.0
2011-01-02 00:00:00,0.0
2011-01-02 01:00:00,0.0
2011-01-02 02:00:00,0.0
2011-01-02 03:00:00,0.0
2011-01-02 04:00:00,0.0
2011-01-02 05:00:00,0.0
2011-01-02 06:00:00,1.061
2011-01-02 07:00:00,3.154999999999999
2011-01-02 08:00:00,13.827
2011-01-02 09:00:00,28.40399999999999
2011-01-02 10:00:00,51.39
2011-01-02 11:00:00,58.99999999999998
2011-01-02 12:00:00,62.48199999999999
2011-01-02 13:00:00,62.141
2011-01-02 14:00:00,56.34
2011-01-02 15:00:00,44.27399999999999
2011-01-02 16:00:00,14.596
2011-01-02 17:00:00,2.181999999999999
2011-01-02 18:00:00,0.6410000000000002
2011-01-02 19:00:00,0.0
2011-01-02 20:00:00,0.0
2011-01-02 21:00:00,0.0
2011-01-02 22:00:00,0.0
2011-01-02 23:00:00,0.0
2011-01-03 00:00:00,0.0
2011-01-03 01:00:00,0.0
2011-01-03 02:00:00,0.0
2011-01-03 03:00:00,0.0
2011-01-03 04:00:00,0.0
2011-01-03 05:00:00,0.0
2011-01-03 06:00:00,0.8980000000000005
2011-01-03 07:00:00,10.295
2011-01-03 08:00:00,19.578
2011-01-03 09:00:00,25.65699999999999
2011-01-03 10:00:00,38.123
2011-01-03 11:00:00,52.87799999999999
2011-01-03 12:00:00,48.168
2011-01-03 13:00:00,49.33300000000001
2011-01-03 14:00:00,24.974
2011-01-03 15:00:00,21.135
2011-01-03 16:00:00,29.768
2011-01-03 17:00:00,12.309
2011-01-03 18:00:00,4.370000000000001
2011-01-03 19:00:00,0.9700000000000004
2011-01-03 20:00:00,0.0
2011-01-03 21:00:00,0.0
2011-01-03 22:00:00,0.0
2011-01-03 23:00:00,0.0
2011-01-04 00:00:00,0.0
2011-01-04 01:00:00,0.0
2011-01-04 02:00:00,0.0
2011-01-04 03:00:00,0.0
2011-01-04 04:00:00,0.0
2011-01-04 05:00:00,0.0
2011-01-04 06:00:00,0.5320000000000001
2011-01-04 07:00:00,5.870000000000001
2011-01-04 08:00:00,11.679
2011-01-04 09:00:00,25.59
2011-01-04 10:00:00,39.665
2011-01-04 11:00:00,54.24499999999999
2011-01-04 12:00:00,57.436
2011-01-04 13:00:00,56.565
2011-01-04 14:00:00,49.75199999999999
2011-01-04 15:00:00,33.23399999999999
2011-01-04 16:00:00,17.99299999999999
2011-01-04 17:00:00,11.696
2011-01-04 18:00:00,7.438
2011-01-04 19:00:00,1.153
2011-01-04 20:00:00,0.0
2011-01-04 21:00:00,0.0
2011-01-04 22:00:00,0.0
2011-01-04 23:00:00,0.0
2011-01-05 00:00:00,0.0
2011-01-05 01:00:00,0.0
2011-01-05 02:00:00,0.0
2011-01-05 03:00:00,0.0
2011-01-05 04:00:00,0.0
2011-01-05 05:00:00,0.0
2011-01-05 06:00:00,2.344999999999998
2011-01-05 07:00:00,15.82400000000001
2011-01-05 08:00:00,25.026
2011-01-05 09:00:00,32.27800000000001
2011-01-05 10:00:00,35.597
2011-01-05 11:00:00,39.647
2011-01-05 12:00:00,53.59500000000001
2011-01-05 13:00:00,51.67899999999999
2011-01-05 14:00:00,28.67999999999999
2011-01-05 15:00:00,21.068
2011-01-05 16:00:00,18.098
2011-01-05 17:00:00,13.478
2011-01-05 18:00:00,2.210999999999999
2011-01-05 19:00:00,0.0
2011-01-05 20:00:00,0.0
2011-01-05 21:00:00,0.0
2011-01-05 22:00:00,0.0
2011-01-05 23:00:00,0.0
2011-01-06 00:00:00,0.0
2011-01-06 01:00:00,0.0
2011-01-06 02:00:00,0.0
2011-01-06 03:00:00,0.0
2011-01-06 04:00:00,0.0
2011-01-06 05:00:00,0.0
2011-01-06 06:00:00,0.065
2011-01-06 07:00:00,3.068999999999999
2011-01-06 08:00:00,3.188000000000001
2011-01-06 09:00:00,4.045000000000001
2011-01-06 10:00:00,20.308
2011-01-06 11:00:00,24.371
2011-01-06 12:00:00,43.65000000000001
2011-01-06 13:00:00,58.97799999999999
2011-01-06 14:00:00,54.089
2011-01-06 15:00:00,49.631
2011-01-06 16:00:00,39.878
2011-01-06 17:00:00,22.566
2011-01-06 18:00:00,11.145
2011-01-06 19:00:00,2.883
2011-01-06 20:00:00,0.0
2011-01-06 21:00:00,0.0
2011-01-06 22:00:00,0.0
2011-01-06 23:00:00,0.0
2011-01-07 00:00:00,0.0
2011-01-07 01:00:00,0.0
2011-01-07 02:00:00,0.0
2011-01-07 03:00:00,0.0
2011-01-07 04:00:00,0.0
2011-01-07 05:00:00,0.0
2011-01-07 06:00:00,3.495
2011-01-07 07:00:00,11.321
2011-01-07 08:00:00,21.994
2011-01-07 09:00:00,30.817
2011-01-07 10:00:00,49.16399999999999
2011-01-07 11:00:00,59.25899999999998
2011-01-07 12:00:00,57.78599999999999
2011-01-07 13:00:00,50.378
2011-01-07 14:00:00,59.582
2011-01-07 15:00:00,50.49499999999999
2011-01-07 16:00:00,38.22799999999999
2011-01-07 17:00:00,24.463
2011-01-07 18:00:00,10.887
2011-01-07 19:00:00,1.408
2011-01-07 20:00:00,0.0
2011-01-07 21:00:00,0.0
2011-01-07 22:00:00,0.0
2011-01-07 23:00:00,0.0
2011-01-08 00:00:00,0.0
2011-01-08 01:00:00,0.0
2011-01-08 02:00:00,0.0
2011-01-08 03:00:00,0.0
2011-01-08 04:00:00,0.0
2011-01-08 05:00:00,0.0
2011-01-08 06:00:00,2.632999999999999
2011-01-08 07:00:00,13.139
2011-01-08 08:00:00,27.034
2011-01-08 09:00:00,39.90400000000001
2011-01-08 10:00:00,51.092
2011-01-08 11:00:00,60.05099999999998
2011-01-08 12:00:00,64.474
2011-01-08 13:00:00,64.54599999999999
2011-01-08 14:00:00,56.15600000000001
2011-01-08 15:00:00,46.275
2011-01-08 16:00:00,29.986
2011-01-08 17:00:00,22.253
2011-01-08 18:00:00,8.313000000000002
2011-01-08 19:00:00,1.319
2011-01-08 20:00:00,0.0
2011-01-08 21:00:00,0.0
2011-01-08 22:00:00,0.0
2011-01-08 23:00:00,0.0
2011-01-09 00:00:00,0.0
2011-01-09 01:00:00,0.0
2011-01-09 02:00:00,0.0
2011-01-09 03:00:00,0.0
2011-01-09 04:00:00,0.0
2011-01-09 05:00:00,0.0
2011-01-09 06:00:00,0.5740000000000002
2011-01-09 07:00:00,11.857
2011-01-09 08:00:00,26.266
2011-01-09 09:00:00,41.85899999999999
2011-01-09 10:00:00,53.47899999999999
2011-01-09 11:00:00,60.92799999999997
2011-01-09 12:00:00,64.63499999999999
2011-01-09 13:00:00,62.88899999999999
2011-01-09 14:00:00,57.591
2011-01-09 15:00:00,50.209
2011-01-09 16:00:00,36.316
2011-01-09 17:00:00,23.101
2011-01-09 18:00:00,9.902999999999999
2011-01-09 19:00:00,1.016
2011-01-09 20:00:00,0.0
2011-01-09 21:00:00,0.0
2011-01-09 22:00:00,0.0
2011-01-09 23:00:00,0.0
2011-01-10 00:00:00,0.0
2011-01-10 01:00:00,0.0
2011-01-10 02:00:00,0.0
2011-01-10 03:00:00,0.0
2011-01-10 04:00:00,0.0
2011-01-10 05:00:00,0.0
2011-01-10 06:00:00,0.6340000000000002
2011-01-10 07:00:00,7.275999999999999
2011-01-10 08:00:00,20.132
2011-01-10 09:00:00,34.89400000000001
2011-01-10 10:00:00,26.069
2011-01-10 11:00:00,32.512
2011-01-10 12:00:00,46.907
2011-01-10 13:00:00,58.487
2011-01-10 14:00:00,53.06
2011-01-10 15:00:00,38.03000000000001
2011-01-10 16:00:00,19.637
2011-01-10 17:00:00,17.097
2011-01-10 18:00:00,3.811000000000001
2011-01-10 19:00:00,0.013
2011-01-10 20:00:00,0.0
2011-01-10 21:00:00,0.0
2011-01-10 22:00:00,0.0
2011-01-10 23:00:00,0.0
2011-01-11 00:00:00,0.0
2011-01-11 01:00:00,0.0
2011-01-11 02:00:00,0.0
2011-01-11 03:00:00,0.0
2011-01-11 04:00:00,0.0
2011-01-11 05:00:00,0.0
2011-01-11 06:00:00,0.214
2011-01-11 07:00:00,5.602
2011-01-11 08:00:00,10.252
2011-01-11 09:00:00,9.239
2011-01-11 10:00:00,14.565
2011-01-11 11:00:00,12.227
2011-01-11 12:00:00,24.767
2011-01-11 13:00:00,32.04900000000001
2011-01-11 14:00:00,36.817
2011-01-11 15:00:00,33.055
2011-01-11 16:00:00,36.51199999999999
2011-01-11 17:00:00,15.803
2011-01-11 18:00:00,3.976
2011-01-11 19:00:00,0.215
2011-01-11 20:00:00,0.0
2011-01-11 21:00:00,0.0
2011-01-11 22:00:00,0.0
2011-01-11 23:00:00,0.0
2011-01-12 00:00:00,0.0
2011-01-12 01:00:00,0.0
2011-01-12 02:00:00,0.0
2011-01-12 03:00:00,0.0
2011-01-12 04:00:00,0.0
2011-01-12 05:00:00,0.0
2011-01-12 06:00:00,0.214
2011-01-12 07:00:00,4.667000000000001
2011-01-12 08:00:00,15.431
2011-01-12 09:00:00,36.941
2011-01-12 10:00:00,36.316
2011-01-12 11:00:00,36.89399999999999
2011-01-12 12:00:00,57.11900000000001
2011-01-12 13:00:00,50.876
2011-01-12 14:00:00,48.87
2011-01-12 15:00:00,43.10599999999999
2011-01-12 16:00:00,28.4
2011-01-12 17:00:00,14.765
2011-01-12 18:00:00,5.854000000000001
2011-01-12 19:00:00,0.3900000000000001
2011-01-12 20:00:00,0.0
2011-01-12 21:00:00,0.0
2011-01-12 22:00:00,0.0
2011-01-12 23:00:00,0.0
2011-01-13 00:00:00,0.0
2011-01-13 01:00:00,0.0
2011-01-13 02:00:00,0.0
2011-01-13 03:00:00,0.0
2011-01-13 04:00:00,0.0
2011-01-13 05:00:00,0.0
2011-01-13 06:00:00,1.833999999999999
2011-01-13 07:00:00,11.519
2011-01-13 08:00:00,26.751
2011-01-13 09:00:00,33.886
2011-01-13 10:00:00,44.52299999999999
2011-01-13 11:00:00,55.646
2011-01-13 12:00:00,62.83900000000001
2011-01-13 13:00:00,65.408
2011-01-13 14:00:00,60.928
2011-01-13 15:00:00,49.704
2011-01-13 16:00:00,37.42899999999999
2011-01-13 17:00:00,23.184
2011-01-13 18:00:00,11.676
2011-01-13 19:00:00,1.910999999999999
2011-01-13 20:00:00,0.0
2011-01-13 21:00:00,0.0
2011-01-13 22:00:00,0.0
2011-01-13 23:00:00,0.0
2011-01-14 00:00:00,0.0
2011-01-14 01:00:00,0.0
2011-01-14 02:00:00,0.0
2011-01-14 03:00:00,0.0
2011-01-14 04:00:00,0.0
2011-01-14 05:00:00,0.0
2011-01-14 06:00:00,1.780999999999999
2011-01-14 07:00:00,12.295
2011-01-14 08:00:00,26.678
2011-01-14 09:00:00,37.59500000000001
2011-01-14 10:00:00,51.55600000000001
2011-01-14 11:00:00,56.215
2011-01-14 12:00:00,54.81100000000002
2011-01-14 13:00:00,53.48800000000001
2011-01-14 14:00:00,56.56399999999998
2011-01-14 15:00:00,51.56799999999999
2011-01-14 16:00:00,35.22
2011-01-14 17:00:00,25.56
2011-01-14 18:00:00,7.311
2011-01-14 19:00:00,1.539999999999999
2011-01-14 20:00:00,0.0
2011-01-14 21:00:00,0.0
2011-01-14 22:00:00,0.0
2011-01-14 23:00:00,0.0
2011-01-15 00:00:00,0.0
2011-01-15 01:00:00,0.0
2011-01-15 02:00:00,0.0
2011-01-15 03:00:00,0.0
2011-01-15 04:00:00,0.0
2011-01-15 05:00:00,0.0
2011-01-15 06:00:00,3.062999999999999
2011-01-15 07:00:00,12.298
2011-01-15 08:00:00,20.939
2011-01-15 09:00:00,33.27100000000001
2011-01-15 10:00:00,38.208
2011-01-15 11:00:00,32.382
2011-01-15 12:00:00,38.447
2011-01-15 13:00:00,26.933
2011-01-15 14:00:00,14.554
2011-01-15 15:00:00,23.27400000000001
2011-01-15 16:00:00,31.911
2011-01-15 17:00:00,15.299
2011-01-15 18:00:00,8.347
2011-01-15 19:00:00,0.6610000000000004
2011-01-15 20:00:00,0.0
2011-01-15 21:00:00,0.0
2011-01-15 22:00:00,0.0
2011-01-15 23:00:00,0.0
2011-01-16 00:00:00,0.0
2011-01-16 01:00:00,0.0
2011-01-16 02:00:00,0.0
2011-01-16 03:00:00,0.0
2011-01-16 04:00:00,0.0
2011-01-16 05:00:00,0.0
2011-01-16 06:00:00,0.3700000000000001
2011-01-16 07:00:00,3.558000000000001
2011-01-16 08:00:00,14.77
2011-01-16 09:00:00,28.086
2011-01-16 10:00:00,45.50100000000001
2011-01-16 11:00:00,55.686
2011-01-16 12:00:00,58.206
2011-01-16 13:00:00,55.607
2011-01-16 14:00:00,53.52500000000001
2011-01-16 15:00:00,47.56399999999999
2011-01-16 16:00:00,34.713
2011-01-16 17:00:00,23.428
2011-01-16 18:00:00,11.711
2011-01-16 19:00:00,1.902999999999999
2011-01-16 20:00:00,0.0
2011-01-16 21:00:00,0.0
2011-01-16 22:00:00,0.0
2011-01-16 23:00:00,0.0
2011-01-17 00:00:00,0.0
2011-01-17 01:00:00,0.0
2011-01-17 02:00:00,0.0
2011-01-17 03:00:00,0.0
2011-01-17 04:00:00,0.0
2011-01-17 05:00:00,0.0
2011-01-17 06:00:00,2.012
2011-01-17 07:00:00,12.179
2011-01-17 08:00:00,25.94
2011-01-17 09:00:00,40.104
2011-01-17 10:00:00,51.112
2011-01-17 11:00:00,57.645
2011-01-17 12:00:00,61.57200000000002
2011-01-17 13:00:00,62.38699999999999
2011-01-17 14:00:00,59.222
2011-01-17 15:00:00,50.60999999999999
2011-01-17 16:00:00,31.94200000000001
2011-01-17 17:00:00,23.878
2011-01-17 18:00:00,8.114
2011-01-17 19:00:00,1.743999999999999
2011-01-17 20:00:00,0.0
2011-01-17 21:00:00,0.0
2011-01-17 22:00:00,0.0
2011-01-17 23:00:00,0.0
2011-01-18 00:00:00,0.0
2011-01-18 01:00:00,0.0
2011-01-18 02:00:00,0.0
2011-01-18 03:00:00,0.0
2011-01-18 04:00:00,0.0
2011-01-18 05:00:00,0.0
2011-01-18 06:00:00,0.032
2011-01-18 07:00:00,3.025
2011-01-18 08:00:00,10.302
2011-01-18 09:00:00,19.061
2011-01-18 10:00:00,30.989
2011-01-18 11:00:00,25.087
2011-01-18 12:00:00,28.498
2011-01-18 13:00:00,43.641
2011-01-18 14:00:00,28.298
2011-01-18 15:00:00,25.449
2011-01-18 16:00:00,18.411
2011-01-18 17:00:00,16.695
2011-01-18 18:00:00,7.054999999999999
2011-01-18 19:00:00,0.4660000000000002
2011-01-18 20:00:00,0.0
2011-01-18 21:00:00,0.0
2011-01-18 22:00:00,0.0
2011-01-18 23:00:00,0.0
2011-01-19 00:00:00,0.0
2011-01-19 01:00:00,0.0
2011-01-19 02:00:00,0.0
2011-01-19 03:00:00,0.0
2011-01-19 04:00:00,0.0
2011-01-19 05:00:00,0.0
2011-01-19 06:00:00,0.3390000000000001
2011-01-19 07:00:00,2.661
2011-01-19 08:00:00,7.488
2011-01-19 09:00:00,16.652
2011-01-19 10:00:00,26.00399999999999
2011-01-19 11:00:00,31.107
2011-01-19 12:00:00,31.542
2011-01-19 13:00:00,33.335
2011-01-19 14:00:00,54.38799999999998
2011-01-19 15:00:00,37.06999999999999
2011-01-19 16:00:00,35.7
2011-01-19 17:00:00,18.305
2011-01-19 18:00:00,8.762999999999998
2011-01-19 19:00:00,0.6850000000000003
2011-01-19 20:00:00,0.0
2011-01-19 21:00:00,0.0
2011-01-19 22:00:00,0.0
2011-01-19 23:00:00,0.0
2011-01-20 00:00:00,0.0
2011-01-20 01:00:00,0.0
2011-01-20 02:00:00,0.0
2011-01-20 03:00:00,0.0
2011-01-20 04:00:00,0.0
2011-01-20 05:00:00,0.0
2011-01-20 06:00:00,0.396
2011-01-20 07:00:00,4.761
2011-01-20 08:00:00,18.128
2011-01-20 09:00:00,33.018
2011-01-20 10:00:00,45.014
2011-01-20 11:00:00,57.052
2011-01-20 12:00:00,59.32799999999999
2011-01-20 13:00:00,62.55999999999999
2011-01-20 14:00:00,57.63200000000001
2011-01-20 15:00:00,43.32900000000001
2011-01-20 16:00:00,26.18700000000001
2011-01-20 17:00:00,23.875
2011-01-20 18:00:00,9.986999999999998
2011-01-20 19:00:00,1.839999999999999
2011-01-20 20:00:00,0.0
2011-01-20 21:00:00,0.0
2011-01-20 22:00:00,0.0
2011-01-20 23:00:00,0.0
2011-01-21 00:00:00,0.0
2011-01-21 01:00:00,0.0
2011-01-21 02:00:00,0.0
2011-01-21 03:00:00,0.0
2011-01-21 04:00:00,0.0
2011-01-21 05:00:00,0.0
2011-01-21 06:00:00,1.616999999999999
2011-01-21 07:00:00,11.487
2011-01-21 08:00:00,24.95500000000001
2011-01-21 09:00:00,39.538
2011-01-21 10:00:00,51.057
2011-01-21 11:00:00,60.77399999999999
2011-01-21 12:00:00,64.905
2011-01-21 13:00:00,65.327
2011-01-21 14:00:00,59.069
2011-01-21 15:00:00,53.88099999999999
2011-01-21 16:00:00,41.44500000000001
2011-01-21 17:00:00,23.164
2011-01-21 18:00:00,12.352
2011-01-21 19:00:00,1.388
2011-01-21 20:00:00,0.0
2011-01-21 21:00:00,0.0
2011-01-21 22:00:00,0.0
2011-01-21 23:00:00,0.0
2011-01-22 00:00:00,0.0
2011-01-22 01:00:00,0.0
2011-01-22 02:00:00,0.0
2011-01-22 03:00:00,0.0
2011-01-22 04:00:00,0.0
2011-01-22 05:00:00,0.0
2011-01-22 06:00:00,1.671999999999999
2011-01-22 07:00:00,11.578
2011-01-22 08:00:00,25.509
2011-01-22 09:00:00,40.66799999999999
2011-01-22 10:00:00,53.00700000000001
2011-01-22 11:00:00,61.17099999999999
2011-01-22 12:00:00,65.089
2011-01-22 13:00:00,65.08899999999998
2011-01-22 14:00:00,60.91900000000001
2011-01-22 15:00:00,53.45100000000001
2011-01-22 16:00:00,41.563
2011-01-22 17:00:00,26.22900000000001
2011-01-22 18:00:00,10.936
2011-01-22 19:00:00,1.349
2011-01-22 20:00:00,0.0
2011-01-22 21:00:00,0.0
2011-01-22 22:00:00,0.0
2011-01-22 23:00:00,0.0
2011-01-23 00:00:00,0.0
2011-01-23 01:00:00,0.0
2011-01-23 02:00:00,0.0
2011-01-23 03:00:00,0.0
2011-01-23 04:00:00,0.0
2011-01-23 05:00:00,0.0
2011-01-23 06:00:00,1.555999999999999
2011-01-23 07:00:00,9.695000000000004
2011-01-23 08:00:00,20.334
2011-01-23 09:00:00,39.518
2011-01-23 10:00:00,51.996
2011-01-23 11:00:00,60.41
2011-01-23 12:00:00,64.964
2011-01-23 13:00:00,60.49600000000001
2011-01-23 14:00:00,62.093
2011-01-23 15:00:00,54.724
2011-01-23 16:00:00,42.315
2011-01-23 17:00:00,26.39
2011-01-23 18:00:00,7.076
2011-01-23 19:00:00,1.087
2011-01-23 20:00:00,0.0
2011-01-23 21:00:00,0.0
2011-01-23 22:00:00,0.0
2011-01-23 23:00:00,0.0
2011-01-24 00:00:00,0.0
2011-01-24 01:00:00,0.0
2011-01-24 02:00:00,0.0
2011-01-24 03:00:00,0.0
2011-01-24 04:00:00,0.0
2011-01-24 05:00:00,0.0
2011-01-24 06:00:00,1.33
2011-01-24 07:00:00,11.354
2011-01-24 08:00:00,24.41
2011-01-24 09:00:00,32.64099999999999
2011-01-24 10:00:00,14.746
2011-01-24 11:00:00,46.218
2011-01-24 12:00:00,58.72999999999999
2011-01-24 13:00:00,48.309
2011-01-24 14:00:00,43.54499999999999
2011-01-24 15:00:00,42.11300000000001
2011-01-24 16:00:00,21.593
2011-01-24 17:00:00,9.837000000000002
2011-01-24 18:00:00,3.516000000000001
2011-01-24 19:00:00,1.504
2011-01-24 20:00:00,0.0
2011-01-24 21:00:00,0.0
2011-01-24 22:00:00,0.0
2011-01-24 23:00:00,0.0
2011-01-25 00:00:00,0.0
2011-01-25 01:00:00,0.0
2011-01-25 02:00:00,0.0
2011-01-25 03:00:00,0.0
2011-01-25 04:00:00,0.0
2011-01-25 05:00:00,0.0
2011-01-25 06:00:00,1.562999999999999
2011-01-25 07:00:00,9.809
2011-01-25 08:00:00,22.245
2011-01-25 09:00:00,36.39
2011-01-25 10:00:00,49.34799999999999
2011-01-25 11:00:00,57.80499999999999
2011-01-25 12:00:00,61.78900000000002
2011-01-25 13:00:00,62.43100000000001
2011-01-25 14:00:00,58.02499999999999
2011-01-25 15:00:00,50.157
2011-01-25 16:00:00,39.697
2011-01-25 17:00:00,24.632
2011-01-25 18:00:00,10.389
2011-01-25 19:00:00,1.466
2011-01-25 20:00:00,0.0
2011-01-25 21:00:00,0.0
2011-01-25 22:00:00,0.0
2011-01-25 23:00:00,0.0
2011-01-26 00:00:00,0.0
2011-01-26 01:00:00,0.0
2011-01-26 02:00:00,0.0
2011-01-26 03:00:00,0.0
2011-01-26 04:00:00,0.0
2011-01-26 05:00:00,0.0
2011-01-26 06:00:00,0.3120000000000001
2011-01-26 07:00:00,5.416
2011-01-26 08:00:00,21.447
2011-01-26 09:00:00,37.05600000000001
2011-01-26 10:00:00,48.335
2011-01-26 11:00:00,56.70100000000001
2011-01-26 12:00:00,60.44600000000001
2011-01-26 13:00:00,55.462
2011-01-26 14:00:00,41.018
2011-01-26 15:00:00,26.83300000000001
2011-01-26 16:00:00,19.69
2011-01-26 17:00:00,18.537
2011-01-26 18:00:00,12.191
2011-01-26 19:00:00,1.735999999999999
2011-01-26 20:00:00,0.0
2011-01-26 21:00:00,0.0
2011-01-26 22:00:00,0.0
2011-01-26 23:00:00,0.0
2011-01-27 00:00:00,0.0
2011-01-27 01:00:00,0.0
2011-01-27 02:00:00,0.0
2011-01-27 03:00:00,0.0
2011-01-27 04:00:00,0.0
2011-01-27 05:00:00,0.0
2011-01-27 06:00:00,0.013
2011-01-27 07:00:00,1.626
2011-01-27 08:00:00,7.569999999999998
2011-01-27 09:00:00,13.595
2011-01-27 10:00:00,23.118
2011-01-27 11:00:00,30.287
2011-01-27 12:00:00,49.80499999999999
2011-01-27 13:00:00,61.23699999999999
2011-01-27 14:00:00,49.09299999999999
2011-01-27 15:00:00,47.27099999999999
2011-01-27 16:00:00,39.288
2011-01-27 17:00:00,23.84
2011-01-27 18:00:00,9.539
2011-01-27 19:00:00,1.122
2011-01-27 20:00:00,0.0
2011-01-27 21:00:00,0.0
2011-01-27 22:00:00,0.0
2011-01-27 23:00:00,0.0
2011-01-28 00:00:00,0.0
2011-01-28 01:00:00,0.0
2011-01-28 02:00:00,0.0
2011-01-28 03:00:00,0.0
2011-01-28 04:00:00,0.0
2011-01-28 05:00:00,0.0
2011-01-28 06:00:00,0.319
2011-01-28 07:00:00,10.728
2011-01-28 08:00:00,22.839
2011-01-28 09:00:00,29.02399999999999
2011-01-28 10:00:00,46.84299999999999
2011-01-28 11:00:00,49.773
2011-01-28 12:00:00,60.725
2011-01-28 13:00:00,37.289
2011-01-28 14:00:00,17.734
2011-01-28 15:00:00,23.081
2011-01-28 16:00:00,23.224
2011-01-28 17:00:00,15.161
2011-01-28 18:00:00,3.641
2011-01-28 19:00:00,0.2370000000000001
2011-01-28 20:00:00,0.0
2011-01-28 21:00:00,0.0
2011-01-28 22:00:00,0.0
2011-01-28 23:00:00,0.0
2011-01-29 00:00:00,0.0
2011-01-29 01:00:00,0.0
2011-01-29 02:00:00,0.0
2011-01-29 03:00:00,0.0
2011-01-29 04:00:00,0.0
2011-01-29 05:00:00,0.0
2011-01-29 06:00:00,1.094
2011-01-29 07:00:00,11.693
2011-01-29 08:00:00,24.586
2011-01-29 09:00:00,38.97400000000001
2011-01-29 10:00:00,52.05799999999999
2011-01-29 11:00:00,56.47899999999999
2011-01-29 12:00:00,64.22599999999997
2011-01-29 13:00:00,66.085
2011-01-29 14:00:00,62.03699999999998
2011-01-29 15:00:00,54.02200000000001
2011-01-29 16:00:00,41.983
2011-01-29 17:00:00,25.915
2011-01-29 18:00:00,11.088
2011-01-29 19:00:00,1.633
2011-01-29 20:00:00,0.0
2011-01-29 21:00:00,0.0
2011-01-29 22:00:00,0.0
2011-01-29 23:00:00,0.0
2011-01-30 00:00:00,0.0
2011-01-30 01:00:00,0.0
2011-01-30 02:00:00,0.0
2011-01-30 03:00:00,0.0
2011-01-30 04:00:00,0.0
2011-01-30 05:00:00,0.0
2011-01-30 06:00:00,1.042
2011-01-30 07:00:00,10.759
2011-01-30 08:00:00,24.883
2011-01-30 09:00:00,40.71299999999999
2011-01-30 10:00:00,52.78599999999999
2011-01-30 11:00:00,60.64
2011-01-30 12:00:00,63.96899999999998
2011-01-30 13:00:00,64.705
2011-01-30 14:00:00,61.89099999999998
2011-01-30 15:00:00,54.11699999999999
2011-01-30 16:00:00,41.99799999999999
2011-01-30 17:00:00,25.48399999999999
2011-01-30 18:00:00,10.791
2011-01-30 19:00:00,1.560999999999999
2011-01-30 20:00:00,0.0
2011-01-30 21:00:00,0.0
2011-01-30 22:00:00,0.0
2011-01-30 23:00:00,0.0
2011-01-31 00:00:00,0.0
2011-01-31 01:00:00,0.0
2011-01-31 02:00:00,0.0
2011-01-31 03:00:00,0.0
2011-01-31 04:00:00,0.0
2011-01-31 05:00:00,0.0
2011-01-31 06:00:00,0.9610000000000002
2011-01-31 07:00:00,10.217
2011-01-31 08:00:00,23.59
2011-01-31 09:00:00,38.55
2011-01-31 10:00:00,50.33099999999999
2011-01-31 11:00:00,58.41700000000001
2011-01-31 12:00:00,61.90300000000001
2011-01-31 13:00:00,62.25499999999998
2011-01-31 14:00:00,58.44199999999999
2011-01-31 15:00:00,51.69800000000001
2011-01-31 16:00:00,40.287
2011-01-31 17:00:00,24.411
2011-01-31 18:00:00,10.319
2011-01-31 19:00:00,1.468
2011-01-31 20:00:00,0.0
2011-01-31 21:00:00,0.0
2011-01-31 22:00:00,0.0
2011-01-31 23:00:00,0.0
2011-02-01 00:00:00,0.0
2011-02-01 01:00:00,0.0
2011-02-01 02:00:00,0.0
2011-02-01 03:00:00,0.0
2011-02-01 04:00:00,0.0
2011-02-01 05:00:00,0.0
2011-02-01 06:00:00,0.8030000000000003
2011-02-01 07:00:00,9.482
2011-02-01 08:00:00,22.76299999999999
2011-02-01 09:00:00,37.53000000000001
2011-02-01 10:00:00,49.336
2011-02-01 11:00:00,57.07500000000001
2011-02-01 12:00:00,60.03599999999999
2011-02-01 13:00:00,59.61899999999998
2011-02-01 14:00:00,54.979
2011-02-01 15:00:00,47.62299999999999
2011-02-01 16:00:00,37.39900000000001
2011-02-01 17:00:00,22.37700000000001
2011-02-01 18:00:00,9.299999999999999
2011-02-01 19:00:00,1.308
2011-02-01 20:00:00,0.0
2011-02-01 21:00:00,0.0
2011-02-01 22:00:00,0.0
2011-02-01 23:00:00,0.0
2011-02-02 00:00:00,0.0
2011-02-02 01:00:00,0.0
2011-02-02 02:00:00,0.0
2011-02-02 03:00:00,0.0
2011-02-02 04:00:00,0.0
2011-02-02 05:00:00,0.0
2011-02-02 06:00:00,1.469999999999999
2011-02-02 07:00:00,10.371
2011-02-02 08:00:00,21.89999999999999
2011-02-02 09:00:00,36.34999999999999
2011-02-02 10:00:00,48.60699999999999
2011-02-02 11:00:00,56.755
2011-02-02 12:00:00,60.67100000000001
2011-02-02 13:00:00,60.36799999999999
2011-02-02 14:00:00,56.367
2011-02-02 15:00:00,49.26000000000001
2011-02-02 16:00:00,37.97499999999998
2011-02-02 17:00:00,22.887
2011-02-02 18:00:00,7.720999999999998
2011-02-02 19:00:00,1.337
2011-02-02 20:00:00,0.0
2011-02-02 21:00:00,0.0
2011-02-02 22:00:00,0.0
2011-02-02 23:00:00,0.0
2011-02-03 00:00:00,0.0
2011-02-03 01:00:00,0.0
2011-02-03 02:00:00,0.0
2011-02-03 03:00:00,0.0
2011-02-03 04:00:00,0.0
2011-02-03 05:00:00,0.0
2011-02-03 06:00:00,0.9940000000000004
2011-02-03 07:00:00,4.834000000000001
2011-02-03 08:00:00,9.524000000000001
2011-02-03 09:00:00,17.232
2011-02-03 10:00:00,43.66899999999998
2011-02-03 11:00:00,36.89800000000002
2011-02-03 12:00:00,40.376
2011-02-03 13:00:00,57.096
2011-02-03 14:00:00,53.31699999999998
2011-02-03 15:00:00,46.26900000000001
2011-02-03 16:00:00,26.13599999999999
2011-02-03 17:00:00,15.973
2011-02-03 18:00:00,7.714000000000003
2011-02-03 19:00:00,0.9630000000000004
2011-02-03 20:00:00,0.0
2011-02-03 21:00:00,0.0
2011-02-03 22:00:00,0.0
2011-02-03 23:00:00,0.0
2011-02-04 00:00:00,0.0
2011-02-04 01:00:00,0.0
2011-02-04 02:00:00,0.0
2011-02-04 03:00:00,0.0
2011-02-04 04:00:00,0.0
2011-02-04 05:00:00,0.0
2011-02-04 06:00:00,0.295
2011-02-04 07:00:00,9.279
2011-02-04 08:00:00,23.26
2011-02-04 09:00:00,22.645
2011-02-04 10:00:00,35.641
2011-02-04 11:00:00,33.22399999999999
2011-02-04 12:00:00,52.98800000000001
2011-02-04 13:00:00,60.36000000000001
2011-02-04 14:00:00,57.71600000000001
2011-02-04 15:00:00,50.428
2011-02-04 16:00:00,39.09
2011-02-04 17:00:00,22.745
2011-02-04 18:00:00,9.174000000000001
2011-02-04 19:00:00,1.179
2011-02-04 20:00:00,0.0
2011-02-04 21:00:00,0.0
2011-02-04 22:00:00,0.0
2011-02-04 23:00:00,0.0
2011-02-05 00:00:00,0.0
2011-02-05 01:00:00,0.0
2011-02-05 02:00:00,0.0
2011-02-05 03:00:00,0.0
2011-02-05 04:00:00,0.0
2011-02-05 05:00:00,0.0
2011-02-05 06:00:00,0.553
2011-02-05 07:00:00,8.416
2011-02-05 08:00:00,21.20599999999999
2011-02-05 09:00:00,36.05
2011-02-05 10:00:00,48.14100000000001
2011-02-05 11:00:00,56.11600000000002
2011-02-05 12:00:00,59.434
2011-02-05 13:00:00,59.21899999999999
2011-02-05 14:00:00,55.565
2011-02-05 15:00:00,48.18899999999999
2011-02-05 16:00:00,36.98399999999999
2011-02-05 17:00:00,21.89
2011-02-05 18:00:00,9.104000000000001
2011-02-05 19:00:00,1.123
2011-02-05 20:00:00,0.0
2011-02-05 21:00:00,0.0
2011-02-05 22:00:00,0.0
2011-02-05 23:00:00,0.0
2011-02-06 00:00:00,0.0
2011-02-06 01:00:00,0.0
2011-02-06 02:00:00,0.0
2011-02-06 03:00:00,0.0
2011-02-06 04:00:00,0.0
2011-02-06 05:00:00,0.0
2011-02-06 06:00:00,0.7830000000000003
2011-02-06 07:00:00,8.977
2011-02-06 08:00:00,21.01300000000001
2011-02-06 09:00:00,36.02000000000001
2011-02-06 10:00:00,44.844
2011-02-06 11:00:00,53.612
2011-02-06 12:00:00,56.20700000000001
2011-02-06 13:00:00,37.904
2011-02-06 14:00:00,5.242999999999999
2011-02-06 15:00:00,3.264
2011-02-06 16:00:00,3.448
2011-02-06 17:00:00,1.876
2011-02-06 18:00:00,0.9990000000000003
2011-02-06 19:00:00,0.058
2011-02-06 20:00:00,0.0
2011-02-06 21:00:00,0.0
2011-02-06 22:00:00,0.0
2011-02-06 23:00:00,0.0
2011-02-07 00:00:00,0.0
2011-02-07 01:00:00,0.0
2011-02-07 02:00:00,0.0
2011-02-07 03:00:00,0.0
2011-02-07 04:00:00,0.0
2011-02-07 05:00:00,0.0
2011-02-07 06:00:00,0.039
2011-02-07 07:00:00,3.051000000000001
2011-02-07 08:00:00,8.036999999999999
2011-02-07 09:00:00,14.628
2011-02-07 10:00:00,16.478
2011-02-07 11:00:00,19.876
2011-02-07 12:00:00,28.578
2011-02-07 13:00:00,34.152
2011-02-07 14:00:00,19.408
2011-02-07 15:00:00,15.603
2011-02-07 16:00:00,11.448
2011-02-07 17:00:00,9.403
2011-02-07 18:00:00,3.096000000000001
2011-02-07 19:00:00,0.132
2011-02-07 20:00:00,0.0
2011-02-07 21:00:00,0.0
2011-02-07 22:00:00,0.0
2011-02-07 23:00:00,0.0
2011-02-08 00:00:00,0.0
2011-02-08 01:00:00,0.0
2011-02-08 02:00:00,0.0
2011-02-08 03:00:00,0.0
2011-02-08 04:00:00,0.0
2011-02-08 05:00:00,0.0
2011-02-08 06:00:00,0.076
2011-02-08 07:00:00,3.156
2011-02-08 08:00:00,8.888
2011-02-08 09:00:00,26.347
2011-02-08 10:00:00,34.684
2011-02-08 11:00:00,20.905
2011-02-08 12:00:00,46.746
2011-02-08 13:00:00,57.75099999999999
2011-02-08 14:00:00,56.28699999999999
2011-02-08 15:00:00,50.908
2011-02-08 16:00:00,35.794
2011-02-08 17:00:00,23.584
2011-02-08 18:00:00,7.964
2011-02-08 19:00:00,0.9700000000000003
2011-02-08 20:00:00,0.0
2011-02-08 21:00:00,0.0
2011-02-08 22:00:00,0.0
2011-02-08 23:00:00,0.0
2011-02-09 00:00:00,0.0
2011-02-09 01:00:00,0.0
2011-02-09 02:00:00,0.0
2011-02-09 03:00:00,0.0
2011-02-09 04:00:00,0.0
2011-02-09 05:00:00,0.0
2011-02-09 06:00:00,0.5050000000000001
2011-02-09 07:00:00,8.888000000000002
2011-02-09 08:00:00,22.786
2011-02-09 09:00:00,39.22
2011-02-09 10:00:00,52.02099999999999
2011-02-09 11:00:00,59.858
2011-02-09 12:00:00,61.05699999999999
2011-02-09 13:00:00,64.74899999999998
2011-02-09 14:00:00,61.35499999999999
2011-02-09 15:00:00,51.62999999999997
2011-02-09 16:00:00,39.013
2011-02-09 17:00:00,21.72
2011-02-09 18:00:00,9.318000000000001
2011-02-09 19:00:00,1.125
2011-02-09 20:00:00,0.0
2011-02-09 21:00:00,0.0
2011-02-09 22:00:00,0.0
2011-02-09 23:00:00,0.0
2011-02-10 00:00:00,0.0
2011-02-10 01:00:00,0.0
2011-02-10 02:00:00,0.0
2011-02-10 03:00:00,0.0
2011-02-10 04:00:00,0.0
2011-02-10 05:00:00,0.0
2011-02-10 06:00:00,0.158
2011-02-10 07:00:00,4.359
2011-02-10 08:00:00,14.022
2011-02-10 09:00:00,32.217
2011-02-10 10:00:00,45.421
2011-02-10 11:00:00,50.72100000000001
2011-02-10 12:00:00,57.69699999999999
2011-02-10 13:00:00,63.38899999999999
2011-02-10 14:00:00,60.03000000000002
2011-02-10 15:00:00,54.22399999999999
2011-02-10 16:00:00,41.41
2011-02-10 17:00:00,23.756
2011-02-10 18:00:00,8.427
2011-02-10 19:00:00,0.8660000000000003
2011-02-10 20:00:00,0.0
2011-02-10 21:00:00,0.0
2011-02-10 22:00:00,0.0
2011-02-10 23:00:00,0.0
2011-02-11 00:00:00,0.0
2011-02-11 01:00:00,0.0
2011-02-11 02:00:00,0.0
2011-02-11 03:00:00,0.0
2011-02-11 04:00:00,0.0
2011-02-11 05:00:00,0.0
2011-02-11 06:00:00,0.54
2011-02-11 07:00:00,9.099999999999998
2011-02-11 08:00:00,26.726
2011-02-11 09:00:00,38.01900000000001
2011-02-11 10:00:00,50.407
2011-02-11 11:00:00,57.94899999999998
2011-02-11 12:00:00,60.14100000000002
2011-02-11 13:00:00,53.24799999999999
2011-02-11 14:00:00,48.58699999999999
2011-02-11 15:00:00,49.245
2011-02-11 16:00:00,26.52000000000001
2011-02-11 17:00:00,13.489
2011-02-11 18:00:00,7.279
2011-02-11 19:00:00,1.516999999999999
2011-02-11 20:00:00,0.0
2011-02-11 21:00:00,0.0
2011-02-11 22:00:00,0.0
2011-02-11 23:00:00,0.0
2011-02-12 00:00:00,0.0
2011-02-12 01:00:00,0.0
2011-02-12 02:00:00,0.0
2011-02-12 03:00:00,0.0
2011-02-12 04:00:00,0.0
2011-02-12 05:00:00,0.0
2011-02-12 06:00:00,0.0
2011-02-12 07:00:00,1.598
2011-02-12 08:00:00,7.319000000000002
2011-02-12 09:00:00,22.994
2011-02-12 10:00:00,39.347
2011-02-12 11:00:00,15.422
2011-02-12 12:00:00,9.214000000000002
2011-02-12 13:00:00,8.325000000000001
2011-02-12 14:00:00,11.093
2011-02-12 15:00:00,11.475
2011-02-12 16:00:00,5.9
2011-02-12 17:00:00,2.603000000000001
2011-02-12 18:00:00,1.033
2011-02-12 19:00:00,0.082
2011-02-12 20:00:00,0.0
2011-02-12 21:00:00,0.0
2011-02-12 22:00:00,0.0
2011-02-12 23:00:00,0.0
2011-02-13 00:00:00,0.0
2011-02-13 01:00:00,0.0
2011-02-13 02:00:00,0.0
2011-02-13 03:00:00,0.0
2011-02-13 04:00:00,0.0
2011-02-13 05:00:00,0.0
2011-02-13 06:00:00,0.0
2011-02-13 07:00:00,1.02
2011-02-13 08:00:00,6.922000000000001
2011-02-13 09:00:00,15.815
2011-02-13 10:00:00,29.033
2011-02-13 11:00:00,28.655
2011-02-13 12:00:00,18.479
2011-02-13 13:00:00,14.791
2011-02-13 14:00:00,12.577
2011-02-13 15:00:00,8.899000000000003
2011-02-13 16:00:00,6.617999999999999
2011-02-13 17:00:00,3.246
2011-02-13 18:00:00,0.198
2011-02-13 19:00:00,0.0
2011-02-13 20:00:00,0.0
2011-02-13 21:00:00,0.0
2011-02-13 22:00:00,0.0
2011-02-13 23:00:00,0.0
2011-02-14 00:00:00,0.0
2011-02-14 01:00:00,0.0
2011-02-14 02:00:00,0.0
2011-02-14 03:00:00,0.0
2011-02-14 04:00:00,0.0
2011-02-14 05:00:00,0.0
2011-02-14 06:00:00,0.0
2011-02-14 07:00:00,0.157
2011-02-14 08:00:00,3.074
2011-02-14 09:00:00,5.427000000000001
2011-02-14 10:00:00,7.096000000000001
2011-02-14 11:00:00,9.548
2011-02-14 12:00:00,8.955
2011-02-14 13:00:00,12.07
2011-02-14 14:00:00,16.903
2011-02-14 15:00:00,15.933
2011-02-14 16:00:00,13.499
2011-02-14 17:00:00,9.958000000000002
2011-02-14 18:00:00,4.075
2011-02-14 19:00:00,0.6620000000000003
2011-02-14 20:00:00,0.0
2011-02-14 21:00:00,0.0
2011-02-14 22:00:00,0.0
2011-02-14 23:00:00,0.0
2011-02-15 00:00:00,0.0
2011-02-15 01:00:00,0.0
2011-02-15 02:00:00,0.0
2011-02-15 03:00:00,0.0
2011-02-15 04:00:00,0.0
2011-02-15 05:00:00,0.0
2011-02-15 06:00:00,0.0
2011-02-15 07:00:00,0.7620000000000003
2011-02-15 08:00:00,3.476000000000001
2011-02-15 09:00:00,8.941999999999997
2011-02-15 10:00:00,12.314
2011-02-15 11:00:00,17.577
2011-02-15 12:00:00,28.25
2011-02-15 13:00:00,37.401
2011-02-15 14:00:00,49.995
2011-02-15 15:00:00,43.423
2011-02-15 16:00:00,33.879
2011-02-15 17:00:00,18.376
2011-02-15 18:00:00,5.214999999999999
2011-02-15 19:00:00,0.4540000000000002
2011-02-15 20:00:00,0.0
2011-02-15 21:00:00,0.0
2011-02-15 22:00:00,0.0
2011-02-15 23:00:00,0.0
2011-02-16 00:00:00,0.0
2011-02-16 01:00:00,0.0
2011-02-16 02:00:00,0.0
2011-02-16 03:00:00,0.0
2011-02-16 04:00:00,0.0
2011-02-16 05:00:00,0.0
2011-02-16 06:00:00,0.032
2011-02-16 07:00:00,2.509999999999999
2011-02-16 08:00:00,10.261
2011-02-16 09:00:00,16.01100000000001
2011-02-16 10:00:00,21.81900000000001
2011-02-16 11:00:00,20.21899999999999
2011-02-16 12:00:00,30.093
2011-02-16 13:00:00,21.556
2011-02-16 14:00:00,44.036
2011-02-16 15:00:00,49.59699999999999
2011-02-16 16:00:00,36.692
2011-02-16 17:00:00,18.38699999999999
2011-02-16 18:00:00,1.885
2011-02-16 19:00:00,0.2500000000000001
2011-02-16 20:00:00,0.0
2011-02-16 21:00:00,0.0
2011-02-16 22:00:00,0.0
2011-02-16 23:00:00,0.0
2011-02-17 00:00:00,0.0
2011-02-17 01:00:00,0.0
2011-02-17 02:00:00,0.0
2011-02-17 03:00:00,0.0
2011-02-17 04:00:00,0.0
2011-02-17 05:00:00,0.0
2011-02-17 06:00:00,0.4940000000000001
2011-02-17 07:00:00,6.584999999999999
2011-02-17 08:00:00,16.955
2011-02-17 09:00:00,26.334
2011-02-17 10:00:00,47.65199999999999
2011-02-17 11:00:00,46.45200000000002
2011-02-17 12:00:00,56.347
2011-02-17 13:00:00,53.70900000000002
2011-02-17 14:00:00,3.306000000000001
2011-02-17 15:00:00,0.8200000000000003
2011-02-17 16:00:00,2.493
2011-02-17 17:00:00,6.064000000000001
2011-02-17 18:00:00,3.585
2011-02-17 19:00:00,0.081
2011-02-17 20:00:00,0.0
2011-02-17 21:00:00,0.0
2011-02-17 22:00:00,0.0
2011-02-17 23:00:00,0.0
2011-02-18 00:00:00,0.0
2011-02-18 01:00:00,0.0
2011-02-18 02:00:00,0.0
2011-02-18 03:00:00,0.0
2011-02-18 04:00:00,0.0
2011-02-18 05:00:00,0.0
2011-02-18 06:00:00,0.026
2011-02-18 07:00:00,5.580999999999998
2011-02-18 08:00:00,14.409
2011-02-18 09:00:00,26.725
2011-02-18 10:00:00,40.86399999999999
2011-02-18 11:00:00,48.684
2011-02-18 12:00:00,52.874
2011-02-18 13:00:00,58.76099999999998
2011-02-18 14:00:00,49.49199999999999
2011-02-18 15:00:00,39.393
2011-02-18 16:00:00,18.615
2011-02-18 17:00:00,9.690000000000003
2011-02-18 18:00:00,4.073999999999999
2011-02-18 19:00:00,0.4800000000000001
2011-02-18 20:00:00,0.0
2011-02-18 21:00:00,0.0
2011-02-18 22:00:00,0.0
2011-02-18 23:00:00,0.0
2011-02-19 00:00:00,0.0
2011-02-19 01:00:00,0.0
2011-02-19 02:00:00,0.0
2011-02-19 03:00:00,0.0
2011-02-19 04:00:00,0.0
2011-02-19 05:00:00,0.0
2011-02-19 06:00:00,0.219
2011-02-19 07:00:00,7.399000000000003
2011-02-19 08:00:00,20.352
2011-02-19 09:00:00,27.54999999999999
2011-02-19 10:00:00,44.28499999999999
2011-02-19 11:00:00,56.37899999999999
2011-02-19 12:00:00,60.21099999999999
2011-02-19 13:00:00,59.74599999999998
2011-02-19 14:00:00,53.34199999999998
2011-02-19 15:00:00,44.002
2011-02-19 16:00:00,34.43
2011-02-19 17:00:00,17.848
2011-02-19 18:00:00,5.401
2011-02-19 19:00:00,0.4360000000000002
2011-02-19 20:00:00,0.0
2011-02-19 21:00:00,0.0
2011-02-19 22:00:00,0.0
2011-02-19 23:00:00,0.0
2011-02-20 00:00:00,0.0
2011-02-20 01:00:00,0.0
2011-02-20 02:00:00,0.0
2011-02-20 03:00:00,0.0
2011-02-20 04:00:00,0.0
2011-02-20 05:00:00,0.0
2011-02-20 06:00:00,0.0
2011-02-20 07:00:00,0.121
2011-02-20 08:00:00,2.894999999999999
2011-02-20 09:00:00,4.776
2011-02-20 10:00:00,12.997
2011-02-20 11:00:00,24.21099999999999
2011-02-20 12:00:00,38.962
2011-02-20 13:00:00,46.001
2011-02-20 14:00:00,40.53100000000002
2011-02-20 15:00:00,25.871
2011-02-20 16:00:00,13.447
2011-02-20 17:00:00,22.022
2011-02-20 18:00:00,8.427999999999999
2011-02-20 19:00:00,1.265000000000001
2011-02-20 20:00:00,0.0
2011-02-20 21:00:00,0.0
2011-02-20 22:00:00,0.0
2011-02-20 23:00:00,0.0
2011-02-21 00:00:00,0.0
2011-02-21 01:00:00,0.0
2011-02-21 02:00:00,0.0
2011-02-21 03:00:00,0.0
2011-02-21 04:00:00,0.0
2011-02-21 05:00:00,0.0
2011-02-21 06:00:00,0.013
2011-02-21 07:00:00,1.093
2011-02-21 08:00:00,4.115
2011-02-21 09:00:00,8.015
2011-02-21 10:00:00,8.455
2011-02-21 11:00:00,12.726
2011-02-21 12:00:00,28.579
2011-02-21 13:00:00,13.962
2011-02-21 14:00:00,26.409
2011-02-21 15:00:00,31.319
2011-02-21 16:00:00,20.43300000000001
2011-02-21 17:00:00,10.179
2011-02-21 18:00:00,0.8600000000000003
2011-02-21 19:00:00,0.0
2011-02-21 20:00:00,0.0
2011-02-21 21:00:00,0.0
2011-02-21 22:00:00,0.0
2011-02-21 23:00:00,0.0
2011-02-22 00:00:00,0.0
2011-02-22 01:00:00,0.0
2011-02-22 02:00:00,0.0
2011-02-22 03:00:00,0.0
2011-02-22 04:00:00,0.0
2011-02-22 05:00:00,0.0
2011-02-22 06:00:00,0.0
2011-02-22 07:00:00,3.481
2011-02-22 08:00:00,11.804
2011-02-22 09:00:00,34.416
2011-02-22 10:00:00,39.23
2011-02-22 11:00:00,52.21599999999999
2011-02-22 12:00:00,38.46899999999999
2011-02-22 13:00:00,42.621
2011-02-22 14:00:00,42.41200000000001
2011-02-22 15:00:00,32.25899999999999
2011-02-22 16:00:00,21.888
2011-02-22 17:00:00,6.054
2011-02-22 18:00:00,1.344
2011-02-22 19:00:00,0.0
2011-02-22 20:00:00,0.0
2011-02-22 21:00:00,0.0
2011-02-22 22:00:00,0.0
2011-02-22 23:00:00,0.0
2011-02-23 00:00:00,0.0
2011-02-23 01:00:00,0.0
2011-02-23 02:00:00,0.0
2011-02-23 03:00:00,0.0
2011-02-23 04:00:00,0.0
2011-02-23 05:00:00,0.0
2011-02-23 06:00:00,0.0
2011-02-23 07:00:00,1.670999999999999
2011-02-23 08:00:00,13.996
2011-02-23 09:00:00,30.521
2011-02-23 10:00:00,36.939
2011-02-23 11:00:00,49.849
2011-02-23 12:00:00,59.639
2011-02-23 13:00:00,60.09299999999999
2011-02-23 14:00:00,50.97599999999999
2011-02-23 15:00:00,45.68099999999999
2011-02-23 16:00:00,37.522
2011-02-23 17:00:00,21.10600000000001
2011-02-23 18:00:00,7.788999999999998
2011-02-23 19:00:00,0.4500000000000001
2011-02-23 20:00:00,0.0
2011-02-23 21:00:00,0.0
2011-02-23 22:00:00,0.0
2011-02-23 23:00:00,0.0
2011-02-24 00:00:00,0.0
2011-02-24 01:00:00,0.0
2011-02-24 02:00:00,0.0
2011-02-24 03:00:00,0.0
2011-02-24 04:00:00,0.0
2011-02-24 05:00:00,0.0
2011-02-24 06:00:00,0.026
2011-02-24 07:00:00,6.069000000000001
2011-02-24 08:00:00,18.552
2011-02-24 09:00:00,22.62499999999999
2011-02-24 10:00:00,38.091
2011-02-24 11:00:00,47.75399999999999
2011-02-24 12:00:00,50.919
2011-02-24 13:00:00,61.25600000000001
2011-02-24 14:00:00,60.64800000000001
2011-02-24 15:00:00,52.74699999999999
2011-02-24 16:00:00,39.734
2011-02-24 17:00:00,21.53200000000001
2011-02-24 18:00:00,7.502999999999999
2011-02-24 19:00:00,0.353
2011-02-24 20:00:00,0.0
2011-02-24 21:00:00,0.0
2011-02-24 22:00:00,0.0
2011-02-24 23:00:00,0.0
2011-02-25 00:00:00,0.0
2011-02-25 01:00:00,0.0
2011-02-25 02:00:00,0.0
2011-02-25 03:00:00,0.0
2011-02-25 04:00:00,0.0
2011-02-25 05:00:00,0.0
2011-02-25 06:00:00,0.057
2011-02-25 07:00:00,5.67
2011-02-25 08:00:00,17.528
2011-02-25 09:00:00,27.107
2011-02-25 10:00:00,49.95200000000001
2011-02-25 11:00:00,44.73400000000001
2011-02-25 12:00:00,35.88000000000001
2011-02-25 13:00:00,36.15500000000001
2011-02-25 14:00:00,26.27499999999999
2011-02-25 15:00:00,22.56
2011-02-25 16:00:00,23.164
2011-02-25 17:00:00,10.433
2011-02-25 18:00:00,6.676000000000001
2011-02-25 19:00:00,0.051
2011-02-25 20:00:00,0.0
2011-02-25 21:00:00,0.0
2011-02-25 22:00:00,0.0
2011-02-25 23:00:00,0.0
2011-02-26 00:00:00,0.0
2011-02-26 01:00:00,0.0
2011-02-26 02:00:00,0.0
2011-02-26 03:00:00,0.0
2011-02-26 04:00:00,0.0
2011-02-26 05:00:00,0.0
2011-02-26 06:00:00,0.0
2011-02-26 07:00:00,3.806
2011-02-26 08:00:00,20.618
2011-02-26 09:00:00,35.085
2011-02-26 10:00:00,48.30999999999999
2011-02-26 11:00:00,56.636
2011-02-26 12:00:00,61.23500000000001
2011-02-26 13:00:00,61.98
2011-02-26 14:00:00,57.98099999999999
2011-02-26 15:00:00,49.66099999999999
2011-02-26 16:00:00,37.08599999999998
2011-02-26 17:00:00,19.165
2011-02-26 18:00:00,6.471999999999997
2011-02-26 19:00:00,0.208
2011-02-26 20:00:00,0.0
2011-02-26 21:00:00,0.0
2011-02-26 22:00:00,0.0
2011-02-26 23:00:00,0.0
2011-02-27 00:00:00,0.0
2011-02-27 01:00:00,0.0
2011-02-27 02:00:00,0.0
2011-02-27 03:00:00,0.0
2011-02-27 04:00:00,0.0
2011-02-27 05:00:00,0.0
2011-02-27 06:00:00,0.107
2011-02-27 07:00:00,6.422999999999999
2011-02-27 08:00:00,20.5
2011-02-27 09:00:00,31.444
2011-02-27 10:00:00,21.515
2011-02-27 11:00:00,21.88300000000001
2011-02-27 12:00:00,27.74399999999999
2011-02-27 13:00:00,27.851
2011-02-27 14:00:00,24.723
2011-02-27 15:00:00,10.498
2011-02-27 16:00:00,8.365000000000002
2011-02-27 17:00:00,3.771000000000001
2011-02-27 18:00:00,0.8720000000000004
2011-02-27 19:00:00,0.0
2011-02-27 20:00:00,0.0
2011-02-27 21:00:00,0.0
2011-02-27 22:00:00,0.0
2011-02-27 23:00:00,0.0
2011-02-28 00:00:00,0.0
2011-02-28 01:00:00,0.0
2011-02-28 02:00:00,0.0
2011-02-28 03:00:00,0.0
2011-02-28 04:00:00,0.0
2011-02-28 05:00:00,0.0
2011-02-28 06:00:00,0.044
2011-02-28 07:00:00,4.84
2011-02-28 08:00:00,8.927
2011-02-28 09:00:00,26.47100000000001
2011-02-28 10:00:00,32.852
2011-02-28 11:00:00,40.86799999999999
2011-02-28 12:00:00,60.26600000000001
2011-02-28 13:00:00,62.063
2011-02-28 14:00:00,49.786
2011-02-28 15:00:00,14.288
2011-02-28 16:00:00,6.254
2011-02-28 17:00:00,1.282
2011-02-28 18:00:00,4.806999999999999
2011-02-28 19:00:00,0.0
2011-02-28 20:00:00,0.0
2011-02-28 21:00:00,0.0
2011-02-28 22:00:00,0.0
2011-02-28 23:00:00,0.0
2011-03-01 00:00:00,0.0
2011-03-01 01:00:00,0.0
2011-03-01 02:00:00,0.0
2011-03-01 03:00:00,0.0
2011-03-01 04:00:00,0.0
2011-03-01 05:00:00,0.0
2011-03-01 06:00:00,0.0
2011-03-01 07:00:00,5.219000000000001
2011-03-01 08:00:00,18.834
2011-03-01 09:00:00,34.66599999999999
2011-03-01 10:00:00,47.416
2011-03-01 11:00:00,55.935
2011-03-01 12:00:00,49.458
2011-03-01 13:00:00,47.04199999999999
2011-03-01 14:00:00,51.45700000000001
2011-03-01 15:00:00,27.146
2011-03-01 16:00:00,16.003
2011-03-01 17:00:00,14.903
2011-03-01 18:00:00,3.528999999999999
2011-03-01 19:00:00,0.026
2011-03-01 20:00:00,0.0
2011-03-01 21:00:00,0.0
2011-03-01 22:00:00,0.0
2011-03-01 23:00:00,0.0
2011-03-02 00:00:00,0.0
2011-03-02 01:00:00,0.0
2011-03-02 02:00:00,0.0
2011-03-02 03:00:00,0.0
2011-03-02 04:00:00,0.0
2011-03-02 05:00:00,0.0
2011-03-02 06:00:00,0.0
2011-03-02 07:00:00,0.4350000000000001
2011-03-02 08:00:00,4.786
2011-03-02 09:00:00,7.807
2011-03-02 10:00:00,9.406999999999998
2011-03-02 11:00:00,8.767000000000003
2011-03-02 12:00:00,7.331000000000001
2011-03-02 13:00:00,16.13
2011-03-02 14:00:00,14.744
2011-03-02 15:00:00,10.112
2011-03-02 16:00:00,5.692000000000001
2011-03-02 17:00:00,3.797000000000001
2011-03-02 18:00:00,0.8710000000000006
2011-03-02 19:00:00,0.0
2011-03-02 20:00:00,0.0
2011-03-02 21:00:00,0.0
2011-03-02 22:00:00,0.0
2011-03-02 23:00:00,0.0
2011-03-03 00:00:00,0.0
2011-03-03 01:00:00,0.0
2011-03-03 02:00:00,0.0
2011-03-03 03:00:00,0.0
2011-03-03 04:00:00,0.0
2011-03-03 05:00:00,0.0
2011-03-03 06:00:00,0.0
2011-03-03 07:00:00,3.025999999999999
2011-03-03 08:00:00,12.072
2011-03-03 09:00:00,27.701
2011-03-03 10:00:00,40.11199999999999
2011-03-03 11:00:00,55.21899999999999
2011-03-03 12:00:00,56.84200000000001
2011-03-03 13:00:00,53.903
2011-03-03 14:00:00,56.215
2011-03-03 15:00:00,48.91799999999999
2011-03-03 16:00:00,29.203
2011-03-03 17:00:00,18.64999999999999
2011-03-03 18:00:00,4.747999999999998
2011-03-03 19:00:00,0.076
2011-03-03 20:00:00,0.0
2011-03-03 21:00:00,0.0
2011-03-03 22:00:00,0.0
2011-03-03 23:00:00,0.0
2011-03-04 00:00:00,0.0
2011-03-04 01:00:00,0.0
2011-03-04 02:00:00,0.0
2011-03-04 03:00:00,0.0
2011-03-04 04:00:00,0.0
2011-03-04 05:00:00,0.0
2011-03-04 06:00:00,0.0
2011-03-04 07:00:00,0.7420000000000004
2011-03-04 08:00:00,4.579000000000002
2011-03-04 09:00:00,9.203000000000001
2011-03-04 10:00:00,16.66999999999999
2011-03-04 11:00:00,34.886
2011-03-04 12:00:00,38.24100000000001
2011-03-04 13:00:00,59.538
2011-03-04 14:00:00,58.16099999999999
2011-03-04 15:00:00,48.96900000000001
2011-03-04 16:00:00,34.859
2011-03-04 17:00:00,17.09
2011-03-04 18:00:00,6.423999999999999
2011-03-04 19:00:00,0.158
2011-03-04 20:00:00,0.0
2011-03-04 21:00:00,0.0
2011-03-04 22:00:00,0.0
2011-03-04 23:00:00,0.0
2011-03-05 00:00:00,0.0
2011-03-05 01:00:00,0.0
2011-03-05 02:00:00,0.0
2011-03-05 03:00:00,0.0
2011-03-05 04:00:00,0.0
2011-03-05 05:00:00,0.0
2011-03-05 06:00:00,0.0
2011-03-05 07:00:00,2.703
2011-03-05 08:00:00,11.78
2011-03-05 09:00:00,19.63199999999999
2011-03-05 10:00:00,18.647
2011-03-05 11:00:00,23.313
2011-03-05 12:00:00,21.982
2011-03-05 13:00:00,37.727
2011-03-05 14:00:00,26.25200000000001
2011-03-05 15:00:00,15.714
2011-03-05 16:00:00,16.221
2011-03-05 17:00:00,10.317
2011-03-05 18:00:00,1.841
2011-03-05 19:00:00,0.0
2011-03-05 20:00:00,0.0
2011-03-05 21:00:00,0.0
2011-03-05 22:00:00,0.0
2011-03-05 23:00:00,0.0
2011-03-06 00:00:00,0.0
2011-03-06 01:00:00,0.0
2011-03-06 02:00:00,0.0
2011-03-06 03:00:00,0.0
2011-03-06 04:00:00,0.0
2011-03-06 05:00:00,0.0
2011-03-06 06:00:00,0.0
2011-03-06 07:00:00,1.471
2011-03-06 08:00:00,10.657
2011-03-06 09:00:00,17.201
2011-03-06 10:00:00,23.282
2011-03-06 11:00:00,32.568
2011-03-06 12:00:00,53.362
2011-03-06 13:00:00,43.57300000000001
2011-03-06 14:00:00,51.535
2011-03-06 15:00:00,48.282
2011-03-06 16:00:00,13.778
2011-03-06 17:00:00,12.092
2011-03-06 18:00:00,3.988
2011-03-06 19:00:00,0.013
2011-03-06 20:00:00,0.0
2011-03-06 21:00:00,0.0
2011-03-06 22:00:00,0.0
2011-03-06 23:00:00,0.0
2011-03-07 00:00:00,0.0
2011-03-07 01:00:00,0.0
2011-03-07 02:00:00,0.0
2011-03-07 03:00:00,0.0
2011-03-07 04:00:00,0.0
2011-03-07 05:00:00,0.0
2011-03-07 06:00:00,0.0
2011-03-07 07:00:00,1.408
2011-03-07 08:00:00,7.988999999999998
2011-03-07 09:00:00,25.841
2011-03-07 10:00:00,35.095
2011-03-07 11:00:00,46.55199999999999
2011-03-07 12:00:00,54.18300000000002
2011-03-07 13:00:00,60.61599999999999
2011-03-07 14:00:00,58.877
2011-03-07 15:00:00,51.18300000000001
2011-03-07 16:00:00,36.45200000000001
2011-03-07 17:00:00,17.923
2011-03-07 18:00:00,3.444
2011-03-07 19:00:00,0.013
2011-03-07 20:00:00,0.0
2011-03-07 21:00:00,0.0
2011-03-07 22:00:00,0.0
2011-03-07 23:00:00,0.0
2011-03-08 00:00:00,0.0
2011-03-08 01:00:00,0.0
2011-03-08 02:00:00,0.0
2011-03-08 03:00:00,0.0
2011-03-08 04:00:00,0.0
2011-03-08 05:00:00,0.0
2011-03-08 06:00:00,0.0
2011-03-08 07:00:00,5.789000000000001
2011-03-08 08:00:00,20.57600000000001
2011-03-08 09:00:00,36.61999999999999
2011-03-08 10:00:00,50.27100000000001
2011-03-08 11:00:00,58.16399999999999
2011-03-08 12:00:00,59.056
2011-03-08 13:00:00,63.39599999999999
2011-03-08 14:00:00,57.75700000000001
2011-03-08 15:00:00,50.42199999999998
2011-03-08 16:00:00,36.467
2011-03-08 17:00:00,18.8
2011-03-08 18:00:00,5.105
2011-03-08 19:00:00,0.032
2011-03-08 20:00:00,0.0
2011-03-08 21:00:00,0.0
2011-03-08 22:00:00,0.0
2011-03-08 23:00:00,0.0
2011-03-09 00:00:00,0.0
2011-03-09 01:00:00,0.0
2011-03-09 02:00:00,0.0
2011-03-09 03:00:00,0.0
2011-03-09 04:00:00,0.0
2011-03-09 05:00:00,0.0
2011-03-09 06:00:00,0.0
2011-03-09 07:00:00,1.806999999999999
2011-03-09 08:00:00,9.379
2011-03-09 09:00:00,27.39199999999999
2011-03-09 10:00:00,22.95
2011-03-09 11:00:00,26.83999999999999
2011-03-09 12:00:00,22.75899999999999
2011-03-09 13:00:00,15.617
2011-03-09 14:00:00,20.20000000000001
2011-03-09 15:00:00,24.446
2011-03-09 16:00:00,26.25
2011-03-09 17:00:00,6.395
2011-03-09 18:00:00,0.2250000000000001
2011-03-09 19:00:00,0.0
2011-03-09 20:00:00,0.0
2011-03-09 21:00:00,0.0
2011-03-09 22:00:00,0.0
2011-03-09 23:00:00,0.0
2011-03-10 00:00:00,0.0
2011-03-10 01:00:00,0.0
2011-03-10 02:00:00,0.0
2011-03-10 03:00:00,0.0
2011-03-10 04:00:00,0.0
2011-03-10 05:00:00,0.0
2011-03-10 06:00:00,0.019
2011-03-10 07:00:00,2.245
2011-03-10 08:00:00,7.888999999999998
2011-03-10 09:00:00,10.998
2011-03-10 10:00:00,22.506
2011-03-10 11:00:00,30.002
2011-03-10 12:00:00,28.23999999999999
2011-03-10 13:00:00,30.312
2011-03-10 14:00:00,20.809
2011-03-10 15:00:00,5.978999999999999
2011-03-10 16:00:00,2.556999999999999
2011-03-10 17:00:00,0.6630000000000003
2011-03-10 18:00:00,0.063
2011-03-10 19:00:00,0.0
2011-03-10 20:00:00,0.0
2011-03-10 21:00:00,0.0
2011-03-10 22:00:00,0.0
2011-03-10 23:00:00,0.0
2011-03-11 00:00:00,0.0
2011-03-11 01:00:00,0.0
2011-03-11 02:00:00,0.0
2011-03-11 03:00:00,0.0
2011-03-11 04:00:00,0.0
2011-03-11 05:00:00,0.0
2011-03-11 06:00:00,0.0
2011-03-11 07:00:00,1.617999999999999
2011-03-11 08:00:00,16.442
2011-03-11 09:00:00,19.377
2011-03-11 10:00:00,24.927
2011-03-11 11:00:00,18.274
2011-03-11 12:00:00,22.859
2011-03-11 13:00:00,25.76399999999999
2011-03-11 14:00:00,20.821
2011-03-11 15:00:00,22.463
2011-03-11 16:00:00,16.545
2011-03-11 17:00:00,13.252
2011-03-11 18:00:00,3.049
2011-03-11 19:00:00,0.0
2011-03-11 20:00:00,0.0
2011-03-11 21:00:00,0.0
2011-03-11 22:00:00,0.0
2011-03-11 23:00:00,0.0
2011-03-12 00:00:00,0.0
2011-03-12 01:00:00,0.0
2011-03-12 02:00:00,0.0
2011-03-12 03:00:00,0.0
2011-03-12 04:00:00,0.0
2011-03-12 05:00:00,0.0
2011-03-12 06:00:00,0.0
2011-03-12 07:00:00,0.9590000000000004
2011-03-12 08:00:00,12.389
2011-03-12 09:00:00,29.60500000000001
2011-03-12 10:00:00,33.86400000000001
2011-03-12 11:00:00,42.00899999999999
2011-03-12 12:00:00,52.459
2011-03-12 13:00:00,55.87900000000002
2011-03-12 14:00:00,55.36499999999998
2011-03-12 15:00:00,48.00500000000001
2011-03-12 16:00:00,33.38699999999999
2011-03-12 17:00:00,16.575
2011-03-12 18:00:00,2.877
2011-03-12 19:00:00,0.0
2011-03-12 20:00:00,0.0
2011-03-12 21:00:00,0.0
2011-03-12 22:00:00,0.0
2011-03-12 23:00:00,0.0
2011-03-13 00:00:00,0.0
2011-03-13 01:00:00,0.0
2011-03-13 02:00:00,0.0
2011-03-13 03:00:00,0.0
2011-03-13 04:00:00,0.0
2011-03-13 05:00:00,0.0
2011-03-13 06:00:00,0.0
2011-03-13 07:00:00,4.741000000000001
2011-03-13 08:00:00,18.688
2011-03-13 09:00:00,34.477
2011-03-13 10:00:00,46.97799999999999
2011-03-13 11:00:00,54.601
2011-03-13 12:00:00,58.34799999999998
2011-03-13 13:00:00,58.675
2011-03-13 14:00:00,56.552
2011-03-13 15:00:00,48.495
2011-03-13 16:00:00,33.34
2011-03-13 17:00:00,16.588
2011-03-13 18:00:00,3.262999999999999
2011-03-13 19:00:00,0.0
2011-03-13 20:00:00,0.0
2011-03-13 21:00:00,0.0
2011-03-13 22:00:00,0.0
2011-03-13 23:00:00,0.0
2011-03-14 00:00:00,0.0
2011-03-14 01:00:00,0.0
2011-03-14 02:00:00,0.0
2011-03-14 03:00:00,0.0
2011-03-14 04:00:00,0.0
2011-03-14 05:00:00,0.0
2011-03-14 06:00:00,0.0
2011-03-14 07:00:00,4.167000000000001
2011-03-14 08:00:00,17.576
2011-03-14 09:00:00,32.851
2011-03-14 10:00:00,44.489
2011-03-14 11:00:00,52.01200000000001
2011-03-14 12:00:00,57.68099999999997
2011-03-14 13:00:00,57.198
2011-03-14 14:00:00,34.01600000000001
2011-03-14 15:00:00,9.609
2011-03-14 16:00:00,1.367
2011-03-14 17:00:00,0.3820000000000001
2011-03-14 18:00:00,0.0
2011-03-14 19:00:00,0.0
2011-03-14 20:00:00,0.0
2011-03-14 21:00:00,0.0
2011-03-14 22:00:00,0.0
2011-03-14 23:00:00,0.0
2011-03-15 00:00:00,0.0
2011-03-15 01:00:00,0.0
2011-03-15 02:00:00,0.0
2011-03-15 03:00:00,0.0
2011-03-15 04:00:00,0.0
2011-03-15 05:00:00,0.0
2011-03-15 06:00:00,0.0
2011-03-15 07:00:00,1.537
2011-03-15 08:00:00,15.627
2011-03-15 09:00:00,27.482
2011-03-15 10:00:00,31.869
2011-03-15 11:00:00,48.09999999999999
2011-03-15 12:00:00,53.89700000000001
2011-03-15 13:00:00,57.67099999999999
2011-03-15 14:00:00,46.13099999999999
2011-03-15 15:00:00,27.79199999999999
2011-03-15 16:00:00,22.546
2011-03-15 17:00:00,11.421
2011-03-15 18:00:00,3.346000000000001
2011-03-15 19:00:00,0.0
2011-03-15 20:00:00,0.0
2011-03-15 21:00:00,0.0
2011-03-15 22:00:00,0.0
2011-03-15 23:00:00,0.0
2011-03-16 00:00:00,0.0
2011-03-16 01:00:00,0.0
2011-03-16 02:00:00,0.0
2011-03-16 03:00:00,0.0
2011-03-16 04:00:00,0.0
2011-03-16 05:00:00,0.0
2011-03-16 06:00:00,0.0
2011-03-16 07:00:00,3.878000000000001
2011-03-16 08:00:00,17.09
2011-03-16 09:00:00,31.589
2011-03-16 10:00:00,42.263
2011-03-16 11:00:00,47.18200000000001
2011-03-16 12:00:00,56.31100000000001
2011-03-16 13:00:00,58.80899999999999
2011-03-16 14:00:00,54.50999999999999
2011-03-16 15:00:00,46.23499999999999
2011-03-16 16:00:00,27.494
2011-03-16 17:00:00,12.351
2011-03-16 18:00:00,1.496999999999999
2011-03-16 19:00:00,0.0
2011-03-16 20:00:00,0.0
2011-03-16 21:00:00,0.0
2011-03-16 22:00:00,0.0
2011-03-16 23:00:00,0.0
2011-03-17 00:00:00,0.0
2011-03-17 01:00:00,0.0
2011-03-17 02:00:00,0.0
2011-03-17 03:00:00,0.0
2011-03-17 04:00:00,0.0
2011-03-17 05:00:00,0.0
2011-03-17 06:00:00,0.0
2011-03-17 07:00:00,1.998999999999999
2011-03-17 08:00:00,7.012
2011-03-17 09:00:00,7.699999999999998
2011-03-17 10:00:00,13.29
2011-03-17 11:00:00,9.286000000000001
2011-03-17 12:00:00,10.199
2011-03-17 13:00:00,11.361
2011-03-17 14:00:00,10.495
2011-03-17 15:00:00,9.473999999999997
2011-03-17 16:00:00,9.249999999999998
2011-03-17 17:00:00,8.804000000000002
2011-03-17 18:00:00,2.128999999999999
2011-03-17 19:00:00,0.0
2011-03-17 20:00:00,0.0
2011-03-17 21:00:00,0.0
2011-03-17 22:00:00,0.0
2011-03-17 23:00:00,0.0
2011-03-18 00:00:00,0.0
2011-03-18 01:00:00,0.0
2011-03-18 02:00:00,0.0
2011-03-18 03:00:00,0.0
2011-03-18 04:00:00,0.0
2011-03-18 05:00:00,0.0
2011-03-18 06:00:00,0.0
2011-03-18 07:00:00,0.6570000000000003
2011-03-18 08:00:00,5.725
2011-03-18 09:00:00,19.453
2011-03-18 10:00:00,19.238
2011-03-18 11:00:00,25.843
2011-03-18 12:00:00,19.459
2011-03-18 13:00:00,18.143
2011-03-18 14:00:00,24.839
2011-03-18 15:00:00,23.20500000000001
2011-03-18 16:00:00,21.046
2011-03-18 17:00:00,11.829
2011-03-18 18:00:00,1.204
2011-03-18 19:00:00,0.0
2011-03-18 20:00:00,0.0
2011-03-18 21:00:00,0.0
2011-03-18 22:00:00,0.0
2011-03-18 23:00:00,0.0
2011-03-19 00:00:00,0.0
2011-03-19 01:00:00,0.0
2011-03-19 02:00:00,0.0
2011-03-19 03:00:00,0.0
2011-03-19 04:00:00,0.0
2011-03-19 05:00:00,0.0
2011-03-19 06:00:00,0.0
2011-03-19 07:00:00,1.816
2011-03-19 08:00:00,6.215
2011-03-19 09:00:00,8.621
2011-03-19 10:00:00,28.385
2011-03-19 11:00:00,35.33800000000001
2011-03-19 12:00:00,39.432
2011-03-19 13:00:00,50.05999999999999
2011-03-19 14:00:00,52.145
2011-03-19 15:00:00,28.749
2011-03-19 16:00:00,15.063
2011-03-19 17:00:00,2.568
2011-03-19 18:00:00,0.6340000000000002
2011-03-19 19:00:00,0.0
2011-03-19 20:00:00,0.0
2011-03-19 21:00:00,0.0
2011-03-19 22:00:00,0.0
2011-03-19 23:00:00,0.0
2011-03-20 00:00:00,0.0
2011-03-20 01:00:00,0.0
2011-03-20 02:00:00,0.0
2011-03-20 03:00:00,0.0
2011-03-20 04:00:00,0.0
2011-03-20 05:00:00,0.0
2011-03-20 06:00:00,0.0
2011-03-20 07:00:00,0.151
2011-03-20 08:00:00,8.885
2011-03-20 09:00:00,26.83999999999999
2011-03-20 10:00:00,34.904
2011-03-20 11:00:00,36.224
2011-03-20 12:00:00,50.47599999999999
2011-03-20 13:00:00,54.68300000000001
2011-03-20 14:00:00,54.72599999999999
2011-03-20 15:00:00,46.56699999999999
2011-03-20 16:00:00,30.928
2011-03-20 17:00:00,14.442
2011-03-20 18:00:00,2.686999999999999
2011-03-20 19:00:00,0.0
2011-03-20 20:00:00,0.0
2011-03-20 21:00:00,0.0
2011-03-20 22:00:00,0.0
2011-03-20 23:00:00,0.0
2011-03-21 00:00:00,0.0
2011-03-21 01:00:00,0.0
2011-03-21 02:00:00,0.0
2011-03-21 03:00:00,0.0
2011-03-21 04:00:00,0.0
2011-03-21 05:00:00,0.0
2011-03-21 06:00:00,0.0
2011-03-21 07:00:00,0.7830000000000003
2011-03-21 08:00:00,11.081
2011-03-21 09:00:00,28.018
2011-03-21 10:00:00,42.13
2011-03-21 11:00:00,44.92999999999999
2011-03-21 12:00:00,41.55200000000001
2011-03-21 13:00:00,46.471
2011-03-21 14:00:00,33.279
2011-03-21 15:00:00,24.81999999999999
2011-03-21 16:00:00,12.604
2011-03-21 17:00:00,9.245000000000003
2011-03-21 18:00:00,0.6410000000000003
2011-03-21 19:00:00,0.0
2011-03-21 20:00:00,0.0
2011-03-21 21:00:00,0.0
2011-03-21 22:00:00,0.0
2011-03-21 23:00:00,0.0
2011-03-22 00:00:00,0.0
2011-03-22 01:00:00,0.0
2011-03-22 02:00:00,0.0
2011-03-22 03:00:00,0.0
2011-03-22 04:00:00,0.0
2011-03-22 05:00:00,0.0
2011-03-22 06:00:00,0.0
2011-03-22 07:00:00,2.543999999999999
2011-03-22 08:00:00,15.165
2011-03-22 09:00:00,32.47799999999999
2011-03-22 10:00:00,46.44799999999999
2011-03-22 11:00:00,52.229
2011-03-22 12:00:00,56.27099999999999
2011-03-22 13:00:00,49.069
2011-03-22 14:00:00,38.965
2011-03-22 15:00:00,38.517
2011-03-22 16:00:00,26.28800000000001
2011-03-22 17:00:00,14.845
2011-03-22 18:00:00,2.031999999999999
2011-03-22 19:00:00,0.0
2011-03-22 20:00:00,0.0
2011-03-22 21:00:00,0.0
2011-03-22 22:00:00,0.0
2011-03-22 23:00:00,0.0
2011-03-23 00:00:00,0.0
2011-03-23 01:00:00,0.0
2011-03-23 02:00:00,0.0
2011-03-23 03:00:00,0.0
2011-03-23 04:00:00,0.0
2011-03-23 05:00:00,0.0
2011-03-23 06:00:00,0.0
2011-03-23 07:00:00,3.727
2011-03-23 08:00:00,17.509
2011-03-23 09:00:00,33.775
2011-03-23 10:00:00,47.462
2011-03-23 11:00:00,55.33300000000001
2011-03-23 12:00:00,56.741
2011-03-23 13:00:00,43.15799999999999
2011-03-23 14:00:00,37.676
2011-03-23 15:00:00,41.12900000000001
2011-03-23 16:00:00,29.141
2011-03-23 17:00:00,15.004
2011-03-23 18:00:00,2.743999999999999
2011-03-23 19:00:00,0.0
2011-03-23 20:00:00,0.0
2011-03-23 21:00:00,0.0
2011-03-23 22:00:00,0.0
2011-03-23 23:00:00,0.0
2011-03-24 00:00:00,0.0
2011-03-24 01:00:00,0.0
2011-03-24 02:00:00,0.0
2011-03-24 03:00:00,0.0
2011-03-24 04:00:00,0.0
2011-03-24 05:00:00,0.0
2011-03-24 06:00:00,0.0
2011-03-24 07:00:00,3.961999999999999
2011-03-24 08:00:00,14.925
2011-03-24 09:00:00,32.301
2011-03-24 10:00:00,48.92999999999999
2011-03-24 11:00:00,58.13700000000001
2011-03-24 12:00:00,62.021
2011-03-24 13:00:00,58.62799999999999
2011-03-24 14:00:00,41.962
2011-03-24 15:00:00,42.598
2011-03-24 16:00:00,26.162
2011-03-24 17:00:00,14.163
2011-03-24 18:00:00,1.977999999999999
2011-03-24 19:00:00,0.0
2011-03-24 20:00:00,0.0
2011-03-24 21:00:00,0.0
2011-03-24 22:00:00,0.0
2011-03-24 23:00:00,0.0
2011-03-25 00:00:00,0.0
2011-03-25 01:00:00,0.0
2011-03-25 02:00:00,0.0
2011-03-25 03:00:00,0.0
2011-03-25 04:00:00,0.0
2011-03-25 05:00:00,0.0
2011-03-25 06:00:00,0.0
2011-03-25 07:00:00,3.482
2011-03-25 08:00:00,17.669
2011-03-25 09:00:00,34.52899999999999
2011-03-25 10:00:00,48.28300000000002
2011-03-25 11:00:00,52.03900000000001
2011-03-25 12:00:00,43.28099999999999
2011-03-25 13:00:00,49.80499999999999
2011-03-25 14:00:00,27.317
2011-03-25 15:00:00,9.688
2011-03-25 16:00:00,5.970999999999999
2011-03-25 17:00:00,8.644999999999998
2011-03-25 18:00:00,0.8480000000000003
2011-03-25 19:00:00,0.0
2011-03-25 20:00:00,0.0
2011-03-25 21:00:00,0.0
2011-03-25 22:00:00,0.0
2011-03-25 23:00:00,0.0
2011-03-26 00:00:00,0.0
2011-03-26 01:00:00,0.0
2011-03-26 02:00:00,0.0
2011-03-26 03:00:00,0.0
2011-03-26 04:00:00,0.0
2011-03-26 05:00:00,0.0
2011-03-26 06:00:00,0.0
2011-03-26 07:00:00,0.211
2011-03-26 08:00:00,4.635000000000002
2011-03-26 09:00:00,19.33699999999999
2011-03-26 10:00:00,34.279
2011-03-26 11:00:00,34.45500000000001
2011-03-26 12:00:00,46.11499999999999
2011-03-26 13:00:00,29.424
2011-03-26 14:00:00,38.294
2011-03-26 15:00:00,17.306
2011-03-26 16:00:00,9.004000000000003
2011-03-26 17:00:00,5.209999999999999
2011-03-26 18:00:00,2.161
2011-03-26 19:00:00,0.0
2011-03-26 20:00:00,0.0
2011-03-26 21:00:00,0.0
2011-03-26 22:00:00,0.0
2011-03-26 23:00:00,0.0
2011-03-27 00:00:00,0.0
2011-03-27 01:00:00,0.0
2011-03-27 02:00:00,0.0
2011-03-27 03:00:00,0.0
2011-03-27 04:00:00,0.0
2011-03-27 05:00:00,0.0
2011-03-27 06:00:00,0.0
2011-03-27 07:00:00,0.5540000000000002
2011-03-27 08:00:00,4.850000000000001
2011-03-27 09:00:00,11.617
2011-03-27 10:00:00,19.98800000000001
2011-03-27 11:00:00,23.732
2011-03-27 12:00:00,18.182
2011-03-27 13:00:00,38.97499999999999
2011-03-27 14:00:00,33.793
2011-03-27 15:00:00,37.69899999999999
2011-03-27 16:00:00,23.16499999999999
2011-03-27 17:00:00,8.597
2011-03-27 18:00:00,1.036
2011-03-27 19:00:00,0.0
2011-03-27 20:00:00,0.0
2011-03-27 21:00:00,0.0
2011-03-27 22:00:00,0.0
2011-03-27 23:00:00,0.0
2011-03-28 00:00:00,0.0
2011-03-28 01:00:00,0.0
2011-03-28 02:00:00,0.0
2011-03-28 03:00:00,0.0
2011-03-28 04:00:00,0.0
2011-03-28 05:00:00,0.0
2011-03-28 06:00:00,0.0
2011-03-28 07:00:00,0.206
2011-03-28 08:00:00,9.608
2011-03-28 09:00:00,26.161
2011-03-28 10:00:00,33.798
2011-03-28 11:00:00,38.09300000000001
2011-03-28 12:00:00,59.72199999999999
2011-03-28 13:00:00,56.55600000000001
2011-03-28 14:00:00,42.684
2011-03-28 15:00:00,25.48500000000001
2011-03-28 16:00:00,10.969
2011-03-28 17:00:00,8.831
2011-03-28 18:00:00,0.6760000000000003
2011-03-28 19:00:00,0.0
2011-03-28 20:00:00,0.0
2011-03-28 21:00:00,0.0
2011-03-28 22:00:00,0.0
2011-03-28 23:00:00,0.0
2011-03-29 00:00:00,0.0
2011-03-29 01:00:00,0.0
2011-03-29 02:00:00,0.0
2011-03-29 03:00:00,0.0
2011-03-29 04:00:00,0.0
2011-03-29 05:00:00,0.0
2011-03-29 06:00:00,0.0
2011-03-29 07:00:00,1.314
2011-03-29 08:00:00,5.847000000000001
2011-03-29 09:00:00,12.928
2011-03-29 10:00:00,29.638
2011-03-29 11:00:00,50.98500000000001
2011-03-29 12:00:00,33.08499999999999
2011-03-29 13:00:00,26.17
2011-03-29 14:00:00,54.37499999999999
2011-03-29 15:00:00,46.18
2011-03-29 16:00:00,29.80200000000001
2011-03-29 17:00:00,13.302
2011-03-29 18:00:00,1.685999999999999
2011-03-29 19:00:00,0.0
2011-03-29 20:00:00,0.0
2011-03-29 21:00:00,0.0
2011-03-29 22:00:00,0.0
2011-03-29 23:00:00,0.0
2011-03-30 00:00:00,0.0
2011-03-30 01:00:00,0.0
2011-03-30 02:00:00,0.0
2011-03-30 03:00:00,0.0
2011-03-30 04:00:00,0.0
2011-03-30 05:00:00,0.0
2011-03-30 06:00:00,0.0
2011-03-30 07:00:00,1.286
2011-03-30 08:00:00,10.232
2011-03-30 09:00:00,32.251
2011-03-30 10:00:00,45.99099999999999
2011-03-30 11:00:00,53.881
2011-03-30 12:00:00,56.83599999999999
2011-03-30 13:00:00,55.187
2011-03-30 14:00:00,51.639
2011-03-30 15:00:00,22.7
2011-03-30 16:00:00,24.521
2011-03-30 17:00:00,1.017
2011-03-30 18:00:00,0.6870000000000002
2011-03-30 19:00:00,0.0
2011-03-30 20:00:00,0.0
2011-03-30 21:00:00,0.0
2011-03-30 22:00:00,0.0
2011-03-30 23:00:00,0.0
2011-03-31 00:00:00,0.0
2011-03-31 01:00:00,0.0
2011-03-31 02:00:00,0.0
2011-03-31 03:00:00,0.0
2011-03-31 04:00:00,0.0
2011-03-31 05:00:00,0.0
2011-03-31 06:00:00,0.0
2011-03-31 07:00:00,1.268999999999999
2011-03-31 08:00:00,3.444
2011-03-31 09:00:00,6.170999999999999
2011-03-31 10:00:00,22.23500000000001
2011-03-31 11:00:00,25.215
2011-03-31 12:00:00,25.689
2011-03-31 13:00:00,25.82899999999999
2011-03-31 14:00:00,24.46200000000001
2011-03-31 15:00:00,25.10400000000001
2011-03-31 16:00:00,15.705
2011-03-31 17:00:00,9.119999999999997
2011-03-31 18:00:00,0.3310000000000001
2011-03-31 19:00:00,0.0
2011-03-31 20:00:00,0.0
2011-03-31 21:00:00,0.0
2011-03-31 22:00:00,0.0
2011-03-31 23:00:00,0.0
2011-04-01 00:00:00,0.0
2011-04-01 01:00:00,0.0
2011-04-01 02:00:00,0.0
2011-04-01 03:00:00,0.0
2011-04-01 04:00:00,0.0
2011-04-01 05:00:00,0.0
2011-04-01 06:00:00,0.0
2011-04-01 07:00:00,1.993999999999998
2011-04-01 08:00:00,13.948
2011-04-01 09:00:00,30.559
2011-04-01 10:00:00,40.002
2011-04-01 11:00:00,27.73599999999999
2011-04-01 12:00:00,21.858
2011-04-01 13:00:00,25.20699999999999
2011-04-01 14:00:00,39.835
2011-04-01 15:00:00,32.922
2011-04-01 16:00:00,25.723
2011-04-01 17:00:00,12.48
2011-04-01 18:00:00,1.348
2011-04-01 19:00:00,0.0
2011-04-01 20:00:00,0.0
2011-04-01 21:00:00,0.0
2011-04-01 22:00:00,0.0
2011-04-01 23:00:00,0.0
2011-04-02 00:00:00,0.0
2011-04-02 01:00:00,0.0
2011-04-02 02:00:00,0.0
2011-04-02 03:00:00,0.0
2011-04-02 04:00:00,0.0
2011-04-02 05:00:00,0.0
2011-04-02 06:00:00,0.0
2011-04-02 07:00:00,2.107
2011-04-02 08:00:00,14.16299999999999
2011-04-02 09:00:00,30.35700000000001
2011-04-02 10:00:00,37.502
2011-04-02 11:00:00,28.442
2011-04-02 12:00:00,38.63100000000001
2011-04-02 13:00:00,39.678
2011-04-02 14:00:00,35.80200000000001
2011-04-02 15:00:00,26.86400000000001
2011-04-02 16:00:00,19.05599999999999
2011-04-02 17:00:00,5.906000000000001
2011-04-02 18:00:00,0.0
2011-04-02 19:00:00,0.0
2011-04-02 20:00:00,0.0
2011-04-02 21:00:00,0.0
2011-04-02 22:00:00,0.0
2011-04-02 23:00:00,0.0
2011-04-03 00:00:00,0.0
2011-04-03 01:00:00,0.0
2011-04-03 02:00:00,0.0
2011-04-03 03:00:00,0.0
2011-04-03 04:00:00,0.0
2011-04-03 05:00:00,0.0
2011-04-03 06:00:00,1.669
2011-04-03 07:00:00,14.105
2011-04-03 08:00:00,31.419
2011-04-03 09:00:00,43.241
2011-04-03 10:00:00,38.244
2011-04-03 11:00:00,50.92199999999999
2011-04-03 12:00:00,52.75999999999999
2011-04-03 13:00:00,53.43199999999999
2011-04-03 14:00:00,44.155
2011-04-03 15:00:00,27.93299999999999
2011-04-03 16:00:00,11.967
2011-04-03 17:00:00,1.168
2011-04-03 18:00:00,0.0
2011-04-03 19:00:00,0.0
2011-04-03 20:00:00,0.0
2011-04-03 21:00:00,0.0
2011-04-03 22:00:00,0.0
2011-04-03 23:00:00,0.0
2011-04-04 00:00:00,0.0
2011-04-04 01:00:00,0.0
2011-04-04 02:00:00,0.0
2011-04-04 03:00:00,0.0
2011-04-04 04:00:00,0.0
2011-04-04 05:00:00,0.0
2011-04-04 06:00:00,1.939999999999999
2011-04-04 07:00:00,11.032
2011-04-04 08:00:00,9.580999999999998
2011-04-04 09:00:00,17.198
2011-04-04 10:00:00,35.49100000000001
2011-04-04 11:00:00,38.44500000000002
2011-04-04 12:00:00,35.779
2011-04-04 13:00:00,43.666
2011-04-04 14:00:00,42.17
2011-04-04 15:00:00,27.865
2011-04-04 16:00:00,11.863
2011-04-04 17:00:00,1.198
2011-04-04 18:00:00,0.0
2011-04-04 19:00:00,0.0
2011-04-04 20:00:00,0.0
2011-04-04 21:00:00,0.0
2011-04-04 22:00:00,0.0
2011-04-04 23:00:00,0.0
2011-04-05 00:00:00,0.0
2011-04-05 01:00:00,0.0
2011-04-05 02:00:00,0.0
2011-04-05 03:00:00,0.0
2011-04-05 04:00:00,0.0
2011-04-05 05:00:00,0.0
2011-04-05 06:00:00,0.6620000000000004
2011-04-05 07:00:00,3.74
2011-04-05 08:00:00,14.393
2011-04-05 09:00:00,16.329
2011-04-05 10:00:00,30.611
2011-04-05 11:00:00,36.776
2011-04-05 12:00:00,32.183
2011-04-05 13:00:00,21.037
2011-04-05 14:00:00,20.589
2011-04-05 15:00:00,17.699
2011-04-05 16:00:00,6.125000000000001
2011-04-05 17:00:00,0.145
2011-04-05 18:00:00,0.0
2011-04-05 19:00:00,0.0
2011-04-05 20:00:00,0.0
2011-04-05 21:00:00,0.0
2011-04-05 22:00:00,0.0
2011-04-05 23:00:00,0.0
2011-04-06 00:00:00,0.0
2011-04-06 01:00:00,0.0
2011-04-06 02:00:00,0.0
2011-04-06 03:00:00,0.0
2011-04-06 04:00:00,0.0
2011-04-06 05:00:00,0.0
2011-04-06 06:00:00,0.268
2011-04-06 07:00:00,5.099
2011-04-06 08:00:00,13.702
2011-04-06 09:00:00,19.81
2011-04-06 10:00:00,32.82900000000001
2011-04-06 11:00:00,43.37299999999999
2011-04-06 12:00:00,36.92799999999999
2011-04-06 13:00:00,37.546
2011-04-06 14:00:00,33.46899999999999
2011-04-06 15:00:00,19.383
2011-04-06 16:00:00,12.359
2011-04-06 17:00:00,0.7880000000000003
2011-04-06 18:00:00,0.0
2011-04-06 19:00:00,0.0
2011-04-06 20:00:00,0.0
2011-04-06 21:00:00,0.0
2011-04-06 22:00:00,0.0
2011-04-06 23:00:00,0.0
2011-04-07 00:00:00,0.0
2011-04-07 01:00:00,0.0
2011-04-07 02:00:00,0.0
2011-04-07 03:00:00,0.0
2011-04-07 04:00:00,0.0
2011-04-07 05:00:00,0.0
2011-04-07 06:00:00,0.133
2011-04-07 07:00:00,2.376999999999999
2011-04-07 08:00:00,12.575
2011-04-07 09:00:00,15.573
2011-04-07 10:00:00,17.975
2011-04-07 11:00:00,27.96099999999999
2011-04-07 12:00:00,28.06400000000001
2011-04-07 13:00:00,16.871
2011-04-07 14:00:00,9.078
2011-04-07 15:00:00,5.483
2011-04-07 16:00:00,3.403999999999999
2011-04-07 17:00:00,0.9160000000000004
2011-04-07 18:00:00,0.0
2011-04-07 19:00:00,0.0
2011-04-07 20:00:00,0.0
2011-04-07 21:00:00,0.0
2011-04-07 22:00:00,0.0
2011-04-07 23:00:00,0.0
2011-04-08 00:00:00,0.0
2011-04-08 01:00:00,0.0
2011-04-08 02:00:00,0.0
2011-04-08 03:00:00,0.0
2011-04-08 04:00:00,0.0
2011-04-08 05:00:00,0.0
2011-04-08 06:00:00,0.182
2011-04-08 07:00:00,4.317000000000001
2011-04-08 08:00:00,7.237000000000001
2011-04-08 09:00:00,13.432
2011-04-08 10:00:00,19.258
2011-04-08 11:00:00,21.91699999999999
2011-04-08 12:00:00,43.52500000000001
2011-04-08 13:00:00,31.104
2011-04-08 14:00:00,13.547
2011-04-08 15:00:00,13.195
2011-04-08 16:00:00,5.833999999999999
2011-04-08 17:00:00,0.511
2011-04-08 18:00:00,0.0
2011-04-08 19:00:00,0.0
2011-04-08 20:00:00,0.0
2011-04-08 21:00:00,0.0
2011-04-08 22:00:00,0.0
2011-04-08 23:00:00,0.0
2011-04-09 00:00:00,0.0
2011-04-09 01:00:00,0.0
2011-04-09 02:00:00,0.0
2011-04-09 03:00:00,0.0
2011-04-09 04:00:00,0.0
2011-04-09 05:00:00,0.0
2011-04-09 06:00:00,1.092
2011-04-09 07:00:00,12.59
2011-04-09 08:00:00,30.67600000000001
2011-04-09 09:00:00,46.029
2011-04-09 10:00:00,54.79300000000001
2011-04-09 11:00:00,58.02700000000002
2011-04-09 12:00:00,56.42599999999999
2011-04-09 13:00:00,51.85399999999999
2011-04-09 14:00:00,42.78399999999999
2011-04-09 15:00:00,26.49899999999999
2011-04-09 16:00:00,10.745
2011-04-09 17:00:00,0.5770000000000001
2011-04-09 18:00:00,0.0
2011-04-09 19:00:00,0.0
2011-04-09 20:00:00,0.0
2011-04-09 21:00:00,0.0
2011-04-09 22:00:00,0.0
2011-04-09 23:00:00,0.0
2011-04-10 00:00:00,0.0
2011-04-10 01:00:00,0.0
2011-04-10 02:00:00,0.0
2011-04-10 03:00:00,0.0
2011-04-10 04:00:00,0.0
2011-04-10 05:00:00,0.0
2011-04-10 06:00:00,1.760999999999999
2011-04-10 07:00:00,14.935
2011-04-10 08:00:00,31.23299999999999
2011-04-10 09:00:00,45.95500000000001
2011-04-10 10:00:00,54.908
2011-04-10 11:00:00,57.70300000000001
2011-04-10 12:00:00,47.32
2011-04-10 13:00:00,34.386
2011-04-10 14:00:00,37.76000000000001
2011-04-10 15:00:00,5.131
2011-04-10 16:00:00,1.235000000000001
2011-04-10 17:00:00,0.0
2011-04-10 18:00:00,0.0
2011-04-10 19:00:00,0.0
2011-04-10 20:00:00,0.0
2011-04-10 21:00:00,0.0
2011-04-10 22:00:00,0.0
2011-04-10 23:00:00,0.0
2011-04-11 00:00:00,0.0
2011-04-11 01:00:00,0.0
2011-04-11 02:00:00,0.0
2011-04-11 03:00:00,0.0
2011-04-11 04:00:00,0.0
2011-04-11 05:00:00,0.0
2011-04-11 06:00:00,0.151
2011-04-11 07:00:00,4.042000000000001
2011-04-11 08:00:00,11.754
2011-04-11 09:00:00,23.146
2011-04-11 10:00:00,55.07399999999999
2011-04-11 11:00:00,57.44600000000001
2011-04-11 12:00:00,50.91599999999999
2011-04-11 13:00:00,53.46700000000001
2011-04-11 14:00:00,43.77700000000002
2011-04-11 15:00:00,26.875
2011-04-11 16:00:00,9.469999999999999
2011-04-11 17:00:00,0.139
2011-04-11 18:00:00,0.0
2011-04-11 19:00:00,0.0
2011-04-11 20:00:00,0.0
2011-04-11 21:00:00,0.0
2011-04-11 22:00:00,0.0
2011-04-11 23:00:00,0.0
2011-04-12 00:00:00,0.0
2011-04-12 01:00:00,0.0
2011-04-12 02:00:00,0.0
2011-04-12 03:00:00,0.0
2011-04-12 04:00:00,0.0
2011-04-12 05:00:00,0.0
2011-04-12 06:00:00,2.007
2011-04-12 07:00:00,15.216
2011-04-12 08:00:00,31.559
2011-04-12 09:00:00,46.48699999999999
2011-04-12 10:00:00,56.23200000000001
2011-04-12 11:00:00,60.08899999999998
2011-04-12 12:00:00,50.11900000000001
2011-04-12 13:00:00,45.377
2011-04-12 14:00:00,40.623
2011-04-12 15:00:00,25.629
2011-04-12 16:00:00,8.940000000000001
2011-04-12 17:00:00,0.218
2011-04-12 18:00:00,0.0
2011-04-12 19:00:00,0.0
2011-04-12 20:00:00,0.0
2011-04-12 21:00:00,0.0
2011-04-12 22:00:00,0.0
2011-04-12 23:00:00,0.0
2011-04-13 00:00:00,0.0
2011-04-13 01:00:00,0.0
2011-04-13 02:00:00,0.0
2011-04-13 03:00:00,0.0
2011-04-13 04:00:00,0.0
2011-04-13 05:00:00,0.0
2011-04-13 06:00:00,1.896999999999999
2011-04-13 07:00:00,15.143
2011-04-13 08:00:00,31.131
2011-04-13 09:00:00,46.27399999999999
2011-04-13 10:00:00,56.77300000000002
2011-04-13 11:00:00,60.472
2011-04-13 12:00:00,58.55
2011-04-13 13:00:00,53.411
2011-04-13 14:00:00,36.36100000000001
2011-04-13 15:00:00,23.79200000000001
2011-04-13 16:00:00,8.453999999999997
2011-04-13 17:00:00,0.08199999999999999
2011-04-13 18:00:00,0.0
2011-04-13 19:00:00,0.0
2011-04-13 20:00:00,0.0
2011-04-13 21:00:00,0.0
2011-04-13 22:00:00,0.0
2011-04-13 23:00:00,0.0
2011-04-14 00:00:00,0.0
2011-04-14 01:00:00,0.0
2011-04-14 02:00:00,0.0
2011-04-14 03:00:00,0.0
2011-04-14 04:00:00,0.0
2011-04-14 05:00:00,0.0
2011-04-14 06:00:00,1.76
2011-04-14 07:00:00,14.317
2011-04-14 08:00:00,30.495
2011-04-14 09:00:00,45.108
2011-04-14 10:00:00,54.197
2011-04-14 11:00:00,57.045
2011-04-14 12:00:00,55.18099999999998
2011-04-14 13:00:00,50.48799999999999
2011-04-14 14:00:00,37.72800000000001
2011-04-14 15:00:00,22.878
2011-04-14 16:00:00,7.288
2011-04-14 17:00:00,0.5080000000000001
2011-04-14 18:00:00,0.0
2011-04-14 19:00:00,0.0
2011-04-14 20:00:00,0.0
2011-04-14 21:00:00,0.0
2011-04-14 22:00:00,0.0
2011-04-14 23:00:00,0.0
2011-04-15 00:00:00,0.0
2011-04-15 01:00:00,0.0
2011-04-15 02:00:00,0.0
2011-04-15 03:00:00,0.0
2011-04-15 04:00:00,0.0
2011-04-15 05:00:00,0.0
2011-04-15 06:00:00,1.975999999999999
2011-04-15 07:00:00,12.462
2011-04-15 08:00:00,26.04800000000001
2011-04-15 09:00:00,42.876
2011-04-15 10:00:00,52.392
2011-04-15 11:00:00,56.44999999999999
2011-04-15 12:00:00,55.41999999999999
2011-04-15 13:00:00,50.173
2011-04-15 14:00:00,32.45099999999999
2011-04-15 15:00:00,15.92
2011-04-15 16:00:00,4.26
2011-04-15 17:00:00,0.013
2011-04-15 18:00:00,0.0
2011-04-15 19:00:00,0.0
2011-04-15 20:00:00,0.0
2011-04-15 21:00:00,0.0
2011-04-15 22:00:00,0.0
2011-04-15 23:00:00,0.0
2011-04-16 00:00:00,0.0
2011-04-16 01:00:00,0.0
2011-04-16 02:00:00,0.0
2011-04-16 03:00:00,0.0
2011-04-16 04:00:00,0.0
2011-04-16 05:00:00,0.0
2011-04-16 06:00:00,0.0
2011-04-16 07:00:00,0.278
2011-04-16 08:00:00,0.7910000000000004
2011-04-16 09:00:00,1.207
2011-04-16 10:00:00,4.071000000000001
2011-04-16 11:00:00,6.882000000000002
2011-04-16 12:00:00,9.691
2011-04-16 13:00:00,3.095
2011-04-16 14:00:00,2.06
2011-04-16 15:00:00,2.460000000000001
2011-04-16 16:00:00,0.4960000000000002
2011-04-16 17:00:00,0.0
2011-04-16 18:00:00,0.0
2011-04-16 19:00:00,0.0
2011-04-16 20:00:00,0.0
2011-04-16 21:00:00,0.0
2011-04-16 22:00:00,0.0
2011-04-16 23:00:00,0.0
2011-04-17 00:00:00,0.0
2011-04-17 01:00:00,0.0
2011-04-17 02:00:00,0.0
2011-04-17 03:00:00,0.0
2011-04-17 04:00:00,0.0
2011-04-17 05:00:00,0.0
2011-04-17 06:00:00,1.532
2011-04-17 07:00:00,12.321
2011-04-17 08:00:00,8.705000000000002
2011-04-17 09:00:00,25.751
2011-04-17 10:00:00,49.76599999999999
2011-04-17 11:00:00,46.791
2011-04-17 12:00:00,50.962
2011-04-17 13:00:00,32.665
2011-04-17 14:00:00,29.713
2011-04-17 15:00:00,17.152
2011-04-17 16:00:00,3.181
2011-04-17 17:00:00,0.013
2011-04-17 18:00:00,0.0
2011-04-17 19:00:00,0.0
2011-04-17 20:00:00,0.0
2011-04-17 21:00:00,0.0
2011-04-17 22:00:00,0.0
2011-04-17 23:00:00,0.0
2011-04-18 00:00:00,0.0
2011-04-18 01:00:00,0.0
2011-04-18 02:00:00,0.0
2011-04-18 03:00:00,0.0
2011-04-18 04:00:00,0.0
2011-04-18 05:00:00,0.0
2011-04-18 06:00:00,1.413
2011-04-18 07:00:00,13.886
2011-04-18 08:00:00,28.311
2011-04-18 09:00:00,40.233
2011-04-18 10:00:00,47.167
2011-04-18 11:00:00,48.315
2011-04-18 12:00:00,39.02700000000002
2011-04-18 13:00:00,46.80099999999998
2011-04-18 14:00:00,37.69699999999999
2011-04-18 15:00:00,23.54099999999999
2011-04-18 16:00:00,7.471000000000001
2011-04-18 17:00:00,0.101
2011-04-18 18:00:00,0.0
2011-04-18 19:00:00,0.0
2011-04-18 20:00:00,0.0
2011-04-18 21:00:00,0.0
2011-04-18 22:00:00,0.0
2011-04-18 23:00:00,0.0
2011-04-19 00:00:00,0.0
2011-04-19 01:00:00,0.0
2011-04-19 02:00:00,0.0
2011-04-19 03:00:00,0.0
2011-04-19 04:00:00,0.0
2011-04-19 05:00:00,0.0
2011-04-19 06:00:00,0.9090000000000003
2011-04-19 07:00:00,13.56499999999999
2011-04-19 08:00:00,28.86699999999999
2011-04-19 09:00:00,42.27800000000001
2011-04-19 10:00:00,48.14899999999999
2011-04-19 11:00:00,40.99699999999999
2011-04-19 12:00:00,44.131
2011-04-19 13:00:00,34.598
2011-04-19 14:00:00,26.982
2011-04-19 15:00:00,15.727
2011-04-19 16:00:00,7.938
2011-04-19 17:00:00,0.013
2011-04-19 18:00:00,0.0
2011-04-19 19:00:00,0.0
2011-04-19 20:00:00,0.0
2011-04-19 21:00:00,0.0
2011-04-19 22:00:00,0.0
2011-04-19 23:00:00,0.0
2011-04-20 00:00:00,0.0
2011-04-20 01:00:00,0.0
2011-04-20 02:00:00,0.0
2011-04-20 03:00:00,0.0
2011-04-20 04:00:00,0.0
2011-04-20 05:00:00,0.0
2011-04-20 06:00:00,1.982999999999999
2011-04-20 07:00:00,9.980000000000002
2011-04-20 08:00:00,25.972
2011-04-20 09:00:00,23.446
2011-04-20 10:00:00,35.525
2011-04-20 11:00:00,26.007
2011-04-20 12:00:00,10.575
2011-04-20 13:00:00,10.083
2011-04-20 14:00:00,12.829
2011-04-20 15:00:00,7.929000000000002
2011-04-20 16:00:00,1.227000000000001
2011-04-20 17:00:00,0.0
2011-04-20 18:00:00,0.0
2011-04-20 19:00:00,0.0
2011-04-20 20:00:00,0.0
2011-04-20 21:00:00,0.0
2011-04-20 22:00:00,0.0
2011-04-20 23:00:00,0.0
2011-04-21 00:00:00,0.0
2011-04-21 01:00:00,0.0
2011-04-21 02:00:00,0.0
2011-04-21 03:00:00,0.0
2011-04-21 04:00:00,0.0
2011-04-21 05:00:00,0.0
2011-04-21 06:00:00,0.3790000000000001
2011-04-21 07:00:00,12.713
2011-04-21 08:00:00,27.497
2011-04-21 09:00:00,41.638
2011-04-21 10:00:00,50.67300000000001
2011-04-21 11:00:00,52.36000000000001
2011-04-21 12:00:00,44.56699999999999
2011-04-21 13:00:00,43.95599999999999
2011-04-21 14:00:00,36.986
2011-04-21 15:00:00,21.353
2011-04-21 16:00:00,6.032
2011-04-21 17:00:00,0.056
2011-04-21 18:00:00,0.0
2011-04-21 19:00:00,0.0
2011-04-21 20:00:00,0.0
2011-04-21 21:00:00,0.0
2011-04-21 22:00:00,0.0
2011-04-21 23:00:00,0.0
2011-04-22 00:00:00,0.0
2011-04-22 01:00:00,0.0
2011-04-22 02:00:00,0.0
2011-04-22 03:00:00,0.0
2011-04-22 04:00:00,0.0
2011-04-22 05:00:00,0.0
2011-04-22 06:00:00,0.8600000000000004
2011-04-22 07:00:00,8.388
2011-04-22 08:00:00,26.822
2011-04-22 09:00:00,42.27599999999999
2011-04-22 10:00:00,51.40700000000001
2011-04-22 11:00:00,54.85
2011-04-22 12:00:00,53.865
2011-04-22 13:00:00,49.32999999999999
2011-04-22 14:00:00,34.647
2011-04-22 15:00:00,11.43
2011-04-22 16:00:00,3.065999999999999
2011-04-22 17:00:00,0.038
2011-04-22 18:00:00,0.0
2011-04-22 19:00:00,0.0
2011-04-22 20:00:00,0.0
2011-04-22 21:00:00,0.0
2011-04-22 22:00:00,0.0
2011-04-22 23:00:00,0.0
2011-04-23 00:00:00,0.0
2011-04-23 01:00:00,0.0
2011-04-23 02:00:00,0.0
2011-04-23 03:00:00,0.0
2011-04-23 04:00:00,0.0
2011-04-23 05:00:00,0.0
2011-04-23 06:00:00,0.8630000000000003
2011-04-23 07:00:00,12.533
2011-04-23 08:00:00,26.19699999999999
2011-04-23 09:00:00,41.041
2011-04-23 10:00:00,47.51400000000002
2011-04-23 11:00:00,45.37
2011-04-23 12:00:00,46.86499999999999
2011-04-23 13:00:00,42.39300000000001
2011-04-23 14:00:00,33.3
2011-04-23 15:00:00,22.244
2011-04-23 16:00:00,6.890000000000001
2011-04-23 17:00:00,0.038
2011-04-23 18:00:00,0.0
2011-04-23 19:00:00,0.0
2011-04-23 20:00:00,0.0
2011-04-23 21:00:00,0.0
2011-04-23 22:00:00,0.0
2011-04-23 23:00:00,0.0
2011-04-24 00:00:00,0.0
2011-04-24 01:00:00,0.0
2011-04-24 02:00:00,0.0
2011-04-24 03:00:00,0.0
2011-04-24 04:00:00,0.0
2011-04-24 05:00:00,0.0
2011-04-24 06:00:00,0.7790000000000001
2011-04-24 07:00:00,12.26
2011-04-24 08:00:00,27.061
2011-04-24 09:00:00,32.697
2011-04-24 10:00:00,32.50499999999999
2011-04-24 11:00:00,34.69
2011-04-24 12:00:00,34.026
2011-04-24 13:00:00,37.22199999999999
2011-04-24 14:00:00,35.407
2011-04-24 15:00:00,21.336
2011-04-24 16:00:00,4.909999999999999
2011-04-24 17:00:00,0.044
2011-04-24 18:00:00,0.0
2011-04-24 19:00:00,0.0
2011-04-24 20:00:00,0.0
2011-04-24 21:00:00,0.0
2011-04-24 22:00:00,0.0
2011-04-24 23:00:00,0.0
2011-04-25 00:00:00,0.0
2011-04-25 01:00:00,0.0
2011-04-25 02:00:00,0.0
2011-04-25 03:00:00,0.0
2011-04-25 04:00:00,0.0
2011-04-25 05:00:00,0.0
2011-04-25 06:00:00,0.039
2011-04-25 07:00:00,2.87
2011-04-25 08:00:00,6.412999999999999
2011-04-25 09:00:00,16.657
2011-04-25 10:00:00,19.771
2011-04-25 11:00:00,23.283
2011-04-25 12:00:00,17.758
2011-04-25 13:00:00,17.479
2011-04-25 14:00:00,5.078
2011-04-25 15:00:00,1.312
2011-04-25 16:00:00,0.2670000000000001
2011-04-25 17:00:00,0.0
2011-04-25 18:00:00,0.0
2011-04-25 19:00:00,0.0
2011-04-25 20:00:00,0.0
2011-04-25 21:00:00,0.0
2011-04-25 22:00:00,0.0
2011-04-25 23:00:00,0.0
2011-04-26 00:00:00,0.0
2011-04-26 01:00:00,0.0
2011-04-26 02:00:00,0.0
2011-04-26 03:00:00,0.0
2011-04-26 04:00:00,0.0
2011-04-26 05:00:00,0.0
2011-04-26 06:00:00,0.08299999999999999
2011-04-26 07:00:00,2.291999999999999
2011-04-26 08:00:00,12.187
2011-04-26 09:00:00,25.006
2011-04-26 10:00:00,34.51699999999999
2011-04-26 11:00:00,46.53600000000001
2011-04-26 12:00:00,29.26000000000001
2011-04-26 13:00:00,41.326
2011-04-26 14:00:00,23.436
2011-04-26 15:00:00,15.248
2011-04-26 16:00:00,1.92
2011-04-26 17:00:00,0.0
2011-04-26 18:00:00,0.0
2011-04-26 19:00:00,0.0
2011-04-26 20:00:00,0.0
2011-04-26 21:00:00,0.0
2011-04-26 22:00:00,0.0
2011-04-26 23:00:00,0.0
2011-04-27 00:00:00,0.0
2011-04-27 01:00:00,0.0
2011-04-27 02:00:00,0.0
2011-04-27 03:00:00,0.0
2011-04-27 04:00:00,0.0
2011-04-27 05:00:00,0.0
2011-04-27 06:00:00,0.9350000000000003
2011-04-27 07:00:00,8.809000000000001
2011-04-27 08:00:00,11.397
2011-04-27 09:00:00,28.26299999999999
2011-04-27 10:00:00,41.393
2011-04-27 11:00:00,37.18499999999999
2011-04-27 12:00:00,50.739
2011-04-27 13:00:00,41.328
2011-04-27 14:00:00,28.736
2011-04-27 15:00:00,12.279
2011-04-27 16:00:00,3.554
2011-04-27 17:00:00,0.0
2011-04-27 18:00:00,0.0
2011-04-27 19:00:00,0.0
2011-04-27 20:00:00,0.0
2011-04-27 21:00:00,0.0
2011-04-27 22:00:00,0.0
2011-04-27 23:00:00,0.0
2011-04-28 00:00:00,0.0
2011-04-28 01:00:00,0.0
2011-04-28 02:00:00,0.0
2011-04-28 03:00:00,0.0
2011-04-28 04:00:00,0.0
2011-04-28 05:00:00,0.0
2011-04-28 06:00:00,1.29
2011-04-28 07:00:00,12.123
2011-04-28 08:00:00,16.46
2011-04-28 09:00:00,27.997
2011-04-28 10:00:00,29.52400000000001
2011-04-28 11:00:00,43.01300000000001
2011-04-28 12:00:00,31.821
2011-04-28 13:00:00,38.08499999999999
2011-04-28 14:00:00,34.901
2011-04-28 15:00:00,14.092
2011-04-28 16:00:00,4.986
2011-04-28 17:00:00,0.0
2011-04-28 18:00:00,0.0
2011-04-28 19:00:00,0.0
2011-04-28 20:00:00,0.0
2011-04-28 21:00:00,0.0
2011-04-28 22:00:00,0.0
2011-04-28 23:00:00,0.0
2011-04-29 00:00:00,0.0
2011-04-29 01:00:00,0.0
2011-04-29 02:00:00,0.0
2011-04-29 03:00:00,0.0
2011-04-29 04:00:00,0.0
2011-04-29 05:00:00,0.0
2011-04-29 06:00:00,0.0
2011-04-29 07:00:00,2.538999999999999
2011-04-29 08:00:00,16.593
2011-04-29 09:00:00,30.282
2011-04-29 10:00:00,42.812
2011-04-29 11:00:00,40.30700000000001
2011-04-29 12:00:00,38.82899999999999
2011-04-29 13:00:00,38.006
2011-04-29 14:00:00,25.223
2011-04-29 15:00:00,8.182000000000002
2011-04-29 16:00:00,1.541
2011-04-29 17:00:00,0.0
2011-04-29 18:00:00,0.0
2011-04-29 19:00:00,0.0
2011-04-29 20:00:00,0.0
2011-04-29 21:00:00,0.0
2011-04-29 22:00:00,0.0
2011-04-29 23:00:00,0.0
2011-04-30 00:00:00,0.0
2011-04-30 01:00:00,0.0
2011-04-30 02:00:00,0.0
2011-04-30 03:00:00,0.0
2011-04-30 04:00:00,0.0
2011-04-30 05:00:00,0.0
2011-04-30 06:00:00,1.43
2011-04-30 07:00:00,5.559
2011-04-30 08:00:00,23.70500000000001
2011-04-30 09:00:00,27.57500000000001
2011-04-30 10:00:00,21.147
2011-04-30 11:00:00,31.231
2011-04-30 12:00:00,20.206
2011-04-30 13:00:00,43.17599999999999
2011-04-30 14:00:00,24.324
2011-04-30 15:00:00,15.053
2011-04-30 16:00:00,3.621
2011-04-30 17:00:00,0.0
2011-04-30 18:00:00,0.0
2011-04-30 19:00:00,0.0
2011-04-30 20:00:00,0.0
2011-04-30 21:00:00,0.0
2011-04-30 22:00:00,0.0
2011-04-30 23:00:00,0.0
2011-05-01 00:00:00,0.0
2011-05-01 01:00:00,0.0
2011-05-01 02:00:00,0.0
2011-05-01 03:00:00,0.0
2011-05-01 04:00:00,0.0
2011-05-01 05:00:00,0.0
2011-05-01 06:00:00,0.039
2011-05-01 07:00:00,6.108000000000001
2011-05-01 08:00:00,21.987
2011-05-01 09:00:00,22.743
2011-05-01 10:00:00,32.994
2011-05-01 11:00:00,36.364
2011-05-01 12:00:00,47.93599999999999
2011-05-01 13:00:00,34.51300000000001
2011-05-01 14:00:00,29.179
2011-05-01 15:00:00,18.431
2011-05-01 16:00:00,4.328
2011-05-01 17:00:00,0.0
2011-05-01 18:00:00,0.0
2011-05-01 19:00:00,0.0
2011-05-01 20:00:00,0.0
2011-05-01 21:00:00,0.0
2011-05-01 22:00:00,0.0
2011-05-01 23:00:00,0.0
2011-05-02 00:00:00,0.0
2011-05-02 01:00:00,0.0
2011-05-02 02:00:00,0.0
2011-05-02 03:00:00,0.0
2011-05-02 04:00:00,0.0
2011-05-02 05:00:00,0.0
2011-05-02 06:00:00,1.076
2011-05-02 07:00:00,8.523
2011-05-02 08:00:00,14.059
2011-05-02 09:00:00,13.845
2011-05-02 10:00:00,26.246
2011-05-02 11:00:00,16.692
2011-05-02 12:00:00,23.203
2011-05-02 13:00:00,30.329
2011-05-02 14:00:00,13.325
2011-05-02 15:00:00,12.10299999999999
2011-05-02 16:00:00,3.047
2011-05-02 17:00:00,0.0
2011-05-02 18:00:00,0.0
2011-05-02 19:00:00,0.0
2011-05-02 20:00:00,0.0
2011-05-02 21:00:00,0.0
2011-05-02 22:00:00,0.0
2011-05-02 23:00:00,0.0
2011-05-03 00:00:00,0.0
2011-05-03 01:00:00,0.0
2011-05-03 02:00:00,0.0
2011-05-03 03:00:00,0.0
2011-05-03 04:00:00,0.0
2011-05-03 05:00:00,0.0
2011-05-03 06:00:00,0.08299999999999999
2011-05-03 07:00:00,4.182
2011-05-03 08:00:00,19.905
2011-05-03 09:00:00,37.96899999999999
2011-05-03 10:00:00,37.697
2011-05-03 11:00:00,26.576
2011-05-03 12:00:00,20.291
2011-05-03 13:00:00,9.78
2011-05-03 14:00:00,10.304
2011-05-03 15:00:00,7.646
2011-05-03 16:00:00,1.468
2011-05-03 17:00:00,0.0
2011-05-03 18:00:00,0.0
2011-05-03 19:00:00,0.0
2011-05-03 20:00:00,0.0
2011-05-03 21:00:00,0.0
2011-05-03 22:00:00,0.0
2011-05-03 23:00:00,0.0
2011-05-04 00:00:00,0.0
2011-05-04 01:00:00,0.0
2011-05-04 02:00:00,0.0
2011-05-04 03:00:00,0.0
2011-05-04 04:00:00,0.0
2011-05-04 05:00:00,0.0
2011-05-04 06:00:00,0.0
2011-05-04 07:00:00,5.268
2011-05-04 08:00:00,22.648
2011-05-04 09:00:00,32.038
2011-05-04 10:00:00,45.21599999999999
2011-05-04 11:00:00,26.95
2011-05-04 12:00:00,22.166
2011-05-04 13:00:00,21.069
2011-05-04 14:00:00,11.616
2011-05-04 15:00:00,5.657999999999999
2011-05-04 16:00:00,4.774000000000001
2011-05-04 17:00:00,0.0
2011-05-04 18:00:00,0.0
2011-05-04 19:00:00,0.0
2011-05-04 20:00:00,0.0
2011-05-04 21:00:00,0.0
2011-05-04 22:00:00,0.0
2011-05-04 23:00:00,0.0
2011-05-05 00:00:00,0.0
2011-05-05 01:00:00,0.0
2011-05-05 02:00:00,0.0
2011-05-05 03:00:00,0.0
2011-05-05 04:00:00,0.0
2011-05-05 05:00:00,0.0
2011-05-05 06:00:00,0.202
2011-05-05 07:00:00,10.272
2011-05-05 08:00:00,25.97000000000001
2011-05-05 09:00:00,40.24300000000001
2011-05-05 10:00:00,41.07700000000001
2011-05-05 11:00:00,46.88800000000001
2011-05-05 12:00:00,48.72899999999999
2011-05-05 13:00:00,45.52500000000001
2011-05-05 14:00:00,31.77399999999999
2011-05-05 15:00:00,16.962
2011-05-05 16:00:00,4.813000000000001
2011-05-05 17:00:00,0.0
2011-05-05 18:00:00,0.0
2011-05-05 19:00:00,0.0
2011-05-05 20:00:00,0.0
2011-05-05 21:00:00,0.0
2011-05-05 22:00:00,0.0
2011-05-05 23:00:00,0.0
2011-05-06 00:00:00,0.0
2011-05-06 01:00:00,0.0
2011-05-06 02:00:00,0.0
2011-05-06 03:00:00,0.0
2011-05-06 04:00:00,0.0
2011-05-06 05:00:00,0.0
2011-05-06 06:00:00,0.058
2011-05-06 07:00:00,4.262
2011-05-06 08:00:00,14.112
2011-05-06 09:00:00,36.04100000000001
2011-05-06 10:00:00,46.21099999999998
2011-05-06 11:00:00,50.504
2011-05-06 12:00:00,47.722
2011-05-06 13:00:00,45.40300000000002
2011-05-06 14:00:00,26.22999999999999
2011-05-06 15:00:00,19.585
2011-05-06 16:00:00,3.084
2011-05-06 17:00:00,0.0
2011-05-06 18:00:00,0.0
2011-05-06 19:00:00,0.0
2011-05-06 20:00:00,0.0
2011-05-06 21:00:00,0.0
2011-05-06 22:00:00,0.0
2011-05-06 23:00:00,0.0
2011-05-07 00:00:00,0.0
2011-05-07 01:00:00,0.0
2011-05-07 02:00:00,0.0
2011-05-07 03:00:00,0.0
2011-05-07 04:00:00,0.0
2011-05-07 05:00:00,0.0
2011-05-07 06:00:00,0.387
2011-05-07 07:00:00,10.569
2011-05-07 08:00:00,25.854
2011-05-07 09:00:00,39.822
2011-05-07 10:00:00,49.238
2011-05-07 11:00:00,51.96099999999999
2011-05-07 12:00:00,47.18200000000001
2011-05-07 13:00:00,39.86600000000001
2011-05-07 14:00:00,32.065
2011-05-07 15:00:00,15.539
2011-05-07 16:00:00,3.210999999999999
2011-05-07 17:00:00,0.0
2011-05-07 18:00:00,0.0
2011-05-07 19:00:00,0.0
2011-05-07 20:00:00,0.0
2011-05-07 21:00:00,0.0
2011-05-07 22:00:00,0.0
2011-05-07 23:00:00,0.0
2011-05-08 00:00:00,0.0
2011-05-08 01:00:00,0.0
2011-05-08 02:00:00,0.0
2011-05-08 03:00:00,0.0
2011-05-08 04:00:00,0.0
2011-05-08 05:00:00,0.0
2011-05-08 06:00:00,0.244
2011-05-08 07:00:00,9.924
2011-05-08 08:00:00,25.378
2011-05-08 09:00:00,37.639
2011-05-08 10:00:00,46.11499999999998
2011-05-08 11:00:00,49.88700000000001
2011-05-08 12:00:00,49.15500000000001
2011-05-08 13:00:00,31.221
2011-05-08 14:00:00,27.281
2011-05-08 15:00:00,14.197
2011-05-08 16:00:00,2.288999999999999
2011-05-08 17:00:00,0.0
2011-05-08 18:00:00,0.0
2011-05-08 19:00:00,0.0
2011-05-08 20:00:00,0.0
2011-05-08 21:00:00,0.0
2011-05-08 22:00:00,0.0
2011-05-08 23:00:00,0.0
2011-05-09 00:00:00,0.0
2011-05-09 01:00:00,0.0
2011-05-09 02:00:00,0.0
2011-05-09 03:00:00,0.0
2011-05-09 04:00:00,0.0
2011-05-09 05:00:00,0.0
2011-05-09 06:00:00,0.06999999999999999
2011-05-09 07:00:00,8.441999999999998
2011-05-09 08:00:00,24.378
2011-05-09 09:00:00,38.45899999999999
2011-05-09 10:00:00,48.187
2011-05-09 11:00:00,45.28700000000001
2011-05-09 12:00:00,17.729
2011-05-09 13:00:00,9.105
2011-05-09 14:00:00,5.835999999999999
2011-05-09 15:00:00,1.801
2011-05-09 16:00:00,0.146
2011-05-09 17:00:00,0.0
2011-05-09 18:00:00,0.0
2011-05-09 19:00:00,0.0
2011-05-09 20:00:00,0.0
2011-05-09 21:00:00,0.0
2011-05-09 22:00:00,0.0
2011-05-09 23:00:00,0.0
2011-05-10 00:00:00,0.0
2011-05-10 01:00:00,0.0
2011-05-10 02:00:00,0.0
2011-05-10 03:00:00,0.0
2011-05-10 04:00:00,0.0
2011-05-10 05:00:00,0.0
2011-05-10 06:00:00,0.0
2011-05-10 07:00:00,4.899
2011-05-10 08:00:00,23.897
2011-05-10 09:00:00,23.17299999999999
2011-05-10 10:00:00,44.652
2011-05-10 11:00:00,42.25200000000001
2011-05-10 12:00:00,43.923
2011-05-10 13:00:00,46.65399999999999
2011-05-10 14:00:00,35.83
2011-05-10 15:00:00,19.491
2011-05-10 16:00:00,3.813
2011-05-10 17:00:00,0.0
2011-05-10 18:00:00,0.0
2011-05-10 19:00:00,0.0
2011-05-10 20:00:00,0.0
2011-05-10 21:00:00,0.0
2011-05-10 22:00:00,0.0
2011-05-10 23:00:00,0.0
2011-05-11 00:00:00,0.0
2011-05-11 01:00:00,0.0
2011-05-11 02:00:00,0.0
2011-05-11 03:00:00,0.0
2011-05-11 04:00:00,0.0
2011-05-11 05:00:00,0.0
2011-05-11 06:00:00,0.282
2011-05-11 07:00:00,9.595
2011-05-11 08:00:00,25.509
2011-05-11 09:00:00,41.41399999999999
2011-05-11 10:00:00,33.925
2011-05-11 11:00:00,28.394
2011-05-11 12:00:00,17.467
2011-05-11 13:00:00,14.99800000000001
2011-05-11 14:00:00,9.889999999999997
2011-05-11 15:00:00,3.372
2011-05-11 16:00:00,0.159
2011-05-11 17:00:00,0.0
2011-05-11 18:00:00,0.0
2011-05-11 19:00:00,0.0
2011-05-11 20:00:00,0.0
2011-05-11 21:00:00,0.0
2011-05-11 22:00:00,0.0
2011-05-11 23:00:00,0.0
2011-05-12 00:00:00,0.0
2011-05-12 01:00:00,0.0
2011-05-12 02:00:00,0.0
2011-05-12 03:00:00,0.0
2011-05-12 04:00:00,0.0
2011-05-12 05:00:00,0.0
2011-05-12 06:00:00,0.251
2011-05-12 07:00:00,9.487
2011-05-12 08:00:00,25.631
2011-05-12 09:00:00,41.03399999999999
2011-05-12 10:00:00,51.10100000000001
2011-05-12 11:00:00,55.195
2011-05-12 12:00:00,53.629
2011-05-12 13:00:00,48.112
2011-05-12 14:00:00,35.923
2011-05-12 15:00:00,19.897
2011-05-12 16:00:00,3.872999999999999
2011-05-12 17:00:00,0.0
2011-05-12 18:00:00,0.0
2011-05-12 19:00:00,0.0
2011-05-12 20:00:00,0.0
2011-05-12 21:00:00,0.0
2011-05-12 22:00:00,0.0
2011-05-12 23:00:00,0.0
2011-05-13 00:00:00,0.0
2011-05-13 01:00:00,0.0
2011-05-13 02:00:00,0.0
2011-05-13 03:00:00,0.0
2011-05-13 04:00:00,0.0
2011-05-13 05:00:00,0.0
2011-05-13 06:00:00,0.245
2011-05-13 07:00:00,8.884000000000002
2011-05-13 08:00:00,24.296
2011-05-13 09:00:00,39.06099999999999
2011-05-13 10:00:00,48.79500000000001
2011-05-13 11:00:00,51.36900000000001
2011-05-13 12:00:00,41.974
2011-05-13 13:00:00,27.92
2011-05-13 14:00:00,29.806
2011-05-13 15:00:00,12.909
2011-05-13 16:00:00,2.506999999999999
2011-05-13 17:00:00,0.0
2011-05-13 18:00:00,0.0
2011-05-13 19:00:00,0.0
2011-05-13 20:00:00,0.0
2011-05-13 21:00:00,0.0
2011-05-13 22:00:00,0.0
2011-05-13 23:00:00,0.0
2011-05-14 00:00:00,0.0
2011-05-14 01:00:00,0.0
2011-05-14 02:00:00,0.0
2011-05-14 03:00:00,0.0
2011-05-14 04:00:00,0.0
2011-05-14 05:00:00,0.0
2011-05-14 06:00:00,0.252
2011-05-14 07:00:00,9.339
2011-05-14 08:00:00,25.299
2011-05-14 09:00:00,39.86300000000001
2011-05-14 10:00:00,49.57100000000001
2011-05-14 11:00:00,54.34400000000002
2011-05-14 12:00:00,52.024
2011-05-14 13:00:00,42.271
2011-05-14 14:00:00,25.593
2011-05-14 15:00:00,18.58
2011-05-14 16:00:00,3.411999999999999
2011-05-14 17:00:00,0.0
2011-05-14 18:00:00,0.0
2011-05-14 19:00:00,0.0
2011-05-14 20:00:00,0.0
2011-05-14 21:00:00,0.0
2011-05-14 22:00:00,0.0
2011-05-14 23:00:00,0.0
2011-05-15 00:00:00,0.0
2011-05-15 01:00:00,0.0
2011-05-15 02:00:00,0.0
2011-05-15 03:00:00,0.0
2011-05-15 04:00:00,0.0
2011-05-15 05:00:00,0.0
2011-05-15 06:00:00,0.177
2011-05-15 07:00:00,9.058999999999997
2011-05-15 08:00:00,24.603
2011-05-15 09:00:00,38.41299999999999
2011-05-15 10:00:00,46.58499999999999
2011-05-15 11:00:00,51.81699999999999
2011-05-15 12:00:00,50.484
2011-05-15 13:00:00,44.786
2011-05-15 14:00:00,33.21599999999999
2011-05-15 15:00:00,17.997
2011-05-15 16:00:00,3.312999999999999
2011-05-15 17:00:00,0.0
2011-05-15 18:00:00,0.0
2011-05-15 19:00:00,0.0
2011-05-15 20:00:00,0.0
2011-05-15 21:00:00,0.0
2011-05-15 22:00:00,0.0
2011-05-15 23:00:00,0.0
2011-05-16 00:00:00,0.0
2011-05-16 01:00:00,0.0
2011-05-16 02:00:00,0.0
2011-05-16 03:00:00,0.0
2011-05-16 04:00:00,0.0
2011-05-16 05:00:00,0.0
2011-05-16 06:00:00,0.201
2011-05-16 07:00:00,9.296000000000001
2011-05-16 08:00:00,24.86500000000001
2011-05-16 09:00:00,38.64100000000001
2011-05-16 10:00:00,48.082
2011-05-16 11:00:00,52.846
2011-05-16 12:00:00,51.776
2011-05-16 13:00:00,45.94600000000001
2011-05-16 14:00:00,33.79399999999999
2011-05-16 15:00:00,18.029
2011-05-16 16:00:00,3.161
2011-05-16 17:00:00,0.0
2011-05-16 18:00:00,0.0
2011-05-16 19:00:00,0.0
2011-05-16 20:00:00,0.0
2011-05-16 21:00:00,0.0
2011-05-16 22:00:00,0.0
2011-05-16 23:00:00,0.0
2011-05-17 00:00:00,0.0
2011-05-17 01:00:00,0.0
2011-05-17 02:00:00,0.0
2011-05-17 03:00:00,0.0
2011-05-17 04:00:00,0.0
2011-05-17 05:00:00,0.0
2011-05-17 06:00:00,0.057
2011-05-17 07:00:00,8.238000000000001
2011-05-17 08:00:00,21.825
2011-05-17 09:00:00,34.66
2011-05-17 10:00:00,42.62999999999999
2011-05-17 11:00:00,34.882
2011-05-17 12:00:00,44.22499999999999
2011-05-17 13:00:00,40.79500000000001
2011-05-17 14:00:00,31.84900000000001
2011-05-17 15:00:00,18.15000000000001
2011-05-17 16:00:00,4.0
2011-05-17 17:00:00,0.0
2011-05-17 18:00:00,0.0
2011-05-17 19:00:00,0.0
2011-05-17 20:00:00,0.0
2011-05-17 21:00:00,0.0
2011-05-17 22:00:00,0.0
2011-05-17 23:00:00,0.0
2011-05-18 00:00:00,0.0
2011-05-18 01:00:00,0.0
2011-05-18 02:00:00,0.0
2011-05-18 03:00:00,0.0
2011-05-18 04:00:00,0.0
2011-05-18 05:00:00,0.0
2011-05-18 06:00:00,0.06999999999999999
2011-05-18 07:00:00,8.097999999999997
2011-05-18 08:00:00,22.752
2011-05-18 09:00:00,36.67299999999999
2011-05-18 10:00:00,45.648
2011-05-18 11:00:00,48.98899999999999
2011-05-18 12:00:00,39.41
2011-05-18 13:00:00,39.59
2011-05-18 14:00:00,29.375
2011-05-18 15:00:00,10.889
2011-05-18 16:00:00,1.308
2011-05-18 17:00:00,0.0
2011-05-18 18:00:00,0.0
2011-05-18 19:00:00,0.0
2011-05-18 20:00:00,0.0
2011-05-18 21:00:00,0.0
2011-05-18 22:00:00,0.0
2011-05-18 23:00:00,0.0
2011-05-19 00:00:00,0.0
2011-05-19 01:00:00,0.0
2011-05-19 02:00:00,0.0
2011-05-19 03:00:00,0.0
2011-05-19 04:00:00,0.0
2011-05-19 05:00:00,0.0
2011-05-19 06:00:00,0.019
2011-05-19 07:00:00,5.188000000000001
2011-05-19 08:00:00,14.771
2011-05-19 09:00:00,29.975
2011-05-19 10:00:00,24.584
2011-05-19 11:00:00,26.862
2011-05-19 12:00:00,45.05500000000001
2011-05-19 13:00:00,35.566
2011-05-19 14:00:00,28.006
2011-05-19 15:00:00,14.957
2011-05-19 16:00:00,3.248
2011-05-19 17:00:00,0.0
2011-05-19 18:00:00,0.0
2011-05-19 19:00:00,0.0
2011-05-19 20:00:00,0.0
2011-05-19 21:00:00,0.0
2011-05-19 22:00:00,0.0
2011-05-19 23:00:00,0.0
2011-05-20 00:00:00,0.0
2011-05-20 01:00:00,0.0
2011-05-20 02:00:00,0.0
2011-05-20 03:00:00,0.0
2011-05-20 04:00:00,0.0
2011-05-20 05:00:00,0.0
2011-05-20 06:00:00,0.103
2011-05-20 07:00:00,7.611
2011-05-20 08:00:00,23.095
2011-05-20 09:00:00,36.559
2011-05-20 10:00:00,45.331
2011-05-20 11:00:00,49.45900000000001
2011-05-20 12:00:00,47.92999999999999
2011-05-20 13:00:00,41.73399999999999
2011-05-20 14:00:00,30.781
2011-05-20 15:00:00,16.437
2011-05-20 16:00:00,2.517
2011-05-20 17:00:00,0.0
2011-05-20 18:00:00,0.0
2011-05-20 19:00:00,0.0
2011-05-20 20:00:00,0.0
2011-05-20 21:00:00,0.0
2011-05-20 22:00:00,0.0
2011-05-20 23:00:00,0.0
2011-05-21 00:00:00,0.0
2011-05-21 01:00:00,0.0
2011-05-21 02:00:00,0.0
2011-05-21 03:00:00,0.0
2011-05-21 04:00:00,0.0
2011-05-21 05:00:00,0.0
2011-05-21 06:00:00,0.031
2011-05-21 07:00:00,8.152
2011-05-21 08:00:00,12.48100000000001
2011-05-21 09:00:00,15.887
2011-05-21 10:00:00,38.29600000000001
2011-05-21 11:00:00,49.717
2011-05-21 12:00:00,47.75099999999999
2011-05-21 13:00:00,41.572
2011-05-21 14:00:00,30.606
2011-05-21 15:00:00,15.968
2011-05-21 16:00:00,2.424
2011-05-21 17:00:00,0.0
2011-05-21 18:00:00,0.0
2011-05-21 19:00:00,0.0
2011-05-21 20:00:00,0.0
2011-05-21 21:00:00,0.0
2011-05-21 22:00:00,0.0
2011-05-21 23:00:00,0.0
2011-05-22 00:00:00,0.0
2011-05-22 01:00:00,0.0
2011-05-22 02:00:00,0.0
2011-05-22 03:00:00,0.0
2011-05-22 04:00:00,0.0
2011-05-22 05:00:00,0.0
2011-05-22 06:00:00,0.025
2011-05-22 07:00:00,4.804999999999999
2011-05-22 08:00:00,19.898
2011-05-22 09:00:00,23.72600000000001
2011-05-22 10:00:00,40.10099999999999
2011-05-22 11:00:00,39.573
2011-05-22 12:00:00,40.06
2011-05-22 13:00:00,38.33
2011-05-22 14:00:00,21.913
2011-05-22 15:00:00,9.424999999999999
2011-05-22 16:00:00,2.658999999999999
2011-05-22 17:00:00,0.0
2011-05-22 18:00:00,0.0
2011-05-22 19:00:00,0.0
2011-05-22 20:00:00,0.0
2011-05-22 21:00:00,0.0
2011-05-22 22:00:00,0.0
2011-05-22 23:00:00,0.0
2011-05-23 00:00:00,0.0
2011-05-23 01:00:00,0.0
2011-05-23 02:00:00,0.0
2011-05-23 03:00:00,0.0
2011-05-23 04:00:00,0.0
2011-05-23 05:00:00,0.0
2011-05-23 06:00:00,0.0
2011-05-23 07:00:00,0.039
2011-05-23 08:00:00,2.55
2011-05-23 09:00:00,5.821000000000002
2011-05-23 10:00:00,38.26200000000001
2011-05-23 11:00:00,44.751
2011-05-23 12:00:00,33.20199999999999
2011-05-23 13:00:00,34.08299999999999
2011-05-23 14:00:00,29.828
2011-05-23 15:00:00,16.032
2011-05-23 16:00:00,2.429
2011-05-23 17:00:00,0.0
2011-05-23 18:00:00,0.0
2011-05-23 19:00:00,0.0
2011-05-23 20:00:00,0.0
2011-05-23 21:00:00,0.0
2011-05-23 22:00:00,0.0
2011-05-23 23:00:00,0.0
2011-05-24 00:00:00,0.0
2011-05-24 01:00:00,0.0
2011-05-24 02:00:00,0.0
2011-05-24 03:00:00,0.0
2011-05-24 04:00:00,0.0
2011-05-24 05:00:00,0.0
2011-05-24 06:00:00,0.013
2011-05-24 07:00:00,1.948999999999999
2011-05-24 08:00:00,18.783
2011-05-24 09:00:00,36.38100000000001
2011-05-24 10:00:00,45.99199999999999
2011-05-24 11:00:00,50.53299999999998
2011-05-24 12:00:00,48.703
2011-05-24 13:00:00,30.841
2011-05-24 14:00:00,12.198
2011-05-24 15:00:00,6.797000000000001
2011-05-24 16:00:00,0.226
2011-05-24 17:00:00,0.0
2011-05-24 18:00:00,0.0
2011-05-24 19:00:00,0.0
2011-05-24 20:00:00,0.0
2011-05-24 21:00:00,0.0
2011-05-24 22:00:00,0.0
2011-05-24 23:00:00,0.0
2011-05-25 00:00:00,0.0
2011-05-25 01:00:00,0.0
2011-05-25 02:00:00,0.0
2011-05-25 03:00:00,0.0
2011-05-25 04:00:00,0.0
2011-05-25 05:00:00,0.0
2011-05-25 06:00:00,0.0
2011-05-25 07:00:00,0.0
2011-05-25 08:00:00,0.0
2011-05-25 09:00:00,0.348
2011-05-25 10:00:00,5.941000000000001
2011-05-25 11:00:00,9.574999999999998
2011-05-25 12:00:00,18.768
2011-05-25 13:00:00,34.37
2011-05-25 14:00:00,28.30100000000001
2011-05-25 15:00:00,5.0
2011-05-25 16:00:00,0.4530000000000001
2011-05-25 17:00:00,0.0
2011-05-25 18:00:00,0.0
2011-05-25 19:00:00,0.0
2011-05-25 20:00:00,0.0
2011-05-25 21:00:00,0.0
2011-05-25 22:00:00,0.0
2011-05-25 23:00:00,0.0
2011-05-26 00:00:00,0.0
2011-05-26 01:00:00,0.0
2011-05-26 02:00:00,0.0
2011-05-26 03:00:00,0.0
2011-05-26 04:00:00,0.0
2011-05-26 05:00:00,0.0
2011-05-26 06:00:00,0.0
2011-05-26 07:00:00,2.433999999999999
2011-05-26 08:00:00,13.404
2011-05-26 09:00:00,18.36800000000001
2011-05-26 10:00:00,25.031
2011-05-26 11:00:00,33.123
2011-05-26 12:00:00,36.501
2011-05-26 13:00:00,31.852
2011-05-26 14:00:00,10.08
2011-05-26 15:00:00,9.875000000000002
2011-05-26 16:00:00,3.297999999999999
2011-05-26 17:00:00,0.0
2011-05-26 18:00:00,0.0
2011-05-26 19:00:00,0.0
2011-05-26 20:00:00,0.0
2011-05-26 21:00:00,0.0
2011-05-26 22:00:00,0.0
2011-05-26 23:00:00,0.0
2011-05-27 00:00:00,0.0
2011-05-27 01:00:00,0.0
2011-05-27 02:00:00,0.0
2011-05-27 03:00:00,0.0
2011-05-27 04:00:00,0.0
2011-05-27 05:00:00,0.0
2011-05-27 06:00:00,0.013
2011-05-27 07:00:00,7.190000000000001
2011-05-27 08:00:00,22.462
2011-05-27 09:00:00,35.82599999999999
2011-05-27 10:00:00,44.91999999999999
2011-05-27 11:00:00,49.322
2011-05-27 12:00:00,48.19700000000001
2011-05-27 13:00:00,41.27100000000001
2011-05-27 14:00:00,30.77
2011-05-27 15:00:00,12.258
2011-05-27 16:00:00,1.973999999999999
2011-05-27 17:00:00,0.0
2011-05-27 18:00:00,0.0
2011-05-27 19:00:00,0.0
2011-05-27 20:00:00,0.0
2011-05-27 21:00:00,0.0
2011-05-27 22:00:00,0.0
2011-05-27 23:00:00,0.0
2011-05-28 00:00:00,0.0
2011-05-28 01:00:00,0.0
2011-05-28 02:00:00,0.0
2011-05-28 03:00:00,0.0
2011-05-28 04:00:00,0.0
2011-05-28 05:00:00,0.0
2011-05-28 06:00:00,0.0
2011-05-28 07:00:00,5.956
2011-05-28 08:00:00,15.02
2011-05-28 09:00:00,23.08399999999999
2011-05-28 10:00:00,12.267
2011-05-28 11:00:00,11.264
2011-05-28 12:00:00,18.609
2011-05-28 13:00:00,11.739
2011-05-28 14:00:00,9.417999999999997
2011-05-28 15:00:00,8.368000000000002
2011-05-28 16:00:00,0.6530000000000004
2011-05-28 17:00:00,0.0
2011-05-28 18:00:00,0.0
2011-05-28 19:00:00,0.0
2011-05-28 20:00:00,0.0
2011-05-28 21:00:00,0.0
2011-05-28 22:00:00,0.0
2011-05-28 23:00:00,0.0
2011-05-29 00:00:00,0.0
2011-05-29 01:00:00,0.0
2011-05-29 02:00:00,0.0
2011-05-29 03:00:00,0.0
2011-05-29 04:00:00,0.0
2011-05-29 05:00:00,0.0
2011-05-29 06:00:00,0.0
2011-05-29 07:00:00,6.278
2011-05-29 08:00:00,8.978000000000002
2011-05-29 09:00:00,14.609
2011-05-29 10:00:00,27.957
2011-05-29 11:00:00,26.653
2011-05-29 12:00:00,13.669
2011-05-29 13:00:00,12.072
2011-05-29 14:00:00,11.484
2011-05-29 15:00:00,7.260000000000001
2011-05-29 16:00:00,0.9190000000000005
2011-05-29 17:00:00,0.0
2011-05-29 18:00:00,0.0
2011-05-29 19:00:00,0.0
2011-05-29 20:00:00,0.0
2011-05-29 21:00:00,0.0
2011-05-29 22:00:00,0.0
2011-05-29 23:00:00,0.0
2011-05-30 00:00:00,0.0
2011-05-30 01:00:00,0.0
2011-05-30 02:00:00,0.0
2011-05-30 03:00:00,0.0
2011-05-30 04:00:00,0.0
2011-05-30 05:00:00,0.0
2011-05-30 06:00:00,0.0
2011-05-30 07:00:00,1.295
2011-05-30 08:00:00,7.820000000000001
2011-05-30 09:00:00,8.347999999999999
2011-05-30 10:00:00,11.552
2011-05-30 11:00:00,14.023
2011-05-30 12:00:00,5.021999999999999
2011-05-30 13:00:00,2.029999999999999
2011-05-30 14:00:00,3.923
2011-05-30 15:00:00,3.61
2011-05-30 16:00:00,0.08299999999999999
2011-05-30 17:00:00,0.0
2011-05-30 18:00:00,0.0
2011-05-30 19:00:00,0.0
2011-05-30 20:00:00,0.0
2011-05-30 21:00:00,0.0
2011-05-30 22:00:00,0.0
2011-05-30 23:00:00,0.0
2011-05-31 00:00:00,0.0
2011-05-31 01:00:00,0.0
2011-05-31 02:00:00,0.0
2011-05-31 03:00:00,0.0
2011-05-31 04:00:00,0.0
2011-05-31 05:00:00,0.0
2011-05-31 06:00:00,0.0
2011-05-31 07:00:00,0.058
2011-05-31 08:00:00,0.4460000000000002
2011-05-31 09:00:00,5.405999999999999
2011-05-31 10:00:00,9.672999999999998
2011-05-31 11:00:00,13.661
2011-05-31 12:00:00,7.02
2011-05-31 13:00:00,4.043
2011-05-31 14:00:00,4.53
2011-05-31 15:00:00,4.392
2011-05-31 16:00:00,0.7840000000000005
2011-05-31 17:00:00,0.0
2011-05-31 18:00:00,0.0
2011-05-31 19:00:00,0.0
2011-05-31 20:00:00,0.0
2011-05-31 21:00:00,0.0
2011-05-31 22:00:00,0.0
2011-05-31 23:00:00,0.0
2011-06-01 00:00:00,0.0
2011-06-01 01:00:00,0.0
2011-06-01 02:00:00,0.0
2011-06-01 03:00:00,0.0
2011-06-01 04:00:00,0.0
2011-06-01 05:00:00,0.0
2011-06-01 06:00:00,0.0
2011-06-01 07:00:00,2.795
2011-06-01 08:00:00,9.595
2011-06-01 09:00:00,29.46700000000001
2011-06-01 10:00:00,34.671
2011-06-01 11:00:00,42.96999999999999
2011-06-01 12:00:00,44.60800000000001
2011-06-01 13:00:00,33.27399999999999
2011-06-01 14:00:00,25.024
2011-06-01 15:00:00,6.469
2011-06-01 16:00:00,1.538999999999999
2011-06-01 17:00:00,0.0
2011-06-01 18:00:00,0.0
2011-06-01 19:00:00,0.0
2011-06-01 20:00:00,0.0
2011-06-01 21:00:00,0.0
2011-06-01 22:00:00,0.0
2011-06-01 23:00:00,0.0
2011-06-02 00:00:00,0.0
2011-06-02 01:00:00,0.0
2011-06-02 02:00:00,0.0
2011-06-02 03:00:00,0.0
2011-06-02 04:00:00,0.0
2011-06-02 05:00:00,0.0
2011-06-02 06:00:00,0.0
2011-06-02 07:00:00,1.029
2011-06-02 08:00:00,11.191
2011-06-02 09:00:00,16.624
2011-06-02 10:00:00,36.24299999999999
2011-06-02 11:00:00,40.407
2011-06-02 12:00:00,44.78100000000001
2011-06-02 13:00:00,35.341
2011-06-02 14:00:00,28.442
2011-06-02 15:00:00,14.246
2011-06-02 16:00:00,2.679
2011-06-02 17:00:00,0.0
2011-06-02 18:00:00,0.0
2011-06-02 19:00:00,0.0
2011-06-02 20:00:00,0.0
2011-06-02 21:00:00,0.0
2011-06-02 22:00:00,0.0
2011-06-02 23:00:00,0.0
2011-06-03 00:00:00,0.0
2011-06-03 01:00:00,0.0
2011-06-03 02:00:00,0.0
2011-06-03 03:00:00,0.0
2011-06-03 04:00:00,0.0
2011-06-03 05:00:00,0.0
2011-06-03 06:00:00,0.0
2011-06-03 07:00:00,5.538000000000001
2011-06-03 08:00:00,17.461
2011-06-03 09:00:00,33.468
2011-06-03 10:00:00,41.56199999999999
2011-06-03 11:00:00,45.96400000000001
2011-06-03 12:00:00,46.31099999999999
2011-06-03 13:00:00,40.32699999999999
2011-06-03 14:00:00,26.851
2011-06-03 15:00:00,13.079
2011-06-03 16:00:00,2.249
2011-06-03 17:00:00,0.0
2011-06-03 18:00:00,0.0
2011-06-03 19:00:00,0.0
2011-06-03 20:00:00,0.0
2011-06-03 21:00:00,0.0
2011-06-03 22:00:00,0.0
2011-06-03 23:00:00,0.0
2011-06-04 00:00:00,0.0
2011-06-04 01:00:00,0.0
2011-06-04 02:00:00,0.0
2011-06-04 03:00:00,0.0
2011-06-04 04:00:00,0.0
2011-06-04 05:00:00,0.0
2011-06-04 06:00:00,0.0
2011-06-04 07:00:00,4.693000000000001
2011-06-04 08:00:00,19.176
2011-06-04 09:00:00,33.09299999999999
2011-06-04 10:00:00,42.84499999999998
2011-06-04 11:00:00,41.316
2011-06-04 12:00:00,10.733
2011-06-04 13:00:00,8.016999999999998
2011-06-04 14:00:00,9.176999999999998
2011-06-04 15:00:00,2.464
2011-06-04 16:00:00,0.7650000000000005
2011-06-04 17:00:00,0.0
2011-06-04 18:00:00,0.0
2011-06-04 19:00:00,0.0
2011-06-04 20:00:00,0.0
2011-06-04 21:00:00,0.0
2011-06-04 22:00:00,0.0
2011-06-04 23:00:00,0.0
2011-06-05 00:00:00,0.0
2011-06-05 01:00:00,0.0
2011-06-05 02:00:00,0.0
2011-06-05 03:00:00,0.0
2011-06-05 04:00:00,0.0
2011-06-05 05:00:00,0.0
2011-06-05 06:00:00,0.0
2011-06-05 07:00:00,5.565999999999999
2011-06-05 08:00:00,20.60699999999999
2011-06-05 09:00:00,33.78400000000001
2011-06-05 10:00:00,43.23799999999999
2011-06-05 11:00:00,49.029
2011-06-05 12:00:00,46.705
2011-06-05 13:00:00,40.76799999999999
2011-06-05 14:00:00,28.928
2011-06-05 15:00:00,13.242
2011-06-05 16:00:00,1.959
2011-06-05 17:00:00,0.0
2011-06-05 18:00:00,0.0
2011-06-05 19:00:00,0.0
2011-06-05 20:00:00,0.0
2011-06-05 21:00:00,0.0
2011-06-05 22:00:00,0.0
2011-06-05 23:00:00,0.0
2011-06-06 00:00:00,0.0
2011-06-06 01:00:00,0.0
2011-06-06 02:00:00,0.0
2011-06-06 03:00:00,0.0
2011-06-06 04:00:00,0.0
2011-06-06 05:00:00,0.0
2011-06-06 06:00:00,0.0
2011-06-06 07:00:00,5.697
2011-06-06 08:00:00,19.634
2011-06-06 09:00:00,33.872
2011-06-06 10:00:00,43.90299999999998
2011-06-06 11:00:00,48.80299999999999
2011-06-06 12:00:00,38.84899999999999
2011-06-06 13:00:00,32.184
2011-06-06 14:00:00,23.019
2011-06-06 15:00:00,3.992999999999999
2011-06-06 16:00:00,0.6550000000000002
2011-06-06 17:00:00,0.0
2011-06-06 18:00:00,0.0
2011-06-06 19:00:00,0.0
2011-06-06 20:00:00,0.0
2011-06-06 21:00:00,0.0
2011-06-06 22:00:00,0.0
2011-06-06 23:00:00,0.0
2011-06-07 00:00:00,0.0
2011-06-07 01:00:00,0.0
2011-06-07 02:00:00,0.0
2011-06-07 03:00:00,0.0
2011-06-07 04:00:00,0.0
2011-06-07 05:00:00,0.0
2011-06-07 06:00:00,0.0
2011-06-07 07:00:00,6.193000000000001
2011-06-07 08:00:00,16.869
2011-06-07 09:00:00,26.701
2011-06-07 10:00:00,35.765
2011-06-07 11:00:00,34.11799999999999
2011-06-07 12:00:00,35.07200000000001
2011-06-07 13:00:00,22.40100000000001
2011-06-07 14:00:00,13.132
2011-06-07 15:00:00,16.018
2011-06-07 16:00:00,1.928
2011-06-07 17:00:00,0.0
2011-06-07 18:00:00,0.0
2011-06-07 19:00:00,0.0
2011-06-07 20:00:00,0.0
2011-06-07 21:00:00,0.0
2011-06-07 22:00:00,0.0
2011-06-07 23:00:00,0.0
2011-06-08 00:00:00,0.0
2011-06-08 01:00:00,0.0
2011-06-08 02:00:00,0.0
2011-06-08 03:00:00,0.0
2011-06-08 04:00:00,0.0
2011-06-08 05:00:00,0.0
2011-06-08 06:00:00,0.0
2011-06-08 07:00:00,4.337000000000001
2011-06-08 08:00:00,20.011
2011-06-08 09:00:00,35.17299999999999
2011-06-08 10:00:00,45.79599999999999
2011-06-08 11:00:00,51.29399999999999
2011-06-08 12:00:00,49.886
2011-06-08 13:00:00,43.41399999999999
2011-06-08 14:00:00,32.48699999999999
2011-06-08 15:00:00,16.476
2011-06-08 16:00:00,2.118
2011-06-08 17:00:00,0.0
2011-06-08 18:00:00,0.0
2011-06-08 19:00:00,0.0
2011-06-08 20:00:00,0.0
2011-06-08 21:00:00,0.0
2011-06-08 22:00:00,0.0
2011-06-08 23:00:00,0.0
2011-06-09 00:00:00,0.0
2011-06-09 01:00:00,0.0
2011-06-09 02:00:00,0.0
2011-06-09 03:00:00,0.0
2011-06-09 04:00:00,0.0
2011-06-09 05:00:00,0.0
2011-06-09 06:00:00,0.0
2011-06-09 07:00:00,5.380000000000001
2011-06-09 08:00:00,20.069
2011-06-09 09:00:00,34.73099999999999
2011-06-09 10:00:00,45.024
2011-06-09 11:00:00,50.67
2011-06-09 12:00:00,49.12899999999999
2011-06-09 13:00:00,41.97000000000001
2011-06-09 14:00:00,31.194
2011-06-09 15:00:00,15.576
2011-06-09 16:00:00,2.054
2011-06-09 17:00:00,0.0
2011-06-09 18:00:00,0.0
2011-06-09 19:00:00,0.0
2011-06-09 20:00:00,0.0
2011-06-09 21:00:00,0.0
2011-06-09 22:00:00,0.0
2011-06-09 23:00:00,0.0
2011-06-10 00:00:00,0.0
2011-06-10 01:00:00,0.0
2011-06-10 02:00:00,0.0
2011-06-10 03:00:00,0.0
2011-06-10 04:00:00,0.0
2011-06-10 05:00:00,0.0
2011-06-10 06:00:00,0.0
2011-06-10 07:00:00,5.088000000000001
2011-06-10 08:00:00,19.07800000000001
2011-06-10 09:00:00,33.3
2011-06-10 10:00:00,43.26999999999999
2011-06-10 11:00:00,48.166
2011-06-10 12:00:00,40.62399999999998
2011-06-10 13:00:00,20.991
2011-06-10 14:00:00,10.809
2011-06-10 15:00:00,6.405000000000002
2011-06-10 16:00:00,0.2790000000000001
2011-06-10 17:00:00,0.0
2011-06-10 18:00:00,0.0
2011-06-10 19:00:00,0.0
2011-06-10 20:00:00,0.0
2011-06-10 21:00:00,0.0
2011-06-10 22:00:00,0.0
2011-06-10 23:00:00,0.0
2011-06-11 00:00:00,0.0
2011-06-11 01:00:00,0.0
2011-06-11 02:00:00,0.0
2011-06-11 03:00:00,0.0
2011-06-11 04:00:00,0.0
2011-06-11 05:00:00,0.0
2011-06-11 06:00:00,0.0
2011-06-11 07:00:00,0.165
2011-06-11 08:00:00,4.791
2011-06-11 09:00:00,7.173000000000001
2011-06-11 10:00:00,11.601
2011-06-11 11:00:00,10.433
2011-06-11 12:00:00,7.651999999999999
2011-06-11 13:00:00,16.017
2011-06-11 14:00:00,16.025
2011-06-11 15:00:00,12.095
2011-06-11 16:00:00,0.4530000000000001
2011-06-11 17:00:00,0.0
2011-06-11 18:00:00,0.0
2011-06-11 19:00:00,0.0
2011-06-11 20:00:00,0.0
2011-06-11 21:00:00,0.0
2011-06-11 22:00:00,0.0
2011-06-11 23:00:00,0.0
2011-06-12 00:00:00,0.0
2011-06-12 01:00:00,0.0
2011-06-12 02:00:00,0.0
2011-06-12 03:00:00,0.0
2011-06-12 04:00:00,0.0
2011-06-12 05:00:00,0.0
2011-06-12 06:00:00,0.0
2011-06-12 07:00:00,0.0
2011-06-12 08:00:00,0.0
2011-06-12 09:00:00,0.6020000000000002
2011-06-12 10:00:00,3.371
2011-06-12 11:00:00,5.42
2011-06-12 12:00:00,15.048
2011-06-12 13:00:00,14.485
2011-06-12 14:00:00,8.535
2011-06-12 15:00:00,3.323
2011-06-12 16:00:00,0.177
2011-06-12 17:00:00,0.0
2011-06-12 18:00:00,0.0
2011-06-12 19:00:00,0.0
2011-06-12 20:00:00,0.0
2011-06-12 21:00:00,0.0
2011-06-12 22:00:00,0.0
2011-06-12 23:00:00,0.0
2011-06-13 00:00:00,0.0
2011-06-13 01:00:00,0.0
2011-06-13 02:00:00,0.0
2011-06-13 03:00:00,0.0
2011-06-13 04:00:00,0.0
2011-06-13 05:00:00,0.0
2011-06-13 06:00:00,0.0
2011-06-13 07:00:00,4.891
2011-06-13 08:00:00,13.15400000000001
2011-06-13 09:00:00,21.557
2011-06-13 10:00:00,38.50699999999999
2011-06-13 11:00:00,27.657
2011-06-13 12:00:00,16.603
2011-06-13 13:00:00,17.58
2011-06-13 14:00:00,10.881
2011-06-13 15:00:00,4.75
2011-06-13 16:00:00,0.4540000000000001
2011-06-13 17:00:00,0.0
2011-06-13 18:00:00,0.0
2011-06-13 19:00:00,0.0
2011-06-13 20:00:00,0.0
2011-06-13 21:00:00,0.0
2011-06-13 22:00:00,0.0
2011-06-13 23:00:00,0.0
2011-06-14 00:00:00,0.0
2011-06-14 01:00:00,0.0
2011-06-14 02:00:00,0.0
2011-06-14 03:00:00,0.0
2011-06-14 04:00:00,0.0
2011-06-14 05:00:00,0.0
2011-06-14 06:00:00,0.0
2011-06-14 07:00:00,0.058
2011-06-14 08:00:00,2.84
2011-06-14 09:00:00,8.816
2011-06-14 10:00:00,15.586
2011-06-14 11:00:00,16.813
2011-06-14 12:00:00,26.892
2011-06-14 13:00:00,23.88399999999999
2011-06-14 14:00:00,13.533
2011-06-14 15:00:00,2.444
2011-06-14 16:00:00,0.0
2011-06-14 17:00:00,0.0
2011-06-14 18:00:00,0.0
2011-06-14 19:00:00,0.0
2011-06-14 20:00:00,0.0
2011-06-14 21:00:00,0.0
2011-06-14 22:00:00,0.0
2011-06-14 23:00:00,0.0
2011-06-15 00:00:00,0.0
2011-06-15 01:00:00,0.0
2011-06-15 02:00:00,0.0
2011-06-15 03:00:00,0.0
2011-06-15 04:00:00,0.0
2011-06-15 05:00:00,0.0
2011-06-15 06:00:00,0.0
2011-06-15 07:00:00,0.3840000000000001
2011-06-15 08:00:00,1.185
2011-06-15 09:00:00,2.369
2011-06-15 10:00:00,5.522000000000001
2011-06-15 11:00:00,5.047000000000001
2011-06-15 12:00:00,3.533
2011-06-15 13:00:00,3.265000000000001
2011-06-15 14:00:00,3.511000000000001
2011-06-15 15:00:00,0.8170000000000004
2011-06-15 16:00:00,0.063
2011-06-15 17:00:00,0.0
2011-06-15 18:00:00,0.0
2011-06-15 19:00:00,0.0
2011-06-15 20:00:00,0.0
2011-06-15 21:00:00,0.0
2011-06-15 22:00:00,0.0
2011-06-15 23:00:00,0.0
2011-06-16 00:00:00,0.0
2011-06-16 01:00:00,0.0
2011-06-16 02:00:00,0.0
2011-06-16 03:00:00,0.0
2011-06-16 04:00:00,0.0
2011-06-16 05:00:00,0.0
2011-06-16 06:00:00,0.0
2011-06-16 07:00:00,3.140999999999999
2011-06-16 08:00:00,6.295
2011-06-16 09:00:00,14.887
2011-06-16 10:00:00,15.864
2011-06-16 11:00:00,29.736
2011-06-16 12:00:00,32.207
2011-06-16 13:00:00,32.18300000000001
2011-06-16 14:00:00,13.475
2011-06-16 15:00:00,9.438000000000002
2011-06-16 16:00:00,0.4590000000000002
2011-06-16 17:00:00,0.0
2011-06-16 18:00:00,0.0
2011-06-16 19:00:00,0.0
2011-06-16 20:00:00,0.0
2011-06-16 21:00:00,0.0
2011-06-16 22:00:00,0.0
2011-06-16 23:00:00,0.0
2011-06-17 00:00:00,0.0
2011-06-17 01:00:00,0.0
2011-06-17 02:00:00,0.0
2011-06-17 03:00:00,0.0
2011-06-17 04:00:00,0.0
2011-06-17 05:00:00,0.0
2011-06-17 06:00:00,0.0
2011-06-17 07:00:00,4.535999999999999
2011-06-17 08:00:00,18.158
2011-06-17 09:00:00,32.415
2011-06-17 10:00:00,42.65999999999999
2011-06-17 11:00:00,48.235
2011-06-17 12:00:00,47.34099999999998
2011-06-17 13:00:00,40.812
2011-06-17 14:00:00,27.75500000000001
2011-06-17 15:00:00,12.067
2011-06-17 16:00:00,1.966
2011-06-17 17:00:00,0.0
2011-06-17 18:00:00,0.0
2011-06-17 19:00:00,0.0
2011-06-17 20:00:00,0.0
2011-06-17 21:00:00,0.0
2011-06-17 22:00:00,0.0
2011-06-17 23:00:00,0.0
2011-06-18 00:00:00,0.0
2011-06-18 01:00:00,0.0
2011-06-18 02:00:00,0.0
2011-06-18 03:00:00,0.0
2011-06-18 04:00:00,0.0
2011-06-18 05:00:00,0.0
2011-06-18 06:00:00,0.0
2011-06-18 07:00:00,4.49
2011-06-18 08:00:00,18.312
2011-06-18 09:00:00,32.342
2011-06-18 10:00:00,42.73899999999999
2011-06-18 11:00:00,48.484
2011-06-18 12:00:00,46.99999999999999
2011-06-18 13:00:00,40.66499999999999
2011-06-18 14:00:00,30.358
2011-06-18 15:00:00,15.253
2011-06-18 16:00:00,1.939999999999999
2011-06-18 17:00:00,0.0
2011-06-18 18:00:00,0.0
2011-06-18 19:00:00,0.0
2011-06-18 20:00:00,0.0
2011-06-18 21:00:00,0.0
2011-06-18 22:00:00,0.0
2011-06-18 23:00:00,0.0
2011-06-19 00:00:00,0.0
2011-06-19 01:00:00,0.0
2011-06-19 02:00:00,0.0
2011-06-19 03:00:00,0.0
2011-06-19 04:00:00,0.0
2011-06-19 05:00:00,0.0
2011-06-19 06:00:00,0.0
2011-06-19 07:00:00,4.508000000000001
2011-06-19 08:00:00,19.079
2011-06-19 09:00:00,32.61999999999999
2011-06-19 10:00:00,42.982
2011-06-19 11:00:00,48.041
2011-06-19 12:00:00,47.408
2011-06-19 13:00:00,40.828
2011-06-19 14:00:00,30.642
2011-06-19 15:00:00,15.574
2011-06-19 16:00:00,1.981999999999999
2011-06-19 17:00:00,0.0
2011-06-19 18:00:00,0.0
2011-06-19 19:00:00,0.0
2011-06-19 20:00:00,0.0
2011-06-19 21:00:00,0.0
2011-06-19 22:00:00,0.0
2011-06-19 23:00:00,0.0
2011-06-20 00:00:00,0.0
2011-06-20 01:00:00,0.0
2011-06-20 02:00:00,0.0
2011-06-20 03:00:00,0.0
2011-06-20 04:00:00,0.0
2011-06-20 05:00:00,0.0
2011-06-20 06:00:00,0.0
2011-06-20 07:00:00,4.265000000000001
2011-06-20 08:00:00,17.761
2011-06-20 09:00:00,31.848
2011-06-20 10:00:00,42.07199999999999
2011-06-20 11:00:00,46.676
2011-06-20 12:00:00,46.209
2011-06-20 13:00:00,39.02799999999998
2011-06-20 14:00:00,28.683
2011-06-20 15:00:00,14.443
2011-06-20 16:00:00,1.874999999999999
2011-06-20 17:00:00,0.0
2011-06-20 18:00:00,0.0
2011-06-20 19:00:00,0.0
2011-06-20 20:00:00,0.0
2011-06-20 21:00:00,0.0
2011-06-20 22:00:00,0.0
2011-06-20 23:00:00,0.0
2011-06-21 00:00:00,0.0
2011-06-21 01:00:00,0.0
2011-06-21 02:00:00,0.0
2011-06-21 03:00:00,0.0
2011-06-21 04:00:00,0.0
2011-06-21 05:00:00,0.0
2011-06-21 06:00:00,0.0
2011-06-21 07:00:00,4.130000000000001
2011-06-21 08:00:00,17.196
2011-06-21 09:00:00,30.41899999999999
2011-06-21 10:00:00,39.172
2011-06-21 11:00:00,45.19900000000001
2011-06-21 12:00:00,43.22200000000001
2011-06-21 13:00:00,39.40799999999999
2011-06-21 14:00:00,29.76400000000001
2011-06-21 15:00:00,13.501
2011-06-21 16:00:00,1.774
2011-06-21 17:00:00,0.0
2011-06-21 18:00:00,0.0
2011-06-21 19:00:00,0.0
2011-06-21 20:00:00,0.0
2011-06-21 21:00:00,0.0
2011-06-21 22:00:00,0.0
2011-06-21 23:00:00,0.0
2011-06-22 00:00:00,0.0
2011-06-22 01:00:00,0.0
2011-06-22 02:00:00,0.0
2011-06-22 03:00:00,0.0
2011-06-22 04:00:00,0.0
2011-06-22 05:00:00,0.0
2011-06-22 06:00:00,0.0
2011-06-22 07:00:00,3.579
2011-06-22 08:00:00,17.341
2011-06-22 09:00:00,32.09499999999999
2011-06-22 10:00:00,43.05799999999999
2011-06-22 11:00:00,49.03399999999999
2011-06-22 12:00:00,48.5
2011-06-22 13:00:00,41.741
2011-06-22 14:00:00,30.93600000000001
2011-06-22 15:00:00,15.82
2011-06-22 16:00:00,2.111
2011-06-22 17:00:00,0.0
2011-06-22 18:00:00,0.0
2011-06-22 19:00:00,0.0
2011-06-22 20:00:00,0.0
2011-06-22 21:00:00,0.0
2011-06-22 22:00:00,0.0
2011-06-22 23:00:00,0.0
2011-06-23 00:00:00,0.0
2011-06-23 01:00:00,0.0
2011-06-23 02:00:00,0.0
2011-06-23 03:00:00,0.0
2011-06-23 04:00:00,0.0
2011-06-23 05:00:00,0.0
2011-06-23 06:00:00,0.0
2011-06-23 07:00:00,4.236
2011-06-23 08:00:00,18.196
2011-06-23 09:00:00,32.556
2011-06-23 10:00:00,42.709
2011-06-23 11:00:00,48.24799999999999
2011-06-23 12:00:00,47.19300000000001
2011-06-23 13:00:00,40.49699999999999
2011-06-23 14:00:00,30.31600000000001
2011-06-23 15:00:00,15.255
2011-06-23 16:00:00,1.948999999999999
2011-06-23 17:00:00,0.0
2011-06-23 18:00:00,0.0
2011-06-23 19:00:00,0.0
2011-06-23 20:00:00,0.0
2011-06-23 21:00:00,0.0
2011-06-23 22:00:00,0.0
2011-06-23 23:00:00,0.0
2011-06-24 00:00:00,0.0
2011-06-24 01:00:00,0.0
2011-06-24 02:00:00,0.0
2011-06-24 03:00:00,0.0
2011-06-24 04:00:00,0.0
2011-06-24 05:00:00,0.0
2011-06-24 06:00:00,0.0
2011-06-24 07:00:00,4.282
2011-06-24 08:00:00,17.908
2011-06-24 09:00:00,31.831
2011-06-24 10:00:00,41.89099999999999
2011-06-24 11:00:00,46.88800000000001
2011-06-24 12:00:00,45.741
2011-06-24 13:00:00,39.682
2011-06-24 14:00:00,29.975
2011-06-24 15:00:00,15.37
2011-06-24 16:00:00,2.044
2011-06-24 17:00:00,0.0
2011-06-24 18:00:00,0.0
2011-06-24 19:00:00,0.0
2011-06-24 20:00:00,0.0
2011-06-24 21:00:00,0.0
2011-06-24 22:00:00,0.0
2011-06-24 23:00:00,0.0
2011-06-25 00:00:00,0.0
2011-06-25 01:00:00,0.0
2011-06-25 02:00:00,0.0
2011-06-25 03:00:00,0.0
2011-06-25 04:00:00,0.0
2011-06-25 05:00:00,0.0
2011-06-25 06:00:00,0.0
2011-06-25 07:00:00,4.176000000000001
2011-06-25 08:00:00,18.072
2011-06-25 09:00:00,31.40599999999999
2011-06-25 10:00:00,40.94199999999999
2011-06-25 11:00:00,45.694
2011-06-25 12:00:00,43.736
2011-06-25 13:00:00,35.892
2011-06-25 14:00:00,26.11200000000001
2011-06-25 15:00:00,10.895
2011-06-25 16:00:00,1.644
2011-06-25 17:00:00,0.0
2011-06-25 18:00:00,0.0
2011-06-25 19:00:00,0.0
2011-06-25 20:00:00,0.0
2011-06-25 21:00:00,0.0
2011-06-25 22:00:00,0.0
2011-06-25 23:00:00,0.0
2011-06-26 00:00:00,0.0
2011-06-26 01:00:00,0.0
2011-06-26 02:00:00,0.0
2011-06-26 03:00:00,0.0
2011-06-26 04:00:00,0.0
2011-06-26 05:00:00,0.0
2011-06-26 06:00:00,0.0
2011-06-26 07:00:00,4.323
2011-06-26 08:00:00,17.998
2011-06-26 09:00:00,32.289
2011-06-26 10:00:00,42.83499999999999
2011-06-26 11:00:00,48.24699999999999
2011-06-26 12:00:00,47.498
2011-06-26 13:00:00,41.23699999999999
2011-06-26 14:00:00,31.134
2011-06-26 15:00:00,15.848
2011-06-26 16:00:00,2.139999999999999
2011-06-26 17:00:00,0.0
2011-06-26 18:00:00,0.0
2011-06-26 19:00:00,0.0
2011-06-26 20:00:00,0.0
2011-06-26 21:00:00,0.0
2011-06-26 22:00:00,0.0
2011-06-26 23:00:00,0.0
2011-06-27 00:00:00,0.0
2011-06-27 01:00:00,0.0
2011-06-27 02:00:00,0.0
2011-06-27 03:00:00,0.0
2011-06-27 04:00:00,0.0
2011-06-27 05:00:00,0.0
2011-06-27 06:00:00,0.0
2011-06-27 07:00:00,4.685
2011-06-27 08:00:00,19.245
2011-06-27 09:00:00,31.85
2011-06-27 10:00:00,42.06499999999999
2011-06-27 11:00:00,47.584
2011-06-27 12:00:00,45.98399999999999
2011-06-27 13:00:00,37.471
2011-06-27 14:00:00,22.91299999999999
2011-06-27 15:00:00,14.545
2011-06-27 16:00:00,2.281
2011-06-27 17:00:00,0.0
2011-06-27 18:00:00,0.0
2011-06-27 19:00:00,0.0
2011-06-27 20:00:00,0.0
2011-06-27 21:00:00,0.0
2011-06-27 22:00:00,0.0
2011-06-27 23:00:00,0.0
2011-06-28 00:00:00,0.0
2011-06-28 01:00:00,0.0
2011-06-28 02:00:00,0.0
2011-06-28 03:00:00,0.0
2011-06-28 04:00:00,0.0
2011-06-28 05:00:00,0.0
2011-06-28 06:00:00,0.0
2011-06-28 07:00:00,1.232
2011-06-28 08:00:00,8.264000000000001
2011-06-28 09:00:00,9.718
2011-06-28 10:00:00,23.13
2011-06-28 11:00:00,16.271
2011-06-28 12:00:00,12.681
2011-06-28 13:00:00,14.907
2011-06-28 14:00:00,8.226000000000003
2011-06-28 15:00:00,2.294
2011-06-28 16:00:00,0.051
2011-06-28 17:00:00,0.0
2011-06-28 18:00:00,0.0
2011-06-28 19:00:00,0.0
2011-06-28 20:00:00,0.0
2011-06-28 21:00:00,0.0
2011-06-28 22:00:00,0.0
2011-06-28 23:00:00,0.0
2011-06-29 00:00:00,0.0
2011-06-29 01:00:00,0.0
2011-06-29 02:00:00,0.0
2011-06-29 03:00:00,0.0
2011-06-29 04:00:00,0.0
2011-06-29 05:00:00,0.0
2011-06-29 06:00:00,0.0
2011-06-29 07:00:00,0.8340000000000004
2011-06-29 08:00:00,5.815000000000001
2011-06-29 09:00:00,18.935
2011-06-29 10:00:00,13.016
2011-06-29 11:00:00,31.642
2011-06-29 12:00:00,34.28999999999999
2011-06-29 13:00:00,32.51500000000001
2011-06-29 14:00:00,13.621
2011-06-29 15:00:00,5.495
2011-06-29 16:00:00,0.9560000000000004
2011-06-29 17:00:00,0.0
2011-06-29 18:00:00,0.0
2011-06-29 19:00:00,0.0
2011-06-29 20:00:00,0.0
2011-06-29 21:00:00,0.0
2011-06-29 22:00:00,0.0
2011-06-29 23:00:00,0.0
2011-06-30 00:00:00,0.0
2011-06-30 01:00:00,0.0
2011-06-30 02:00:00,0.0
2011-06-30 03:00:00,0.0
2011-06-30 04:00:00,0.0
2011-06-30 05:00:00,0.0
2011-06-30 06:00:00,0.0
2011-06-30 07:00:00,0.5040000000000001
2011-06-30 08:00:00,4.578999999999999
2011-06-30 09:00:00,11.329
2011-06-30 10:00:00,15.169
2011-06-30 11:00:00,13.931
2011-06-30 12:00:00,13.783
2011-06-30 13:00:00,27.445
2011-06-30 14:00:00,21.56099999999999
2011-06-30 15:00:00,8.621
2011-06-30 16:00:00,0.196
2011-06-30 17:00:00,0.0
2011-06-30 18:00:00,0.0
2011-06-30 19:00:00,0.0
2011-06-30 20:00:00,0.0
2011-06-30 21:00:00,0.0
2011-06-30 22:00:00,0.0
2011-06-30 23:00:00,0.0
2011-07-01 00:00:00,0.0
2011-07-01 01:00:00,0.0
2011-07-01 02:00:00,0.0
2011-07-01 03:00:00,0.0
2011-07-01 04:00:00,0.0
2011-07-01 05:00:00,0.0
2011-07-01 06:00:00,0.0
2011-07-01 07:00:00,1.144
2011-07-01 08:00:00,9.139999999999999
2011-07-01 09:00:00,9.793000000000001
2011-07-01 10:00:00,21.802
2011-07-01 11:00:00,41.41
2011-07-01 12:00:00,20.807
2011-07-01 13:00:00,31.95700000000001
2011-07-01 14:00:00,22.264
2011-07-01 15:00:00,7.153
2011-07-01 16:00:00,0.4280000000000002
2011-07-01 17:00:00,0.0
2011-07-01 18:00:00,0.0
2011-07-01 19:00:00,0.0
2011-07-01 20:00:00,0.0
2011-07-01 21:00:00,0.0
2011-07-01 22:00:00,0.0
2011-07-01 23:00:00,0.0
2011-07-02 00:00:00,0.0
2011-07-02 01:00:00,0.0
2011-07-02 02:00:00,0.0
2011-07-02 03:00:00,0.0
2011-07-02 04:00:00,0.0
2011-07-02 05:00:00,0.0
2011-07-02 06:00:00,0.0
2011-07-02 07:00:00,1.293
2011-07-02 08:00:00,12.204
2011-07-02 09:00:00,19.586
2011-07-02 10:00:00,32.419
2011-07-02 11:00:00,35.936
2011-07-02 12:00:00,39.96399999999999
2011-07-02 13:00:00,35.292
2011-07-02 14:00:00,20.145
2011-07-02 15:00:00,13.178
2011-07-02 16:00:00,1.734999999999999
2011-07-02 17:00:00,0.0
2011-07-02 18:00:00,0.0
2011-07-02 19:00:00,0.0
2011-07-02 20:00:00,0.0
2011-07-02 21:00:00,0.0
2011-07-02 22:00:00,0.0
2011-07-02 23:00:00,0.0
2011-07-03 00:00:00,0.0
2011-07-03 01:00:00,0.0
2011-07-03 02:00:00,0.0
2011-07-03 03:00:00,0.0
2011-07-03 04:00:00,0.0
2011-07-03 05:00:00,0.0
2011-07-03 06:00:00,0.0
2011-07-03 07:00:00,1.655999999999999
2011-07-03 08:00:00,10.845
2011-07-03 09:00:00,20.888
2011-07-03 10:00:00,25.476
2011-07-03 11:00:00,32.90899999999999
2011-07-03 12:00:00,44.19699999999998
2011-07-03 13:00:00,38.983
2011-07-03 14:00:00,29.64500000000001
2011-07-03 15:00:00,11.413
2011-07-03 16:00:00,0.5850000000000002
2011-07-03 17:00:00,0.0
2011-07-03 18:00:00,0.0
2011-07-03 19:00:00,0.0
2011-07-03 20:00:00,0.0
2011-07-03 21:00:00,0.0
2011-07-03 22:00:00,0.0
2011-07-03 23:00:00,0.0
2011-07-04 00:00:00,0.0
2011-07-04 01:00:00,0.0
2011-07-04 02:00:00,0.0
2011-07-04 03:00:00,0.0
2011-07-04 04:00:00,0.0
2011-07-04 05:00:00,0.0
2011-07-04 06:00:00,0.0
2011-07-04 07:00:00,3.565999999999999
2011-07-04 08:00:00,18.388
2011-07-04 09:00:00,32.10699999999999
2011-07-04 10:00:00,41.38600000000001
2011-07-04 11:00:00,45.97000000000001
2011-07-04 12:00:00,46.379
2011-07-04 13:00:00,40.44999999999999
2011-07-04 14:00:00,22.665
2011-07-04 15:00:00,15.434
2011-07-04 16:00:00,2.23
2011-07-04 17:00:00,0.0
2011-07-04 18:00:00,0.0
2011-07-04 19:00:00,0.0
2011-07-04 20:00:00,0.0
2011-07-04 21:00:00,0.0
2011-07-04 22:00:00,0.0
2011-07-04 23:00:00,0.0
2011-07-05 00:00:00,0.0
2011-07-05 01:00:00,0.0
2011-07-05 02:00:00,0.0
2011-07-05 03:00:00,0.0
2011-07-05 04:00:00,0.0
2011-07-05 05:00:00,0.0
2011-07-05 06:00:00,0.0
2011-07-05 07:00:00,4.332999999999999
2011-07-05 08:00:00,18.152
2011-07-05 09:00:00,32.722
2011-07-05 10:00:00,43.62599999999998
2011-07-05 11:00:00,50.24699999999999
2011-07-05 12:00:00,49.52700000000001
2011-07-05 13:00:00,43.06999999999999
2011-07-05 14:00:00,32.064
2011-07-05 15:00:00,17.453
2011-07-05 16:00:00,2.79
2011-07-05 17:00:00,0.0
2011-07-05 18:00:00,0.0
2011-07-05 19:00:00,0.0
2011-07-05 20:00:00,0.0
2011-07-05 21:00:00,0.0
2011-07-05 22:00:00,0.0
2011-07-05 23:00:00,0.0
2011-07-06 00:00:00,0.0
2011-07-06 01:00:00,0.0
2011-07-06 02:00:00,0.0
2011-07-06 03:00:00,0.0
2011-07-06 04:00:00,0.0
2011-07-06 05:00:00,0.0
2011-07-06 06:00:00,0.0
2011-07-06 07:00:00,2.783
2011-07-06 08:00:00,15.309
2011-07-06 09:00:00,30.415
2011-07-06 10:00:00,42.884
2011-07-06 11:00:00,45.456
2011-07-06 12:00:00,43.622
2011-07-06 13:00:00,41.69800000000001
2011-07-06 14:00:00,32.624
2011-07-06 15:00:00,16.434
2011-07-06 16:00:00,1.891
2011-07-06 17:00:00,0.0
2011-07-06 18:00:00,0.0
2011-07-06 19:00:00,0.0
2011-07-06 20:00:00,0.0
2011-07-06 21:00:00,0.0
2011-07-06 22:00:00,0.0
2011-07-06 23:00:00,0.0
2011-07-07 00:00:00,0.0
2011-07-07 01:00:00,0.0
2011-07-07 02:00:00,0.0
2011-07-07 03:00:00,0.0
2011-07-07 04:00:00,0.0
2011-07-07 05:00:00,0.0
2011-07-07 06:00:00,0.0
2011-07-07 07:00:00,4.334999999999999
2011-07-07 08:00:00,18.55
2011-07-07 09:00:00,33.16
2011-07-07 10:00:00,43.49999999999999
2011-07-07 11:00:00,48.89999999999998
2011-07-07 12:00:00,41.71000000000001
2011-07-07 13:00:00,37.77300000000001
2011-07-07 14:00:00,31.74099999999999
2011-07-07 15:00:00,17.317
2011-07-07 16:00:00,3.111999999999999
2011-07-07 17:00:00,0.0
2011-07-07 18:00:00,0.0
2011-07-07 19:00:00,0.0
2011-07-07 20:00:00,0.0
2011-07-07 21:00:00,0.0
2011-07-07 22:00:00,0.0
2011-07-07 23:00:00,0.0
2011-07-08 00:00:00,0.0
2011-07-08 01:00:00,0.0
2011-07-08 02:00:00,0.0
2011-07-08 03:00:00,0.0
2011-07-08 04:00:00,0.0
2011-07-08 05:00:00,0.0
2011-07-08 06:00:00,0.0
2011-07-08 07:00:00,4.428
2011-07-08 08:00:00,18.753
2011-07-08 09:00:00,33.816
2011-07-08 10:00:00,45.02
2011-07-08 11:00:00,51.00399999999998
2011-07-08 12:00:00,50.67699999999998
2011-07-08 13:00:00,43.851
2011-07-08 14:00:00,33.317
2011-07-08 15:00:00,17.956
2011-07-08 16:00:00,3.097
2011-07-08 17:00:00,0.0
2011-07-08 18:00:00,0.0
2011-07-08 19:00:00,0.0
2011-07-08 20:00:00,0.0
2011-07-08 21:00:00,0.0
2011-07-08 22:00:00,0.0
2011-07-08 23:00:00,0.0
2011-07-09 00:00:00,0.0
2011-07-09 01:00:00,0.0
2011-07-09 02:00:00,0.0
2011-07-09 03:00:00,0.0
2011-07-09 04:00:00,0.0
2011-07-09 05:00:00,0.0
2011-07-09 06:00:00,0.0
2011-07-09 07:00:00,4.662999999999998
2011-07-09 08:00:00,19.353
2011-07-09 09:00:00,34.318
2011-07-09 10:00:00,45.139
2011-07-09 11:00:00,50.953
2011-07-09 12:00:00,50.48299999999999
2011-07-09 13:00:00,43.998
2011-07-09 14:00:00,33.45399999999999
2011-07-09 15:00:00,17.993
2011-07-09 16:00:00,3.131
2011-07-09 17:00:00,0.0
2011-07-09 18:00:00,0.0
2011-07-09 19:00:00,0.0
2011-07-09 20:00:00,0.0
2011-07-09 21:00:00,0.0
2011-07-09 22:00:00,0.0
2011-07-09 23:00:00,0.0
2011-07-10 00:00:00,0.0
2011-07-10 01:00:00,0.0
2011-07-10 02:00:00,0.0
2011-07-10 03:00:00,0.0
2011-07-10 04:00:00,0.0
2011-07-10 05:00:00,0.0
2011-07-10 06:00:00,0.0
2011-07-10 07:00:00,4.742999999999999
2011-07-10 08:00:00,19.27300000000001
2011-07-10 09:00:00,34.56
2011-07-10 10:00:00,45.61199999999999
2011-07-10 11:00:00,51.552
2011-07-10 12:00:00,50.88399999999999
2011-07-10 13:00:00,44.67299999999999
2011-07-10 14:00:00,33.905
2011-07-10 15:00:00,18.249
2011-07-10 16:00:00,3.188
2011-07-10 17:00:00,0.0
2011-07-10 18:00:00,0.0
2011-07-10 19:00:00,0.0
2011-07-10 20:00:00,0.0
2011-07-10 21:00:00,0.0
2011-07-10 22:00:00,0.0
2011-07-10 23:00:00,0.0
2011-07-11 00:00:00,0.0
2011-07-11 01:00:00,0.0
2011-07-11 02:00:00,0.0
2011-07-11 03:00:00,0.0
2011-07-11 04:00:00,0.0
2011-07-11 05:00:00,0.0
2011-07-11 06:00:00,0.0
2011-07-11 07:00:00,4.560999999999998
2011-07-11 08:00:00,18.924
2011-07-11 09:00:00,33.666
2011-07-11 10:00:00,44.42299999999999
2011-07-11 11:00:00,50.281
2011-07-11 12:00:00,49.82600000000001
2011-07-11 13:00:00,43.17
2011-07-11 14:00:00,32.584
2011-07-11 15:00:00,17.608
2011-07-11 16:00:00,3.153999999999999
2011-07-11 17:00:00,0.0
2011-07-11 18:00:00,0.0
2011-07-11 19:00:00,0.0
2011-07-11 20:00:00,0.0
2011-07-11 21:00:00,0.0
2011-07-11 22:00:00,0.0
2011-07-11 23:00:00,0.0
2011-07-12 00:00:00,0.0
2011-07-12 01:00:00,0.0
2011-07-12 02:00:00,0.0
2011-07-12 03:00:00,0.0
2011-07-12 04:00:00,0.0
2011-07-12 05:00:00,0.0
2011-07-12 06:00:00,0.0
2011-07-12 07:00:00,4.625999999999999
2011-07-12 08:00:00,19.118
2011-07-12 09:00:00,34.202
2011-07-12 10:00:00,45.13999999999999
2011-07-12 11:00:00,50.802
2011-07-12 12:00:00,50.60199999999999
2011-07-12 13:00:00,44.04099999999999
2011-07-12 14:00:00,33.442
2011-07-12 15:00:00,17.594
2011-07-12 16:00:00,3.319
2011-07-12 17:00:00,0.0
2011-07-12 18:00:00,0.0
2011-07-12 19:00:00,0.0
2011-07-12 20:00:00,0.0
2011-07-12 21:00:00,0.0
2011-07-12 22:00:00,0.0
2011-07-12 23:00:00,0.0
2011-07-13 00:00:00,0.0
2011-07-13 01:00:00,0.0
2011-07-13 02:00:00,0.0
2011-07-13 03:00:00,0.0
2011-07-13 04:00:00,0.0
2011-07-13 05:00:00,0.0
2011-07-13 06:00:00,0.0
2011-07-13 07:00:00,0.6530000000000004
2011-07-13 08:00:00,5.542000000000001
2011-07-13 09:00:00,14.112
2011-07-13 10:00:00,26.359
2011-07-13 11:00:00,19.65399999999999
2011-07-13 12:00:00,14.747
2011-07-13 13:00:00,13.03
2011-07-13 14:00:00,6.96
2011-07-13 15:00:00,3.509000000000001
2011-07-13 16:00:00,0.353
2011-07-13 17:00:00,0.0
2011-07-13 18:00:00,0.0
2011-07-13 19:00:00,0.0
2011-07-13 20:00:00,0.0
2011-07-13 21:00:00,0.0
2011-07-13 22:00:00,0.0
2011-07-13 23:00:00,0.0
2011-07-14 00:00:00,0.0
2011-07-14 01:00:00,0.0
2011-07-14 02:00:00,0.0
2011-07-14 03:00:00,0.0
2011-07-14 04:00:00,0.0
2011-07-14 05:00:00,0.0
2011-07-14 06:00:00,0.0
2011-07-14 07:00:00,1.879
2011-07-14 08:00:00,18.18900000000001
2011-07-14 09:00:00,33.405
2011-07-14 10:00:00,42.911
2011-07-14 11:00:00,48.619
2011-07-14 12:00:00,47.131
2011-07-14 13:00:00,39.083
2011-07-14 14:00:00,31.89
2011-07-14 15:00:00,18.661
2011-07-14 16:00:00,3.467999999999999
2011-07-14 17:00:00,0.0
2011-07-14 18:00:00,0.0
2011-07-14 19:00:00,0.0
2011-07-14 20:00:00,0.0
2011-07-14 21:00:00,0.0
2011-07-14 22:00:00,0.0
2011-07-14 23:00:00,0.0
2011-07-15 00:00:00,0.0
2011-07-15 01:00:00,0.0
2011-07-15 02:00:00,0.0
2011-07-15 03:00:00,0.0
2011-07-15 04:00:00,0.0
2011-07-15 05:00:00,0.0
2011-07-15 06:00:00,0.0
2011-07-15 07:00:00,1.478
2011-07-15 08:00:00,7.319000000000001
2011-07-15 09:00:00,13.941
2011-07-15 10:00:00,23.492
2011-07-15 11:00:00,23.966
2011-07-15 12:00:00,24.80299999999999
2011-07-15 13:00:00,20.66
2011-07-15 14:00:00,14.862
2011-07-15 15:00:00,7.308
2011-07-15 16:00:00,0.08399999999999999
2011-07-15 17:00:00,0.0
2011-07-15 18:00:00,0.0
2011-07-15 19:00:00,0.0
2011-07-15 20:00:00,0.0
2011-07-15 21:00:00,0.0
2011-07-15 22:00:00,0.0
2011-07-15 23:00:00,0.0
2011-07-16 00:00:00,0.0
2011-07-16 01:00:00,0.0
2011-07-16 02:00:00,0.0
2011-07-16 03:00:00,0.0
2011-07-16 04:00:00,0.0
2011-07-16 05:00:00,0.0
2011-07-16 06:00:00,0.0
2011-07-16 07:00:00,1.379999999999999
2011-07-16 08:00:00,9.132999999999997
2011-07-16 09:00:00,9.451
2011-07-16 10:00:00,30.07700000000001
2011-07-16 11:00:00,28.73399999999999
2011-07-16 12:00:00,40.986
2011-07-16 13:00:00,27.956
2011-07-16 14:00:00,13.284
2011-07-16 15:00:00,8.426000000000002
2011-07-16 16:00:00,0.9900000000000004
2011-07-16 17:00:00,0.0
2011-07-16 18:00:00,0.0
2011-07-16 19:00:00,0.0
2011-07-16 20:00:00,0.0
2011-07-16 21:00:00,0.0
2011-07-16 22:00:00,0.0
2011-07-16 23:00:00,0.0
2011-07-17 00:00:00,0.0
2011-07-17 01:00:00,0.0
2011-07-17 02:00:00,0.0
2011-07-17 03:00:00,0.0
2011-07-17 04:00:00,0.0
2011-07-17 05:00:00,0.0
2011-07-17 06:00:00,0.0
2011-07-17 07:00:00,0.8530000000000003
2011-07-17 08:00:00,8.731000000000002
2011-07-17 09:00:00,17.703
2011-07-17 10:00:00,27.121
2011-07-17 11:00:00,25.26599999999999
2011-07-17 12:00:00,28.812
2011-07-17 13:00:00,29.19
2011-07-17 14:00:00,12.501
2011-07-17 15:00:00,8.886
2011-07-17 16:00:00,2.513999999999999
2011-07-17 17:00:00,0.0
2011-07-17 18:00:00,0.0
2011-07-17 19:00:00,0.0
2011-07-17 20:00:00,0.0
2011-07-17 21:00:00,0.0
2011-07-17 22:00:00,0.0
2011-07-17 23:00:00,0.0
2011-07-18 00:00:00,0.0
2011-07-18 01:00:00,0.0
2011-07-18 02:00:00,0.0
2011-07-18 03:00:00,0.0
2011-07-18 04:00:00,0.0
2011-07-18 05:00:00,0.0
2011-07-18 06:00:00,0.0
2011-07-18 07:00:00,4.637
2011-07-18 08:00:00,18.78599999999999
2011-07-18 09:00:00,33.149
2011-07-18 10:00:00,43.75999999999999
2011-07-18 11:00:00,49.415
2011-07-18 12:00:00,48.93100000000002
2011-07-18 13:00:00,39.58199999999999
2011-07-18 14:00:00,17.73800000000001
2011-07-18 15:00:00,3.89
2011-07-18 16:00:00,1.05
2011-07-18 17:00:00,0.0
2011-07-18 18:00:00,0.0
2011-07-18 19:00:00,0.0
2011-07-18 20:00:00,0.0
2011-07-18 21:00:00,0.0
2011-07-18 22:00:00,0.0
2011-07-18 23:00:00,0.0
2011-07-19 00:00:00,0.0
2011-07-19 01:00:00,0.0
2011-07-19 02:00:00,0.0
2011-07-19 03:00:00,0.0
2011-07-19 04:00:00,0.0
2011-07-19 05:00:00,0.0
2011-07-19 06:00:00,0.0
2011-07-19 07:00:00,5.022999999999999
2011-07-19 08:00:00,19.297
2011-07-19 09:00:00,34.538
2011-07-19 10:00:00,45.12199999999998
2011-07-19 11:00:00,51.38399999999999
2011-07-19 12:00:00,44.70899999999999
2011-07-19 13:00:00,37.014
2011-07-19 14:00:00,27.182
2011-07-19 15:00:00,17.377
2011-07-19 16:00:00,1.492999999999999
2011-07-19 17:00:00,0.0
2011-07-19 18:00:00,0.0
2011-07-19 19:00:00,0.0
2011-07-19 20:00:00,0.0
2011-07-19 21:00:00,0.0
2011-07-19 22:00:00,0.0
2011-07-19 23:00:00,0.0
2011-07-20 00:00:00,0.0
2011-07-20 01:00:00,0.0
2011-07-20 02:00:00,0.0
2011-07-20 03:00:00,0.0
2011-07-20 04:00:00,0.0
2011-07-20 05:00:00,0.0
2011-07-20 06:00:00,0.0
2011-07-20 07:00:00,0.8800000000000004
2011-07-20 08:00:00,2.847
2011-07-20 09:00:00,9.985000000000001
2011-07-20 10:00:00,1.296
2011-07-20 11:00:00,5.472
2011-07-20 12:00:00,16.905
2011-07-20 13:00:00,15.73
2011-07-20 14:00:00,9.902000000000006
2011-07-20 15:00:00,5.757000000000001
2011-07-20 16:00:00,0.4050000000000001
2011-07-20 17:00:00,0.0
2011-07-20 18:00:00,0.0
2011-07-20 19:00:00,0.0
2011-07-20 20:00:00,0.0
2011-07-20 21:00:00,0.0
2011-07-20 22:00:00,0.0
2011-07-20 23:00:00,0.0
2011-07-21 00:00:00,0.0
2011-07-21 01:00:00,0.0
2011-07-21 02:00:00,0.0
2011-07-21 03:00:00,0.0
2011-07-21 04:00:00,0.0
2011-07-21 05:00:00,0.0
2011-07-21 06:00:00,0.0
2011-07-21 07:00:00,0.7620000000000003
2011-07-21 08:00:00,3.524
2011-07-21 09:00:00,5.277000000000001
2011-07-21 10:00:00,6.287999999999999
2011-07-21 11:00:00,1.868
2011-07-21 12:00:00,8.069999999999999
2011-07-21 13:00:00,0.8440000000000003
2011-07-21 14:00:00,1.008
2011-07-21 15:00:00,0.4920000000000002
2011-07-21 16:00:00,0.013
2011-07-21 17:00:00,0.0
2011-07-21 18:00:00,0.0
2011-07-21 19:00:00,0.0
2011-07-21 20:00:00,0.0
2011-07-21 21:00:00,0.0
2011-07-21 22:00:00,0.0
2011-07-21 23:00:00,0.0
2011-07-22 00:00:00,0.0
2011-07-22 01:00:00,0.0
2011-07-22 02:00:00,0.0
2011-07-22 03:00:00,0.0
2011-07-22 04:00:00,0.0
2011-07-22 05:00:00,0.0
2011-07-22 06:00:00,0.0
2011-07-22 07:00:00,1.319
2011-07-22 08:00:00,7.457999999999999
2011-07-22 09:00:00,8.409
2011-07-22 10:00:00,17.39699999999999
2011-07-22 11:00:00,27.18399999999999
2011-07-22 12:00:00,10.044
2011-07-22 13:00:00,4.130000000000001
2011-07-22 14:00:00,3.708
2011-07-22 15:00:00,0.5450000000000002
2011-07-22 16:00:00,0.026
2011-07-22 17:00:00,0.0
2011-07-22 18:00:00,0.0
2011-07-22 19:00:00,0.0
2011-07-22 20:00:00,0.0
2011-07-22 21:00:00,0.0
2011-07-22 22:00:00,0.0
2011-07-22 23:00:00,0.0
2011-07-23 00:00:00,0.0
2011-07-23 01:00:00,0.0
2011-07-23 02:00:00,0.0
2011-07-23 03:00:00,0.0
2011-07-23 04:00:00,0.0
2011-07-23 05:00:00,0.0
2011-07-23 06:00:00,0.0
2011-07-23 07:00:00,0.107
2011-07-23 08:00:00,5.787000000000001
2011-07-23 09:00:00,7.660000000000002
2011-07-23 10:00:00,10.577
2011-07-23 11:00:00,25.31899999999999
2011-07-23 12:00:00,28.4
2011-07-23 13:00:00,18.482
2011-07-23 14:00:00,14.851
2011-07-23 15:00:00,3.977000000000001
2011-07-23 16:00:00,1.31
2011-07-23 17:00:00,0.0
2011-07-23 18:00:00,0.0
2011-07-23 19:00:00,0.0
2011-07-23 20:00:00,0.0
2011-07-23 21:00:00,0.0
2011-07-23 22:00:00,0.0
2011-07-23 23:00:00,0.0
2011-07-24 00:00:00,0.0
2011-07-24 01:00:00,0.0
2011-07-24 02:00:00,0.0
2011-07-24 03:00:00,0.0
2011-07-24 04:00:00,0.0
2011-07-24 05:00:00,0.0
2011-07-24 06:00:00,0.0
2011-07-24 07:00:00,3.936999999999999
2011-07-24 08:00:00,12.823
2011-07-24 09:00:00,34.009
2011-07-24 10:00:00,43.53699999999999
2011-07-24 11:00:00,48.423
2011-07-24 12:00:00,44.724
2011-07-24 13:00:00,34.15299999999999
2011-07-24 14:00:00,24.65600000000001
2011-07-24 15:00:00,8.335000000000003
2011-07-24 16:00:00,0.8090000000000004
2011-07-24 17:00:00,0.0
2011-07-24 18:00:00,0.0
2011-07-24 19:00:00,0.0
2011-07-24 20:00:00,0.0
2011-07-24 21:00:00,0.0
2011-07-24 22:00:00,0.0
2011-07-24 23:00:00,0.0
2011-07-25 00:00:00,0.0
2011-07-25 01:00:00,0.0
2011-07-25 02:00:00,0.0
2011-07-25 03:00:00,0.0
2011-07-25 04:00:00,0.0
2011-07-25 05:00:00,0.0
2011-07-25 06:00:00,0.0
2011-07-25 07:00:00,4.169
2011-07-25 08:00:00,10.47
2011-07-25 09:00:00,21.062
2011-07-25 10:00:00,34.205
2011-07-25 11:00:00,32.11499999999999
2011-07-25 12:00:00,38.75199999999999
2011-07-25 13:00:00,43.784
2011-07-25 14:00:00,34.73700000000001
2011-07-25 15:00:00,18.776
2011-07-25 16:00:00,3.696999999999999
2011-07-25 17:00:00,0.0
2011-07-25 18:00:00,0.0
2011-07-25 19:00:00,0.0
2011-07-25 20:00:00,0.0
2011-07-25 21:00:00,0.0
2011-07-25 22:00:00,0.0
2011-07-25 23:00:00,0.0
2011-07-26 00:00:00,0.0
2011-07-26 01:00:00,0.0
2011-07-26 02:00:00,0.0
2011-07-26 03:00:00,0.0
2011-07-26 04:00:00,0.0
2011-07-26 05:00:00,0.0
2011-07-26 06:00:00,0.0
2011-07-26 07:00:00,5.927999999999999
2011-07-26 08:00:00,20.573
2011-07-26 09:00:00,35.61499999999999
2011-07-26 10:00:00,46.57700000000001
2011-07-26 11:00:00,52.12499999999998
2011-07-26 12:00:00,51.529
2011-07-26 13:00:00,45.254
2011-07-26 14:00:00,26.04
2011-07-26 15:00:00,3.653
2011-07-26 16:00:00,0.9130000000000004
2011-07-26 17:00:00,0.0
2011-07-26 18:00:00,0.0
2011-07-26 19:00:00,0.0
2011-07-26 20:00:00,0.0
2011-07-26 21:00:00,0.0
2011-07-26 22:00:00,0.0
2011-07-26 23:00:00,0.0
2011-07-27 00:00:00,0.0
2011-07-27 01:00:00,0.0
2011-07-27 02:00:00,0.0
2011-07-27 03:00:00,0.0
2011-07-27 04:00:00,0.0
2011-07-27 05:00:00,0.0
2011-07-27 06:00:00,0.0
2011-07-27 07:00:00,5.89
2011-07-27 08:00:00,10.397
2011-07-27 09:00:00,26.425
2011-07-27 10:00:00,43.30400000000001
2011-07-27 11:00:00,51.26499999999999
2011-07-27 12:00:00,50.93199999999999
2011-07-27 13:00:00,42.188
2011-07-27 14:00:00,29.449
2011-07-27 15:00:00,20.681
2011-07-27 16:00:00,5.315
2011-07-27 17:00:00,0.0
2011-07-27 18:00:00,0.0
2011-07-27 19:00:00,0.0
2011-07-27 20:00:00,0.0
2011-07-27 21:00:00,0.0
2011-07-27 22:00:00,0.0
2011-07-27 23:00:00,0.0
2011-07-28 00:00:00,0.0
2011-07-28 01:00:00,0.0
2011-07-28 02:00:00,0.0
2011-07-28 03:00:00,0.0
2011-07-28 04:00:00,0.0
2011-07-28 05:00:00,0.0
2011-07-28 06:00:00,0.013
2011-07-28 07:00:00,6.356999999999998
2011-07-28 08:00:00,21.245
2011-07-28 09:00:00,35.828
2011-07-28 10:00:00,46.33899999999998
2011-07-28 11:00:00,51.53599999999999
2011-07-28 12:00:00,50.99799999999999
2011-07-28 13:00:00,45.953
2011-07-28 14:00:00,35.35400000000001
2011-07-28 15:00:00,20.643
2011-07-28 16:00:00,5.039000000000001
2011-07-28 17:00:00,0.0
2011-07-28 18:00:00,0.0
2011-07-28 19:00:00,0.0
2011-07-28 20:00:00,0.0
2011-07-28 21:00:00,0.0
2011-07-28 22:00:00,0.0
2011-07-28 23:00:00,0.0
2011-07-29 00:00:00,0.0
2011-07-29 01:00:00,0.0
2011-07-29 02:00:00,0.0
2011-07-29 03:00:00,0.0
2011-07-29 04:00:00,0.0
2011-07-29 05:00:00,0.0
2011-07-29 06:00:00,0.025
2011-07-29 07:00:00,6.640999999999997
2011-07-29 08:00:00,21.683
2011-07-29 09:00:00,36.761
2011-07-29 10:00:00,47.49700000000001
2011-07-29 11:00:00,52.82299999999998
2011-07-29 12:00:00,51.966
2011-07-29 13:00:00,46.60800000000001
2011-07-29 14:00:00,35.97700000000001
2011-07-29 15:00:00,20.876
2011-07-29 16:00:00,5.154000000000001
2011-07-29 17:00:00,0.0
2011-07-29 18:00:00,0.0
2011-07-29 19:00:00,0.0
2011-07-29 20:00:00,0.0
2011-07-29 21:00:00,0.0
2011-07-29 22:00:00,0.0
2011-07-29 23:00:00,0.0
2011-07-30 00:00:00,0.0
2011-07-30 01:00:00,0.0
2011-07-30 02:00:00,0.0
2011-07-30 03:00:00,0.0
2011-07-30 04:00:00,0.0
2011-07-30 05:00:00,0.0
2011-07-30 06:00:00,0.044
2011-07-30 07:00:00,7.039
2011-07-30 08:00:00,21.782
2011-07-30 09:00:00,36.75199999999999
2011-07-30 10:00:00,47.49700000000001
2011-07-30 11:00:00,52.504
2011-07-30 12:00:00,51.723
2011-07-30 13:00:00,46.697
2011-07-30 14:00:00,35.927
2011-07-30 15:00:00,19.773
2011-07-30 16:00:00,3.746999999999999
2011-07-30 17:00:00,0.0
2011-07-30 18:00:00,0.0
2011-07-30 19:00:00,0.0
2011-07-30 20:00:00,0.0
2011-07-30 21:00:00,0.0
2011-07-30 22:00:00,0.0
2011-07-30 23:00:00,0.0
2011-07-31 00:00:00,0.0
2011-07-31 01:00:00,0.0
2011-07-31 02:00:00,0.0
2011-07-31 03:00:00,0.0
2011-07-31 04:00:00,0.0
2011-07-31 05:00:00,0.0
2011-07-31 06:00:00,0.0
2011-07-31 07:00:00,4.909999999999998
2011-07-31 08:00:00,21.093
2011-07-31 09:00:00,36.095
2011-07-31 10:00:00,46.79900000000001
2011-07-31 11:00:00,52.065
2011-07-31 12:00:00,51.17899999999999
2011-07-31 13:00:00,45.99799999999999
2011-07-31 14:00:00,35.07399999999999
2011-07-31 15:00:00,20.651
2011-07-31 16:00:00,5.113
2011-07-31 17:00:00,0.0
2011-07-31 18:00:00,0.0
2011-07-31 19:00:00,0.0
2011-07-31 20:00:00,0.0
2011-07-31 21:00:00,0.0
2011-07-31 22:00:00,0.0
2011-07-31 23:00:00,0.0
2011-08-01 00:00:00,0.0
2011-08-01 01:00:00,0.0
2011-08-01 02:00:00,0.0
2011-08-01 03:00:00,0.0
2011-08-01 04:00:00,0.0
2011-08-01 05:00:00,0.0
2011-08-01 06:00:00,0.019
2011-08-01 07:00:00,6.639000000000002
2011-08-01 08:00:00,20.764
2011-08-01 09:00:00,34.98299999999999
2011-08-01 10:00:00,40.20000000000001
2011-08-01 11:00:00,49.436
2011-08-01 12:00:00,49.836
2011-08-01 13:00:00,44.81700000000001
2011-08-01 14:00:00,32.706
2011-08-01 15:00:00,15.877
2011-08-01 16:00:00,3.318999999999999
2011-08-01 17:00:00,0.0
2011-08-01 18:00:00,0.0
2011-08-01 19:00:00,0.0
2011-08-01 20:00:00,0.0
2011-08-01 21:00:00,0.0
2011-08-01 22:00:00,0.0
2011-08-01 23:00:00,0.0
2011-08-02 00:00:00,0.0
2011-08-02 01:00:00,0.0
2011-08-02 02:00:00,0.0
2011-08-02 03:00:00,0.0
2011-08-02 04:00:00,0.0
2011-08-02 05:00:00,0.0
2011-08-02 06:00:00,0.019
2011-08-02 07:00:00,6.587999999999999
2011-08-02 08:00:00,21.476
2011-08-02 09:00:00,36.411
2011-08-02 10:00:00,47.214
2011-08-02 11:00:00,52.082
2011-08-02 12:00:00,51.15399999999999
2011-08-02 13:00:00,46.08799999999999
2011-08-02 14:00:00,35.184
2011-08-02 15:00:00,20.559
2011-08-02 16:00:00,5.317999999999998
2011-08-02 17:00:00,0.0
2011-08-02 18:00:00,0.0
2011-08-02 19:00:00,0.0
2011-08-02 20:00:00,0.0
2011-08-02 21:00:00,0.0
2011-08-02 22:00:00,0.0
2011-08-02 23:00:00,0.0
2011-08-03 00:00:00,0.0
2011-08-03 01:00:00,0.0
2011-08-03 02:00:00,0.0
2011-08-03 03:00:00,0.0
2011-08-03 04:00:00,0.0
2011-08-03 05:00:00,0.0
2011-08-03 06:00:00,0.0
2011-08-03 07:00:00,7.595
2011-08-03 08:00:00,5.288999999999999
2011-08-03 09:00:00,11.212
2011-08-03 10:00:00,15.656
2011-08-03 11:00:00,13.845
2011-08-03 12:00:00,21.669
2011-08-03 13:00:00,42.404
2011-08-03 14:00:00,34.694
2011-08-03 15:00:00,20.621
2011-08-03 16:00:00,5.424
2011-08-03 17:00:00,0.0
2011-08-03 18:00:00,0.0
2011-08-03 19:00:00,0.0
2011-08-03 20:00:00,0.0
2011-08-03 21:00:00,0.0
2011-08-03 22:00:00,0.0
2011-08-03 23:00:00,0.0
2011-08-04 00:00:00,0.0
2011-08-04 01:00:00,0.0
2011-08-04 02:00:00,0.0
2011-08-04 03:00:00,0.0
2011-08-04 04:00:00,0.0
2011-08-04 05:00:00,0.0
2011-08-04 06:00:00,0.057
2011-08-04 07:00:00,6.891000000000001
2011-08-04 08:00:00,21.37
2011-08-04 09:00:00,36.13
2011-08-04 10:00:00,47.11799999999999
2011-08-04 11:00:00,51.764
2011-08-04 12:00:00,50.879
2011-08-04 13:00:00,45.65200000000001
2011-08-04 14:00:00,35.441
2011-08-04 15:00:00,21.247
2011-08-04 16:00:00,5.765999999999998
2011-08-04 17:00:00,0.0
2011-08-04 18:00:00,0.0
2011-08-04 19:00:00,0.0
2011-08-04 20:00:00,0.0
2011-08-04 21:00:00,0.0
2011-08-04 22:00:00,0.0
2011-08-04 23:00:00,0.0
2011-08-05 00:00:00,0.0
2011-08-05 01:00:00,0.0
2011-08-05 02:00:00,0.0
2011-08-05 03:00:00,0.0
2011-08-05 04:00:00,0.0
2011-08-05 05:00:00,0.0
2011-08-05 06:00:00,0.051
2011-08-05 07:00:00,7.140999999999998
2011-08-05 08:00:00,21.624
2011-08-05 09:00:00,36.32600000000001
2011-08-05 10:00:00,47.57899999999999
2011-08-05 11:00:00,53.03200000000001
2011-08-05 12:00:00,52.113
2011-08-05 13:00:00,46.71599999999999
2011-08-05 14:00:00,35.762
2011-08-05 15:00:00,20.479
2011-08-05 16:00:00,5.452
2011-08-05 17:00:00,0.013
2011-08-05 18:00:00,0.0
2011-08-05 19:00:00,0.0
2011-08-05 20:00:00,0.0
2011-08-05 21:00:00,0.0
2011-08-05 22:00:00,0.0
2011-08-05 23:00:00,0.0
2011-08-06 00:00:00,0.0
2011-08-06 01:00:00,0.0
2011-08-06 02:00:00,0.0
2011-08-06 03:00:00,0.0
2011-08-06 04:00:00,0.0
2011-08-06 05:00:00,0.0
2011-08-06 06:00:00,0.095
2011-08-06 07:00:00,7.676000000000001
2011-08-06 08:00:00,22.02200000000001
2011-08-06 09:00:00,36.52699999999999
2011-08-06 10:00:00,47.26600000000001
2011-08-06 11:00:00,52.27199999999999
2011-08-06 12:00:00,49.96999999999998
2011-08-06 13:00:00,45.741
2011-08-06 14:00:00,36.32900000000001
2011-08-06 15:00:00,15.802
2011-08-06 16:00:00,2.922999999999999
2011-08-06 17:00:00,0.0
2011-08-06 18:00:00,0.0
2011-08-06 19:00:00,0.0
2011-08-06 20:00:00,0.0
2011-08-06 21:00:00,0.0
2011-08-06 22:00:00,0.0
2011-08-06 23:00:00,0.0
2011-08-07 00:00:00,0.0
2011-08-07 01:00:00,0.0
2011-08-07 02:00:00,0.0
2011-08-07 03:00:00,0.0
2011-08-07 04:00:00,0.0
2011-08-07 05:00:00,0.0
2011-08-07 06:00:00,0.0
2011-08-07 07:00:00,0.3950000000000001
2011-08-07 08:00:00,3.216
2011-08-07 09:00:00,2.18
2011-08-07 10:00:00,8.977999999999996
2011-08-07 11:00:00,9.298
2011-08-07 12:00:00,7.223
2011-08-07 13:00:00,20.667
2011-08-07 14:00:00,28.01599999999999
2011-08-07 15:00:00,5.076
2011-08-07 16:00:00,4.537999999999999
2011-08-07 17:00:00,0.039
2011-08-07 18:00:00,0.0
2011-08-07 19:00:00,0.0
2011-08-07 20:00:00,0.0
2011-08-07 21:00:00,0.0
2011-08-07 22:00:00,0.0
2011-08-07 23:00:00,0.0
2011-08-08 00:00:00,0.0
2011-08-08 01:00:00,0.0
2011-08-08 02:00:00,0.0
2011-08-08 03:00:00,0.0
2011-08-08 04:00:00,0.0
2011-08-08 05:00:00,0.0
2011-08-08 06:00:00,0.127
2011-08-08 07:00:00,8.169999999999998
2011-08-08 08:00:00,23.241
2011-08-08 09:00:00,38.37299999999999
2011-08-08 10:00:00,49.89899999999999
2011-08-08 11:00:00,53.072
2011-08-08 12:00:00,44.475
2011-08-08 13:00:00,17.67
2011-08-08 14:00:00,23.172
2011-08-08 15:00:00,25.162
2011-08-08 16:00:00,2.922
2011-08-08 17:00:00,0.0
2011-08-08 18:00:00,0.0
2011-08-08 19:00:00,0.0
2011-08-08 20:00:00,0.0
2011-08-08 21:00:00,0.0
2011-08-08 22:00:00,0.0
2011-08-08 23:00:00,0.0
2011-08-09 00:00:00,0.0
2011-08-09 01:00:00,0.0
2011-08-09 02:00:00,0.0
2011-08-09 03:00:00,0.0
2011-08-09 04:00:00,0.0
2011-08-09 05:00:00,0.0
2011-08-09 06:00:00,0.058
2011-08-09 07:00:00,3.265000000000001
2011-08-09 08:00:00,15.812
2011-08-09 09:00:00,37.39699999999999
2011-08-09 10:00:00,34.608
2011-08-09 11:00:00,29.41
2011-08-09 12:00:00,11.566
2011-08-09 13:00:00,35.96000000000001
2011-08-09 14:00:00,24.466
2011-08-09 15:00:00,10.196
2011-08-09 16:00:00,1.976
2011-08-09 17:00:00,0.0
2011-08-09 18:00:00,0.0
2011-08-09 19:00:00,0.0
2011-08-09 20:00:00,0.0
2011-08-09 21:00:00,0.0
2011-08-09 22:00:00,0.0
2011-08-09 23:00:00,0.0
2011-08-10 00:00:00,0.0
2011-08-10 01:00:00,0.0
2011-08-10 02:00:00,0.0
2011-08-10 03:00:00,0.0
2011-08-10 04:00:00,0.0
2011-08-10 05:00:00,0.0
2011-08-10 06:00:00,0.189
2011-08-10 07:00:00,8.645999999999999
2011-08-10 08:00:00,24.102
2011-08-10 09:00:00,39.697
2011-08-10 10:00:00,51.12599999999999
2011-08-10 11:00:00,55.65000000000001
2011-08-10 12:00:00,54.69499999999999
2011-08-10 13:00:00,49.13
2011-08-10 14:00:00,37.586
2011-08-10 15:00:00,16.477
2011-08-10 16:00:00,5.711
2011-08-10 17:00:00,0.026
2011-08-10 18:00:00,0.0
2011-08-10 19:00:00,0.0
2011-08-10 20:00:00,0.0
2011-08-10 21:00:00,0.0
2011-08-10 22:00:00,0.0
2011-08-10 23:00:00,0.0
2011-08-11 00:00:00,0.0
2011-08-11 01:00:00,0.0
2011-08-11 02:00:00,0.0
2011-08-11 03:00:00,0.0
2011-08-11 04:00:00,0.0
2011-08-11 05:00:00,0.0
2011-08-11 06:00:00,0.238
2011-08-11 07:00:00,9.064000000000004
2011-08-11 08:00:00,24.66199999999999
2011-08-11 09:00:00,39.47700000000001
2011-08-11 10:00:00,50.541
2011-08-11 11:00:00,54.17699999999999
2011-08-11 12:00:00,52.834
2011-08-11 13:00:00,38.879
2011-08-11 14:00:00,27.419
2011-08-11 15:00:00,16.431
2011-08-11 16:00:00,4.309999999999999
2011-08-11 17:00:00,0.05599999999999999
2011-08-11 18:00:00,0.0
2011-08-11 19:00:00,0.0
2011-08-11 20:00:00,0.0
2011-08-11 21:00:00,0.0
2011-08-11 22:00:00,0.0
2011-08-11 23:00:00,0.0
2011-08-12 00:00:00,0.0
2011-08-12 01:00:00,0.0
2011-08-12 02:00:00,0.0
2011-08-12 03:00:00,0.0
2011-08-12 04:00:00,0.0
2011-08-12 05:00:00,0.0
2011-08-12 06:00:00,0.0
2011-08-12 07:00:00,1.206
2011-08-12 08:00:00,10.632
2011-08-12 09:00:00,28.684
2011-08-12 10:00:00,25.354
2011-08-12 11:00:00,38.73999999999999
2011-08-12 12:00:00,34.61000000000001
2011-08-12 13:00:00,35.79299999999999
2011-08-12 14:00:00,35.58800000000001
2011-08-12 15:00:00,21.748
2011-08-12 16:00:00,4.144
2011-08-12 17:00:00,0.044
2011-08-12 18:00:00,0.0
2011-08-12 19:00:00,0.0
2011-08-12 20:00:00,0.0
2011-08-12 21:00:00,0.0
2011-08-12 22:00:00,0.0
2011-08-12 23:00:00,0.0
2011-08-13 00:00:00,0.0
2011-08-13 01:00:00,0.0
2011-08-13 02:00:00,0.0
2011-08-13 03:00:00,0.0
2011-08-13 04:00:00,0.0
2011-08-13 05:00:00,0.0
2011-08-13 06:00:00,0.013
2011-08-13 07:00:00,8.798
2011-08-13 08:00:00,24.76
2011-08-13 09:00:00,38.834
2011-08-13 10:00:00,46.40800000000001
2011-08-13 11:00:00,24.778
2011-08-13 12:00:00,18.294
2011-08-13 13:00:00,14.19
2011-08-13 14:00:00,20.855
2011-08-13 15:00:00,10.45
2011-08-13 16:00:00,4.306000000000001
2011-08-13 17:00:00,0.0
2011-08-13 18:00:00,0.0
2011-08-13 19:00:00,0.0
2011-08-13 20:00:00,0.0
2011-08-13 21:00:00,0.0
2011-08-13 22:00:00,0.0
2011-08-13 23:00:00,0.0
2011-08-14 00:00:00,0.0
2011-08-14 01:00:00,0.0
2011-08-14 02:00:00,0.0
2011-08-14 03:00:00,0.0
2011-08-14 04:00:00,0.0
2011-08-14 05:00:00,0.0
2011-08-14 06:00:00,0.051
2011-08-14 07:00:00,2.358999999999999
2011-08-14 08:00:00,6.750000000000001
2011-08-14 09:00:00,21.305
2011-08-14 10:00:00,23.30400000000001
2011-08-14 11:00:00,25.014
2011-08-14 12:00:00,26.19
2011-08-14 13:00:00,27.971
2011-08-14 14:00:00,17.77
2011-08-14 15:00:00,5.652
2011-08-14 16:00:00,4.038
2011-08-14 17:00:00,0.026
2011-08-14 18:00:00,0.0
2011-08-14 19:00:00,0.0
2011-08-14 20:00:00,0.0
2011-08-14 21:00:00,0.0
2011-08-14 22:00:00,0.0
2011-08-14 23:00:00,0.0
2011-08-15 00:00:00,0.0
2011-08-15 01:00:00,0.0
2011-08-15 02:00:00,0.0
2011-08-15 03:00:00,0.0
2011-08-15 04:00:00,0.0
2011-08-15 05:00:00,0.0
2011-08-15 06:00:00,0.301
2011-08-15 07:00:00,9.365
2011-08-15 08:00:00,12.222
2011-08-15 09:00:00,28.215
2011-08-15 10:00:00,45.68699999999999
2011-08-15 11:00:00,51.46400000000001
2011-08-15 12:00:00,44.81099999999999
2011-08-15 13:00:00,45.317
2011-08-15 14:00:00,40.288
2011-08-15 15:00:00,23.29699999999999
2011-08-15 16:00:00,3.312
2011-08-15 17:00:00,0.0
2011-08-15 18:00:00,0.0
2011-08-15 19:00:00,0.0
2011-08-15 20:00:00,0.0
2011-08-15 21:00:00,0.0
2011-08-15 22:00:00,0.0
2011-08-15 23:00:00,0.0
2011-08-16 00:00:00,0.0
2011-08-16 01:00:00,0.0
2011-08-16 02:00:00,0.0
2011-08-16 03:00:00,0.0
2011-08-16 04:00:00,0.0
2011-08-16 05:00:00,0.0
2011-08-16 06:00:00,0.013
2011-08-16 07:00:00,5.632999999999999
2011-08-16 08:00:00,18.358
2011-08-16 09:00:00,38.99899999999999
2011-08-16 10:00:00,35.511
2011-08-16 11:00:00,31.671
2011-08-16 12:00:00,37.151
2011-08-16 13:00:00,39.889
2011-08-16 14:00:00,34.55499999999999
2011-08-16 15:00:00,17.426
2011-08-16 16:00:00,3.206999999999999
2011-08-16 17:00:00,0.069
2011-08-16 18:00:00,0.0
2011-08-16 19:00:00,0.0
2011-08-16 20:00:00,0.0
2011-08-16 21:00:00,0.0
2011-08-16 22:00:00,0.0
2011-08-16 23:00:00,0.0
2011-08-17 00:00:00,0.0
2011-08-17 01:00:00,0.0
2011-08-17 02:00:00,0.0
2011-08-17 03:00:00,0.0
2011-08-17 04:00:00,0.0
2011-08-17 05:00:00,0.0
2011-08-17 06:00:00,0.4250000000000001
2011-08-17 07:00:00,11.034
2011-08-17 08:00:00,16.587
2011-08-17 09:00:00,20.656
2011-08-17 10:00:00,15.543
2011-08-17 11:00:00,13.21
2011-08-17 12:00:00,8.274000000000001
2011-08-17 13:00:00,6.178000000000002
2011-08-17 14:00:00,4.292000000000001
2011-08-17 15:00:00,1.422
2011-08-17 16:00:00,0.5980000000000003
2011-08-17 17:00:00,0.0
2011-08-17 18:00:00,0.0
2011-08-17 19:00:00,0.0
2011-08-17 20:00:00,0.0
2011-08-17 21:00:00,0.0
2011-08-17 22:00:00,0.0
2011-08-17 23:00:00,0.0
2011-08-18 00:00:00,0.0
2011-08-18 01:00:00,0.0
2011-08-18 02:00:00,0.0
2011-08-18 03:00:00,0.0
2011-08-18 04:00:00,0.0
2011-08-18 05:00:00,0.0
2011-08-18 06:00:00,0.0
2011-08-18 07:00:00,5.045999999999998
2011-08-18 08:00:00,8.274000000000001
2011-08-18 09:00:00,16.11900000000001
2011-08-18 10:00:00,20.584
2011-08-18 11:00:00,25.759
2011-08-18 12:00:00,28.027
2011-08-18 13:00:00,27.958
2011-08-18 14:00:00,29.523
2011-08-18 15:00:00,26.23000000000001
2011-08-18 16:00:00,8.718
2011-08-18 17:00:00,0.113
2011-08-18 18:00:00,0.0
2011-08-18 19:00:00,0.0
2011-08-18 20:00:00,0.0
2011-08-18 21:00:00,0.0
2011-08-18 22:00:00,0.0
2011-08-18 23:00:00,0.0
2011-08-19 00:00:00,0.0
2011-08-19 01:00:00,0.0
2011-08-19 02:00:00,0.0
2011-08-19 03:00:00,0.0
2011-08-19 04:00:00,0.0
2011-08-19 05:00:00,0.0
2011-08-19 06:00:00,0.057
2011-08-19 07:00:00,8.748999999999999
2011-08-19 08:00:00,20.595
2011-08-19 09:00:00,22.422
2011-08-19 10:00:00,26.368
2011-08-19 11:00:00,14.753
2011-08-19 12:00:00,10.384
2011-08-19 13:00:00,5.623000000000001
2011-08-19 14:00:00,13.478
2011-08-19 15:00:00,4.068
2011-08-19 16:00:00,2.157999999999999
2011-08-19 17:00:00,0.0
2011-08-19 18:00:00,0.0
2011-08-19 19:00:00,0.0
2011-08-19 20:00:00,0.0
2011-08-19 21:00:00,0.0
2011-08-19 22:00:00,0.0
2011-08-19 23:00:00,0.0
2011-08-20 00:00:00,0.0
2011-08-20 01:00:00,0.0
2011-08-20 02:00:00,0.0
2011-08-20 03:00:00,0.0
2011-08-20 04:00:00,0.0
2011-08-20 05:00:00,0.0
2011-08-20 06:00:00,0.6710000000000004
2011-08-20 07:00:00,5.476999999999999
2011-08-20 08:00:00,17.511
2011-08-20 09:00:00,29.594
2011-08-20 10:00:00,37.61699999999999
2011-08-20 11:00:00,41.751
2011-08-20 12:00:00,50.568
2011-08-20 13:00:00,48.72599999999998
2011-08-20 14:00:00,40.91200000000001
2011-08-20 15:00:00,17.394
2011-08-20 16:00:00,3.219999999999999
2011-08-20 17:00:00,0.013
2011-08-20 18:00:00,0.0
2011-08-20 19:00:00,0.0
2011-08-20 20:00:00,0.0
2011-08-20 21:00:00,0.0
2011-08-20 22:00:00,0.0
2011-08-20 23:00:00,0.0
2011-08-21 00:00:00,0.0
2011-08-21 01:00:00,0.0
2011-08-21 02:00:00,0.0
2011-08-21 03:00:00,0.0
2011-08-21 04:00:00,0.0
2011-08-21 05:00:00,0.0
2011-08-21 06:00:00,0.032
2011-08-21 07:00:00,5.389
2011-08-21 08:00:00,17.249
2011-08-21 09:00:00,13.819
2011-08-21 10:00:00,25.13100000000001
2011-08-21 11:00:00,20.002
2011-08-21 12:00:00,40.62799999999999
2011-08-21 13:00:00,43.096
2011-08-21 14:00:00,31.16399999999999
2011-08-21 15:00:00,7.225000000000001
2011-08-21 16:00:00,5.139000000000001
2011-08-21 17:00:00,0.0
2011-08-21 18:00:00,0.0
2011-08-21 19:00:00,0.0
2011-08-21 20:00:00,0.0
2011-08-21 21:00:00,0.0
2011-08-21 22:00:00,0.0
2011-08-21 23:00:00,0.0
2011-08-22 00:00:00,0.0
2011-08-22 01:00:00,0.0
2011-08-22 02:00:00,0.0
2011-08-22 03:00:00,0.0
2011-08-22 04:00:00,0.0
2011-08-22 05:00:00,0.0
2011-08-22 06:00:00,0.3100000000000001
2011-08-22 07:00:00,8.970999999999998
2011-08-22 08:00:00,22.66899999999999
2011-08-22 09:00:00,32.05500000000001
2011-08-22 10:00:00,50.08999999999998
2011-08-22 11:00:00,54.033
2011-08-22 12:00:00,37.92899999999999
2011-08-22 13:00:00,36.809
2011-08-22 14:00:00,24.442
2011-08-22 15:00:00,8.061000000000002
2011-08-22 16:00:00,1.99
2011-08-22 17:00:00,0.026
2011-08-22 18:00:00,0.0
2011-08-22 19:00:00,0.0
2011-08-22 20:00:00,0.0
2011-08-22 21:00:00,0.0
2011-08-22 22:00:00,0.0
2011-08-22 23:00:00,0.0
2011-08-23 00:00:00,0.0
2011-08-23 01:00:00,0.0
2011-08-23 02:00:00,0.0
2011-08-23 03:00:00,0.0
2011-08-23 04:00:00,0.0
2011-08-23 05:00:00,0.0
2011-08-23 06:00:00,0.026
2011-08-23 07:00:00,5.434
2011-08-23 08:00:00,25.198
2011-08-23 09:00:00,30.311
2011-08-23 10:00:00,39.26599999999999
2011-08-23 11:00:00,50.51600000000001
2011-08-23 12:00:00,54.144
2011-08-23 13:00:00,50.803
2011-08-23 14:00:00,40.72800000000001
2011-08-23 15:00:00,25.50300000000001
2011-08-23 16:00:00,9.135000000000002
2011-08-23 17:00:00,0.16
2011-08-23 18:00:00,0.0
2011-08-23 19:00:00,0.0
2011-08-23 20:00:00,0.0
2011-08-23 21:00:00,0.0
2011-08-23 22:00:00,0.0
2011-08-23 23:00:00,0.0
2011-08-24 00:00:00,0.0
2011-08-24 01:00:00,0.0
2011-08-24 02:00:00,0.0
2011-08-24 03:00:00,0.0
2011-08-24 04:00:00,0.0
2011-08-24 05:00:00,0.0
2011-08-24 06:00:00,0.076
2011-08-24 07:00:00,3.794
2011-08-24 08:00:00,8.426
2011-08-24 09:00:00,19.775
2011-08-24 10:00:00,26.75700000000001
2011-08-24 11:00:00,33.859
2011-08-24 12:00:00,43.38800000000001
2011-08-24 13:00:00,50.75500000000002
2011-08-24 14:00:00,41.612
2011-08-24 15:00:00,25.637
2011-08-24 16:00:00,9.297999999999998
2011-08-24 17:00:00,0.167
2011-08-24 18:00:00,0.0
2011-08-24 19:00:00,0.0
2011-08-24 20:00:00,0.0
2011-08-24 21:00:00,0.0
2011-08-24 22:00:00,0.0
2011-08-24 23:00:00,0.0
2011-08-25 00:00:00,0.0
2011-08-25 01:00:00,0.0
2011-08-25 02:00:00,0.0
2011-08-25 03:00:00,0.0
2011-08-25 04:00:00,0.0
2011-08-25 05:00:00,0.0
2011-08-25 06:00:00,1.064
2011-08-25 07:00:00,13.397
2011-08-25 08:00:00,29.74300000000001
2011-08-25 09:00:00,44.61699999999999
2011-08-25 10:00:00,54.73499999999999
2011-08-25 11:00:00,58.56499999999999
2011-08-25 12:00:00,57.01200000000001
2011-08-25 13:00:00,52.358
2011-08-25 14:00:00,42.25399999999999
2011-08-25 15:00:00,25.94099999999999
2011-08-25 16:00:00,9.461000000000002
2011-08-25 17:00:00,0.181
2011-08-25 18:00:00,0.0
2011-08-25 19:00:00,0.0
2011-08-25 20:00:00,0.0
2011-08-25 21:00:00,0.0
2011-08-25 22:00:00,0.0
2011-08-25 23:00:00,0.0
2011-08-26 00:00:00,0.0
2011-08-26 01:00:00,0.0
2011-08-26 02:00:00,0.0
2011-08-26 03:00:00,0.0
2011-08-26 04:00:00,0.0
2011-08-26 05:00:00,0.0
2011-08-26 06:00:00,1.335
2011-08-26 07:00:00,13.541
2011-08-26 08:00:00,29.067
2011-08-26 09:00:00,42.95099999999999
2011-08-26 10:00:00,52.78499999999999
2011-08-26 11:00:00,56.436
2011-08-26 12:00:00,55.38999999999999
2011-08-26 13:00:00,50.51800000000001
2011-08-26 14:00:00,41.14299999999999
2011-08-26 15:00:00,25.245
2011-08-26 16:00:00,9.25
2011-08-26 17:00:00,0.177
2011-08-26 18:00:00,0.0
2011-08-26 19:00:00,0.0
2011-08-26 20:00:00,0.0
2011-08-26 21:00:00,0.0
2011-08-26 22:00:00,0.0
2011-08-26 23:00:00,0.0
2011-08-27 00:00:00,0.0
2011-08-27 01:00:00,0.0
2011-08-27 02:00:00,0.0
2011-08-27 03:00:00,0.0
2011-08-27 04:00:00,0.0
2011-08-27 05:00:00,0.0
2011-08-27 06:00:00,0.114
2011-08-27 07:00:00,4.654
2011-08-27 08:00:00,10.431
2011-08-27 09:00:00,20.17599999999999
2011-08-27 10:00:00,17.453
2011-08-27 11:00:00,9.816999999999998
2011-08-27 12:00:00,9.713000000000001
2011-08-27 13:00:00,6.106000000000003
2011-08-27 14:00:00,6.625000000000001
2011-08-27 15:00:00,2.442
2011-08-27 16:00:00,0.113
2011-08-27 17:00:00,0.0
2011-08-27 18:00:00,0.0
2011-08-27 19:00:00,0.0
2011-08-27 20:00:00,0.0
2011-08-27 21:00:00,0.0
2011-08-27 22:00:00,0.0
2011-08-27 23:00:00,0.0
2011-08-28 00:00:00,0.0
2011-08-28 01:00:00,0.0
2011-08-28 02:00:00,0.0
2011-08-28 03:00:00,0.0
2011-08-28 04:00:00,0.0
2011-08-28 05:00:00,0.0
2011-08-28 06:00:00,0.6810000000000004
2011-08-28 07:00:00,9.031000000000002
2011-08-28 08:00:00,22.34399999999999
2011-08-28 09:00:00,33.16
2011-08-28 10:00:00,31.234
2011-08-28 11:00:00,33.51500000000001
2011-08-28 12:00:00,32.398
2011-08-28 13:00:00,36.17899999999999
2011-08-28 14:00:00,35.57300000000001
2011-08-28 15:00:00,23.982
2011-08-28 16:00:00,8.466999999999999
2011-08-28 17:00:00,0.2270000000000001
2011-08-28 18:00:00,0.0
2011-08-28 19:00:00,0.0
2011-08-28 20:00:00,0.0
2011-08-28 21:00:00,0.0
2011-08-28 22:00:00,0.0
2011-08-28 23:00:00,0.0
2011-08-29 00:00:00,0.0
2011-08-29 01:00:00,0.0
2011-08-29 02:00:00,0.0
2011-08-29 03:00:00,0.0
2011-08-29 04:00:00,0.0
2011-08-29 05:00:00,0.0
2011-08-29 06:00:00,1.237
2011-08-29 07:00:00,12.714
2011-08-29 08:00:00,29.048
2011-08-29 09:00:00,42.40399999999999
2011-08-29 10:00:00,49.912
2011-08-29 11:00:00,53.884
2011-08-29 12:00:00,48.272
2011-08-29 13:00:00,45.02600000000001
2011-08-29 14:00:00,34.757
2011-08-29 15:00:00,14.25699999999999
2011-08-29 16:00:00,6.164000000000001
2011-08-29 17:00:00,0.274
2011-08-29 18:00:00,0.0
2011-08-29 19:00:00,0.0
2011-08-29 20:00:00,0.0
2011-08-29 21:00:00,0.0
2011-08-29 22:00:00,0.0
2011-08-29 23:00:00,0.0
2011-08-30 00:00:00,0.0
2011-08-30 01:00:00,0.0
2011-08-30 02:00:00,0.0
2011-08-30 03:00:00,0.0
2011-08-30 04:00:00,0.0
2011-08-30 05:00:00,0.0
2011-08-30 06:00:00,0.09
2011-08-30 07:00:00,5.467000000000001
2011-08-30 08:00:00,15.56499999999999
2011-08-30 09:00:00,25.39900000000001
2011-08-30 10:00:00,31.921
2011-08-30 11:00:00,24.596
2011-08-30 12:00:00,31.69299999999999
2011-08-30 13:00:00,41.156
2011-08-30 14:00:00,36.461
2011-08-30 15:00:00,21.774
2011-08-30 16:00:00,5.999
2011-08-30 17:00:00,0.228
2011-08-30 18:00:00,0.0
2011-08-30 19:00:00,0.0
2011-08-30 20:00:00,0.0
2011-08-30 21:00:00,0.0
2011-08-30 22:00:00,0.0
2011-08-30 23:00:00,0.0
2011-08-31 00:00:00,0.0
2011-08-31 01:00:00,0.0
2011-08-31 02:00:00,0.0
2011-08-31 03:00:00,0.0
2011-08-31 04:00:00,0.0
2011-08-31 05:00:00,0.0
2011-08-31 06:00:00,1.681999999999999
2011-08-31 07:00:00,13.397
2011-08-31 08:00:00,29.046
2011-08-31 09:00:00,36.33199999999999
2011-08-31 10:00:00,41.43000000000001
2011-08-31 11:00:00,41.48699999999999
2011-08-31 12:00:00,46.03599999999999
2011-08-31 13:00:00,33.819
2011-08-31 14:00:00,38.536
2011-08-31 15:00:00,25.003
2011-08-31 16:00:00,8.719
2011-08-31 17:00:00,0.338
2011-08-31 18:00:00,0.0
2011-08-31 19:00:00,0.0
2011-08-31 20:00:00,0.0
2011-08-31 21:00:00,0.0
2011-08-31 22:00:00,0.0
2011-08-31 23:00:00,0.0
2011-09-01 00:00:00,0.0
2011-09-01 01:00:00,0.0
2011-09-01 02:00:00,0.0
2011-09-01 03:00:00,0.0
2011-09-01 04:00:00,0.0
2011-09-01 05:00:00,0.0
2011-09-01 06:00:00,1.566
2011-09-01 07:00:00,14.056
2011-09-01 08:00:00,27.48999999999999
2011-09-01 09:00:00,40.325
2011-09-01 10:00:00,48.624
2011-09-01 11:00:00,48.77200000000001
2011-09-01 12:00:00,48.25
2011-09-01 13:00:00,47.36500000000002
2011-09-01 14:00:00,38.21
2011-09-01 15:00:00,21.87500000000001
2011-09-01 16:00:00,4.668
2011-09-01 17:00:00,0.108
2011-09-01 18:00:00,0.0
2011-09-01 19:00:00,0.0
2011-09-01 20:00:00,0.0
2011-09-01 21:00:00,0.0
2011-09-01 22:00:00,0.0
2011-09-01 23:00:00,0.0
2011-09-02 00:00:00,0.0
2011-09-02 01:00:00,0.0
2011-09-02 02:00:00,0.0
2011-09-02 03:00:00,0.0
2011-09-02 04:00:00,0.0
2011-09-02 05:00:00,0.0
2011-09-02 06:00:00,1.445999999999999
2011-09-02 07:00:00,14.546
2011-09-02 08:00:00,30.08300000000001
2011-09-02 09:00:00,31.535
2011-09-02 10:00:00,27.575
2011-09-02 11:00:00,28.645
2011-09-02 12:00:00,37.693
2011-09-02 13:00:00,44.92999999999999
2011-09-02 14:00:00,42.641
2011-09-02 15:00:00,23.249
2011-09-02 16:00:00,4.156000000000001
2011-09-02 17:00:00,0.135
2011-09-02 18:00:00,0.0
2011-09-02 19:00:00,0.0
2011-09-02 20:00:00,0.0
2011-09-02 21:00:00,0.0
2011-09-02 22:00:00,0.0
2011-09-02 23:00:00,0.0
2011-09-03 00:00:00,0.0
2011-09-03 01:00:00,0.0
2011-09-03 02:00:00,0.0
2011-09-03 03:00:00,0.0
2011-09-03 04:00:00,0.0
2011-09-03 05:00:00,0.0
2011-09-03 06:00:00,0.886
2011-09-03 07:00:00,8.322
2011-09-03 08:00:00,28.509
2011-09-03 09:00:00,37.416
2011-09-03 10:00:00,44.30700000000001
2011-09-03 11:00:00,46.25399999999999
2011-09-03 12:00:00,53.20200000000001
2011-09-03 13:00:00,45.676
2011-09-03 14:00:00,41.24300000000001
2011-09-03 15:00:00,25.669
2011-09-03 16:00:00,10.098
2011-09-03 17:00:00,0.418
2011-09-03 18:00:00,0.0
2011-09-03 19:00:00,0.0
2011-09-03 20:00:00,0.0
2011-09-03 21:00:00,0.0
2011-09-03 22:00:00,0.0
2011-09-03 23:00:00,0.0
2011-09-04 00:00:00,0.0
2011-09-04 01:00:00,0.0
2011-09-04 02:00:00,0.0
2011-09-04 03:00:00,0.0
2011-09-04 04:00:00,0.0
2011-09-04 05:00:00,0.0
2011-09-04 06:00:00,2.284
2011-09-04 07:00:00,15.873
2011-09-04 08:00:00,31.69
2011-09-04 09:00:00,46.358
2011-09-04 10:00:00,55.191
2011-09-04 11:00:00,58.06800000000001
2011-09-04 12:00:00,56.54899999999999
2011-09-04 13:00:00,51.496
2011-09-04 14:00:00,42.017
2011-09-04 15:00:00,25.532
2011-09-04 16:00:00,9.833
2011-09-04 17:00:00,0.4990000000000001
2011-09-04 18:00:00,0.0
2011-09-04 19:00:00,0.0
2011-09-04 20:00:00,0.0
2011-09-04 21:00:00,0.0
2011-09-04 22:00:00,0.0
2011-09-04 23:00:00,0.0
2011-09-05 00:00:00,0.0
2011-09-05 01:00:00,0.0
2011-09-05 02:00:00,0.0
2011-09-05 03:00:00,0.0
2011-09-05 04:00:00,0.0
2011-09-05 05:00:00,0.0
2011-09-05 06:00:00,2.078999999999999
2011-09-05 07:00:00,14.12
2011-09-05 08:00:00,29.589
2011-09-05 09:00:00,43.70000000000001
2011-09-05 10:00:00,51.99400000000001
2011-09-05 11:00:00,55.01
2011-09-05 12:00:00,53.50900000000001
2011-09-05 13:00:00,48.708
2011-09-05 14:00:00,39.256
2011-09-05 15:00:00,23.351
2011-09-05 16:00:00,8.75
2011-09-05 17:00:00,0.4220000000000002
2011-09-05 18:00:00,0.0
2011-09-05 19:00:00,0.0
2011-09-05 20:00:00,0.0
2011-09-05 21:00:00,0.0
2011-09-05 22:00:00,0.0
2011-09-05 23:00:00,0.0
2011-09-06 00:00:00,0.0
2011-09-06 01:00:00,0.0
2011-09-06 02:00:00,0.0
2011-09-06 03:00:00,0.0
2011-09-06 04:00:00,0.0
2011-09-06 05:00:00,0.0
2011-09-06 06:00:00,2.443
2011-09-06 07:00:00,14.617
2011-09-06 08:00:00,30.204
2011-09-06 09:00:00,44.95399999999999
2011-09-06 10:00:00,53.66499999999999
2011-09-06 11:00:00,56.448
2011-09-06 12:00:00,55.161
2011-09-06 13:00:00,50.345
2011-09-06 14:00:00,40.462
2011-09-06 15:00:00,24.63099999999999
2011-09-06 16:00:00,9.466
2011-09-06 17:00:00,0.4880000000000001
2011-09-06 18:00:00,0.0
2011-09-06 19:00:00,0.0
2011-09-06 20:00:00,0.0
2011-09-06 21:00:00,0.0
2011-09-06 22:00:00,0.0
2011-09-06 23:00:00,0.0
2011-09-07 00:00:00,0.0
2011-09-07 01:00:00,0.0
2011-09-07 02:00:00,0.0
2011-09-07 03:00:00,0.0
2011-09-07 04:00:00,0.0
2011-09-07 05:00:00,0.0
2011-09-07 06:00:00,1.518999999999999
2011-09-07 07:00:00,14.29200000000001
2011-09-07 08:00:00,29.87200000000001
2011-09-07 09:00:00,43.67900000000002
2011-09-07 10:00:00,53.328
2011-09-07 11:00:00,56.63499999999999
2011-09-07 12:00:00,56.234
2011-09-07 13:00:00,51.579
2011-09-07 14:00:00,41.77400000000002
2011-09-07 15:00:00,25.097
2011-09-07 16:00:00,9.697
2011-09-07 17:00:00,0.4900000000000002
2011-09-07 18:00:00,0.0
2011-09-07 19:00:00,0.0
2011-09-07 20:00:00,0.0
2011-09-07 21:00:00,0.0
2011-09-07 22:00:00,0.0
2011-09-07 23:00:00,0.0
2011-09-08 00:00:00,0.0
2011-09-08 01:00:00,0.0
2011-09-08 02:00:00,0.0
2011-09-08 03:00:00,0.0
2011-09-08 04:00:00,0.0
2011-09-08 05:00:00,0.0
2011-09-08 06:00:00,0.4240000000000002
2011-09-08 07:00:00,3.506
2011-09-08 08:00:00,22.829
2011-09-08 09:00:00,30.223
2011-09-08 10:00:00,25.337
2011-09-08 11:00:00,38.49500000000001
2011-09-08 12:00:00,20.80399999999999
2011-09-08 13:00:00,32.072
2011-09-08 14:00:00,22.08600000000001
2011-09-08 15:00:00,8.232000000000003
2011-09-08 16:00:00,4.081
2011-09-08 17:00:00,0.0
2011-09-08 18:00:00,0.0
2011-09-08 19:00:00,0.0
2011-09-08 20:00:00,0.0
2011-09-08 21:00:00,0.0
2011-09-08 22:00:00,0.0
2011-09-08 23:00:00,0.0
2011-09-09 00:00:00,0.0
2011-09-09 01:00:00,0.0
2011-09-09 02:00:00,0.0
2011-09-09 03:00:00,0.0
2011-09-09 04:00:00,0.0
2011-09-09 05:00:00,0.0
2011-09-09 06:00:00,0.0
2011-09-09 07:00:00,0.268
2011-09-09 08:00:00,2.634999999999999
2011-09-09 09:00:00,6.197
2011-09-09 10:00:00,5.137
2011-09-09 11:00:00,6.148999999999999
2011-09-09 12:00:00,3.522
2011-09-09 13:00:00,13.86
2011-09-09 14:00:00,28.721
2011-09-09 15:00:00,8.956999999999999
2011-09-09 16:00:00,6.557
2011-09-09 17:00:00,0.9840000000000002
2011-09-09 18:00:00,0.0
2011-09-09 19:00:00,0.0
2011-09-09 20:00:00,0.0
2011-09-09 21:00:00,0.0
2011-09-09 22:00:00,0.0
2011-09-09 23:00:00,0.0
2011-09-10 00:00:00,0.0
2011-09-10 01:00:00,0.0
2011-09-10 02:00:00,0.0
2011-09-10 03:00:00,0.0
2011-09-10 04:00:00,0.0
2011-09-10 05:00:00,0.0
2011-09-10 06:00:00,3.623
2011-09-10 07:00:00,18.73500000000001
2011-09-10 08:00:00,36.249
2011-09-10 09:00:00,51.54699999999999
2011-09-10 10:00:00,60.22700000000002
2011-09-10 11:00:00,60.91199999999999
2011-09-10 12:00:00,56.378
2011-09-10 13:00:00,34.971
2011-09-10 14:00:00,40.74700000000001
2011-09-10 15:00:00,28.536
2011-09-10 16:00:00,7.286999999999999
2011-09-10 17:00:00,1.316
2011-09-10 18:00:00,0.0
2011-09-10 19:00:00,0.0
2011-09-10 20:00:00,0.0
2011-09-10 21:00:00,0.0
2011-09-10 22:00:00,0.0
2011-09-10 23:00:00,0.0
2011-09-11 00:00:00,0.0
2011-09-11 01:00:00,0.0
2011-09-11 02:00:00,0.0
2011-09-11 03:00:00,0.0
2011-09-11 04:00:00,0.0
2011-09-11 05:00:00,0.0
2011-09-11 06:00:00,3.82
2011-09-11 07:00:00,18.512
2011-09-11 08:00:00,36.027
2011-09-11 09:00:00,51.20700000000001
2011-09-11 10:00:00,59.72100000000001
2011-09-11 11:00:00,62.35500000000002
2011-09-11 12:00:00,60.31499999999999
2011-09-11 13:00:00,45.157
2011-09-11 14:00:00,33.464
2011-09-11 15:00:00,27.283
2011-09-11 16:00:00,4.43
2011-09-11 17:00:00,0.107
2011-09-11 18:00:00,0.0
2011-09-11 19:00:00,0.0
2011-09-11 20:00:00,0.0
2011-09-11 21:00:00,0.0
2011-09-11 22:00:00,0.0
2011-09-11 23:00:00,0.0
2011-09-12 00:00:00,0.0
2011-09-12 01:00:00,0.0
2011-09-12 02:00:00,0.0
2011-09-12 03:00:00,0.0
2011-09-12 04:00:00,0.0
2011-09-12 05:00:00,0.0
2011-09-12 06:00:00,1.094
2011-09-12 07:00:00,7.164000000000001
2011-09-12 08:00:00,30.09900000000001
2011-09-12 09:00:00,45.87100000000001
2011-09-12 10:00:00,25.606
2011-09-12 11:00:00,45.349
2011-09-12 12:00:00,43.581
2011-09-12 13:00:00,52.29099999999999
2011-09-12 14:00:00,45.413
2011-09-12 15:00:00,27.67299999999999
2011-09-12 16:00:00,11.239
2011-09-12 17:00:00,0.8680000000000001
2011-09-12 18:00:00,0.0
2011-09-12 19:00:00,0.0
2011-09-12 20:00:00,0.0
2011-09-12 21:00:00,0.0
2011-09-12 22:00:00,0.0
2011-09-12 23:00:00,0.0
2011-09-13 00:00:00,0.0
2011-09-13 01:00:00,0.0
2011-09-13 02:00:00,0.0
2011-09-13 03:00:00,0.0
2011-09-13 04:00:00,0.0
2011-09-13 05:00:00,0.0
2011-09-13 06:00:00,4.643000000000001
2011-09-13 07:00:00,19.443
2011-09-13 08:00:00,36.47600000000001
2011-09-13 09:00:00,50.98099999999999
2011-09-13 10:00:00,59.434
2011-09-13 11:00:00,63.15999999999999
2011-09-13 12:00:00,61.468
2011-09-13 13:00:00,55.98400000000001
2011-09-13 14:00:00,45.57700000000001
2011-09-13 15:00:00,27.791
2011-09-13 16:00:00,11.51
2011-09-13 17:00:00,0.9520000000000002
2011-09-13 18:00:00,0.0
2011-09-13 19:00:00,0.0
2011-09-13 20:00:00,0.0
2011-09-13 21:00:00,0.0
2011-09-13 22:00:00,0.0
2011-09-13 23:00:00,0.0
2011-09-14 00:00:00,0.0
2011-09-14 01:00:00,0.0
2011-09-14 02:00:00,0.0
2011-09-14 03:00:00,0.0
2011-09-14 04:00:00,0.0
2011-09-14 05:00:00,0.0
2011-09-14 06:00:00,4.625
2011-09-14 07:00:00,19.866
2011-09-14 08:00:00,37.36900000000001
2011-09-14 09:00:00,51.637
2011-09-14 10:00:00,60.03699999999999
2011-09-14 11:00:00,63.02299999999998
2011-09-14 12:00:00,61.31200000000001
2011-09-14 13:00:00,56.07000000000002
2011-09-14 14:00:00,45.567
2011-09-14 15:00:00,27.692
2011-09-14 16:00:00,11.587
2011-09-14 17:00:00,1.082
2011-09-14 18:00:00,0.0
2011-09-14 19:00:00,0.0
2011-09-14 20:00:00,0.0
2011-09-14 21:00:00,0.0
2011-09-14 22:00:00,0.0
2011-09-14 23:00:00,0.0
2011-09-15 00:00:00,0.0
2011-09-15 01:00:00,0.0
2011-09-15 02:00:00,0.0
2011-09-15 03:00:00,0.0
2011-09-15 04:00:00,0.0
2011-09-15 05:00:00,0.0
2011-09-15 06:00:00,3.247
2011-09-15 07:00:00,15.218
2011-09-15 08:00:00,20.655
2011-09-15 09:00:00,32.116
2011-09-15 10:00:00,42.19
2011-09-15 11:00:00,48.36599999999999
2011-09-15 12:00:00,49.41500000000001
2011-09-15 13:00:00,45.47999999999998
2011-09-15 14:00:00,43.49199999999999
2011-09-15 15:00:00,26.81600000000001
2011-09-15 16:00:00,10.772
2011-09-15 17:00:00,0.9300000000000004
2011-09-15 18:00:00,0.0
2011-09-15 19:00:00,0.0
2011-09-15 20:00:00,0.0
2011-09-15 21:00:00,0.0
2011-09-15 22:00:00,0.0
2011-09-15 23:00:00,0.0
2011-09-16 00:00:00,0.0
2011-09-16 01:00:00,0.0
2011-09-16 02:00:00,0.0
2011-09-16 03:00:00,0.0
2011-09-16 04:00:00,0.0
2011-09-16 05:00:00,0.0
2011-09-16 06:00:00,4.956
2011-09-16 07:00:00,19.404
2011-09-16 08:00:00,35.579
2011-09-16 09:00:00,48.866
2011-09-16 10:00:00,55.71899999999999
2011-09-16 11:00:00,59.33200000000001
2011-09-16 12:00:00,57.83099999999999
2011-09-16 13:00:00,46.851
2011-09-16 14:00:00,30.01
2011-09-16 15:00:00,23.609
2011-09-16 16:00:00,9.666000000000002
2011-09-16 17:00:00,1.256
2011-09-16 18:00:00,0.0
2011-09-16 19:00:00,0.0
2011-09-16 20:00:00,0.0
2011-09-16 21:00:00,0.0
2011-09-16 22:00:00,0.0
2011-09-16 23:00:00,0.0
2011-09-17 00:00:00,0.0
2011-09-17 01:00:00,0.0
2011-09-17 02:00:00,0.0
2011-09-17 03:00:00,0.0
2011-09-17 04:00:00,0.0
2011-09-17 05:00:00,0.0
2011-09-17 06:00:00,4.892
2011-09-17 07:00:00,19.116
2011-09-17 08:00:00,35.148
2011-09-17 09:00:00,48.265
2011-09-17 10:00:00,56.29299999999999
2011-09-17 11:00:00,59.60100000000001
2011-09-17 12:00:00,58.35199999999999
2011-09-17 13:00:00,53.33099999999999
2011-09-17 14:00:00,40.65600000000001
2011-09-17 15:00:00,12.665
2011-09-17 16:00:00,14.634
2011-09-17 17:00:00,1.395
2011-09-17 18:00:00,0.0
2011-09-17 19:00:00,0.0
2011-09-17 20:00:00,0.0
2011-09-17 21:00:00,0.0
2011-09-17 22:00:00,0.0
2011-09-17 23:00:00,0.0
2011-09-18 00:00:00,0.0
2011-09-18 01:00:00,0.0
2011-09-18 02:00:00,0.0
2011-09-18 03:00:00,0.0
2011-09-18 04:00:00,0.0
2011-09-18 05:00:00,0.0
2011-09-18 06:00:00,4.725999999999999
2011-09-18 07:00:00,18.882
2011-09-18 08:00:00,34.59400000000001
2011-09-18 09:00:00,47.628
2011-09-18 10:00:00,55.992
2011-09-18 11:00:00,58.57999999999998
2011-09-18 12:00:00,55.90300000000001
2011-09-18 13:00:00,50.67099999999999
2011-09-18 14:00:00,40.705
2011-09-18 15:00:00,24.364
2011-09-18 16:00:00,8.853
2011-09-18 17:00:00,0.3790000000000001
2011-09-18 18:00:00,0.0
2011-09-18 19:00:00,0.0
2011-09-18 20:00:00,0.0
2011-09-18 21:00:00,0.0
2011-09-18 22:00:00,0.0
2011-09-18 23:00:00,0.0
2011-09-19 00:00:00,0.0
2011-09-19 01:00:00,0.0
2011-09-19 02:00:00,0.0
2011-09-19 03:00:00,0.0
2011-09-19 04:00:00,0.0
2011-09-19 05:00:00,0.0
2011-09-19 06:00:00,3.445999999999999
2011-09-19 07:00:00,17.825
2011-09-19 08:00:00,31.385
2011-09-19 09:00:00,39.52699999999999
2011-09-19 10:00:00,54.00199999999999
2011-09-19 11:00:00,59.474
2011-09-19 12:00:00,58.35100000000001
2011-09-19 13:00:00,52.63
2011-09-19 14:00:00,42.552
2011-09-19 15:00:00,25.984
2011-09-19 16:00:00,11.045
2011-09-19 17:00:00,0.9040000000000004
2011-09-19 18:00:00,0.0
2011-09-19 19:00:00,0.0
2011-09-19 20:00:00,0.0
2011-09-19 21:00:00,0.0
2011-09-19 22:00:00,0.0
2011-09-19 23:00:00,0.0
2011-09-20 00:00:00,0.0
2011-09-20 01:00:00,0.0
2011-09-20 02:00:00,0.0
2011-09-20 03:00:00,0.0
2011-09-20 04:00:00,0.0
2011-09-20 05:00:00,0.0
2011-09-20 06:00:00,0.8110000000000004
2011-09-20 07:00:00,11.422
2011-09-20 08:00:00,14.948
2011-09-20 09:00:00,34.06
2011-09-20 10:00:00,53.99699999999999
2011-09-20 11:00:00,55.464
2011-09-20 12:00:00,52.448
2011-09-20 13:00:00,50.842
2011-09-20 14:00:00,37.50399999999999
2011-09-20 15:00:00,18.686
2011-09-20 16:00:00,12.257
2011-09-20 17:00:00,1.234
2011-09-20 18:00:00,0.0
2011-09-20 19:00:00,0.0
2011-09-20 20:00:00,0.0
2011-09-20 21:00:00,0.0
2011-09-20 22:00:00,0.0
2011-09-20 23:00:00,0.0
2011-09-21 00:00:00,0.0
2011-09-21 01:00:00,0.0
2011-09-21 02:00:00,0.0
2011-09-21 03:00:00,0.0
2011-09-21 04:00:00,0.0
2011-09-21 05:00:00,0.064
2011-09-21 06:00:00,6.640999999999999
2011-09-21 07:00:00,22.221
2011-09-21 08:00:00,38.91200000000001
2011-09-21 09:00:00,51.77799999999999
2011-09-21 10:00:00,59.57600000000001
2011-09-21 11:00:00,62.324
2011-09-21 12:00:00,60.893
2011-09-21 13:00:00,55.79799999999999
2011-09-21 14:00:00,45.514
2011-09-21 15:00:00,28.75299999999999
2011-09-21 16:00:00,12.241
2011-09-21 17:00:00,1.258
2011-09-21 18:00:00,0.0
2011-09-21 19:00:00,0.0
2011-09-21 20:00:00,0.0
2011-09-21 21:00:00,0.0
2011-09-21 22:00:00,0.0
2011-09-21 23:00:00,0.0
2011-09-22 00:00:00,0.0
2011-09-22 01:00:00,0.0
2011-09-22 02:00:00,0.0
2011-09-22 03:00:00,0.0
2011-09-22 04:00:00,0.0
2011-09-22 05:00:00,0.019
2011-09-22 06:00:00,6.059000000000001
2011-09-22 07:00:00,20.847
2011-09-22 08:00:00,36.901
2011-09-22 09:00:00,49.63399999999999
2011-09-22 10:00:00,57.516
2011-09-22 11:00:00,60.56799999999999
2011-09-22 12:00:00,59.50800000000001
2011-09-22 13:00:00,55.11900000000001
2011-09-22 14:00:00,44.72000000000001
2011-09-22 15:00:00,28.31299999999999
2011-09-22 16:00:00,12.114
2011-09-22 17:00:00,1.252
2011-09-22 18:00:00,0.0
2011-09-22 19:00:00,0.0
2011-09-22 20:00:00,0.0
2011-09-22 21:00:00,0.0
2011-09-22 22:00:00,0.0
2011-09-22 23:00:00,0.0
2011-09-23 00:00:00,0.0
2011-09-23 01:00:00,0.0
2011-09-23 02:00:00,0.0
2011-09-23 03:00:00,0.0
2011-09-23 04:00:00,0.0
2011-09-23 05:00:00,0.06999999999999999
2011-09-23 06:00:00,6.823000000000001
2011-09-23 07:00:00,22.02000000000001
2011-09-23 08:00:00,38.57500000000001
2011-09-23 09:00:00,51.41999999999999
2011-09-23 10:00:00,58.99699999999999
2011-09-23 11:00:00,61.43100000000001
2011-09-23 12:00:00,58.866
2011-09-23 13:00:00,52.697
2011-09-23 14:00:00,42.92999999999999
2011-09-23 15:00:00,27.13200000000001
2011-09-23 16:00:00,11.568
2011-09-23 17:00:00,1.299
2011-09-23 18:00:00,0.0
2011-09-23 19:00:00,0.0
2011-09-23 20:00:00,0.0
2011-09-23 21:00:00,0.0
2011-09-23 22:00:00,0.0
2011-09-23 23:00:00,0.0
2011-09-24 00:00:00,0.0
2011-09-24 01:00:00,0.0
2011-09-24 02:00:00,0.0
2011-09-24 03:00:00,0.0
2011-09-24 04:00:00,0.0
2011-09-24 05:00:00,0.0
2011-09-24 06:00:00,0.206
2011-09-24 07:00:00,8.574999999999996
2011-09-24 08:00:00,8.529
2011-09-24 09:00:00,29.326
2011-09-24 10:00:00,27.73
2011-09-24 11:00:00,35.459
2011-09-24 12:00:00,39.70799999999999
2011-09-24 13:00:00,37.44800000000001
2011-09-24 14:00:00,26.315
2011-09-24 15:00:00,19.108
2011-09-24 16:00:00,6.218000000000001
2011-09-24 17:00:00,0.013
2011-09-24 18:00:00,0.0
2011-09-24 19:00:00,0.0
2011-09-24 20:00:00,0.0
2011-09-24 21:00:00,0.0
2011-09-24 22:00:00,0.0
2011-09-24 23:00:00,0.0
2011-09-25 00:00:00,0.0
2011-09-25 01:00:00,0.0
2011-09-25 02:00:00,0.0
2011-09-25 03:00:00,0.0
2011-09-25 04:00:00,0.0
2011-09-25 05:00:00,0.0
2011-09-25 06:00:00,0.1840000000000001
2011-09-25 07:00:00,2.496
2011-09-25 08:00:00,1.273
2011-09-25 09:00:00,0.284
2011-09-25 10:00:00,1.194
2011-09-25 11:00:00,8.254999999999999
2011-09-25 12:00:00,8.800000000000002
2011-09-25 13:00:00,10.558
2011-09-25 14:00:00,10.858
2011-09-25 15:00:00,0.277
2011-09-25 16:00:00,0.243
2011-09-25 17:00:00,0.0
2011-09-25 18:00:00,0.0
2011-09-25 19:00:00,0.0
2011-09-25 20:00:00,0.0
2011-09-25 21:00:00,0.0
2011-09-25 22:00:00,0.0
2011-09-25 23:00:00,0.0
2011-09-26 00:00:00,0.0
2011-09-26 01:00:00,0.0
2011-09-26 02:00:00,0.0
2011-09-26 03:00:00,0.0
2011-09-26 04:00:00,0.0
2011-09-26 05:00:00,0.06999999999999999
2011-09-26 06:00:00,3.566
2011-09-26 07:00:00,14.391
2011-09-26 08:00:00,25.777
2011-09-26 09:00:00,26.25
2011-09-26 10:00:00,52.83499999999999
2011-09-26 11:00:00,60.566
2011-09-26 12:00:00,54.81699999999999
2011-09-26 13:00:00,55.63800000000001
2011-09-26 14:00:00,42.958
2011-09-26 15:00:00,24.091
2011-09-26 16:00:00,9.414
2011-09-26 17:00:00,0.4710000000000001
2011-09-26 18:00:00,0.0
2011-09-26 19:00:00,0.0
2011-09-26 20:00:00,0.0
2011-09-26 21:00:00,0.0
2011-09-26 22:00:00,0.0
2011-09-26 23:00:00,0.0
2011-09-27 00:00:00,0.0
2011-09-27 01:00:00,0.0
2011-09-27 02:00:00,0.0
2011-09-27 03:00:00,0.0
2011-09-27 04:00:00,0.0
2011-09-27 05:00:00,0.038
2011-09-27 06:00:00,7.649999999999998
2011-09-27 07:00:00,13.263
2011-09-27 08:00:00,24.482
2011-09-27 09:00:00,46.15800000000001
2011-09-27 10:00:00,36.166
2011-09-27 11:00:00,53.404
2011-09-27 12:00:00,59.074
2011-09-27 13:00:00,53.941
2011-09-27 14:00:00,37.09699999999999
2011-09-27 15:00:00,25.11299999999999
2011-09-27 16:00:00,10.674
2011-09-27 17:00:00,1.028
2011-09-27 18:00:00,0.0
2011-09-27 19:00:00,0.0
2011-09-27 20:00:00,0.0
2011-09-27 21:00:00,0.0
2011-09-27 22:00:00,0.0
2011-09-27 23:00:00,0.0
2011-09-28 00:00:00,0.0
2011-09-28 01:00:00,0.0
2011-09-28 02:00:00,0.0
2011-09-28 03:00:00,0.0
2011-09-28 04:00:00,0.0
2011-09-28 05:00:00,0.19
2011-09-28 06:00:00,7.129
2011-09-28 07:00:00,20.157
2011-09-28 08:00:00,28.94900000000001
2011-09-28 09:00:00,43.01899999999999
2011-09-28 10:00:00,47.932
2011-09-28 11:00:00,44.40300000000001
2011-09-28 12:00:00,19.792
2011-09-28 13:00:00,4.004
2011-09-28 14:00:00,3.635
2011-09-28 15:00:00,0.8140000000000004
2011-09-28 16:00:00,0.165
2011-09-28 17:00:00,0.0
2011-09-28 18:00:00,0.0
2011-09-28 19:00:00,0.0
2011-09-28 20:00:00,0.0
2011-09-28 21:00:00,0.0
2011-09-28 22:00:00,0.0
2011-09-28 23:00:00,0.0
2011-09-29 00:00:00,0.0
2011-09-29 01:00:00,0.0
2011-09-29 02:00:00,0.0
2011-09-29 03:00:00,0.0
2011-09-29 04:00:00,0.0
2011-09-29 05:00:00,0.0
2011-09-29 06:00:00,0.8790000000000004
2011-09-29 07:00:00,3.062
2011-09-29 08:00:00,7.364999999999998
2011-09-29 09:00:00,11.763
2011-09-29 10:00:00,25.46299999999999
2011-09-29 11:00:00,21.637
2011-09-29 12:00:00,30.147
2011-09-29 13:00:00,56.487
2011-09-29 14:00:00,46.666
2011-09-29 15:00:00,24.45900000000001
2011-09-29 16:00:00,11.928
2011-09-29 17:00:00,1.189
2011-09-29 18:00:00,0.0
2011-09-29 19:00:00,0.0
2011-09-29 20:00:00,0.0
2011-09-29 21:00:00,0.0
2011-09-29 22:00:00,0.0
2011-09-29 23:00:00,0.0
2011-09-30 00:00:00,0.0
2011-09-30 01:00:00,0.0
2011-09-30 02:00:00,0.0
2011-09-30 03:00:00,0.0
2011-09-30 04:00:00,0.0
2011-09-30 05:00:00,0.5470000000000002
2011-09-30 06:00:00,7.834000000000002
2011-09-30 07:00:00,24.24000000000001
2011-09-30 08:00:00,32.014
2011-09-30 09:00:00,46.09999999999999
2011-09-30 10:00:00,60.70000000000001
2011-09-30 11:00:00,65.875
2011-09-30 12:00:00,63.316
2011-09-30 13:00:00,48.77599999999997
2011-09-30 14:00:00,48.107
2011-09-30 15:00:00,30.564
2011-09-30 16:00:00,13.044
2011-09-30 17:00:00,1.754999999999999
2011-09-30 18:00:00,0.0
2011-09-30 19:00:00,0.0
2011-09-30 20:00:00,0.0
2011-09-30 21:00:00,0.0
2011-09-30 22:00:00,0.0
2011-09-30 23:00:00,0.0
2011-10-01 00:00:00,0.0
2011-10-01 01:00:00,0.0
2011-10-01 02:00:00,0.0
2011-10-01 03:00:00,0.0
2011-10-01 04:00:00,0.0
2011-10-01 05:00:00,0.126
2011-10-01 06:00:00,7.810000000000001
2011-10-01 07:00:00,15.16
2011-10-01 08:00:00,25.781
2011-10-01 09:00:00,51.59699999999999
2011-10-01 10:00:00,47.106
2011-10-01 11:00:00,43.645
2011-10-01 12:00:00,28.321
2011-10-01 13:00:00,22.15
2011-10-01 14:00:00,1.992
2011-10-01 15:00:00,2.631
2011-10-01 16:00:00,1.41
2011-10-01 17:00:00,0.115
2011-10-01 18:00:00,0.0
2011-10-01 19:00:00,0.0
2011-10-01 20:00:00,0.0
2011-10-01 21:00:00,0.0
2011-10-01 22:00:00,0.0
2011-10-01 23:00:00,0.0
2011-10-02 00:00:00,0.0
2011-10-02 01:00:00,0.0
2011-10-02 02:00:00,0.0
2011-10-02 03:00:00,0.0
2011-10-02 04:00:00,0.0
2011-10-02 05:00:00,0.0
2011-10-02 06:00:00,0.0
2011-10-02 07:00:00,0.4440000000000002
2011-10-02 08:00:00,2.486
2011-10-02 09:00:00,4.026999999999999
2011-10-02 10:00:00,4.122000000000002
2011-10-02 11:00:00,4.774
2011-10-02 12:00:00,0.7240000000000003
2011-10-02 13:00:00,3.895999999999999
2011-10-02 14:00:00,14.886
2011-10-02 15:00:00,8.707000000000003
2011-10-02 16:00:00,8.669999999999998
2011-10-02 17:00:00,4.791999999999999
2011-10-02 18:00:00,0.5970000000000003
2011-10-02 19:00:00,0.0
2011-10-02 20:00:00,0.0
2011-10-02 21:00:00,0.0
2011-10-02 22:00:00,0.0
2011-10-02 23:00:00,0.0
2011-10-03 00:00:00,0.0
2011-10-03 01:00:00,0.0
2011-10-03 02:00:00,0.0
2011-10-03 03:00:00,0.0
2011-10-03 04:00:00,0.0
2011-10-03 05:00:00,0.0
2011-10-03 06:00:00,0.125
2011-10-03 07:00:00,2.564
2011-10-03 08:00:00,14.998
2011-10-03 09:00:00,28.893
2011-10-03 10:00:00,39.701
2011-10-03 11:00:00,49.85599999999999
2011-10-03 12:00:00,43.20999999999999
2011-10-03 13:00:00,58.399
2011-10-03 14:00:00,57.184
2011-10-03 15:00:00,47.41300000000001
2011-10-03 16:00:00,30.15
2011-10-03 17:00:00,13.833
2011-10-03 18:00:00,2.237
2011-10-03 19:00:00,0.0
2011-10-03 20:00:00,0.0
2011-10-03 21:00:00,0.0
2011-10-03 22:00:00,0.0
2011-10-03 23:00:00,0.0
2011-10-04 00:00:00,0.0
2011-10-04 01:00:00,0.0
2011-10-04 02:00:00,0.0
2011-10-04 03:00:00,0.0
2011-10-04 04:00:00,0.0
2011-10-04 05:00:00,0.0
2011-10-04 06:00:00,0.045
2011-10-04 07:00:00,5.167999999999999
2011-10-04 08:00:00,11.094
2011-10-04 09:00:00,25.108
2011-10-04 10:00:00,26.58299999999999
2011-10-04 11:00:00,40.661
2011-10-04 12:00:00,35.711
2011-10-04 13:00:00,47.21599999999999
2011-10-04 14:00:00,46.68199999999999
2011-10-04 15:00:00,39.642
2011-10-04 16:00:00,27.045
2011-10-04 17:00:00,12.57499999999999
2011-10-04 18:00:00,1.641999999999999
2011-10-04 19:00:00,0.0
2011-10-04 20:00:00,0.0
2011-10-04 21:00:00,0.0
2011-10-04 22:00:00,0.0
2011-10-04 23:00:00,0.0
2011-10-05 00:00:00,0.0
2011-10-05 01:00:00,0.0
2011-10-05 02:00:00,0.0
2011-10-05 03:00:00,0.0
2011-10-05 04:00:00,0.0
2011-10-05 05:00:00,0.0
2011-10-05 06:00:00,0.108
2011-10-05 07:00:00,5.919000000000001
2011-10-05 08:00:00,18.671
2011-10-05 09:00:00,25.531
2011-10-05 10:00:00,38.51300000000001
2011-10-05 11:00:00,34.38500000000001
2011-10-05 12:00:00,38.30399999999999
2011-10-05 13:00:00,34.483
2011-10-05 14:00:00,30.75399999999999
2011-10-05 15:00:00,21.45
2011-10-05 16:00:00,14.763
2011-10-05 17:00:00,10.596
2011-10-05 18:00:00,0.8540000000000005
2011-10-05 19:00:00,0.0
2011-10-05 20:00:00,0.0
2011-10-05 21:00:00,0.0
2011-10-05 22:00:00,0.0
2011-10-05 23:00:00,0.0
2011-10-06 00:00:00,0.0
2011-10-06 01:00:00,0.0
2011-10-06 02:00:00,0.0
2011-10-06 03:00:00,0.0
2011-10-06 04:00:00,0.0
2011-10-06 05:00:00,0.0
2011-10-06 06:00:00,0.0
2011-10-06 07:00:00,2.238999999999999
2011-10-06 08:00:00,9.869000000000002
2011-10-06 09:00:00,18.347
2011-10-06 10:00:00,36.01800000000001
2011-10-06 11:00:00,28.10900000000001
2011-10-06 12:00:00,24.16800000000001
2011-10-06 13:00:00,14.136
2011-10-06 14:00:00,9.38
2011-10-06 15:00:00,10.696
2011-10-06 16:00:00,9.317999999999998
2011-10-06 17:00:00,2.881000000000001
2011-10-06 18:00:00,0.095
2011-10-06 19:00:00,0.0
2011-10-06 20:00:00,0.0
2011-10-06 21:00:00,0.0
2011-10-06 22:00:00,0.0
2011-10-06 23:00:00,0.0
2011-10-07 00:00:00,0.0
2011-10-07 01:00:00,0.0
2011-10-07 02:00:00,0.0
2011-10-07 03:00:00,0.0
2011-10-07 04:00:00,0.0
2011-10-07 05:00:00,0.0
2011-10-07 06:00:00,0.045
2011-10-07 07:00:00,8.048000000000002
2011-10-07 08:00:00,17.955
2011-10-07 09:00:00,39.74999999999999
2011-10-07 10:00:00,40.607
2011-10-07 11:00:00,38.449
2011-10-07 12:00:00,43.56399999999999
2011-10-07 13:00:00,48.53900000000002
2011-10-07 14:00:00,37.322
2011-10-07 15:00:00,37.847
2011-10-07 16:00:00,25.37400000000001
2011-10-07 17:00:00,10.364
2011-10-07 18:00:00,2.049999999999999
2011-10-07 19:00:00,0.0
2011-10-07 20:00:00,0.0
2011-10-07 21:00:00,0.0
2011-10-07 22:00:00,0.0
2011-10-07 23:00:00,0.0
2011-10-08 00:00:00,0.0
2011-10-08 01:00:00,0.0
2011-10-08 02:00:00,0.0
2011-10-08 03:00:00,0.0
2011-10-08 04:00:00,0.0
2011-10-08 05:00:00,0.0
2011-10-08 06:00:00,0.0
2011-10-08 07:00:00,0.7110000000000003
2011-10-08 08:00:00,6.339999999999999
2011-10-08 09:00:00,24.484
2011-10-08 10:00:00,39.06100000000001
2011-10-08 11:00:00,38.89100000000001
2011-10-08 12:00:00,36.386
2011-10-08 13:00:00,37.54500000000001
2011-10-08 14:00:00,51.74599999999999
2011-10-08 15:00:00,43.904
2011-10-08 16:00:00,27.658
2011-10-08 17:00:00,9.910999999999996
2011-10-08 18:00:00,0.7060000000000002
2011-10-08 19:00:00,0.0
2011-10-08 20:00:00,0.0
2011-10-08 21:00:00,0.0
2011-10-08 22:00:00,0.0
2011-10-08 23:00:00,0.0
2011-10-09 00:00:00,0.0
2011-10-09 01:00:00,0.0
2011-10-09 02:00:00,0.0
2011-10-09 03:00:00,0.0
2011-10-09 04:00:00,0.0
2011-10-09 05:00:00,0.0
2011-10-09 06:00:00,0.5610000000000002
2011-10-09 07:00:00,10.775
2011-10-09 08:00:00,22.181
2011-10-09 09:00:00,34.864
2011-10-09 10:00:00,49.69399999999998
2011-10-09 11:00:00,52.0
2011-10-09 12:00:00,46.05999999999999
2011-10-09 13:00:00,51.589
2011-10-09 14:00:00,48.416
2011-10-09 15:00:00,16.673
2011-10-09 16:00:00,9.364999999999998
2011-10-09 17:00:00,13.858
2011-10-09 18:00:00,1.671999999999999
2011-10-09 19:00:00,0.0
2011-10-09 20:00:00,0.0
2011-10-09 21:00:00,0.0
2011-10-09 22:00:00,0.0
2011-10-09 23:00:00,0.0
2011-10-10 00:00:00,0.0
2011-10-10 01:00:00,0.0
2011-10-10 02:00:00,0.0
2011-10-10 03:00:00,0.0
2011-10-10 04:00:00,0.0
2011-10-10 05:00:00,0.0
2011-10-10 06:00:00,0.8670000000000002
2011-10-10 07:00:00,11.571
2011-10-10 08:00:00,27.81200000000001
2011-10-10 09:00:00,34.367
2011-10-10 10:00:00,45.36000000000001
2011-10-10 11:00:00,37.80800000000001
2011-10-10 12:00:00,45.126
2011-10-10 13:00:00,36.97499999999999
2011-10-10 14:00:00,44.19900000000001
2011-10-10 15:00:00,26.393
2011-10-10 16:00:00,22.486
2011-10-10 17:00:00,11.315
2011-10-10 18:00:00,3.504
2011-10-10 19:00:00,0.0
2011-10-10 20:00:00,0.0
2011-10-10 21:00:00,0.0
2011-10-10 22:00:00,0.0
2011-10-10 23:00:00,0.0
2011-10-11 00:00:00,0.0
2011-10-11 01:00:00,0.0
2011-10-11 02:00:00,0.0
2011-10-11 03:00:00,0.0
2011-10-11 04:00:00,0.0
2011-10-11 05:00:00,0.0
2011-10-11 06:00:00,1.272
2011-10-11 07:00:00,12.371
2011-10-11 08:00:00,27.496
2011-10-11 09:00:00,43.498
2011-10-11 10:00:00,57.099
2011-10-11 11:00:00,62.702
2011-10-11 12:00:00,63.01400000000002
2011-10-11 13:00:00,62.20999999999999
2011-10-11 14:00:00,44.11699999999999
2011-10-11 15:00:00,41.453
2011-10-11 16:00:00,31.158
2011-10-11 17:00:00,13.846
2011-10-11 18:00:00,3.142999999999999
2011-10-11 19:00:00,0.0
2011-10-11 20:00:00,0.0
2011-10-11 21:00:00,0.0
2011-10-11 22:00:00,0.0
2011-10-11 23:00:00,0.0
2011-10-12 00:00:00,0.0
2011-10-12 01:00:00,0.0
2011-10-12 02:00:00,0.0
2011-10-12 03:00:00,0.0
2011-10-12 04:00:00,0.0
2011-10-12 05:00:00,0.0
2011-10-12 06:00:00,1.144
2011-10-12 07:00:00,12.023
2011-10-12 08:00:00,27.567
2011-10-12 09:00:00,38.307
2011-10-12 10:00:00,53.34799999999998
2011-10-12 11:00:00,61.19
2011-10-12 12:00:00,65.73
2011-10-12 13:00:00,64.039
2011-10-12 14:00:00,55.56399999999999
2011-10-12 15:00:00,36.11200000000001
2011-10-12 16:00:00,25.69900000000001
2011-10-12 17:00:00,12.98
2011-10-12 18:00:00,2.370999999999999
2011-10-12 19:00:00,0.0
2011-10-12 20:00:00,0.0
2011-10-12 21:00:00,0.0
2011-10-12 22:00:00,0.0
2011-10-12 23:00:00,0.0
2011-10-13 00:00:00,0.0
2011-10-13 01:00:00,0.0
2011-10-13 02:00:00,0.0
2011-10-13 03:00:00,0.0
2011-10-13 04:00:00,0.0
2011-10-13 05:00:00,0.0
2011-10-13 06:00:00,0.171
2011-10-13 07:00:00,6.128999999999999
2011-10-13 08:00:00,16.66700000000001
2011-10-13 09:00:00,34.25300000000001
2011-10-13 10:00:00,18.217
2011-10-13 11:00:00,20.649
2011-10-13 12:00:00,47.642
2011-10-13 13:00:00,31.16299999999999
2011-10-13 14:00:00,20.066
2011-10-13 15:00:00,14.827
2011-10-13 16:00:00,12.911
2011-10-13 17:00:00,4.949000000000001
2011-10-13 18:00:00,0.9040000000000004
2011-10-13 19:00:00,0.0
2011-10-13 20:00:00,0.0
2011-10-13 21:00:00,0.0
2011-10-13 22:00:00,0.0
2011-10-13 23:00:00,0.0
2011-10-14 00:00:00,0.0
2011-10-14 01:00:00,0.0
2011-10-14 02:00:00,0.0
2011-10-14 03:00:00,0.0
2011-10-14 04:00:00,0.0
2011-10-14 05:00:00,0.0
2011-10-14 06:00:00,0.4030000000000001
2011-10-14 07:00:00,2.120000000000001
2011-10-14 08:00:00,6.664000000000001
2011-10-14 09:00:00,13.341
2011-10-14 10:00:00,22.361
2011-10-14 11:00:00,28.68099999999999
2011-10-14 12:00:00,17.327
2011-10-14 13:00:00,11.758
2011-10-14 14:00:00,5.710999999999999
2011-10-14 15:00:00,9.462
2011-10-14 16:00:00,14.655
2011-10-14 17:00:00,3.45
2011-10-14 18:00:00,0.107
2011-10-14 19:00:00,0.0
2011-10-14 20:00:00,0.0
2011-10-14 21:00:00,0.0
2011-10-14 22:00:00,0.0
2011-10-14 23:00:00,0.0
2011-10-15 00:00:00,0.0
2011-10-15 01:00:00,0.0
2011-10-15 02:00:00,0.0
2011-10-15 03:00:00,0.0
2011-10-15 04:00:00,0.0
2011-10-15 05:00:00,0.0
2011-10-15 06:00:00,0.08199999999999999
2011-10-15 07:00:00,3.661000000000001
2011-10-15 08:00:00,10.167
2011-10-15 09:00:00,14.751
2011-10-15 10:00:00,25.36300000000001
2011-10-15 11:00:00,47.77400000000001
2011-10-15 12:00:00,48.023
2011-10-15 13:00:00,41.76399999999999
2011-10-15 14:00:00,49.418
2011-10-15 15:00:00,36.72800000000002
2011-10-15 16:00:00,14.118
2011-10-15 17:00:00,12.615
2011-10-15 18:00:00,1.506
2011-10-15 19:00:00,0.0
2011-10-15 20:00:00,0.0
2011-10-15 21:00:00,0.0
2011-10-15 22:00:00,0.0
2011-10-15 23:00:00,0.0
2011-10-16 00:00:00,0.0
2011-10-16 01:00:00,0.0
2011-10-16 02:00:00,0.0
2011-10-16 03:00:00,0.0
2011-10-16 04:00:00,0.0
2011-10-16 05:00:00,0.0
2011-10-16 06:00:00,1.595999999999999
2011-10-16 07:00:00,12.757
2011-10-16 08:00:00,27.90399999999999
2011-10-16 09:00:00,43.227
2011-10-16 10:00:00,54.11500000000002
2011-10-16 11:00:00,61.06
2011-10-16 12:00:00,63.61200000000001
2011-10-16 13:00:00,62.10299999999999
2011-10-16 14:00:00,56.075
2011-10-16 15:00:00,45.60400000000001
2011-10-16 16:00:00,29.581
2011-10-16 17:00:00,13.48
2011-10-16 18:00:00,2.643
2011-10-16 19:00:00,0.0
2011-10-16 20:00:00,0.0
2011-10-16 21:00:00,0.0
2011-10-16 22:00:00,0.0
2011-10-16 23:00:00,0.0
2011-10-17 00:00:00,0.0
2011-10-17 01:00:00,0.0
2011-10-17 02:00:00,0.0
2011-10-17 03:00:00,0.0
2011-10-17 04:00:00,0.0
2011-10-17 05:00:00,0.0
2011-10-17 06:00:00,0.4240000000000001
2011-10-17 07:00:00,6.009
2011-10-17 08:00:00,2.355
2011-10-17 09:00:00,5.485999999999998
2011-10-17 10:00:00,14.432
2011-10-17 11:00:00,43.001
2011-10-17 12:00:00,50.72299999999998
2011-10-17 13:00:00,52.964
2011-10-17 14:00:00,49.38099999999999
2011-10-17 15:00:00,40.27099999999999
2011-10-17 16:00:00,32.15600000000001
2011-10-17 17:00:00,13.779
2011-10-17 18:00:00,2.290999999999999
2011-10-17 19:00:00,0.0
2011-10-17 20:00:00,0.0
2011-10-17 21:00:00,0.0
2011-10-17 22:00:00,0.0
2011-10-17 23:00:00,0.0
2011-10-18 00:00:00,0.0
2011-10-18 01:00:00,0.0
2011-10-18 02:00:00,0.0
2011-10-18 03:00:00,0.0
2011-10-18 04:00:00,0.0
2011-10-18 05:00:00,0.0
2011-10-18 06:00:00,0.085
2011-10-18 07:00:00,2.453999999999999
2011-10-18 08:00:00,7.047000000000001
2011-10-18 09:00:00,19.97
2011-10-18 10:00:00,29.909
2011-10-18 11:00:00,47.718
2011-10-18 12:00:00,58.92399999999999
2011-10-18 13:00:00,64.166
2011-10-18 14:00:00,58.216
2011-10-18 15:00:00,48.014
2011-10-18 16:00:00,31.69799999999999
2011-10-18 17:00:00,14.622
2011-10-18 18:00:00,2.939
2011-10-18 19:00:00,0.0
2011-10-18 20:00:00,0.0
2011-10-18 21:00:00,0.0
2011-10-18 22:00:00,0.0
2011-10-18 23:00:00,0.0
2011-10-19 00:00:00,0.0
2011-10-19 01:00:00,0.0
2011-10-19 02:00:00,0.0
2011-10-19 03:00:00,0.0
2011-10-19 04:00:00,0.0
2011-10-19 05:00:00,0.0
2011-10-19 06:00:00,1.982999999999999
2011-10-19 07:00:00,14.0
2011-10-19 08:00:00,29.20099999999999
2011-10-19 09:00:00,43.248
2011-10-19 10:00:00,55.715
2011-10-19 11:00:00,63.77999999999999
2011-10-19 12:00:00,66.653
2011-10-19 13:00:00,65.191
2011-10-19 14:00:00,58.89499999999998
2011-10-19 15:00:00,48.48
2011-10-19 16:00:00,31.985
2011-10-19 17:00:00,14.729
2011-10-19 18:00:00,3.026
2011-10-19 19:00:00,0.0
2011-10-19 20:00:00,0.0
2011-10-19 21:00:00,0.0
2011-10-19 22:00:00,0.0
2011-10-19 23:00:00,0.0
2011-10-20 00:00:00,0.0
2011-10-20 01:00:00,0.0
2011-10-20 02:00:00,0.0
2011-10-20 03:00:00,0.0
2011-10-20 04:00:00,0.0
2011-10-20 05:00:00,0.0
2011-10-20 06:00:00,2.274999999999999
2011-10-20 07:00:00,14.434
2011-10-20 08:00:00,30.627
2011-10-20 09:00:00,45.74400000000001
2011-10-20 10:00:00,57.03899999999998
2011-10-20 11:00:00,62.69499999999999
2011-10-20 12:00:00,64.43999999999998
2011-10-20 13:00:00,63.25299999999998
2011-10-20 14:00:00,57.62099999999999
2011-10-20 15:00:00,47.54499999999998
2011-10-20 16:00:00,31.538
2011-10-20 17:00:00,14.374
2011-10-20 18:00:00,2.916999999999999
2011-10-20 19:00:00,0.0
2011-10-20 20:00:00,0.0
2011-10-20 21:00:00,0.0
2011-10-20 22:00:00,0.0
2011-10-20 23:00:00,0.0
2011-10-21 00:00:00,0.0
2011-10-21 01:00:00,0.0
2011-10-21 02:00:00,0.0
2011-10-21 03:00:00,0.0
2011-10-21 04:00:00,0.0
2011-10-21 05:00:00,0.0
2011-10-21 06:00:00,2.107999999999999
2011-10-21 07:00:00,13.798
2011-10-21 08:00:00,29.40199999999999
2011-10-21 09:00:00,44.61299999999999
2011-10-21 10:00:00,55.231
2011-10-21 11:00:00,60.77900000000001
2011-10-21 12:00:00,62.29800000000002
2011-10-21 13:00:00,60.73100000000001
2011-10-21 14:00:00,55.75499999999999
2011-10-21 15:00:00,46.116
2011-10-21 16:00:00,30.702
2011-10-21 17:00:00,14.12799999999999
2011-10-21 18:00:00,2.897999999999999
2011-10-21 19:00:00,0.0
2011-10-21 20:00:00,0.0
2011-10-21 21:00:00,0.0
2011-10-21 22:00:00,0.0
2011-10-21 23:00:00,0.0
2011-10-22 00:00:00,0.0
2011-10-22 01:00:00,0.0
2011-10-22 02:00:00,0.0
2011-10-22 03:00:00,0.0
2011-10-22 04:00:00,0.0
2011-10-22 05:00:00,0.0
2011-10-22 06:00:00,1.770999999999999
2011-10-22 07:00:00,11.59400000000001
2011-10-22 08:00:00,26.538
2011-10-22 09:00:00,42.495
2011-10-22 10:00:00,53.93900000000001
2011-10-22 11:00:00,60.149
2011-10-22 12:00:00,61.502
2011-10-22 13:00:00,57.17299999999999
2011-10-22 14:00:00,54.41099999999999
2011-10-22 15:00:00,36.21999999999999
2011-10-22 16:00:00,23.153
2011-10-22 17:00:00,16.985
2011-10-22 18:00:00,3.193999999999999
2011-10-22 19:00:00,0.0
2011-10-22 20:00:00,0.0
2011-10-22 21:00:00,0.0
2011-10-22 22:00:00,0.0
2011-10-22 23:00:00,0.0
2011-10-23 00:00:00,0.0
2011-10-23 01:00:00,0.0
2011-10-23 02:00:00,0.0
2011-10-23 03:00:00,0.0
2011-10-23 04:00:00,0.0
2011-10-23 05:00:00,0.0
2011-10-23 06:00:00,1.325999999999999
2011-10-23 07:00:00,6.731999999999999
2011-10-23 08:00:00,10.449
2011-10-23 09:00:00,17.681
2011-10-23 10:00:00,30.03
2011-10-23 11:00:00,49.37500000000001
2011-10-23 12:00:00,50.899
2011-10-23 13:00:00,48.13699999999998
2011-10-23 14:00:00,40.53600000000001
2011-10-23 15:00:00,32.937
2011-10-23 16:00:00,27.854
2011-10-23 17:00:00,12.85
2011-10-23 18:00:00,2.861999999999999
2011-10-23 19:00:00,0.0
2011-10-23 20:00:00,0.0
2011-10-23 21:00:00,0.0
2011-10-23 22:00:00,0.0
2011-10-23 23:00:00,0.0
2011-10-24 00:00:00,0.0
2011-10-24 01:00:00,0.0
2011-10-24 02:00:00,0.0
2011-10-24 03:00:00,0.0
2011-10-24 04:00:00,0.0
2011-10-24 05:00:00,0.0
2011-10-24 06:00:00,2.210999999999999
2011-10-24 07:00:00,13.156
2011-10-24 08:00:00,28.008
2011-10-24 09:00:00,42.534
2011-10-24 10:00:00,53.322
2011-10-24 11:00:00,57.933
2011-10-24 12:00:00,61.69599999999999
2011-10-24 13:00:00,59.68300000000001
2011-10-24 14:00:00,53.13499999999999
2011-10-24 15:00:00,44.279
2011-10-24 16:00:00,28.631
2011-10-24 17:00:00,13.124
2011-10-24 18:00:00,2.714999999999999
2011-10-24 19:00:00,0.0
2011-10-24 20:00:00,0.0
2011-10-24 21:00:00,0.0
2011-10-24 22:00:00,0.0
2011-10-24 23:00:00,0.0
2011-10-25 00:00:00,0.0
2011-10-25 01:00:00,0.0
2011-10-25 02:00:00,0.0
2011-10-25 03:00:00,0.0
2011-10-25 04:00:00,0.0
2011-10-25 05:00:00,0.0
2011-10-25 06:00:00,0.264
2011-10-25 07:00:00,0.508
2011-10-25 08:00:00,8.533999999999997
2011-10-25 09:00:00,22.412
2011-10-25 10:00:00,44.41900000000002
2011-10-25 11:00:00,45.725
2011-10-25 12:00:00,20.112
2011-10-25 13:00:00,18.004
2011-10-25 14:00:00,15.202
2011-10-25 15:00:00,4.663
2011-10-25 16:00:00,0.169
2011-10-25 17:00:00,0.5590000000000002
2011-10-25 18:00:00,0.0
2011-10-25 19:00:00,0.0
2011-10-25 20:00:00,0.0
2011-10-25 21:00:00,0.0
2011-10-25 22:00:00,0.0
2011-10-25 23:00:00,0.0
2011-10-26 00:00:00,0.0
2011-10-26 01:00:00,0.0
2011-10-26 02:00:00,0.0
2011-10-26 03:00:00,0.0
2011-10-26 04:00:00,0.0
2011-10-26 05:00:00,0.0
2011-10-26 06:00:00,0.2280000000000001
2011-10-26 07:00:00,3.769
2011-10-26 08:00:00,6.07
2011-10-26 09:00:00,9.911
2011-10-26 10:00:00,22.75200000000001
2011-10-26 11:00:00,34.19000000000001
2011-10-26 12:00:00,15.8
2011-10-26 13:00:00,16.17900000000001
2011-10-26 14:00:00,13.886
2011-10-26 15:00:00,11.628
2011-10-26 16:00:00,7.308000000000001
2011-10-26 17:00:00,2.283999999999999
2011-10-26 18:00:00,0.026
2011-10-26 19:00:00,0.0
2011-10-26 20:00:00,0.0
2011-10-26 21:00:00,0.0
2011-10-26 22:00:00,0.0
2011-10-26 23:00:00,0.0
2011-10-27 00:00:00,0.0
2011-10-27 01:00:00,0.0
2011-10-27 02:00:00,0.0
2011-10-27 03:00:00,0.0
2011-10-27 04:00:00,0.0
2011-10-27 05:00:00,0.0
2011-10-27 06:00:00,0.114
2011-10-27 07:00:00,7.907000000000002
2011-10-27 08:00:00,18.751
2011-10-27 09:00:00,25.937
2011-10-27 10:00:00,33.33000000000001
2011-10-27 11:00:00,43.71299999999999
2011-10-27 12:00:00,49.83099999999999
2011-10-27 13:00:00,49.486
2011-10-27 14:00:00,44.51300000000001
2011-10-27 15:00:00,33.65000000000001
2011-10-27 16:00:00,21.636
2011-10-27 17:00:00,8.874000000000002
2011-10-27 18:00:00,1.777999999999999
2011-10-27 19:00:00,0.0
2011-10-27 20:00:00,0.0
2011-10-27 21:00:00,0.0
2011-10-27 22:00:00,0.0
2011-10-27 23:00:00,0.0
2011-10-28 00:00:00,0.0
2011-10-28 01:00:00,0.0
2011-10-28 02:00:00,0.0
2011-10-28 03:00:00,0.0
2011-10-28 04:00:00,0.0
2011-10-28 05:00:00,0.0
2011-10-28 06:00:00,1.871999999999999
2011-10-28 07:00:00,11.848
2011-10-28 08:00:00,18.622
2011-10-28 09:00:00,29.247
2011-10-28 10:00:00,34.716
2011-10-28 11:00:00,51.402
2011-10-28 12:00:00,59.95500000000001
2011-10-28 13:00:00,54.74800000000002
2011-10-28 14:00:00,50.954
2011-10-28 15:00:00,39.24099999999999
2011-10-28 16:00:00,27.57099999999999
2011-10-28 17:00:00,10.059
2011-10-28 18:00:00,2.574
2011-10-28 19:00:00,0.0
2011-10-28 20:00:00,0.0
2011-10-28 21:00:00,0.0
2011-10-28 22:00:00,0.0
2011-10-28 23:00:00,0.0
2011-10-29 00:00:00,0.0
2011-10-29 01:00:00,0.0
2011-10-29 02:00:00,0.0
2011-10-29 03:00:00,0.0
2011-10-29 04:00:00,0.0
2011-10-29 05:00:00,0.0
2011-10-29 06:00:00,2.630999999999999
2011-10-29 07:00:00,12.839
2011-10-29 08:00:00,28.007
2011-10-29 09:00:00,41.73800000000001
2011-10-29 10:00:00,36.645
2011-10-29 11:00:00,42.16500000000001
2011-10-29 12:00:00,24.958
2011-10-29 13:00:00,20.28299999999999
2011-10-29 14:00:00,23.247
2011-10-29 15:00:00,17.986
2011-10-29 16:00:00,17.404
2011-10-29 17:00:00,14.754
2011-10-29 18:00:00,3.3
2011-10-29 19:00:00,0.0
2011-10-29 20:00:00,0.0
2011-10-29 21:00:00,0.0
2011-10-29 22:00:00,0.0
2011-10-29 23:00:00,0.0
2011-10-30 00:00:00,0.0
2011-10-30 01:00:00,0.0
2011-10-30 02:00:00,0.0
2011-10-30 03:00:00,0.0
2011-10-30 04:00:00,0.0
2011-10-30 05:00:00,0.0
2011-10-30 06:00:00,1.920999999999999
2011-10-30 07:00:00,9.043999999999995
2011-10-30 08:00:00,24.613
2011-10-30 09:00:00,30.04000000000001
2011-10-30 10:00:00,44.16300000000001
2011-10-30 11:00:00,18.95
2011-10-30 12:00:00,12.19600000000001
2011-10-30 13:00:00,38.62
2011-10-30 14:00:00,20.199
2011-10-30 15:00:00,9.17
2011-10-30 16:00:00,24.057
2011-10-30 17:00:00,15.178
2011-10-30 18:00:00,3.808999999999998
2011-10-30 19:00:00,0.0
2011-10-30 20:00:00,0.0
2011-10-30 21:00:00,0.0
2011-10-30 22:00:00,0.0
2011-10-30 23:00:00,0.0
2011-10-31 00:00:00,0.0
2011-10-31 01:00:00,0.0
2011-10-31 02:00:00,0.0
2011-10-31 03:00:00,0.0
2011-10-31 04:00:00,0.0
2011-10-31 05:00:00,0.0
2011-10-31 06:00:00,1.844999999999999
2011-10-31 07:00:00,14.644
2011-10-31 08:00:00,29.538
2011-10-31 09:00:00,40.56499999999999
2011-10-31 10:00:00,46.339
2011-10-31 11:00:00,51.907
2011-10-31 12:00:00,50.77900000000001
2011-10-31 13:00:00,58.68000000000001
2011-10-31 14:00:00,50.96299999999999
2011-10-31 15:00:00,40.23100000000001
2011-10-31 16:00:00,29.537
2011-10-31 17:00:00,9.740000000000002
2011-10-31 18:00:00,1.433
2011-10-31 19:00:00,0.0
2011-10-31 20:00:00,0.0
2011-10-31 21:00:00,0.0
2011-10-31 22:00:00,0.0
2011-10-31 23:00:00,0.0
2011-11-01 00:00:00,0.0
2011-11-01 01:00:00,0.0
2011-11-01 02:00:00,0.0
2011-11-01 03:00:00,0.0
2011-11-01 04:00:00,0.0
2011-11-01 05:00:00,0.0
2011-11-01 06:00:00,0.9290000000000004
2011-11-01 07:00:00,5.226000000000002
2011-11-01 08:00:00,16.42499999999999
2011-11-01 09:00:00,34.843
2011-11-01 10:00:00,29.308
2011-11-01 11:00:00,14.543
2011-11-01 12:00:00,32.086
2011-11-01 13:00:00,41.989
2011-11-01 14:00:00,43.85100000000001
2011-11-01 15:00:00,36.04799999999999
2011-11-01 16:00:00,26.48400000000001
2011-11-01 17:00:00,14.213
2011-11-01 18:00:00,3.752000000000001
2011-11-01 19:00:00,0.013
2011-11-01 20:00:00,0.0
2011-11-01 21:00:00,0.0
2011-11-01 22:00:00,0.0
2011-11-01 23:00:00,0.0
2011-11-02 00:00:00,0.0
2011-11-02 01:00:00,0.0
2011-11-02 02:00:00,0.0
2011-11-02 03:00:00,0.0
2011-11-02 04:00:00,0.0
2011-11-02 05:00:00,0.0
2011-11-02 06:00:00,3.139999999999999
2011-11-02 07:00:00,14.57
2011-11-02 08:00:00,29.67400000000001
2011-11-02 09:00:00,43.083
2011-11-02 10:00:00,52.858
2011-11-02 11:00:00,58.40800000000001
2011-11-02 12:00:00,57.99400000000002
2011-11-02 13:00:00,56.52799999999998
2011-11-02 14:00:00,43.431
2011-11-02 15:00:00,42.93899999999999
2011-11-02 16:00:00,20.976
2011-11-02 17:00:00,7.547000000000002
2011-11-02 18:00:00,3.316
2011-11-02 19:00:00,0.0
2011-11-02 20:00:00,0.0
2011-11-02 21:00:00,0.0
2011-11-02 22:00:00,0.0
2011-11-02 23:00:00,0.0
2011-11-03 00:00:00,0.0
2011-11-03 01:00:00,0.0
2011-11-03 02:00:00,0.0
2011-11-03 03:00:00,0.0
2011-11-03 04:00:00,0.0
2011-11-03 05:00:00,0.0
2011-11-03 06:00:00,1.202
2011-11-03 07:00:00,6.436000000000001
2011-11-03 08:00:00,2.823
2011-11-03 09:00:00,6.152
2011-11-03 10:00:00,8.165000000000001
2011-11-03 11:00:00,13.887
2011-11-03 12:00:00,19.175
2011-11-03 13:00:00,12.938
2011-11-03 14:00:00,10.554
2011-11-03 15:00:00,30.726
2011-11-03 16:00:00,24.67599999999999
2011-11-03 17:00:00,16.311
2011-11-03 18:00:00,3.903999999999999
2011-11-03 19:00:00,0.026
2011-11-03 20:00:00,0.0
2011-11-03 21:00:00,0.0
2011-11-03 22:00:00,0.0
2011-11-03 23:00:00,0.0
2011-11-04 00:00:00,0.0
2011-11-04 01:00:00,0.0
2011-11-04 02:00:00,0.0
2011-11-04 03:00:00,0.0
2011-11-04 04:00:00,0.0
2011-11-04 05:00:00,0.0
2011-11-04 06:00:00,3.725999999999999
2011-11-04 07:00:00,15.774
2011-11-04 08:00:00,30.833
2011-11-04 09:00:00,45.22799999999999
2011-11-04 10:00:00,56.138
2011-11-04 11:00:00,62.35000000000002
2011-11-04 12:00:00,64.47600000000001
2011-11-04 13:00:00,62.50799999999999
2011-11-04 14:00:00,56.81699999999999
2011-11-04 15:00:00,46.81999999999999
2011-11-04 16:00:00,32.03099999999999
2011-11-04 17:00:00,15.757
2011-11-04 18:00:00,4.203000000000001
2011-11-04 19:00:00,0.038
2011-11-04 20:00:00,0.0
2011-11-04 21:00:00,0.0
2011-11-04 22:00:00,0.0
2011-11-04 23:00:00,0.0
2011-11-05 00:00:00,0.0
2011-11-05 01:00:00,0.0
2011-11-05 02:00:00,0.0
2011-11-05 03:00:00,0.0
2011-11-05 04:00:00,0.0
2011-11-05 05:00:00,0.0
2011-11-05 06:00:00,1.338
2011-11-05 07:00:00,7.798999999999999
2011-11-05 08:00:00,24.472
2011-11-05 09:00:00,42.08799999999999
2011-11-05 10:00:00,54.52499999999998
2011-11-05 11:00:00,59.95
2011-11-05 12:00:00,64.398
2011-11-05 13:00:00,62.75299999999999
2011-11-05 14:00:00,57.186
2011-11-05 15:00:00,47.39999999999999
2011-11-05 16:00:00,32.27499999999999
2011-11-05 17:00:00,13.818
2011-11-05 18:00:00,3.918
2011-11-05 19:00:00,0.032
2011-11-05 20:00:00,0.0
2011-11-05 21:00:00,0.0
2011-11-05 22:00:00,0.0
2011-11-05 23:00:00,0.0
2011-11-06 00:00:00,0.0
2011-11-06 01:00:00,0.0
2011-11-06 02:00:00,0.0
2011-11-06 03:00:00,0.0
2011-11-06 04:00:00,0.0
2011-11-06 05:00:00,0.0
2011-11-06 06:00:00,3.778
2011-11-06 07:00:00,15.365
2011-11-06 08:00:00,29.882
2011-11-06 09:00:00,43.227
2011-11-06 10:00:00,53.00899999999999
2011-11-06 11:00:00,49.34899999999998
2011-11-06 12:00:00,59.59
2011-11-06 13:00:00,31.58299999999999
2011-11-06 14:00:00,48.72899999999999
2011-11-06 15:00:00,32.568
2011-11-06 16:00:00,16.229
2011-11-06 17:00:00,4.725000000000001
2011-11-06 18:00:00,1.693
2011-11-06 19:00:00,0.0
2011-11-06 20:00:00,0.0
2011-11-06 21:00:00,0.0
2011-11-06 22:00:00,0.0
2011-11-06 23:00:00,0.0
2011-11-07 00:00:00,0.0
2011-11-07 01:00:00,0.0
2011-11-07 02:00:00,0.0
2011-11-07 03:00:00,0.0
2011-11-07 04:00:00,0.0
2011-11-07 05:00:00,0.0
2011-11-07 06:00:00,2.612999999999999
2011-11-07 07:00:00,6.559000000000001
2011-11-07 08:00:00,24.271
2011-11-07 09:00:00,40.194
2011-11-07 10:00:00,51.822
2011-11-07 11:00:00,55.528
2011-11-07 12:00:00,55.813
2011-11-07 13:00:00,47.53600000000002
2011-11-07 14:00:00,42.07300000000001
2011-11-07 15:00:00,32.64199999999999
2011-11-07 16:00:00,29.539
2011-11-07 17:00:00,14.277
2011-11-07 18:00:00,1.409
2011-11-07 19:00:00,0.0
2011-11-07 20:00:00,0.0
2011-11-07 21:00:00,0.0
2011-11-07 22:00:00,0.0
2011-11-07 23:00:00,0.0
2011-11-08 00:00:00,0.0
2011-11-08 01:00:00,0.0
2011-11-08 02:00:00,0.0
2011-11-08 03:00:00,0.0
2011-11-08 04:00:00,0.0
2011-11-08 05:00:00,0.0
2011-11-08 06:00:00,2.686999999999999
2011-11-08 07:00:00,14.204
2011-11-08 08:00:00,27.096
2011-11-08 09:00:00,41.03800000000001
2011-11-08 10:00:00,51.45700000000001
2011-11-08 11:00:00,57.746
2011-11-08 12:00:00,59.57500000000001
2011-11-08 13:00:00,55.459
2011-11-08 14:00:00,47.40299999999998
2011-11-08 15:00:00,33.71100000000001
2011-11-08 16:00:00,29.61399999999999
2011-11-08 17:00:00,10.941
2011-11-08 18:00:00,2.803
2011-11-08 19:00:00,0.0
2011-11-08 20:00:00,0.0
2011-11-08 21:00:00,0.0
2011-11-08 22:00:00,0.0
2011-11-08 23:00:00,0.0
2011-11-09 00:00:00,0.0
2011-11-09 01:00:00,0.0
2011-11-09 02:00:00,0.0
2011-11-09 03:00:00,0.0
2011-11-09 04:00:00,0.0
2011-11-09 05:00:00,0.0
2011-11-09 06:00:00,3.422
2011-11-09 07:00:00,14.103
2011-11-09 08:00:00,29.58099999999999
2011-11-09 09:00:00,33.76600000000001
2011-11-09 10:00:00,47.332
2011-11-09 11:00:00,58.39899999999999
2011-11-09 12:00:00,51.89100000000001
2011-11-09 13:00:00,43.154
2011-11-09 14:00:00,34.67499999999999
2011-11-09 15:00:00,29.504
2011-11-09 16:00:00,17.381
2011-11-09 17:00:00,12.413
2011-11-09 18:00:00,3.692
2011-11-09 19:00:00,0.106
2011-11-09 20:00:00,0.0
2011-11-09 21:00:00,0.0
2011-11-09 22:00:00,0.0
2011-11-09 23:00:00,0.0
2011-11-10 00:00:00,0.0
2011-11-10 01:00:00,0.0
2011-11-10 02:00:00,0.0
2011-11-10 03:00:00,0.0
2011-11-10 04:00:00,0.0
2011-11-10 05:00:00,0.0
2011-11-10 06:00:00,4.171
2011-11-10 07:00:00,2.889
2011-11-10 08:00:00,4.591
2011-11-10 09:00:00,8.832999999999997
2011-11-10 10:00:00,6.037999999999999
2011-11-10 11:00:00,5.081999999999999
2011-11-10 12:00:00,13.567
2011-11-10 13:00:00,21.141
2011-11-10 14:00:00,21.863
2011-11-10 15:00:00,17.287
2011-11-10 16:00:00,23.39999999999999
2011-11-10 17:00:00,17.202
2011-11-10 18:00:00,4.419
2011-11-10 19:00:00,0.15
2011-11-10 20:00:00,0.0
2011-11-10 21:00:00,0.0
2011-11-10 22:00:00,0.0
2011-11-10 23:00:00,0.0
2011-11-11 00:00:00,0.0
2011-11-11 01:00:00,0.0
2011-11-11 02:00:00,0.0
2011-11-11 03:00:00,0.0
2011-11-11 04:00:00,0.0
2011-11-11 05:00:00,0.0
2011-11-11 06:00:00,2.367999999999999
2011-11-11 07:00:00,12.675
2011-11-11 08:00:00,22.05299999999999
2011-11-11 09:00:00,36.881
2011-11-11 10:00:00,44.47799999999998
2011-11-11 11:00:00,57.24200000000001
2011-11-11 12:00:00,62.701
2011-11-11 13:00:00,61.98500000000002
2011-11-11 14:00:00,49.095
2011-11-11 15:00:00,39.651
2011-11-11 16:00:00,18.67
2011-11-11 17:00:00,6.124999999999999
2011-11-11 18:00:00,0.6150000000000002
2011-11-11 19:00:00,0.0
2011-11-11 20:00:00,0.0
2011-11-11 21:00:00,0.0
2011-11-11 22:00:00,0.0
2011-11-11 23:00:00,0.0
2011-11-12 00:00:00,0.0
2011-11-12 01:00:00,0.0
2011-11-12 02:00:00,0.0
2011-11-12 03:00:00,0.0
2011-11-12 04:00:00,0.0
2011-11-12 05:00:00,0.0
2011-11-12 06:00:00,2.703999999999998
2011-11-12 07:00:00,8.045
2011-11-12 08:00:00,17.114
2011-11-12 09:00:00,26.92700000000001
2011-11-12 10:00:00,46.59600000000001
2011-11-12 11:00:00,48.60399999999999
2011-11-12 12:00:00,51.793
2011-11-12 13:00:00,48.03599999999999
2011-11-12 14:00:00,50.879
2011-11-12 15:00:00,21.409
2011-11-12 16:00:00,30.06900000000001
2011-11-12 17:00:00,15.595
2011-11-12 18:00:00,5.066
2011-11-12 19:00:00,0.145
2011-11-12 20:00:00,0.0
2011-11-12 21:00:00,0.0
2011-11-12 22:00:00,0.0
2011-11-12 23:00:00,0.0
2011-11-13 00:00:00,0.0
2011-11-13 01:00:00,0.0
2011-11-13 02:00:00,0.0
2011-11-13 03:00:00,0.0
2011-11-13 04:00:00,0.0
2011-11-13 05:00:00,0.0
2011-11-13 06:00:00,2.791
2011-11-13 07:00:00,10.704
2011-11-13 08:00:00,14.044
2011-11-13 09:00:00,38.146
2011-11-13 10:00:00,43.04299999999999
2011-11-13 11:00:00,56.515
2011-11-13 12:00:00,54.09800000000001
2011-11-13 13:00:00,44.05499999999999
2011-11-13 14:00:00,41.72500000000001
2011-11-13 15:00:00,41.96299999999999
2011-11-13 16:00:00,31.287
2011-11-13 17:00:00,15.178
2011-11-13 18:00:00,2.915
2011-11-13 19:00:00,0.026
2011-11-13 20:00:00,0.0
2011-11-13 21:00:00,0.0
2011-11-13 22:00:00,0.0
2011-11-13 23:00:00,0.0
2011-11-14 00:00:00,0.0
2011-11-14 01:00:00,0.0
2011-11-14 02:00:00,0.0
2011-11-14 03:00:00,0.0
2011-11-14 04:00:00,0.0
2011-11-14 05:00:00,0.0
2011-11-14 06:00:00,1.583999999999999
2011-11-14 07:00:00,7.227
2011-11-14 08:00:00,25.37300000000001
2011-11-14 09:00:00,43.782
2011-11-14 10:00:00,53.79499999999998
2011-11-14 11:00:00,58.82
2011-11-14 12:00:00,59.66699999999999
2011-11-14 13:00:00,56.72900000000001
2011-11-14 14:00:00,50.32699999999999
2011-11-14 15:00:00,35.95500000000001
2011-11-14 16:00:00,28.266
2011-11-14 17:00:00,13.684
2011-11-14 18:00:00,5.849
2011-11-14 19:00:00,0.139
2011-11-14 20:00:00,0.0
2011-11-14 21:00:00,0.0
2011-11-14 22:00:00,0.0
2011-11-14 23:00:00,0.0
2011-11-15 00:00:00,0.0
2011-11-15 01:00:00,0.0
2011-11-15 02:00:00,0.0
2011-11-15 03:00:00,0.0
2011-11-15 04:00:00,0.0
2011-11-15 05:00:00,0.013
2011-11-15 06:00:00,4.237000000000001
2011-11-15 07:00:00,15.933
2011-11-15 08:00:00,30.68600000000001
2011-11-15 09:00:00,44.42
2011-11-15 10:00:00,54.39899999999999
2011-11-15 11:00:00,60.54499999999999
2011-11-15 12:00:00,62.79599999999999
2011-11-15 13:00:00,60.91200000000001
2011-11-15 14:00:00,55.64299999999999
2011-11-15 15:00:00,46.35599999999999
2011-11-15 16:00:00,32.979
2011-11-15 17:00:00,17.293
2011-11-15 18:00:00,5.298
2011-11-15 19:00:00,0.169
2011-11-15 20:00:00,0.0
2011-11-15 21:00:00,0.0
2011-11-15 22:00:00,0.0
2011-11-15 23:00:00,0.0
2011-11-16 00:00:00,0.0
2011-11-16 01:00:00,0.0
2011-11-16 02:00:00,0.0
2011-11-16 03:00:00,0.0
2011-11-16 04:00:00,0.0
2011-11-16 05:00:00,0.013
2011-11-16 06:00:00,3.637999999999999
2011-11-16 07:00:00,13.776
2011-11-16 08:00:00,23.35599999999999
2011-11-16 09:00:00,20.984
2011-11-16 10:00:00,31.32800000000001
2011-11-16 11:00:00,14.12
2011-11-16 12:00:00,16.867
2011-11-16 13:00:00,9.851
2011-11-16 14:00:00,7.358
2011-11-16 15:00:00,9.670999999999998
2011-11-16 16:00:00,0.2750000000000001
2011-11-16 17:00:00,0.39
2011-11-16 18:00:00,0.125
2011-11-16 19:00:00,0.0
2011-11-16 20:00:00,0.0
2011-11-16 21:00:00,0.0
2011-11-16 22:00:00,0.0
2011-11-16 23:00:00,0.0
2011-11-17 00:00:00,0.0
2011-11-17 01:00:00,0.0
2011-11-17 02:00:00,0.0
2011-11-17 03:00:00,0.0
2011-11-17 04:00:00,0.0
2011-11-17 05:00:00,0.0
2011-11-17 06:00:00,0.0
2011-11-17 07:00:00,0.6110000000000002
2011-11-17 08:00:00,2.156
2011-11-17 09:00:00,1.718
2011-11-17 10:00:00,3.207
2011-11-17 11:00:00,4.682000000000001
2011-11-17 12:00:00,4.116000000000001
2011-11-17 13:00:00,5.138
2011-11-17 14:00:00,5.121
2011-11-17 15:00:00,4.065
2011-11-17 16:00:00,2.782
2011-11-17 17:00:00,0.5990000000000002
2011-11-17 18:00:00,0.09399999999999999
2011-11-17 19:00:00,0.0
2011-11-17 20:00:00,0.0
2011-11-17 21:00:00,0.0
2011-11-17 22:00:00,0.0
2011-11-17 23:00:00,0.0
2011-11-18 00:00:00,0.0
2011-11-18 01:00:00,0.0
2011-11-18 02:00:00,0.0
2011-11-18 03:00:00,0.0
2011-11-18 04:00:00,0.0
2011-11-18 05:00:00,0.0
2011-11-18 06:00:00,0.6460000000000004
2011-11-18 07:00:00,3.067
2011-11-18 08:00:00,8.578000000000005
2011-11-18 09:00:00,14.763
2011-11-18 10:00:00,25.035
2011-11-18 11:00:00,17.843
2011-11-18 12:00:00,29.63199999999999
2011-11-18 13:00:00,38.912
2011-11-18 14:00:00,38.94800000000001
2011-11-18 15:00:00,41.863
2011-11-18 16:00:00,32.124
2011-11-18 17:00:00,17.47
2011-11-18 18:00:00,5.472
2011-11-18 19:00:00,0.195
2011-11-18 20:00:00,0.0
2011-11-18 21:00:00,0.0
2011-11-18 22:00:00,0.0
2011-11-18 23:00:00,0.0
2011-11-19 00:00:00,0.0
2011-11-19 01:00:00,0.0
2011-11-19 02:00:00,0.0
2011-11-19 03:00:00,0.0
2011-11-19 04:00:00,0.0
2011-11-19 05:00:00,0.0
2011-11-19 06:00:00,1.102
2011-11-19 07:00:00,6.696999999999999
2011-11-19 08:00:00,18.117
2011-11-19 09:00:00,41.01100000000002
2011-11-19 10:00:00,54.50599999999997
2011-11-19 11:00:00,59.75100000000001
2011-11-19 12:00:00,60.84499999999999
2011-11-19 13:00:00,59.47099999999999
2011-11-19 14:00:00,54.32700000000001
2011-11-19 15:00:00,44.26
2011-11-19 16:00:00,30.75
2011-11-19 17:00:00,16.479
2011-11-19 18:00:00,5.056999999999999
2011-11-19 19:00:00,0.144
2011-11-19 20:00:00,0.0
2011-11-19 21:00:00,0.0
2011-11-19 22:00:00,0.0
2011-11-19 23:00:00,0.0
2011-11-20 00:00:00,0.0
2011-11-20 01:00:00,0.0
2011-11-20 02:00:00,0.0
2011-11-20 03:00:00,0.0
2011-11-20 04:00:00,0.0
2011-11-20 05:00:00,0.0
2011-11-20 06:00:00,4.103
2011-11-20 07:00:00,14.964
2011-11-20 08:00:00,25.587
2011-11-20 09:00:00,34.555
2011-11-20 10:00:00,50.169
2011-11-20 11:00:00,56.294
2011-11-20 12:00:00,57.909
2011-11-20 13:00:00,58.456
2011-11-20 14:00:00,52.12599999999999
2011-11-20 15:00:00,38.666
2011-11-20 16:00:00,16.69900000000001
2011-11-20 17:00:00,4.066000000000001
2011-11-20 18:00:00,0.032
2011-11-20 19:00:00,0.0
2011-11-20 20:00:00,0.0
2011-11-20 21:00:00,0.0
2011-11-20 22:00:00,0.0
2011-11-20 23:00:00,0.0
2011-11-21 00:00:00,0.0
2011-11-21 01:00:00,0.0
2011-11-21 02:00:00,0.0
2011-11-21 03:00:00,0.0
2011-11-21 04:00:00,0.0
2011-11-21 05:00:00,0.0
2011-11-21 06:00:00,1.01
2011-11-21 07:00:00,3.578
2011-11-21 08:00:00,8.441
2011-11-21 09:00:00,12.571
2011-11-21 10:00:00,23.688
2011-11-21 11:00:00,30.167
2011-11-21 12:00:00,31.717
2011-11-21 13:00:00,32.63600000000001
2011-11-21 14:00:00,20.579
2011-11-21 15:00:00,5.648999999999999
2011-11-21 16:00:00,2.682999999999999
2011-11-21 17:00:00,1.196
2011-11-21 18:00:00,0.0
2011-11-21 19:00:00,0.0
2011-11-21 20:00:00,0.0
2011-11-21 21:00:00,0.0
2011-11-21 22:00:00,0.0
2011-11-21 23:00:00,0.0
2011-11-22 00:00:00,0.0
2011-11-22 01:00:00,0.0
2011-11-22 02:00:00,0.0
2011-11-22 03:00:00,0.0
2011-11-22 04:00:00,0.0
2011-11-22 05:00:00,0.0
2011-11-22 06:00:00,0.081
2011-11-22 07:00:00,4.714000000000001
2011-11-22 08:00:00,13.709
2011-11-22 09:00:00,11.799
2011-11-22 10:00:00,32.43599999999999
2011-11-22 11:00:00,50.029
2011-11-22 12:00:00,41.709
2011-11-22 13:00:00,26.64699999999999
2011-11-22 14:00:00,7.512
2011-11-22 15:00:00,16.238
2011-11-22 16:00:00,10.071
2011-11-22 17:00:00,1.291
2011-11-22 18:00:00,0.05
2011-11-22 19:00:00,0.0
2011-11-22 20:00:00,0.0
2011-11-22 21:00:00,0.0
2011-11-22 22:00:00,0.0
2011-11-22 23:00:00,0.0
2011-11-23 00:00:00,0.0
2011-11-23 01:00:00,0.0
2011-11-23 02:00:00,0.0
2011-11-23 03:00:00,0.0
2011-11-23 04:00:00,0.0
2011-11-23 05:00:00,0.0
2011-11-23 06:00:00,0.0
2011-11-23 07:00:00,0.6770000000000003
2011-11-23 08:00:00,1.093
2011-11-23 09:00:00,1.679
2011-11-23 10:00:00,2.588
2011-11-23 11:00:00,3.772
2011-11-23 12:00:00,4.934000000000001
2011-11-23 13:00:00,4.473
2011-11-23 14:00:00,6.351000000000001
2011-11-23 15:00:00,3.302
2011-11-23 16:00:00,1.881
2011-11-23 17:00:00,1.553
2011-11-23 18:00:00,0.103
2011-11-23 19:00:00,0.0
2011-11-23 20:00:00,0.0
2011-11-23 21:00:00,0.0
2011-11-23 22:00:00,0.0
2011-11-23 23:00:00,0.0
2011-11-24 00:00:00,0.0
2011-11-24 01:00:00,0.0
2011-11-24 02:00:00,0.0
2011-11-24 03:00:00,0.0
2011-11-24 04:00:00,0.0
2011-11-24 05:00:00,0.0
2011-11-24 06:00:00,0.058
2011-11-24 07:00:00,2.068
2011-11-24 08:00:00,3.294
2011-11-24 09:00:00,8.749
2011-11-24 10:00:00,8.357000000000001
2011-11-24 11:00:00,11.779
2011-11-24 12:00:00,16.639
2011-11-24 13:00:00,9.713
2011-11-24 14:00:00,11.604
2011-11-24 15:00:00,9.444000000000003
2011-11-24 16:00:00,4.22
2011-11-24 17:00:00,3.067
2011-11-24 18:00:00,0.6890000000000004
2011-11-24 19:00:00,0.0
2011-11-24 20:00:00,0.0
2011-11-24 21:00:00,0.0
2011-11-24 22:00:00,0.0
2011-11-24 23:00:00,0.0
2011-11-25 00:00:00,0.0
2011-11-25 01:00:00,0.0
2011-11-25 02:00:00,0.0
2011-11-25 03:00:00,0.0
2011-11-25 04:00:00,0.0
2011-11-25 05:00:00,0.0
2011-11-25 06:00:00,0.032
2011-11-25 07:00:00,1.983999999999999
2011-11-25 08:00:00,3.956
2011-11-25 09:00:00,11.875
2011-11-25 10:00:00,16.277
2011-11-25 11:00:00,16.584
2011-11-25 12:00:00,17.41000000000001
2011-11-25 13:00:00,11.361
2011-11-25 14:00:00,12.834
2011-11-25 15:00:00,8.649000000000003
2011-11-25 16:00:00,7.504000000000001
2011-11-25 17:00:00,2.671
2011-11-25 18:00:00,0.2800000000000001
2011-11-25 19:00:00,0.0
2011-11-25 20:00:00,0.0
2011-11-25 21:00:00,0.0
2011-11-25 22:00:00,0.0
2011-11-25 23:00:00,0.0
2011-11-26 00:00:00,0.0
2011-11-26 01:00:00,0.0
2011-11-26 02:00:00,0.0
2011-11-26 03:00:00,0.0
2011-11-26 04:00:00,0.0
2011-11-26 05:00:00,0.0
2011-11-26 06:00:00,0.0
2011-11-26 07:00:00,0.8200000000000004
2011-11-26 08:00:00,2.012
2011-11-26 09:00:00,11.713
2011-11-26 10:00:00,14.793
2011-11-26 11:00:00,21.334
2011-11-26 12:00:00,16.045
2011-11-26 13:00:00,40.18299999999999
2011-11-26 14:00:00,39.057
2011-11-26 15:00:00,43.697
2011-11-26 16:00:00,21.992
2011-11-26 17:00:00,11.393
2011-11-26 18:00:00,7.164
2011-11-26 19:00:00,0.7670000000000002
2011-11-26 20:00:00,0.0
2011-11-26 21:00:00,0.0
2011-11-26 22:00:00,0.0
2011-11-26 23:00:00,0.0
2011-11-27 00:00:00,0.0
2011-11-27 01:00:00,0.0
2011-11-27 02:00:00,0.0
2011-11-27 03:00:00,0.0
2011-11-27 04:00:00,0.0
2011-11-27 05:00:00,0.044
2011-11-27 06:00:00,4.94
2011-11-27 07:00:00,16.64700000000001
2011-11-27 08:00:00,31.42300000000001
2011-11-27 09:00:00,45.13199999999998
2011-11-27 10:00:00,55.60199999999999
2011-11-27 11:00:00,61.70699999999998
2011-11-27 12:00:00,63.26
2011-11-27 13:00:00,56.79200000000001
2011-11-27 14:00:00,45.554
2011-11-27 15:00:00,24.729
2011-11-27 16:00:00,21.658
2011-11-27 17:00:00,18.382
2011-11-27 18:00:00,6.279000000000001
2011-11-27 19:00:00,0.4390000000000001
2011-11-27 20:00:00,0.0
2011-11-27 21:00:00,0.0
2011-11-27 22:00:00,0.0
2011-11-27 23:00:00,0.0
2011-11-28 00:00:00,0.0
2011-11-28 01:00:00,0.0
2011-11-28 02:00:00,0.0
2011-11-28 03:00:00,0.0
2011-11-28 04:00:00,0.0
2011-11-28 05:00:00,0.044
2011-11-28 06:00:00,5.016
2011-11-28 07:00:00,16.18300000000001
2011-11-28 08:00:00,29.876
2011-11-28 09:00:00,44.2
2011-11-28 10:00:00,53.974
2011-11-28 11:00:00,57.505
2011-11-28 12:00:00,60.086
2011-11-28 13:00:00,58.97900000000001
2011-11-28 14:00:00,53.22699999999999
2011-11-28 15:00:00,44.58900000000001
2011-11-28 16:00:00,29.45
2011-11-28 17:00:00,19.911
2011-11-28 18:00:00,6.954999999999998
2011-11-28 19:00:00,0.5210000000000001
2011-11-28 20:00:00,0.0
2011-11-28 21:00:00,0.0
2011-11-28 22:00:00,0.0
2011-11-28 23:00:00,0.0
2011-11-29 00:00:00,0.0
2011-11-29 01:00:00,0.0
2011-11-29 02:00:00,0.0
2011-11-29 03:00:00,0.0
2011-11-29 04:00:00,0.0
2011-11-29 05:00:00,0.094
2011-11-29 06:00:00,3.482999999999999
2011-11-29 07:00:00,16.054
2011-11-29 08:00:00,30.066
2011-11-29 09:00:00,43.445
2011-11-29 10:00:00,53.336
2011-11-29 11:00:00,59.13700000000001
2011-11-29 12:00:00,62.95
2011-11-29 13:00:00,61.86300000000002
2011-11-29 14:00:00,50.14600000000001
2011-11-29 15:00:00,33.72799999999999
2011-11-29 16:00:00,22.628
2011-11-29 17:00:00,14.234
2011-11-29 18:00:00,4.032000000000002
2011-11-29 19:00:00,0.17
2011-11-29 20:00:00,0.0
2011-11-29 21:00:00,0.0
2011-11-29 22:00:00,0.0
2011-11-29 23:00:00,0.0
2011-11-30 00:00:00,0.0
2011-11-30 01:00:00,0.0
2011-11-30 02:00:00,0.0
2011-11-30 03:00:00,0.0
2011-11-30 04:00:00,0.0
2011-11-30 05:00:00,0.0
2011-11-30 06:00:00,4.109000000000001
2011-11-30 07:00:00,16.528
2011-11-30 08:00:00,34.78299999999999
2011-11-30 09:00:00,43.428
2011-11-30 10:00:00,55.387
2011-11-30 11:00:00,60.77399999999999
2011-11-30 12:00:00,61.206
2011-11-30 13:00:00,51.337
2011-11-30 14:00:00,36.465
2011-11-30 15:00:00,34.987
2011-11-30 16:00:00,20.572
2011-11-30 17:00:00,13.612
2011-11-30 18:00:00,5.52
2011-11-30 19:00:00,0.026
2011-11-30 20:00:00,0.0
2011-11-30 21:00:00,0.0
2011-11-30 22:00:00,0.0
2011-11-30 23:00:00,0.0
2011-12-01 00:00:00,0.0
2011-12-01 01:00:00,0.0
2011-12-01 02:00:00,0.0
2011-12-01 03:00:00,0.0
2011-12-01 04:00:00,0.0
2011-12-01 05:00:00,0.0
2011-12-01 06:00:00,0.254
2011-12-01 07:00:00,3.379
2011-12-01 08:00:00,8.878000000000002
2011-12-01 09:00:00,11.116
2011-12-01 10:00:00,27.989
2011-12-01 11:00:00,56.25399999999999
2011-12-01 12:00:00,60.55799999999999
2011-12-01 13:00:00,63.23099999999999
2011-12-01 14:00:00,50.245
2011-12-01 15:00:00,44.41199999999999
2011-12-01 16:00:00,35.12899999999999
2011-12-01 17:00:00,22.609
2011-12-01 18:00:00,8.99
2011-12-01 19:00:00,1.400999999999999
2011-12-01 20:00:00,0.0
2011-12-01 21:00:00,0.0
2011-12-01 22:00:00,0.0
2011-12-01 23:00:00,0.0
2011-12-02 00:00:00,0.0
2011-12-02 01:00:00,0.0
2011-12-02 02:00:00,0.0
2011-12-02 03:00:00,0.0
2011-12-02 04:00:00,0.0
2011-12-02 05:00:00,0.026
2011-12-02 06:00:00,3.769999999999999
2011-12-02 07:00:00,4.045000000000001
2011-12-02 08:00:00,7.936999999999999
2011-12-02 09:00:00,14.882
2011-12-02 10:00:00,18.842
2011-12-02 11:00:00,18.957
2011-12-02 12:00:00,31.006
2011-12-02 13:00:00,56.108
2011-12-02 14:00:00,54.67099999999999
2011-12-02 15:00:00,51.772
2011-12-02 16:00:00,37.89099999999999
2011-12-02 17:00:00,18.862
2011-12-02 18:00:00,6.021999999999999
2011-12-02 19:00:00,0.6130000000000002
2011-12-02 20:00:00,0.0
2011-12-02 21:00:00,0.0
2011-12-02 22:00:00,0.0
2011-12-02 23:00:00,0.0
2011-12-03 00:00:00,0.0
2011-12-03 01:00:00,0.0
2011-12-03 02:00:00,0.0
2011-12-03 03:00:00,0.0
2011-12-03 04:00:00,0.0
2011-12-03 05:00:00,0.0
2011-12-03 06:00:00,5.189
2011-12-03 07:00:00,16.99
2011-12-03 08:00:00,32.342
2011-12-03 09:00:00,40.396
2011-12-03 10:00:00,48.07200000000001
2011-12-03 11:00:00,63.04500000000001
2011-12-03 12:00:00,65.24200000000002
2011-12-03 13:00:00,65.583
2011-12-03 14:00:00,60.41699999999999
2011-12-03 15:00:00,51.005
2011-12-03 16:00:00,37.486
2011-12-03 17:00:00,21.773
2011-12-03 18:00:00,7.872000000000003
2011-12-03 19:00:00,0.6880000000000002
2011-12-03 20:00:00,0.0
2011-12-03 21:00:00,0.0
2011-12-03 22:00:00,0.0
2011-12-03 23:00:00,0.0
2011-12-04 00:00:00,0.0
2011-12-04 01:00:00,0.0
2011-12-04 02:00:00,0.0
2011-12-04 03:00:00,0.0
2011-12-04 04:00:00,0.0
2011-12-04 05:00:00,0.057
2011-12-04 06:00:00,5.171999999999999
2011-12-04 07:00:00,17.16999999999999
2011-12-04 08:00:00,27.14900000000001
2011-12-04 09:00:00,43.43599999999999
2011-12-04 10:00:00,53.203
2011-12-04 11:00:00,64.57
2011-12-04 12:00:00,65.37999999999998
2011-12-04 13:00:00,15.656
2011-12-04 14:00:00,18.149
2011-12-04 15:00:00,10.258
2011-12-04 16:00:00,3.587000000000001
2011-12-04 17:00:00,2.0
2011-12-04 18:00:00,1.119
2011-12-04 19:00:00,0.0
2011-12-04 20:00:00,0.0
2011-12-04 21:00:00,0.0
2011-12-04 22:00:00,0.0
2011-12-04 23:00:00,0.0
2011-12-05 00:00:00,0.0
2011-12-05 01:00:00,0.0
2011-12-05 02:00:00,0.0
2011-12-05 03:00:00,0.0
2011-12-05 04:00:00,0.0
2011-12-05 05:00:00,0.013
2011-12-05 06:00:00,2.515999999999999
2011-12-05 07:00:00,16.647
2011-12-05 08:00:00,16.945
2011-12-05 09:00:00,25.212
2011-12-05 10:00:00,31.15700000000001
2011-12-05 11:00:00,43.139
2011-12-05 12:00:00,29.38399999999999
2011-12-05 13:00:00,56.09200000000001
2011-12-05 14:00:00,61.643
2011-12-05 15:00:00,41.437
2011-12-05 16:00:00,28.087
2011-12-05 17:00:00,13.182
2011-12-05 18:00:00,4.071000000000001
2011-12-05 19:00:00,0.06999999999999999
2011-12-05 20:00:00,0.0
2011-12-05 21:00:00,0.0
2011-12-05 22:00:00,0.0
2011-12-05 23:00:00,0.0
2011-12-06 00:00:00,0.0
2011-12-06 01:00:00,0.0
2011-12-06 02:00:00,0.0
2011-12-06 03:00:00,0.0
2011-12-06 04:00:00,0.0
2011-12-06 05:00:00,0.101
2011-12-06 06:00:00,2.924999999999999
2011-12-06 07:00:00,13.362
2011-12-06 08:00:00,25.041
2011-12-06 09:00:00,30.046
2011-12-06 10:00:00,26.062
2011-12-06 11:00:00,24.66100000000001
2011-12-06 12:00:00,22.69699999999999
2011-12-06 13:00:00,46.145
2011-12-06 14:00:00,44.856
2011-12-06 15:00:00,31.27
2011-12-06 16:00:00,31.15499999999999
2011-12-06 17:00:00,18.535
2011-12-06 18:00:00,5.274000000000001
2011-12-06 19:00:00,0.4090000000000001
2011-12-06 20:00:00,0.0
2011-12-06 21:00:00,0.0
2011-12-06 22:00:00,0.0
2011-12-06 23:00:00,0.0
2011-12-07 00:00:00,0.0
2011-12-07 01:00:00,0.0
2011-12-07 02:00:00,0.0
2011-12-07 03:00:00,0.0
2011-12-07 04:00:00,0.0
2011-12-07 05:00:00,0.026
2011-12-07 06:00:00,2.450999999999999
2011-12-07 07:00:00,6.940000000000001
2011-12-07 08:00:00,8.845
2011-12-07 09:00:00,11.884
2011-12-07 10:00:00,18.369
2011-12-07 11:00:00,16.705
2011-12-07 12:00:00,35.99700000000001
2011-12-07 13:00:00,21.58199999999999
2011-12-07 14:00:00,13.428
2011-12-07 15:00:00,9.463
2011-12-07 16:00:00,6.972000000000001
2011-12-07 17:00:00,4.458
2011-12-07 18:00:00,4.407000000000001
2011-12-07 19:00:00,1.003000000000001
2011-12-07 20:00:00,0.0
2011-12-07 21:00:00,0.0
2011-12-07 22:00:00,0.0
2011-12-07 23:00:00,0.0
2011-12-08 00:00:00,0.0
2011-12-08 01:00:00,0.0
2011-12-08 02:00:00,0.0
2011-12-08 03:00:00,0.0
2011-12-08 04:00:00,0.0
2011-12-08 05:00:00,0.0
2011-12-08 06:00:00,1.274
2011-12-08 07:00:00,4.332
2011-12-08 08:00:00,9.627999999999998
2011-12-08 09:00:00,18.053
2011-12-08 10:00:00,26.366
2011-12-08 11:00:00,28.517
2011-12-08 12:00:00,27.653
2011-12-08 13:00:00,32.569
2011-12-08 14:00:00,29.148
2011-12-08 15:00:00,36.424
2011-12-08 16:00:00,31.80000000000001
2011-12-08 17:00:00,15.243
2011-12-08 18:00:00,6.071
2011-12-08 19:00:00,0.208
2011-12-08 20:00:00,0.0
2011-12-08 21:00:00,0.0
2011-12-08 22:00:00,0.0
2011-12-08 23:00:00,0.0
2011-12-09 00:00:00,0.0
2011-12-09 01:00:00,0.0
2011-12-09 02:00:00,0.0
2011-12-09 03:00:00,0.0
2011-12-09 04:00:00,0.0
2011-12-09 05:00:00,0.032
2011-12-09 06:00:00,3.163999999999999
2011-12-09 07:00:00,13.657
2011-12-09 08:00:00,29.012
2011-12-09 09:00:00,44.019
2011-12-09 10:00:00,55.16899999999998
2011-12-09 11:00:00,62.09300000000001
2011-12-09 12:00:00,61.652
2011-12-09 13:00:00,62.502
2011-12-09 14:00:00,55.178
2011-12-09 15:00:00,39.35699999999999
2011-12-09 16:00:00,24.429
2011-12-09 17:00:00,15.758
2011-12-09 18:00:00,5.496000000000002
2011-12-09 19:00:00,0.6140000000000003
2011-12-09 20:00:00,0.0
2011-12-09 21:00:00,0.0
2011-12-09 22:00:00,0.0
2011-12-09 23:00:00,0.0
2011-12-10 00:00:00,0.0
2011-12-10 01:00:00,0.0
2011-12-10 02:00:00,0.0
2011-12-10 03:00:00,0.0
2011-12-10 04:00:00,0.0
2011-12-10 05:00:00,0.0
2011-12-10 06:00:00,1.121
2011-12-10 07:00:00,7.838000000000002
2011-12-10 08:00:00,23.40799999999999
2011-12-10 09:00:00,33.662
2011-12-10 10:00:00,49.32400000000001
2011-12-10 11:00:00,33.669
2011-12-10 12:00:00,30.36800000000001
2011-12-10 13:00:00,46.04599999999999
2011-12-10 14:00:00,49.836
2011-12-10 15:00:00,43.411
2011-12-10 16:00:00,28.693
2011-12-10 17:00:00,23.509
2011-12-10 18:00:00,8.469000000000001
2011-12-10 19:00:00,1.341
2011-12-10 20:00:00,0.0
2011-12-10 21:00:00,0.0
2011-12-10 22:00:00,0.0
2011-12-10 23:00:00,0.0
2011-12-11 00:00:00,0.0
2011-12-11 01:00:00,0.0
2011-12-11 02:00:00,0.0
2011-12-11 03:00:00,0.0
2011-12-11 04:00:00,0.0
2011-12-11 05:00:00,0.025
2011-12-11 06:00:00,4.625
2011-12-11 07:00:00,16.29200000000001
2011-12-11 08:00:00,30.27900000000001
2011-12-11 09:00:00,43.846
2011-12-11 10:00:00,54.28500000000001
2011-12-11 11:00:00,55.348
2011-12-11 12:00:00,58.76299999999998
2011-12-11 13:00:00,48.81900000000001
2011-12-11 14:00:00,7.974000000000001
2011-12-11 15:00:00,1.904
2011-12-11 16:00:00,9.247
2011-12-11 17:00:00,5.849000000000002
2011-12-11 18:00:00,1.657
2011-12-11 19:00:00,0.051
2011-12-11 20:00:00,0.0
2011-12-11 21:00:00,0.0
2011-12-11 22:00:00,0.0
2011-12-11 23:00:00,0.0
2011-12-12 00:00:00,0.0
2011-12-12 01:00:00,0.0
2011-12-12 02:00:00,0.0
2011-12-12 03:00:00,0.0
2011-12-12 04:00:00,0.0
2011-12-12 05:00:00,0.0
2011-12-12 06:00:00,0.8830000000000005
2011-12-12 07:00:00,4.099
2011-12-12 08:00:00,2.495999999999999
2011-12-12 09:00:00,8.6
2011-12-12 10:00:00,3.2
2011-12-12 11:00:00,1.167
2011-12-12 12:00:00,3.436999999999999
2011-12-12 13:00:00,8.988999999999997
2011-12-12 14:00:00,4.753
2011-12-12 15:00:00,3.213999999999999
2011-12-12 16:00:00,5.396
2011-12-12 17:00:00,4.084
2011-12-12 18:00:00,2.947
2011-12-12 19:00:00,1.333
2011-12-12 20:00:00,0.0
2011-12-12 21:00:00,0.0
2011-12-12 22:00:00,0.0
2011-12-12 23:00:00,0.0
2011-12-13 00:00:00,0.0
2011-12-13 01:00:00,0.0
2011-12-13 02:00:00,0.0
2011-12-13 03:00:00,0.0
2011-12-13 04:00:00,0.0
2011-12-13 05:00:00,0.0
2011-12-13 06:00:00,0.2130000000000001
2011-12-13 07:00:00,3.234
2011-12-13 08:00:00,7.137
2011-12-13 09:00:00,10.52
2011-12-13 10:00:00,18.233
2011-12-13 11:00:00,29.951
2011-12-13 12:00:00,27.455
2011-12-13 13:00:00,58.97799999999998
2011-12-13 14:00:00,43.903
2011-12-13 15:00:00,31.27399999999999
2011-12-13 16:00:00,20.411
2011-12-13 17:00:00,16.053
2011-12-13 18:00:00,6.987999999999998
2011-12-13 19:00:00,1.08
2011-12-13 20:00:00,0.0
2011-12-13 21:00:00,0.0
2011-12-13 22:00:00,0.0
2011-12-13 23:00:00,0.0
2011-12-14 00:00:00,0.0
2011-12-14 01:00:00,0.0
2011-12-14 02:00:00,0.0
2011-12-14 03:00:00,0.0
2011-12-14 04:00:00,0.0
2011-12-14 05:00:00,0.0
2011-12-14 06:00:00,1.592
2011-12-14 07:00:00,9.014000000000003
2011-12-14 08:00:00,28.71699999999999
2011-12-14 09:00:00,28.179
2011-12-14 10:00:00,30.398
2011-12-14 11:00:00,47.24
2011-12-14 12:00:00,43.00299999999999
2011-12-14 13:00:00,25.636
2011-12-14 14:00:00,39.948
2011-12-14 15:00:00,50.059
2011-12-14 16:00:00,36.76300000000001
2011-12-14 17:00:00,23.378
2011-12-14 18:00:00,9.387
2011-12-14 19:00:00,1.171
2011-12-14 20:00:00,0.0
2011-12-14 21:00:00,0.0
2011-12-14 22:00:00,0.0
2011-12-14 23:00:00,0.0
2011-12-15 00:00:00,0.0
2011-12-15 01:00:00,0.0
2011-12-15 02:00:00,0.0
2011-12-15 03:00:00,0.0
2011-12-15 04:00:00,0.0
2011-12-15 05:00:00,0.0
2011-12-15 06:00:00,3.484
2011-12-15 07:00:00,9.957
2011-12-15 08:00:00,20.058
2011-12-15 09:00:00,39.45300000000001
2011-12-15 10:00:00,44.38100000000001
2011-12-15 11:00:00,52.35700000000001
2011-12-15 12:00:00,65.30700000000002
2011-12-15 13:00:00,63.557
2011-12-15 14:00:00,59.99199999999999
2011-12-15 15:00:00,47.401
2011-12-15 16:00:00,35.71
2011-12-15 17:00:00,23.875
2011-12-15 18:00:00,9.471
2011-12-15 19:00:00,0.5230000000000001
2011-12-15 20:00:00,0.0
2011-12-15 21:00:00,0.0
2011-12-15 22:00:00,0.0
2011-12-15 23:00:00,0.0
2011-12-16 00:00:00,0.0
2011-12-16 01:00:00,0.0
2011-12-16 02:00:00,0.0
2011-12-16 03:00:00,0.0
2011-12-16 04:00:00,0.0
2011-12-16 05:00:00,0.019
2011-12-16 06:00:00,1.673
2011-12-16 07:00:00,9.799
2011-12-16 08:00:00,30.66
2011-12-16 09:00:00,41.389
2011-12-16 10:00:00,54.10000000000001
2011-12-16 11:00:00,42.22799999999999
2011-12-16 12:00:00,53.79699999999997
2011-12-16 13:00:00,58.29200000000001
2011-12-16 14:00:00,54.97500000000001
2011-12-16 15:00:00,43.08999999999999
2011-12-16 16:00:00,30.86599999999999
2011-12-16 17:00:00,19.262
2011-12-16 18:00:00,7.341
2011-12-16 19:00:00,0.8650000000000004
2011-12-16 20:00:00,0.0
2011-12-16 21:00:00,0.0
2011-12-16 22:00:00,0.0
2011-12-16 23:00:00,0.0
2011-12-17 00:00:00,0.0
2011-12-17 01:00:00,0.0
2011-12-17 02:00:00,0.0
2011-12-17 03:00:00,0.0
2011-12-17 04:00:00,0.0
2011-12-17 05:00:00,0.025
2011-12-17 06:00:00,4.577
2011-12-17 07:00:00,20.688
2011-12-17 08:00:00,31.59500000000001
2011-12-17 09:00:00,45.227
2011-12-17 10:00:00,54.434
2011-12-17 11:00:00,63.531
2011-12-17 12:00:00,67.02500000000002
2011-12-17 13:00:00,66.18499999999999
2011-12-17 14:00:00,60.374
2011-12-17 15:00:00,52.549
2011-12-17 16:00:00,39.175
2011-12-17 17:00:00,23.532
2011-12-17 18:00:00,9.279
2011-12-17 19:00:00,1.36
2011-12-17 20:00:00,0.0
2011-12-17 21:00:00,0.0
2011-12-17 22:00:00,0.0
2011-12-17 23:00:00,0.0
2011-12-18 00:00:00,0.0
2011-12-18 01:00:00,0.0
2011-12-18 02:00:00,0.0
2011-12-18 03:00:00,0.0
2011-12-18 04:00:00,0.0
2011-12-18 05:00:00,0.0
2011-12-18 06:00:00,1.875999999999999
2011-12-18 07:00:00,8.464
2011-12-18 08:00:00,18.122
2011-12-18 09:00:00,29.464
2011-12-18 10:00:00,45.694
2011-12-18 11:00:00,49.482
2011-12-18 12:00:00,58.27999999999999
2011-12-18 13:00:00,50.751
2011-12-18 14:00:00,48.79600000000001
2011-12-18 15:00:00,35.15899999999999
2011-12-18 16:00:00,36.30100000000001
2011-12-18 17:00:00,17.676
2011-12-18 18:00:00,6.774999999999999
2011-12-18 19:00:00,1.813
2011-12-18 20:00:00,0.0
2011-12-18 21:00:00,0.0
2011-12-18 22:00:00,0.0
2011-12-18 23:00:00,0.0
2011-12-19 00:00:00,0.0
2011-12-19 01:00:00,0.0
2011-12-19 02:00:00,0.0
2011-12-19 03:00:00,0.0
2011-12-19 04:00:00,0.0
2011-12-19 05:00:00,0.0
2011-12-19 06:00:00,1.311
2011-12-19 07:00:00,5.661999999999999
2011-12-19 08:00:00,9.431
2011-12-19 09:00:00,6.36
2011-12-19 10:00:00,6.168999999999999
2011-12-19 11:00:00,15.353
2011-12-19 12:00:00,26.012
2011-12-19 13:00:00,27.20999999999999
2011-12-19 14:00:00,9.82
2011-12-19 15:00:00,14.135
2011-12-19 16:00:00,16.993
2011-12-19 17:00:00,3.411
2011-12-19 18:00:00,1.376
2011-12-19 19:00:00,0.192
2011-12-19 20:00:00,0.0
2011-12-19 21:00:00,0.0
2011-12-19 22:00:00,0.0
2011-12-19 23:00:00,0.0
2011-12-20 00:00:00,0.0
2011-12-20 01:00:00,0.0
2011-12-20 02:00:00,0.0
2011-12-20 03:00:00,0.0
2011-12-20 04:00:00,0.0
2011-12-20 05:00:00,0.0
2011-12-20 06:00:00,2.158999999999998
2011-12-20 07:00:00,6.485000000000002
2011-12-20 08:00:00,8.491000000000001
2011-12-20 09:00:00,19.378
2011-12-20 10:00:00,21.625
2011-12-20 11:00:00,43.733
2011-12-20 12:00:00,59.70999999999999
2011-12-20 13:00:00,64.055
2011-12-20 14:00:00,56.09400000000001
2011-12-20 15:00:00,48.529
2011-12-20 16:00:00,36.064
2011-12-20 17:00:00,19.05
2011-12-20 18:00:00,6.885000000000001
2011-12-20 19:00:00,0.4670000000000001
2011-12-20 20:00:00,0.0
2011-12-20 21:00:00,0.0
2011-12-20 22:00:00,0.0
2011-12-20 23:00:00,0.0
2011-12-21 00:00:00,0.0
2011-12-21 01:00:00,0.0
2011-12-21 02:00:00,0.0
2011-12-21 03:00:00,0.0
2011-12-21 04:00:00,0.0
2011-12-21 05:00:00,0.0
2011-12-21 06:00:00,0.4090000000000001
2011-12-21 07:00:00,7.181999999999999
2011-12-21 08:00:00,17.466
2011-12-21 09:00:00,25.925
2011-12-21 10:00:00,44.781
2011-12-21 11:00:00,51.93499999999999
2011-12-21 12:00:00,63.97500000000001
2011-12-21 13:00:00,61.699
2011-12-21 14:00:00,58.126
2011-12-21 15:00:00,38.956
2011-12-21 16:00:00,38.657
2011-12-21 17:00:00,22.442
2011-12-21 18:00:00,7.174000000000001
2011-12-21 19:00:00,0.6300000000000002
2011-12-21 20:00:00,0.0
2011-12-21 21:00:00,0.0
2011-12-21 22:00:00,0.0
2011-12-21 23:00:00,0.0
2011-12-22 00:00:00,0.0
2011-12-22 01:00:00,0.0
2011-12-22 02:00:00,0.0
2011-12-22 03:00:00,0.0
2011-12-22 04:00:00,0.0
2011-12-22 05:00:00,0.0
2011-12-22 06:00:00,1.519
2011-12-22 07:00:00,6.372999999999998
2011-12-22 08:00:00,10.15
2011-12-22 09:00:00,12.687
2011-12-22 10:00:00,9.198999999999998
2011-12-22 11:00:00,9.628000000000002
2011-12-22 12:00:00,4.665
2011-12-22 13:00:00,11.635
2011-12-22 14:00:00,9.127999999999998
2011-12-22 15:00:00,12.197
2011-12-22 16:00:00,10.064
2011-12-22 17:00:00,8.062
2011-12-22 18:00:00,3.297999999999999
2011-12-22 19:00:00,0.095
2011-12-22 20:00:00,0.0
2011-12-22 21:00:00,0.0
2011-12-22 22:00:00,0.0
2011-12-22 23:00:00,0.0
2011-12-23 00:00:00,0.0
2011-12-23 01:00:00,0.0
2011-12-23 02:00:00,0.0
2011-12-23 03:00:00,0.0
2011-12-23 04:00:00,0.0
2011-12-23 05:00:00,0.0
2011-12-23 06:00:00,2.298999999999999
2011-12-23 07:00:00,11.591
2011-12-23 08:00:00,19.883
2011-12-23 09:00:00,29.31699999999999
2011-12-23 10:00:00,49.03500000000001
2011-12-23 11:00:00,53.78899999999999
2011-12-23 12:00:00,59.72799999999999
2011-12-23 13:00:00,62.959
2011-12-23 14:00:00,51.62299999999998
2011-12-23 15:00:00,42.72299999999998
2011-12-23 16:00:00,19.266
2011-12-23 17:00:00,21.491
2011-12-23 18:00:00,10.504
2011-12-23 19:00:00,1.397
2011-12-23 20:00:00,0.0
2011-12-23 21:00:00,0.0
2011-12-23 22:00:00,0.0
2011-12-23 23:00:00,0.0
2011-12-24 00:00:00,0.0
2011-12-24 01:00:00,0.0
2011-12-24 02:00:00,0.0
2011-12-24 03:00:00,0.0
2011-12-24 04:00:00,0.0
2011-12-24 05:00:00,0.0
2011-12-24 06:00:00,3.956999999999999
2011-12-24 07:00:00,16.625
2011-12-24 08:00:00,29.13800000000001
2011-12-24 09:00:00,42.29499999999999
2011-12-24 10:00:00,53.549
2011-12-24 11:00:00,60.45300000000002
2011-12-24 12:00:00,64.305
2011-12-24 13:00:00,63.04199999999999
2011-12-24 14:00:00,57.18299999999999
2011-12-24 15:00:00,49.57299999999999
2011-12-24 16:00:00,37.36799999999998
2011-12-24 17:00:00,23.463
2011-12-24 18:00:00,9.894000000000002
2011-12-24 19:00:00,1.536
2011-12-24 20:00:00,0.0
2011-12-24 21:00:00,0.0
2011-12-24 22:00:00,0.0
2011-12-24 23:00:00,0.0
2011-12-25 00:00:00,0.0
2011-12-25 01:00:00,0.0
2011-12-25 02:00:00,0.0
2011-12-25 03:00:00,0.0
2011-12-25 04:00:00,0.0
2011-12-25 05:00:00,0.0
2011-12-25 06:00:00,2.75
2011-12-25 07:00:00,13.47
2011-12-25 08:00:00,27.302
2011-12-25 09:00:00,40.508
2011-12-25 10:00:00,52.42699999999999
2011-12-25 11:00:00,62.08300000000001
2011-12-25 12:00:00,65.362
2011-12-25 13:00:00,65.488
2011-12-25 14:00:00,59.672
2011-12-25 15:00:00,51.593
2011-12-25 16:00:00,38.9
2011-12-25 17:00:00,23.858
2011-12-25 18:00:00,10.115
2011-12-25 19:00:00,1.415
2011-12-25 20:00:00,0.0
2011-12-25 21:00:00,0.0
2011-12-25 22:00:00,0.0
2011-12-25 23:00:00,0.0
2011-12-26 00:00:00,0.0
2011-12-26 01:00:00,0.0
2011-12-26 02:00:00,0.0
2011-12-26 03:00:00,0.0
2011-12-26 04:00:00,0.0
2011-12-26 05:00:00,0.0
2011-12-26 06:00:00,1.148
2011-12-26 07:00:00,14.219
2011-12-26 08:00:00,28.71
2011-12-26 09:00:00,43.055
2011-12-26 10:00:00,49.285
2011-12-26 11:00:00,23.43
2011-12-26 12:00:00,33.68000000000001
2011-12-26 13:00:00,48.532
2011-12-26 14:00:00,39.06599999999999
2011-12-26 15:00:00,12.011
2011-12-26 16:00:00,11.919
2011-12-26 17:00:00,5.516
2011-12-26 18:00:00,2.546
2011-12-26 19:00:00,0.3180000000000001
2011-12-26 20:00:00,0.0
2011-12-26 21:00:00,0.0
2011-12-26 22:00:00,0.0
2011-12-26 23:00:00,0.0
2011-12-27 00:00:00,0.0
2011-12-27 01:00:00,0.0
2011-12-27 02:00:00,0.0
2011-12-27 03:00:00,0.0
2011-12-27 04:00:00,0.0
2011-12-27 05:00:00,0.0
2011-12-27 06:00:00,0.0
2011-12-27 07:00:00,0.4820000000000001
2011-12-27 08:00:00,5.186999999999999
2011-12-27 09:00:00,19.352
2011-12-27 10:00:00,17.788
2011-12-27 11:00:00,29.651
2011-12-27 12:00:00,31.956
2011-12-27 13:00:00,14.691
2011-12-27 14:00:00,11.236
2011-12-27 15:00:00,8.23
2011-12-27 16:00:00,5.227
2011-12-27 17:00:00,7.335999999999999
2011-12-27 18:00:00,8.391
2011-12-27 19:00:00,1.314
2011-12-27 20:00:00,0.0
2011-12-27 21:00:00,0.0
2011-12-27 22:00:00,0.0
2011-12-27 23:00:00,0.0
2011-12-28 00:00:00,0.0
2011-12-28 01:00:00,0.0
2011-12-28 02:00:00,0.0
2011-12-28 03:00:00,0.0
2011-12-28 04:00:00,0.0
2011-12-28 05:00:00,0.0
2011-12-28 06:00:00,1.829999999999999
2011-12-28 07:00:00,11.354
2011-12-28 08:00:00,24.27900000000001
2011-12-28 09:00:00,24.369
2011-12-28 10:00:00,43.94500000000001
2011-12-28 11:00:00,55.209
2011-12-28 12:00:00,45.202
2011-12-28 13:00:00,57.41400000000002
2011-12-28 14:00:00,53.35500000000001
2011-12-28 15:00:00,51.79700000000002
2011-12-28 16:00:00,39.41600000000001
2011-12-28 17:00:00,22.67699999999999
2011-12-28 18:00:00,11.793
2011-12-28 19:00:00,1.895
2011-12-28 20:00:00,0.0
2011-12-28 21:00:00,0.0
2011-12-28 22:00:00,0.0
2011-12-28 23:00:00,0.0
2011-12-29 00:00:00,0.0
2011-12-29 01:00:00,0.0
2011-12-29 02:00:00,0.0
2011-12-29 03:00:00,0.0
2011-12-29 04:00:00,0.0
2011-12-29 05:00:00,0.0
2011-12-29 06:00:00,3.400999999999999
2011-12-29 07:00:00,14.989
2011-12-29 08:00:00,29.53999999999999
2011-12-29 09:00:00,44.525
2011-12-29 10:00:00,55.52999999999997
2011-12-29 11:00:00,58.57499999999999
2011-12-29 12:00:00,63.49199999999999
2011-12-29 13:00:00,64.23899999999999
2011-12-29 14:00:00,57.06999999999999
2011-12-29 15:00:00,46.11799999999997
2011-12-29 16:00:00,25.316
2011-12-29 17:00:00,13.199
2011-12-29 18:00:00,6.945000000000001
2011-12-29 19:00:00,1.652999999999999
2011-12-29 20:00:00,0.0
2011-12-29 21:00:00,0.0
2011-12-29 22:00:00,0.0
2011-12-29 23:00:00,0.0
2011-12-30 00:00:00,0.0
2011-12-30 01:00:00,0.0
2011-12-30 02:00:00,0.0
2011-12-30 03:00:00,0.0
2011-12-30 04:00:00,0.0
2011-12-30 05:00:00,0.0
2011-12-30 06:00:00,0.8930000000000005
2011-12-30 07:00:00,8.729
2011-12-30 08:00:00,26.31900000000001
2011-12-30 09:00:00,28.95300000000001
2011-12-30 10:00:00,49.03799999999999
2011-12-30 11:00:00,56.61499999999999
2011-12-30 12:00:00,59.812
2011-12-30 13:00:00,60.71400000000001
2011-12-30 14:00:00,60.16899999999998
2011-12-30 15:00:00,52.33099999999998
2011-12-30 16:00:00,39.35899999999999
2011-12-30 17:00:00,23.789
2011-12-30 18:00:00,9.645
2011-12-30 19:00:00,1.977999999999999
2011-12-30 20:00:00,0.0
2011-12-30 21:00:00,0.0
2011-12-30 22:00:00,0.0
2011-12-30 23:00:00,0.0
2011-12-31 00:00:00,0.0
2011-12-31 01:00:00,0.0
2011-12-31 02:00:00,0.0
2011-12-31 03:00:00,0.0
2011-12-31 04:00:00,0.0
2011-12-31 05:00:00,0.0
2011-12-31 06:00:00,2.985999999999999
2011-12-31 07:00:00,12.029
2011-12-31 08:00:00,18.382
2011-12-31 09:00:00,34.903
2011-12-31 10:00:00,52.99600000000001
2011-12-31 11:00:00,58.29399999999998
2011-12-31 12:00:00,65.73800000000001
2011-12-31 13:00:00,64.429
2011-12-31 14:00:00,61.293
2011-12-31 15:00:00,52.921
2011-12-31 16:00:00,40.26299999999999
2011-12-31 17:00:00,25.14
2011-12-31 18:00:00,10.861
2011-12-31 19:00:00,1.848999999999999
2011-12-31 20:00:00,0.0
2011-12-31 21:00:00,0.0
2011-12-31 22:00:00,0.0
2011-12-31 23:00:00,0.0
2012-01-01 00:00:00,0.0
2012-01-01 01:00:00,0.0
2012-01-01 02:00:00,0.0
2012-01-01 03:00:00,0.0
2012-01-01 04:00:00,0.0
2012-01-01 05:00:00,0.0
2012-01-01 06:00:00,3.535999999999999
2012-01-01 07:00:00,14.691
2012-01-01 08:00:00,29.101
2012-01-01 09:00:00,44.07000000000002
2012-01-01 10:00:00,55.60099999999998
2012-01-01 11:00:00,63.111
2012-01-01 12:00:00,67.08500000000001
2012-01-01 13:00:00,66.64499999999998
2012-01-01 14:00:00,62.221
2012-01-01 15:00:00,53.77000000000001
2012-01-01 16:00:00,40.96899999999999
2012-01-01 17:00:00,25.756
2012-01-01 18:00:00,11.224
2012-01-01 19:00:00,1.949999999999999
2012-01-01 20:00:00,0.0
2012-01-01 21:00:00,0.0
2012-01-01 22:00:00,0.0
2012-01-01 23:00:00,0.0
2012-01-02 00:00:00,0.0
2012-01-02 01:00:00,0.0
2012-01-02 02:00:00,0.0
2012-01-02 03:00:00,0.0
2012-01-02 04:00:00,0.0
2012-01-02 05:00:00,0.0
2012-01-02 06:00:00,3.317
2012-01-02 07:00:00,14.21200000000001
2012-01-02 08:00:00,28.488
2012-01-02 09:00:00,43.21399999999999
2012-01-02 10:00:00,54.642
2012-01-02 11:00:00,62.62
2012-01-02 12:00:00,66.45499999999998
2012-01-02 13:00:00,66.006
2012-01-02 14:00:00,58.97599999999999
2012-01-02 15:00:00,49.245
2012-01-02 16:00:00,40.94499999999999
2012-01-02 17:00:00,25.32
2012-01-02 18:00:00,10.907
2012-01-02 19:00:00,1.898999999999999
2012-01-02 20:00:00,0.0
2012-01-02 21:00:00,0.0
2012-01-02 22:00:00,0.0
2012-01-02 23:00:00,0.0
2012-01-03 00:00:00,0.0
2012-01-03 01:00:00,0.0
2012-01-03 02:00:00,0.0
2012-01-03 03:00:00,0.0
2012-01-03 04:00:00,0.0
2012-01-03 05:00:00,0.0
2012-01-03 06:00:00,3.124000000000001
2012-01-03 07:00:00,14.064
2012-01-03 08:00:00,28.275
2012-01-03 09:00:00,42.88799999999999
2012-01-03 10:00:00,54.53699999999999
2012-01-03 11:00:00,61.66899999999999
2012-01-03 12:00:00,65.463
2012-01-03 13:00:00,65.29700000000001
2012-01-03 14:00:00,60.70500000000001
2012-01-03 15:00:00,52.72
2012-01-03 16:00:00,40.03700000000001
2012-01-03 17:00:00,25.082
2012-01-03 18:00:00,10.655
2012-01-03 19:00:00,1.593
2012-01-03 20:00:00,0.0
2012-01-03 21:00:00,0.0
2012-01-03 22:00:00,0.0
2012-01-03 23:00:00,0.0
2012-01-04 00:00:00,0.0
2012-01-04 01:00:00,0.0
2012-01-04 02:00:00,0.0
2012-01-04 03:00:00,0.0
2012-01-04 04:00:00,0.0
2012-01-04 05:00:00,0.0
2012-01-04 06:00:00,2.813999999999999
2012-01-04 07:00:00,12.893
2012-01-04 08:00:00,23.825
2012-01-04 09:00:00,40.54300000000001
2012-01-04 10:00:00,50.751
2012-01-04 11:00:00,56.315
2012-01-04 12:00:00,56.97900000000001
2012-01-04 13:00:00,55.41500000000001
2012-01-04 14:00:00,50.91600000000001
2012-01-04 15:00:00,24.27000000000001
2012-01-04 16:00:00,8.094000000000005
2012-01-04 17:00:00,13.597
2012-01-04 18:00:00,7.488999999999999
2012-01-04 19:00:00,2.577
2012-01-04 20:00:00,0.0
2012-01-04 21:00:00,0.0
2012-01-04 22:00:00,0.0
2012-01-04 23:00:00,0.0
2012-01-05 00:00:00,0.0
2012-01-05 01:00:00,0.0
2012-01-05 02:00:00,0.0
2012-01-05 03:00:00,0.0
2012-01-05 04:00:00,0.0
2012-01-05 05:00:00,0.0
2012-01-05 06:00:00,0.3410000000000001
2012-01-05 07:00:00,2.956
2012-01-05 08:00:00,8.882000000000001
2012-01-05 09:00:00,20.712
2012-01-05 10:00:00,18.698
2012-01-05 11:00:00,20.227
2012-01-05 12:00:00,44.29299999999999
2012-01-05 13:00:00,43.98999999999999
2012-01-05 14:00:00,46.87100000000002
2012-01-05 15:00:00,47.54800000000001
2012-01-05 16:00:00,31.857
2012-01-05 17:00:00,11.481
2012-01-05 18:00:00,4.959000000000002
2012-01-05 19:00:00,0.5750000000000003
2012-01-05 20:00:00,0.0
2012-01-05 21:00:00,0.0
2012-01-05 22:00:00,0.0
2012-01-05 23:00:00,0.0
2012-01-06 00:00:00,0.0
2012-01-06 01:00:00,0.0
2012-01-06 02:00:00,0.0
2012-01-06 03:00:00,0.0
2012-01-06 04:00:00,0.0
2012-01-06 05:00:00,0.0
2012-01-06 06:00:00,0.9290000000000003
2012-01-06 07:00:00,1.425
2012-01-06 08:00:00,3.73
2012-01-06 09:00:00,4.282000000000001
2012-01-06 10:00:00,5.126999999999998
2012-01-06 11:00:00,8.975000000000001
2012-01-06 12:00:00,8.594
2012-01-06 13:00:00,25.885
2012-01-06 14:00:00,38.776
2012-01-06 15:00:00,18.983
2012-01-06 16:00:00,6.236000000000002
2012-01-06 17:00:00,2.255
2012-01-06 18:00:00,0.9440000000000005
2012-01-06 19:00:00,0.222
2012-01-06 20:00:00,0.0
2012-01-06 21:00:00,0.0
2012-01-06 22:00:00,0.0
2012-01-06 23:00:00,0.0
2012-01-07 00:00:00,0.0
2012-01-07 01:00:00,0.0
2012-01-07 02:00:00,0.0
2012-01-07 03:00:00,0.0
2012-01-07 04:00:00,0.0
2012-01-07 05:00:00,0.0
2012-01-07 06:00:00,3.468999999999999
2012-01-07 07:00:00,13.807
2012-01-07 08:00:00,26.223
2012-01-07 09:00:00,33.626
2012-01-07 10:00:00,36.93700000000001
2012-01-07 11:00:00,56.689
2012-01-07 12:00:00,63.102
2012-01-07 13:00:00,65.88399999999999
2012-01-07 14:00:00,61.355
2012-01-07 15:00:00,52.78100000000001
2012-01-07 16:00:00,40.09699999999999
2012-01-07 17:00:00,22.58
2012-01-07 18:00:00,9.885
2012-01-07 19:00:00,1.739
2012-01-07 20:00:00,0.0
2012-01-07 21:00:00,0.0
2012-01-07 22:00:00,0.0
2012-01-07 23:00:00,0.0
2012-01-08 00:00:00,0.0
2012-01-08 01:00:00,0.0
2012-01-08 02:00:00,0.0
2012-01-08 03:00:00,0.0
2012-01-08 04:00:00,0.0
2012-01-08 05:00:00,0.0
2012-01-08 06:00:00,1.634999999999999
2012-01-08 07:00:00,11.836
2012-01-08 08:00:00,25.794
2012-01-08 09:00:00,36.11599999999999
2012-01-08 10:00:00,39.22799999999999
2012-01-08 11:00:00,32.97599999999999
2012-01-08 12:00:00,47.82300000000001
2012-01-08 13:00:00,37.73200000000001
2012-01-08 14:00:00,27.79899999999999
2012-01-08 15:00:00,18.107
2012-01-08 16:00:00,16.194
2012-01-08 17:00:00,24.04199999999999
2012-01-08 18:00:00,6.962999999999999
2012-01-08 19:00:00,0.6650000000000003
2012-01-08 20:00:00,0.0
2012-01-08 21:00:00,0.0
2012-01-08 22:00:00,0.0
2012-01-08 23:00:00,0.0
2012-01-09 00:00:00,0.0
2012-01-09 01:00:00,0.0
2012-01-09 02:00:00,0.0
2012-01-09 03:00:00,0.0
2012-01-09 04:00:00,0.0
2012-01-09 05:00:00,0.0
2012-01-09 06:00:00,0.4130000000000001
2012-01-09 07:00:00,4.937999999999999
2012-01-09 08:00:00,19.556
2012-01-09 09:00:00,35.047
2012-01-09 10:00:00,46.32599999999999
2012-01-09 11:00:00,58.557
2012-01-09 12:00:00,61.129
2012-01-09 13:00:00,61.44200000000001
2012-01-09 14:00:00,56.587
2012-01-09 15:00:00,43.41600000000001
2012-01-09 16:00:00,32.469
2012-01-09 17:00:00,14.322
2012-01-09 18:00:00,6.485000000000002
2012-01-09 19:00:00,2.13
2012-01-09 20:00:00,0.0
2012-01-09 21:00:00,0.0
2012-01-09 22:00:00,0.0
2012-01-09 23:00:00,0.0
2012-01-10 00:00:00,0.0
2012-01-10 01:00:00,0.0
2012-01-10 02:00:00,0.0
2012-01-10 03:00:00,0.0
2012-01-10 04:00:00,0.0
2012-01-10 05:00:00,0.0
2012-01-10 06:00:00,2.02
2012-01-10 07:00:00,11.277
2012-01-10 08:00:00,21.538
2012-01-10 09:00:00,25.96299999999999
2012-01-10 10:00:00,31.221
2012-01-10 11:00:00,49.626
2012-01-10 12:00:00,53.94299999999998
2012-01-10 13:00:00,49.394
2012-01-10 14:00:00,43.31100000000001
2012-01-10 15:00:00,28.926
2012-01-10 16:00:00,22.668
2012-01-10 17:00:00,15.278
2012-01-10 18:00:00,7.622000000000002
2012-01-10 19:00:00,1.356
2012-01-10 20:00:00,0.0
2012-01-10 21:00:00,0.0
2012-01-10 22:00:00,0.0
2012-01-10 23:00:00,0.0
2012-01-11 00:00:00,0.0
2012-01-11 01:00:00,0.0
2012-01-11 02:00:00,0.0
2012-01-11 03:00:00,0.0
2012-01-11 04:00:00,0.0
2012-01-11 05:00:00,0.0
2012-01-11 06:00:00,0.7500000000000003
2012-01-11 07:00:00,8.353
2012-01-11 08:00:00,18.047
2012-01-11 09:00:00,34.224
2012-01-11 10:00:00,55.99399999999999
2012-01-11 11:00:00,63.59399999999999
2012-01-11 12:00:00,66.55700000000002
2012-01-11 13:00:00,64.67500000000001
2012-01-11 14:00:00,61.11200000000001
2012-01-11 15:00:00,53.16000000000001
2012-01-11 16:00:00,41.035
2012-01-11 17:00:00,25.971
2012-01-11 18:00:00,10.096
2012-01-11 19:00:00,2.152999999999999
2012-01-11 20:00:00,0.0
2012-01-11 21:00:00,0.0
2012-01-11 22:00:00,0.0
2012-01-11 23:00:00,0.0
2012-01-12 00:00:00,0.0
2012-01-12 01:00:00,0.0
2012-01-12 02:00:00,0.0
2012-01-12 03:00:00,0.0
2012-01-12 04:00:00,0.0
2012-01-12 05:00:00,0.0
2012-01-12 06:00:00,2.274999999999999
2012-01-12 07:00:00,13.116
2012-01-12 08:00:00,28.203
2012-01-12 09:00:00,43.47199999999998
2012-01-12 10:00:00,55.65700000000001
2012-01-12 11:00:00,62.642
2012-01-12 12:00:00,67.99600000000001
2012-01-12 13:00:00,67.50999999999999
2012-01-12 14:00:00,62.73399999999999
2012-01-12 15:00:00,54.40599999999999
2012-01-12 16:00:00,41.797
2012-01-12 17:00:00,26.312
2012-01-12 18:00:00,11.27
2012-01-12 19:00:00,1.932999999999999
2012-01-12 20:00:00,0.0
2012-01-12 21:00:00,0.0
2012-01-12 22:00:00,0.0
2012-01-12 23:00:00,0.0
2012-01-13 00:00:00,0.0
2012-01-13 01:00:00,0.0
2012-01-13 02:00:00,0.0
2012-01-13 03:00:00,0.0
2012-01-13 04:00:00,0.0
2012-01-13 05:00:00,0.0
2012-01-13 06:00:00,2.139
2012-01-13 07:00:00,12.538
2012-01-13 08:00:00,26.635
2012-01-13 09:00:00,41.01400000000002
2012-01-13 10:00:00,49.48699999999999
2012-01-13 11:00:00,56.77999999999999
2012-01-13 12:00:00,63.03199999999999
2012-01-13 13:00:00,61.18299999999999
2012-01-13 14:00:00,52.12700000000001
2012-01-13 15:00:00,32.86999999999999
2012-01-13 16:00:00,36.76900000000001
2012-01-13 17:00:00,24.84200000000001
2012-01-13 18:00:00,9.912999999999998
2012-01-13 19:00:00,1.657
2012-01-13 20:00:00,0.0
2012-01-13 21:00:00,0.0
2012-01-13 22:00:00,0.0
2012-01-13 23:00:00,0.0
2012-01-14 00:00:00,0.0
2012-01-14 01:00:00,0.0
2012-01-14 02:00:00,0.0
2012-01-14 03:00:00,0.0
2012-01-14 04:00:00,0.0
2012-01-14 05:00:00,0.0
2012-01-14 06:00:00,0.368
2012-01-14 07:00:00,2.448
2012-01-14 08:00:00,3.677
2012-01-14 09:00:00,13.774
2012-01-14 10:00:00,35.3
2012-01-14 11:00:00,44.13400000000001
2012-01-14 12:00:00,42.07299999999999
2012-01-14 13:00:00,38.95199999999999
2012-01-14 14:00:00,48.665
2012-01-14 15:00:00,48.094
2012-01-14 16:00:00,22.129
2012-01-14 17:00:00,12.132
2012-01-14 18:00:00,3.631
2012-01-14 19:00:00,0.8030000000000004
2012-01-14 20:00:00,0.0
2012-01-14 21:00:00,0.0
2012-01-14 22:00:00,0.0
2012-01-14 23:00:00,0.0
2012-01-15 00:00:00,0.0
2012-01-15 01:00:00,0.0
2012-01-15 02:00:00,0.0
2012-01-15 03:00:00,0.0
2012-01-15 04:00:00,0.0
2012-01-15 05:00:00,0.0
2012-01-15 06:00:00,0.8260000000000004
2012-01-15 07:00:00,6.895
2012-01-15 08:00:00,16.41
2012-01-15 09:00:00,25.831
2012-01-15 10:00:00,42.185
2012-01-15 11:00:00,49.582
2012-01-15 12:00:00,46.687
2012-01-15 13:00:00,45.46299999999999
2012-01-15 14:00:00,42.858
2012-01-15 15:00:00,29.114
2012-01-15 16:00:00,26.165
2012-01-15 17:00:00,23.91200000000001
2012-01-15 18:00:00,11.844
2012-01-15 19:00:00,1.419
2012-01-15 20:00:00,0.0
2012-01-15 21:00:00,0.0
2012-01-15 22:00:00,0.0
2012-01-15 23:00:00,0.0
2012-01-16 00:00:00,0.0
2012-01-16 01:00:00,0.0
2012-01-16 02:00:00,0.0
2012-01-16 03:00:00,0.0
2012-01-16 04:00:00,0.0
2012-01-16 05:00:00,0.0
2012-01-16 06:00:00,2.077999999999999
2012-01-16 07:00:00,9.5
2012-01-16 08:00:00,19.299
2012-01-16 09:00:00,18.502
2012-01-16 10:00:00,41.76300000000001
2012-01-16 11:00:00,57.928
2012-01-16 12:00:00,68.91999999999999
2012-01-16 13:00:00,50.162
2012-01-16 14:00:00,54.588
2012-01-16 15:00:00,47.596
2012-01-16 16:00:00,41.80200000000001
2012-01-16 17:00:00,25.972
2012-01-16 18:00:00,11.456
2012-01-16 19:00:00,2.114
2012-01-16 20:00:00,0.0
2012-01-16 21:00:00,0.0
2012-01-16 22:00:00,0.0
2012-01-16 23:00:00,0.0
2012-01-17 00:00:00,0.0
2012-01-17 01:00:00,0.0
2012-01-17 02:00:00,0.0
2012-01-17 03:00:00,0.0
2012-01-17 04:00:00,0.0
2012-01-17 05:00:00,0.0
2012-01-17 06:00:00,1.925999999999998
2012-01-17 07:00:00,11.871
2012-01-17 08:00:00,26.13600000000001
2012-01-17 09:00:00,41.854
2012-01-17 10:00:00,54.72699999999999
2012-01-17 11:00:00,62.159
2012-01-17 12:00:00,62.98000000000001
2012-01-17 13:00:00,65.60499999999999
2012-01-17 14:00:00,57.455
2012-01-17 15:00:00,43.392
2012-01-17 16:00:00,24.66799999999999
2012-01-17 17:00:00,21.316
2012-01-17 18:00:00,9.258000000000001
2012-01-17 19:00:00,0.9770000000000005
2012-01-17 20:00:00,0.0
2012-01-17 21:00:00,0.0
2012-01-17 22:00:00,0.0
2012-01-17 23:00:00,0.0
2012-01-18 00:00:00,0.0
2012-01-18 01:00:00,0.0
2012-01-18 02:00:00,0.0
2012-01-18 03:00:00,0.0
2012-01-18 04:00:00,0.0
2012-01-18 05:00:00,0.0
2012-01-18 06:00:00,0.9430000000000004
2012-01-18 07:00:00,9.6
2012-01-18 08:00:00,12.096
2012-01-18 09:00:00,19.437
2012-01-18 10:00:00,33.107
2012-01-18 11:00:00,53.53600000000001
2012-01-18 12:00:00,62.729
2012-01-18 13:00:00,63.17099999999999
2012-01-18 14:00:00,59.438
2012-01-18 15:00:00,52.065
2012-01-18 16:00:00,40.14399999999998
2012-01-18 17:00:00,25.41800000000001
2012-01-18 18:00:00,10.891
2012-01-18 19:00:00,1.742
2012-01-18 20:00:00,0.0
2012-01-18 21:00:00,0.0
2012-01-18 22:00:00,0.0
2012-01-18 23:00:00,0.0
2012-01-19 00:00:00,0.0
2012-01-19 01:00:00,0.0
2012-01-19 02:00:00,0.0
2012-01-19 03:00:00,0.0
2012-01-19 04:00:00,0.0
2012-01-19 05:00:00,0.0
2012-01-19 06:00:00,1.644999999999998
2012-01-19 07:00:00,11.021
2012-01-19 08:00:00,22.395
2012-01-19 09:00:00,39.11499999999999
2012-01-19 10:00:00,45.457
2012-01-19 11:00:00,50.88800000000001
2012-01-19 12:00:00,54.60299999999998
2012-01-19 13:00:00,58.28399999999998
2012-01-19 14:00:00,56.43699999999999
2012-01-19 15:00:00,49.03700000000001
2012-01-19 16:00:00,36.14399999999999
2012-01-19 17:00:00,23.573
2012-01-19 18:00:00,11.86
2012-01-19 19:00:00,0.8560000000000004
2012-01-19 20:00:00,0.0
2012-01-19 21:00:00,0.0
2012-01-19 22:00:00,0.0
2012-01-19 23:00:00,0.0
2012-01-20 00:00:00,0.0
2012-01-20 01:00:00,0.0
2012-01-20 02:00:00,0.0
2012-01-20 03:00:00,0.0
2012-01-20 04:00:00,0.0
2012-01-20 05:00:00,0.0
2012-01-20 06:00:00,0.282
2012-01-20 07:00:00,9.983000000000002
2012-01-20 08:00:00,13.475
2012-01-20 09:00:00,25.10099999999999
2012-01-20 10:00:00,33.22999999999999
2012-01-20 11:00:00,35.98399999999999
2012-01-20 12:00:00,50.23399999999999
2012-01-20 13:00:00,59.018
2012-01-20 14:00:00,58.646
2012-01-20 15:00:00,49.054
2012-01-20 16:00:00,37.689
2012-01-20 17:00:00,22.985
2012-01-20 18:00:00,7.047999999999997
2012-01-20 19:00:00,1.655999999999999
2012-01-20 20:00:00,0.0
2012-01-20 21:00:00,0.0
2012-01-20 22:00:00,0.0
2012-01-20 23:00:00,0.0
2012-01-21 00:00:00,0.0
2012-01-21 01:00:00,0.0
2012-01-21 02:00:00,0.0
2012-01-21 03:00:00,0.0
2012-01-21 04:00:00,0.0
2012-01-21 05:00:00,0.0
2012-01-21 06:00:00,0.6930000000000003
2012-01-21 07:00:00,6.224000000000001
2012-01-21 08:00:00,12.057
2012-01-21 09:00:00,39.32300000000001
2012-01-21 10:00:00,47.56499999999999
2012-01-21 11:00:00,59.26900000000001
2012-01-21 12:00:00,57.12799999999999
2012-01-21 13:00:00,42.266
2012-01-21 14:00:00,34.53900000000001
2012-01-21 15:00:00,21.117
2012-01-21 16:00:00,17.922
2012-01-21 17:00:00,7.97
2012-01-21 18:00:00,4.828000000000002
2012-01-21 19:00:00,0.9500000000000004
2012-01-21 20:00:00,0.0
2012-01-21 21:00:00,0.0
2012-01-21 22:00:00,0.0
2012-01-21 23:00:00,0.0
2012-01-22 00:00:00,0.0
2012-01-22 01:00:00,0.0
2012-01-22 02:00:00,0.0
2012-01-22 03:00:00,0.0
2012-01-22 04:00:00,0.0
2012-01-22 05:00:00,0.0
2012-01-22 06:00:00,1.332
2012-01-22 07:00:00,9.383000000000003
2012-01-22 08:00:00,17.869
2012-01-22 09:00:00,35.79399999999999
2012-01-22 10:00:00,38.11699999999999
2012-01-22 11:00:00,47.99799999999998
2012-01-22 12:00:00,62.745
2012-01-22 13:00:00,38.24100000000001
2012-01-22 14:00:00,30.744
2012-01-22 15:00:00,43.31999999999999
2012-01-22 16:00:00,36.482
2012-01-22 17:00:00,9.362
2012-01-22 18:00:00,2.797
2012-01-22 19:00:00,0.2550000000000001
2012-01-22 20:00:00,0.0
2012-01-22 21:00:00,0.0
2012-01-22 22:00:00,0.0
2012-01-22 23:00:00,0.0
2012-01-23 00:00:00,0.0
2012-01-23 01:00:00,0.0
2012-01-23 02:00:00,0.0
2012-01-23 03:00:00,0.0
2012-01-23 04:00:00,0.0
2012-01-23 05:00:00,0.0
2012-01-23 06:00:00,0.139
2012-01-23 07:00:00,2.227
2012-01-23 08:00:00,3.912
2012-01-23 09:00:00,6.944
2012-01-23 10:00:00,16.25
2012-01-23 11:00:00,28.809
2012-01-23 12:00:00,20.948
2012-01-23 13:00:00,32.08900000000001
2012-01-23 14:00:00,56.522
2012-01-23 15:00:00,43.22299999999999
2012-01-23 16:00:00,28.942
2012-01-23 17:00:00,21.398
2012-01-23 18:00:00,10.444
2012-01-23 19:00:00,1.672999999999999
2012-01-23 20:00:00,0.0
2012-01-23 21:00:00,0.0
2012-01-23 22:00:00,0.0
2012-01-23 23:00:00,0.0
2012-01-24 00:00:00,0.0
2012-01-24 01:00:00,0.0
2012-01-24 02:00:00,0.0
2012-01-24 03:00:00,0.0
2012-01-24 04:00:00,0.0
2012-01-24 05:00:00,0.0
2012-01-24 06:00:00,0.7120000000000003
2012-01-24 07:00:00,5.363000000000001
2012-01-24 08:00:00,12.32
2012-01-24 09:00:00,28.999
2012-01-24 10:00:00,30.32
2012-01-24 11:00:00,23.808
2012-01-24 12:00:00,28.994
2012-01-24 13:00:00,21.328
2012-01-24 14:00:00,17.483
2012-01-24 15:00:00,22.514
2012-01-24 16:00:00,17.475
2012-01-24 17:00:00,13.39
2012-01-24 18:00:00,5.599999999999999
2012-01-24 19:00:00,0.9130000000000005
2012-01-24 20:00:00,0.0
2012-01-24 21:00:00,0.0
2012-01-24 22:00:00,0.0
2012-01-24 23:00:00,0.0
2012-01-25 00:00:00,0.0
2012-01-25 01:00:00,0.0
2012-01-25 02:00:00,0.0
2012-01-25 03:00:00,0.0
2012-01-25 04:00:00,0.0
2012-01-25 05:00:00,0.0
2012-01-25 06:00:00,0.247
2012-01-25 07:00:00,2.952
2012-01-25 08:00:00,10.6
2012-01-25 09:00:00,12.001
2012-01-25 10:00:00,11.133
2012-01-25 11:00:00,9.733999999999998
2012-01-25 12:00:00,7.178
2012-01-25 13:00:00,8.655000000000003
2012-01-25 14:00:00,8.238000000000001
2012-01-25 15:00:00,8.326000000000002
2012-01-25 16:00:00,6.998000000000001
2012-01-25 17:00:00,4.316
2012-01-25 18:00:00,1.09
2012-01-25 19:00:00,0.039
2012-01-25 20:00:00,0.0
2012-01-25 21:00:00,0.0
2012-01-25 22:00:00,0.0
2012-01-25 23:00:00,0.0
2012-01-26 00:00:00,0.0
2012-01-26 01:00:00,0.0
2012-01-26 02:00:00,0.0
2012-01-26 03:00:00,0.0
2012-01-26 04:00:00,0.0
2012-01-26 05:00:00,0.0
2012-01-26 06:00:00,0.4590000000000001
2012-01-26 07:00:00,5.672000000000001
2012-01-26 08:00:00,12.37
2012-01-26 09:00:00,16.115
2012-01-26 10:00:00,30.882
2012-01-26 11:00:00,38.643
2012-01-26 12:00:00,23.246
2012-01-26 13:00:00,22.817
2012-01-26 14:00:00,30.86000000000001
2012-01-26 15:00:00,22.896
2012-01-26 16:00:00,15.732
2012-01-26 17:00:00,12.27
2012-01-26 18:00:00,4.624
2012-01-26 19:00:00,0.5840000000000002
2012-01-26 20:00:00,0.0
2012-01-26 21:00:00,0.0
2012-01-26 22:00:00,0.0
2012-01-26 23:00:00,0.0
2012-01-27 00:00:00,0.0
2012-01-27 01:00:00,0.0
2012-01-27 02:00:00,0.0
2012-01-27 03:00:00,0.0
2012-01-27 04:00:00,0.0
2012-01-27 05:00:00,0.0
2012-01-27 06:00:00,1.164
2012-01-27 07:00:00,9.469999999999999
2012-01-27 08:00:00,21.491
2012-01-27 09:00:00,31.647
2012-01-27 10:00:00,48.139
2012-01-27 11:00:00,58.797
2012-01-27 12:00:00,60.99899999999998
2012-01-27 13:00:00,60.05000000000001
2012-01-27 14:00:00,54.294
2012-01-27 15:00:00,45.041
2012-01-27 16:00:00,30.52
2012-01-27 17:00:00,11.501
2012-01-27 18:00:00,3.352000000000001
2012-01-27 19:00:00,0.21
2012-01-27 20:00:00,0.0
2012-01-27 21:00:00,0.0
2012-01-27 22:00:00,0.0
2012-01-27 23:00:00,0.0
2012-01-28 00:00:00,0.0
2012-01-28 01:00:00,0.0
2012-01-28 02:00:00,0.0
2012-01-28 03:00:00,0.0
2012-01-28 04:00:00,0.0
2012-01-28 05:00:00,0.0
2012-01-28 06:00:00,0.202
2012-01-28 07:00:00,7.107000000000001
2012-01-28 08:00:00,9.462
2012-01-28 09:00:00,16.666
2012-01-28 10:00:00,32.589
2012-01-28 11:00:00,56.85
2012-01-28 12:00:00,61.13999999999999
2012-01-28 13:00:00,51.049
2012-01-28 14:00:00,38.55399999999999
2012-01-28 15:00:00,33.602
2012-01-28 16:00:00,23.032
2012-01-28 17:00:00,10.959
2012-01-28 18:00:00,5.904000000000002
2012-01-28 19:00:00,1.123
2012-01-28 20:00:00,0.0
2012-01-28 21:00:00,0.0
2012-01-28 22:00:00,0.0
2012-01-28 23:00:00,0.0
2012-01-29 00:00:00,0.0
2012-01-29 01:00:00,0.0
2012-01-29 02:00:00,0.0
2012-01-29 03:00:00,0.0
2012-01-29 04:00:00,0.0
2012-01-29 05:00:00,0.0
2012-01-29 06:00:00,0.3500000000000001
2012-01-29 07:00:00,4.591
2012-01-29 08:00:00,10.033
2012-01-29 09:00:00,21.63800000000001
2012-01-29 10:00:00,32.13800000000001
2012-01-29 11:00:00,45.883
2012-01-29 12:00:00,60.59199999999999
2012-01-29 13:00:00,48.18600000000001
2012-01-29 14:00:00,30.649
2012-01-29 15:00:00,14.869
2012-01-29 16:00:00,13.89
2012-01-29 17:00:00,15.122
2012-01-29 18:00:00,5.656000000000002
2012-01-29 19:00:00,0.8930000000000005
2012-01-29 20:00:00,0.0
2012-01-29 21:00:00,0.0
2012-01-29 22:00:00,0.0
2012-01-29 23:00:00,0.0
2012-01-30 00:00:00,0.0
2012-01-30 01:00:00,0.0
2012-01-30 02:00:00,0.0
2012-01-30 03:00:00,0.0
2012-01-30 04:00:00,0.0
2012-01-30 05:00:00,0.0
2012-01-30 06:00:00,0.209
2012-01-30 07:00:00,3.731
2012-01-30 08:00:00,9.051000000000002
2012-01-30 09:00:00,19.353
2012-01-30 10:00:00,36.711
2012-01-30 11:00:00,55.578
2012-01-30 12:00:00,50.93499999999999
2012-01-30 13:00:00,51.14899999999999
2012-01-30 14:00:00,17.747
2012-01-30 15:00:00,39.51999999999999
2012-01-30 16:00:00,23.318
2012-01-30 17:00:00,17.143
2012-01-30 18:00:00,6.420999999999998
2012-01-30 19:00:00,0.153
2012-01-30 20:00:00,0.0
2012-01-30 21:00:00,0.0
2012-01-30 22:00:00,0.0
2012-01-30 23:00:00,0.0
2012-01-31 00:00:00,0.0
2012-01-31 01:00:00,0.0
2012-01-31 02:00:00,0.0
2012-01-31 03:00:00,0.0
2012-01-31 04:00:00,0.0
2012-01-31 05:00:00,0.0
2012-01-31 06:00:00,0.051
2012-01-31 07:00:00,6.653
2012-01-31 08:00:00,14.067
2012-01-31 09:00:00,22.408
2012-01-31 10:00:00,30.875
2012-01-31 11:00:00,17.468
2012-01-31 12:00:00,19.49600000000001
2012-01-31 13:00:00,19.99000000000001
2012-01-31 14:00:00,17.572
2012-01-31 15:00:00,7.555999999999999
2012-01-31 16:00:00,5.980999999999999
2012-01-31 17:00:00,1.975
2012-01-31 18:00:00,0.222
2012-01-31 19:00:00,0.0
2012-01-31 20:00:00,0.0
2012-01-31 21:00:00,0.0
2012-01-31 22:00:00,0.0
2012-01-31 23:00:00,0.0
2012-02-01 00:00:00,0.0
2012-02-01 01:00:00,0.0
2012-02-01 02:00:00,0.0
2012-02-01 03:00:00,0.0
2012-02-01 04:00:00,0.0
2012-02-01 05:00:00,0.0
2012-02-01 06:00:00,0.0
2012-02-01 07:00:00,0.101
2012-02-01 08:00:00,2.077999999999999
2012-02-01 09:00:00,4.544
2012-02-01 10:00:00,3.958000000000001
2012-02-01 11:00:00,7.391
2012-02-01 12:00:00,9.139000000000001
2012-02-01 13:00:00,9.773
2012-02-01 14:00:00,7.225
2012-02-01 15:00:00,7.648000000000001
2012-02-01 16:00:00,5.805999999999998
2012-02-01 17:00:00,2.288
2012-02-01 18:00:00,0.3750000000000001
2012-02-01 19:00:00,0.0
2012-02-01 20:00:00,0.0
2012-02-01 21:00:00,0.0
2012-02-01 22:00:00,0.0
2012-02-01 23:00:00,0.0
2012-02-02 00:00:00,0.0
2012-02-02 01:00:00,0.0
2012-02-02 02:00:00,0.0
2012-02-02 03:00:00,0.0
2012-02-02 04:00:00,0.0
2012-02-02 05:00:00,0.0
2012-02-02 06:00:00,0.0
2012-02-02 07:00:00,0.122
2012-02-02 08:00:00,1.566
2012-02-02 09:00:00,3.197
2012-02-02 10:00:00,7.772
2012-02-02 11:00:00,5.453
2012-02-02 12:00:00,8.377
2012-02-02 13:00:00,9.570000000000004
2012-02-02 14:00:00,10.102
2012-02-02 15:00:00,7.741000000000001
2012-02-02 16:00:00,4.710000000000001
2012-02-02 17:00:00,2.573
2012-02-02 18:00:00,0.4910000000000001
2012-02-02 19:00:00,0.0
2012-02-02 20:00:00,0.0
2012-02-02 21:00:00,0.0
2012-02-02 22:00:00,0.0
2012-02-02 23:00:00,0.0
2012-02-03 00:00:00,0.0
2012-02-03 01:00:00,0.0
2012-02-03 02:00:00,0.0
2012-02-03 03:00:00,0.0
2012-02-03 04:00:00,0.0
2012-02-03 05:00:00,0.0
2012-02-03 06:00:00,0.0
2012-02-03 07:00:00,0.3220000000000001
2012-02-03 08:00:00,3.955000000000001
2012-02-03 09:00:00,9.877000000000002
2012-02-03 10:00:00,13.067
2012-02-03 11:00:00,14.303
2012-02-03 12:00:00,34.33800000000001
2012-02-03 13:00:00,25.92300000000001
2012-02-03 14:00:00,25.197
2012-02-03 15:00:00,19.287
2012-02-03 16:00:00,12.79
2012-02-03 17:00:00,9.888
2012-02-03 18:00:00,3.632
2012-02-03 19:00:00,0.176
2012-02-03 20:00:00,0.0
2012-02-03 21:00:00,0.0
2012-02-03 22:00:00,0.0
2012-02-03 23:00:00,0.0
2012-02-04 00:00:00,0.0
2012-02-04 01:00:00,0.0
2012-02-04 02:00:00,0.0
2012-02-04 03:00:00,0.0
2012-02-04 04:00:00,0.0
2012-02-04 05:00:00,0.0
2012-02-04 06:00:00,0.107
2012-02-04 07:00:00,4.453
2012-02-04 08:00:00,16.159
2012-02-04 09:00:00,16.478
2012-02-04 10:00:00,24.393
2012-02-04 11:00:00,22.405
2012-02-04 12:00:00,29.05700000000001
2012-02-04 13:00:00,45.23300000000001
2012-02-04 14:00:00,54.42899999999998
2012-02-04 15:00:00,50.114
2012-02-04 16:00:00,40.31499999999998
2012-02-04 17:00:00,23.605
2012-02-04 18:00:00,9.616000000000003
2012-02-04 19:00:00,1.322
2012-02-04 20:00:00,0.0
2012-02-04 21:00:00,0.0
2012-02-04 22:00:00,0.0
2012-02-04 23:00:00,0.0
2012-02-05 00:00:00,0.0
2012-02-05 01:00:00,0.0
2012-02-05 02:00:00,0.0
2012-02-05 03:00:00,0.0
2012-02-05 04:00:00,0.0
2012-02-05 05:00:00,0.0
2012-02-05 06:00:00,0.7780000000000001
2012-02-05 07:00:00,9.440999999999999
2012-02-05 08:00:00,22.81
2012-02-05 09:00:00,26.678
2012-02-05 10:00:00,39.253
2012-02-05 11:00:00,47.41799999999999
2012-02-05 12:00:00,59.23399999999999
2012-02-05 13:00:00,64.25599999999999
2012-02-05 14:00:00,59.56300000000001
2012-02-05 15:00:00,51.871
2012-02-05 16:00:00,40.39599999999998
2012-02-05 17:00:00,23.751
2012-02-05 18:00:00,9.519000000000002
2012-02-05 19:00:00,1.167
2012-02-05 20:00:00,0.0
2012-02-05 21:00:00,0.0
2012-02-05 22:00:00,0.0
2012-02-05 23:00:00,0.0
2012-02-06 00:00:00,0.0
2012-02-06 01:00:00,0.0
2012-02-06 02:00:00,0.0
2012-02-06 03:00:00,0.0
2012-02-06 04:00:00,0.0
2012-02-06 05:00:00,0.0
2012-02-06 06:00:00,0.6530000000000001
2012-02-06 07:00:00,8.729000000000005
2012-02-06 08:00:00,22.128
2012-02-06 09:00:00,36.16
2012-02-06 10:00:00,30.744
2012-02-06 11:00:00,28.293
2012-02-06 12:00:00,43.028
2012-02-06 13:00:00,48.43200000000002
2012-02-06 14:00:00,40.4
2012-02-06 15:00:00,26.40199999999999
2012-02-06 16:00:00,14.552
2012-02-06 17:00:00,4.962999999999998
2012-02-06 18:00:00,1.052
2012-02-06 19:00:00,0.0
2012-02-06 20:00:00,0.0
2012-02-06 21:00:00,0.0
2012-02-06 22:00:00,0.0
2012-02-06 23:00:00,0.0
2012-02-07 00:00:00,0.0
2012-02-07 01:00:00,0.0
2012-02-07 02:00:00,0.0
2012-02-07 03:00:00,0.0
2012-02-07 04:00:00,0.0
2012-02-07 05:00:00,0.0
2012-02-07 06:00:00,0.0
2012-02-07 07:00:00,0.7320000000000003
2012-02-07 08:00:00,4.622
2012-02-07 09:00:00,7.550000000000001
2012-02-07 10:00:00,10.969
2012-02-07 11:00:00,14.485
2012-02-07 12:00:00,12.474
2012-02-07 13:00:00,11.709
2012-02-07 14:00:00,9.581000000000001
2012-02-07 15:00:00,7.546999999999998
2012-02-07 16:00:00,6.918000000000002
2012-02-07 17:00:00,4.294
2012-02-07 18:00:00,0.8940000000000003
2012-02-07 19:00:00,0.154
2012-02-07 20:00:00,0.0
2012-02-07 21:00:00,0.0
2012-02-07 22:00:00,0.0
2012-02-07 23:00:00,0.0
2012-02-08 00:00:00,0.0
2012-02-08 01:00:00,0.0
2012-02-08 02:00:00,0.0
2012-02-08 03:00:00,0.0
2012-02-08 04:00:00,0.0
2012-02-08 05:00:00,0.0
2012-02-08 06:00:00,0.013
2012-02-08 07:00:00,2.644
2012-02-08 08:00:00,21.784
2012-02-08 09:00:00,36.79199999999999
2012-02-08 10:00:00,48.77899999999999
2012-02-08 11:00:00,60.48599999999999
2012-02-08 12:00:00,62.64799999999997
2012-02-08 13:00:00,57.36000000000001
2012-02-08 14:00:00,39.432
2012-02-08 15:00:00,26.384
2012-02-08 16:00:00,19.971
2012-02-08 17:00:00,13.534
2012-02-08 18:00:00,5.472
2012-02-08 19:00:00,0.5350000000000001
2012-02-08 20:00:00,0.0
2012-02-08 21:00:00,0.0
2012-02-08 22:00:00,0.0
2012-02-08 23:00:00,0.0
2012-02-09 00:00:00,0.0
2012-02-09 01:00:00,0.0
2012-02-09 02:00:00,0.0
2012-02-09 03:00:00,0.0
2012-02-09 04:00:00,0.0
2012-02-09 05:00:00,0.0
2012-02-09 06:00:00,1.331999999999999
2012-02-09 07:00:00,8.716000000000001
2012-02-09 08:00:00,19.628
2012-02-09 09:00:00,37.04299999999999
2012-02-09 10:00:00,50.28200000000001
2012-02-09 11:00:00,48.10099999999998
2012-02-09 12:00:00,63.002
2012-02-09 13:00:00,64.17399999999999
2012-02-09 14:00:00,58.12199999999999
2012-02-09 15:00:00,52.837
2012-02-09 16:00:00,41.437
2012-02-09 17:00:00,23.55899999999999
2012-02-09 18:00:00,9.837999999999997
2012-02-09 19:00:00,0.251
2012-02-09 20:00:00,0.0
2012-02-09 21:00:00,0.0
2012-02-09 22:00:00,0.0
2012-02-09 23:00:00,0.0
2012-02-10 00:00:00,0.0
2012-02-10 01:00:00,0.0
2012-02-10 02:00:00,0.0
2012-02-10 03:00:00,0.0
2012-02-10 04:00:00,0.0
2012-02-10 05:00:00,0.0
2012-02-10 06:00:00,0.096
2012-02-10 07:00:00,8.056
2012-02-10 08:00:00,19.04199999999999
2012-02-10 09:00:00,31.556
2012-02-10 10:00:00,18.734
2012-02-10 11:00:00,50.52699999999999
2012-02-10 12:00:00,49.096
2012-02-10 13:00:00,33.879
2012-02-10 14:00:00,56.24900000000001
2012-02-10 15:00:00,16.003
2012-02-10 16:00:00,1.033
2012-02-10 17:00:00,4.625000000000001
2012-02-10 18:00:00,4.380000000000001
2012-02-10 19:00:00,0.094
2012-02-10 20:00:00,0.0
2012-02-10 21:00:00,0.0
2012-02-10 22:00:00,0.0
2012-02-10 23:00:00,0.0
2012-02-11 00:00:00,0.0
2012-02-11 01:00:00,0.0
2012-02-11 02:00:00,0.0
2012-02-11 03:00:00,0.0
2012-02-11 04:00:00,0.0
2012-02-11 05:00:00,0.0
2012-02-11 06:00:00,0.0
2012-02-11 07:00:00,0.2220000000000001
2012-02-11 08:00:00,10.185
2012-02-11 09:00:00,22.85600000000001
2012-02-11 10:00:00,49.48
2012-02-11 11:00:00,59.374
2012-02-11 12:00:00,57.62100000000002
2012-02-11 13:00:00,61.01300000000001
2012-02-11 14:00:00,59.879
2012-02-11 15:00:00,28.19699999999999
2012-02-11 16:00:00,12.772
2012-02-11 17:00:00,12.049
2012-02-11 18:00:00,8.271
2012-02-11 19:00:00,0.8680000000000004
2012-02-11 20:00:00,0.0
2012-02-11 21:00:00,0.0
2012-02-11 22:00:00,0.0
2012-02-11 23:00:00,0.0
2012-02-12 00:00:00,0.0
2012-02-12 01:00:00,0.0
2012-02-12 02:00:00,0.0
2012-02-12 03:00:00,0.0
2012-02-12 04:00:00,0.0
2012-02-12 05:00:00,0.0
2012-02-12 06:00:00,0.5720000000000001
2012-02-12 07:00:00,8.841000000000001
2012-02-12 08:00:00,23.17700000000001
2012-02-12 09:00:00,37.52099999999999
2012-02-12 10:00:00,44.64599999999999
2012-02-12 11:00:00,52.783
2012-02-12 12:00:00,59.707
2012-02-12 13:00:00,63.928
2012-02-12 14:00:00,60.58100000000001
2012-02-12 15:00:00,53.163
2012-02-12 16:00:00,41.102
2012-02-12 17:00:00,21.184
2012-02-12 18:00:00,6.49
2012-02-12 19:00:00,0.0
2012-02-12 20:00:00,0.0
2012-02-12 21:00:00,0.0
2012-02-12 22:00:00,0.0
2012-02-12 23:00:00,0.0
2012-02-13 00:00:00,0.0
2012-02-13 01:00:00,0.0
2012-02-13 02:00:00,0.0
2012-02-13 03:00:00,0.0
2012-02-13 04:00:00,0.0
2012-02-13 05:00:00,0.0
2012-02-13 06:00:00,0.145
2012-02-13 07:00:00,6.135000000000001
2012-02-13 08:00:00,19.14900000000001
2012-02-13 09:00:00,35.04199999999999
2012-02-13 10:00:00,32.16199999999999
2012-02-13 11:00:00,30.436
2012-02-13 12:00:00,22.33799999999999
2012-02-13 13:00:00,23.367
2012-02-13 14:00:00,47.011
2012-02-13 15:00:00,28.875
2012-02-13 16:00:00,31.911
2012-02-13 17:00:00,15.42
2012-02-13 18:00:00,2.166999999999999
2012-02-13 19:00:00,0.0
2012-02-13 20:00:00,0.0
2012-02-13 21:00:00,0.0
2012-02-13 22:00:00,0.0
2012-02-13 23:00:00,0.0
2012-02-14 00:00:00,0.0
2012-02-14 01:00:00,0.0
2012-02-14 02:00:00,0.0
2012-02-14 03:00:00,0.0
2012-02-14 04:00:00,0.0
2012-02-14 05:00:00,0.0
2012-02-14 06:00:00,0.0
2012-02-14 07:00:00,0.3610000000000001
2012-02-14 08:00:00,2.825
2012-02-14 09:00:00,25.905
2012-02-14 10:00:00,40.613
2012-02-14 11:00:00,56.25
2012-02-14 12:00:00,59.02099999999999
2012-02-14 13:00:00,61.70099999999999
2012-02-14 14:00:00,59.93300000000001
2012-02-14 15:00:00,48.56200000000001
2012-02-14 16:00:00,32.72600000000001
2012-02-14 17:00:00,16.195
2012-02-14 18:00:00,8.081000000000001
2012-02-14 19:00:00,0.4290000000000001
2012-02-14 20:00:00,0.0
2012-02-14 21:00:00,0.0
2012-02-14 22:00:00,0.0
2012-02-14 23:00:00,0.0
2012-02-15 00:00:00,0.0
2012-02-15 01:00:00,0.0
2012-02-15 02:00:00,0.0
2012-02-15 03:00:00,0.0
2012-02-15 04:00:00,0.0
2012-02-15 05:00:00,0.0
2012-02-15 06:00:00,0.0
2012-02-15 07:00:00,1.682
2012-02-15 08:00:00,5.673
2012-02-15 09:00:00,13.567
2012-02-15 10:00:00,30.793
2012-02-15 11:00:00,35.32399999999998
2012-02-15 12:00:00,40.334
2012-02-15 13:00:00,49.81000000000001
2012-02-15 14:00:00,58.002
2012-02-15 15:00:00,51.13
2012-02-15 16:00:00,40.195
2012-02-15 17:00:00,22.00999999999999
2012-02-15 18:00:00,8.29
2012-02-15 19:00:00,0.7400000000000001
2012-02-15 20:00:00,0.0
2012-02-15 21:00:00,0.0
2012-02-15 22:00:00,0.0
2012-02-15 23:00:00,0.0
2012-02-16 00:00:00,0.0
2012-02-16 01:00:00,0.0
2012-02-16 02:00:00,0.0
2012-02-16 03:00:00,0.0
2012-02-16 04:00:00,0.0
2012-02-16 05:00:00,0.0
2012-02-16 06:00:00,0.378
2012-02-16 07:00:00,7.781999999999999
2012-02-16 08:00:00,22.24199999999999
2012-02-16 09:00:00,36.081
2012-02-16 10:00:00,45.45699999999999
2012-02-16 11:00:00,55.78099999999999
2012-02-16 12:00:00,60.765
2012-02-16 13:00:00,66.568
2012-02-16 14:00:00,61.76900000000001
2012-02-16 15:00:00,53.86199999999999
2012-02-16 16:00:00,40.018
2012-02-16 17:00:00,19.90500000000001
2012-02-16 18:00:00,10.347
2012-02-16 19:00:00,1.027
2012-02-16 20:00:00,0.0
2012-02-16 21:00:00,0.0
2012-02-16 22:00:00,0.0
2012-02-16 23:00:00,0.0
2012-02-17 00:00:00,0.0
2012-02-17 01:00:00,0.0
2012-02-17 02:00:00,0.0
2012-02-17 03:00:00,0.0
2012-02-17 04:00:00,0.0
2012-02-17 05:00:00,0.0
2012-02-17 06:00:00,0.395
2012-02-17 07:00:00,8.232000000000001
2012-02-17 08:00:00,22.50699999999999
2012-02-17 09:00:00,38.07000000000001
2012-02-17 10:00:00,51.52700000000001
2012-02-17 11:00:00,59.43299999999998
2012-02-17 12:00:00,63.55200000000001
2012-02-17 13:00:00,64.532
2012-02-17 14:00:00,44.99700000000001
2012-02-17 15:00:00,49.40099999999999
2012-02-17 16:00:00,28.648
2012-02-17 17:00:00,15.847
2012-02-17 18:00:00,7.185
2012-02-17 19:00:00,0.114
2012-02-17 20:00:00,0.0
2012-02-17 21:00:00,0.0
2012-02-17 22:00:00,0.0
2012-02-17 23:00:00,0.0
2012-02-18 00:00:00,0.0
2012-02-18 01:00:00,0.0
2012-02-18 02:00:00,0.0
2012-02-18 03:00:00,0.0
2012-02-18 04:00:00,0.0
2012-02-18 05:00:00,0.0
2012-02-18 06:00:00,0.265
2012-02-18 07:00:00,9.654000000000005
2012-02-18 08:00:00,20.30800000000001
2012-02-18 09:00:00,34.508
2012-02-18 10:00:00,48.306
2012-02-18 11:00:00,53.46700000000001
2012-02-18 12:00:00,60.77900000000001
2012-02-18 13:00:00,60.544
2012-02-18 14:00:00,55.873
2012-02-18 15:00:00,47.477
2012-02-18 16:00:00,32.05399999999999
2012-02-18 17:00:00,11.253
2012-02-18 18:00:00,1.253
2012-02-18 19:00:00,0.0
2012-02-18 20:00:00,0.0
2012-02-18 21:00:00,0.0
2012-02-18 22:00:00,0.0
2012-02-18 23:00:00,0.0
2012-02-19 00:00:00,0.0
2012-02-19 01:00:00,0.0
2012-02-19 02:00:00,0.0
2012-02-19 03:00:00,0.0
2012-02-19 04:00:00,0.0
2012-02-19 05:00:00,0.0
2012-02-19 06:00:00,0.171
2012-02-19 07:00:00,5.258
2012-02-19 08:00:00,20.20099999999999
2012-02-19 09:00:00,33.184
2012-02-19 10:00:00,42.798
2012-02-19 11:00:00,48.43299999999999
2012-02-19 12:00:00,56.35600000000001
2012-02-19 13:00:00,61.299
2012-02-19 14:00:00,55.81100000000001
2012-02-19 15:00:00,49.24299999999999
2012-02-19 16:00:00,33.913
2012-02-19 17:00:00,17.796
2012-02-19 18:00:00,4.343999999999999
2012-02-19 19:00:00,0.039
2012-02-19 20:00:00,0.0
2012-02-19 21:00:00,0.0
2012-02-19 22:00:00,0.0
2012-02-19 23:00:00,0.0
2012-02-20 00:00:00,0.0
2012-02-20 01:00:00,0.0
2012-02-20 02:00:00,0.0
2012-02-20 03:00:00,0.0
2012-02-20 04:00:00,0.0
2012-02-20 05:00:00,0.0
2012-02-20 06:00:00,0.0
2012-02-20 07:00:00,5.65
2012-02-20 08:00:00,17.039
2012-02-20 09:00:00,33.96999999999999
2012-02-20 10:00:00,46.172
2012-02-20 11:00:00,54.094
2012-02-20 12:00:00,61.38200000000001
2012-02-20 13:00:00,62.14499999999999
2012-02-20 14:00:00,49.03
2012-02-20 15:00:00,28.23599999999999
2012-02-20 16:00:00,10.791
2012-02-20 17:00:00,2.843
2012-02-20 18:00:00,1.233
2012-02-20 19:00:00,0.0
2012-02-20 20:00:00,0.0
2012-02-20 21:00:00,0.0
2012-02-20 22:00:00,0.0
2012-02-20 23:00:00,0.0
2012-02-21 00:00:00,0.0
2012-02-21 01:00:00,0.0
2012-02-21 02:00:00,0.0
2012-02-21 03:00:00,0.0
2012-02-21 04:00:00,0.0
2012-02-21 05:00:00,0.0
2012-02-21 06:00:00,0.0
2012-02-21 07:00:00,0.12
2012-02-21 08:00:00,2.512
2012-02-21 09:00:00,9.559999999999997
2012-02-21 10:00:00,11.62
2012-02-21 11:00:00,36.67900000000001
2012-02-21 12:00:00,42.292
2012-02-21 13:00:00,35.79300000000001
2012-02-21 14:00:00,33.316
2012-02-21 15:00:00,32.057
2012-02-21 16:00:00,16.825
2012-02-21 17:00:00,9.932999999999998
2012-02-21 18:00:00,4.210000000000001
2012-02-21 19:00:00,0.4510000000000002
2012-02-21 20:00:00,0.0
2012-02-21 21:00:00,0.0
2012-02-21 22:00:00,0.0
2012-02-21 23:00:00,0.0
2012-02-22 00:00:00,0.0
2012-02-22 01:00:00,0.0
2012-02-22 02:00:00,0.0
2012-02-22 03:00:00,0.0
2012-02-22 04:00:00,0.0
2012-02-22 05:00:00,0.0
2012-02-22 06:00:00,0.039
2012-02-22 07:00:00,4.815
2012-02-22 08:00:00,11.039
2012-02-22 09:00:00,26.081
2012-02-22 10:00:00,45.946
2012-02-22 11:00:00,48.17799999999998
2012-02-22 12:00:00,48.70500000000001
2012-02-22 13:00:00,31.471
2012-02-22 14:00:00,31.83499999999999
2012-02-22 15:00:00,25.798
2012-02-22 16:00:00,22.23
2012-02-22 17:00:00,20.452
2012-02-22 18:00:00,7.281000000000001
2012-02-22 19:00:00,0.6860000000000003
2012-02-22 20:00:00,0.0
2012-02-22 21:00:00,0.0
2012-02-22 22:00:00,0.0
2012-02-22 23:00:00,0.0
2012-02-23 00:00:00,0.0
2012-02-23 01:00:00,0.0
2012-02-23 02:00:00,0.0
2012-02-23 03:00:00,0.0
2012-02-23 04:00:00,0.0
2012-02-23 05:00:00,0.0
2012-02-23 06:00:00,0.182
2012-02-23 07:00:00,7.318000000000001
2012-02-23 08:00:00,21.25200000000001
2012-02-23 09:00:00,34.49600000000001
2012-02-23 10:00:00,44.618
2012-02-23 11:00:00,53.91499999999999
2012-02-23 12:00:00,62.19400000000001
2012-02-23 13:00:00,63.20399999999999
2012-02-23 14:00:00,59.21899999999999
2012-02-23 15:00:00,51.24299999999999
2012-02-23 16:00:00,38.427
2012-02-23 17:00:00,20.372
2012-02-23 18:00:00,7.048999999999999
2012-02-23 19:00:00,0.3020000000000001
2012-02-23 20:00:00,0.0
2012-02-23 21:00:00,0.0
2012-02-23 22:00:00,0.0
2012-02-23 23:00:00,0.0
2012-02-24 00:00:00,0.0
2012-02-24 01:00:00,0.0
2012-02-24 02:00:00,0.0
2012-02-24 03:00:00,0.0
2012-02-24 04:00:00,0.0
2012-02-24 05:00:00,0.0
2012-02-24 06:00:00,0.219
2012-02-24 07:00:00,6.797
2012-02-24 08:00:00,21.188
2012-02-24 09:00:00,36.30199999999999
2012-02-24 10:00:00,50.234
2012-02-24 11:00:00,58.70799999999999
2012-02-24 12:00:00,63.57700000000001
2012-02-24 13:00:00,63.92100000000001
2012-02-24 14:00:00,59.922
2012-02-24 15:00:00,51.91699999999999
2012-02-24 16:00:00,39.13199999999999
2012-02-24 17:00:00,20.73200000000001
2012-02-24 18:00:00,7.126999999999999
2012-02-24 19:00:00,0.359
2012-02-24 20:00:00,0.0
2012-02-24 21:00:00,0.0
2012-02-24 22:00:00,0.0
2012-02-24 23:00:00,0.0
2012-02-25 00:00:00,0.0
2012-02-25 01:00:00,0.0
2012-02-25 02:00:00,0.0
2012-02-25 03:00:00,0.0
2012-02-25 04:00:00,0.0
2012-02-25 05:00:00,0.0
2012-02-25 06:00:00,0.226
2012-02-25 07:00:00,7.551000000000001
2012-02-25 08:00:00,22.00299999999999
2012-02-25 09:00:00,37.395
2012-02-25 10:00:00,46.79199999999999
2012-02-25 11:00:00,51.072
2012-02-25 12:00:00,56.43799999999999
2012-02-25 13:00:00,63.76500000000001
2012-02-25 14:00:00,60.821
2012-02-25 15:00:00,48.23000000000001
2012-02-25 16:00:00,26.758
2012-02-25 17:00:00,14.755
2012-02-25 18:00:00,4.040000000000001
2012-02-25 19:00:00,0.057
2012-02-25 20:00:00,0.0
2012-02-25 21:00:00,0.0
2012-02-25 22:00:00,0.0
2012-02-25 23:00:00,0.0
2012-02-26 00:00:00,0.0
2012-02-26 01:00:00,0.0
2012-02-26 02:00:00,0.0
2012-02-26 03:00:00,0.0
2012-02-26 04:00:00,0.0
2012-02-26 05:00:00,0.0
2012-02-26 06:00:00,0.019
2012-02-26 07:00:00,5.842999999999999
2012-02-26 08:00:00,17.973
2012-02-26 09:00:00,24.329
2012-02-26 10:00:00,29.809
2012-02-26 11:00:00,21.85700000000001
2012-02-26 12:00:00,42.169
2012-02-26 13:00:00,35.04499999999999
2012-02-26 14:00:00,20.653
2012-02-26 15:00:00,15.965
2012-02-26 16:00:00,15.997
2012-02-26 17:00:00,5.097
2012-02-26 18:00:00,2.513
2012-02-26 19:00:00,0.058
2012-02-26 20:00:00,0.0
2012-02-26 21:00:00,0.0
2012-02-26 22:00:00,0.0
2012-02-26 23:00:00,0.0
2012-02-27 00:00:00,0.0
2012-02-27 01:00:00,0.0
2012-02-27 02:00:00,0.0
2012-02-27 03:00:00,0.0
2012-02-27 04:00:00,0.0
2012-02-27 05:00:00,0.0
2012-02-27 06:00:00,0.0
2012-02-27 07:00:00,2.138
2012-02-27 08:00:00,9.894000000000002
2012-02-27 09:00:00,20.485
2012-02-27 10:00:00,22.882
2012-02-27 11:00:00,31.862
2012-02-27 12:00:00,36.094
2012-02-27 13:00:00,36.32199999999999
2012-02-27 14:00:00,46.79199999999999
2012-02-27 15:00:00,37.61599999999999
2012-02-27 16:00:00,26.423
2012-02-27 17:00:00,9.998000000000003
2012-02-27 18:00:00,2.924999999999999
2012-02-27 19:00:00,0.0
2012-02-27 20:00:00,0.0
2012-02-27 21:00:00,0.0
2012-02-27 22:00:00,0.0
2012-02-27 23:00:00,0.0
2012-02-28 00:00:00,0.0
2012-02-28 01:00:00,0.0
2012-02-28 02:00:00,0.0
2012-02-28 03:00:00,0.0
2012-02-28 04:00:00,0.0
2012-02-28 05:00:00,0.0
2012-02-28 06:00:00,0.0
2012-02-28 07:00:00,4.847
2012-02-28 08:00:00,10.222
2012-02-28 09:00:00,27.472
2012-02-28 10:00:00,47.746
2012-02-28 11:00:00,55.64899999999999
2012-02-28 12:00:00,55.422
2012-02-28 13:00:00,51.05399999999999
2012-02-28 14:00:00,38.863
2012-02-28 15:00:00,29.67399999999999
2012-02-28 16:00:00,21.057
2012-02-28 17:00:00,10.365
2012-02-28 18:00:00,3.337
2012-02-28 19:00:00,0.045
2012-02-28 20:00:00,0.0
2012-02-28 21:00:00,0.0
2012-02-28 22:00:00,0.0
2012-02-28 23:00:00,0.0
2012-02-29 00:00:00,0.0
2012-02-29 01:00:00,0.0
2012-02-29 02:00:00,0.0
2012-02-29 03:00:00,0.0
2012-02-29 04:00:00,0.0
2012-02-29 05:00:00,0.0
2012-02-29 06:00:00,0.0
2012-02-29 07:00:00,5.323
2012-02-29 08:00:00,10.214
2012-02-29 09:00:00,10.744
2012-02-29 10:00:00,24.15099999999999
2012-02-29 11:00:00,29.266
2012-02-29 12:00:00,30.973
2012-02-29 13:00:00,23.13
2012-02-29 14:00:00,13.712
2012-02-29 15:00:00,8.831999999999999
2012-02-29 16:00:00,10.652
2012-02-29 17:00:00,7.118999999999999
2012-02-29 18:00:00,1.077
2012-02-29 19:00:00,0.0
2012-02-29 20:00:00,0.0
2012-02-29 21:00:00,0.0
2012-02-29 22:00:00,0.0
2012-02-29 23:00:00,0.0
2012-03-01 00:00:00,0.0
2012-03-01 01:00:00,0.0
2012-03-01 02:00:00,0.0
2012-03-01 03:00:00,0.0
2012-03-01 04:00:00,0.0
2012-03-01 05:00:00,0.0
2012-03-01 06:00:00,0.0
2012-03-01 07:00:00,2.22
2012-03-01 08:00:00,13.451
2012-03-01 09:00:00,31.277
2012-03-01 10:00:00,47.91299999999999
2012-03-01 11:00:00,53.88499999999999
2012-03-01 12:00:00,48.19400000000001
2012-03-01 13:00:00,38.67799999999999
2012-03-01 14:00:00,48.24700000000001
2012-03-01 15:00:00,41.84800000000001
2012-03-01 16:00:00,16.335
2012-03-01 17:00:00,8.236
2012-03-01 18:00:00,0.051
2012-03-01 19:00:00,0.0
2012-03-01 20:00:00,0.0
2012-03-01 21:00:00,0.0
2012-03-01 22:00:00,0.0
2012-03-01 23:00:00,0.0
2012-03-02 00:00:00,0.0
2012-03-02 01:00:00,0.0
2012-03-02 02:00:00,0.0
2012-03-02 03:00:00,0.0
2012-03-02 04:00:00,0.0
2012-03-02 05:00:00,0.0
2012-03-02 06:00:00,0.0
2012-03-02 07:00:00,0.0
2012-03-02 08:00:00,1.207
2012-03-02 09:00:00,4.975000000000001
2012-03-02 10:00:00,8.422
2012-03-02 11:00:00,15.637
2012-03-02 12:00:00,14.69299999999999
2012-03-02 13:00:00,9.76
2012-03-02 14:00:00,11.074
2012-03-02 15:00:00,7.455000000000001
2012-03-02 16:00:00,3.086
2012-03-02 17:00:00,2.173
2012-03-02 18:00:00,0.09999999999999999
2012-03-02 19:00:00,0.0
2012-03-02 20:00:00,0.0
2012-03-02 21:00:00,0.0
2012-03-02 22:00:00,0.0
2012-03-02 23:00:00,0.0
2012-03-03 00:00:00,0.0
2012-03-03 01:00:00,0.0
2012-03-03 02:00:00,0.0
2012-03-03 03:00:00,0.0
2012-03-03 04:00:00,0.0
2012-03-03 05:00:00,0.0
2012-03-03 06:00:00,0.0
2012-03-03 07:00:00,1.055
2012-03-03 08:00:00,4.761000000000001
2012-03-03 09:00:00,7.186000000000001
2012-03-03 10:00:00,7.68
2012-03-03 11:00:00,6.183999999999998
2012-03-03 12:00:00,9.498999999999999
2012-03-03 13:00:00,7.752000000000001
2012-03-03 14:00:00,8.772000000000002
2012-03-03 15:00:00,6.616
2012-03-03 16:00:00,2.196
2012-03-03 17:00:00,2.148000000000001
2012-03-03 18:00:00,0.172
2012-03-03 19:00:00,0.0
2012-03-03 20:00:00,0.0
2012-03-03 21:00:00,0.0
2012-03-03 22:00:00,0.0
2012-03-03 23:00:00,0.0
2012-03-04 00:00:00,0.0
2012-03-04 01:00:00,0.0
2012-03-04 02:00:00,0.0
2012-03-04 03:00:00,0.0
2012-03-04 04:00:00,0.0
2012-03-04 05:00:00,0.0
2012-03-04 06:00:00,0.0
2012-03-04 07:00:00,5.451000000000001
2012-03-04 08:00:00,19.062
2012-03-04 09:00:00,35.388
2012-03-04 10:00:00,49.23199999999999
2012-03-04 11:00:00,57.15500000000002
2012-03-04 12:00:00,61.005
2012-03-04 13:00:00,60.02
2012-03-04 14:00:00,55.67399999999998
2012-03-04 15:00:00,48.05099999999999
2012-03-04 16:00:00,33.905
2012-03-04 17:00:00,18.95900000000001
2012-03-04 18:00:00,4.573
2012-03-04 19:00:00,0.0
2012-03-04 20:00:00,0.0
2012-03-04 21:00:00,0.0
2012-03-04 22:00:00,0.0
2012-03-04 23:00:00,0.0
2012-03-05 00:00:00,0.0
2012-03-05 01:00:00,0.0
2012-03-05 02:00:00,0.0
2012-03-05 03:00:00,0.0
2012-03-05 04:00:00,0.0
2012-03-05 05:00:00,0.0
2012-03-05 06:00:00,0.0
2012-03-05 07:00:00,0.126
2012-03-05 08:00:00,2.019
2012-03-05 09:00:00,4.202999999999999
2012-03-05 10:00:00,7.305000000000001
2012-03-05 11:00:00,9.099
2012-03-05 12:00:00,19.794
2012-03-05 13:00:00,36.136
2012-03-05 14:00:00,58.752
2012-03-05 15:00:00,50.997
2012-03-05 16:00:00,36.63899999999999
2012-03-05 17:00:00,18.51400000000001
2012-03-05 18:00:00,5.143999999999999
2012-03-05 19:00:00,0.013
2012-03-05 20:00:00,0.0
2012-03-05 21:00:00,0.0
2012-03-05 22:00:00,0.0
2012-03-05 23:00:00,0.0
2012-03-06 00:00:00,0.0
2012-03-06 01:00:00,0.0
2012-03-06 02:00:00,0.0
2012-03-06 03:00:00,0.0
2012-03-06 04:00:00,0.0
2012-03-06 05:00:00,0.0
2012-03-06 06:00:00,0.013
2012-03-06 07:00:00,5.554000000000001
2012-03-06 08:00:00,19.498
2012-03-06 09:00:00,36.1
2012-03-06 10:00:00,49.92100000000001
2012-03-06 11:00:00,58.61900000000001
2012-03-06 12:00:00,60.501
2012-03-06 13:00:00,57.002
2012-03-06 14:00:00,50.397
2012-03-06 15:00:00,44.702
2012-03-06 16:00:00,29.99
2012-03-06 17:00:00,15.949
2012-03-06 18:00:00,5.865
2012-03-06 19:00:00,0.039
2012-03-06 20:00:00,0.0
2012-03-06 21:00:00,0.0
2012-03-06 22:00:00,0.0
2012-03-06 23:00:00,0.0
2012-03-07 00:00:00,0.0
2012-03-07 01:00:00,0.0
2012-03-07 02:00:00,0.0
2012-03-07 03:00:00,0.0
2012-03-07 04:00:00,0.0
2012-03-07 05:00:00,0.0
2012-03-07 06:00:00,0.0
2012-03-07 07:00:00,1.939
2012-03-07 08:00:00,3.544999999999999
2012-03-07 09:00:00,2.977
2012-03-07 10:00:00,2.383
2012-03-07 11:00:00,8.987000000000004
2012-03-07 12:00:00,8.069
2012-03-07 13:00:00,34.405
2012-03-07 14:00:00,45.15099999999999
2012-03-07 15:00:00,44.88699999999999
2012-03-07 16:00:00,32.502
2012-03-07 17:00:00,15.792
2012-03-07 18:00:00,5.390999999999999
2012-03-07 19:00:00,0.0
2012-03-07 20:00:00,0.0
2012-03-07 21:00:00,0.0
2012-03-07 22:00:00,0.0
2012-03-07 23:00:00,0.0
2012-03-08 00:00:00,0.0
2012-03-08 01:00:00,0.0
2012-03-08 02:00:00,0.0
2012-03-08 03:00:00,0.0
2012-03-08 04:00:00,0.0
2012-03-08 05:00:00,0.0
2012-03-08 06:00:00,0.013
2012-03-08 07:00:00,1.016
2012-03-08 08:00:00,5.21
2012-03-08 09:00:00,9.095999999999998
2012-03-08 10:00:00,4.386
2012-03-08 11:00:00,10.523
2012-03-08 12:00:00,17.67400000000001
2012-03-08 13:00:00,22.653
2012-03-08 14:00:00,34.13099999999999
2012-03-08 15:00:00,4.388000000000001
2012-03-08 16:00:00,17.909
2012-03-08 17:00:00,17.526
2012-03-08 18:00:00,3.392999999999999
2012-03-08 19:00:00,0.0
2012-03-08 20:00:00,0.0
2012-03-08 21:00:00,0.0
2012-03-08 22:00:00,0.0
2012-03-08 23:00:00,0.0
2012-03-09 00:00:00,0.0
2012-03-09 01:00:00,0.0
2012-03-09 02:00:00,0.0
2012-03-09 03:00:00,0.0
2012-03-09 04:00:00,0.0
2012-03-09 05:00:00,0.0
2012-03-09 06:00:00,0.038
2012-03-09 07:00:00,5.468
2012-03-09 08:00:00,19.482
2012-03-09 09:00:00,36.60899999999999
2012-03-09 10:00:00,50.58699999999999
2012-03-09 11:00:00,58.908
2012-03-09 12:00:00,60.783
2012-03-09 13:00:00,52.73300000000001
2012-03-09 14:00:00,46.424
2012-03-09 15:00:00,24.427
2012-03-09 16:00:00,17.749
2012-03-09 17:00:00,8.762
2012-03-09 18:00:00,3.223999999999999
2012-03-09 19:00:00,0.032
2012-03-09 20:00:00,0.0
2012-03-09 21:00:00,0.0
2012-03-09 22:00:00,0.0
2012-03-09 23:00:00,0.0
2012-03-10 00:00:00,0.0
2012-03-10 01:00:00,0.0
2012-03-10 02:00:00,0.0
2012-03-10 03:00:00,0.0
2012-03-10 04:00:00,0.0
2012-03-10 05:00:00,0.0
2012-03-10 06:00:00,0.0
2012-03-10 07:00:00,5.269999999999999
2012-03-10 08:00:00,18.989
2012-03-10 09:00:00,35.371
2012-03-10 10:00:00,48.65399999999998
2012-03-10 11:00:00,57.37100000000002
2012-03-10 12:00:00,61.203
2012-03-10 13:00:00,59.78499999999999
2012-03-10 14:00:00,58.346
2012-03-10 15:00:00,49.822
2012-03-10 16:00:00,34.67099999999999
2012-03-10 17:00:00,15.863
2012-03-10 18:00:00,4.081
2012-03-10 19:00:00,0.0
2012-03-10 20:00:00,0.0
2012-03-10 21:00:00,0.0
2012-03-10 22:00:00,0.0
2012-03-10 23:00:00,0.0
2012-03-11 00:00:00,0.0
2012-03-11 01:00:00,0.0
2012-03-11 02:00:00,0.0
2012-03-11 03:00:00,0.0
2012-03-11 04:00:00,0.0
2012-03-11 05:00:00,0.0
2012-03-11 06:00:00,0.0
2012-03-11 07:00:00,4.564000000000002
2012-03-11 08:00:00,18.462
2012-03-11 09:00:00,34.481
2012-03-11 10:00:00,45.73599999999999
2012-03-11 11:00:00,55.492
2012-03-11 12:00:00,57.008
2012-03-11 13:00:00,60.14900000000002
2012-03-11 14:00:00,57.614
2012-03-11 15:00:00,49.10700000000001
2012-03-11 16:00:00,34.40800000000001
2012-03-11 17:00:00,17.589
2012-03-11 18:00:00,4.470000000000001
2012-03-11 19:00:00,0.0
2012-03-11 20:00:00,0.0
2012-03-11 21:00:00,0.0
2012-03-11 22:00:00,0.0
2012-03-11 23:00:00,0.0
2012-03-12 00:00:00,0.0
2012-03-12 01:00:00,0.0
2012-03-12 02:00:00,0.0
2012-03-12 03:00:00,0.0
2012-03-12 04:00:00,0.0
2012-03-12 05:00:00,0.0
2012-03-12 06:00:00,0.0
2012-03-12 07:00:00,4.004999999999999
2012-03-12 08:00:00,12.048
2012-03-12 09:00:00,20.73500000000001
2012-03-12 10:00:00,34.499
2012-03-12 11:00:00,33.418
2012-03-12 12:00:00,42.871
2012-03-12 13:00:00,52.61200000000001
2012-03-12 14:00:00,47.36399999999999
2012-03-12 15:00:00,42.55100000000002
2012-03-12 16:00:00,34.10100000000001
2012-03-12 17:00:00,16.573
2012-03-12 18:00:00,3.744
2012-03-12 19:00:00,0.013
2012-03-12 20:00:00,0.0
2012-03-12 21:00:00,0.0
2012-03-12 22:00:00,0.0
2012-03-12 23:00:00,0.0
2012-03-13 00:00:00,0.0
2012-03-13 01:00:00,0.0
2012-03-13 02:00:00,0.0
2012-03-13 03:00:00,0.0
2012-03-13 04:00:00,0.0
2012-03-13 05:00:00,0.0
2012-03-13 06:00:00,0.0
2012-03-13 07:00:00,4.864999999999999
2012-03-13 08:00:00,18.352
2012-03-13 09:00:00,34.77499999999999
2012-03-13 10:00:00,48.41699999999999
2012-03-13 11:00:00,56.95899999999999
2012-03-13 12:00:00,61.51499999999999
2012-03-13 13:00:00,61.72199999999999
2012-03-13 14:00:00,57.80299999999998
2012-03-13 15:00:00,49.456
2012-03-13 16:00:00,34.32100000000001
2012-03-13 17:00:00,17.108
2012-03-13 18:00:00,4.107
2012-03-13 19:00:00,0.0
2012-03-13 20:00:00,0.0
2012-03-13 21:00:00,0.0
2012-03-13 22:00:00,0.0
2012-03-13 23:00:00,0.0
2012-03-14 00:00:00,0.0
2012-03-14 01:00:00,0.0
2012-03-14 02:00:00,0.0
2012-03-14 03:00:00,0.0
2012-03-14 04:00:00,0.0
2012-03-14 05:00:00,0.0
2012-03-14 06:00:00,0.0
2012-03-14 07:00:00,4.321
2012-03-14 08:00:00,18.211
2012-03-14 09:00:00,34.05600000000001
2012-03-14 10:00:00,45.345
2012-03-14 11:00:00,50.44899999999998
2012-03-14 12:00:00,45.32
2012-03-14 13:00:00,42.288
2012-03-14 14:00:00,34.41500000000001
2012-03-14 15:00:00,28.91500000000001
2012-03-14 16:00:00,20.222
2012-03-14 17:00:00,15.342
2012-03-14 18:00:00,4.121
2012-03-14 19:00:00,0.0
2012-03-14 20:00:00,0.0
2012-03-14 21:00:00,0.0
2012-03-14 22:00:00,0.0
2012-03-14 23:00:00,0.0
2012-03-15 00:00:00,0.0
2012-03-15 01:00:00,0.0
2012-03-15 02:00:00,0.0
2012-03-15 03:00:00,0.0
2012-03-15 04:00:00,0.0
2012-03-15 05:00:00,0.0
2012-03-15 06:00:00,0.0
2012-03-15 07:00:00,2.579
2012-03-15 08:00:00,16.574
2012-03-15 09:00:00,30.58599999999999
2012-03-15 10:00:00,28.788
2012-03-15 11:00:00,57.604
2012-03-15 12:00:00,52.13599999999999
2012-03-15 13:00:00,60.814
2012-03-15 14:00:00,57.81600000000001
2012-03-15 15:00:00,48.73099999999999
2012-03-15 16:00:00,32.815
2012-03-15 17:00:00,16.591
2012-03-15 18:00:00,3.498
2012-03-15 19:00:00,0.0
2012-03-15 20:00:00,0.0
2012-03-15 21:00:00,0.0
2012-03-15 22:00:00,0.0
2012-03-15 23:00:00,0.0
2012-03-16 00:00:00,0.0
2012-03-16 01:00:00,0.0
2012-03-16 02:00:00,0.0
2012-03-16 03:00:00,0.0
2012-03-16 04:00:00,0.0
2012-03-16 05:00:00,0.0
2012-03-16 06:00:00,0.0
2012-03-16 07:00:00,4.098
2012-03-16 08:00:00,17.43200000000001
2012-03-16 09:00:00,33.855
2012-03-16 10:00:00,46.83099999999999
2012-03-16 11:00:00,55.35399999999998
2012-03-16 12:00:00,59.403
2012-03-16 13:00:00,58.58900000000002
2012-03-16 14:00:00,54.35399999999998
2012-03-16 15:00:00,45.468
2012-03-16 16:00:00,31.98
2012-03-16 17:00:00,15.52800000000001
2012-03-16 18:00:00,2.062999999999999
2012-03-16 19:00:00,0.0
2012-03-16 20:00:00,0.0
2012-03-16 21:00:00,0.0
2012-03-16 22:00:00,0.0
2012-03-16 23:00:00,0.0
2012-03-17 00:00:00,0.0
2012-03-17 01:00:00,0.0
2012-03-17 02:00:00,0.0
2012-03-17 03:00:00,0.0
2012-03-17 04:00:00,0.0
2012-03-17 05:00:00,0.0
2012-03-17 06:00:00,0.0
2012-03-17 07:00:00,0.0
2012-03-17 08:00:00,0.07600000000000001
2012-03-17 09:00:00,1.333
2012-03-17 10:00:00,5.679000000000001
2012-03-17 11:00:00,6.113
2012-03-17 12:00:00,7.647000000000003
2012-03-17 13:00:00,11.851
2012-03-17 14:00:00,17.45
2012-03-17 15:00:00,19.794
2012-03-17 16:00:00,19.071
2012-03-17 17:00:00,5.889999999999999
2012-03-17 18:00:00,0.9050000000000005
2012-03-17 19:00:00,0.0
2012-03-17 20:00:00,0.0
2012-03-17 21:00:00,0.0
2012-03-17 22:00:00,0.0
2012-03-17 23:00:00,0.0
2012-03-18 00:00:00,0.0
2012-03-18 01:00:00,0.0
2012-03-18 02:00:00,0.0
2012-03-18 03:00:00,0.0
2012-03-18 04:00:00,0.0
2012-03-18 05:00:00,0.0
2012-03-18 06:00:00,0.0
2012-03-18 07:00:00,1.826999999999999
2012-03-18 08:00:00,8.976
2012-03-18 09:00:00,23.584
2012-03-18 10:00:00,30.663
2012-03-18 11:00:00,43.58899999999999
2012-03-18 12:00:00,59.53
2012-03-18 13:00:00,53.985
2012-03-18 14:00:00,45.613
2012-03-18 15:00:00,41.42100000000001
2012-03-18 16:00:00,30.87199999999999
2012-03-18 17:00:00,8.589000000000002
2012-03-18 18:00:00,1.766
2012-03-18 19:00:00,0.0
2012-03-18 20:00:00,0.0
2012-03-18 21:00:00,0.0
2012-03-18 22:00:00,0.0
2012-03-18 23:00:00,0.0
2012-03-19 00:00:00,0.0
2012-03-19 01:00:00,0.0
2012-03-19 02:00:00,0.0
2012-03-19 03:00:00,0.0
2012-03-19 04:00:00,0.0
2012-03-19 05:00:00,0.0
2012-03-19 06:00:00,0.0
2012-03-19 07:00:00,1.233
2012-03-19 08:00:00,10.93
2012-03-19 09:00:00,25.89399999999999
2012-03-19 10:00:00,43.10300000000001
2012-03-19 11:00:00,40.07099999999999
2012-03-19 12:00:00,42.876
2012-03-19 13:00:00,27.436
2012-03-19 14:00:00,13.743
2012-03-19 15:00:00,12.328
2012-03-19 16:00:00,8.468000000000002
2012-03-19 17:00:00,2.769
2012-03-19 18:00:00,0.2340000000000001
2012-03-19 19:00:00,0.0
2012-03-19 20:00:00,0.0
2012-03-19 21:00:00,0.0
2012-03-19 22:00:00,0.0
2012-03-19 23:00:00,0.0
2012-03-20 00:00:00,0.0
2012-03-20 01:00:00,0.0
2012-03-20 02:00:00,0.0
2012-03-20 03:00:00,0.0
2012-03-20 04:00:00,0.0
2012-03-20 05:00:00,0.0
2012-03-20 06:00:00,0.0
2012-03-20 07:00:00,1.756999999999999
2012-03-20 08:00:00,14.914
2012-03-20 09:00:00,33.125
2012-03-20 10:00:00,47.79499999999999
2012-03-20 11:00:00,56.49999999999998
2012-03-20 12:00:00,47.02700000000001
2012-03-20 13:00:00,39.325
2012-03-20 14:00:00,39.472
2012-03-20 15:00:00,29.204
2012-03-20 16:00:00,22.554
2012-03-20 17:00:00,9.429999999999998
2012-03-20 18:00:00,0.5500000000000002
2012-03-20 19:00:00,0.0
2012-03-20 20:00:00,0.0
2012-03-20 21:00:00,0.0
2012-03-20 22:00:00,0.0
2012-03-20 23:00:00,0.0
2012-03-21 00:00:00,0.0
2012-03-21 01:00:00,0.0
2012-03-21 02:00:00,0.0
2012-03-21 03:00:00,0.0
2012-03-21 04:00:00,0.0
2012-03-21 05:00:00,0.0
2012-03-21 06:00:00,0.0
2012-03-21 07:00:00,1.686
2012-03-21 08:00:00,10.718
2012-03-21 09:00:00,21.799
2012-03-21 10:00:00,17.167
2012-03-21 11:00:00,31.107
2012-03-21 12:00:00,31.45199999999999
2012-03-21 13:00:00,25.13800000000001
2012-03-21 14:00:00,43.477
2012-03-21 15:00:00,28.125
2012-03-21 16:00:00,18.971
2012-03-21 17:00:00,9.728999999999997
2012-03-21 18:00:00,3.025999999999999
2012-03-21 19:00:00,0.0
2012-03-21 20:00:00,0.0
2012-03-21 21:00:00,0.0
2012-03-21 22:00:00,0.0
2012-03-21 23:00:00,0.0
2012-03-22 00:00:00,0.0
2012-03-22 01:00:00,0.0
2012-03-22 02:00:00,0.0
2012-03-22 03:00:00,0.0
2012-03-22 04:00:00,0.0
2012-03-22 05:00:00,0.0
2012-03-22 06:00:00,0.0
2012-03-22 07:00:00,0.0
2012-03-22 08:00:00,0.7810000000000004
2012-03-22 09:00:00,6.490000000000001
2012-03-22 10:00:00,10.403
2012-03-22 11:00:00,21.04199999999999
2012-03-22 12:00:00,20.191
2012-03-22 13:00:00,32.07799999999999
2012-03-22 14:00:00,24.405
2012-03-22 15:00:00,25.527
2012-03-22 16:00:00,15.027
2012-03-22 17:00:00,6.378999999999999
2012-03-22 18:00:00,0.151
2012-03-22 19:00:00,0.0
2012-03-22 20:00:00,0.0
2012-03-22 21:00:00,0.0
2012-03-22 22:00:00,0.0
2012-03-22 23:00:00,0.0
2012-03-23 00:00:00,0.0
2012-03-23 01:00:00,0.0
2012-03-23 02:00:00,0.0
2012-03-23 03:00:00,0.0
2012-03-23 04:00:00,0.0
2012-03-23 05:00:00,0.0
2012-03-23 06:00:00,0.0
2012-03-23 07:00:00,1.61
2012-03-23 08:00:00,13.479
2012-03-23 09:00:00,30.896
2012-03-23 10:00:00,46.79199999999997
2012-03-23 11:00:00,55.71099999999999
2012-03-23 12:00:00,60.43600000000001
2012-03-23 13:00:00,51.00400000000001
2012-03-23 14:00:00,43.47299999999999
2012-03-23 15:00:00,47.25600000000001
2012-03-23 16:00:00,31.822
2012-03-23 17:00:00,15.07
2012-03-23 18:00:00,2.689
2012-03-23 19:00:00,0.0
2012-03-23 20:00:00,0.0
2012-03-23 21:00:00,0.0
2012-03-23 22:00:00,0.0
2012-03-23 23:00:00,0.0
2012-03-24 00:00:00,0.0
2012-03-24 01:00:00,0.0
2012-03-24 02:00:00,0.0
2012-03-24 03:00:00,0.0
2012-03-24 04:00:00,0.0
2012-03-24 05:00:00,0.0
2012-03-24 06:00:00,0.0
2012-03-24 07:00:00,3.826
2012-03-24 08:00:00,17.915
2012-03-24 09:00:00,35.57400000000001
2012-03-24 10:00:00,50.64200000000002
2012-03-24 11:00:00,59.329
2012-03-24 12:00:00,62.78699999999999
2012-03-24 13:00:00,61.55300000000001
2012-03-24 14:00:00,56.681
2012-03-24 15:00:00,47.667
2012-03-24 16:00:00,31.554
2012-03-24 17:00:00,14.855
2012-03-24 18:00:00,2.494
2012-03-24 19:00:00,0.0
2012-03-24 20:00:00,0.0
2012-03-24 21:00:00,0.0
2012-03-24 22:00:00,0.0
2012-03-24 23:00:00,0.0
2012-03-25 00:00:00,0.0
2012-03-25 01:00:00,0.0
2012-03-25 02:00:00,0.0
2012-03-25 03:00:00,0.0
2012-03-25 04:00:00,0.0
2012-03-25 05:00:00,0.0
2012-03-25 06:00:00,0.0
2012-03-25 07:00:00,1.858000000000001
2012-03-25 08:00:00,13.825
2012-03-25 09:00:00,24.333
2012-03-25 10:00:00,37.52400000000001
2012-03-25 11:00:00,45.45600000000001
2012-03-25 12:00:00,57.00500000000002
2012-03-25 13:00:00,58.55400000000002
2012-03-25 14:00:00,55.19700000000001
2012-03-25 15:00:00,42.11199999999999
2012-03-25 16:00:00,24.58000000000001
2012-03-25 17:00:00,10.799
2012-03-25 18:00:00,2.472999999999999
2012-03-25 19:00:00,0.0
2012-03-25 20:00:00,0.0
2012-03-25 21:00:00,0.0
2012-03-25 22:00:00,0.0
2012-03-25 23:00:00,0.0
2012-03-26 00:00:00,0.0
2012-03-26 01:00:00,0.0
2012-03-26 02:00:00,0.0
2012-03-26 03:00:00,0.0
2012-03-26 04:00:00,0.0
2012-03-26 05:00:00,0.0
2012-03-26 06:00:00,0.0
2012-03-26 07:00:00,0.9680000000000004
2012-03-26 08:00:00,8.892
2012-03-26 09:00:00,23.457
2012-03-26 10:00:00,41.093
2012-03-26 11:00:00,51.047
2012-03-26 12:00:00,48.52
2012-03-26 13:00:00,21.077
2012-03-26 14:00:00,36.019
2012-03-26 15:00:00,35.40800000000001
2012-03-26 16:00:00,18.592
2012-03-26 17:00:00,4.603
2012-03-26 18:00:00,0.7590000000000003
2012-03-26 19:00:00,0.0
2012-03-26 20:00:00,0.0
2012-03-26 21:00:00,0.0
2012-03-26 22:00:00,0.0
2012-03-26 23:00:00,0.0
2012-03-27 00:00:00,0.0
2012-03-27 01:00:00,0.0
2012-03-27 02:00:00,0.0
2012-03-27 03:00:00,0.0
2012-03-27 04:00:00,0.0
2012-03-27 05:00:00,0.0
2012-03-27 06:00:00,0.0
2012-03-27 07:00:00,2.468999999999999
2012-03-27 08:00:00,13.888
2012-03-27 09:00:00,31.573
2012-03-27 10:00:00,46.311
2012-03-27 11:00:00,47.32299999999999
2012-03-27 12:00:00,51.31799999999998
2012-03-27 13:00:00,59.285
2012-03-27 14:00:00,53.40200000000001
2012-03-27 15:00:00,33.164
2012-03-27 16:00:00,31.183
2012-03-27 17:00:00,12.169
2012-03-27 18:00:00,0.5640000000000003
2012-03-27 19:00:00,0.0
2012-03-27 20:00:00,0.0
2012-03-27 21:00:00,0.0
2012-03-27 22:00:00,0.0
2012-03-27 23:00:00,0.0
2012-03-28 00:00:00,0.0
2012-03-28 01:00:00,0.0
2012-03-28 02:00:00,0.0
2012-03-28 03:00:00,0.0
2012-03-28 04:00:00,0.0
2012-03-28 05:00:00,0.0
2012-03-28 06:00:00,0.0
2012-03-28 07:00:00,0.8130000000000004
2012-03-28 08:00:00,5.338999999999999
2012-03-28 09:00:00,20.674
2012-03-28 10:00:00,38.21600000000001
2012-03-28 11:00:00,38.72899999999999
2012-03-28 12:00:00,52.47799999999999
2012-03-28 13:00:00,54.23900000000001
2012-03-28 14:00:00,45.367
2012-03-28 15:00:00,41.901
2012-03-28 16:00:00,29.751
2012-03-28 17:00:00,8.548
2012-03-28 18:00:00,0.6560000000000004
2012-03-28 19:00:00,0.0
2012-03-28 20:00:00,0.0
2012-03-28 21:00:00,0.0
2012-03-28 22:00:00,0.0
2012-03-28 23:00:00,0.0
2012-03-29 00:00:00,0.0
2012-03-29 01:00:00,0.0
2012-03-29 02:00:00,0.0
2012-03-29 03:00:00,0.0
2012-03-29 04:00:00,0.0
2012-03-29 05:00:00,0.0
2012-03-29 06:00:00,0.0
2012-03-29 07:00:00,2.489
2012-03-29 08:00:00,14.822
2012-03-29 09:00:00,31.748
2012-03-29 10:00:00,45.63800000000001
2012-03-29 11:00:00,54.117
2012-03-29 12:00:00,55.933
2012-03-29 13:00:00,55.314
2012-03-29 14:00:00,53.18300000000001
2012-03-29 15:00:00,42.52399999999999
2012-03-29 16:00:00,9.758
2012-03-29 17:00:00,1.701
2012-03-29 18:00:00,0.4250000000000002
2012-03-29 19:00:00,0.0
2012-03-29 20:00:00,0.0
2012-03-29 21:00:00,0.0
2012-03-29 22:00:00,0.0
2012-03-29 23:00:00,0.0
2012-03-30 00:00:00,0.0
2012-03-30 01:00:00,0.0
2012-03-30 02:00:00,0.0
2012-03-30 03:00:00,0.0
2012-03-30 04:00:00,0.0
2012-03-30 05:00:00,0.0
2012-03-30 06:00:00,0.0
2012-03-30 07:00:00,0.8020000000000004
2012-03-30 08:00:00,14.65000000000001
2012-03-30 09:00:00,24.69
2012-03-30 10:00:00,35.839
2012-03-30 11:00:00,36.30199999999999
2012-03-30 12:00:00,48.90999999999999
2012-03-30 13:00:00,58.33900000000001
2012-03-30 14:00:00,52.203
2012-03-30 15:00:00,17.419
2012-03-30 16:00:00,18.809
2012-03-30 17:00:00,7.645
2012-03-30 18:00:00,2.257
2012-03-30 19:00:00,0.0
2012-03-30 20:00:00,0.0
2012-03-30 21:00:00,0.0
2012-03-30 22:00:00,0.0
2012-03-30 23:00:00,0.0
2012-03-31 00:00:00,0.0
2012-03-31 01:00:00,0.0
2012-03-31 02:00:00,0.0
2012-03-31 03:00:00,0.0
2012-03-31 04:00:00,0.0
2012-03-31 05:00:00,0.0
2012-03-31 06:00:00,0.0
2012-03-31 07:00:00,2.805000000000001
2012-03-31 08:00:00,15.715
2012-03-31 09:00:00,31.58299999999999
2012-03-31 10:00:00,42.039
2012-03-31 11:00:00,43.58199999999999
2012-03-31 12:00:00,49.786
2012-03-31 13:00:00,52.84800000000001
2012-03-31 14:00:00,53.06699999999999
2012-03-31 15:00:00,45.3
2012-03-31 16:00:00,27.68
2012-03-31 17:00:00,12.255
2012-03-31 18:00:00,1.476
2012-03-31 19:00:00,0.0
2012-03-31 20:00:00,0.0
2012-03-31 21:00:00,0.0
2012-03-31 22:00:00,0.0
2012-03-31 23:00:00,0.0
2012-04-01 00:00:00,0.0
2012-04-01 01:00:00,0.0
2012-04-01 02:00:00,0.0
2012-04-01 03:00:00,0.0
2012-04-01 04:00:00,0.0
2012-04-01 05:00:00,0.0
2012-04-01 06:00:00,2.249999999999999
2012-04-01 07:00:00,15.172
2012-04-01 08:00:00,31.624
2012-04-01 09:00:00,46.08300000000001
2012-04-01 10:00:00,54.11
2012-04-01 11:00:00,57.22799999999999
2012-04-01 12:00:00,56.12699999999999
2012-04-01 13:00:00,52.271
2012-04-01 14:00:00,43.761
2012-04-01 15:00:00,25.812
2012-04-01 16:00:00,3.598999999999999
2012-04-01 17:00:00,0.3280000000000001
2012-04-01 18:00:00,0.0
2012-04-01 19:00:00,0.0
2012-04-01 20:00:00,0.0
2012-04-01 21:00:00,0.0
2012-04-01 22:00:00,0.0
2012-04-01 23:00:00,0.0
2012-04-02 00:00:00,0.0
2012-04-02 01:00:00,0.0
2012-04-02 02:00:00,0.0
2012-04-02 03:00:00,0.0
2012-04-02 04:00:00,0.0
2012-04-02 05:00:00,0.0
2012-04-02 06:00:00,0.6200000000000002
2012-04-02 07:00:00,11.765
2012-04-02 08:00:00,11.382
2012-04-02 09:00:00,19.888
2012-04-02 10:00:00,43.614
2012-04-02 11:00:00,44.16200000000001
2012-04-02 12:00:00,54.01199999999999
2012-04-02 13:00:00,50.23299999999999
2012-04-02 14:00:00,43.474
2012-04-02 15:00:00,27.041
2012-04-02 16:00:00,11.067
2012-04-02 17:00:00,1.071
2012-04-02 18:00:00,0.0
2012-04-02 19:00:00,0.0
2012-04-02 20:00:00,0.0
2012-04-02 21:00:00,0.0
2012-04-02 22:00:00,0.0
2012-04-02 23:00:00,0.0
2012-04-03 00:00:00,0.0
2012-04-03 01:00:00,0.0
2012-04-03 02:00:00,0.0
2012-04-03 03:00:00,0.0
2012-04-03 04:00:00,0.0
2012-04-03 05:00:00,0.0
2012-04-03 06:00:00,3.177999999999999
2012-04-03 07:00:00,14.626
2012-04-03 08:00:00,21.511
2012-04-03 09:00:00,37.72499999999998
2012-04-03 10:00:00,51.353
2012-04-03 11:00:00,54.60900000000001
2012-04-03 12:00:00,34.096
2012-04-03 13:00:00,42.43900000000001
2012-04-03 14:00:00,38.67500000000001
2012-04-03 15:00:00,26.288
2012-04-03 16:00:00,11.215
2012-04-03 17:00:00,0.9680000000000004
2012-04-03 18:00:00,0.0
2012-04-03 19:00:00,0.0
2012-04-03 20:00:00,0.0
2012-04-03 21:00:00,0.0
2012-04-03 22:00:00,0.0
2012-04-03 23:00:00,0.0
2012-04-04 00:00:00,0.0
2012-04-04 01:00:00,0.0
2012-04-04 02:00:00,0.0
2012-04-04 03:00:00,0.0
2012-04-04 04:00:00,0.0
2012-04-04 05:00:00,0.0
2012-04-04 06:00:00,2.241
2012-04-04 07:00:00,14.196
2012-04-04 08:00:00,29.874
2012-04-04 09:00:00,44.26600000000001
2012-04-04 10:00:00,52.6
2012-04-04 11:00:00,57.59699999999999
2012-04-04 12:00:00,56.90900000000001
2012-04-04 13:00:00,52.574
2012-04-04 14:00:00,43.09799999999999
2012-04-04 15:00:00,26.76000000000001
2012-04-04 16:00:00,10.97
2012-04-04 17:00:00,0.9470000000000002
2012-04-04 18:00:00,0.0
2012-04-04 19:00:00,0.0
2012-04-04 20:00:00,0.0
2012-04-04 21:00:00,0.0
2012-04-04 22:00:00,0.0
2012-04-04 23:00:00,0.0
2012-04-05 00:00:00,0.0
2012-04-05 01:00:00,0.0
2012-04-05 02:00:00,0.0
2012-04-05 03:00:00,0.0
2012-04-05 04:00:00,0.0
2012-04-05 05:00:00,0.0
2012-04-05 06:00:00,2.166999999999999
2012-04-05 07:00:00,14.187
2012-04-05 08:00:00,29.83600000000001
2012-04-05 09:00:00,43.75599999999999
2012-04-05 10:00:00,52.893
2012-04-05 11:00:00,56.48900000000002
2012-04-05 12:00:00,56.65199999999999
2012-04-05 13:00:00,52.56
2012-04-05 14:00:00,43.07699999999999
2012-04-05 15:00:00,26.72
2012-04-05 16:00:00,9.750000000000004
2012-04-05 17:00:00,0.6090000000000001
2012-04-05 18:00:00,0.0
2012-04-05 19:00:00,0.0
2012-04-05 20:00:00,0.0
2012-04-05 21:00:00,0.0
2012-04-05 22:00:00,0.0
2012-04-05 23:00:00,0.0
2012-04-06 00:00:00,0.0
2012-04-06 01:00:00,0.0
2012-04-06 02:00:00,0.0
2012-04-06 03:00:00,0.0
2012-04-06 04:00:00,0.0
2012-04-06 05:00:00,0.0
2012-04-06 06:00:00,2.164
2012-04-06 07:00:00,14.375
2012-04-06 08:00:00,30.007
2012-04-06 09:00:00,41.19800000000001
2012-04-06 10:00:00,48.60699999999999
2012-04-06 11:00:00,57.395
2012-04-06 12:00:00,56.964
2012-04-06 13:00:00,52.58499999999999
2012-04-06 14:00:00,43.35399999999999
2012-04-06 15:00:00,26.884
2012-04-06 16:00:00,10.652
2012-04-06 17:00:00,0.7390000000000001
2012-04-06 18:00:00,0.0
2012-04-06 19:00:00,0.0
2012-04-06 20:00:00,0.0
2012-04-06 21:00:00,0.0
2012-04-06 22:00:00,0.0
2012-04-06 23:00:00,0.0
2012-04-07 00:00:00,0.0
2012-04-07 01:00:00,0.0
2012-04-07 02:00:00,0.0
2012-04-07 03:00:00,0.0
2012-04-07 04:00:00,0.0
2012-04-07 05:00:00,0.0
2012-04-07 06:00:00,1.137
2012-04-07 07:00:00,12.944
2012-04-07 08:00:00,21.525
2012-04-07 09:00:00,25.634
2012-04-07 10:00:00,45.849
2012-04-07 11:00:00,53.86200000000001
2012-04-07 12:00:00,52.791
2012-04-07 13:00:00,47.07400000000001
2012-04-07 14:00:00,39.30399999999999
2012-04-07 15:00:00,21.83700000000001
2012-04-07 16:00:00,5.470999999999999
2012-04-07 17:00:00,0.076
2012-04-07 18:00:00,0.0
2012-04-07 19:00:00,0.0
2012-04-07 20:00:00,0.0
2012-04-07 21:00:00,0.0
2012-04-07 22:00:00,0.0
2012-04-07 23:00:00,0.0
2012-04-08 00:00:00,0.0
2012-04-08 01:00:00,0.0
2012-04-08 02:00:00,0.0
2012-04-08 03:00:00,0.0
2012-04-08 04:00:00,0.0
2012-04-08 05:00:00,0.0
2012-04-08 06:00:00,0.0
2012-04-08 07:00:00,4.2
2012-04-08 08:00:00,13.209
2012-04-08 09:00:00,22.152
2012-04-08 10:00:00,29.293
2012-04-08 11:00:00,46.30399999999999
2012-04-08 12:00:00,34.975
2012-04-08 13:00:00,31.349
2012-04-08 14:00:00,28.401
2012-04-08 15:00:00,16.21
2012-04-08 16:00:00,5.093
2012-04-08 17:00:00,0.013
2012-04-08 18:00:00,0.0
2012-04-08 19:00:00,0.0
2012-04-08 20:00:00,0.0
2012-04-08 21:00:00,0.0
2012-04-08 22:00:00,0.0
2012-04-08 23:00:00,0.0
2012-04-09 00:00:00,0.0
2012-04-09 01:00:00,0.0
2012-04-09 02:00:00,0.0
2012-04-09 03:00:00,0.0
2012-04-09 04:00:00,0.0
2012-04-09 05:00:00,0.0
2012-04-09 06:00:00,1.893
2012-04-09 07:00:00,14.951
2012-04-09 08:00:00,31.829
2012-04-09 09:00:00,47.09899999999999
2012-04-09 10:00:00,56.78900000000001
2012-04-09 11:00:00,59.91499999999998
2012-04-09 12:00:00,58.341
2012-04-09 13:00:00,53.71899999999999
2012-04-09 14:00:00,43.29
2012-04-09 15:00:00,26.632
2012-04-09 16:00:00,10.239
2012-04-09 17:00:00,0.479
2012-04-09 18:00:00,0.0
2012-04-09 19:00:00,0.0
2012-04-09 20:00:00,0.0
2012-04-09 21:00:00,0.0
2012-04-09 22:00:00,0.0
2012-04-09 23:00:00,0.0
2012-04-10 00:00:00,0.0
2012-04-10 01:00:00,0.0
2012-04-10 02:00:00,0.0
2012-04-10 03:00:00,0.0
2012-04-10 04:00:00,0.0
2012-04-10 05:00:00,0.0
2012-04-10 06:00:00,1.851
2012-04-10 07:00:00,14.936
2012-04-10 08:00:00,31.734
2012-04-10 09:00:00,43.27699999999999
2012-04-10 10:00:00,54.773
2012-04-10 11:00:00,60.936
2012-04-10 12:00:00,51.85899999999999
2012-04-10 13:00:00,40.065
2012-04-10 14:00:00,20.744
2012-04-10 15:00:00,10.235
2012-04-10 16:00:00,8.82
2012-04-10 17:00:00,1.282999999999999
2012-04-10 18:00:00,0.0
2012-04-10 19:00:00,0.0
2012-04-10 20:00:00,0.0
2012-04-10 21:00:00,0.0
2012-04-10 22:00:00,0.0
2012-04-10 23:00:00,0.0
2012-04-11 00:00:00,0.0
2012-04-11 01:00:00,0.0
2012-04-11 02:00:00,0.0
2012-04-11 03:00:00,0.0
2012-04-11 04:00:00,0.0
2012-04-11 05:00:00,0.0
2012-04-11 06:00:00,0.206
2012-04-11 07:00:00,4.977000000000001
2012-04-11 08:00:00,12.004
2012-04-11 09:00:00,21.41699999999999
2012-04-11 10:00:00,26.36099999999999
2012-04-11 11:00:00,29.719
2012-04-11 12:00:00,21.15
2012-04-11 13:00:00,12.256
2012-04-11 14:00:00,36.80400000000001
2012-04-11 15:00:00,8.280999999999999
2012-04-11 16:00:00,2.080000000000001
2012-04-11 17:00:00,0.019
2012-04-11 18:00:00,0.0
2012-04-11 19:00:00,0.0
2012-04-11 20:00:00,0.0
2012-04-11 21:00:00,0.0
2012-04-11 22:00:00,0.0
2012-04-11 23:00:00,0.0
2012-04-12 00:00:00,0.0
2012-04-12 01:00:00,0.0
2012-04-12 02:00:00,0.0
2012-04-12 03:00:00,0.0
2012-04-12 04:00:00,0.0
2012-04-12 05:00:00,0.0
2012-04-12 06:00:00,0.3910000000000001
2012-04-12 07:00:00,12.056
2012-04-12 08:00:00,24.879
2012-04-12 09:00:00,22.162
2012-04-12 10:00:00,19.398
2012-04-12 11:00:00,24.579
2012-04-12 12:00:00,37.10900000000001
2012-04-12 13:00:00,40.526
2012-04-12 14:00:00,22.282
2012-04-12 15:00:00,11.349
2012-04-12 16:00:00,6.121
2012-04-12 17:00:00,0.112
2012-04-12 18:00:00,0.0
2012-04-12 19:00:00,0.0
2012-04-12 20:00:00,0.0
2012-04-12 21:00:00,0.0
2012-04-12 22:00:00,0.0
2012-04-12 23:00:00,0.0
2012-04-13 00:00:00,0.0
2012-04-13 01:00:00,0.0
2012-04-13 02:00:00,0.0
2012-04-13 03:00:00,0.0
2012-04-13 04:00:00,0.0
2012-04-13 05:00:00,0.0
2012-04-13 06:00:00,1.594
2012-04-13 07:00:00,13.723
2012-04-13 08:00:00,29.337
2012-04-13 09:00:00,43.22499999999999
2012-04-13 10:00:00,45.55099999999999
2012-04-13 11:00:00,38.591
2012-04-13 12:00:00,46.57399999999999
2012-04-13 13:00:00,44.114
2012-04-13 14:00:00,40.101
2012-04-13 15:00:00,24.59999999999999
2012-04-13 16:00:00,8.818000000000003
2012-04-13 17:00:00,0.244
2012-04-13 18:00:00,0.0
2012-04-13 19:00:00,0.0
2012-04-13 20:00:00,0.0
2012-04-13 21:00:00,0.0
2012-04-13 22:00:00,0.0
2012-04-13 23:00:00,0.0
2012-04-14 00:00:00,0.0
2012-04-14 01:00:00,0.0
2012-04-14 02:00:00,0.0
2012-04-14 03:00:00,0.0
2012-04-14 04:00:00,0.0
2012-04-14 05:00:00,0.0
2012-04-14 06:00:00,1.554
2012-04-14 07:00:00,13.338
2012-04-14 08:00:00,28.462
2012-04-14 09:00:00,42.943
2012-04-14 10:00:00,51.97700000000001
2012-04-14 11:00:00,55.372
2012-04-14 12:00:00,54.13
2012-04-14 13:00:00,42.142
2012-04-14 14:00:00,28.732
2012-04-14 15:00:00,10.637
2012-04-14 16:00:00,2.499
2012-04-14 17:00:00,0.0
2012-04-14 18:00:00,0.0
2012-04-14 19:00:00,0.0
2012-04-14 20:00:00,0.0
2012-04-14 21:00:00,0.0
2012-04-14 22:00:00,0.0
2012-04-14 23:00:00,0.0
2012-04-15 00:00:00,0.0
2012-04-15 01:00:00,0.0
2012-04-15 02:00:00,0.0
2012-04-15 03:00:00,0.0
2012-04-15 04:00:00,0.0
2012-04-15 05:00:00,0.0
2012-04-15 06:00:00,0.7480000000000003
2012-04-15 07:00:00,5.572
2012-04-15 08:00:00,14.635
2012-04-15 09:00:00,20.89
2012-04-15 10:00:00,24.244
2012-04-15 11:00:00,28.894
2012-04-15 12:00:00,25.118
2012-04-15 13:00:00,19.871
2012-04-15 14:00:00,12.338
2012-04-15 15:00:00,8.091000000000001
2012-04-15 16:00:00,2.073999999999999
2012-04-15 17:00:00,0.0
2012-04-15 18:00:00,0.0
2012-04-15 19:00:00,0.0
2012-04-15 20:00:00,0.0
2012-04-15 21:00:00,0.0
2012-04-15 22:00:00,0.0
2012-04-15 23:00:00,0.0
2012-04-16 00:00:00,0.0
2012-04-16 01:00:00,0.0
2012-04-16 02:00:00,0.0
2012-04-16 03:00:00,0.0
2012-04-16 04:00:00,0.0
2012-04-16 05:00:00,0.0
2012-04-16 06:00:00,0.101
2012-04-16 07:00:00,6.401000000000001
2012-04-16 08:00:00,16.067
2012-04-16 09:00:00,27.916
2012-04-16 10:00:00,24.22900000000001
2012-04-16 11:00:00,49.61799999999999
2012-04-16 12:00:00,39.279
2012-04-16 13:00:00,36.634
2012-04-16 14:00:00,31.98700000000001
2012-04-16 15:00:00,18.583
2012-04-16 16:00:00,4.627000000000002
2012-04-16 17:00:00,0.0
2012-04-16 18:00:00,0.0
2012-04-16 19:00:00,0.0
2012-04-16 20:00:00,0.0
2012-04-16 21:00:00,0.0
2012-04-16 22:00:00,0.0
2012-04-16 23:00:00,0.0
2012-04-17 00:00:00,0.0
2012-04-17 01:00:00,0.0
2012-04-17 02:00:00,0.0
2012-04-17 03:00:00,0.0
2012-04-17 04:00:00,0.0
2012-04-17 05:00:00,0.0
2012-04-17 06:00:00,0.0
2012-04-17 07:00:00,1.313
2012-04-17 08:00:00,6.116000000000001
2012-04-17 09:00:00,5.028
2012-04-17 10:00:00,5.983000000000001
2012-04-17 11:00:00,7.017000000000001
2012-04-17 12:00:00,5.479
2012-04-17 13:00:00,5.288
2012-04-17 14:00:00,3.895
2012-04-17 15:00:00,1.983
2012-04-17 16:00:00,0.171
2012-04-17 17:00:00,0.0
2012-04-17 18:00:00,0.0
2012-04-17 19:00:00,0.0
2012-04-17 20:00:00,0.0
2012-04-17 21:00:00,0.0
2012-04-17 22:00:00,0.0
2012-04-17 23:00:00,0.0
2012-04-18 00:00:00,0.0
2012-04-18 01:00:00,0.0
2012-04-18 02:00:00,0.0
2012-04-18 03:00:00,0.0
2012-04-18 04:00:00,0.0
2012-04-18 05:00:00,0.0
2012-04-18 06:00:00,0.013
2012-04-18 07:00:00,1.343
2012-04-18 08:00:00,9.331999999999999
2012-04-18 09:00:00,10.351
2012-04-18 10:00:00,3.741000000000001
2012-04-18 11:00:00,17.817
2012-04-18 12:00:00,5.183
2012-04-18 13:00:00,2.115999999999999
2012-04-18 14:00:00,1.657
2012-04-18 15:00:00,3.883
2012-04-18 16:00:00,1.642
2012-04-18 17:00:00,0.0
2012-04-18 18:00:00,0.0
2012-04-18 19:00:00,0.0
2012-04-18 20:00:00,0.0
2012-04-18 21:00:00,0.0
2012-04-18 22:00:00,0.0
2012-04-18 23:00:00,0.0
2012-04-19 00:00:00,0.0
2012-04-19 01:00:00,0.0
2012-04-19 02:00:00,0.0
2012-04-19 03:00:00,0.0
2012-04-19 04:00:00,0.0
2012-04-19 05:00:00,0.0
2012-04-19 06:00:00,0.012
2012-04-19 07:00:00,8.072
2012-04-19 08:00:00,21.571
2012-04-19 09:00:00,38.453
2012-04-19 10:00:00,41.06100000000001
2012-04-19 11:00:00,42.314
2012-04-19 12:00:00,23.254
2012-04-19 13:00:00,21.44000000000001
2012-04-19 14:00:00,21.817
2012-04-19 15:00:00,7.778
2012-04-19 16:00:00,5.469
2012-04-19 17:00:00,0.3350000000000001
2012-04-19 18:00:00,0.0
2012-04-19 19:00:00,0.0
2012-04-19 20:00:00,0.0
2012-04-19 21:00:00,0.0
2012-04-19 22:00:00,0.0
2012-04-19 23:00:00,0.0
2012-04-20 00:00:00,0.0
2012-04-20 01:00:00,0.0
2012-04-20 02:00:00,0.0
2012-04-20 03:00:00,0.0
2012-04-20 04:00:00,0.0
2012-04-20 05:00:00,0.0
2012-04-20 06:00:00,0.8210000000000003
2012-04-20 07:00:00,11.93
2012-04-20 08:00:00,27.117
2012-04-20 09:00:00,37.756
2012-04-20 10:00:00,46.41999999999999
2012-04-20 11:00:00,42.368
2012-04-20 12:00:00,49.538
2012-04-20 13:00:00,43.27800000000001
2012-04-20 14:00:00,25.66900000000001
2012-04-20 15:00:00,21.695
2012-04-20 16:00:00,7.601999999999999
2012-04-20 17:00:00,0.038
2012-04-20 18:00:00,0.0
2012-04-20 19:00:00,0.0
2012-04-20 20:00:00,0.0
2012-04-20 21:00:00,0.0
2012-04-20 22:00:00,0.0
2012-04-20 23:00:00,0.0
2012-04-21 00:00:00,0.0
2012-04-21 01:00:00,0.0
2012-04-21 02:00:00,0.0
2012-04-21 03:00:00,0.0
2012-04-21 04:00:00,0.0
2012-04-21 05:00:00,0.0
2012-04-21 06:00:00,0.4990000000000001
2012-04-21 07:00:00,6.342000000000001
2012-04-21 08:00:00,17.201
2012-04-21 09:00:00,32.894
2012-04-21 10:00:00,32.308
2012-04-21 11:00:00,35.785
2012-04-21 12:00:00,34.332
2012-04-21 13:00:00,39.334
2012-04-21 14:00:00,26.63
2012-04-21 15:00:00,10.252
2012-04-21 16:00:00,5.925999999999999
2012-04-21 17:00:00,0.026
2012-04-21 18:00:00,0.0
2012-04-21 19:00:00,0.0
2012-04-21 20:00:00,0.0
2012-04-21 21:00:00,0.0
2012-04-21 22:00:00,0.0
2012-04-21 23:00:00,0.0
2012-04-22 00:00:00,0.0
2012-04-22 01:00:00,0.0
2012-04-22 02:00:00,0.0
2012-04-22 03:00:00,0.0
2012-04-22 04:00:00,0.0
2012-04-22 05:00:00,0.0
2012-04-22 06:00:00,0.152
2012-04-22 07:00:00,6.435
2012-04-22 08:00:00,14.64599999999999
2012-04-22 09:00:00,26.62700000000001
2012-04-22 10:00:00,24.606
2012-04-22 11:00:00,27.141
2012-04-22 12:00:00,19.384
2012-04-22 13:00:00,29.023
2012-04-22 14:00:00,17.828
2012-04-22 15:00:00,4.711
2012-04-22 16:00:00,0.3580000000000002
2012-04-22 17:00:00,0.0
2012-04-22 18:00:00,0.0
2012-04-22 19:00:00,0.0
2012-04-22 20:00:00,0.0
2012-04-22 21:00:00,0.0
2012-04-22 22:00:00,0.0
2012-04-22 23:00:00,0.0
2012-04-23 00:00:00,0.0
2012-04-23 01:00:00,0.0
2012-04-23 02:00:00,0.0
2012-04-23 03:00:00,0.0
2012-04-23 04:00:00,0.0
2012-04-23 05:00:00,0.0
2012-04-23 06:00:00,0.0
2012-04-23 07:00:00,0.7660000000000003
2012-04-23 08:00:00,1.856
2012-04-23 09:00:00,3.071999999999998
2012-04-23 10:00:00,4.595000000000002
2012-04-23 11:00:00,5.396
2012-04-23 12:00:00,4.686000000000001
2012-04-23 13:00:00,4.199999999999999
2012-04-23 14:00:00,2.894
2012-04-23 15:00:00,1.687
2012-04-23 16:00:00,0.07500000000000001
2012-04-23 17:00:00,0.0
2012-04-23 18:00:00,0.0
2012-04-23 19:00:00,0.0
2012-04-23 20:00:00,0.0
2012-04-23 21:00:00,0.0
2012-04-23 22:00:00,0.0
2012-04-23 23:00:00,0.0
2012-04-24 00:00:00,0.0
2012-04-24 01:00:00,0.0
2012-04-24 02:00:00,0.0
2012-04-24 03:00:00,0.0
2012-04-24 04:00:00,0.0
2012-04-24 05:00:00,0.0
2012-04-24 06:00:00,0.4240000000000002
2012-04-24 07:00:00,7.921999999999998
2012-04-24 08:00:00,27.24
2012-04-24 09:00:00,41.483
2012-04-24 10:00:00,48.575
2012-04-24 11:00:00,36.78699999999999
2012-04-24 12:00:00,45.14300000000001
2012-04-24 13:00:00,32.54400000000001
2012-04-24 14:00:00,27.83000000000001
2012-04-24 15:00:00,17.59
2012-04-24 16:00:00,3.142
2012-04-24 17:00:00,0.031
2012-04-24 18:00:00,0.0
2012-04-24 19:00:00,0.0
2012-04-24 20:00:00,0.0
2012-04-24 21:00:00,0.0
2012-04-24 22:00:00,0.0
2012-04-24 23:00:00,0.0
2012-04-25 00:00:00,0.0
2012-04-25 01:00:00,0.0
2012-04-25 02:00:00,0.0
2012-04-25 03:00:00,0.0
2012-04-25 04:00:00,0.0
2012-04-25 05:00:00,0.0
2012-04-25 06:00:00,0.9490000000000002
2012-04-25 07:00:00,11.646
2012-04-25 08:00:00,27.747
2012-04-25 09:00:00,43.97
2012-04-25 10:00:00,54.74099999999999
2012-04-25 11:00:00,58.6
2012-04-25 12:00:00,57.328
2012-04-25 13:00:00,51.688
2012-04-25 14:00:00,39.88
2012-04-25 15:00:00,23.322
2012-04-25 16:00:00,6.585
2012-04-25 17:00:00,0.019
2012-04-25 18:00:00,0.0
2012-04-25 19:00:00,0.0
2012-04-25 20:00:00,0.0
2012-04-25 21:00:00,0.0
2012-04-25 22:00:00,0.0
2012-04-25 23:00:00,0.0
2012-04-26 00:00:00,0.0
2012-04-26 01:00:00,0.0
2012-04-26 02:00:00,0.0
2012-04-26 03:00:00,0.0
2012-04-26 04:00:00,0.0
2012-04-26 05:00:00,0.0
2012-04-26 06:00:00,0.8690000000000002
2012-04-26 07:00:00,11.213
2012-04-26 08:00:00,26.45699999999999
2012-04-26 09:00:00,40.16700000000002
2012-04-26 10:00:00,49.17700000000001
2012-04-26 11:00:00,53.737
2012-04-26 12:00:00,51.81699999999999
2012-04-26 13:00:00,44.003
2012-04-26 14:00:00,35.35599999999999
2012-04-26 15:00:00,17.568
2012-04-26 16:00:00,4.991000000000001
2012-04-26 17:00:00,0.026
2012-04-26 18:00:00,0.0
2012-04-26 19:00:00,0.0
2012-04-26 20:00:00,0.0
2012-04-26 21:00:00,0.0
2012-04-26 22:00:00,0.0
2012-04-26 23:00:00,0.0
2012-04-27 00:00:00,0.0
2012-04-27 01:00:00,0.0
2012-04-27 02:00:00,0.0
2012-04-27 03:00:00,0.0
2012-04-27 04:00:00,0.0
2012-04-27 05:00:00,0.0
2012-04-27 06:00:00,0.5170000000000001
2012-04-27 07:00:00,8.503999999999998
2012-04-27 08:00:00,24.521
2012-04-27 09:00:00,36.375
2012-04-27 10:00:00,44.908
2012-04-27 11:00:00,43.56299999999999
2012-04-27 12:00:00,35.972
2012-04-27 13:00:00,32.14300000000001
2012-04-27 14:00:00,29.61500000000001
2012-04-27 15:00:00,16.039
2012-04-27 16:00:00,4.847999999999999
2012-04-27 17:00:00,0.012
2012-04-27 18:00:00,0.0
2012-04-27 19:00:00,0.0
2012-04-27 20:00:00,0.0
2012-04-27 21:00:00,0.0
2012-04-27 22:00:00,0.0
2012-04-27 23:00:00,0.0
2012-04-28 00:00:00,0.0
2012-04-28 01:00:00,0.0
2012-04-28 02:00:00,0.0
2012-04-28 03:00:00,0.0
2012-04-28 04:00:00,0.0
2012-04-28 05:00:00,0.0
2012-04-28 06:00:00,0.0
2012-04-28 07:00:00,4.165
2012-04-28 08:00:00,6.923
2012-04-28 09:00:00,10.621
2012-04-28 10:00:00,18.396
2012-04-28 11:00:00,24.399
2012-04-28 12:00:00,19.344
2012-04-28 13:00:00,11.204
2012-04-28 14:00:00,8.53
2012-04-28 15:00:00,9.320000000000004
2012-04-28 16:00:00,2.070999999999999
2012-04-28 17:00:00,0.0
2012-04-28 18:00:00,0.0
2012-04-28 19:00:00,0.0
2012-04-28 20:00:00,0.0
2012-04-28 21:00:00,0.0
2012-04-28 22:00:00,0.0
2012-04-28 23:00:00,0.0
2012-04-29 00:00:00,0.0
2012-04-29 01:00:00,0.0
2012-04-29 02:00:00,0.0
2012-04-29 03:00:00,0.0
2012-04-29 04:00:00,0.0
2012-04-29 05:00:00,0.0
2012-04-29 06:00:00,0.227
2012-04-29 07:00:00,11.124
2012-04-29 08:00:00,26.32999999999999
2012-04-29 09:00:00,40.40100000000002
2012-04-29 10:00:00,35.05899999999999
2012-04-29 11:00:00,24.429
2012-04-29 12:00:00,12.172
2012-04-29 13:00:00,5.357999999999999
2012-04-29 14:00:00,3.396
2012-04-29 15:00:00,1.961000000000001
2012-04-29 16:00:00,0.422
2012-04-29 17:00:00,0.0
2012-04-29 18:00:00,0.0
2012-04-29 19:00:00,0.0
2012-04-29 20:00:00,0.0
2012-04-29 21:00:00,0.0
2012-04-29 22:00:00,0.0
2012-04-29 23:00:00,0.0
2012-04-30 00:00:00,0.0
2012-04-30 01:00:00,0.0
2012-04-30 02:00:00,0.0
2012-04-30 03:00:00,0.0
2012-04-30 04:00:00,0.0
2012-04-30 05:00:00,0.0
2012-04-30 06:00:00,0.0
2012-04-30 07:00:00,2.661999999999999
2012-04-30 08:00:00,8.581999999999997
2012-04-30 09:00:00,13.712
2012-04-30 10:00:00,16.584
2012-04-30 11:00:00,12.145
2012-04-30 12:00:00,19.69
2012-04-30 13:00:00,15.915
2012-04-30 14:00:00,22.519
2012-04-30 15:00:00,16.7
2012-04-30 16:00:00,4.608999999999998
2012-04-30 17:00:00,0.0
2012-04-30 18:00:00,0.0
2012-04-30 19:00:00,0.0
2012-04-30 20:00:00,0.0
2012-04-30 21:00:00,0.0
2012-04-30 22:00:00,0.0
2012-04-30 23:00:00,0.0
2012-05-01 00:00:00,0.0
2012-05-01 01:00:00,0.0
2012-05-01 02:00:00,0.0
2012-05-01 03:00:00,0.0
2012-05-01 04:00:00,0.0
2012-05-01 05:00:00,0.0
2012-05-01 06:00:00,0.5860000000000001
2012-05-01 07:00:00,11.0
2012-05-01 08:00:00,25.881
2012-05-01 09:00:00,38.467
2012-05-01 10:00:00,49.325
2012-05-01 11:00:00,47.499
2012-05-01 12:00:00,44.373
2012-05-01 13:00:00,43.38800000000001
2012-05-01 14:00:00,25.118
2012-05-01 15:00:00,14.449
2012-05-01 16:00:00,4.282
2012-05-01 17:00:00,0.0
2012-05-01 18:00:00,0.0
2012-05-01 19:00:00,0.0
2012-05-01 20:00:00,0.0
2012-05-01 21:00:00,0.0
2012-05-01 22:00:00,0.0
2012-05-01 23:00:00,0.0
2012-05-02 00:00:00,0.0
2012-05-02 01:00:00,0.0
2012-05-02 02:00:00,0.0
2012-05-02 03:00:00,0.0
2012-05-02 04:00:00,0.0
2012-05-02 05:00:00,0.0
2012-05-02 06:00:00,0.5730000000000002
2012-05-02 07:00:00,10.428
2012-05-02 08:00:00,25.984
2012-05-02 09:00:00,39.66500000000001
2012-05-02 10:00:00,48.85399999999999
2012-05-02 11:00:00,52.466
2012-05-02 12:00:00,51.40499999999999
2012-05-02 13:00:00,45.96000000000002
2012-05-02 14:00:00,35.12
2012-05-02 15:00:00,16.422
2012-05-02 16:00:00,2.895
2012-05-02 17:00:00,0.0
2012-05-02 18:00:00,0.0
2012-05-02 19:00:00,0.0
2012-05-02 20:00:00,0.0
2012-05-02 21:00:00,0.0
2012-05-02 22:00:00,0.0
2012-05-02 23:00:00,0.0
2012-05-03 00:00:00,0.0
2012-05-03 01:00:00,0.0
2012-05-03 02:00:00,0.0
2012-05-03 03:00:00,0.0
2012-05-03 04:00:00,0.0
2012-05-03 05:00:00,0.0
2012-05-03 06:00:00,0.0
2012-05-03 07:00:00,1.177
2012-05-03 08:00:00,3.044
2012-05-03 09:00:00,12.944
2012-05-03 10:00:00,13.613
2012-05-03 11:00:00,21.326
2012-05-03 12:00:00,31.843
2012-05-03 13:00:00,28.28799999999999
2012-05-03 14:00:00,28.50399999999999
2012-05-03 15:00:00,15.686
2012-05-03 16:00:00,4.470000000000001
2012-05-03 17:00:00,0.0
2012-05-03 18:00:00,0.0
2012-05-03 19:00:00,0.0
2012-05-03 20:00:00,0.0
2012-05-03 21:00:00,0.0
2012-05-03 22:00:00,0.0
2012-05-03 23:00:00,0.0
2012-05-04 00:00:00,0.0
2012-05-04 01:00:00,0.0
2012-05-04 02:00:00,0.0
2012-05-04 03:00:00,0.0
2012-05-04 04:00:00,0.0
2012-05-04 05:00:00,0.0
2012-05-04 06:00:00,0.3080000000000001
2012-05-04 07:00:00,5.753
2012-05-04 08:00:00,22.498
2012-05-04 09:00:00,31.81
2012-05-04 10:00:00,48.301
2012-05-04 11:00:00,45.30499999999999
2012-05-04 12:00:00,49.51600000000001
2012-05-04 13:00:00,44.03899999999999
2012-05-04 14:00:00,35.08500000000001
2012-05-04 15:00:00,19.053
2012-05-04 16:00:00,4.244999999999999
2012-05-04 17:00:00,0.0
2012-05-04 18:00:00,0.0
2012-05-04 19:00:00,0.0
2012-05-04 20:00:00,0.0
2012-05-04 21:00:00,0.0
2012-05-04 22:00:00,0.0
2012-05-04 23:00:00,0.0
2012-05-05 00:00:00,0.0
2012-05-05 01:00:00,0.0
2012-05-05 02:00:00,0.0
2012-05-05 03:00:00,0.0
2012-05-05 04:00:00,0.0
2012-05-05 05:00:00,0.0
2012-05-05 06:00:00,0.032
2012-05-05 07:00:00,1.808
2012-05-05 08:00:00,5.701
2012-05-05 09:00:00,10.59500000000001
2012-05-05 10:00:00,14.908
2012-05-05 11:00:00,30.645
2012-05-05 12:00:00,28.27799999999999
2012-05-05 13:00:00,23.73399999999999
2012-05-05 14:00:00,28.26
2012-05-05 15:00:00,17.409
2012-05-05 16:00:00,4.275999999999999
2012-05-05 17:00:00,0.0
2012-05-05 18:00:00,0.0
2012-05-05 19:00:00,0.0
2012-05-05 20:00:00,0.0
2012-05-05 21:00:00,0.0
2012-05-05 22:00:00,0.0
2012-05-05 23:00:00,0.0
2012-05-06 00:00:00,0.0
2012-05-06 01:00:00,0.0
2012-05-06 02:00:00,0.0
2012-05-06 03:00:00,0.0
2012-05-06 04:00:00,0.0
2012-05-06 05:00:00,0.0
2012-05-06 06:00:00,0.431
2012-05-06 07:00:00,9.721000000000002
2012-05-06 08:00:00,24.95399999999999
2012-05-06 09:00:00,40.396
2012-05-06 10:00:00,51.25900000000001
2012-05-06 11:00:00,54.58300000000001
2012-05-06 12:00:00,51.715
2012-05-06 13:00:00,46.29500000000001
2012-05-06 14:00:00,35.85199999999999
2012-05-06 15:00:00,19.676
2012-05-06 16:00:00,4.281
2012-05-06 17:00:00,0.0
2012-05-06 18:00:00,0.0
2012-05-06 19:00:00,0.0
2012-05-06 20:00:00,0.0
2012-05-06 21:00:00,0.0
2012-05-06 22:00:00,0.0
2012-05-06 23:00:00,0.0
2012-05-07 00:00:00,0.0
2012-05-07 01:00:00,0.0
2012-05-07 02:00:00,0.0
2012-05-07 03:00:00,0.0
2012-05-07 04:00:00,0.0
2012-05-07 05:00:00,0.0
2012-05-07 06:00:00,0.076
2012-05-07 07:00:00,3.619999999999999
2012-05-07 08:00:00,11.257
2012-05-07 09:00:00,13.168
2012-05-07 10:00:00,22.929
2012-05-07 11:00:00,24.15300000000001
2012-05-07 12:00:00,27.108
2012-05-07 13:00:00,34.08199999999999
2012-05-07 14:00:00,19.47
2012-05-07 15:00:00,7.568
2012-05-07 16:00:00,4.179999999999999
2012-05-07 17:00:00,0.0
2012-05-07 18:00:00,0.0
2012-05-07 19:00:00,0.0
2012-05-07 20:00:00,0.0
2012-05-07 21:00:00,0.0
2012-05-07 22:00:00,0.0
2012-05-07 23:00:00,0.0
2012-05-08 00:00:00,0.0
2012-05-08 01:00:00,0.0
2012-05-08 02:00:00,0.0
2012-05-08 03:00:00,0.0
2012-05-08 04:00:00,0.0
2012-05-08 05:00:00,0.0
2012-05-08 06:00:00,0.404
2012-05-08 07:00:00,9.402
2012-05-08 08:00:00,23.813
2012-05-08 09:00:00,37.367
2012-05-08 10:00:00,47.568
2012-05-08 11:00:00,51.358
2012-05-08 12:00:00,49.739
2012-05-08 13:00:00,44.374
2012-05-08 14:00:00,33.32999999999999
2012-05-08 15:00:00,18.083
2012-05-08 16:00:00,3.791
2012-05-08 17:00:00,0.0
2012-05-08 18:00:00,0.0
2012-05-08 19:00:00,0.0
2012-05-08 20:00:00,0.0
2012-05-08 21:00:00,0.0
2012-05-08 22:00:00,0.0
2012-05-08 23:00:00,0.0
2012-05-09 00:00:00,0.0
2012-05-09 01:00:00,0.0
2012-05-09 02:00:00,0.0
2012-05-09 03:00:00,0.0
2012-05-09 04:00:00,0.0
2012-05-09 05:00:00,0.0
2012-05-09 06:00:00,0.318
2012-05-09 07:00:00,9.126
2012-05-09 08:00:00,23.486
2012-05-09 09:00:00,37.82399999999999
2012-05-09 10:00:00,47.60799999999999
2012-05-09 11:00:00,51.369
2012-05-09 12:00:00,49.873
2012-05-09 13:00:00,44.56399999999999
2012-05-09 14:00:00,33.09699999999999
2012-05-09 15:00:00,17.635
2012-05-09 16:00:00,3.352999999999999
2012-05-09 17:00:00,0.0
2012-05-09 18:00:00,0.0
2012-05-09 19:00:00,0.0
2012-05-09 20:00:00,0.0
2012-05-09 21:00:00,0.0
2012-05-09 22:00:00,0.0
2012-05-09 23:00:00,0.0
2012-05-10 00:00:00,0.0
2012-05-10 01:00:00,0.0
2012-05-10 02:00:00,0.0
2012-05-10 03:00:00,0.0
2012-05-10 04:00:00,0.0
2012-05-10 05:00:00,0.0
2012-05-10 06:00:00,0.253
2012-05-10 07:00:00,8.301
2012-05-10 08:00:00,23.26599999999999
2012-05-10 09:00:00,37.247
2012-05-10 10:00:00,46.40399999999999
2012-05-10 11:00:00,49.79299999999999
2012-05-10 12:00:00,48.50700000000001
2012-05-10 13:00:00,42.949
2012-05-10 14:00:00,31.619
2012-05-10 15:00:00,16.898
2012-05-10 16:00:00,3.107000000000001
2012-05-10 17:00:00,0.0
2012-05-10 18:00:00,0.0
2012-05-10 19:00:00,0.0
2012-05-10 20:00:00,0.0
2012-05-10 21:00:00,0.0
2012-05-10 22:00:00,0.0
2012-05-10 23:00:00,0.0
2012-05-11 00:00:00,0.0
2012-05-11 01:00:00,0.0
2012-05-11 02:00:00,0.0
2012-05-11 03:00:00,0.0
2012-05-11 04:00:00,0.0
2012-05-11 05:00:00,0.0
2012-05-11 06:00:00,0.259
2012-05-11 07:00:00,9.653
2012-05-11 08:00:00,20.014
2012-05-11 09:00:00,36.81
2012-05-11 10:00:00,46.205
2012-05-11 11:00:00,49.91599999999998
2012-05-11 12:00:00,47.66299999999999
2012-05-11 13:00:00,16.89100000000001
2012-05-11 14:00:00,19.31
2012-05-11 15:00:00,12.006
2012-05-11 16:00:00,3.498
2012-05-11 17:00:00,0.0
2012-05-11 18:00:00,0.0
2012-05-11 19:00:00,0.0
2012-05-11 20:00:00,0.0
2012-05-11 21:00:00,0.0
2012-05-11 22:00:00,0.0
2012-05-11 23:00:00,0.0
2012-05-12 00:00:00,0.0
2012-05-12 01:00:00,0.0
2012-05-12 02:00:00,0.0
2012-05-12 03:00:00,0.0
2012-05-12 04:00:00,0.0
2012-05-12 05:00:00,0.0
2012-05-12 06:00:00,0.158
2012-05-12 07:00:00,8.003999999999998
2012-05-12 08:00:00,22.989
2012-05-12 09:00:00,36.00999999999999
2012-05-12 10:00:00,45.087
2012-05-12 11:00:00,48.27099999999999
2012-05-12 12:00:00,48.64299999999999
2012-05-12 13:00:00,43.783
2012-05-12 14:00:00,32.291
2012-05-12 15:00:00,17.159
2012-05-12 16:00:00,2.625
2012-05-12 17:00:00,0.0
2012-05-12 18:00:00,0.0
2012-05-12 19:00:00,0.0
2012-05-12 20:00:00,0.0
2012-05-12 21:00:00,0.0
2012-05-12 22:00:00,0.0
2012-05-12 23:00:00,0.0
2012-05-13 00:00:00,0.0
2012-05-13 01:00:00,0.0
2012-05-13 02:00:00,0.0
2012-05-13 03:00:00,0.0
2012-05-13 04:00:00,0.0
2012-05-13 05:00:00,0.0
2012-05-13 06:00:00,0.232
2012-05-13 07:00:00,8.179
2012-05-13 08:00:00,23.63000000000001
2012-05-13 09:00:00,38.341
2012-05-13 10:00:00,47.803
2012-05-13 11:00:00,52.44899999999998
2012-05-13 12:00:00,51.779
2012-05-13 13:00:00,46.33
2012-05-13 14:00:00,33.26400000000001
2012-05-13 15:00:00,14.15699999999999
2012-05-13 16:00:00,3.25
2012-05-13 17:00:00,0.0
2012-05-13 18:00:00,0.0
2012-05-13 19:00:00,0.0
2012-05-13 20:00:00,0.0
2012-05-13 21:00:00,0.0
2012-05-13 22:00:00,0.0
2012-05-13 23:00:00,0.0
2012-05-14 00:00:00,0.0
2012-05-14 01:00:00,0.0
2012-05-14 02:00:00,0.0
2012-05-14 03:00:00,0.0
2012-05-14 04:00:00,0.0
2012-05-14 05:00:00,0.0
2012-05-14 06:00:00,0.177
2012-05-14 07:00:00,8.301
2012-05-14 08:00:00,23.34299999999999
2012-05-14 09:00:00,37.388
2012-05-14 10:00:00,46.723
2012-05-14 11:00:00,52.043
2012-05-14 12:00:00,50.795
2012-05-14 13:00:00,45.227
2012-05-14 14:00:00,33.41699999999999
2012-05-14 15:00:00,17.965
2012-05-14 16:00:00,3.447999999999999
2012-05-14 17:00:00,0.0
2012-05-14 18:00:00,0.0
2012-05-14 19:00:00,0.0
2012-05-14 20:00:00,0.0
2012-05-14 21:00:00,0.0
2012-05-14 22:00:00,0.0
2012-05-14 23:00:00,0.0
2012-05-15 00:00:00,0.0
2012-05-15 01:00:00,0.0
2012-05-15 02:00:00,0.0
2012-05-15 03:00:00,0.0
2012-05-15 04:00:00,0.0
2012-05-15 05:00:00,0.0
2012-05-15 06:00:00,0.032
2012-05-15 07:00:00,8.073
2012-05-15 08:00:00,23.091
2012-05-15 09:00:00,36.23100000000002
2012-05-15 10:00:00,45.07100000000001
2012-05-15 11:00:00,50.306
2012-05-15 12:00:00,49.18
2012-05-15 13:00:00,43.46699999999999
2012-05-15 14:00:00,32.055
2012-05-15 15:00:00,16.495
2012-05-15 16:00:00,2.823
2012-05-15 17:00:00,0.0
2012-05-15 18:00:00,0.0
2012-05-15 19:00:00,0.0
2012-05-15 20:00:00,0.0
2012-05-15 21:00:00,0.0
2012-05-15 22:00:00,0.0
2012-05-15 23:00:00,0.0
2012-05-16 00:00:00,0.0
2012-05-16 01:00:00,0.0
2012-05-16 02:00:00,0.0
2012-05-16 03:00:00,0.0
2012-05-16 04:00:00,0.0
2012-05-16 05:00:00,0.0
2012-05-16 06:00:00,0.0
2012-05-16 07:00:00,3.795
2012-05-16 08:00:00,8.902999999999999
2012-05-16 09:00:00,19.639
2012-05-16 10:00:00,16.017
2012-05-16 11:00:00,28.869
2012-05-16 12:00:00,29.936
2012-05-16 13:00:00,23.925
2012-05-16 14:00:00,19.102
2012-05-16 15:00:00,15.923
2012-05-16 16:00:00,2.768999999999999
2012-05-16 17:00:00,0.0
2012-05-16 18:00:00,0.0
2012-05-16 19:00:00,0.0
2012-05-16 20:00:00,0.0
2012-05-16 21:00:00,0.0
2012-05-16 22:00:00,0.0
2012-05-16 23:00:00,0.0
2012-05-17 00:00:00,0.0
2012-05-17 01:00:00,0.0
2012-05-17 02:00:00,0.0
2012-05-17 03:00:00,0.0
2012-05-17 04:00:00,0.0
2012-05-17 05:00:00,0.0
2012-05-17 06:00:00,0.095
2012-05-17 07:00:00,7.783
2012-05-17 08:00:00,22.343
2012-05-17 09:00:00,34.78299999999999
2012-05-17 10:00:00,43.23599999999998
2012-05-17 11:00:00,44.64599999999999
2012-05-17 12:00:00,40.654
2012-05-17 13:00:00,36.679
2012-05-17 14:00:00,27.724
2012-05-17 15:00:00,14.7
2012-05-17 16:00:00,2.43
2012-05-17 17:00:00,0.0
2012-05-17 18:00:00,0.0
2012-05-17 19:00:00,0.0
2012-05-17 20:00:00,0.0
2012-05-17 21:00:00,0.0
2012-05-17 22:00:00,0.0
2012-05-17 23:00:00,0.0
2012-05-18 00:00:00,0.0
2012-05-18 01:00:00,0.0
2012-05-18 02:00:00,0.0
2012-05-18 03:00:00,0.0
2012-05-18 04:00:00,0.0
2012-05-18 05:00:00,0.0
2012-05-18 06:00:00,0.06999999999999999
2012-05-18 07:00:00,7.428
2012-05-18 08:00:00,21.54899999999999
2012-05-18 09:00:00,34.319
2012-05-18 10:00:00,43.20899999999999
2012-05-18 11:00:00,48.10399999999999
2012-05-18 12:00:00,47.15000000000001
2012-05-18 13:00:00,41.514
2012-05-18 14:00:00,30.949
2012-05-18 15:00:00,15.848
2012-05-18 16:00:00,2.521
2012-05-18 17:00:00,0.0
2012-05-18 18:00:00,0.0
2012-05-18 19:00:00,0.0
2012-05-18 20:00:00,0.0
2012-05-18 21:00:00,0.0
2012-05-18 22:00:00,0.0
2012-05-18 23:00:00,0.0
2012-05-19 00:00:00,0.0
2012-05-19 01:00:00,0.0
2012-05-19 02:00:00,0.0
2012-05-19 03:00:00,0.0
2012-05-19 04:00:00,0.0
2012-05-19 05:00:00,0.0
2012-05-19 06:00:00,0.121
2012-05-19 07:00:00,7.761999999999999
2012-05-19 08:00:00,21.322
2012-05-19 09:00:00,35.24300000000001
2012-05-19 10:00:00,42.148
2012-05-19 11:00:00,45.93999999999999
2012-05-19 12:00:00,44.849
2012-05-19 13:00:00,33.799
2012-05-19 14:00:00,25.98800000000001
2012-05-19 15:00:00,13.137
2012-05-19 16:00:00,2.439999999999999
2012-05-19 17:00:00,0.0
2012-05-19 18:00:00,0.0
2012-05-19 19:00:00,0.0
2012-05-19 20:00:00,0.0
2012-05-19 21:00:00,0.0
2012-05-19 22:00:00,0.0
2012-05-19 23:00:00,0.0
2012-05-20 00:00:00,0.0
2012-05-20 01:00:00,0.0
2012-05-20 02:00:00,0.0
2012-05-20 03:00:00,0.0
2012-05-20 04:00:00,0.0
2012-05-20 05:00:00,0.0
2012-05-20 06:00:00,0.013
2012-05-20 07:00:00,4.443000000000001
2012-05-20 08:00:00,21.262
2012-05-20 09:00:00,34.20200000000001
2012-05-20 10:00:00,40.97199999999999
2012-05-20 11:00:00,19.263
2012-05-20 12:00:00,20.157
2012-05-20 13:00:00,19.754
2012-05-20 14:00:00,14.071
2012-05-20 15:00:00,3.439999999999999
2012-05-20 16:00:00,0.5420000000000001
2012-05-20 17:00:00,0.0
2012-05-20 18:00:00,0.0
2012-05-20 19:00:00,0.0
2012-05-20 20:00:00,0.0
2012-05-20 21:00:00,0.0
2012-05-20 22:00:00,0.0
2012-05-20 23:00:00,0.0
2012-05-21 00:00:00,0.0
2012-05-21 01:00:00,0.0
2012-05-21 02:00:00,0.0
2012-05-21 03:00:00,0.0
2012-05-21 04:00:00,0.0
2012-05-21 05:00:00,0.0
2012-05-21 06:00:00,0.038
2012-05-21 07:00:00,6.805000000000001
2012-05-21 08:00:00,20.017
2012-05-21 09:00:00,31.596
2012-05-21 10:00:00,37.995
2012-05-21 11:00:00,44.25999999999998
2012-05-21 12:00:00,44.925
2012-05-21 13:00:00,37.247
2012-05-21 14:00:00,29.308
2012-05-21 15:00:00,15.118
2012-05-21 16:00:00,2.24
2012-05-21 17:00:00,0.0
2012-05-21 18:00:00,0.0
2012-05-21 19:00:00,0.0
2012-05-21 20:00:00,0.0
2012-05-21 21:00:00,0.0
2012-05-21 22:00:00,0.0
2012-05-21 23:00:00,0.0
2012-05-22 00:00:00,0.0
2012-05-22 01:00:00,0.0
2012-05-22 02:00:00,0.0
2012-05-22 03:00:00,0.0
2012-05-22 04:00:00,0.0
2012-05-22 05:00:00,0.0
2012-05-22 06:00:00,0.032
2012-05-22 07:00:00,6.481
2012-05-22 08:00:00,20.936
2012-05-22 09:00:00,34.71499999999999
2012-05-22 10:00:00,43.624
2012-05-22 11:00:00,49.46799999999999
2012-05-22 12:00:00,48.75299999999999
2012-05-22 13:00:00,42.648
2012-05-22 14:00:00,31.386
2012-05-22 15:00:00,15.537
2012-05-22 16:00:00,2.331
2012-05-22 17:00:00,0.0
2012-05-22 18:00:00,0.0
2012-05-22 19:00:00,0.0
2012-05-22 20:00:00,0.0
2012-05-22 21:00:00,0.0
2012-05-22 22:00:00,0.0
2012-05-22 23:00:00,0.0
2012-05-23 00:00:00,0.0
2012-05-23 01:00:00,0.0
2012-05-23 02:00:00,0.0
2012-05-23 03:00:00,0.0
2012-05-23 04:00:00,0.0
2012-05-23 05:00:00,0.0
2012-05-23 06:00:00,0.063
2012-05-23 07:00:00,6.873
2012-05-23 08:00:00,21.37800000000001
2012-05-23 09:00:00,35.156
2012-05-23 10:00:00,44.246
2012-05-23 11:00:00,49.945
2012-05-23 12:00:00,48.97699999999999
2012-05-23 13:00:00,42.643
2012-05-23 14:00:00,31.743
2012-05-23 15:00:00,15.707
2012-05-23 16:00:00,2.273
2012-05-23 17:00:00,0.0
2012-05-23 18:00:00,0.0
2012-05-23 19:00:00,0.0
2012-05-23 20:00:00,0.0
2012-05-23 21:00:00,0.0
2012-05-23 22:00:00,0.0
2012-05-23 23:00:00,0.0
2012-05-24 00:00:00,0.0
2012-05-24 01:00:00,0.0
2012-05-24 02:00:00,0.0
2012-05-24 03:00:00,0.0
2012-05-24 04:00:00,0.0
2012-05-24 05:00:00,0.0
2012-05-24 06:00:00,0.0
2012-05-24 07:00:00,2.073999999999999
2012-05-24 08:00:00,8.774
2012-05-24 09:00:00,12.984
2012-05-24 10:00:00,16.321
2012-05-24 11:00:00,9.487
2012-05-24 12:00:00,14.228
2012-05-24 13:00:00,2.432
2012-05-24 14:00:00,2.187
2012-05-24 15:00:00,0.3290000000000001
2012-05-24 16:00:00,0.0
2012-05-24 17:00:00,0.0
2012-05-24 18:00:00,0.0
2012-05-24 19:00:00,0.0
2012-05-24 20:00:00,0.0
2012-05-24 21:00:00,0.0
2012-05-24 22:00:00,0.0
2012-05-24 23:00:00,0.0
2012-05-25 00:00:00,0.0
2012-05-25 01:00:00,0.0
2012-05-25 02:00:00,0.0
2012-05-25 03:00:00,0.0
2012-05-25 04:00:00,0.0
2012-05-25 05:00:00,0.0
2012-05-25 06:00:00,0.0
2012-05-25 07:00:00,0.051
2012-05-25 08:00:00,0.6700000000000003
2012-05-25 09:00:00,1.902
2012-05-25 10:00:00,2.502
2012-05-25 11:00:00,2.308000000000001
2012-05-25 12:00:00,10.527
2012-05-25 13:00:00,28.61799999999999
2012-05-25 14:00:00,21.326
2012-05-25 15:00:00,17.061
2012-05-25 16:00:00,3.0
2012-05-25 17:00:00,0.0
2012-05-25 18:00:00,0.0
2012-05-25 19:00:00,0.0
2012-05-25 20:00:00,0.0
2012-05-25 21:00:00,0.0
2012-05-25 22:00:00,0.0
2012-05-25 23:00:00,0.0
2012-05-26 00:00:00,0.0
2012-05-26 01:00:00,0.0
2012-05-26 02:00:00,0.0
2012-05-26 03:00:00,0.0
2012-05-26 04:00:00,0.0
2012-05-26 05:00:00,0.0
2012-05-26 06:00:00,0.019
2012-05-26 07:00:00,6.522
2012-05-26 08:00:00,21.29300000000001
2012-05-26 09:00:00,35.556
2012-05-26 10:00:00,44.82300000000001
2012-05-26 11:00:00,50.31699999999999
2012-05-26 12:00:00,50.021
2012-05-26 13:00:00,43.566
2012-05-26 14:00:00,32.282
2012-05-26 15:00:00,13.16
2012-05-26 16:00:00,2.135
2012-05-26 17:00:00,0.0
2012-05-26 18:00:00,0.0
2012-05-26 19:00:00,0.0
2012-05-26 20:00:00,0.0
2012-05-26 21:00:00,0.0
2012-05-26 22:00:00,0.0
2012-05-26 23:00:00,0.0
2012-05-27 00:00:00,0.0
2012-05-27 01:00:00,0.0
2012-05-27 02:00:00,0.0
2012-05-27 03:00:00,0.0
2012-05-27 04:00:00,0.0
2012-05-27 05:00:00,0.0
2012-05-27 06:00:00,0.019
2012-05-27 07:00:00,7.054
2012-05-27 08:00:00,18.287
2012-05-27 09:00:00,33.344
2012-05-27 10:00:00,39.863
2012-05-27 11:00:00,45.422
2012-05-27 12:00:00,38.314
2012-05-27 13:00:00,42.38699999999999
2012-05-27 14:00:00,30.865
2012-05-27 15:00:00,13.136
2012-05-27 16:00:00,2.078999999999999
2012-05-27 17:00:00,0.0
2012-05-27 18:00:00,0.0
2012-05-27 19:00:00,0.0
2012-05-27 20:00:00,0.0
2012-05-27 21:00:00,0.0
2012-05-27 22:00:00,0.0
2012-05-27 23:00:00,0.0
2012-05-28 00:00:00,0.0
2012-05-28 01:00:00,0.0
2012-05-28 02:00:00,0.0
2012-05-28 03:00:00,0.0
2012-05-28 04:00:00,0.0
2012-05-28 05:00:00,0.0
2012-05-28 06:00:00,0.0
2012-05-28 07:00:00,5.097999999999999
2012-05-28 08:00:00,19.247
2012-05-28 09:00:00,32.657
2012-05-28 10:00:00,41.79699999999998
2012-05-28 11:00:00,42.04599999999999
2012-05-28 12:00:00,43.77499999999999
2012-05-28 13:00:00,40.51099999999999
2012-05-28 14:00:00,29.365
2012-05-28 15:00:00,13.591
2012-05-28 16:00:00,0.8760000000000003
2012-05-28 17:00:00,0.0
2012-05-28 18:00:00,0.0
2012-05-28 19:00:00,0.0
2012-05-28 20:00:00,0.0
2012-05-28 21:00:00,0.0
2012-05-28 22:00:00,0.0
2012-05-28 23:00:00,0.0
2012-05-29 00:00:00,0.0
2012-05-29 01:00:00,0.0
2012-05-29 02:00:00,0.0
2012-05-29 03:00:00,0.0
2012-05-29 04:00:00,0.0
2012-05-29 05:00:00,0.0
2012-05-29 06:00:00,0.0
2012-05-29 07:00:00,1.432
2012-05-29 08:00:00,6.161000000000001
2012-05-29 09:00:00,13.65
2012-05-29 10:00:00,19.214
2012-05-29 11:00:00,32.526
2012-05-29 12:00:00,28.83300000000001
2012-05-29 13:00:00,27.769
2012-05-29 14:00:00,18.25800000000001
2012-05-29 15:00:00,13.22399999999999
2012-05-29 16:00:00,0.4140000000000001
2012-05-29 17:00:00,0.0
2012-05-29 18:00:00,0.0
2012-05-29 19:00:00,0.0
2012-05-29 20:00:00,0.0
2012-05-29 21:00:00,0.0
2012-05-29 22:00:00,0.0
2012-05-29 23:00:00,0.0
2012-05-30 00:00:00,0.0
2012-05-30 01:00:00,0.0
2012-05-30 02:00:00,0.0
2012-05-30 03:00:00,0.0
2012-05-30 04:00:00,0.0
2012-05-30 05:00:00,0.0
2012-05-30 06:00:00,0.0
2012-05-30 07:00:00,1.929
2012-05-30 08:00:00,7.662999999999998
2012-05-30 09:00:00,13.459
2012-05-30 10:00:00,16.602
2012-05-30 11:00:00,30.751
2012-05-30 12:00:00,13.705
2012-05-30 13:00:00,20.819
2012-05-30 14:00:00,25.23399999999999
2012-05-30 15:00:00,7.722000000000001
2012-05-30 16:00:00,1.989
2012-05-30 17:00:00,0.0
2012-05-30 18:00:00,0.0
2012-05-30 19:00:00,0.0
2012-05-30 20:00:00,0.0
2012-05-30 21:00:00,0.0
2012-05-30 22:00:00,0.0
2012-05-30 23:00:00,0.0
2012-05-31 00:00:00,0.0
2012-05-31 01:00:00,0.0
2012-05-31 02:00:00,0.0
2012-05-31 03:00:00,0.0
2012-05-31 04:00:00,0.0
2012-05-31 05:00:00,0.0
2012-05-31 06:00:00,0.0
2012-05-31 07:00:00,0.4700000000000002
2012-05-31 08:00:00,2.881
2012-05-31 09:00:00,15.498
2012-05-31 10:00:00,17.292
2012-05-31 11:00:00,32.73700000000001
2012-05-31 12:00:00,29.95700000000001
2012-05-31 13:00:00,33.96599999999999
2012-05-31 14:00:00,22.419
2012-05-31 15:00:00,13.043
2012-05-31 16:00:00,1.792999999999999
2012-05-31 17:00:00,0.0
2012-05-31 18:00:00,0.0
2012-05-31 19:00:00,0.0
2012-05-31 20:00:00,0.0
2012-05-31 21:00:00,0.0
2012-05-31 22:00:00,0.0
2012-05-31 23:00:00,0.0
2012-06-01 00:00:00,0.0
2012-06-01 01:00:00,0.0
2012-06-01 02:00:00,0.0
2012-06-01 03:00:00,0.0
2012-06-01 04:00:00,0.0
2012-06-01 05:00:00,0.0
2012-06-01 06:00:00,0.0
2012-06-01 07:00:00,0.7880000000000003
2012-06-01 08:00:00,3.269
2012-06-01 09:00:00,6.643
2012-06-01 10:00:00,10.015
2012-06-01 11:00:00,15.884
2012-06-01 12:00:00,7.109999999999999
2012-06-01 13:00:00,6.002
2012-06-01 14:00:00,4.212000000000002
2012-06-01 15:00:00,1.983999999999999
2012-06-01 16:00:00,0.051
2012-06-01 17:00:00,0.0
2012-06-01 18:00:00,0.0
2012-06-01 19:00:00,0.0
2012-06-01 20:00:00,0.0
2012-06-01 21:00:00,0.0
2012-06-01 22:00:00,0.0
2012-06-01 23:00:00,0.0
2012-06-02 00:00:00,0.0
2012-06-02 01:00:00,0.0
2012-06-02 02:00:00,0.0
2012-06-02 03:00:00,0.0
2012-06-02 04:00:00,0.0
2012-06-02 05:00:00,0.0
2012-06-02 06:00:00,0.0
2012-06-02 07:00:00,1.302000000000001
2012-06-02 08:00:00,6.81
2012-06-02 09:00:00,10.947
2012-06-02 10:00:00,12.726
2012-06-02 11:00:00,10.731
2012-06-02 12:00:00,11.482
2012-06-02 13:00:00,8.273000000000001
2012-06-02 14:00:00,5.119
2012-06-02 15:00:00,0.8890000000000002
2012-06-02 16:00:00,0.168
2012-06-02 17:00:00,0.0
2012-06-02 18:00:00,0.0
2012-06-02 19:00:00,0.0
2012-06-02 20:00:00,0.0
2012-06-02 21:00:00,0.0
2012-06-02 22:00:00,0.0
2012-06-02 23:00:00,0.0
2012-06-03 00:00:00,0.0
2012-06-03 01:00:00,0.0
2012-06-03 02:00:00,0.0
2012-06-03 03:00:00,0.0
2012-06-03 04:00:00,0.0
2012-06-03 05:00:00,0.0
2012-06-03 06:00:00,0.0
2012-06-03 07:00:00,0.069
2012-06-03 08:00:00,0.9650000000000005
2012-06-03 09:00:00,2.098
2012-06-03 10:00:00,2.397
2012-06-03 11:00:00,7.204000000000002
2012-06-03 12:00:00,5.926
2012-06-03 13:00:00,4.032
2012-06-03 14:00:00,1.282
2012-06-03 15:00:00,1.668
2012-06-03 16:00:00,0.158
2012-06-03 17:00:00,0.0
2012-06-03 18:00:00,0.0
2012-06-03 19:00:00,0.0
2012-06-03 20:00:00,0.0
2012-06-03 21:00:00,0.0
2012-06-03 22:00:00,0.0
2012-06-03 23:00:00,0.0
2012-06-04 00:00:00,0.0
2012-06-04 01:00:00,0.0
2012-06-04 02:00:00,0.0
2012-06-04 03:00:00,0.0
2012-06-04 04:00:00,0.0
2012-06-04 05:00:00,0.0
2012-06-04 06:00:00,0.0
2012-06-04 07:00:00,1.215
2012-06-04 08:00:00,13.506
2012-06-04 09:00:00,24.40000000000001
2012-06-04 10:00:00,32.71000000000001
2012-06-04 11:00:00,33.977
2012-06-04 12:00:00,40.751
2012-06-04 13:00:00,27.296
2012-06-04 14:00:00,14.429
2012-06-04 15:00:00,7.757000000000001
2012-06-04 16:00:00,0.3840000000000001
2012-06-04 17:00:00,0.0
2012-06-04 18:00:00,0.0
2012-06-04 19:00:00,0.0
2012-06-04 20:00:00,0.0
2012-06-04 21:00:00,0.0
2012-06-04 22:00:00,0.0
2012-06-04 23:00:00,0.0
2012-06-05 00:00:00,0.0
2012-06-05 01:00:00,0.0
2012-06-05 02:00:00,0.0
2012-06-05 03:00:00,0.0
2012-06-05 04:00:00,0.0
2012-06-05 05:00:00,0.0
2012-06-05 06:00:00,0.0
2012-06-05 07:00:00,5.052999999999998
2012-06-05 08:00:00,14.866
2012-06-05 09:00:00,21.509
2012-06-05 10:00:00,37.95
2012-06-05 11:00:00,45.015
2012-06-05 12:00:00,45.96600000000001
2012-06-05 13:00:00,39.593
2012-06-05 14:00:00,12.688
2012-06-05 15:00:00,1.0
2012-06-05 16:00:00,0.044
2012-06-05 17:00:00,0.0
2012-06-05 18:00:00,0.0
2012-06-05 19:00:00,0.0
2012-06-05 20:00:00,0.0
2012-06-05 21:00:00,0.0
2012-06-05 22:00:00,0.0
2012-06-05 23:00:00,0.0
2012-06-06 00:00:00,0.0
2012-06-06 01:00:00,0.0
2012-06-06 02:00:00,0.0
2012-06-06 03:00:00,0.0
2012-06-06 04:00:00,0.0
2012-06-06 05:00:00,0.0
2012-06-06 06:00:00,0.0
2012-06-06 07:00:00,0.9290000000000003
2012-06-06 08:00:00,7.361999999999999
2012-06-06 09:00:00,13.521
2012-06-06 10:00:00,24.924
2012-06-06 11:00:00,33.78599999999999
2012-06-06 12:00:00,34.58900000000001
2012-06-06 13:00:00,17.198
2012-06-06 14:00:00,15.401
2012-06-06 15:00:00,3.658999999999998
2012-06-06 16:00:00,0.076
2012-06-06 17:00:00,0.0
2012-06-06 18:00:00,0.0
2012-06-06 19:00:00,0.0
2012-06-06 20:00:00,0.0
2012-06-06 21:00:00,0.0
2012-06-06 22:00:00,0.0
2012-06-06 23:00:00,0.0
2012-06-07 00:00:00,0.0
2012-06-07 01:00:00,0.0
2012-06-07 02:00:00,0.0
2012-06-07 03:00:00,0.0
2012-06-07 04:00:00,0.0
2012-06-07 05:00:00,0.0
2012-06-07 06:00:00,0.0
2012-06-07 07:00:00,1.623
2012-06-07 08:00:00,4.778
2012-06-07 09:00:00,7.350999999999998
2012-06-07 10:00:00,14.614
2012-06-07 11:00:00,24.538
2012-06-07 12:00:00,17.11699999999999
2012-06-07 13:00:00,16.662
2012-06-07 14:00:00,15.582
2012-06-07 15:00:00,3.027
2012-06-07 16:00:00,0.8770000000000002
2012-06-07 17:00:00,0.0
2012-06-07 18:00:00,0.0
2012-06-07 19:00:00,0.0
2012-06-07 20:00:00,0.0
2012-06-07 21:00:00,0.0
2012-06-07 22:00:00,0.0
2012-06-07 23:00:00,0.0
2012-06-08 00:00:00,0.0
2012-06-08 01:00:00,0.0
2012-06-08 02:00:00,0.0
2012-06-08 03:00:00,0.0
2012-06-08 04:00:00,0.0
2012-06-08 05:00:00,0.0
2012-06-08 06:00:00,0.0
2012-06-08 07:00:00,4.828999999999999
2012-06-08 08:00:00,18.558
2012-06-08 09:00:00,30.936
2012-06-08 10:00:00,39.25
2012-06-08 11:00:00,44.22900000000001
2012-06-08 12:00:00,44.295
2012-06-08 13:00:00,38.352
2012-06-08 14:00:00,28.27599999999999
2012-06-08 15:00:00,13.168
2012-06-08 16:00:00,1.465
2012-06-08 17:00:00,0.0
2012-06-08 18:00:00,0.0
2012-06-08 19:00:00,0.0
2012-06-08 20:00:00,0.0
2012-06-08 21:00:00,0.0
2012-06-08 22:00:00,0.0
2012-06-08 23:00:00,0.0
2012-06-09 00:00:00,0.0
2012-06-09 01:00:00,0.0
2012-06-09 02:00:00,0.0
2012-06-09 03:00:00,0.0
2012-06-09 04:00:00,0.0
2012-06-09 05:00:00,0.0
2012-06-09 06:00:00,0.0
2012-06-09 07:00:00,4.472
2012-06-09 08:00:00,18.25
2012-06-09 09:00:00,31.034
2012-06-09 10:00:00,39.43999999999999
2012-06-09 11:00:00,44.28700000000001
2012-06-09 12:00:00,43.794
2012-06-09 13:00:00,37.273
2012-06-09 14:00:00,26.684
2012-06-09 15:00:00,12.703
2012-06-09 16:00:00,1.375
2012-06-09 17:00:00,0.0
2012-06-09 18:00:00,0.0
2012-06-09 19:00:00,0.0
2012-06-09 20:00:00,0.0
2012-06-09 21:00:00,0.0
2012-06-09 22:00:00,0.0
2012-06-09 23:00:00,0.0
2012-06-10 00:00:00,0.0
2012-06-10 01:00:00,0.0
2012-06-10 02:00:00,0.0
2012-06-10 03:00:00,0.0
2012-06-10 04:00:00,0.0
2012-06-10 05:00:00,0.0
2012-06-10 06:00:00,0.0
2012-06-10 07:00:00,1.216
2012-06-10 08:00:00,5.679000000000001
2012-06-10 09:00:00,21.934
2012-06-10 10:00:00,23.818
2012-06-10 11:00:00,36.0
2012-06-10 12:00:00,24.181
2012-06-10 13:00:00,21.941
2012-06-10 14:00:00,18.666
2012-06-10 15:00:00,14.96499999999999
2012-06-10 16:00:00,3.127
2012-06-10 17:00:00,0.0
2012-06-10 18:00:00,0.0
2012-06-10 19:00:00,0.0
2012-06-10 20:00:00,0.0
2012-06-10 21:00:00,0.0
2012-06-10 22:00:00,0.0
2012-06-10 23:00:00,0.0
2012-06-11 00:00:00,0.0
2012-06-11 01:00:00,0.0
2012-06-11 02:00:00,0.0
2012-06-11 03:00:00,0.0
2012-06-11 04:00:00,0.0
2012-06-11 05:00:00,0.0
2012-06-11 06:00:00,0.0
2012-06-11 07:00:00,0.101
2012-06-11 08:00:00,0.9210000000000004
2012-06-11 09:00:00,6.217000000000001
2012-06-11 10:00:00,5.006000000000001
2012-06-11 11:00:00,11.155
2012-06-11 12:00:00,12.345
2012-06-11 13:00:00,3.794000000000001
2012-06-11 14:00:00,0.6940000000000003
2012-06-11 15:00:00,0.5300000000000001
2012-06-11 16:00:00,0.0
2012-06-11 17:00:00,0.0
2012-06-11 18:00:00,0.0
2012-06-11 19:00:00,0.0
2012-06-11 20:00:00,0.0
2012-06-11 21:00:00,0.0
2012-06-11 22:00:00,0.0
2012-06-11 23:00:00,0.0
2012-06-12 00:00:00,0.0
2012-06-12 01:00:00,0.0
2012-06-12 02:00:00,0.0
2012-06-12 03:00:00,0.0
2012-06-12 04:00:00,0.0
2012-06-12 05:00:00,0.0
2012-06-12 06:00:00,0.0
2012-06-12 07:00:00,0.9430000000000005
2012-06-12 08:00:00,8.642000000000001
2012-06-12 09:00:00,18.045
2012-06-12 10:00:00,28.856
2012-06-12 11:00:00,39.06399999999999
2012-06-12 12:00:00,28.76
2012-06-12 13:00:00,30.733
2012-06-12 14:00:00,23.477
2012-06-12 15:00:00,8.019
2012-06-12 16:00:00,2.226
2012-06-12 17:00:00,0.0
2012-06-12 18:00:00,0.0
2012-06-12 19:00:00,0.0
2012-06-12 20:00:00,0.0
2012-06-12 21:00:00,0.0
2012-06-12 22:00:00,0.0
2012-06-12 23:00:00,0.0
2012-06-13 00:00:00,0.0
2012-06-13 01:00:00,0.0
2012-06-13 02:00:00,0.0
2012-06-13 03:00:00,0.0
2012-06-13 04:00:00,0.0
2012-06-13 05:00:00,0.0
2012-06-13 06:00:00,0.0
2012-06-13 07:00:00,0.6030000000000002
2012-06-13 08:00:00,6.782
2012-06-13 09:00:00,16.637
2012-06-13 10:00:00,23.572
2012-06-13 11:00:00,27.873
2012-06-13 12:00:00,16.174
2012-06-13 13:00:00,19.954
2012-06-13 14:00:00,12.294
2012-06-13 15:00:00,8.685
2012-06-13 16:00:00,0.08299999999999999
2012-06-13 17:00:00,0.0
2012-06-13 18:00:00,0.0
2012-06-13 19:00:00,0.0
2012-06-13 20:00:00,0.0
2012-06-13 21:00:00,0.0
2012-06-13 22:00:00,0.0
2012-06-13 23:00:00,0.0
2012-06-14 00:00:00,0.0
2012-06-14 01:00:00,0.0
2012-06-14 02:00:00,0.0
2012-06-14 03:00:00,0.0
2012-06-14 04:00:00,0.0
2012-06-14 05:00:00,0.0
2012-06-14 06:00:00,0.0
2012-06-14 07:00:00,0.3870000000000001
2012-06-14 08:00:00,6.607999999999999
2012-06-14 09:00:00,24.728
2012-06-14 10:00:00,30.535
2012-06-14 11:00:00,20.919
2012-06-14 12:00:00,26.424
2012-06-14 13:00:00,24.974
2012-06-14 14:00:00,16.483
2012-06-14 15:00:00,8.078000000000001
2012-06-14 16:00:00,1.047
2012-06-14 17:00:00,0.0
2012-06-14 18:00:00,0.0
2012-06-14 19:00:00,0.0
2012-06-14 20:00:00,0.0
2012-06-14 21:00:00,0.0
2012-06-14 22:00:00,0.0
2012-06-14 23:00:00,0.0
2012-06-15 00:00:00,0.0
2012-06-15 01:00:00,0.0
2012-06-15 02:00:00,0.0
2012-06-15 03:00:00,0.0
2012-06-15 04:00:00,0.0
2012-06-15 05:00:00,0.0
2012-06-15 06:00:00,0.0
2012-06-15 07:00:00,1.788
2012-06-15 08:00:00,13.016
2012-06-15 09:00:00,26.747
2012-06-15 10:00:00,36.21
2012-06-15 11:00:00,21.12399999999999
2012-06-15 12:00:00,24.922
2012-06-15 13:00:00,32.794
2012-06-15 14:00:00,28.769
2012-06-15 15:00:00,12.248
2012-06-15 16:00:00,1.226
2012-06-15 17:00:00,0.0
2012-06-15 18:00:00,0.0
2012-06-15 19:00:00,0.0
2012-06-15 20:00:00,0.0
2012-06-15 21:00:00,0.0
2012-06-15 22:00:00,0.0
2012-06-15 23:00:00,0.0
2012-06-16 00:00:00,0.0
2012-06-16 01:00:00,0.0
2012-06-16 02:00:00,0.0
2012-06-16 03:00:00,0.0
2012-06-16 04:00:00,0.0
2012-06-16 05:00:00,0.0
2012-06-16 06:00:00,0.0
2012-06-16 07:00:00,0.013
2012-06-16 08:00:00,1.927
2012-06-16 09:00:00,3.151
2012-06-16 10:00:00,6.532999999999999
2012-06-16 11:00:00,8.614
2012-06-16 12:00:00,2.314
2012-06-16 13:00:00,2.095
2012-06-16 14:00:00,3.977
2012-06-16 15:00:00,1.111000000000001
2012-06-16 16:00:00,0.0
2012-06-16 17:00:00,0.0
2012-06-16 18:00:00,0.0
2012-06-16 19:00:00,0.0
2012-06-16 20:00:00,0.0
2012-06-16 21:00:00,0.0
2012-06-16 22:00:00,0.0
2012-06-16 23:00:00,0.0
2012-06-17 00:00:00,0.0
2012-06-17 01:00:00,0.0
2012-06-17 02:00:00,0.0
2012-06-17 03:00:00,0.0
2012-06-17 04:00:00,0.0
2012-06-17 05:00:00,0.0
2012-06-17 06:00:00,0.0
2012-06-17 07:00:00,3.927
2012-06-17 08:00:00,16.86
2012-06-17 09:00:00,30.112
2012-06-17 10:00:00,39.38
2012-06-17 11:00:00,44.98000000000001
2012-06-17 12:00:00,43.92300000000001
2012-06-17 13:00:00,35.129
2012-06-17 14:00:00,28.36200000000001
2012-06-17 15:00:00,13.474
2012-06-17 16:00:00,1.523
2012-06-17 17:00:00,0.0
2012-06-17 18:00:00,0.0
2012-06-17 19:00:00,0.0
2012-06-17 20:00:00,0.0
2012-06-17 21:00:00,0.0
2012-06-17 22:00:00,0.0
2012-06-17 23:00:00,0.0
2012-06-18 00:00:00,0.0
2012-06-18 01:00:00,0.0
2012-06-18 02:00:00,0.0
2012-06-18 03:00:00,0.0
2012-06-18 04:00:00,0.0
2012-06-18 05:00:00,0.0
2012-06-18 06:00:00,0.0
2012-06-18 07:00:00,4.015
2012-06-18 08:00:00,16.885
2012-06-18 09:00:00,30.06300000000001
2012-06-18 10:00:00,38.847
2012-06-18 11:00:00,44.31100000000001
2012-06-18 12:00:00,44.28400000000001
2012-06-18 13:00:00,38.13500000000001
2012-06-18 14:00:00,28.31100000000001
2012-06-18 15:00:00,13.296
2012-06-18 16:00:00,1.525
2012-06-18 17:00:00,0.0
2012-06-18 18:00:00,0.0
2012-06-18 19:00:00,0.0
2012-06-18 20:00:00,0.0
2012-06-18 21:00:00,0.0
2012-06-18 22:00:00,0.0
2012-06-18 23:00:00,0.0
2012-06-19 00:00:00,0.0
2012-06-19 01:00:00,0.0
2012-06-19 02:00:00,0.0
2012-06-19 03:00:00,0.0
2012-06-19 04:00:00,0.0
2012-06-19 05:00:00,0.0
2012-06-19 06:00:00,0.0
2012-06-19 07:00:00,3.964999999999999
2012-06-19 08:00:00,17.197
2012-06-19 09:00:00,30.422
2012-06-19 10:00:00,39.78599999999999
2012-06-19 11:00:00,44.76400000000001
2012-06-19 12:00:00,44.175
2012-06-19 13:00:00,38.41
2012-06-19 14:00:00,28.447
2012-06-19 15:00:00,12.836
2012-06-19 16:00:00,1.773
2012-06-19 17:00:00,0.0
2012-06-19 18:00:00,0.0
2012-06-19 19:00:00,0.0
2012-06-19 20:00:00,0.0
2012-06-19 21:00:00,0.0
2012-06-19 22:00:00,0.0
2012-06-19 23:00:00,0.0
2012-06-20 00:00:00,0.0
2012-06-20 01:00:00,0.0
2012-06-20 02:00:00,0.0
2012-06-20 03:00:00,0.0
2012-06-20 04:00:00,0.0
2012-06-20 05:00:00,0.0
2012-06-20 06:00:00,0.0
2012-06-20 07:00:00,3.916
2012-06-20 08:00:00,17.198
2012-06-20 09:00:00,30.08499999999999
2012-06-20 10:00:00,38.876
2012-06-20 11:00:00,44.50000000000001
2012-06-20 12:00:00,38.79100000000001
2012-06-20 13:00:00,38.775
2012-06-20 14:00:00,29.238
2012-06-20 15:00:00,13.678
2012-06-20 16:00:00,1.417
2012-06-20 17:00:00,0.0
2012-06-20 18:00:00,0.0
2012-06-20 19:00:00,0.0
2012-06-20 20:00:00,0.0
2012-06-20 21:00:00,0.0
2012-06-20 22:00:00,0.0
2012-06-20 23:00:00,0.0
2012-06-21 00:00:00,0.0
2012-06-21 01:00:00,0.0
2012-06-21 02:00:00,0.0
2012-06-21 03:00:00,0.0
2012-06-21 04:00:00,0.0
2012-06-21 05:00:00,0.0
2012-06-21 06:00:00,0.0
2012-06-21 07:00:00,3.995000000000001
2012-06-21 08:00:00,17.231
2012-06-21 09:00:00,31.12800000000001
2012-06-21 10:00:00,34.61799999999999
2012-06-21 11:00:00,41.749
2012-06-21 12:00:00,44.84699999999999
2012-06-21 13:00:00,27.953
2012-06-21 14:00:00,7.291
2012-06-21 15:00:00,2.927999999999999
2012-06-21 16:00:00,0.038
2012-06-21 17:00:00,0.0
2012-06-21 18:00:00,0.0
2012-06-21 19:00:00,0.0
2012-06-21 20:00:00,0.0
2012-06-21 21:00:00,0.0
2012-06-21 22:00:00,0.0
2012-06-21 23:00:00,0.0
2012-06-22 00:00:00,0.0
2012-06-22 01:00:00,0.0
2012-06-22 02:00:00,0.0
2012-06-22 03:00:00,0.0
2012-06-22 04:00:00,0.0
2012-06-22 05:00:00,0.0
2012-06-22 06:00:00,0.0
2012-06-22 07:00:00,0.5670000000000003
2012-06-22 08:00:00,7.370999999999997
2012-06-22 09:00:00,12.869
2012-06-22 10:00:00,25.097
2012-06-22 11:00:00,25.556
2012-06-22 12:00:00,14.245
2012-06-22 13:00:00,11.623
2012-06-22 14:00:00,3.765000000000001
2012-06-22 15:00:00,2.837
2012-06-22 16:00:00,0.12
2012-06-22 17:00:00,0.0
2012-06-22 18:00:00,0.0
2012-06-22 19:00:00,0.0
2012-06-22 20:00:00,0.0
2012-06-22 21:00:00,0.0
2012-06-22 22:00:00,0.0
2012-06-22 23:00:00,0.0
2012-06-23 00:00:00,0.0
2012-06-23 01:00:00,0.0
2012-06-23 02:00:00,0.0
2012-06-23 03:00:00,0.0
2012-06-23 04:00:00,0.0
2012-06-23 05:00:00,0.0
2012-06-23 06:00:00,0.0
2012-06-23 07:00:00,3.874
2012-06-23 08:00:00,17.032
2012-06-23 09:00:00,30.54400000000001
2012-06-23 10:00:00,39.54
2012-06-23 11:00:00,44.68900000000001
2012-06-23 12:00:00,44.124
2012-06-23 13:00:00,38.60599999999999
2012-06-23 14:00:00,28.858
2012-06-23 15:00:00,13.9
2012-06-23 16:00:00,1.675
2012-06-23 17:00:00,0.0
2012-06-23 18:00:00,0.0
2012-06-23 19:00:00,0.0
2012-06-23 20:00:00,0.0
2012-06-23 21:00:00,0.0
2012-06-23 22:00:00,0.0
2012-06-23 23:00:00,0.0
2012-06-24 00:00:00,0.0
2012-06-24 01:00:00,0.0
2012-06-24 02:00:00,0.0
2012-06-24 03:00:00,0.0
2012-06-24 04:00:00,0.0
2012-06-24 05:00:00,0.0
2012-06-24 06:00:00,0.0
2012-06-24 07:00:00,4.005
2012-06-24 08:00:00,16.998
2012-06-24 09:00:00,30.386
2012-06-24 10:00:00,39.88999999999999
2012-06-24 11:00:00,45.38999999999999
2012-06-24 12:00:00,45.02099999999999
2012-06-24 13:00:00,39.343
2012-06-24 14:00:00,29.374
2012-06-24 15:00:00,14.08
2012-06-24 16:00:00,1.711
2012-06-24 17:00:00,0.0
2012-06-24 18:00:00,0.0
2012-06-24 19:00:00,0.0
2012-06-24 20:00:00,0.0
2012-06-24 21:00:00,0.0
2012-06-24 22:00:00,0.0
2012-06-24 23:00:00,0.0
2012-06-25 00:00:00,0.0
2012-06-25 01:00:00,0.0
2012-06-25 02:00:00,0.0
2012-06-25 03:00:00,0.0
2012-06-25 04:00:00,0.0
2012-06-25 05:00:00,0.0
2012-06-25 06:00:00,0.0
2012-06-25 07:00:00,3.830000000000001
2012-06-25 08:00:00,16.744
2012-06-25 09:00:00,30.154
2012-06-25 10:00:00,39.60699999999999
2012-06-25 11:00:00,45.065
2012-06-25 12:00:00,44.538
2012-06-25 13:00:00,38.934
2012-06-25 14:00:00,28.908
2012-06-25 15:00:00,13.385
2012-06-25 16:00:00,1.133
2012-06-25 17:00:00,0.0
2012-06-25 18:00:00,0.0
2012-06-25 19:00:00,0.0
2012-06-25 20:00:00,0.0
2012-06-25 21:00:00,0.0
2012-06-25 22:00:00,0.0
2012-06-25 23:00:00,0.0
2012-06-26 00:00:00,0.0
2012-06-26 01:00:00,0.0
2012-06-26 02:00:00,0.0
2012-06-26 03:00:00,0.0
2012-06-26 04:00:00,0.0
2012-06-26 05:00:00,0.0
2012-06-26 06:00:00,0.0
2012-06-26 07:00:00,0.159
2012-06-26 08:00:00,1.479
2012-06-26 09:00:00,4.360000000000001
2012-06-26 10:00:00,5.277
2012-06-26 11:00:00,7.506000000000001
2012-06-26 12:00:00,4.557
2012-06-26 13:00:00,4.872
2012-06-26 14:00:00,2.5
2012-06-26 15:00:00,1.678000000000001
2012-06-26 16:00:00,0.216
2012-06-26 17:00:00,0.0
2012-06-26 18:00:00,0.0
2012-06-26 19:00:00,0.0
2012-06-26 20:00:00,0.0
2012-06-26 21:00:00,0.0
2012-06-26 22:00:00,0.0
2012-06-26 23:00:00,0.0
2012-06-27 00:00:00,0.0
2012-06-27 01:00:00,0.0
2012-06-27 02:00:00,0.0
2012-06-27 03:00:00,0.0
2012-06-27 04:00:00,0.0
2012-06-27 05:00:00,0.0
2012-06-27 06:00:00,0.0
2012-06-27 07:00:00,0.07799999999999999
2012-06-27 08:00:00,2.762
2012-06-27 09:00:00,7.138000000000002
2012-06-27 10:00:00,15.65300000000001
2012-06-27 11:00:00,11.271
2012-06-27 12:00:00,5.989999999999999
2012-06-27 13:00:00,9.665
2012-06-27 14:00:00,5.24
2012-06-27 15:00:00,1.422
2012-06-27 16:00:00,0.051
2012-06-27 17:00:00,0.0
2012-06-27 18:00:00,0.0
2012-06-27 19:00:00,0.0
2012-06-27 20:00:00,0.0
2012-06-27 21:00:00,0.0
2012-06-27 22:00:00,0.0
2012-06-27 23:00:00,0.0
2012-06-28 00:00:00,0.0
2012-06-28 01:00:00,0.0
2012-06-28 02:00:00,0.0
2012-06-28 03:00:00,0.0
2012-06-28 04:00:00,0.0
2012-06-28 05:00:00,0.0
2012-06-28 06:00:00,0.0
2012-06-28 07:00:00,0.146
2012-06-28 08:00:00,3.263000000000001
2012-06-28 09:00:00,21.078
2012-06-28 10:00:00,13.582
2012-06-28 11:00:00,34.252
2012-06-28 12:00:00,34.72199999999999
2012-06-28 13:00:00,26.69799999999999
2012-06-28 14:00:00,6.023
2012-06-28 15:00:00,4.198
2012-06-28 16:00:00,1.015
2012-06-28 17:00:00,0.0
2012-06-28 18:00:00,0.0
2012-06-28 19:00:00,0.0
2012-06-28 20:00:00,0.0
2012-06-28 21:00:00,0.0
2012-06-28 22:00:00,0.0
2012-06-28 23:00:00,0.0
2012-06-29 00:00:00,0.0
2012-06-29 01:00:00,0.0
2012-06-29 02:00:00,0.0
2012-06-29 03:00:00,0.0
2012-06-29 04:00:00,0.0
2012-06-29 05:00:00,0.0
2012-06-29 06:00:00,0.0
2012-06-29 07:00:00,0.8520000000000003
2012-06-29 08:00:00,5.806000000000001
2012-06-29 09:00:00,14.683
2012-06-29 10:00:00,21.203
2012-06-29 11:00:00,39.513
2012-06-29 12:00:00,34.54400000000001
2012-06-29 13:00:00,27.49899999999999
2012-06-29 14:00:00,12.527
2012-06-29 15:00:00,8.721000000000002
2012-06-29 16:00:00,0.4180000000000001
2012-06-29 17:00:00,0.0
2012-06-29 18:00:00,0.0
2012-06-29 19:00:00,0.0
2012-06-29 20:00:00,0.0
2012-06-29 21:00:00,0.0
2012-06-29 22:00:00,0.0
2012-06-29 23:00:00,0.0
2012-06-30 00:00:00,0.0
2012-06-30 01:00:00,0.0
2012-06-30 02:00:00,0.0
2012-06-30 03:00:00,0.0
2012-06-30 04:00:00,0.0
2012-06-30 05:00:00,0.0
2012-06-30 06:00:00,0.0
2012-06-30 07:00:00,3.740999999999999
2012-06-30 08:00:00,16.337
2012-06-30 09:00:00,29.51299999999999
2012-06-30 10:00:00,38.62
2012-06-30 11:00:00,43.96800000000002
2012-06-30 12:00:00,44.06700000000001
2012-06-30 13:00:00,38.522
2012-06-30 14:00:00,28.633
2012-06-30 15:00:00,11.792
2012-06-30 16:00:00,2.234
2012-06-30 17:00:00,0.0
2012-06-30 18:00:00,0.0
2012-06-30 19:00:00,0.0
2012-06-30 20:00:00,0.0
2012-06-30 21:00:00,0.0
2012-06-30 22:00:00,0.0
2012-06-30 23:00:00,0.0
