y_true_kw,y_pred_kw
0.0,0.3456620262935758
0.0,0.3065146226249635
0.0,0.2569078272767365
0.0,0.2783631156012416
0.0,0.3887526788748801
0.0,0.5480536703206599
0.0,1.273571834936738
3.681000073701144,6.01708050146699
16.693000283241272,17.99781527638435
30.51199921369553,31.87252728044987
39.95899918794632,42.00464021205902
42.5400008559227,46.190483210086825
25.41500011205673,43.98975261569023
25.4489995777607,39.78562101483345
23.15899907588959,30.151123836040497
10.220999772548677,14.15728467941284
2.3890000939369203,6.5961659309268
0.0,3.1710014127194883
0.0,1.495514859855175
0.0,0.5742691925819963
0.0,0.3715354813076555
0.0,0.25203497768379746
0.0,0.21234106393996624
0.0,0.2635608964320272
0.0,0.30529462503269317
0.0,0.2660630243923515
0.0,0.23196175849996503
0.0,0.2585355712100863
0.0,0.3419707424752414
0.0,0.528023424167186
0.0,1.3294571857899427
3.6749998961389063,7.029290686696768
16.58299959540367,20.813236204981806
29.825999965667727,36.963546230793
39.04000100374222,47.50542635917664
44.29700073242188,52.10738847494126
44.86100201845169,50.48413941144943
39.50900178909302,45.75316295146942
29.945999408960343,35.07139883756638
14.926999883651732,16.377010444402696
2.0360000456124543,7.424009171128273
0.0,3.4852567971497774
0.0,1.5517246747389435
0.0,0.47680169014260176
0.0,0.2798382234387099
0.0,0.21190395215991883
0.0,0.18420519441366195
0.0,0.2346751972706988
0.0,0.3942233638744801
0.0,0.36839581843465563
0.0,0.3045811250992119
0.0,0.3155489721335471
0.0,0.39230726095847784
0.0,0.5396373429521918
0.0,1.1128601791523398
1.0220000128075482,5.474268032461405
10.6799997484684,16.543448745906353
16.715000420808792,29.46118711590767
30.85300031900406,38.35218604087829
37.613001136779786,40.85767327904701
38.601998825073245,37.4782459294796
18.77099964618683,31.462055569887163
12.088000336885452,22.142211091518398
13.181000075936318,11.163557575643065
2.156999903619289,5.211152672320605
0.0,2.611773310303688
0.0,1.3313771078176797
0.0,0.5859305293299257
0.0,0.41271656197495754
0.0,0.3216455902904272
0.0,0.2461400503478944
0.0,0.3547802999801934
0.0,0.32100139600224786
0.0,0.3027259514573961
0.0,0.2840296183340251
0.0,0.30578520437702533
0.0,0.3747999392729253
0.0,0.5691235332470387
0.0,1.2962283462285997
2.8419998922944067,6.462644136250019
16.294000028967858,18.782507047057155
28.90200034976005,33.439462482333184
37.232999134063725,43.7749827170372
30.11600084543228,47.5254526257515
44.4180004620552,44.713904469013215
33.64699930429459,38.89775494575501
24.50500039696693,27.94008022785187
9.108000468611715,12.132052988409995
1.9280000588297843,5.419425587952137
0.0,2.5230299909412865
0.0,1.1777536271326243
0.0,0.43725674582645296
0.0,0.28783419176936154
0.0,0.23581285128369928
0.0,0.20929293939843774
0.0,0.26259184496942906
0.0,0.3454782596230507
0.0,0.3406084749475122
0.0,0.2918226281553507
0.0,0.2833391293510794
0.0,0.3288501038774848
0.0,0.4431291757058352
0.0,0.8170138118974865
2.2359999307990077,3.0483767312765124
7.416999977827072,9.7875820684433
5.97099980533123,17.79069335758686
18.544000374078752,22.423970392346384
6.456000037193299,23.611411950588227
17.088999678492545,23.139297337532042
32.318999029397965,23.6862300825119
14.085000126957894,18.196705886125564
8.398999769687652,8.554605658203364
0.4330000088177621,4.3712240937352185
0.0,2.6857038678228857
0.0,1.4676797293312847
0.0,0.7447760676313192
0.0,0.5493369239568711
0.0,0.4773225495871157
0.0,0.3874016600754112
0.0,0.3959824178554118
0.0,0.3412427363358438
0.0,0.3221706700138748
0.0,0.2830832809582352
0.0,0.3095490834116935
0.0,0.3780066773016006
0.0,0.5394776944536716
0.0,1.1544289959408345
3.176000020205975,5.333990710526704
15.72999976992607,15.9130367654562
29.41499935626984,28.73746967852116
26.13400059342385,37.569228852987294
40.706999757289886,40.41456696987152
39.93799933671952,37.87064162373542
34.79799819231033,33.288158389925954
14.83299966931343,24.242194160223008
12.50700015604496,10.634663361907004
3.168000040203333,5.04526457965374
0.0,2.5163530282676216
0.0,1.2434583314694465
0.0,0.5347846640460193
0.0,0.3715064528491348
0.0,0.2966918030567467
0.0,0.2573513095919042
0.0,0.314653246011585
0.0,0.2874955424666405
0.0,0.2776435339730233
0.0,0.25344127732329064
0.0,0.27768116345629096
0.0,0.3463798588328063
0.0,0.517304942663759
0.0,1.2634386724233628
3.848999910503626,6.139941390156746
17.303000363111497,18.540081387758256
29.85600033998489,33.89614249229432
38.3859985947609,44.00925101041794
31.69499904870987,48.6030875968933
27.534000945091247,47.73992880582809
31.780999026298524,43.3347047328949
19.93099905729294,33.027797411680226
13.805000056624412,14.77606550693512
2.1100000531971457,6.698868841826916
0.0,3.477625120729208
0.0,1.584136288575828
0.0,0.5147662122081965
0.0,0.3163156828843057
0.0,0.25163182069547474
0.0,0.21770063364878295
0.0,0.2616579758701846
0.0,0.261868524462916
0.0,0.25903741532936697
0.0,0.23792113735806195
0.0,0.26356724289711564
0.0,0.3222285825107246
0.0,0.48286831703968347
0.0,1.2333967692777514
3.917000125646591,6.240891489237547
15.713000037074089,19.74584749341011
28.198000055551528,35.64960542201996
38.220998589992526,46.30429402351379
44.33099814414978,51.297359882593156
43.5119998383522,50.16989339828491
39.145998492240906,45.96432812213898
29.52500004410744,35.59219679117203
15.2610000115633,15.7860322368145
2.2689998804032805,6.907349465787411
0.0,3.4464992959052325
0.0,1.5518538826704025
0.0,0.4970699086785316
0.0,0.3029410733561963
0.0,0.24076031797565522
0.0,0.2055779225286096
0.0,0.24126905414741484
0.0,0.33695190813858056
0.0,0.3033933733263984
0.0,0.2680626583425328
0.0,0.28192572102881963
0.0,0.3437539868382737
0.0,0.5177870814502239
0.0,1.202307562995702
4.505999840795994,5.455495975017548
10.50499996125698,16.386186582446097
12.148000058531762,29.603092213869097
34.100999902486805,37.88658663988114
41.99600118875504,43.49218718528748
34.22299991846085,43.424451162815096
38.175001850128176,38.721614174842834
21.65200094938278,28.994382030963894
6.347000149190426,14.16260139644146
0.4730000051110983,6.9276032102108
0.0,3.304052846878767
0.0,1.5378102706745267
0.0,0.5133781576529145
0.0,0.31248190447688096
0.0,0.2495382654806599
0.0,0.20943390955217178
0.0,0.28133773026522246
0.0,0.3673225196637213
0.0,0.34731725820340215
0.0,0.3085196883790195
0.0,0.3073314311355352
0.0,0.3575090874079615
0.0,0.47942639875225723
0.0,0.9750487838499249
0.1650000047683716,3.966615201085806
4.6909999239444735,11.934358306229115
10.923999780416487,21.771736456751825
16.795999993681907,28.261124901771545
35.21599875211716,31.271861494779586
20.05100055456161,31.029938032627108
14.889999558925629,28.380400318503384
29.942000317573548,22.27171736299992
12.148000058531762,11.513364076316357
1.99399995803833,5.558864630907774
0.0,2.8896508531272413
0.0,1.5302807795628905
0.0,0.6354164289310574
0.0,0.4409225795976818
0.0,0.3797379223722964
0.0,0.3022142386250198
0.0,0.358515872657299
0.0,0.3780906817130745
0.0,0.4064087212644517
0.0,0.3595054398104548
0.0,0.3209430341981351
0.0,0.3249481270462274
0.0,0.4439240804873407
0.0,0.636737039256841
0.0950000032316893,2.2316714330017566
3.854000058472157,6.9411391691863535
5.680000179708004,13.235030943155289
3.247000067383051,15.838532891869546
3.815999960899353,15.071805195808412
4.003999876081943,13.453377327620984
1.964999998435378,11.983634732365608
3.960999887287617,9.849375424683094
3.101000111401081,5.350882866382599
0.4320000113174319,2.913326521664858
0.0,1.6786050662025809
0.0,1.157572060711682
0.0,0.8757902624271809
0.0,0.7699891372490675
0.0,0.7431155403144658
0.0,0.6172758567985147
0.0,0.5139963081665337
0.0,0.3464585196971893
0.0,0.3716548044793308
0.0,0.3263368074223399
0.0,0.2883369024097919
0.0,0.2909490464627743
0.0,0.4009321792237461
0.0,0.6035986388288439
0.0,1.954593721292913
0.0950000032316893,6.500306354761124
0.5439999881014228,12.14918622970581
2.563999881148338,14.766611055135726
5.35099994301796,14.275505379438401
6.57300016194582,12.90959743589163
7.7769998481869695,12.402860488891603
7.514999797046185,11.152969329059124
2.7469999051094054,5.530131303071975
0.0380000012926757,3.0023897477984427
0.0,1.8581246919184924
0.0,1.2522192775085568
0.0,0.9210461427550763
0.0,0.7928243123646826
0.0,0.7599485159851611
0.0,0.6172429931815713
0.0,0.5009399044606835
0.0,0.30130108579993253
0.0,0.2768068596627563
0.0,0.2547049941169098
0.0,0.274683345281519
0.0,0.3434117831941693
0.0,0.5239652007352561
0.0,1.3207844644412399
2.946999918669462,6.549742991030216
15.549999577999117,19.106147946715353
30.71299925684929,34.233271852731704
28.88700016260147,45.10872796297073
29.959999309778212,49.79537140369416
47.07999862194061,48.1301637172699
40.37099802970887,43.64093202352524
29.52299947142601,33.35141160964966
10.38700006365776,15.426930467486384
1.9960000172257424,6.997067653536797
0.0,3.4460558938235044
0.0,1.5368429763242601
0.0,0.4840004911087453
0.0,0.2899815916456282
0.0,0.2373480218742042
0.0,0.2041132049215957
0.0,0.2553846997255459
0.0,0.30669816464185706
0.0,0.2791544098779559
0.0,0.25021734526846556
0.0,0.2707466273708269
0.0,0.3377535284589976
0.0,0.5123744212742894
0.0,1.3099702163040639
4.239999928027392,6.974738623052835
17.353000302314758,20.464596362709997
31.679000629186632,36.1623764371872
41.257999374866486,47.06676280021668
46.77299903631211,51.6040123462677
46.68899963140488,49.85558987379074
41.77300100803375,44.98081044197082
31.849000011682516,34.280478384494785
16.703000065684318,16.149718480706216
2.8799999898672106,7.336995042860508
0.0,3.405165723562241
0.0,1.5298689573630693
0.0,0.47960981239564715
0.0,0.2847573516797275
0.0,0.22985907271970063
0.0,0.1989666469721123
0.0,0.2479005084140226
0.0,0.2997834221459925
0.0,0.2670770547213033
0.0,0.24019403838086875
0.0,0.26477346440777183
0.0,0.3345312251430005
0.0,0.5085526778828353
0.0,1.3033159115538
4.30199996560812,7.099841683357955
17.697000212669373,21.229610015749934
31.859000821113582,38.043183828592305
40.93499931573868,48.489816979169845
45.92600092887879,53.105497601032255
45.4139981007576,51.749376339912416
40.17799822330475,47.22153400421143
30.769999146461487,36.68512566804886
16.353000491261483,17.483947438001632
2.8689999210834505,7.847814780771732
0.0,3.570933530256152
0.0,1.5851797084137798
0.0,0.48322997729294004
0.0,0.2907277144957334
0.0,0.22340320131275798
0.0,0.19250530765624713
0.0,0.23837939867284144
0.0,0.295434031561017
0.0,0.26407131750602275
0.0,0.2383596933400258
0.0,0.2575721521349624
0.0,0.3245905747450888
0.0,0.5014414276462048
0.0,1.305531253106892
4.399000011980534,6.870887026041746
17.74800043821335,20.383460200428964
31.83100101947785,37.06701732873917
40.939000461101536,47.90852121472359
46.26199854850769,52.65367216348648
46.96200180530548,51.27545833587647
41.45200152158737,46.8512144446373
31.503999814987186,36.47654029130936
16.69199999690056,17.626495430469515
2.920999919474125,8.098540043830871
0.0,3.6296030456572774
0.0,1.6173577466607094
0.0,0.4910252015572042
0.0,0.2835862162522972
0.0,0.2246592638362199
0.0,0.192608467801474
0.0,0.24202140311244869
0.0,0.29963131559081374
0.0,0.2943185861641541
0.0,0.26857054403983055
0.0,0.28940628578886385
0.0,0.3433133688569069
0.0,0.4963323788298294
0.0,1.1344361064769326
2.088000044003129,5.024356643855572
12.759999684095384,15.724805264472964
20.676000821590424,28.962064771652223
17.84200065255165,37.71167825460434
34.04000092148781,42.743260272741324
34.41599972486496,40.080857479572295
29.22700098156929,35.271139793396
30.303999220132827,25.76578841328621
12.688999893665311,11.461316322982311
2.009000016823411,5.333848215937614
0.0,2.495807362496853
0.0,1.2638787367939948
0.0,0.5018166794441641
0.0,0.3245972822606563
0.0,0.2712109944503754
0.0,0.20972739545162766
0.0,0.2794784807646647
0.0,0.33455162048339837
0.0,0.31143380702938883
0.0,0.2904235013853758
0.0,0.3059197237621993
0.0,0.3750601202715188
0.0,0.560257577681914
0.0,1.2569478192366659
4.539000047147274,6.490343800634146
17.471999459266662,18.726460202336312
31.81799935102463,33.50502642512322
41.0139993429184,43.75650925636292
45.81999933242798,46.93378428220749
44.96800184726715,43.89879228591919
38.83399952888489,37.8407994055748
14.495000450015068,26.580800978541372
9.13600027024746,12.309818967878819
0.4460000084154308,5.038736530244351
0.0,2.3877446652576326
0.0,1.1418598178215325
0.0,0.4419954130146653
0.0,0.28909985823556783
0.0,0.23858585536014287
0.0,0.21128185416106132
0.0,0.2721014572586864
0.0,0.39236961838789286
0.0,0.37459094720892605
0.0,0.3489247351698577
0.0,0.3668733086809516
0.0,0.436394412862137
0.0,0.6194900750834496
0.0,1.3186426809057594
4.286000005602837,6.5407650616765025
17.74499957919121,19.177812198400495
32.10599965810776,33.26979276299477
41.12999969482422,41.320292360782624
46.881001205444335,43.72461511611939
35.32799795866013,40.1066020154953
23.405999966859817,31.152085934877398
12.070000317692758,19.714957233965396
9.449999806284906,9.052251450419426
0.0,4.037152846902609
0.0,2.0113241549208762
0.0,1.009816083572805
0.0,0.4714464610628784
0.0,0.3385107556171715
0.0,0.2545243164338171
0.0,0.2250931983720511
0.0,0.3192619510740042
0.0,0.3544766805972903
0.0,0.3464620499685407
0.0,0.31391957539133725
0.0,0.3069844215083867
0.0,0.3411887231841684
0.0,0.45673238635063174
0.0,0.9274564897082747
0.2350000063050538,3.512435906976461
4.568999907970428,10.948951481580735
8.764999817609787,20.815757460594178
19.926999965906145,26.214479483366013
23.15399969816208,27.254247351884842
38.51599884748459,25.74659400701523
36.667001383304594,23.54651657700539
8.867000268697739,17.738490529060364
6.293999864459038,8.986455921828746
0.5419999931007624,4.1330767381936315
0.0,2.1467472253739834
0.0,1.2951688155159355
0.0,0.6650868191570043
0.0,0.4759919100813568
0.0,0.4108343336172402
0.0,0.34159667813219124
0.0,0.38126991571858526
0.0,0.4083434383384883
0.0,0.4194898208230734
0.0,0.360206327047199
0.0,0.3330832522548735
0.0,0.3733558817766607
0.0,0.4970002820994705
0.0,0.8153159118443728
0.8239999942481518,2.9847831933945415
4.814000226259232,9.106500039100649
12.448999980092047,17.435397605895997
16.697000401616098,21.342056989073754
19.177000877857207,21.473933548927306
22.45500083565712,20.386672618985177
16.95599959373474,17.987127411961556
13.739999930262568,14.170263240635396
7.215000161826611,7.874654599428177
0.6820000282675028,4.018395680785179
0.0,2.088865217231214
0.0,1.2527927861362698
0.0,0.774038968263194
0.0,0.6309392264764756
0.0,0.5656109613925219
0.0,0.4684134765714407
0.0,0.47139418095350266
0.0,0.4355563424900174
0.0,0.4201338065043092
0.0,0.3750560283660888
0.0,0.3818422689847648
0.0,0.4457058726251125
0.0,0.5918073720484972
0.0,1.0732925127260386
2.829000021070242,4.666539893299341
9.735999540686608,13.713610959351064
22.52500033974648,24.222779978513714
24.528999053239826,31.040302395820618
23.897999122142792,32.52869766116142
18.86199900150299,30.957833203077318
13.605999559164047,27.402463291287425
21.654999754428864,20.663810473680496
12.05999950826168,9.939937796592712
0.740999977067113,4.881325967013836
0.0,2.5356909561157224
0.0,1.2769409975409507
0.0,0.607259401846677
0.0,0.45742714375257487
0.0,0.3887730581685901
0.0,0.2848910045437515
0.0,0.4030392056331038
0.0,0.3970384022500366
0.0,0.3718464500736445
0.0,0.3031980289705098
0.0,0.2947868044488132
0.0,0.37454864813946187
0.0,0.500393578922376
0.0,0.9648153937235475
1.108999955803156,4.096670012548566
8.07999982893467,12.38505251646042
9.234999862313272,22.393596194386483
25.475999093055727,28.514527009129523
20.56499984741211,30.986294122338297
22.96499898314476,30.201596189737316
16.791999875307084,29.025039677619933
21.623000861406325,22.124581815004348
6.293999864459038,11.040684106349945
1.1259999454021454,5.722388083636761
0.0,3.141239556372166
0.0,1.6000081318244341
0.0,0.6959406365733595
0.0,0.48500101814977825
0.0,0.4062447080668062
0.0,0.3089048088900745
0.0,0.3948587966710329
0.0,0.2553476559463888
0.0,0.23711370011325925
0.0,0.22190529113169755
0.0,0.23342698960099367
0.0,0.3043130009900778
0.0,0.460222781682387
0.0,1.2189500644803046
2.09200003400445,6.213266794979573
12.361999716162682,19.437867134213448
31.40600050926209,34.104086001515384
42.59800103187561,45.234252601861954
47.96600173473358,51.04469412565231
47.72500050783157,50.75020736217499
43.221000726223,47.3209710931778
32.76800024986267,37.81196568965912
18.07200078368187,17.9356681227684
3.6669999161362647,8.154401003718377
0.0,3.8013449700921775
0.0,1.7057591431960466
0.0,0.5376256178226322
0.0,0.3103053317219019
0.0,0.2327097909059375
0.0,0.1876721896626986
0.0,0.22932123587932435
0.0,0.3401726629491896
0.0,0.33935657653957607
0.0,0.3192413471266627
0.0,0.3423756806459277
0.0,0.40327356751076876
0.0,0.5693424742575734
0.0129999995976686,1.1980499915592373
3.6380000849068166,5.788753077089787
18.454999537467955,17.335657555460934
30.68000007748604,30.49405978679657
42.01399812698365,39.27610965967178
32.19500049471855,41.78873035669327
28.578000004291532,38.23019629478455
15.868999518752098,31.727891421318056
5.380000030994416,21.012215135693552
4.6770000231266025,9.45508442401886
4.158000068813562,4.063037823438645
0.0,1.996004702858627
0.0,1.0137110640481115
0.0,0.4804119863267988
0.0,0.3529385734628886
0.0,0.2800948420725763
0.0,0.2371697913110256
0.0,0.3014071223139763
0.0,0.3198387171793729
0.0,0.2780147099122405
0.0,0.2331800471199676
0.0,0.25310822831466795
0.0,0.33516091322526337
0.0,0.5190544007252902
0.0129999995976686,1.3261542639136314
5.334000210165978,7.167163572907448
19.06399933099747,20.862305693030358
33.30700053930283,36.6211771774292
43.30299955844879,47.62023129701615
47.33799855470657,52.45683142185212
48.43800132513047,51.33512634038925
40.751998264789584,47.063324444293976
23.914999881982805,36.93370195865632
11.90900043129921,18.60362729907036
3.370000112950802,8.727698585391044
0.0129999995976686,3.8958172138035296
0.0,1.710665514320135
0.0,0.5007243332546204
0.0,0.2922911914438009
0.0,0.21249578610528252
0.0,0.1839446724229492
0.0,0.24082895768340676
0.0,0.3109474078472704
0.0,0.2671431430056691
0.0,0.23484920755494387
0.0,0.25472397734876717
0.0,0.324229427985847
0.0,0.5072700019273907
0.0190000006463378,1.3287812992930412
5.6620001605153085,7.461401291787625
19.478000799417497,21.7361184579134
33.83900087833405,37.948111438751226
43.67299869775772,48.62452699899674
48.8290003156662,53.29387185335159
48.99100151538849,52.430499448776246
43.21600134849548,48.16123626708985
27.89800042033196,38.040330855846406
12.214999730587008,19.418597757816315
2.7430000434815884,9.12414985537529
0.0,4.039245848506689
0.0,1.7575090700015426
0.0,0.5008873515576124
0.0,0.2876552711986005
0.0,0.2183092283597216
0.0,0.1906346208788454
0.0,0.24879339427221567
0.0,0.36757726083509623
0.0,0.322687726393342
0.0,0.26381420142482964
0.0,0.2901761416904628
0.0,0.382718787221238
0.0,0.5611767319682985
0.024999999689171,1.3376813701167702
5.936000053286553,7.131530169248581
20.46899906039238,20.620321638584137
33.85300077915192,35.38134793281556
43.42300105571747,45.42500741243362
48.07899917364121,49.44498568177223
43.30900127649307,47.54507220506668
27.31299928307533,42.513779797554015
13.501999562382698,32.094684303998946
18.44300020933151,15.76107231974602
3.891000126451254,7.37775311678648
0.0,3.3141074448078873
0.0,1.5009218234568835
0.0,0.519003901798278
0.0,0.3171543148905039
0.0,0.23798182593192904
0.0,0.20713139436673372
0.0,0.2681020048214122
0.0,0.32354851887561387
0.0,0.2788661792688072
0.0,0.2356058811023831
0.0,0.2580770210549235
0.0,0.34616414320655164
0.0,0.54533213599585
0.0129999995976686,1.4271535942330957
6.031000040471554,7.972481884658336
20.588000271320343,22.92411869764328
34.77899891376495,39.67066202878952
45.01799973249435,50.038440984487536
50.05800099849701,54.63008803248405
49.31200100183487,54.10047646760941
46.14700053691864,49.91506891250611
33.56299989938736,39.69545351982117
19.853999602794648,20.46416605472565
4.95200020223856,9.528623955845832
0.0,4.006929487809539
0.0,1.712566340789199
0.0,0.48608627170324326
0.0,0.2702888394333422
0.0,0.20517035270109768
0.0,0.1783252266026102
0.0,0.23383557839319105
0.0,0.3739913787599653
0.0,0.34946974487975235
0.0,0.2895129320770502
0.0,0.292528329398483
0.0,0.37032782361842687
0.0,0.5203543589636683
0.0,1.0709870529733598
4.399999784827233,5.226042971760035
15.6609995251894,15.365511448383332
29.4560008263588,27.779234389662744
32.93500082731247,35.52636685848236
25.104999667406084,38.69861785888672
23.473000665903093,37.02818074941635
22.969000128507616,33.59098840415478
16.284000246524812,25.77608191430569
15.33499963402748,13.681038493514063
4.928999778330327,6.21571051299572
0.0,2.9844988460838797
0.0,1.4864497969858348
0.0,0.6217804990895093
0.0,0.4198590872064233
0.0,0.3341077690944076
0.0,0.24661558592226357
0.0,0.3525602727942168
0.0,0.34036735741421575
0.0,0.2918255165591836
0.0,0.2366788589395582
0.0,0.2558987874677404
0.0,0.34674840311519806
0.0,0.5498026309348643
0.0,1.395475570783019
6.2070001140236855,7.686227970719338
21.157999167442323,21.94782485127449
34.936000735759734,37.84671691060066
43.17099873304368,48.396065295934676
49.58499906778336,53.19590335726738
44.39999941587448,52.78016833305359
32.43000000357628,48.53159690618515
24.706000440120697,38.44323879957199
17.462000703811647,20.38618685364723
4.356999796032905,9.760298077464103
0.0,4.170777725502848
0.0,1.7812129807099701
0.0,0.5001876678224653
0.0,0.2816031665541231
0.0,0.2056675994442776
0.0,0.1795169619657099
0.0,0.24521524762734764
0.0,0.35113033638335767
0.0,0.30402270035818213
0.0,0.2682663951162249
0.0,0.29757294273935253
0.0,0.3856696608103811
0.0,0.6168056246545166
0.0,1.5296175378561019
6.254999994039536,8.4015723747015
21.194999492168428,23.553318318724635
35.51599838733673,39.968924000263215
45.72499883174896,50.16839810371399
50.37499933958054,54.38022800683975
50.1670013999939,52.92706459283829
46.3359991979599,47.63385326623917
34.506999080181124,36.40939170598984
19.66099979639053,18.35810732483864
2.22100000038743,8.486764626204968
0.0,3.6606997296959163
0.0,1.549386929050088
0.0,0.43536504992283875
0.0,0.24472952240612356
0.0,0.1960353022022173
0.0,0.17555885783163824
0.0,0.24112974482588465
0.0,0.31272950487211343
0.0,0.2920751388370991
0.0,0.26283106097020204
0.0,0.2923415218805894
0.0,0.36954782621003684
0.0,0.5684947518026456
0.0,1.3579714121483266
2.0000000072270634,7.204757496714593
16.03399952352047,20.700508863925936
27.4530003452301,37.192248249053954
43.83400166511536,47.277295346260075
48.00699909687042,50.90670390605926
39.21999914169312,48.53531460285187
46.26399912118912,42.68616590023041
22.88300015091896,31.39634271383285
6.4380000180006025,14.707074505090716
5.083000227808952,5.919789560735225
0.0,2.629303739219904
0.0,1.2053651631064712
0.0,0.41984089026227595
0.0,0.25909607399720697
0.0,0.20503426074050363
0.0,0.17542256127577271
0.0,0.2455548436846584
0.0,0.3312350749690085
0.0,0.28379238409921526
0.0,0.23985569396521894
0.0,0.2611596700455993
0.0,0.3427565969247371
0.0,0.5443889277242124
0.0830000011343509,1.4414991407096387
6.799000174701214,8.512178215235473
20.92399994492531,24.241774122118954
35.631998739242555,40.54569690942765
45.18399796962738,50.90992454051972
49.551001656055455,55.30715043067932
50.20200115203858,54.38442222595215
45.808000004291536,49.926562962532046
35.113998301029206,39.64401374340058
20.148999860286715,21.13361436367035
4.857000215053558,10.093992162942886
0.0129999995976686,4.434724432453513
0.0,1.8633948093652726
0.0,0.49189307062886656
0.0,0.26804355476051567
0.0,0.20771581474225964
0.0,0.18322318926220757
0.0,0.2470162476506084
0.0,0.32161686671897766
0.0,0.27359615810215476
0.0,0.2364072526991367
0.0,0.2556389274029061
0.0,0.3269314334914088
0.0,0.5207366392109543
0.1080000028293579,1.4119372260943055
6.625999933183193,8.336432577967644
20.82799915790558,23.63547428011894
35.70199824333191,39.79872949004174
46.34900086641312,50.4307298719883
51.17499836683273,55.18712428569795
51.23299854278565,54.83831396341324
46.53300014972687,50.8666636967659
35.450998260974885,41.01440603017807
19.979000477790837,22.16959059238434
4.95200020223856,10.40647483766079
0.0,4.386374863013625
0.0,1.8524441001936793
0.0,0.49721535585820675
0.0,0.274418037366122
0.0,0.20971532834228124
0.0,0.1831945579592138
0.0,0.2424366111634299
0.0,0.34582010221667586
0.0,0.2946337350923568
0.0,0.2367849997570738
0.0,0.2560489924903959
0.0,0.3517867742944508
0.0,0.5518500599451364
0.1020000017806887,1.44737858299166
6.537999896407127,8.456644864529371
21.12199912905693,23.88633048415184
36.10099952459336,39.96956689476967
46.526998431682586,50.492174565792084
51.120001103878025,55.24330669283867
51.25099958896637,55.01820940256119
46.995000984668735,51.16867622852325
36.47200100421906,41.51341540575027
21.131999938488008,23.073298978805543
5.217000085413456,10.825041781365872
0.0129999995976686,4.560104009285569
0.0,1.888676237873733
0.0,0.5010721612628549
0.0,0.2714035386592149
0.0,0.1983967729192227
0.0,0.17201034139608962
0.0,0.2339728257153183
0.0,0.33394678872078654
0.0,0.2754443514347076
0.0,0.22777481656055895
0.0,0.24684124247170985
0.0,0.33716402128338807
0.0,0.5408151858951896
0.1640000072680413,1.4606882194802164
7.681999861001969,8.406404353380204
22.38100018620491,23.770035386681556
36.54400108098984,40.33763324260712
46.73000110149383,51.049212872982025
50.74600081920624,55.645762761831286
50.54999809980393,55.47310964226723
46.658001024723056,51.72270751476288
36.40700087785721,42.074011199474334
21.197000064849853,23.2666171514988
5.258000015020371,11.03348800122738
0.0129999995976686,4.63424856543541
0.0,1.9266995068639519
0.0,0.5040566687099636
0.0,0.2639527886454016
0.0,0.19708408965729168
0.0,0.17244112676940854
0.0,0.23423295055050397
0.0,0.3160644880309701
0.0,0.2521304314071312
0.0,0.21713235624134541
0.0,0.23549146019387984
0.0,0.32292496062815185
0.0,0.5282752127479762
0.1569999926723539,1.4711327519267798
7.471000035405159,8.711294762343169
22.414999651908875,24.5912376087904
37.19999995470047,41.24610890746117
47.94500188350678,51.67379207491875
52.38900091648102,56.39001071691513
52.05200095653534,56.39998071670533
47.78399891614914,53.47044601321221
37.31399973392487,44.75005444765091
21.592000200748444,25.436131417751312
5.443999871015549,11.626630072593688
0.0129999995976686,4.8905255974084145
0.0,2.0054775120690467
0.0,0.5125152149144561
0.0,0.2633211107738316
0.0,0.1935154747450724
0.0,0.16841590736294165
0.0,0.22824854688253254
0.0,0.4446700589172542
0.0,0.378399740923196
0.0,0.2683666548226028
0.0,0.23654446792788802
0.0,0.2662633993849158
0.0,0.4216332732141018
0.0,0.7225944259762764
0.0,3.154727632030845
0.7629999862611294,10.032771352529526
3.6259999865293504,18.47628181040287
14.23200011253357,23.326099271178244
14.262999746203423,25.493677664995197
17.106999697685243,26.833686510920522
37.193000004291534,28.989373410344122
30.77899966955185,25.42914789915085
22.454000549316408,15.753339099884034
3.587000116109848,8.872830479741097
0.0449999998416751,4.7360492673516275
0.0,2.551265422143042
0.0,1.1433612101338806
0.0,0.7684228842239827
0.0,0.5838433526735753
0.0,0.4346518388297409
0.0,0.4928760265465826
0.0,0.6137282389774918
0.0,0.5761591233499348
0.0,0.4550863812863827
0.0,0.3887037364766001
0.0,0.4248243496753275
0.0,0.5773222835734487
0.0259999991953372,0.8302381762862205
7.713999781012535,3.5984271551668643
12.184000096917153,10.856912814378738
27.23000016450882,18.921614629626276
33.51999991059304,23.290896175503732
11.664000113010406,22.38777419924736
12.949000399112702,20.373068108558655
23.33399989008904,16.842425501048567
12.30700039923191,12.53994182407856
7.500000123381615,7.943148795813322
1.1410000041872264,4.561428823843599
0.0,2.493338547460735
0.0,1.4895536115579309
0.0,0.8979836983978748
0.0,0.7499361850321293
0.0,0.6620867945626379
0.0,0.582274869158864
0.0,0.6286151365190744
0.0,0.4450345433875918
0.0,0.43419811872765424
0.0,0.3855730918422341
0.0,0.344826475251466
0.0,0.3884931397438049
0.0,0.481036234581843
0.0,0.810689074024558
1.2089999625831842,2.9739041808247566
5.314000131785869,9.682331200242045
5.796999790966511,17.675826800465586
11.396999657154083,21.239183598160746
15.473000123500825,20.962161793112756
32.92299944519997,19.716288723945617
23.19300059556961,17.454466206133368
20.81200073838234,14.172572936713696
8.11300003528595,8.153457201719284
2.2920000475645064,4.258664151728153
0.0,2.2986932494863868
0.0,1.381153805498034
0.0,0.7985482943337411
0.0,0.63439736796543
0.0,0.557097968775779
0.0,0.46613688481040294
0.0,0.49401200368069115
0.0,0.5518231336027384
0.0,0.5660354925692082
0.0,0.4938641976378858
0.0,0.4652895394526422
0.0,0.5169056368805468
0.0,0.6609400340542197
0.0,0.9541558356583119
6.983999744355679,3.7835697329044344
21.265999282598496,11.111796865463258
31.178000950813296,18.941810349226
27.56800041079521,22.913398996591567
16.471000388860702,22.230050404667857
18.28299958229065,20.332582186460495
21.15500036239624,16.795578928589823
8.059999750554562,13.042843484282493
2.4300000235438346,7.071863705217838
0.2389999963063746,3.6837162002921104
0.0,2.123560338951647
0.0,1.1750998258776963
0.0,0.7510325268469751
0.0,0.6568072095699609
0.0,0.6106041413918137
0.0,0.5114541597664356
0.0,0.5794378789141774
0.0,0.3647104879375547
0.0,0.32578550741076473
0.0,0.2789573244564235
0.0,0.3007244641147554
0.0,0.37774094414897263
0.0,0.5672800255473703
0.0439999983296729,1.3264167877286672
4.185000097602606,6.66175452142954
21.898999786376955,18.97255015492439
29.176000756025317,32.607969840168955
43.12899903059006,42.29454866290093
42.963999025821686,47.186823862791066
43.73500001907349,47.33809303760529
42.53300090551377,43.30594085216522
33.180999377965925,33.70416145801544
19.815000759363176,17.38461715579033
5.757999920547008,8.370200457870961
0.024999999689171,3.8998878092318776
0.0,1.7160432729497554
0.0,0.5316064891219139
0.0,0.3282324668578803
0.0,0.24529228777624665
0.0,0.2103239952633157
0.0,0.2776699949614704
0.0,0.3391759710665792
0.0,0.31360602310858665
0.0,0.2861886360123754
0.0,0.31648540870286523
0.0,0.40481462723575534
0.0,0.6365158035699278
0.3550000112317502,1.5041447044536471
9.126000487804411,7.863572371602059
23.16099964857101,22.040165452957154
29.489000005722048,37.28523585319519
46.163001010417936,46.77417801856995
48.79299822330475,50.5918293762207
46.07900160551071,48.69029942035675
30.41700076699257,43.59483669281006
22.5719994199276,32.73937193155289
13.107999712824824,15.499915425777436
1.897999941259623,6.666583932638169
0.0,2.8905184012651444
0.0,1.2791399393789469
0.0,0.4378405564278364
0.0,0.2651436213823035
0.0,0.21814515097532422
0.0,0.19369947008090088
0.0,0.2603042933205142
0.0,0.3747361215949058
0.0,0.3319219053070992
0.0,0.2752617722190916
0.0,0.3148257800005376
0.0,0.410312366951257
0.0,0.6489981530606747
0.3420000116340816,1.618362847007811
6.729000157117844,8.894529196321965
22.511000438928605,24.495354925394057
33.17900085926056,39.93408445835114
44.93800147294999,49.39832550764084
46.39199880123139,53.44101048231125
26.539999771118165,52.23079546451569
28.273000991344453,46.05081283807755
14.391999712586404,34.06717502474785
6.4449999684095385,17.735232923030857
7.132999789118767,7.58321285545826
0.0380000012926757,3.4079875015467405
0.0,1.4373194919899106
0.0,0.4649380688462406
0.0,0.25614212746731935
0.0,0.20263175061903893
0.0,0.1796664529107511
0.0,0.253121635322459
0.0,0.4013340043369681
0.0,0.3166588252596557
0.0,0.24379748262930656
0.0,0.2616508110240101
0.0,0.3890128919668495
0.0,0.6077178557217121
0.3700000058300793,1.5964290143549442
9.014000254273414,8.473720594495536
23.632999238967894,23.704788783192633
37.53099819660187,40.56151868700981
47.43700020074844,50.769446955919264
51.9229989361763,55.209315443038946
51.53999812841416,55.28461215138435
47.43499962806702,51.43059514760972
31.222999458312987,41.68760489940644
19.82399922847748,24.069970321655276
5.873999758958817,12.044265024662018
0.0190000006463378,5.437939871400594
0.0,2.18972699534148
0.0,0.5459453441295773
0.0,0.2628765693772584
0.0,0.19882225085049865
0.0,0.17560171853518114
0.0,0.24745996264275166
0.0,0.33391100460663437
0.0,0.2903575013577938
0.0,0.23970978945493696
0.0,0.2789664710685611
0.0,0.37805688738822935
0.0,0.6195410393644124
0.4779999926127493,1.6334859517961742
9.492999795079232,9.231057768762112
24.08900040984154,25.516310427188873
38.50300128698349,42.16867074012757
48.64199811935425,52.15872555255889
53.33399832963944,56.39320464968681
53.99000131130219,55.63434470891953
49.56599978923798,51.23994098186493
34.94899829626083,40.71033130645752
13.574999925494197,21.206988550424576
2.7330000042915343,9.780474284291268
0.0,4.080404447764158
0.0,1.6740203990787268
0.0,0.44634425801225
0.0,0.2370990575104952
0.0,0.18754424139624454
0.0,0.16746599959908054
0.0,0.22919669753406197
0.0,0.3826431431341917
0.0,0.3179389176983386
0.0,0.2532395062688738
0.0,0.2746013547293842
0.0,0.3820929342973977
0.0,0.6138042200449854
0.4960000118054449,1.613755778707564
8.380999750494958,9.10866698384285
25.015000598430635,25.307189989686012
40.10900105953217,41.943557018041616
50.500998446941374,51.962546191215516
55.61799916744232,56.15045754313469
54.920998823642734,55.8491125535965
41.232998378276825,51.43536448001862
37.82999959945679,41.28224861621857
23.185000358819963,23.53576812028885
7.107999819517135,11.597764520049097
0.0380000012926757,5.060320224165917
0.0,2.0357785371318458
0.0,0.5029375726915897
0.0,0.2613809057325125
0.0,0.20242350472602993
0.0,0.181305577957537
0.0,0.2567082867119461
0.0,0.3651756814215332
0.0,0.28473713285289703
0.0,0.24802051356993615
0.0,0.2677854036679491
0.0,0.3764225964061916
0.0,0.5873609631881118
0.5710000168904662,1.6035267853736879
9.710999571084976,8.692356076091528
24.688999680280688,24.178736569881444
39.326000738143925,40.63184477329254
48.87399882316589,51.13282202243805
50.32700202703476,55.74359980344772
43.01400101900101,55.56103008747101
35.70899819374085,52.00230295181274
26.2289990401268,42.629451513290405
17.70199959039688,23.82270857572556
6.872000024318695,11.571220987439157
0.0439999983296729,5.244553404003382
0.0,2.1215506517514586
0.0,0.5466502590849995
0.0,0.27840917761903256
0.0,0.21451886426657435
0.0,0.1885742381797172
0.0,0.2514277950813994
0.0,0.3271785845793784
0.0,0.2634747899044305
0.0,0.2283402055641636
0.0,0.23900828442070632
0.0,0.3273550339601934
0.0,0.49967468730174003
0.721999992467463,1.2614049793779851
12.096999832987786,7.007048436701298
25.695000182390213,21.004240573644637
36.888000991344455,35.25816379964352
34.92700021266938,45.03457942724228
48.84700136184693,50.68967257976532
51.77300117254257,52.04440740704537
47.7800018787384,50.31135072946549
38.05000097513199,42.02316707611084
22.81499916553497,23.95263077735901
6.621999814808369,12.077025942802427
0.0510000008903443,5.7684500372409815
0.0,2.4310202077776193
0.0,0.6474596608057618
0.0,0.36409782539121804
0.0,0.23458564872853455
0.0,0.19359822751488537
0.0,0.2544630100624635
0.0,0.2950571911409497
0.0,0.2504379310645163
0.0,0.22074398430064318
0.0,0.2397169141843915
0.0,0.341683185826987
0.0,0.5367897939868271
0.4149999896250665,1.5221473553031684
5.52799978941679,8.749560849815607
22.719000432491303,25.16827650785446
39.01700057983398,41.57711947321892
49.670999045372014,51.815760846138005
54.17499882698059,56.50361202478409
52.52400054693222,56.89045376777649
46.56500109672547,53.99539505243302
36.34000017881394,45.438629381656646
18.531000759601596,25.655222882032398
5.54999992698431,12.361851829886437
0.064000000488013,5.530636837929487
0.0,2.2391921947151427
0.0,0.5566050947550684
0.0,0.2799819375760853
0.0,0.20413462725002315
0.0,0.1755057473061606
0.0,0.2312251994758844
0.0,0.32679056764114645
0.0,0.29544956475496287
0.0,0.2480437491741031
0.0,0.2525362762156874
0.0,0.3220406437013298
0.0,0.47970634927041833
0.0629999989760108,1.1994774086400866
7.043000206649304,5.707560430467129
14.510999896526338,18.258261494636535
17.085999846458435,31.552615374326706
30.53499963760376,40.059693310260776
48.16799795627594,46.290378335714344
49.86799999713898,47.527683243751525
46.20500071287155,44.07031571865082
35.68200073242188,35.24140643596649
18.58499979019165,19.273578832149507
4.052000012844801,9.703174949288368
0.0439999983296729,4.646432109549641
0.0,2.0667175143212084
0.0,0.5992093401309102
0.0,0.3441905450075865
0.0,0.25161620726808903
0.0,0.20170507043600075
0.0,0.2842437934782356
0.0,0.3476570468209683
0.0,0.3002931612357497
0.0,0.2469661900075152
0.0,0.27109419060871
0.0,0.37222670843824746
0.0,0.6008115377370269
0.5230000085011125,1.5324636426195504
9.606000314950943,8.422656695693732
21.903999164104462,23.136579927206043
35.057998697757725,38.82086845993995
46.59500147104264,49.59274255752564
43.41800167798996,54.4031627035141
49.30199813842773,53.53820462942124
41.77199866771698,49.16408186197281
27.9790010201931,38.81419919967652
19.5400000667572,20.40181555747986
2.3020000867545605,9.643616832494736
0.0,4.265030707269907
0.0,1.7658848634362219
0.0,0.48320348421111703
0.0,0.26017657773103564
0.0,0.20362297860439865
0.0,0.18056987743126224
0.0,0.24828911105636506
0.0,0.3844053743593395
0.0,0.2904250900074839
0.0,0.23038974471390244
0.0,0.24858002948574714
0.0,0.3901747042685747
0.0,0.6320454049110412
0.8079999700561166,1.7530779375880958
11.449000169038772,9.850711536109447
27.78400064110756,26.34457216501236
42.61700031042099,41.96427342057228
52.7759987616539,52.01394899606705
57.48300121307373,56.583211812973026
56.08299880743027,56.6808865904808
51.34899889469147,53.78284550189972
40.96000031232834,46.01568163156509
23.852000328302385,27.915948063135147
7.561999904215336,13.743743815124036
0.0779999975860119,5.7876269847154616
0.0,2.246790237277746
0.0,0.551659890646115
0.0,0.25071058033965526
0.0,0.186436807308346
0.0,0.16352554281009363
0.0,0.23508920984342696
0.0,0.39847791853360826
0.0,0.3241802609339356
0.0,0.25967231056187295
0.0,0.28257010787725445
0.0,0.41756025473587216
0.0,0.6719335878826678
0.8999999968335033,1.778402948901057
11.39099999308586,9.80801707625389
26.36599924325943,26.825272397995
40.83200063228608,43.28918656945228
51.18500123023987,52.919972213506696
55.53699856758118,56.57019371271134
53.54799798727036,55.85476098775864
40.61199925661087,50.84772398352624
29.03399912118912,40.67154402256011
17.34299949288368,23.922590350508692
4.701000219881535,10.964142175018786
0.0700000015366822,4.873116353079677
0.0,1.9062981970980766
0.0,0.5159225525893271
0.0,0.2633778037223965
0.0,0.20364427255932238
0.0,0.1820571285998448
0.0,0.26066567275673147
0.0,0.3788005390483886
0.0,0.3403643245901913
0.0,0.2983075119741261
0.0,0.32703878583386536
0.0,0.41650784875266256
0.0,0.6373010001052171
0.6560000290721655,1.5132904821634292
7.862999825775623,8.358747487366198
26.851000502109528,23.241339895129205
35.47899806261063,38.16431501269341
45.66399985074997,47.537907936573035
37.16500020265579,51.332875182628634
32.22200001001358,49.97324573040009
37.22899798870087,45.19365987300873
36.47599804162979,34.861593399047855
15.186000102758408,18.32794057846069
3.9779998768866074,8.60152925476432
0.0439999983296729,3.7066325395554305
0.0,1.5844642186909916
0.0,0.49115262830629947
0.0,0.294556213542819
0.0,0.232747917836532
0.0,0.20448895015520976
0.0,0.28213238632306453
0.0,0.3580058126337826
0.0,0.29799445713870226
0.0,0.2422841194877401
0.0,0.2436991645721718
0.0,0.3037129832338542
0.0,0.4499392777495086
0.7059999682754279,1.1740934738889335
11.001999521255494,5.843068933486939
10.884999909996989,18.560584176778793
11.36300019145012,31.898065391778943
35.342001967430114,40.83769425392151
49.59899896860123,46.805601798295974
42.5610007071495,50.125609674453734
48.24300094604492,49.49516637086868
39.96799971103668,42.268399493694304
23.74099935412407,26.78655700325966
7.907999873757363,14.249531825184821
0.0960000007320195,6.432869442552327
0.0,2.7297505499795083
0.0,0.7006483497004956
0.0,0.37401227154769
0.0,0.2534272525180131
0.0,0.2046472507319413
0.0,0.2785877050459385
0.0,0.3237029201071709
0.0,0.2721564973983913
0.0,0.24529982169624415
0.0,0.276573444539681
0.0,0.3872442581132054
0.0,0.638665466029197
1.2070000317692755,1.6942334491014481
12.346999529004098,9.326140428483486
27.24600063800812,25.976897099614142
41.33400059700012,42.07744133949279
50.16599905967713,52.32299228787423
54.239000720977785,56.82692839622498
52.22200033903122,56.66012089252472
45.93899848937989,52.50730172157288
35.67300020933151,42.120665211677554
19.92599967956543,21.655451629161835
8.535000199973583,9.875214956998825
0.4970000093057752,4.379401871040464
0.0,1.7461487851664423
0.0,0.4480437466874719
0.0,0.24316764210350808
0.0,0.1951303532463498
0.0,0.17538254083599888
0.0,0.23295166263356798
0.0,0.3795902447029948
0.0,0.3431957787275314
0.0,0.2935044173337519
0.0,0.3414690267294645
0.0,0.48586482740938663
0.0,0.7255832499824464
1.1309999649971725,1.7292860268428922
11.78000046491623,8.081707966774703
26.679000546932222,23.92693759083748
40.30499967098236,39.44930092096329
45.34899797439575,47.99184486150742
37.34300187587738,51.203626685142524
42.90999999523163,49.29013231873512
29.59100045681,43.05425894975662
25.34300003528595,32.55455208480358
8.796999737620354,17.5284293705225
2.240000049173832,7.938343518823386
0.0770000000856816,3.5937351036071776
0.0,1.5020234606787564
0.0,0.5329404342453927
0.0,0.28230472775176163
0.0,0.22803953877184535
0.0,0.2000595748540945
0.0,0.2736945884861052
0.0,0.350714085297659
0.0,0.2935539855528623
0.0,0.2381793365906924
0.0,0.25534984631929547
0.0,0.3522669232916087
0.0,0.5825049947109073
1.1319999945908783,1.5620211283490062
10.524999526143077,9.040841099917891
24.11999901652336,23.975246080756186
38.20499811649323,39.88457541942597
51.07699906110764,50.70545122385025
54.92200116395951,55.9918597817421
53.89000143289566,56.2440921497345
49.39399983406067,53.29221634864808
40.08800120830536,44.744837348461154
21.855999797582623,26.84862610578537
5.357000120580197,12.721976479291916
0.2189999981597066,5.404332715123893
0.0,2.1271001099422575
0.0,0.5062330489046871
0.0,0.25787790572736413
0.0,0.19361351198516785
0.0,0.16997934419428926
0.0,0.24177744531538337
0.0,0.42123367859050626
0.0,0.37602946859784425
0.0,0.3428541447408497
0.0,0.3809132941253483
0.0,0.5091924272384495
0.0,0.8142340922821314
0.6649999744817615,1.9673178462311627
13.178999503254891,10.43233901768923
29.226000695228574,27.723042739629747
43.51699921607971,43.92227334022522
53.01400118350983,52.141767926216126
56.61900029182434,55.015457074642185
53.13899795055389,53.27582561969757
43.1569988322258,45.82557793140412
33.55100057125092,33.06401209056378
5.005999746322632,16.975910324156285
5.881999995708465,7.111176036745309
0.0129999995976686,3.1185712347179653
0.0,1.2663937021046876
0.0,0.4122510636039078
0.0,0.231997646917589
0.0,0.19010479133576155
0.0,0.17357929026475175
0.0,0.25612469274085015
0.0,0.4058434124942869
0.0,0.32652108758687975
0.0,0.2627366262115538
0.0,0.31458243197761476
0.0,0.4312523158919066
0.0,0.7386544968746602
1.521999982520938,1.9517530082166195
14.330000445246696,11.419435237646102
30.54299987435341,29.03608698785305
45.15499993562698,45.969647920131685
54.727999017238616,55.044403759241106
57.413001708984375,58.871597889661786
55.670001733303074,58.61791336059571
48.25200146913529,53.78455440998078
39.75300182104111,42.80659873247146
19.258999710083007,24.39668396949768
4.763999773561955,12.061468101143838
0.0709999990370124,5.135543502867222
0.0,1.9551436091959478
0.0,0.4366957536153495
0.0,0.22521033117081968
0.0,0.18021204832475632
0.0,0.16655963652883654
0.0,0.2408120284276083
0.0,0.37553805482573804
0.0,0.29505239318124943
0.0,0.252088549551554
0.0,0.2694054291443899
0.0,0.3715204134676605
0.0,0.603964904481545
1.473999974131584,1.7000223238766194
14.003999527096749,9.44007602095604
29.6280007815361,25.35958691895008
43.713001935482026,41.96165254712105
52.44999989748001,52.41565125584603
53.34499942541122,57.28991924762727
52.74500015497208,57.923595509529115
50.50499959230423,55.31023755669594
41.35399810791016,47.32538714170456
24.429999461174013,29.380773953199387
8.588999744057656,15.016714476943017
0.2529999934043735,6.47067441239953
0.0,2.47547928981483
0.0,0.5599518561828881
0.0,0.2805675293598324
0.0,0.21316747639328237
0.0,0.18931886467617
0.0,0.2575514278374612
0.0,0.3377826211042702
0.0,0.25933958248700945
0.0,0.22245058165863155
0.0,0.2375998987117782
0.0,0.3435069240070879
0.0,0.5522881826665252
2.0360000456124543,1.6362805787846446
14.211999520659448,9.534817977398635
30.0280002951622,26.138439235687258
44.09200159788132,42.740596265792846
52.01700120449066,53.31331273674965
55.238001272678375,58.23623325943947
54.38599967956543,58.89650029540062
49.81999857664108,56.37522619724274
40.72300023078918,49.15555375337601
24.322999632358552,31.15348058462143
8.845000131130218,15.345426129996778
0.2790000086463988,6.706921198219061
0.0,2.587099281027913
0.0,0.5860230866260827
0.0,0.27195380365941674
0.0,0.19821855037938801
0.0,0.17214282485772855
0.0,0.23053795994725074
0.0,0.3559441662579775
0.0,0.26476641188841316
0.0,0.227791914306581
0.0,0.24801882064435632
0.0,0.383664659243077
0.0,0.6272102810814977
2.1909998828172683,1.8440400004014372
14.760999592542648,10.480253144204617
29.48500091433525,28.614400568008424
41.47199903249741,45.07323936462402
51.28099996328354,54.668316634893415
55.433999884128575,58.86973287940026
54.06000081539154,59.258051431179055
49.38099816560745,56.564477497339254
39.81499903440476,49.17322205543518
21.769999819993973,30.48153258681297
8.52299984484911,15.666455912590028
0.3119999903440476,6.805305367708206
0.0,2.569553062170744
0.0,0.5606146646291017
0.0,0.25260386486537756
0.0,0.18940463422331955
0.0,0.16841063402011056
0.0,0.23170724198222153
0.0,0.3468348466232419
0.0,0.26130036740563806
0.0,0.22215730436611922
0.0,0.23805287264287464
0.0,0.3467768699396402
0.0,0.57995442179963
2.329000115543604,1.7085840021446348
14.678000473976136,10.036562478840352
30.32099997997284,26.79613572061062
44.36400143146515,42.881363461017614
53.00599889278412,53.530602864027024
56.05699957847595,58.539944429397586
54.36900097370148,59.350926066637044
49.94499945163727,56.99670389533043
40.2830015873909,50.05132557630539
23.271000336408616,33.10168303847313
8.072000105679036,15.955371266007425
0.2780000111460686,6.906184091120958
0.0,2.5904473903775216
0.0,0.5613186809699983
0.0,0.2595419472688809
0.0,0.19036136584123597
0.0,0.16753871717141006
0.0,0.23179102976340799
0.0,0.42057565205730496
0.0,0.3343350383359939
0.0,0.24798620575107627
0.0,0.2599136447254568
0.0,0.3829279397521168
0.0,0.6305571387894452
1.8790000208467248,1.6831565487757325
13.594999490380289,9.672440792024133
29.85000067591667,25.296471315622327
44.29599839210511,40.92468630194664
53.33599890232086,51.28022972226144
56.72800069332123,56.32679344177246
55.545000858306885,57.20405894041062
50.832999029159545,54.76285704493523
40.973001980781554,47.179871153831485
24.083000745773315,31.33120086312294
8.871999646425248,15.549390060603619
0.4200000092200935,6.802880648970604
0.0,2.5729021985083813
0.0,0.570167097505182
0.0,0.2687960080290213
0.0,0.195156774118077
0.0,0.17187694126740094
0.0,0.25771520033478734
0.0,0.438570199329406
0.0,0.3790972262620926
0.0,0.3017723449319601
0.0,0.3455639489367604
0.0,0.4781247074715793
0.0,0.7813424899149686
2.482000021934509,1.9794790533557534
14.57499973654747,10.898056008815765
30.676000986099243,28.194931415319445
45.863001375198365,43.57615783452988
54.61100043296814,52.14982772827148
56.595001635551455,56.06949186086655
54.05100029230118,54.784534708261496
33.88599995851517,47.50996153831482
7.880000072121621,34.931952348947526
5.389000040590763,19.472537223100662
8.511000003218651,9.017937726378442
0.4750000001117587,4.036804312840104
0.0,1.53485100466758
0.0,0.47336635099723934
0.0,0.24117523718625306
0.0,0.187445453973487
0.0,0.1681525731901638
0.0,0.2571966676600277
0.0,0.4069492379017174
0.0,0.3165300345420837
0.0,0.25152438811957833
0.0,0.2731443234859034
0.0,0.40198420008644464
0.0,0.6885105867870153
2.7270000834763053,1.9432111636549236
15.428999848365784,11.321943777501584
32.05399914622307,29.168826217651368
46.6059984588623,45.58725098133087
55.00600056886673,55.295561897754666
57.91800047874451,59.377999525070194
57.14900005817413,59.65957294106484
51.8249996304512,56.59475105047226
42.27700154542923,48.94244552135468
24.713000390529636,31.89616135597229
9.115000419020651,15.445189287662505
0.5439999881014228,6.5837640234828
0.0,2.3960092872381216
0.0,0.5060528927389532
0.0,0.24467002931050952
0.0,0.18835132160224022
0.0,0.17153629816370083
0.0,0.24785791248083117
0.0,0.42456182586029173
0.0,0.30856673726812
0.0,0.2584681029105559
0.0,0.2795080146938562
0.0,0.4232134387176484
0.0,0.690696659181267
2.8910000586509703,1.9625598106905817
15.689999613165856,10.795410095751286
31.443999066352845,28.32672889709473
45.0509989118576,45.3147376537323
53.03199812173843,54.82007465600968
57.19300033330917,58.82960845708847
56.24500000715256,59.096438432931905
51.13900038242341,56.033902617692945
41.26499932527543,48.373605067729954
24.25400041460991,30.82235088825226
8.64800020635128,16.00719462245703
0.2449999973550438,6.921235114187002
0.0,2.5531755556911233
0.0,0.5539970105141401
0.0,0.25984599188901486
0.0,0.20035168475005774
0.0,0.18128913812572137
0.0,0.2525637641921639
0.0,0.3295959539338946
0.0,0.26284824697300785
0.0,0.22668446016032245
0.0,0.2430119089968502
0.0,0.351441947016865
0.0,0.5942853176500648
3.2329999098181728,1.7694536468386652
16.051999542713165,9.798412170708179
31.69099995732308,26.994539538025855
45.65400109529495,42.91106395483017
53.31100201368332,53.48141013741494
57.23299946308136,58.602648210525516
56.21200082778931,59.68075559616089
51.020001225471496,57.66015254020691
41.5489984869957,51.27293605327606
24.676000065803528,33.735794743299486
9.046000174283982,17.83272489666939
0.5169999914057553,7.871053209155798
0.0,2.9152305574715136
0.0,0.6014042863436043
0.0,0.26775295726489273
0.0,0.19784625919535756
0.0,0.17445485171745528
0.0,0.23169928282499308
0.0,0.4314859717153013
0.0,0.3354775464721024
0.0,0.27154980421997604
0.0,0.27304333365522326
0.0,0.3606568217650056
0.0,0.5631110478751361
0.2739999890513718,1.2501911687105896
3.722000003308058,5.95636240169406
14.2180002117157,17.033463246822357
30.667000463008883,28.675453979372982
36.03500116586685,37.30912051379681
37.74899899959564,42.725932930707934
49.67999956846237,45.43632276654243
49.18000017642975,45.735765774250034
39.55100149154663,38.55085482120514
23.832998995780944,23.78672496914864
8.933999940752983,12.939495624899864
0.5930000260844827,6.799781199097634
0.0,2.954847262576223
0.0,0.7818241312541068
0.0,0.45265179383568466
0.0,0.28421644992195066
0.0,0.23422995784319933
0.0,0.3417518656514585
0.0,0.3511625099927187
0.0,0.28576536450069395
0.0,0.24363016381394115
0.0,0.2567566113127395
0.0,0.34225995193235575
0.0,0.5628395860549062
1.2389999517798425,1.5491740215942262
8.907999684810639,8.386817124187946
18.85599933743477,22.920002529621122
30.15800054788589,37.50029638946056
48.80199874639512,48.81682639956475
55.30800077676773,55.353180034160616
53.46000154495239,57.42348725676537
49.48299861669541,55.361252160072326
40.29899795293808,47.95211685657501
23.63399952530861,30.44900171399117
8.37099996805191,16.33594119310379
0.2670000065490603,7.399978678226471
0.0,2.8203964288532735
0.0,0.5914912522956729
0.0,0.2953438170813024
0.0,0.2172234292188659
0.0,0.19000845103291789
0.0,0.2607804226223379
0.0,0.6254296763986349
0.0,0.6034443338774145
0.0,0.5488675904273987
0.0,0.5835078966617584
0.0,0.684976111203432
0.0,0.9165781190060078
3.202000019401312,1.8034750002250077
16.962999544143678,7.268715230226517
31.150999381542206,19.933421722054483
42.39199955701828,32.85936829388142
48.5270001077652,38.88583572268486
36.3989985871315,38.54111281275749
15.172000201940536,34.43609993457794
6.096999939680099,24.591192421317103
1.7750000240653754,15.409874250292777
1.2800000097602606,8.101253602951765
0.0380000012926757,4.117146741747856
0.0,2.063947855979204
0.0,0.9843038074113428
0.0,0.5347556837275624
0.0,0.353485749475658
0.0,0.27242016052827234
0.0,0.24578441562596706
0.0,0.4418040883541107
0.0,0.39192279836162924
0.0,0.2775771167315543
0.0,0.22733969456981865
0.0,0.24523085303138942
0.0,0.38600609567016364
0.0,0.6586795531678946
4.128999980837107,1.93473523888737
18.381000941991807,11.16086840748787
34.962998197078704,28.95259388804436
48.78200123548508,45.024001450538634
56.433998668193816,54.9950261747837
58.59200039863587,59.511988599300395
57.72399833202362,60.190041013956076
52.852998216152194,57.7507698559761
42.59699869155884,50.90790959000587
25.30699999690056,34.32429174780846
9.776999983787537,17.434594501256942
0.7710000304505229,7.582084452360869
0.0,2.746442378982901
0.0,0.554408255033195
0.0,0.24142949695698912
0.0,0.17879108201246707
0.0,0.16032755423802875
0.0,0.22997544330079106
0.0,0.4237853908166289
0.0,0.2956122300308197
0.0,0.2495344142755493
0.0,0.26810379402711987
0.0,0.41837462414987386
0.0,0.6915815537888557
4.383000051975251,2.0051091443002225
16.841999814510345,10.832741110622884
32.45500100016594,29.004286303520203
45.51799912452698,45.308941333293916
52.47300032138825,54.795827468633654
57.19300033330917,58.780183631181714
52.264998273849486,59.068658406734464
47.53799831151962,55.976828784942626
35.59800132751465,48.52717674970627
25.63599972009659,32.63689701199532
9.410999935865403,16.881205082535743
0.5919999964907765,7.480335356593132
0.0,2.7163292927294966
0.0,0.5867007061652839
0.0,0.2640681563084945
0.0,0.20118591595208268
0.0,0.1821439913276117
0.0,0.258084145784378
0.0,0.3528795376978815
0.0,0.27690242571290585
0.0,0.23764442827086896
0.0,0.25166861575096844
0.0,0.3531200454570353
0.0,0.5997785482462495
2.8959999498724938,1.730357111170888
16.606000019311907,9.65715766966343
34.08700000166893,25.916451665163038
46.44200079441071,41.42026348352432
47.78399891614914,52.067120274305346
54.73699954032898,57.425535070896146
51.65999962568283,58.91482792377472
44.93600090026855,57.14042265415192
42.47300015687943,51.087544174194335
25.59299973130226,33.60135379433632
9.713000143766404,18.31534559726715
0.7239999874681234,8.392035250365733
0.0,3.1060386430472136
0.0,0.6247395404428244
0.0,0.283322994406335
0.0,0.20924264105502516
0.0,0.18496098739909936
0.0,0.24999549980740995
0.0,0.4504348315671086
0.0,0.4131437087617814
0.0,0.3346806037612259
0.0,0.348075737003237
0.0,0.46127724164165557
0.0,0.6773645573295652
1.398999936953187,1.423835781030357
11.690999628305436,6.843703423142434
22.92900099873543,18.980860542058945
28.653000940084457,31.17097224473953
29.34399956583977,39.90409640789032
33.81399988174439,43.79698490858078
35.19200009584427,43.14323924660683
31.44100026130676,38.63070519447327
24.62100074887276,29.363695142269133
16.540999892950058,16.64820357888937
5.11500014781952,8.229748291224242
0.0449999998416751,3.93406070753932
0.0,1.6852787553519009
0.0,0.5983937832619994
0.0,0.3897024823352694
0.0,0.2735371785005554
0.0,0.2341470847232267
0.0,0.3536430712044239
0.0,0.39499402211047707
0.0,0.3065687641501426
0.0,0.2602284326031804
0.0,0.28982022615149616
0.0,0.44049721399322156
0.0,0.7525157543085517
3.925999878495932,2.043401484154165
19.09199913263321,10.664433690905572
34.018999016284944,27.73221271574497
45.99300162792206,43.64125860571862
53.61899983167648,53.770513429641724
57.04800194740296,58.351800222396854
55.27699806213379,58.906269005537034
50.676999547481536,55.48366707921028
41.93899924516678,46.39070479631424
25.441999627351763,27.251875009536743
5.752000256478786,13.549086963534355
0.2230000042077154,6.1023757085204124
0.0,2.169907859414816
0.0,0.459373061414808
0.0,0.23825823815539476
0.0,0.19034669515676794
0.0,0.17454706200398504
0.0,0.2427668199082836
0.0,0.39630917656235387
0.0,0.27863984073512255
0.0,0.23708093277644365
0.0,0.2594499756768346
0.0,0.4097624469548464
0.0,0.708280475428328
4.498999890387059,2.08117660716176
18.43000059485436,11.190575063228607
34.47899927854538,29.267117187976837
46.61200017690658,45.33136664390564
54.39900134801865,55.37906424045563
52.89600025892258,59.949454690217976
53.88699851989746,60.75653377294541
45.69100142002106,58.255577605962756
42.696998569965366,51.28561319351196
26.12199921131134,33.718535182476046
10.33999995648861,17.861868762969973
0.8339999692514539,7.815877250283956
0.0,2.7688439404964447
0.0,0.5236255404911936
0.0,0.23688714494928714
0.0,0.18248804234666743
0.0,0.1665728128654882
0.0,0.2319173974310979
0.0,0.39161372310481957
0.0,0.3326350040733814
0.0,0.2749664489738643
0.0,0.33158383368514477
0.0,0.4616403942368925
0.0,0.8004473717138172
2.165999913215637,2.0732838832214475
19.091000900268558,11.151090967953204
33.39599932193756,28.237111867666243
44.1110008764267,43.832354376316076
50.73799852848053,53.8254572892189
56.44099861860276,58.41391451239586
56.2729998087883,58.94784353494644
50.895998582839965,55.1345055270195
39.47700084209442,45.31669303894043
20.32799976587296,26.22322736740112
9.448999519944191,12.67838289141655
1.452999994531274,5.4243928723037245
0.0,1.929036546498537
0.0,0.4084250036533921
0.0,0.22781019950751213
0.0,0.18562060054857282
0.0,0.17159425478894258
0.0,0.2413833707524463
0.0,0.4559680986497551
0.0,0.364961795117706
0.0,0.2668539415718987
0.0,0.255696013495326
0.0,0.3195789694413543
0.0,0.5058186913281679
2.1040000040084124,1.0960834310762584
9.336000027060509,5.222618736922741
13.276999835968018,15.421078689694406
25.240999584198,25.924951018095015
26.491000118255617,32.993993073701866
31.6399997317791,37.433709566593166
28.301000792980197,41.419971818923955
34.769000158309936,43.4604655790329
38.78799868106842,37.98190756082535
24.097000646591187,25.676200139522557
8.0099998113513,14.961400901675225
0.6320000248774886,7.907568025290965
0.0,3.4030157241225245
0.0,0.9598993945866823
0.0,0.5465046514384448
0.0,0.352480328194797
0.0,0.2510436052782461
0.0,0.4214559573121369
0.0,0.4318857268057763
0.0,0.30551016414538024
0.0,0.2590024656429887
0.0,0.2832763787778094
0.0,0.4452877922169864
0.0,0.7661509299557656
3.3410000249743463,2.230257270485162
18.31899962067604,11.788376579284668
35.69800120592117,30.396132370233538
47.40600159406662,46.28135932683945
54.1830011177063,55.93071291446686
54.62500033378601,60.138108283281326
54.34499820947647,60.8616850233078
52.28000051498413,58.24361730337143
42.56399951219559,51.25752712488175
26.3959996175766,34.036192849874496
10.689999530911448,18.3937684571743
0.9030000214278698,8.332510767430067
0.0,2.7563082678616047
0.0,0.506127975191921
0.0,0.24722812009509645
0.0,0.19440790327265856
0.0,0.17916222184663635
0.0,0.25145092638209465
0.0,0.3492220161110162
0.0,0.2867619199864566
0.0,0.24707150442060083
0.0,0.2652237585419789
0.0,0.35732528864406043
0.0129999995976686,0.6140505527518689
4.410000080764294,1.8623853443190457
18.8330009675026,10.642687219381333
36.207999353408816,27.92403867483139
49.082999103069305,43.96971813321114
56.34400165319443,54.73581028819085
58.345999794006346,59.925059616565704
55.95099798202515,61.1421246445179
49.63500106096268,59.25680055975914
39.87000040531159,53.087478069067004
25.05200092315674,36.05041009426117
10.38400023162365,18.810605439543725
0.9539999902248384,8.241762510687114
0.0,2.963714148849249
0.0,0.5603872830606997
0.0,0.2751366722397506
0.0,0.20980458403239025
0.0,0.1890157768398057
0.0,0.25080411648377776
0.0,0.44502913565374913
0.0,0.3280265236645937
0.0,0.24622460837010296
0.0,0.26889220792334523
0.0,0.4403212781064212
0.0439999983296729,0.7710203134641052
5.635000131726265,2.250286682210863
19.242001004219052,12.79184042096138
36.91100141525269,31.343828707933422
50.33799901485443,47.40635898590088
57.46099902153015,56.915171315670015
59.70300015687943,61.08389236927033
58.00699926137924,61.708512650728224
52.64200147151947,59.15206421256066
42.26199930429459,52.24296732664108
26.120000692605974,36.70250641345977
10.571000373959542,18.7458394664526
1.070000021196902,8.137032068669797
0.0,2.8044338255375623
0.0,0.508569510858506
0.0,0.2249328277725726
0.0,0.17106590154115106
0.0,0.1563747555401642
0.0,0.2265843448741361
0.0,0.5113583770859986
0.0,0.4426320172194391
0.0,0.36162511100992556
0.0,0.3134328632988036
0.0,0.39445018380880353
0.0,0.5191658610198646
1.7519999852776529,1.0117880610562862
5.4569999989867215,4.384347460269928
5.789999840557575,12.506370098888874
6.417000166773796,21.45832435786724
9.0149995136261,27.17271066427231
19.696999834775927,30.056548508405687
44.0629994559288,32.59853592813015
42.25999873161316,34.56617002248764
23.73599997639656,29.079847974777223
21.991999714374543,19.304269342422486
8.799999569654466,10.706330694556236
0.1629999937210232,5.715499047935009
0.0,2.5823049157857896
0.0,0.8473466575425118
0.0,0.5413059096597135
0.0,0.4049604916293174
0.0,0.2876881669089198
0.0,0.44565155458636585
0.0,0.46939216407015916
0.0,0.3316444099321961
0.0,0.254022287777625
0.0,0.2660992176970467
0.0,0.42464433792978523
0.0,0.7143982431199403
2.2029999811947345,1.9795646142959595
19.06700019001961,10.738166296482088
33.9450004208088,26.635010541677474
34.36399921298027,41.904007709026345
37.307998015880585,52.47385477542878
58.91999983549118,57.77969189286232
59.08299926757813,59.28187344551087
53.58199950695038,57.22289184689522
43.28300204753876,50.878919771909715
26.80200084924698,36.84128741383552
10.969999601244927,20.346702244877818
0.9949999840185046,9.331742391437292
0.0,3.2733737618476155
0.0,0.6234510555863381
0.0,0.26696894016116857
0.0,0.19571734109194946
0.0,0.17596223947359244
0.0,0.2628035810170695
0.0,0.4367446960136295
0.0,0.36600540751591326
0.0,0.29792032144032415
0.0,0.36465398754924533
0.0,0.5225515517126769
0.1009999962570145,0.9307360155135393
6.178999798893929,2.4065233981236815
19.624999758005146,12.614004606306553
32.94700015544891,29.742741019129753
36.19600002527237,45.57449168205262
48.48099925994873,55.21946619272232
55.86199919939041,59.372301795482635
53.43799935340881,59.67935478448868
44.51300096273423,55.484461967945094
35.67799958705902,45.74072612643242
16.03700038254261,28.16385475754738
5.192999888658524,13.046439482867719
0.5139999989047647,5.569744542092085
0.0,1.917427345439792
0.0,0.40569308712147173
0.0,0.2290491081215441
0.0,0.19072149764746424
0.0,0.1788605120196007
0.0,0.25354427298996596
0.0,0.3892348818480968
0.0,0.33015535752288994
0.0,0.27362850822508333
0.0,0.325255581587553
0.0,0.47039052480831745
0.0129999995976686,0.843983977800235
5.909000024497509,2.282153864018619
18.057000596523284,12.507735479474068
34.04000092148781,30.412335160374642
45.47700176239014,46.038916208744055
51.99400078058243,55.589779590368266
52.75900005578995,59.77324819207192
49.44700063228607,60.11237196326256
45.205001928806304,56.49185917377472
32.90700102567673,47.5790038895607
19.944000725746157,29.24525055885315
4.760000168681144,13.459100731909274
0.2189999981597066,5.650986997634173
0.0,2.004895466603339
0.0,0.41815924550406636
0.0,0.227046529604122
0.0,0.1842623286461457
0.0,0.17048862795927558
0.0,0.24085145513992756
0.0,0.377613196466118
0.0,0.3251675173640251
0.0,0.2626563045149669
0.0,0.25817166442051526
0.0,0.32687981129623944
0.0,0.4974600357562303
0.8869999972358347,1.3077451183646918
10.01900047004223,6.296590955257416
21.122999415397643,17.732429245710378
29.852999480962755,29.276903356909756
33.02800075531006,37.809995926618576
40.00900118112564,43.72039419531822
46.8530014038086,48.55572085499764
50.16300025463104,49.30173112154007
33.74099951863289,43.87396382331848
25.669000953435894,30.194325114488603
6.851999945938587,17.16837404280901
0.801000019647181,7.85532617121935
0.0,3.186138446033001
0.0,0.7962321474868804
0.0,0.41503646374680103
0.0,0.2777643093699589
0.0,0.2158011791715398
0.0,0.3343018537852913
0.0,0.4598105583153665
0.0,0.3379275226965547
0.0,0.26245109144598244
0.0,0.2849616500874981
0.0,0.4559721103217453
0.3700000058300793,0.7905090320389718
8.248000179231168,2.2853214160352944
23.537000505924222,13.223237012624743
40.64800134897232,32.38712838828564
52.43599999666214,47.97276342391969
58.87399898767472,56.875737029314045
61.71100001573563,60.72854013323784
59.47799940347672,61.36513509511948
53.94100165843964,59.080187374353414
43.463000185489655,52.93116022109986
27.576000647544863,37.875503385066985
11.260999740362168,20.036270465254784
1.0590000165998936,8.633917119503021
0.0,2.9562886402755977
0.0,0.5215699597634376
0.0,0.24151455242652442
0.0,0.18553554106736556
0.0,0.17018110923119817
0.0,0.2461538665462285
0.0,0.5002639216836542
0.0,0.3339630600623786
0.0,0.2616167920455337
0.0,0.2773511713417247
0.0,0.4748909468203783
0.181999994367361,0.7810579179506749
3.778999892920256,2.2075001143664124
19.7480000603199,11.452986936569214
36.962001640796665,29.4083198261261
47.84600023746491,44.62895612716675
42.675000486373904,54.051838314533235
59.87999948978424,58.45947786331177
57.66400169134141,59.40118891477585
51.11100058078766,57.39919077396393
43.45399966239929,51.6102132999897
27.396000455617905,38.06419189572334
11.786000128984451,21.22140232741833
1.4249999361485244,9.458338435590267
0.0,3.2841012936830527
0.0,0.6167765961959958
0.0,0.26375090526416894
0.0,0.1964148745709099
0.0,0.17700880446238437
0.0,0.25685331667773426
0.0,0.3718477979954332
0.0,0.2849853991856799
0.0,0.2388517810730263
0.0,0.254604244986549
0.0,0.360423518968746
0.0,0.637387459659949
3.867999959290028,1.9462056040018798
13.813999552726743,11.255438600182533
30.53200083255768,28.408869453668594
49.370001177787785,44.33491302251816
58.99100167989731,55.25440227150917
61.84899845123291,60.5310523891449
60.0560005903244,61.876289631128316
54.67899936437607,60.051896746158604
44.42500041246414,54.00833099365235
27.79700025558472,38.93424177646637
11.984999599456788,20.76211582183838
1.481999954134226,9.369919130951168
0.0,3.2410253077745437
0.0,0.5753378378134221
0.0,0.26452733228448777
0.0,0.1964926007157191
0.0,0.177549768401077
0.0,0.24462377473246305
0.0,0.3617001453228295
0.0,0.2691909651597962
0.0,0.2299911610316485
0.0,0.25257740387693045
0.0,0.4105400373600423
0.4440000134147703,0.7321128077805041
8.70299952328205,2.3533525050058963
23.69999993801117,13.389533076286316
40.3970013666153,33.32733490228653
51.164001379013065,48.95223066329956
57.409998795986176,58.1038894200325
59.79100070714951,62.11560454368592
57.87499843597412,62.89163161635399
53.014999415874485,60.99762948274612
42.75899989128113,55.505396091938024
27.294000004529952,40.8936733174324
11.25099995791912,22.043803044557574
1.4999999733269216,9.658337678909302
0.0,3.2394673669338228
0.0,0.5344073743186891
0.0,0.23553508311510085
0.0,0.18082120466977353
0.0,0.16604894767573564
0.0,0.2242278887471184
0.0,0.4305905665270984
0.0,0.2904926465637982
0.0,0.23624937735963614
0.0,0.2581761976098641
0.0,0.43126938956789673
0.4129999946244061,0.8001010841876268
8.544000209569932,2.4827089646086096
23.43100096344948,14.328622227311135
40.32399894952774,33.594389788508416
52.4610009932518,49.10819111943245
58.69999845981598,58.147066050767904
60.3869988322258,62.14845789074898
57.29099963903428,62.84522408127785
50.73999910116196,60.76751843690872
42.25299878120423,54.93573815584183
26.330999491214754,40.63756920456886
11.31399951159954,22.051067957878114
1.4339999457448722,9.66691610991955
0.0,3.146912253126502
0.0,0.5205266682989895
0.0,0.22366860550828277
0.0,0.171133181292098
0.0,0.15817680260981432
0.0,0.22677362358197564
0.0,0.4973708161711693
0.0,0.3785153091698885
0.0,0.2704041188396513
0.0,0.3227396855689585
0.0,0.5150320416409522
0.4649999930150807,0.9348172498960048
8.832999776005746,2.6709214021265506
23.57900020837784,14.840567030608655
39.53300044536591,34.5173028510809
50.27200065612793,50.17292301297188
56.05900015115738,58.74858320951462
57.55199837684631,62.179474983215336
54.9299993467331,62.50849935412407
49.67000081300736,59.47785973310471
40.307998476028445,51.97886708498002
24.528999053239826,36.4262548494339
10.424000388383863,18.724551031589506
1.120000024586916,8.10793338984251
0.0,2.670272602438927
0.0,0.41704077530652284
0.0,0.21044948036316785
0.0,0.1677187168819364
0.0,0.1572907065064646
0.0,0.23225700953509654
0.0,0.6632017826288938
0.0,0.6039218993578106
0.0,0.4988800553139299
0.0,0.45970821253955363
0.0,0.5235591713897884
0.0,0.6704108374286444
1.438999965339899,1.0976729197055102
8.1609999153018,4.434117097407579
13.793999987840651,11.952971950769424
15.983000324964523,19.626551536917688
17.537999871969223,23.475909096002578
19.94799981713295,24.152911928892138
26.59900023341179,25.158071327805523
32.09799942135811,23.93481561601162
23.904000840187077,21.592684174776075
8.95499979197979,14.991381763219833
1.2500000205636024,8.242385635674
0.0439999983296729,4.09331535615027
0.0,1.92630578532815
0.0,0.8293828878179192
0.0,0.6140471508540213
0.0,0.48863968487828974
0.0,0.3692147130146623
0.0,0.5967532180249692
0.0,0.4463851449731737
0.0,0.3019744369201362
0.0,0.24609132457990196
0.0,0.26668648635968567
0.0,0.43053234914317723
0.0,0.7790390841383487
0.2329999952577054,2.370657381676138
9.473000230193138,13.453871822357177
24.963000086545943,32.05653888761998
41.63199965953827,47.79961940407753
53.91600066184998,57.441523220539096
60.57900040626526,61.739915890693666
63.71999810695648,62.626810429096224
61.85599840164185,60.50676001429558
56.12400027751923,54.47152518868447
45.61900134325028,40.150076472759245
28.512999877929687,22.086619202494624
12.479000354409218,9.866128166913986
1.6970000264793634,3.2634498481452465
0.0,0.5250453193485737
0.0,0.23237483234144746
0.0,0.17925382837653156
0.0,0.1658607812039554
0.0,0.23510381232947108
0.0,0.49583940050564707
0.0,0.4252795139793306
0.0,0.3634932664223015
0.0,0.3622773928288371
0.0,0.47388148177415135
0.0,0.738511986238882
0.0380000012926757,1.6192033083364368
1.6209999597072602,8.39541250050068
4.828000127077103,21.79982766032219
16.65700024485588,34.8184948194027
38.51700118780136,44.43731399893761
52.482999076843264,49.13712548017502
44.3970006108284,49.1138642013073
36.737999119758605,43.46038136601449
38.8229984331131,32.48045284450054
18.70400100111961,19.288749499320986
13.074000247120855,9.957346527427436
5.972000091671944,4.581446489393711
0.6049999960884452,1.8263959609344602
0.0,0.5542705584038049
0.0,0.3357657770812511
0.0,0.2359393312782049
0.0,0.20389919826760886
0.0,0.34627006739377975
0.0,0.420610280809924
0.0,0.3244563602469861
0.0,0.25276858411729336
0.0,0.2499294115230441
0.0,0.3257033483684063
0.0,0.5223112525604665
0.333999999538064,1.4297341584041714
5.052999853491784,7.6451995421946055
8.542999923229218,20.521806784868243
22.62399993181229,33.76981885671616
44.92799860954285,43.27588502049446
50.82900199174881,50.99929303884507
45.489001090526585,55.27349808692932
58.62400134563446,55.29133892297745
55.25499997854233,49.883790965080266
45.11599903821946,37.504555308818816
26.51699934720993,20.98318937301636
12.239000440835952,9.956364470124246
1.738999985679984,3.7556043353676793
0.0,0.7463792761787772
0.0,0.3555783499125391
0.0,0.2321638825815171
0.0,0.1937648041709326
0.0,0.29728318769484763
0.0,0.446762001439929
0.0,0.2847782284207642
0.0,0.2282249582512304
0.0,0.2492706869589165
0.0,0.4348668323550373
0.0,0.7790362599212677
0.8290000138431788,2.393139176629484
10.876999673247338,13.3905148768425
25.94600016474724,32.332712400555614
41.43600104808807,48.40108110547066
51.775001745224,57.87784319281579
57.72399833202362,61.928440083265315
60.27900077104569,62.67326931357384
58.44399909973145,60.42929225325585
53.08400068759919,54.260641412734984
43.80499952316284,39.87322720170022
27.363999508619308,22.02974768638611
11.661000280976296,9.913832531124353
1.6569999980926513,3.2703351610153915
0.0,0.5066905078850686
0.0,0.21560386107303198
0.0,0.16465130622731522
0.0,0.1524984664475778
0.0,0.21730128774885085
0.0,0.6622518347483128
0.0,0.6219859287887812
0.0,0.5040266774501652
0.0,0.3941214513592422
0.0,0.4211330016702413
0.0,0.5251574536040425
0.0320000002440065,0.7211962138675153
0.1730000008177012,2.483001078516245
1.0420000270009042,6.574616641104222
4.276999996006489,11.510827929377555
5.979000042080879,13.661845627725125
5.167000146210194,13.481446964442728
9.544000020623209,14.031716393530369
8.845000131130218,14.868583264052868
10.31300044119358,13.810783026218413
11.617000005841255,10.189772661030293
9.446999974250794,5.903268147557974
3.855000088065863,3.207941851206124
2.0939999648183583,1.936808214224875
0.0,1.1756829304248095
0.0,0.9594702901039274
0.0,0.7910970629192888
0.0,0.6129185551963747
0.0,0.7255601427517832
0.0,0.8892543643340468
0.0,0.7826610944047571
0.0,0.5838294081017376
0.0,0.5189609287679195
0.0,0.6812058455869555
0.0,1.0138602340593934
1.13000006377697,1.5546003054082391
11.628000074625016,5.65659563601017
27.7999990606308,15.813082074522972
38.626999821662906,26.025519847869877
17.18599972486496,29.777989302277565
16.662999908924103,28.42216997563839
12.433999792933465,27.930957493186
7.312000208199024,24.57960491538048
14.735000363588334,18.93099873274565
19.72100054502487,13.391411950886251
17.87399954557419,8.222210455834865
9.878000148534776,4.017334031909704
3.087999983429909,1.8196513454243541
0.0,1.0044275415688753
0.0,0.670302955545485
0.0,0.457795928735286
0.0,0.3219676794111729
0.0,0.7156549394875765
0.0,0.4291265950910747
0.0,0.2913347927946597
0.0,0.24352491358760742
0.0,0.2660577610787004
0.0,0.43194673631340263
0.0,0.7834672960545868
1.090000035390258,2.4347874566167595
11.56899961233139,13.66129567563534
26.97799989581108,32.99928000807762
43.10099922895432,48.79365549564362
53.65399958372116,58.044839662313464
59.429997982978826,61.9628934776783
51.87899866104126,62.68321877360344
51.32900138378143,60.39059329032898
55.53699856758118,54.28377945303917
45.22499943971634,39.754404686689384
28.79899961233139,21.83358064889908
12.65500042796135,9.75218692600727
1.8540000512450932,3.21943262770772
0.0,0.5114589737728238
0.0,0.23442094552330667
0.0,0.1831333899905439
0.0,0.1702358765772078
0.0,0.23745528595987705
0.0,0.37070252982899543
0.0,0.29328923927154393
0.0,0.24891537317074836
0.0,0.2569541059248149
0.0,0.3451766300294548
0.0,0.5937088403850793
0.3119999903440476,1.828328238911927
8.253000070452691,10.369458081126211
17.193999961614608,26.54814892113209
32.9459998691082,41.7587751698494
51.40199969291688,53.271649886369715
54.94899862527848,59.49247993469238
60.09899852514267,61.42320510625839
61.327000975608826,60.02227635741234
55.30199905872345,54.38335826635361
44.89700000286103,40.02978947281837
28.79099937558174,22.082948747277257
12.595999965667724,10.211349936276674
2.003999997228384,3.5334464132040737
0.0,0.6207576190121472
0.0,0.28657886739354577
0.0,0.21300741068087514
0.0,0.18555331879178988
0.0,0.2518188287969678
0.0,0.3901585613004863
0.0,0.27888223398011175
0.0,0.23552654627710579
0.0,0.25588258031290023
0.0,0.4111407451238483
0.0,0.7226966754719615
1.3640000565350057,2.33390533130616
11.765999537110329,12.969132445454598
27.17500084757805,32.352539431452755
42.85199981927872,48.29002056598664
53.26199825286865,58.03721941113472
59.377001292705536,62.34533149600029
61.055001142025,63.28753139376641
59.30800002098084,61.36662833571434
53.97400083780289,55.73161279916764
44.36299909114837,41.445728678703304
28.12700026512146,22.92446171164513
12.095999546647072,10.313030737340451
1.867000050842762,3.4240994032472374
0.0,0.5612865073606372
0.0,0.24200920762959865
0.0,0.18430246943607922
0.0,0.16887681236956265
0.0,0.2255707397824153
0.0,0.4325490647926926
0.0,0.3254056823067367
0.0,0.2611612265743315
0.0,0.3002714982070029
0.0,0.49954528681002563
0.0,0.9490345031023025
1.1789999733865262,2.7660346789285546
11.15500019788742,15.492358334362507
25.40900044798851,34.955714797973634
38.24599958658219,50.25061465740204
51.57500198841095,58.675584900379185
57.65000179052353,62.357753943204884
59.59100095033646,62.83564639091492
56.84900042295456,59.99068004369735
50.62199817657471,52.70309493541718
37.94899875640869,36.53030003368855
26.548000007867813,18.472466549873353
9.631000284552574,7.852597207278013
1.6159999401122331,2.528144262954593
0.0,0.4176472759246826
0.0,0.2105898327194154
0.0,0.17076150991139
0.0,0.16033886915887705
0.0,0.2259764562174678
0.0,0.6001202624663711
0.0,0.399723446406424
0.0,0.2802528939256444
0.0,0.2916699920594692
0.0,0.5317590289376676
0.0,0.8818121351115406
0.5900000014901161,2.328128523640335
11.195000354647636,12.137098580598831
26.45100098848343,28.80597594201565
37.02300062179565,43.25796202540398
51.3060009598732,52.364190939664844
55.64500073671341,56.531720687150965
48.31099987745285,57.77688205361366
43.195999729633336,55.21331248044967
42.53300090551377,49.29333446741104
37.80999798059464,37.175360457897185
25.709000083208085,22.207528557181362
11.521000245809557,10.306711166501046
2.076999975219369,3.471018121615052
0.0,0.6580665857344866
0.0,0.27224457766860727
0.0,0.1992879578284919
0.0,0.17997799534583458
0.0,0.28259545362088834
0.0,0.464509221110493
0.0,0.3369339117780328
0.0,0.24799787169322368
0.0,0.2469667757116258
0.0,0.3572149997577071
0.0,0.5862684404850006
0.0499999993783421,1.6043282853439451
2.892000088244677,9.033520729243754
12.02099963784218,23.354399980306624
32.146000841856,37.552955200672145
44.62500016927719,47.44888656020164
48.00299795150757,54.79707012414932
50.45800051212311,58.041376658678054
57.73600176811218,57.31099304199219
53.90099842071533,52.097549929618836
43.65699822425842,39.70808136463165
28.107000700235368,23.609616775512695
12.364000288844109,11.62509729295969
1.875000030845404,4.1519516228139395
0.0,0.7613580249622465
0.0,0.3507192683778703
0.0,0.2144410578883253
0.0,0.1843343261233531
0.0,0.28414935069624336
0.0,0.45886348279193045
0.0,0.3448246780224144
0.0,0.2578195840399712
0.0,0.2578250078205019
0.0,0.3719141831435263
0.0,0.6000954863801599
0.2149999921116978,1.6002311807870866
10.522999980449676,8.776704400181771
22.55600100040436,22.90191829741001
33.35700047850609,36.73532278895378
49.02400069475174,46.408646277189256
55.38900137662888,53.510217151641854
58.46200014591217,56.89843141078949
55.96399965047837,56.56495607376098
49.12999818325043,51.785388702154165
40.26000116348267,39.43545096039772
25.088999193906783,22.838674320578576
10.004999542236328,10.913880867362023
1.7739999944716691,3.925297675430775
0.0,0.7425675138272345
0.0,0.3522480042465031
0.0,0.22145910093793642
0.0,0.19006548898527395
0.0,0.29045846711844203
0.0,0.5421822513826191
0.0,0.3969367143884301
0.0,0.29087596984580155
0.0,0.3493764494359493
0.0,0.5803038865700364
0.0,1.0423368790745735
1.5710000205039978,2.8968700654804707
10.664999561309816,14.993907126784324
24.36100024342537,33.994246550798415
41.47600017786026,49.322394120693204
51.57199907541275,57.82736467719078
57.07099826335907,61.189191505908965
58.67100042581559,61.48273138642311
56.60900153636933,57.84772984981537
53.044001557827,49.69011129260063
43.91100111961365,34.42875799715519
28.13099935650825,18.540261110663415
11.630999906659127,8.27918929219246
1.7469999656826258,2.518464258909225
0.0,0.4237345870025455
0.0,0.22092370720580212
0.0,0.1796644851856399
0.0,0.16934595735045146
0.0,0.2528195082815364
0.0,0.7996140351146459
0.0,0.7503232632391155
0.0,0.614232297539711
0.0,0.5199660933017731
0.0,0.634126788713038
0.0,0.8130468459799886
0.6929999686777591,1.101362791415304
7.941999852955342,4.344306223988533
20.560000469684603,11.336689785122871
33.03899979710579,18.973796918392186
20.63399906516075,22.208528843522075
9.28399951517582,21.708302487134933
7.591999765038491,21.233930554389957
7.053999761939049,18.697343551218513
5.6859998437762265,14.484053271114826
12.876000036001203,10.058888941854239
13.149000155925751,5.954474669322372
5.825999878942967,3.080170547626913
1.2850000293552877,1.5567851261608303
0.0,0.8796523150987923
0.0,0.7439790446870029
0.0,0.5819204299151898
0.0,0.4101698402687907
0.0,0.7295176732167601
0.0,0.8643850147724151
0.0,0.6688011781126261
0.0,0.407522810716182
0.0,0.28857615852728485
0.0,0.3550700710713863
0.0,0.5262447129935026
0.962999999821186,0.8310874311998486
9.829000495672226,3.6361861672997478
24.478000881671907,10.18104069530964
29.62199906349182,16.579360976815224
25.89199908018112,20.68594720065594
6.098999998867512,22.256172872185708
17.213999526500704,24.566363958716394
20.655000970363616,25.622297645807265
12.812000195980072,23.24517620891333
24.616999603509903,19.197962730526925
24.958000708818435,12.941043295860291
13.877000133395196,6.889744580239057
2.6429999083280564,3.3542291712760925
0.0,1.5977758128754793
0.0,1.159444580823183
0.0,0.7928690986707807
0.0,0.4402772139012814
0.0,0.814829633012414
0.0,0.5333233242668212
0.0,0.3816000923700631
0.0,0.26478656652849164
0.0,0.26963900473434477
0.0,0.4571750342380255
0.0,0.775369543582201
0.5970000160858036,2.0465882280096412
8.029999889731407,10.951619596481326
27.79200087785721,26.885847232937813
32.90700102567673,40.97057212710381
52.88799796819687,50.31446455717087
61.96800171613693,55.69464739203454
59.470001220703125,57.51029033899307
52.31500026702881,55.709076573848726
48.21799994945526,49.81065709352494
38.513000042438506,37.41090016245842
24.03200052022934,22.08523328214884
10.529999930858612,10.448268885761498
3.043999965041876,3.5407809049636128
0.0,0.7019802729412914
0.0,0.28905357958748934
0.0,0.20058349520433694
0.0,0.17729077285155653
0.0,0.28766563735902306
0.0,0.5518669410608709
0.0,0.3370036185905337
0.0,0.24687482016626744
0.0,0.2560679837455973
0.0,0.4452151970006525
0.0,0.7994806069042535
1.5750000105053186,2.3270038433745506
12.55100043118,12.832135836780072
27.542999414205557,29.673414192199708
42.131999051570894,44.725897635221486
54.127001514434816,54.669592154026034
60.19199845314026,59.47184774518013
62.59600078821183,61.01532654047013
62.04599940299988,59.56015433788299
55.8070019364357,54.828017381429675
45.801998286247255,43.69236974596977
29.865000863075256,27.3856258225441
13.458000314235688,13.17051606863737
2.6060000970959663,4.319154388532043
0.0,0.701236284300685
0.0,0.25688520947005594
0.0,0.183880770499818
0.0,0.16697698280098844
0.0,0.25315797304734583
0.0,0.47281736170873045
0.0,0.30809209228493273
0.0,0.25074367663357405
0.0,0.263373511233367
0.0,0.4309724456071854
0.0,0.7577655726950615
1.8880000304430724,2.234914468638599
12.579000232815742,12.446080766618252
28.122000887393952,29.22637657284737
42.93000161409378,44.2318219101429
52.6939999294281,54.40057263970375
57.88500129938126,59.452209680080415
59.0199997138977,61.03447986721993
54.71899849414826,59.48841922402382
50.16599905967713,54.43020124435425
39.22100148200989,41.943583719730384
24.42199922442436,24.780345130562786
10.74600016117096,11.523786977827548
1.8270000224560496,3.830365084335208
0.0,0.6681893179006875
0.0,0.2675733547098934
0.0,0.19625757290050383
0.0,0.17799991209758445
0.0,0.25717159471008927
0.0,0.632530464194715
0.0,0.5416730097401887
0.0,0.4666205159388483
0.0,0.49995131615549326
0.0,0.7033450918924063
0.0,1.1652965511754156
1.494000052511692,2.5127405978739263
11.00100026190281,11.57587427020073
18.656999866962437,26.73050810456276
31.45999953985214,40.600104681253434
46.68600082635879,49.39281058192253
52.65400079965592,52.357172503471375
39.21299919128418,50.84448486328125
48.66800145626068,43.436916743516925
40.71300147533417,31.988502984642984
23.86399965643883,19.17583216547966
10.751999825239182,10.102924904823304
6.7819999283552175,4.517123404890299
0.740999977067113,1.5684032170847058
0.0,0.4426740755885839
0.0,0.25239876412320883
0.0,0.20236897406866772
0.0,0.1863057018560357
0.0,0.3361182265356183
0.0,0.6051534987054765
0.0,0.3873250050470233
0.0,0.26967980343848463
0.0,0.2811669694352894
0.0,0.5228950952552259
0.0,0.9003941676765681
0.721999992467463,2.504944988489151
13.254000439047816,13.48459930419922
29.576000269651413,30.795654334425926
44.68500091791153,45.621846100091936
55.294999108314514,54.805824170112615
61.85799897432327,58.764848645925525
64.00200080394745,59.80963848590851
60.58800092935562,56.615036118030545
52.5910012459755,50.108161147832874
38.03699930667877,38.26948269486428
27.257999966144563,23.670549002289775
13.608000131845474,11.299396512061357
2.754000112265349,3.633597002103925
0.0,0.6531281854212284
0.0,0.2601120620220899
0.0,0.19050093592144546
0.0,0.1738682469865307
0.0,0.276816359302029
0.0,0.5046234698221087
0.0,0.37714562807232144
0.0,0.2829566084034741
0.0,0.27417529109399763
0.0,0.365309414518997
0.0,0.5841450625006109
1.2839999997615814,1.53830367423594
5.289999935030937,8.14445282742381
15.754999739527705,21.043976794481278
33.881000580787656,33.87427175521851
26.92799995660782,42.95667043924331
47.262001440525054,48.782364789247524
58.02799911260605,53.01149327874184
61.31899868488312,53.52202340602875
55.34300052881241,48.94390384435654
43.58399991512299,37.00635314583779
29.573999696969988,21.366646163463592
13.594999490380289,10.420473711490631
2.852999961078167,3.825815527364612
0.0129999995976686,0.78840856872499
0.0,0.38263288930058476
0.0,0.2449985531531274
0.0,0.20532785094343126
0.0,0.33401659181341525
0.0,0.5338602464459836
0.0,0.3577378008514643
0.0,0.2557952863303944
0.0,0.2527594054117798
0.0,0.3753743625618517
0.0,0.6512319322582334
1.979000027626753,1.6816495080292224
6.78399998754263,9.188174343109132
17.069000113606453,23.651679124236107
32.49000075221062,37.516946946382525
38.19200055599213,47.11500453591347
46.20000133514405,53.4032214307785
54.27299813270569,56.83242894411087
50.762001292705534,56.92610873818398
50.91500196933747,53.17103381514549
43.41999814271927,42.65278057336808
29.158999996185305,26.7040682977438
13.649999834299088,13.12937030673027
2.1909998828172683,4.616657287478447
0.0,0.8419932738319039
0.0,0.3613894172571599
0.0,0.2165233804215677
0.0,0.18512953980360175
0.0,0.28796021443326025
0.0,0.6032349245995283
0.0,0.47544449336826805
0.0,0.3306314467079937
0.0,0.3276809421926737
0.0,0.5164057504571974
0.0,0.8300116130989046
1.5190000221133233,1.859810813702643
8.885999547243118,9.10315128788352
16.944000265598298,22.777643502950667
27.71499936938286,35.741744734048844
40.28800096511841,44.26425213813782
41.32400184154511,49.41624439477921
29.376000512838363,51.384302635192874
42.24700117111206,49.203362100124366
45.0509989118576,42.43329269170761
30.96300100684166,30.20598553657532
24.938999376297,17.005092702507977
10.39500030040741,7.97787922024727
2.4140000635385515,2.822620692364872
0.0,0.6647592099756003
0.0,0.3113810695894062
0.0,0.2182302786549553
0.0,0.1918128810357302
0.0,0.353689061012119
0.0,0.5352477393671871
0.0,0.3251137930527329
0.0,0.2523451120220125
0.0,0.27606033564545207
0.0,0.533902914589271
0.0,0.9546446980070322
2.46500003233552,2.8446918846666813
13.063000178337097,15.193243962824344
27.663999143838883,33.15332513153553
41.07400009155273,48.235413558483124
51.039998736381534,57.38050164580346
56.85300156831742,61.43968826413155
59.71499948501587,62.44869578719139
58.21000193119049,60.41500479578972
55.18500047445298,54.94224104404449
43.89200184106827,42.39257056236268
30.31500031590462,25.675665078759195
14.399999949336053,11.965845759212971
3.2319998802244663,3.4556622114777564
0.0259999991953372,0.4934131252393126
0.0,0.2234189431136474
0.0,0.17364055050187743
0.0,0.16207362544548226
0.0,0.2341981131909415
0.0,0.7121785850077867
0.0,0.6136584679782391
0.0,0.4831785476580262
0.0,0.5444759970530868
0.0,0.7872755120880901
0.0,1.2725503027811649
2.5289998723566534,2.696982250362635
13.39300018787384,12.642016218304633
27.74600003004074,28.49989961862564
34.680999608039855,41.46425965070725
47.06000111103058,48.54261032581329
54.07999832630158,51.03003489851952
48.09700021982193,50.866462407112124
42.48000010728836,43.914153972864156
21.995000573396684,32.56041721343994
29.148999186754228,19.5134996676445
4.80100009828806,10.33883920326829
0.3420000116340816,4.508251255303621
0.0259999991953372,1.5536123108305038
0.0,0.4532324111461639
0.0,0.248269975380972
0.0,0.19700296963797878
0.0,0.18010158292483536
0.0,0.3594578453339636
0.0,0.6692567275371403
0.0,0.5204094632901252
0.0,0.3477421263605356
0.0,0.3035501895844936
0.0,0.4887978410348296
0.0,0.7149470398481935
0.1840000054147094,1.4574259278178214
3.611000056117773,7.311208143681288
19.40700100898743,19.18661451280117
24.76699942111969,30.892252828478814
24.87800039529801,38.60916309356689
32.02900020360947,43.36433744549751
45.250998668670654,46.77576779603958
42.38000022888184,45.70258379101753
52.82600075483322,41.56405207753181
40.444998679161074,31.75028181433678
22.74999903917313,18.711287481188773
11.819999594688417,9.033641143590213
3.5809999385476114,3.429567729383707
0.0259999991953372,0.8647539281286301
0.0,0.4917878685425967
0.0,0.2596610457869246
0.0,0.21345453559421002
0.0,0.4747582728043198
0.0,0.7900962951779366
0.0,0.660471695419401
0.0,0.4832296403124929
0.0,0.4332423779927194
0.0,0.630208347979933
0.0,0.892104577049613
1.031000022403896,1.5955698104947809
4.559000125527382,7.274959574192763
15.855999904274942,18.74695580244064
30.53200083255768,29.74054121077061
49.06499805688858,35.58264888346196
47.87400003910065,37.50010126173497
32.0930000436306,38.41727243423462
21.579000586271288,33.69204710721969
33.40499984502792,25.982028958797454
24.39999908685684,18.14740994721651
16.478000339269638,10.99128110393882
11.984000340104105,5.513291266858578
2.3399999275803567,2.19571770535782
0.0,0.790857389587909
0.0,0.4967398283071816
0.0,0.28581904869526625
0.0,0.2412735552433878
0.0,0.5979318793490529
0.0,0.5588045661337674
0.0,0.3429081578925252
0.0,0.2630356000782922
0.0,0.270836633243598
0.0,0.4363162173517048
0.0,0.788133416166529
1.2150000117719173,2.2977699230611326
9.10599989593029,12.356753861308098
31.668999819755555,28.181164640784264
43.6919979763031,43.43027418494225
51.7189980340004,54.15204564452171
57.93400095224381,59.48678836703301
64.84699833869934,61.25342755317688
63.365999441146855,59.62442119479179
57.58500166416168,54.45340295791626
47.59900140047073,43.18452621936798
31.984999928474423,27.59571470975876
15.545000200271607,13.652359852790832
3.734000101685524,4.457404307723046
0.0320000002440065,0.726700484585017
0.0,0.27674238407053053
0.0,0.2015373344067484
0.0,0.1838912309345323
0.0,0.2714995058765635
0.0,0.6167325961776078
0.0,0.3897176304087043
0.0,0.2708471759175881
0.0,0.285711969146505
0.0,0.5532099525630474
0.0,0.9637656514905394
3.2400001169741155,2.6391864450275895
14.447000056505203,13.347763932645321
29.28400087118149,29.673360788822173
42.70500086069107,44.70577483177185
53.01999879360199,54.69159023761749
59.96899827241898,59.34225212574006
62.64999981880188,60.1326796245575
61.52200135469437,56.43234521746636
55.359999234676366,48.18431679606438
39.79399918317795,36.110519703626636
32.54700064182281,23.009290409386157
15.676999998688698,11.278483441323042
3.598999957740307,3.4231400680541997
0.0,0.5869601811096072
0.0,0.2450362468231469
0.0,0.18429967330070213
0.0,0.1702437484805705
0.0,0.25793191085569556
0.0,0.6400924658961594
0.0,0.4391027247160673
0.0,0.2917898447718471
0.0,0.3052170553430915
0.0,0.579249779637903
0.0,0.9762667916528881
1.3240000281482935,2.507736213579774
12.64400035917759,12.456742442846299
29.0810002553463,27.994566050767894
42.73500123500824,42.27861802458763
53.12499804973602,51.89750498533249
60.532001326084135,56.49816488027573
52.41700071811676,57.7839271914959
59.92399976491928,55.13263435482979
55.68900101184845,48.661480082273485
46.1689986205101,36.62886418282986
29.06999915957451,22.135614747405054
13.330999893546103,10.40904025375843
2.920999919474125,3.374366095811129
0.0,0.5997583133727312
0.0,0.2579783579939976
0.0,0.1930321003636345
0.0,0.1766208256350364
0.0,0.2825625819806009
0.0,0.6824986951425671
0.0,0.574818278150633
0.0,0.46145808781497183
0.0,0.4368538776785136
0.0,0.5545232937391847
0.0,0.8071718165371569
0.0389999987930059,1.4911553277634084
6.056000010073185,6.53346420377493
15.901999725103378,16.592601419985293
22.867999963760376,26.89833027243614
18.761999123096462,32.89241984963417
38.08000134944916,36.16804335713387
39.9440010547638,37.078300846219065
37.90800139427185,33.339569410681726
31.74699956059456,25.343385155797005
19.038000102043156,16.70205985814333
10.938999967575072,9.464533484131099
4.489999880790711,4.637031446248293
0.8409999838471413,1.880951939970255
0.0,0.6366378386318684
0.0,0.4244693969376385
0.0,0.2817916830442846
0.0,0.2399850864335894
0.0,0.4697432816494256
0.0,0.7801046965457499
0.0,0.6433609194867314
0.0,0.4725308320485055
0.0,0.4760820924676955
0.0,0.6990156794339418
0.0,1.0520636110752821
2.419999984353781,2.1103880621120337
5.536000026166439,9.575667710006236
22.728000955581667,22.679356640577314
40.262999968528746,35.51742795467377
49.881001665592194,43.37774374723435
51.8859986114502,45.16712044835091
28.35600010991097,44.807818416357044
24.120999302864075,38.332751319408416
32.014000016450886,28.350064119100573
35.31799920320511,18.414306677281857
21.267999855279925,10.69869349807501
8.725999947190285,5.160638725608587
1.45400002412498,1.9073685111850502
0.0,0.6397528858855367
0.0,0.3078784627281129
0.0,0.2273253969708457
0.0,0.20318360424134876
0.0,0.4401239359378814
0.0,0.6121536577213555
0.0,0.5238108957838267
0.0,0.3980970503948629
0.0,0.3999135354720056
0.0,0.5749053795728832
0.0,0.8869595916755497
0.840000018440187,1.8118635668233036
6.408999930024147,8.14077646702528
18.10299939036369,20.62497697532177
32.125999222993855,32.62993711411953
31.45299958944321,40.89029247283936
54.72299963951111,44.77885529994965
52.9090019273758,44.86629306077957
43.36599911212921,40.03063365697861
39.89800020694733,31.07897979199886
18.761999123096462,20.34042272657156
19.829000660181045,11.461128384172916
13.354000317454338,5.535793986693025
2.6869999267160893,2.0450891464203598
0.0,0.6372067900002003
0.0,0.339944270439446
0.0,0.243285858053714
0.0,0.2126046749181114
0.0,0.4063588481582701
0.0,0.8735374037176371
0.0,0.7881636962667107
0.0,0.6129404910188168
0.0,0.5080154187232256
0.0,0.5598624921776354
0.0,0.6595059736445547
0.5370000055991113,0.8840781200118363
1.2139999821782113,3.373412280678749
1.9870000076293943,8.593542112112045
3.5780001065135,14.274395205378532
8.094000243246555,16.78426870942116
7.409000254571438,16.34042399585247
24.082000459432603,16.929346686899663
16.506000140905382,16.550013766884803
16.67100014567375,14.274171321988103
7.34499990105629,11.3287619510293
5.086999832689762,7.121180954128503
1.521999982520938,3.940640748217702
0.3099999953433871,2.1193724743276836
0.0,1.133734320625663
0.0,0.9147295405529441
0.0,0.7181684766430407
0.0,0.5806255905702711
0.0,0.8372379983216525
0.0,0.6066188662033528
0.0,0.3891884106397629
0.0,0.2757129168277606
0.0,0.28925300782546404
0.0,0.5308635756094009
0.0,0.9501303956098854
4.117999912053347,2.6721605273708704
16.421999709010123,13.863857254087925
30.872999883890152,31.015747112035747
45.9969986653328,45.753616880178456
50.69300002098083,54.99117702364922
63.93099895954132,59.88491054654122
67.05800086736679,61.85059028267861
65.20399991750718,60.36839391708374
59.91600158214569,56.209188934564594
50.0530016207695,45.97151498436928
35.09900016784668,29.858091287612915
18.468999438285827,14.471103465557098
5.391000099778175,4.494892451763153
0.1510000076703727,0.6276813476532698
0.0,0.25529467780608683
0.0,0.1911546779889613
0.0,0.1767670460644876
0.0,0.26873351420275865
0.0,0.5812737323436886
0.0,0.3685049359127879
0.0,0.26527405688539146
0.0,0.2966830415651202
0.0,0.5908589165098965
0.0,1.0998420307505876
4.288000064790249,3.2143129640072585
16.525999705791474,16.62683709293604
32.137000318765644,34.59622996211052
47.34199970006943,49.52328324913979
58.95499958753586,58.326515777111055
64.98000150442124,62.24238416194916
67.71100093603134,63.447353324890145
66.12999805212021,60.91205878615379
59.86500135660172,55.32360072493553
49.76199840068817,42.848253366947176
34.58599910736084,25.91724552690983
15.799000014662743,11.951198342442513
5.075999763906002,3.273295582383871
0.0570000019390136,0.4393434089887887
0.0,0.20892529774224383
0.0,0.16698014801018868
0.0,0.15759807981143234
0.0,0.2268784967111423
0.0,0.47152308399789034
0.0,0.37431903608143324
0.0,0.28697980191558603
0.0,0.3318000948987901
0.0,0.5187452933751047
0.0,0.9780286377575248
1.537000041306019,2.6088878590613604
8.432999748885631,13.283924302756787
21.18199987769127,30.00723254323006
43.61800143480301,45.51963614344597
56.70799907445908,55.90440353512764
63.37400173187256,60.430555448532104
65.05099924087524,61.0023002243042
62.76699840307236,56.38052134752273
49.74700026750565,45.63113212585449
30.87199959754944,29.225687463879588
15.484000192284585,15.369467919766903
10.90500050187111,6.98069515362382
3.3209999465942386,2.207003501467407
0.0,0.43208549202419816
0.0,0.22747406151145694
0.0,0.1843896530976053
0.0,0.17306684931390914
0.0,0.25119538287632165
0.0,0.8351713453792036
0.0,0.7323271433915943
0.0,0.5813259322196245
0.0,0.5181731487158686
0.0,0.6031459778081626
0.0,0.773546238662675
2.6889999859035014,1.1625220146402717
3.5279999105632305,4.658300881832838
5.608999875783921,12.130161789953709
8.296999832093716,19.838746776580813
13.945000091791153,23.661323568820954
29.39999916911125,24.08682627618313
20.95199974656105,24.9229989027977
15.065000373125075,22.7169135928154
24.220000948905945,18.15239854156971
17.592999188899995,13.006984143257142
7.679000028967858,7.709699268639088
4.209000037610531,4.0508627519756555
0.1799999993667006,1.870770188085735
0.0,0.821485831271857
0.0,0.6209230764117092
0.0,0.47545277345925574
0.0,0.3363259348645806
0.0,0.6566983327921481
0.0,0.5259401468560099
0.0,0.3871933740656823
0.0,0.28833488052710887
0.0,0.30315404499880966
0.0,0.46092702267691493
0.0,0.8301799909956753
1.6549999389052392,2.116286824606359
5.135999999046326,10.688820035159587
13.085999575257302,25.579089178442953
33.163000385761265,40.25937059283257
44.8820018696785,49.96714131355286
48.32400154590607,56.64327828884125
49.67599842309952,59.37889095067978
57.04600137472153,57.41247794508934
55.51299991130829,50.3967571079731
39.09100122928619,36.345276843309406
23.1189999461174,20.39495784491301
16.997000036835672,9.631060620099305
7.240000131428242,3.1715919308364393
0.0449999998416751,0.5373936950415372
0.0,0.25346961577422916
0.0,0.1909340480645187
0.0,0.17498812327510674
0.0,0.2724462604662403
0.0,0.9506753090396525
0.0,0.8751044590771199
0.0,0.7097548611648381
0.0,0.5789047437533736
0.0,0.6459135945141316
0.0,0.7647320336662233
0.6860000182688236,0.8945780135318637
1.6899999476969243,3.1712553355097772
5.414000010192394,8.357479927390814
22.87100082278252,13.703713875710964
22.418000510931016,15.716124648153782
7.346000187397004,14.861450318694114
8.913000089526177,14.881896109879017
7.622000139355659,13.959908363521102
6.777999809980392,11.662909708470107
5.658999814987183,9.280114932954312
4.686000032722951,5.995335185304285
2.4879999427497386,3.3563380911946297
0.7940000050514937,1.8075026868097486
0.0,1.049978761188686
0.0,0.9033657575398684
0.0,0.742895764876157
0.0,0.6294046977534891
0.0,0.8762042027898133
0.0,0.8159249478392303
0.0,0.6742701782099902
0.0,0.5065377755090594
0.0,0.4258502786234021
0.0,0.6001614703610539
0.0,0.8059090866148473
1.9499999396502967,1.3265205777063966
8.89500007033348,5.755035006105899
14.272000269293786,15.033523190021516
17.82800075173378,24.27852591574192
29.900000615119936,29.862018489837645
28.852000410556798,32.66261176526547
27.91400089383125,35.46337141275406
29.435999207496643,34.828482277989394
37.91700191736221,32.19572349429131
46.969001755714416,25.327619862556457
23.115000854730607,15.063299680948257
9.40999964952469,7.212073759436608
1.628000038489699,2.9036789319291714
0.0,0.9321471933461727
0.0,0.6154741186276078
0.0,0.3575229998864233
0.0,0.26583635690156365
0.0,0.6372462969459594
0.0,0.6316702333465218
0.0,0.4489361350983381
0.0,0.2815357463946566
0.0,0.2617313573742285
0.0,0.3469450552761555
0.0,0.5749296261183917
0.1710000058170408,1.374296253398061
4.580999749600887,6.721791471391917
13.807999888658523,17.42094634383917
29.15799970984459,29.05837776303291
32.04899976849556,38.65477984786034
36.17099902868271,45.711726038455964
45.601998529434205,51.41200050234795
48.22000052213669,54.687944430112836
57.365000288486485,51.88365297079086
48.0450017619133,44.74265602588654
35.05200108766556,30.694512445330624
17.70400016307831,16.317045640349388
6.379999842047692,6.028477244377136
0.0259999991953372,1.072762618996203
0.0,0.495173125974834
0.0,0.26293025357183064
0.0,0.2132587459427304
0.0,0.3966697295941412
0.0,0.9293097858875989
0.0,0.5597653455287218
0.0,0.3349559328332543
0.0,0.3173380173742771
0.0,0.5946447474136949
0.0,1.1000975742563606
3.30900010496378,2.494044152423739
16.70899972975254,11.32618883252144
32.10800023078919,25.93644506812096
45.93300087928772,40.220807192325594
56.547998447418216,48.808123703002934
62.5120013833046,53.03625190615655
26.566999286413196,54.62511741042137
27.667000002861023,49.869448050260544
21.682999556064605,40.81514467775822
28.80699984908104,30.262854998707777
33.15199928998947,20.64710394591093
19.958000626564026,10.393312702327966
6.329999902844429,3.374883761964738
0.1150000013783574,0.8195162928849459
0.0,0.3019315601699054
0.0,0.19630770676536485
0.0,0.171840246503707
0.0,0.341289913598448
0.0,0.4947240754589438
0.0,0.35472757056355475
0.0,0.24727879553567617
0.0,0.23420035972725595
0.0,0.3022239950112999
0.0,0.4951287729293108
1.0860000453889371,1.3490836972743274
4.548000056743622,6.943522294908762
12.816000314354897,18.30359120577574
27.65199981570244,30.4862608397007
29.990999970436096,40.548432805538184
31.5459995174408,47.941978430747994
44.91199813604355,52.96511655330658
48.527998340129855,55.53925383329392
35.17399904966354,52.8382938015461
43.14200069904327,42.97717733621597
34.05499905467033,27.4734353530407
18.383999747037887,14.48495599359274
7.1009998691082,5.392848549857735
0.1600000012200325,1.0282579643651844
0.0,0.4437705618236214
0.0,0.24651444364804775
0.0,0.19643594788387414
0.0,0.33692885707132514
0.0,0.6913871481642128
0.0,0.4082660291157663
0.0,0.25774595381226384
0.0,0.2572864729491994
0.0,0.4558592218719423
0.0,0.8715281016379595
4.381999765634537,2.2768594197928906
17.17000027835369,11.476013035178184
30.65300056219101,27.003186777234077
41.257999374866486,41.6008285188675
47.63299881219864,51.00536870002747
48.22299932718277,56.017207900285726
58.4480002450943,57.981718924045566
46.4659994506836,54.38126526474953
30.90699934959412,47.06826220273972
29.676000148057938,37.384442896842955
37.88300039768219,25.956590465307237
20.05100055456161,13.756238664984703
6.074999802112579,4.400838834047318
0.0939999977080151,0.8695013407617808
0.0,0.2898873494472355
0.0,0.19187638179166236
0.0,0.169367756776046
0.0,0.2842547533661127
0.0,0.6575080165732652
0.0,0.5503326851315796
0.0,0.4525058973487466
0.0,0.4411239655315876
0.0,0.5848330000601709
0.0,0.8988637148123235
0.2839999961480498,1.7400650364533066
2.7270000834763053,7.895322990268469
10.43599971652031,19.815746352672576
21.735000067949297,31.49090469062328
32.15399902462959,38.270791077613836
50.925998957157134,41.879386698007586
49.67599842309952,42.128071849346156
37.45199816942215,37.107313258051875
30.01400039434433,28.513490778207778
27.2649999165535,18.283996787667277
14.37499997973442,10.230219044089317
6.914000240266323,4.7403881634026765
2.1909998828172683,1.8937241407856347
0.0320000002440065,0.5937066580355167
0.0,0.3772188330627978
0.0,0.25028621765319253
0.0,0.21683168944902714
0.0,0.4428909626230597
0.0,0.7145191388670356
0.0,0.5908891805633902
0.0,0.4788256909884512
0.0,0.4792294577509164
0.0,0.651542243110016
0.0,0.9998349955212325
0.7830000004544855,1.9025380088016393
5.079000109434128,8.228477650284766
13.26400022149086,20.37218335837126
30.374000778198244,32.00693023085594
44.20800194978714,38.95916985690594
35.71999928951264,42.49768484115601
36.41400082826615,44.50940034270287
43.03900201559067,40.99266674757004
46.82899863958359,33.862437772154806
34.46799818277359,23.487155641913418
14.236000230908394,13.20598926216364
5.47999990940094,6.185803337842227
1.1359999845921993,2.2377810489758847
0.0,0.6433534417301416
0.0,0.3315608387812972
0.0,0.23398835890926414
0.0,0.2057207621214911
0.0,0.4521755762770772
0.0,0.6003339883033186
0.0,0.3742356895841658
0.0,0.2651243091933429
0.0,0.2672370241535827
0.0,0.4309262953326106
0.0,0.7757672126032412
1.7809999448806049,2.091738087870181
9.387000252604484,10.737983492612841
24.6490005505085,25.996774452924726
31.344999474287032,40.4770530295372
28.693000069856645,50.53431599259376
41.98500009298325,56.386603170633315
40.95300036191941,59.75888884544372
53.26799997091293,59.54289683103561
54.753998246192936,56.024090774059296
47.33400151729584,46.84225294709205
34.11600008964539,31.99242813289166
18.799999734163286,16.648689344227314
6.094999880492687,5.532792742550374
0.2579999969527125,0.8131800655834377
0.0,0.29793572626076636
0.0,0.2060429234523326
0.0,0.18536535390652714
0.0,0.29267376053147015
0.0,0.5076152785122394
0.0,0.29917571802623566
0.0,0.24132497685495763
0.0,0.25699386159423737
0.0,0.4298411541059613
0.0,0.8132600904162974
3.076999914646149,2.58137407951057
14.040999851822852,13.968105268478396
29.368000276088715,30.91339337706566
43.16700169563293,46.76455924868584
53.0120006108284,57.20459092020988
57.98300060510636,62.1147644674778
53.70700038194656,63.65175886034966
46.61600132226944,62.1845565199852
56.72399954795838,57.526296974420546
46.40200166463852,46.2861615228653
32.555000878572464,30.247888702154164
18.74299984455109,15.313876544237138
5.382000090181828,4.584265058040619
0.1830000079143792,0.626679135710001
0.0,0.2448380301101133
0.0,0.18463283864781255
0.0,0.17120157428202215
0.0,0.2371103222854435
0.0,0.5371148036047816
0.0,0.42685879691503936
0.0,0.3794887654483319
0.0,0.4325210151821375
0.0,0.6838232850469649
0.0129999995976686,1.328981898939237
3.0980000226199627,3.165214270986617
9.645000185370446,14.11735179036856
21.015999586582183,30.843049831986427
41.513000502586365,46.14223531246185
46.59199855804444,55.56190097332001
49.92600017309189,59.97626523971558
58.46699952363968,59.98145769119263
58.54700189113617,52.9773972761631
48.60300132989884,38.71872833848
16.83300031840801,22.419545100927355
4.747999813556671,11.514925611615181
2.662999986708164,5.0743660826981065
0.1530000026710331,1.57339129794389
0.0,0.35960603649728
0.0,0.2112744927429594
0.0,0.18324175929184996
0.0,0.1759189886349486
0.0,0.252918700883165
0.0,0.7542289308086039
0.0,0.6042070971429349
0.0,0.4339834782294929
0.0,0.481444991864264
0.0,0.7489486397616565
0.0439999983296729,1.233269839975983
4.989999786317348,2.771178348474205
14.541000270843506,12.758158294558527
30.888000071048737,27.672700813412668
36.44000005722046,41.74851350545883
44.5270008635521,50.54998577594757
45.64900171756744,53.36668530464173
44.27400030851364,52.53845232248307
44.71000191450119,45.8941293823719
25.63900057911873,34.80694531202317
25.98799986720085,22.04178449958563
13.404999516010284,12.764394422620533
5.9119998565316205,5.963953255340457
0.7129999828711152,1.945708734355867
0.0,0.4705578275769949
0.0,0.25098065412137655
0.0,0.19889193359296764
0.0,0.1843227023037616
0.0,0.3166541717201471
0.0,0.6701887994073331
0.0,0.5422118254285306
0.0,0.4160568565875291
0.0,0.3485218670219183
0.0,0.472284884462133
0.0,0.6510632494743913
1.4349999753385785,1.2251191815733908
4.311999748051167,5.028343796506524
6.456000037193299,13.21888206988573
9.53400023818016,22.129440495371817
19.8210004234314,28.474439558386806
28.89299982666969,32.407779063582424
26.759999092817303,36.197982112169264
24.382000094652177,39.15882351875305
42.96899840354919,35.87958912134171
34.70400003194809,27.68892825126648
19.6130004298687,16.451735633909703
12.97300008237362,8.241867263466121
4.171999969631433,3.291699978113175
0.0,0.9111066477186979
0.0,0.5440932033117861
0.0,0.3397542776539922
0.0,0.25945104278158393
0.0,0.5001335904840379
0.0,0.5485702132061124
0.0,0.3341386750154197
0.0,0.23994467284996054
0.0,0.23510722225066277
0.0,0.3176374485716224
0.0,0.6059676595125347
0.9559999852254988,1.6328541615977885
7.245999795496464,8.55466162905097
17.188000297546388,21.59688352882862
31.381999799013137,35.74697929203511
45.97099943637848,47.06763779401779
38.44300053834915,54.84316956281663
50.04099818468094,59.11261144042015
61.97300109386444,59.415153898000725
56.31200070619583,56.006307449340824
47.63400115251541,46.90592004299164
34.8759999871254,32.40154627323151
19.73700101852417,17.50262475579977
6.5390001827478414,6.086256874650717
0.4149999896250665,0.9353065294586123
0.0,0.3639743140339851
0.0,0.2101063018827699
0.0,0.18101469964487474
0.0,0.28091741936746983
0.0,0.5683700289204716
0.0,0.4173271444998681
0.0,0.3306367742083966
0.0,0.40510869883932166
0.0,0.6546258549019695
0.0320000002440065,1.3409285618457942
4.787999970316887,3.4159967886283997
15.563000219464302,15.47092714816332
28.646999222040176,32.64345330357551
42.25200054883957,48.14807849645615
51.43499887228012,57.223703167438515
56.19899915933609,61.467488830089565
60.59500087976456,62.26551809430123
58.815998811721805,58.233532280921935
50.24600142717362,48.48048576593399
41.87300088644028,32.2506190854311
20.245000647306444,17.242953400015832
7.495000232160091,7.585808054208755
1.4339999457448722,2.235793249458075
0.0,0.3711763724777848
0.0,0.19601724165491755
0.0,0.16821082467329684
0.0,0.1622270067094359
0.0,0.23653766413219274
0.0,0.9624744386970997
0.0,0.7921759780310094
0.0,0.5651554922014475
0.0,0.4197423635981977
0.0,0.5463404296338559
0.0,0.7520823332667351
0.2220000067073851,1.045994304381311
3.588999918550253,4.056468181014061
5.004000200629235,10.514735807776452
17.489000219106675,17.361749213337898
26.467999694347384,21.603232368826866
33.00899942278862,23.331671708226203
9.829999755024913,26.18024586439133
26.070998985767364,26.791912745833397
21.95599967598915,24.59855797946453
22.96200017809868,20.862654868960384
18.25299920797348,13.769893497824668
13.067999556064606,7.240988607406617
2.261999929994345,3.1398384879529475
0.1009999962570145,1.1939542349241674
0.0,0.8282325649447739
0.0,0.5753600945696234
0.0,0.3636340279690921
0.0,0.7896144773252308
0.0,0.6811728535965085
0.0,0.5664078559633344
0.0,0.4505660613812506
0.0,0.4250430339388549
0.0,0.5254756594263017
0.0,0.7421672612894327
0.1020000017806887,1.4001503561064603
1.5630000405013562,5.546496870815754
6.003000238835812,14.137860741317272
19.372999489307404,23.457568116784095
19.27399989724159,29.703911628723144
27.75999993085861,32.810400477647775
31.32800076842308,35.28697184085846
31.76400032043457,34.420910781621934
39.486001365184784,29.326750274896618
30.852000032663344,20.16285187482834
16.850000051259993,11.192192569375038
7.023000128269196,5.530176490545273
0.9440000152215362,2.2457606175914404
0.0259999991953372,0.7114125161245466
0.0,0.4598137997463345
0.0,0.3173358350247144
0.0,0.26648153806105257
0.0,0.47296492705121634
0.0,0.8142481331340969
0.0,0.6835619807802141
0.0,0.4523261904902756
0.0,0.3049088305607438
0.0,0.3691020973585546
0.0,0.5321015936322511
0.0259999991953372,0.7628657717630267
0.7389999820664526,2.875096122026444
3.316000055372715,7.790898077189922
6.46999993801117,13.087515923082828
6.379999842047692,16.479250183701517
8.332999870479107,18.169951820969583
19.507999119758605,20.939914664924146
22.649000928401943,23.31337488949299
36.7040017080307,24.194497755169866
23.416000776290893,20.579819284677505
28.440999801158902,13.788688405752183
15.674000166654588,7.701138296425344
7.412000086605549,3.72757744692266
1.8020000528544189,1.5976339922472835
0.0,1.0860362467169762
0.0,0.7327041282318532
0.0,0.5045559774525463
0.0,0.7468794193491339
0.0,0.5901319373585283
0.0,0.3412238333374262
0.0,0.23763043555896723
0.0,0.25665263679809863
0.0,0.5297462447267025
0.0439999983296729,0.9712184073403478
4.643000043928623,3.014376880452037
16.191000318527223,15.852265262305735
31.08300045013428,33.06074832260609
45.39699939489365,48.675089727640156
56.65400004386902,58.31490670442581
63.358001258373264,62.71930713295937
65.50500189304351,64.008429749012
63.64200042009354,62.614353064298626
59.06100118398667,58.483809263706206
50.05499808549881,48.39727508783341
36.981999151706695,32.33267645597458
21.538999402523043,16.217290698587895
7.83200019210577,4.54325280457735
0.7519999816641212,0.5576821644976735
0.0,0.21220751537941396
0.0,0.15953970398171805
0.0,0.14894609680108253
0.0,0.22165156892500815
0.0,0.6128841350506992
0.0,0.388298300858587
0.0,0.2455052433721721
0.0,0.2925492863729596
0.0,0.5740305783320219
0.0380000012926757,1.1183290187828243
4.726999962329865,3.297954206839204
16.526999992132186,17.191930067241195
32.24899952530861,36.932106019258505
47.65300043106079,52.344039380550385
58.88400185108185,60.54333516597748
65.40699847936631,63.97188335299492
66.20300046920777,64.68725445866585
61.933001964092256,62.27053184986114
59.640998835563664,57.072540799379354
45.4490019607544,45.55757924318314
34.08700000166893,28.894889484643937
19.172999732494358,14.011504242122175
5.739000128507614,3.940763088166714
0.3970000025257468,0.4451793486997485
0.0,0.18665842811577016
0.0,0.14482653590734115
0.0,0.13685130691796077
0.0,0.21136077177245163
0.0,0.6045921695139259
0.0,0.3489795185625553
0.0,0.2384800114063546
0.0,0.2557629522541538
0.0,0.5170024144556373
0.0320000002440065,0.9361815072130412
4.613000183105469,2.873994677364826
16.13799952030182,15.31979713022709
31.08599925518036,32.79393580555916
43.300998985767365,48.77520462870598
54.44100105047226,58.29683376908302
63.884998111724855,62.63240956783295
66.56800023078918,63.94945393443108
65.08099961519241,62.344380505085
59.796000084877015,57.98845801949501
50.713001639842986,47.84748115420341
37.048001618385314,32.0600059992075
21.26400076389313,16.26451314866543
7.28599995225668,4.77922435760498
0.6170000302791595,0.5780220475420356
0.0,0.21609168841037898
0.0,0.16148148159845732
0.0,0.15072891291812995
0.0,0.2251472676871344
0.0,0.753217347599566
0.0,0.5908098457381129
0.0,0.4179140039719641
0.0,0.3877840366028249
0.0,0.5867267980799079
0.0,0.8892189974337816
2.190000109970569,1.7683195953071116
9.233999575972556,8.187542934417724
15.780999995470047,20.50125778138638
20.543999996185303,32.85225537478924
40.618999207019804,40.49233666539192
44.831999876499175,44.21422960519791
48.15299982309342,45.937511410713206
40.51899932861328,41.259719579815865
34.906998593807224,32.85412654697895
21.800000194311146,23.16432811677456
11.80699998021126,14.468328543901443
10.395999559760094,7.398031252175569
5.73500001013279,2.642060727775097
0.2820000011473894,0.7385679731331766
0.0,0.3895419512689114
0.0,0.2347848683595657
0.0,0.20090732539072625
0.0,0.4546731469780207
0.0,0.5796538673341275
0.0,0.3925600123405456
0.0,0.2728474998753518
0.0,0.28845365008804946
0.0,0.47843102269805965
0.0,0.8888990104291588
2.3309999179840086,2.4977732101455334
12.674999992847445,12.60437145859003
26.55399967193604,28.819431539177895
42.651001830101016,44.519528498649606
49.826000294685365,54.875164347887036
59.08799864530563,60.65359260082245
64.02899826526642,62.731501588821416
63.953001151084905,61.123034991025925
58.50300161600113,55.71242660880089
49.25299848556519,44.08520499110223
35.805001034736634,28.124535493850708
19.057999666929245,14.101101758778094
1.77799998447299,4.3441501218080525
0.0,0.5874426729232073
0.0,0.24408333832863716
0.0,0.18668539658072403
0.0,0.17435810322698664
0.0,0.2611044533923268
0.0,0.7797455074824393
0.0,0.6307476450689137
0.0,0.5365837866067886
0.0,0.5856288836896419
0.0,0.8294333706982434
0.0,1.3890329218469561
1.8140000228583808,2.9970757908001544
6.729000157117844,13.23747414767742
28.38999957561493,26.90356893837452
42.12099795579911,41.63166691541672
52.93599938869477,50.191472470760345
59.603000278472905,54.59674583911896
59.802001802921296,52.36949225187301
24.537999576330183,41.975619584321976
11.116999586820604,28.475539462566378
7.192000251412392,16.880134190768004
4.137999990433455,9.444677440822126
0.8079999700561166,4.390156618058682
0.0,1.4161556115187703
0.0,0.3903507685288786
0.0,0.2406056198803708
0.0,0.20219640798633914
0.0,0.19126920721260826
0.0,0.31577067317441104
0.0,0.8897265541739762
0.0,0.78221563834697
0.0,0.6091043858416378
0.0,0.5198583879321814
0.0,0.5749021702352912
0.0,0.6893516578897834
0.0,0.94390800351277
0.447000005915761,3.4293114958703517
1.7219999960809946,9.009290487170219
3.5829999977350235,14.978505387306214
11.006999925971032,17.94768593668938
13.749999712705613,18.215851510465143
18.625999206304552,19.072303556203845
22.063999791145324,18.30488161623478
15.839000171422958,15.526359340548517
14.035000187754632,11.763843889236451
10.546999663710594,7.497321610227228
5.750999970138073,4.211611539795995
0.6589999894797802,2.135261840559542
0.0,1.0543876849859954
0.0,0.8236433887016028
0.0,0.624838307807222
0.0,0.4989004185609519
0.0,0.7427830689866095
0.0,0.7843993037380278
0.0,0.6532932256069035
0.0,0.4987134104594588
0.0,0.3968689652718604
0.0,0.5363878244534135
0.0,0.7044121324550361
0.0449999998416751,1.1343035287410022
1.2919999797642232,4.550100118890405
3.315000025779009,11.951183451116087
9.398999580740927,19.85598477065563
26.434000228643416,24.767969924807545
50.23799913644791,27.075334740281107
45.70700189352036,29.533730469346047
37.11399997711182,28.82649824380875
27.26899900794029,24.64465022921562
31.20600075244904,18.748976401388646
23.450000241994857,11.805830240845681
13.767999731898309,6.292083376422525
4.380999992787838,2.7325338800996546
0.4340000063180924,1.0121706782840194
0.0,0.6759883452299983
0.0,0.4661561889760196
0.0,0.3004229308012873
0.0,0.6296927999891341
0.0,0.6402370305079967
0.0,0.364857074432075
0.0,0.2485338872345164
0.0,0.2606133926473558
0.0,0.4965625124052167
0.0380000012926757,0.9269968804717064
4.371000210344792,2.8373373666405675
15.650999742746354,14.7062031057477
30.570999675989157,30.737573026418687
45.43699852466583,46.33037951946258
56.43099986314774,56.757119911909115
63.002002019882205,61.877846544981004
65.49999840736389,63.7371939945221
64.28100058794021,62.69763973951339
59.26300151348114,58.991178321838376
50.81800089597702,50.139124836921695
37.97399975299835,35.278841176629065
22.92399956703186,18.605333126187325
8.913000089526177,5.5698485246300695
1.0779999370127915,0.6668893757089973
0.0,0.2363878121366724
0.0,0.17434697585180395
0.0,0.16247795985953414
0.0,0.24332012575585388
0.0,0.6320021109469235
0.0,0.3531347763165832
0.0,0.2449772832682356
0.0,0.25742014185991136
0.0,0.4818171787448227
0.0320000002440065,0.9050300558283926
4.649999994337559,2.786879390776157
15.690999899506568,14.574444649517538
30.367000827789308,30.805818434953693
44.25599926233292,46.535518324375154
55.94500037193298,56.97663244128228
62.95400059938431,62.00570655465126
65.94799934148789,63.811960777044305
64.75099960565568,62.75751519560814
60.25600034713745,59.071447706222536
51.46099810123444,50.23918222665787
38.69600109338761,35.41114701747894
23.416000776290893,18.7797043967247
9.146000052690509,5.53940500497818
1.1120000445842744,0.6657978158071637
0.0,0.2357697177864611
0.0,0.1736585669207852
0.0,0.1616837009572191
0.0,0.23902746823616322
0.0,0.690695054512471
0.0,0.4822081081569195
0.0,0.2986936915665865
0.0,0.32436922673136
0.0,0.5900256922375411
0.024999999689171,1.0709917867463083
4.274999936819077,2.7707855897396807
15.23300020992756,13.059586470127106
29.809999492168423,28.718143817782405
44.19099913597107,44.01259488344193
54.8979983997345,53.89425727128983
48.68400192975998,59.034597321748734
46.89300053358078,60.78231117248535
53.346999998092656,58.182258876562116
55.5710000872612,51.20361846923828
37.72200153827667,39.35902661919594
34.07799947857857,25.110504323244093
19.118000415563586,12.404924221336842
3.361999876201153,3.746921023204923
0.2160000056587159,0.5318221566081047
0.0,0.22895833200775084
0.0,0.1749667009466793
0.0,0.163344014652539
0.0,0.2615405060909688
0.0,1.1823198726586996
0.0,1.027153278272599
0.0,0.8162341033294798
0.0,0.6768537270650268
0.0,0.8078169736266136
0.0,0.9878792662359774
0.7620000208541751,1.2364691965281964
6.752999840378761,4.378609421402216
21.115999464988708,11.08776688605547
34.9419983458519,17.94035529613495
39.95899918794632,20.716847216486933
30.15100059747696,19.86920621454716
19.061000525951385,19.84460625678301
5.800999909341336,17.260400899648666
5.752000256478786,13.629105249345303
6.686000168323517,11.261538909077645
3.473000080138445,7.54877948731184
3.2660001161694527,4.145158867239952
1.13999997459352,1.953504022806883
0.0510000008903443,0.9905591273121535
0.0,0.8298291783034801
0.0,0.607466051094234
0.0,0.442879023887217
0.0,0.9558835504576564
0.0,0.6451805657614023
0.0,0.4497809290327131
0.0,0.3020330073311924
0.0,0.3458995814621448
0.0,0.612757494589314
0.0,1.1361904106382281
3.874999909698963,3.097752005010843
14.553999885320664,15.152031960189344
28.960000525712967,31.259281918406487
42.59499811887741,46.96025592565536
53.0810018825531,57.166653982400895
58.68900147199631,61.50439261794091
60.97499877452851,62.430690633058546
55.99800117015839,58.91822314620018
32.87399979233742,50.73907891988755
44.631001887321474,37.17366490066052
20.560000469684603,22.3817314016819
15.487000024318696,10.736970882415772
6.295000150799751,3.2118350986391304
0.5080000139027834,0.4518536315765232
0.0,0.22463650562101972
0.0,0.18255721961846572
0.0,0.17295768871030304
0.0,0.2539926174515858
0.0,0.6783577831275761
0.0,0.5141366845928133
0.0,0.3029626561515033
0.0,0.2524023826513439
0.0,0.3136349231936037
0.0,0.5052467552758753
0.112999998354353,0.9536089645326138
2.028999966830016,4.337661483064294
7.7769998481869695,11.761169612407684
12.408999823331833,20.033497597575188
16.434000064134597,26.55167867898941
31.614000502824783,31.393340827822684
43.54699959039688,36.130107446312905
41.93899924516678,39.162755855917936
34.174000265598295,37.624124444127084
29.411000264883043,30.789144257307054
28.626999657154084,20.79113131463528
14.559999549388886,11.77237507879734
9.38000030219555,5.040944426134229
0.8519999884441495,1.4957212202623487
0.0,0.7923332997597754
0.0,0.458610972110182
0.0,0.2667024367675185
0.0,0.5379951569996774
0.0,0.5312464014440775
0.0,0.3552197224833071
0.0,0.2352166847325861
0.0,0.22585160496179013
0.0,0.2946260166354477
0.0,0.5154668747913093
2.24900005877018,1.4516120202094316
9.50900026857853,7.721319638192654
20.378999991416933,20.05944136917591
31.09399949193001,33.983301939368246
42.32900000333786,45.59593519210816
49.744001462459565,53.17680548787118
62.73199865102768,58.66285230278969
61.52299958705903,59.58228592991829
58.04100078105927,56.444868309497835
50.79500047206879,47.49752265930176
37.69700054168701,32.43307069778442
22.89599976539612,17.9598413670063
9.190999587178233,6.446347376704216
1.1139999753981829,0.998538856394589
0.0,0.4010928065702319
0.0,0.21665438157040623
0.0,0.18048594121821218
0.0,0.29070711054839193
0.0,0.6094058068282903
0.0,0.4284772337693721
0.0,0.2846253195311874
0.0,0.3004990081489086
0.0,0.5057752208504825
0.0,0.9166421452909708
3.5369999201595785,2.4198076166585087
14.269000437259674,11.636381323933602
23.883000988960266,26.778847404122352
30.41999957203865,42.2933388710022
53.40000079631805,53.245211106538775
61.06299932479858,59.313334196805954
64.01199955940247,62.02286136269569
64.14800153017045,60.82339069366455
59.34500034570694,55.80591538310051
49.78999820232392,44.64001473426819
35.87200173377991,28.450753106474878
20.781000077724457,14.164383220672608
6.793999769985676,4.082865111082793
0.8310000088438392,0.580006124228239
0.0,0.24236033323220907
0.0,0.1836884369037579
0.0,0.170525539353257
0.0,0.2595921734021976
0.0,0.8485570592153817
0.0,0.6494378483574837
0.0,0.4724545140005648
0.0,0.3602415334805846
0.0,0.4982942709699273
0.0,0.6501140557881444
0.8770000222325325,1.078838889952749
10.632000381946565,4.5506733065843585
19.82399922847748,12.06687724709511
20.091999970674514,20.65743082404137
8.615,26.962849768400194
10.496999724507331,30.369320793747903
14.846999570131302,33.33177765250206
19.90100073695183,35.63394488155842
46.52500196695328,34.23143970608712
27.09299996137619,28.82655164718628
15.541000081896785,18.30087841689587
16.62299975216389,9.55153605878353
8.35700006723404,3.88658895611763
0.447000005915761,1.1082319613173603
0.0,0.6679919436387718
0.0,0.4225380175746977
0.0,0.27087857928592707
0.0,0.6018162369169295
0.0,0.9337585375644266
0.0,0.7305878910236061
0.0,0.4815104302577674
0.0,0.3462246873602271
0.0,0.4737693796120584
0.0,0.6903354482352734
0.3820000079274178,1.0244083639234303
2.476999873965979,4.267297269850969
7.0930001458525656,11.252750972509382
10.086000142097474,18.878450322747234
22.428999552726747,24.100280846357347
28.342000209093094,27.111825678944587
25.2249991106987,30.83652435004711
29.199999412298205,31.840062134861945
31.754999797344208,29.537260227203376
29.88400014162064,25.152430082559583
29.43799978017807,16.994822822213173
12.461999594569209,9.193063062876464
4.790999802350998,3.9276799667254094
0.2149999921116978,1.3292189245671036
0.0,0.8398935968056322
0.0,0.5407768503576518
0.0,0.3122367110848427
0.0,0.7316281657107175
0.0,0.7399270794633777
0.0,0.5204525005072356
0.0,0.289867547834292
0.0,0.2512285914970562
0.0,0.29665072353556754
0.0,0.49138069988228383
0.3749999933317304,0.9329818457737564
2.2860001267492773,3.9928725891560317
7.516999856233597,10.63568110704422
14.046000256538392,18.47351356416941
22.82700054764748,26.103050255179408
26.670000023841855,33.06844354391097
22.331000247001647,40.971397825479514
43.93799858093262,47.79912439584733
57.67899982452393,47.13207513093949
48.41700147390366,43.466479620933534
36.349000701904295,32.877518253326414
22.9840003156662,19.13181237757206
9.539999902248384,7.84715802192688
0.9350000056251884,1.7456087820231914
0.0,0.8236770546529443
0.0,0.442326022926718
0.0,0.27244134215638033
0.0,0.5654355069063604
0.0,0.6251497740205377
0.0,0.4218920741975308
0.0,0.2915825937734917
0.0,0.31309376468881966
0.0,0.537966385288164
0.0129999995976686,0.976766469469294
3.334000074565411,2.756129058450461
13.354000317454338,13.627446150183678
27.317000428438188,28.79228105664253
41.16000006914139,44.85121482253075
51.77800055027008,55.914868543148046
58.44899847745896,61.34508828878403
62.796998777389526,63.17671322345734
62.40300098180771,61.50616314530373
58.40399996995926,56.3095852303505
49.72199927091599,44.93617959618568
35.512999582290654,28.70787907242775
17.440000566244127,14.242286938130858
4.0329999640584,3.849211470037699
0.5430000226944686,0.5185158417839557
0.0,0.24078025598544628
0.0,0.19069544986123216
0.0,0.17938180873636156
0.0,0.25839943913277236
0.0,0.5513895681407303
0.0,0.38713051918894054
0.0,0.27505343806929883
0.0,0.2933367615379393
0.0,0.46513205725699663
0.0129999995976686,0.8521470242459328
3.680000044107437,2.290381129309535
5.621000230908394,11.36758826047182
25.78300073266029,26.299017030000687
40.02399931430817,42.31302623152733
51.83800129890442,53.652075008153915
59.05299889326096,59.91264949321747
60.26900201559067,62.115865398645404
59.22699942111969,60.18419129014016
56.29899903774262,53.77485142707826
48.5270001077652,40.33576001644134
32.63900028347969,23.86485719144344
12.465999712944033,11.553796595036983
3.406999924182892,3.6681035431474447
0.28499999364838,0.5453540076315403
0.0,0.23521880289539693
0.0,0.18081973439198915
0.0,0.16803724464087275
0.0,0.24420607142150402
0.0,1.0827433058805764
0.0,0.9935304283350708
0.0,0.7867161566391587
0.0,0.6534677975252271
0.0,0.6834014497138561
0.0,0.7659286993741989
1.954999959245324,0.8448486856743693
12.469999831318855,2.7146469579637054
13.308999755978585,6.8783324325084685
10.168000001311302,11.288925598859787
9.015999799966812,12.947255032956601
9.344999523162842,11.961271554529668
6.220000241994858,11.954320386052132
9.2760003054142,11.330170978605748
5.536000026166439,9.704491291195154
1.2370000209659338,8.19990530282259
0.2890000157430768,5.548478957712651
0.1140000038780272,3.23286742836237
0.0,1.7974277737736704
0.0,1.0863422249630095
0.0,0.9695924285426736
0.0,0.8176896342076361
0.0,0.6939904023520649
0.0,0.9521904373168946
0.0,0.9159213601611554
0.0,0.7588603579811752
0.0,0.5148345229588449
0.0,0.3559967031143606
0.0,0.4428137780539691
0.0,0.6464319025352597
0.0,0.8668476036936044
1.5540000309050084,3.255300698131323
7.278000229001045,8.662479197084906
14.046999515891075,14.549557135105132
21.09900075912476,18.39213041126728
28.33999963641167,20.306023249030112
32.07099990606308,23.234351241588595
35.0270000910759,25.050597030520436
18.47300058364868,23.462805755734443
23.38500011563301,19.981437006890776
24.67700035214424,13.431285788118842
15.5649997651577,7.370100001990796
6.333000248372555,3.4780752624198796
0.8039999800547958,1.4661258001625537
0.0,1.0118732047826051
0.0,0.7052610182948411
0.0,0.4696503552794456
0.0,0.8153217849321663
0.0,0.6278161879722028
0.0,0.3818467941507697
0.0,0.24659986016806212
0.0,0.23922887824010103
0.0,0.350169637221843
0.0,0.6618594290409237
3.4429999625682832,1.6793297346308829
13.881999511122704,8.597844164967537
21.48099922657013,21.74226087331772
39.82600013017655,35.698833066225056
47.876998844146726,46.960442837476734
41.661001801490784,54.357151585817334
58.86199965953827,58.49213608264923
62.47599929094315,59.35495596766472
59.69899901151657,57.23077089905739
52.09400065898895,49.902968939542774
35.213998179435734,36.09581118106842
24.16200077295304,20.08240995645523
9.908999782204628,7.035757887065411
1.5569999913126231,1.0312581815198063
0.0,0.4011295213922858
0.0,0.2110322800232097
0.0,0.1792957884597126
0.0,0.29546363770030437
0.0,0.6943077095597983
0.0,0.5112971750181168
0.0,0.3587623497843742
0.0,0.4239625141583383
0.0,0.6659682637266815
0.0,1.2027083611208946
1.6500000476837158,2.9228443899750713
14.336000109314918,13.817625333964825
28.2119999563694,30.91400340795517
42.287000300884245,47.1448118364811
53.66399833917618,56.324550499916086
60.60000025749207,59.744289183616644
62.452000634670256,59.73567891597748
56.72199897527695,52.53478802919388
28.85499921560288,39.45089583337307
23.56799911260605,26.160152843594553
11.99100029051304,15.690232739448547
22.4330006980896,7.674322355240584
9.460999875068664,2.224765965491533
0.8620000276342035,0.3869217999186366
0.0,0.20501659734873096
0.0,0.16641883486532605
0.0,0.15780363688128995
0.0,0.24716468753758813
0.0,0.6335247811675071
0.0,0.3482242330536246
0.0,0.2435539901861921
0.0,0.2376597528578713
0.0,0.32238126674667
0.0,0.6744109718501567
2.218999941200018,1.8067293969169258
11.999999786615373,9.144094989895821
25.0899994802475,22.576767725348475
33.54099976181984,36.879328077435495
37.17999833583832,48.2108110332489
38.26699943780899,55.37130637288094
41.12599854946136,59.205603152513504
53.8810009098053,59.40567685246468
59.94400138378143,57.17060377836228
52.163001930713655,49.910482383966446
39.716001496315,36.643733942508696
24.706000440120697,20.558745490312575
10.399000418782236,7.167070373743773
1.5800000301003456,1.0663454842939974
0.0,0.3807772503048182
0.0,0.2133605621778406
0.0,0.18423671612632456
0.0,0.2964564141910523
0.0,0.574380588689819
0.0,0.3474201014265418
0.0,0.25822605466935783
0.0,0.2733497371384874
0.0,0.4736316187959164
0.0,0.871671318328008
2.7839999730885028,2.6040570999309423
12.701000248789788,13.59171518266201
26.8240009868145,29.58896393954754
42.6910009598732,45.623318800926214
54.77600043773651,56.47257644653321
61.92000029563904,61.71142929673195
64.17200018644333,63.23247456550598
58.48599880218506,61.019243472814566
49.212999355793,54.80641571521759
37.03799875497818,43.06472806572914
28.654999458789828,28.43869832098484
20.944999796152118,14.77164997190237
12.611000152826309,4.471527960598469
1.9859999780356885,0.6333793981745839
0.0,0.2468984649609774
0.0,0.18723387638689015
0.0,0.17479418200149666
0.0,0.2507838495168835
0.0,0.6249245266616344
0.0,0.343786040097475
0.0,0.2383629508176818
0.0,0.24320772673003374
0.0,0.4011979444697499
0.0,0.783772038705647
2.837000001072884,2.4199056298285724
12.978999746441842,12.77492644160986
27.33699999332428,27.885597485899925
41.66699941158295,43.52468519449235
52.94000053405762,55.05445797204972
59.96399889469147,61.02410318017006
63.02300187110901,63.325433413982395
62.45700001239777,62.54779602408409
58.8689996099472,59.1091607606411
51.09299953460693,50.69758449554443
38.76600059747696,36.28306704342366
23.679000086784363,19.900574536919592
10.026000420451163,6.510544141680002
1.5360000117123127,0.8496447839587927
0.0,0.2650668861204758
0.0,0.18158906275872136
0.0,0.16479702519776762
0.0,0.24441037785261868
0.0,0.5373923631664366
0.0,0.3696674863621592
0.0,0.2693981760414317
0.0,0.29768557444214816
0.0,0.5037329909671098
0.0,0.999421600745991
2.658000095486641,2.8628058353438974
12.457000216841696,14.507564621567726
26.14599992156029,30.70930518090725
40.32100014448166,46.78120056271553
51.96100160121918,57.3638130903244
58.682001521587374,62.183313864469525
60.80099824666977,63.27996249198914
60.470998237133024,60.40224549651146
53.683999958038335,52.70403360247613
29.74699993848801,38.65289018988609
21.233000103235245,23.182680392861368
19.328999214172363,11.208323213607073
10.56199985086918,3.263763721361756
1.2190000017732383,0.47041263714432713
0.0,0.22231494301697236
0.0,0.17837642556638456
0.0,0.1690879847772885
0.0,0.2404284564219415
0.0,0.5936872094497084
0.0,0.44448776854202154
0.0,0.3505519335158169
0.0,0.38199256226420397
0.0,0.5580598714388907
0.0,1.0052837767917664
1.99399995803833,2.3760079893097283
12.985999696850778,10.362480981200934
24.811999982595445,23.93502717554569
31.9259994661808,37.73311457574368
38.039998111724856,47.65190566182137
42.35299865961075,53.53835251569748
49.88699927568436,56.60507844209671
51.908000802993776,55.64897723436356
52.33100074052811,49.55401278495789
38.34000185489655,36.58557766437531
20.6989991915226,21.039747657775877
9.043999601602554,9.822010815143585
2.180000070780516,3.093060466945172
0.1140000038780272,0.5333603921160102
0.0,0.25181485724169755
0.0,0.19453212469583378
0.0,0.17951955551165155
0.0,0.29069321411661797
0.0,0.5784196363296359
0.0,0.3744897407479584
0.0,0.2431133401114493
0.0,0.22865943035110825
0.0,0.29277010484598576
0.0,0.533461518343538
0.5319999860040844,1.3362087976559998
7.471999808251858,7.058886684477329
15.790999777913092,18.509992692470554
25.423000348806383,31.265046402215958
40.42799997329712,41.91470070838929
51.01300127506256,49.620350049734114
41.06799837350845,55.24156081318855
46.844999113082885,55.837982057332994
56.29899903774262,51.71953206777573
46.81499873876572,42.807383351325996
38.86199933052063,30.367284276485442
24.65899930596352,17.552310436666012
10.578999583721162,6.461793276667596
1.4770000629127027,1.202274988219142
0.0,0.5076704470254481
0.0,0.24357103979215022
0.0,0.19446821876103054
0.0,0.3436340779624879
0.0,0.6251044260803611
0.0,0.3359151075594127
0.0,0.23224764629267153
0.0,0.23672522584442046
0.0,0.3850843418203294
0.0,0.769523510504514
2.607999899536371,2.387295935675502
12.673999706506727,12.587713712751865
27.05200054526329,27.405538093447685
42.01900161266327,43.385259245634074
53.75699826717377,55.01477720856667
61.74500153541565,61.09265052318574
65.46400042295456,63.4518145608902
65.40699847936631,62.78827348709106
61.08699798107148,59.48069422006607
53.058999691009525,51.40435971140862
40.569999554157256,37.392175089716915
25.12800009131432,20.825416283011435
10.633999927639962,6.7876558081805705
1.6829999972879888,0.8430608920753002
0.0,0.25924563715234394
0.0,0.17827108708326703
0.0,0.1630315194453578
0.0,0.2454866051441058
0.0,0.6407773706316948
0.0,0.3498793847300112
0.0,0.24713236148469148
0.0,0.2538649500021711
0.0,0.4179335809312761
0.0,0.8133711816370488
2.678999946713448,2.5234920071810483
12.86099984884262,13.335114007592201
27.10599957585335,28.619449241161348
41.94000158548355,44.59096989393234
53.144999668598174,55.91865607500077
60.007000937461854,61.55073442578316
63.38100168228149,63.67924516797066
63.43700128555298,62.931599936485284
59.65699930906296,59.59094343900681
51.83400015354157,51.572644023895265
39.7980003285408,37.51265002846718
25.02499935388565,20.68400722026825
10.643999710083008,6.614431169778109
1.7559999752789737,0.7960539169237018
0.0,0.258342537577264
0.0,0.18628536267904564
0.0,0.17293813281226905
0.0,0.2574572578491643
0.0,0.6045083255693317
0.0,0.33659433176741
0.0,0.2506004519201815
0.0,0.2559362243907526
0.0,0.3860512831434607
0.0,0.7477980922348798
2.579000068306923,2.32249350450933
12.44399957537651,12.321223156452179
26.45899917125702,26.9498244792223
41.3030019903183,42.7159649848938
52.68699997901917,54.91795277714729
60.47499938249588,61.1426299226284
64.54199932575226,63.48256052851677
64.5410010933876,62.82556753039361
60.55800055503845,59.4203997528553
52.40700196266175,51.020009441375734
40.24699949502945,36.605779545903204
25.013000025749207,20.061067091226576
10.607999671697616,6.522255399674178
1.7660000144690275,0.8106079740636051
0.0,0.27641426139511166
0.0,0.19668337176553904
0.0,0.18095540813577823
0.0,0.2611686722375452
0.0,0.5205629017204046
0.0,0.3094284925516695
0.0,0.2368143812427297
0.0,0.2404841304058209
0.0,0.3269542518816888
0.0,0.6436928131338209
1.7710000340640546,1.9941383446753025
8.918000494241715,10.703620473146437
24.115999925136567,24.476186193823814
37.08300137042999,39.869595772027964
50.872998158931736,52.87060284495354
58.91200165271759,60.01409331679344
62.910998556613926,62.797771072387704
61.92200086832047,62.279817875623706
57.32799996376038,58.72032049894334
50.40400148153305,49.55825835347176
38.92299831151962,34.645151563882834
24.28499902129173,18.856641204953192
10.41399957895279,6.271484435647726
1.749000024870038,0.8597076940722764
0.0,0.2994157925248146
0.0,0.20064337342046198
0.0,0.17935209227609444
0.0,0.2535228747315704
0.0,0.5155767304170876
0.0,0.2798114094231277
0.0,0.215923366677016
0.0,0.224832808766514
0.0,0.3530221927538514
0.0,0.7354695502482355
2.159999992400408,2.4128423912823203
11.852999801039696,13.143649034798145
25.84299942731857,28.95673983871937
40.53099865674972,45.11754773616791
52.43599999666214,56.485898535251614
59.917998046875,62.09611025691033
61.92099852800369,63.94258133053779
60.277998430728914,63.169733812809
56.17399816274643,59.957594597339636
48.78299946784973,51.21432379245758
37.49900135755539,36.26361383616924
20.877000864744183,19.601810881793497
8.547000041604042,6.351035185158253
2.1909998828172683,0.8122822212986649
0.0,0.25342791043221946
0.0,0.1751550649933051
0.0,0.15966327651694875
0.0,0.2299727795505896
0.0,1.1636378050409257
0.0,0.9373651911504566
0.0,0.6189653002470732
0.0,0.5464122546091675
0.0,0.8483369788900018
0.0,1.2027838607877492
0.6349999852851034,1.8975419687852266
11.27300009548664,7.20999898687005
22.86200029969216,17.12056569606066
30.98200028538704,26.69173827946186
44.69000029563904,33.44570451557636
33.42800026893616,36.88773705542087
33.97799960017204,39.59626906991005
40.56700074911117,37.19387397110462
29.652999724149705,30.988190969228743
28.99299970507622,23.748136920928957
25.28100076794624,16.010837348997594
14.513000469207764,8.00109864935279
2.2459999699890614,2.8686383571103216
0.0879999966593459,0.9207274394854904
0.0,0.4685100776329636
0.0,0.2649786132900044
0.0,0.22471874890848992
0.0,0.6536871236562729
0.0,1.076747910231352
0.0,0.8773712784051896
0.0,0.6425760759785771
0.0,0.4522146018221974
0.0,0.5543736583739519
0.0,0.7457142051495611
0.1289999984763562,0.9133344094082714
3.651999985724688,3.4146038719266656
14.6160001796484,8.957184965759517
19.33900002360344,15.087302958667278
25.18600026726723,18.65953960835934
17.777000526189806,19.65876455694437
19.765000820159912,21.693608342409135
19.845999366045,21.962653531432153
26.59699966073036,19.555661634206775
26.27700046062469,16.701240835189818
21.28099946975708,11.411043461710214
8.047000136077404,6.335951426848769
3.06500007301569,3.003341059647501
0.922999971434474,1.31173230310902
0.0,0.959048246163875
0.0,0.6939394701644779
0.0,0.4729384500160813
0.0,0.8833606725931169
0.0,0.5511143834888935
0.0,0.2980443462915718
0.0,0.2188884415850043
0.0,0.21872559177223588
0.0,0.2997403528355062
0.0,0.6225482047349215
0.8640000226348639,1.9303711174428466
9.484000298976898,10.515095767080785
24.719000054597856,24.448581782579424
39.17700120687485,40.4041533112526
51.1920011806488,53.1035237300396
58.9170010304451,60.03210052490235
63.35600068569183,62.53458485007286
62.62600116252899,61.411064053773885
58.527998504638674,56.80035199999809
49.86300061941147,47.36187191843987
41.764998717308046,33.78399026453495
25.197999595403672,19.168281749486923
10.270000452399254,6.361733576208353
1.4699999841302631,0.9094219380430877
0.0,0.29357444508001207
0.0,0.1867741086892783
0.0,0.1657068152388092
0.0,0.24942014581058175
0.0,0.8949497511051596
0.0,0.6864969521015882
0.0,0.4897645577043295
0.0,0.5130171071738004
0.0,0.8188962167687714
0.0,1.2175617050379515
1.7679999452829362,2.3107731961831455
10.785000031590462,9.4172704680264
22.654000306129458,22.04294140160084
34.3659997856617,34.92676195144653
46.67599796295166,44.00032853841782
20.511999049186706,48.50825552225113
14.417999968528749,50.20205250144006
18.83399919986725,46.27207740902901
43.85399917602539,38.931799598932265
48.652000982761386,27.510643129348757
19.578000677824026,16.309029998779298
20.46000059127808,7.973180750012398
4.289000094383956,2.701861983984709
0.1510000076703727,0.5709706835448742
0.0,0.28039534839801483
0.0,0.21619385767262425
0.0,0.1967833747249096
0.0,0.3916709937341511
0.0,0.6050826204847545
0.0,0.46243807509541507
0.0,0.36290148061700167
0.0,0.3695730676501989
0.0,0.5093656512349845
0.0,0.8309150737244636
0.2699999990500509,1.8449952276423573
4.758999882340431,8.022285925894977
12.801000127196312,19.58533234536648
17.8219990336895,32.444388105869294
35.41000089883804,41.386925398111345
42.04799964666367,47.5511971616745
45.97300000905991,50.66772379159927
53.4490004491806,46.875640327930455
38.36600108385086,36.587639856338505
39.62499803304672,23.506982672810555
16.64600017607212,13.107672617137434
2.697999995499849,6.531255409270526
0.2110000021103769,2.31737319894135
0.0,0.5578247393202036
0.0,0.3012745766714215
0.0,0.22232066767290232
0.0,0.1981309715681709
0.0,0.34317360220476983
0.0,0.5209190098196268
0.0,0.3410056304745376
0.0,0.23120112142059945
0.0,0.21520232881186524
0.0,0.2607872103713452
0.0,0.42004970581270756
0.0950000032316893,1.0742665145918726
3.3510000641644,5.680940387248993
6.7580002450943,15.333566472232341
14.685999683737757,27.173350477814672
34.524001893997195,38.73222706913948
46.19800076246262,47.84930919289589
56.6230014371872,53.92824852108956
56.14799893379212,56.97264567375183
62.389999313354494,55.290007946491244
53.7300008058548,47.506623827219016
41.95000034093857,33.42004008471966
25.3919996881485,19.108940840661525
10.99300002515316,7.467596597075463
1.9899999680370093,1.3942561187781397
0.0,0.5540082913357764
0.0,0.2689350525802001
0.0,0.2029393495805561
0.0,0.3359570215083658
0.0,0.588968119220808
0.0,0.3441178214177489
0.0,0.22749978435225787
0.0,0.220121757928282
0.0,0.2956721323169768
0.0,0.5809951457940041
1.359999938160181,1.5800262824818492
14.23699949026108,8.399171533435585
22.606000939607625,21.355637878775596
29.557000991106037,35.99496403753758
50.927999529838566,48.028025649785995
54.494001848697664,55.55463811397553
54.56499958515168,59.632717204093936
55.433999884128575,60.4068936443329
40.10299934148789,57.73189381599426
52.74700072765351,50.08039139151573
38.98499963283539,36.35577779591084
25.388000596761703,20.589668099880218
11.091999617218972,7.2366734604537495
1.772999964877963,1.0398835972324014
0.0,0.3977482274919748
0.0,0.20182119630509984
0.0,0.17171431009075605
0.0,0.27636429200880225
0.0,0.5526419479493052
0.0,0.3303203014284372
0.0,0.243643273958005
0.0,0.2593108749622479
0.0,0.4596929521393031
0.0,0.8196705015562474
1.8150000524520875,2.4425261965394025
11.439000386595726,12.66252414226532
24.263999170064928,27.988492443561555
38.74399840593338,44.160813903808595
50.451000561714174,55.52829176306725
58.02000092983246,61.23295762777329
61.55599876642227,63.23356933474541
61.82099864959717,62.04629312157631
56.69100036859513,57.592024208307265
52.364998152256014,46.86599074840545
39.14700083255768,30.892491089701654
20.46899906039238,15.772080604434013
6.9870000898838045,4.676493718028069
1.0890000057965517,0.6197590336203576
0.0,0.23534973584581165
0.0,0.1766895816812757
0.0,0.1643957446690183
0.0,0.23542601377703246
0.0,0.4997400294151157
0.0,0.29198503668420017
0.0,0.2208971499372273
0.0,0.2219775734376162
0.0,0.29330736400559543
0.0,0.5734104059357197
1.5760000400990248,1.732120064496994
11.310000420212743,9.241976705491544
24.485000832080843,22.717291524410246
35.31999977588654,38.41822342514992
48.06799807786942,51.07202433109284
57.620999648571015,58.87109261155128
61.37899943351746,62.17868214845657
62.30800048112869,61.903389791250234
58.589001593589785,58.4033776152134
51.369998745918274,49.30411373376846
39.47799907445908,34.613123915195466
24.02099942445755,19.20825571805239
9.872000484466552,6.541316040754319
1.3529999877512455,0.8983798269368708
0.0,0.3075876004621387
0.0,0.1953370947623625
0.0,0.17205134469550099
0.0,0.24990767628420144
0.0,0.5312504612561315
0.0,0.3337070512026548
0.0,0.23967654071748254
0.0,0.2460842239204794
0.0,0.3928258417733014
0.0,0.6900204196572304
1.3160000481456515,2.0547269797697667
9.684000055789948,10.87575290977955
22.5680003285408,25.878446946144102
36.47000043153763,42.09868766784669
47.50900027751923,54.06873021364212
55.31799953222275,60.21290792942048
58.26699976682663,62.701135606765746
56.93799920558929,61.845019899606704
51.45999986886978,57.613677223920824
42.0420020365715,47.48620935916901
24.251999841928484,31.744234908819198
14.236000230908394,16.634500991106034
6.752000067532062,5.463843076974154
0.0259999991953372,0.745781119838357
0.0,0.26853872345760466
0.0,0.1859039609879255
0.0,0.1675502366875298
0.0,0.24794693148229266
0.0,0.8160846765711902
0.0,0.6733473492320627
0.0,0.5101805822830647
0.0,0.44754817682318393
0.0,0.5208620761707425
0.0,0.6808772896509617
0.2690000015497207,1.1156111912429332
5.4909999781847,4.215515121296049
10.05000010371208,10.916241399347783
7.669000246524811,18.50726809322834
12.51500039279461,22.930210790634156
19.49300098657608,23.880357521772382
22.95899931907654,24.819111874699594
36.12499818086624,23.396844368577007
22.85199949026108,19.247695652842523
16.761999500989916,14.153521795272827
10.8879997420311,8.87205304980278
6.679999990761281,4.955217498987913
0.8420000134408474,2.264394898172468
0.0,0.880907294470817
0.0,0.607838542861864
0.0,0.44253501499071723
0.0,0.3474609883874655
0.0,0.6181559213530272
0.0,0.9413714393600822
0.0,0.8198229771852494
0.0,0.6240022914111615
0.0,0.4413292347639799
0.0,0.4796685272268951
0.0,0.6161510962992907
0.0449999998416751,0.7401184041239321
0.4149999896250665,2.4222077518701557
1.0079999836161733,6.36043058514595
5.988000051677227,10.685392976105213
11.402000061869622,12.85710191577673
6.872999797165394,12.882622054815291
6.77599975079298,13.945611149668695
9.04799971997738,14.488672663271426
8.449999995231629,14.110020122826098
13.53499976873398,12.284526049941778
9.684000055789948,8.509352714419364
6.094999880492687,4.987866988927126
2.496999952346086,2.6898245610110463
0.1270000034756958,1.4417017782852053
0.0,1.134033783916384
0.0,0.8644241045042873
0.0,0.6682509050890804
0.0,0.8871395392343402
0.0,0.5122457268368452
0.0,0.3167329930514097
0.0,0.2372679729713127
0.0,0.2348346853023395
0.0,0.30727701681666075
0.0,0.5631784760579467
0.3889999904297292,1.5860642018541693
6.04900005966425,8.284217939078808
16.521999587416648,21.0236537283659
32.10200056672096,35.81619417726994
48.23400042295456,48.5058646941185
48.76400018930436,56.89560513973235
56.79700196504593,60.17777466893197
62.26100140094757,58.72664058327675
43.581001110076905,52.522264937162404
34.72299931049347,41.431963958144195
28.94400005221367,28.233335632681843
24.01000038266182,15.763727597296239
10.717000073194503,5.375385645404458
1.551999971717596,0.9058370437659323
0.0,0.362650686930865
0.0,0.21339111106004566
0.0,0.1841631500853691
0.0,0.27310702295973893
0.0,0.5138881053496153
0.0,0.38056068420410155
0.0,0.3111948959156871
0.0,0.37939275811426343
0.0,0.6130304006114602
0.0,1.27156599894166
1.932000048831105,3.2293323430046446
10.26300050199032,14.285018883049489
24.471999163627626,30.635923805236818
38.76800117015839,46.75566964030266
50.50499959230423,56.426466737985606
58.95900073289872,61.23553536772728
62.615998299121856,61.98465124607086
62.17399908304215,57.20538991689682
58.10800148010254,45.633038215637214
39.82600013017655,28.264739899635316
12.17800043284893,15.1930472946167
0.1780000043660402,6.718220890760422
0.0760000025853514,2.0709687954559923
0.0,0.3672007573954761
0.0,0.1976545012742281
0.0,0.1709835278743412
0.0,0.16519440236967053
0.0,0.23321729950606818
0.0,0.9113713538832963
0.0,0.7903393704071642
0.0,0.5814330599084496
0.0,0.4726603609137237
0.0,0.6237338624149561
0.0,0.8495572653226555
0.6790000036731363,1.1637162091583015
11.449000169038772,4.15600000962615
21.162000312805176,10.76661694586277
24.300999494791032,18.11148128449917
31.18400061488152,22.626537619233133
16.98899980008602,24.106578336954115
15.230000377893449,25.62112174451351
24.17099924206734,24.102021591067317
18.648999630212785,19.985703115165233
14.144999848604202,14.971810452342034
15.25500034749508,9.906672627329826
5.020000160634518,5.317773029059172
1.5920000001043082,2.329591468088329
0.0,1.0117762186005712
0.0,0.7570397649519145
0.0,0.4895315597951412
0.0,0.3206050588563084
0.0,0.7516299129463733
0.0,0.5850322036445141
0.0,0.3860440942272544
0.0,0.2507341208308935
0.0,0.22994951185304668
0.0,0.279156423737295
0.0,0.48446338991634547
0.9500000002235176,1.081052658930421
5.556000104546548,5.1112616546452045
9.771999579071998,13.879881348311901
18.332999521493917,24.18691755652428
11.78300029695034,33.414802445769304
39.55499852895737,40.573376290798194
62.01000141859055,47.146313292980196
53.10900168418885,49.75592479348183
41.41500119686127,46.518916035890584
44.476998870372775,38.52826930046082
37.3740004825592,27.715101041197777
23.7590004003048,16.3072954159975
10.53200050354004,6.531435645669697
1.1290000341832638,1.5130333179421724
0.0,0.6732188954949379
0.0,0.3128710045665502
0.0,0.22966469918843355
0.0,0.4454141438379884
0.0,0.5672652305010706
0.0,0.31156323159113525
0.0,0.2356717206630856
0.0,0.24049640612211073
0.0,0.3425434166751802
0.0,0.6912823793385179
1.23800005055964,2.1061871675774455
10.209000444412233,11.063939736783503
22.85600063562393,25.193587654829024
33.52200048327446,40.65844170928001
45.66199927806854,53.18289963483811
56.74799820423127,59.85227081298829
58.68700089931488,62.545493516921994
62.95200002670288,61.996287020444875
59.50899801015854,58.534768409729004
52.05200095653534,49.805557070970536
40.42500116825104,35.43966031312942
24.62499984025955,19.43158402144909
10.32899988770485,6.488162991553545
1.506000022515655,0.8643791737779976
0.0,0.28517563267145307
0.0,0.19490851179696617
0.0,0.1760232188936788
0.0,0.25505412993021304
0.0,0.8085333619639278
0.0,0.4601193607784807
0.0,0.2900809607608244
0.0,0.28600553527940065
0.0,0.4510812884382904
0.0,0.9064569273218512
1.108999955803156,2.1454399979859597
10.205000326037409,9.701811109185218
23.266000958681108,22.38921814441681
37.281000554561615,36.446956874132155
47.876998844146726,47.12598509192467
54.11699865102768,52.53739041686059
62.77500069379807,55.334207457304004
31.50199924230576,51.84284457445145
41.350001070499424,44.27932421445847
38.53600046634674,34.33108219265938
33.043000942468645,24.291826437711716
22.273000071048735,13.037085162401198
12.415999773740769,4.3414021585881715
0.2969999957457185,0.9861222501844168
0.0,0.3411747625656426
0.0,0.2263025088701397
0.0,0.19839340512058695
0.0,0.32814324727281924
0.0,1.0426972234994172
0.0,0.9486456597596408
0.0,0.744379602111876
0.0,0.5541544606164098
0.0,0.5623586828634143
0.0,0.6667445703968405
0.0,0.721903006285429
0.3690000083297491,2.2148192654922605
3.511999950557948,5.74954678207636
4.744000208675861,9.615359770357609
4.398000239133835,11.253482187986375
8.641999515295028,10.603187719285488
6.896999993920327,10.930518073439599
5.2120001941919325,10.985640628933908
6.9820001986622815,10.435525761544707
7.464999857842923,9.268332299292087
8.663000393509865,6.551150991618634
3.610000026524067,3.9004459772258997
1.9700000180304047,2.204436801634729
0.0749999970616772,1.359801857843995
0.0,1.1867864361591638
0.0,0.9839040202274918
0.0,0.7964640702679754
0.0,0.994688068497926
0.0,1.0454551677592099
0.0,0.9319971247203649
0.0,0.7139590292237699
0.0,0.5500164049118758
0.0,0.5382079360820353
0.0,0.6214303282648325
0.0,0.6539593717642128
0.1520000051707029,1.990920277684927
1.3550000469386578,4.80974695533514
2.187000021189452,8.314257338941097
2.1819998732209207,10.148145241737367
2.763000121861696,9.552135049551726
3.22200009778142,9.942956371158362
2.0409999368339777,10.108519422113895
1.71900003567338,9.732041015326978
1.9870000076293943,8.615054173618555
1.4339999457448722,6.034824030399323
0.9359999710321426,3.6754757767170667
0.1199999969033524,2.1879449143633245
0.0,1.3714531654119493
0.0,1.1948117378354073
0.0,0.9957861112616957
0.0,0.791961754746735
0.0,0.9588540812395515
0.0,0.8833813407272101
0.0,0.6070346519351005
0.0,0.3086320472881198
0.0,0.2544207270396873
0.0,0.2921566961286589
0.0,0.4557948746532201
0.0,0.8157575166970492
1.5209999529272318,3.3128999636322263
12.627999885678292,8.867832642495632
17.68500088453293,15.538511689901352
13.458000314235688,21.211214606165885
42.40500122547149,25.224227842688563
40.56599840879441,29.921706007122992
27.83400058031082,32.090575324892995
12.136999989748002,30.990163813233373
23.30800066113472,27.780041602253917
28.28299974679947,21.13045586198568
25.09599914431572,12.496242713183165
10.41399957895279,5.675213003382087
1.4500000341236592,1.9844607155397538
0.0,1.124937686752528
0.0,0.6705160555616021
0.0,0.3396680748462677
0.0,0.7857011394388974
0.0,0.6120958575513213
0.0,0.46796200300566854
0.0,0.312802228461951
0.0,0.28951026030350474
0.0,0.4113035066798329
0.0,0.5917182647902518
0.0449999998416751,1.2476207460463047
4.13399987205863,5.138292493075133
11.984999599456788,13.546891776621342
14.869999994039537,23.614829766750336
19.868999789953232,32.12697588860989
24.278999357223512,38.19834939599038
31.056999167203905,43.441946930885315
40.18100113630295,46.57993555665016
39.38099800109863,42.65108398914337
39.414001288414,33.49104911804199
29.315999764204022,21.09716245055199
14.494000163674356,10.866130031943323
7.909000160098076,4.159905003234744
2.02200001642108,0.9498438659496606
0.0,0.49970673253759745
0.0,0.29065468601882455
0.0,0.2331219019461423
0.0,0.4312741072941571
0.0,0.5347448843065649
0.0,0.3287847296707332
0.0,0.234181191958487
0.0,0.2265791537705809
0.0,0.289750984692946
0.0,0.5165649817418307
0.8100000292435289,1.4380722742155192
9.88500009894371,7.114521193504334
22.96200017809868,18.357717069387434
31.96500036358833,32.06001935005188
41.676998167037965,44.55903878211975
53.16500128746033,53.231905449628826
61.78399832487106,58.92568524122238
63.73099920272827,60.02489723086357
60.209999499320986,57.22538126587868
52.626000998020174,49.01011376261711
40.53999917984009,34.920037233829504
23.769999442100527,19.804217385053633
9.76400036931038,7.095047189742327
1.3280000181496143,1.0610179197043181
0.0,0.4198017042502761
0.0,0.2224843960418366
0.0,0.1868940235825721
0.0,0.28981486655771727
0.0,1.1165455577895045
0.0,1.003212807290256
0.0,0.7848191171884537
0.0,0.6678153337910772
0.0,0.8177708625420929
0.0,1.0792005502060056
0.3720000008307397,1.4114037699997426
7.871000062525272,4.734417383372784
17.003999987244608,10.67906827032566
33.39599932193756,17.741898075342178
25.781000159978863,21.467102024555206
7.136000134646893,20.85989021718502
22.805000410079955,20.520435755848887
15.046000067591669,17.269406044185164
4.067999972850084,13.230804117172955
7.141000025868416,10.316473714709282
2.91900011703372,7.06266754090786
0.1329999965010211,3.808647240102291
0.0700000015366822,1.7191784106567503
0.0,0.9490895432420074
0.0,0.6895064763352275
0.0,0.4980683336034417
0.0,0.3698942260630429
0.0,0.8376192676275969
0.0,0.7707900113984942
0.0,0.6639135174266995
0.0,0.4691879539191723
0.0,0.31982929777354
0.0,0.3639505007490515
0.0,0.5093690852262079
0.0,0.7207789357937873
0.0,2.322447097487748
0.6750000136718154,6.277890273481608
1.0590000165998936,10.763035325109957
2.858000109046697,13.740712659955026
6.480000233948231,14.960082249045374
9.774000151753423,17.131778864860536
24.14999939084053,19.50285493671894
24.751999233961104,20.381947447061535
30.453999037742616,17.171717915833
20.72400018811226,11.309736997783185
14.901999914050103,6.249673777371645
8.045000076889991,3.2132924588397147
0.4190000117197633,1.5440157495625317
0.0,1.1025608050450684
0.0,0.8054905248060823
0.0,0.600375822018832
0.0,0.7896981768496334
0.0,0.4688082250952721
0.0,0.2992376983584836
0.0,0.22872989135794336
0.0,0.2256572835822589
0.0,0.2786324271652847
0.0,0.4711132194940001
0.0,1.3567061308026314
1.9540000580251216,7.375423394441604
9.197000278234482,19.89177530348301
32.37300011396408,34.59899666786194
36.500999038219454,46.973025494813925
45.07599990844727,54.95895219326019
57.23200123071671,59.56998466730118
62.76300136566162,60.05391580462456
55.44300040721893,56.701580399274825
48.10600074291229,47.57240857243538
30.51500007271767,33.44524339795113
15.581000238656998,19.01935153990984
9.795000002980233,6.919671011418105
1.2060000021755697,1.0935790886729955
0.0,0.42629891192540526
0.0,0.234677560145501
0.0,0.19755462468252516
0.0,0.2841200654907152
0.0,0.48164433986879884
0.0,0.3413305117189884
0.0,0.2546260123187676
0.0,0.24523362910840663
0.0,0.3052854944672435
0.0,0.4794006598647684
0.1270000034756958,1.2954160628840328
5.37300008058548,6.0149869863688945
10.226000177264211,15.922656048834323
17.117999766469,28.228319823145867
19.07199956774712,39.22487425386906
47.93699959278107,46.903007504940035
65.9930019569397,53.09764114260674
61.30499878406525,54.61540826559067
49.2660001540184,50.21598872900009
37.8380018901825,38.86339500725269
27.637999914884567,24.46733458399773
17.77600023984909,13.181853502988817
7.794999867379666,4.8768884801119565
0.505999986808747,0.9516466952953487
0.0,0.4114512485358864
0.0,0.24453583888243885
0.0,0.19358841496519738
0.0,0.3034474907815456
0.0,0.4688987926021218
0.0,0.2847229235107079
0.0,0.2191961207799613
0.0,0.22164711998077105
0.0,0.2868868274055421
0.0,0.5449209717102349
0.2059999985620379,1.6876933325827124
6.8859999251365664,9.182779574990274
17.747000151872637,22.50441333770752
28.382999625205997,38.25758401155472
49.76199840068817,51.292804163694385
58.41500106573105,59.1010331773758
60.70600185394287,62.241893261671066
63.69700179100037,61.91928551197053
54.14199964761734,58.32062086582184
52.84900117874145,48.94628645658493
40.62799973011017,34.23854749023914
23.85400090098381,18.997516233921054
10.072999500632289,6.54461549654603
1.2150000117719173,0.9232028978504241
0.0,0.3232482692971826
0.0,0.2031039645290002
0.0,0.1781766984588466
0.0,0.2526194782927632
0.0,0.5518355858325958
0.0,0.29905324970372016
0.0,0.2259982075029984
0.0,0.2314112929161638
0.0,0.3260099042952061
0.0,0.6737549030128867
0.6400000048801303,2.116715592108667
8.878000337481499,11.30270264327526
22.2129993224144,25.741023623943327
37.30900035619736,41.446804962158204
50.432999515533446,54.01432244181633
58.86100142717362,60.542558763027195
63.29399936437607,63.08062206149101
63.91699905872345,62.62517135620117
60.72300055980683,59.43347947239876
52.63100037574768,51.03428662896157
40.962000885009765,36.60657340765
24.00300043225289,20.124349066615107
9.445000428557396,6.69787369042635
1.183999992981553,0.8580512907542288
0.0,0.27542730985209346
0.0,0.18783728400594554
0.0,0.17018628127931146
0.0,0.24428895256482064
0.0,0.5849106981232762
0.0,0.3007425968721509
0.0,0.22168530708644535
0.0,0.22413801927119492
0.0,0.3149077143892645
0.0,0.6649370554182679
0.6219999856874346,2.0761357647925616
8.857000486254693,11.05459774017334
22.59999922156334,25.17226532936096
38.57800016880036,41.12678522229194
51.906998462677,53.610736685991284
59.05000008821487,60.30847532749176
63.76599895477296,62.973361377716074
65.91500016212464,62.60917909860611
62.027998356819154,59.53909286737442
54.09700114011765,51.652675147056584
41.91399824857712,37.777946711182594
23.919999259710316,21.250532842874527
9.31999955356121,7.143551320880652
1.0539999970048666,0.9009894997999073
0.0,0.277296436089091
0.0,0.18399165311362595
0.0,0.16602661971235644
0.0,0.24528222650289533
0.0,0.505506069753319
0.0,0.2774999080924317
0.0,0.21389219296164808
0.0,0.21953022886998952
0.0,0.2929416118469089
0.0,0.6182001620717347
0.7530000112578273,1.962628939822316
8.085000233650208,10.708805735707283
22.52600062608719,25.230854996442794
38.38099921703338,41.23333523035049
51.22299978733063,54.04612004518509
58.96400011062622,60.7163805949688
63.365999441146855,63.31761392712593
62.78099830389023,62.894289461374285
58.95799839258194,59.76279139995576
51.53999812841416,51.19606189131737
39.70999977827072,36.722403279542924
22.48300063729286,20.4521143501997
8.781000291109086,6.920343175083399
0.8230000288411975,0.8781633750163018
0.0,0.27815967569127675
0.0,0.18689804127207021
0.0,0.16843079768645108
0.0,0.23549734932836147
0.0,0.5563948670960963
0.0,0.3392364189401269
0.0,0.25881460706703363
0.0,0.2737837599311024
0.0,0.4597601396217942
0.0,0.8104968026094139
0.5210000135004521,2.340389348603785
8.950999673604965,11.779429459571837
23.16300022125244,26.3030551469326
38.96199920892715,42.49032544493675
51.88099923372269,54.02627247452736
56.97200072526932,60.04180145382881
57.56400181293488,62.38593860268593
61.09299969911576,61.27372699856758
59.208998374938965,56.793403398990634
52.16800130844116,45.44360411167145
40.22899844884873,30.28537068426609
16.000000057816507,15.507691779136657
5.796999790966511,4.500580938458443
0.6519999748840928,0.6357397376000882
0.0,0.25318520427681507
0.0,0.19230548025690944
0.0,0.17885542321368117
0.0,0.2569980096630752
0.0,0.5109591996762901
0.0,0.3748910042271018
0.0,0.29109966869931664
0.0,0.3279928416665643
0.0,0.5104919201228768
0.0,0.9673164465557784
0.1590000037197023,2.582406202480197
7.710999948978424,12.291355777084828
20.894999856948854,27.49648199141026
35.693001828193665,44.118725880384446
48.513000206947325,55.32147896766663
47.08100096225738,60.871353088617326
60.80499939203263,62.202656157016754
60.621998341083525,58.79132645130157
56.57200121164322,49.60870811343193
25.847000572681427,33.65291680932045
17.51499944806099,18.899020892977717
15.28799952685833,9.009277649819852
6.399999920427799,2.7040384283661845
0.1580000062193721,0.439802970085293
0.0,0.2278760350565426
0.0,0.1911057275673374
0.0,0.18219388248631724
0.0,0.24869303026236594
0.0,0.8441823950968682
0.0,0.7520642646960914
0.0,0.5455452199652792
0.0,0.4017517798580229
0.0,0.4628136638738215
0.0,0.6375197004154325
0.0570000019390136,0.8126866941154003
5.692000021338463,2.8357868714630605
9.972999622225762,7.621817078739404
16.414000499248505,13.235341607034206
15.3179999011755,16.605130160450933
23.48800085306168,17.316790758371354
25.303999137878417,18.365466207563877
19.2130009162426,17.899157157838346
9.63199954390526,15.437115621268749
9.41300050854683,12.137544293403627
19.44800042510033,8.315241193473339
9.13600027024746,4.838961041942239
3.5490000185370447,2.463869928289205
0.1910000039637089,1.2641063751094044
0.0,0.9709704860113562
0.0,0.7377964483760298
0.0,0.5366995474137366
0.0,0.7677834718488157
0.0,0.7980415238812566
0.0,0.6983844027295709
0.0,0.4819853480346501
0.0,0.3780282921902835
0.0,0.4864390741847456
0.0,0.7168664644286036
0.1270000034756958,1.033526605516672
8.38200003683567,3.8102193020284174
10.45300047636032,10.170083760023118
14.906000032424927,17.61306961596012
23.309999179840087,22.41162394225597
42.36399975538254,23.9270916390419
41.50899935722351,25.247695546150208
24.52000058412552,23.254879191815853
13.599999895095824,19.092002213597297
11.56400023460388,13.854001249969006
16.773999856114386,9.206946400552988
10.687999985218047,5.193172936141491
5.0000000822544095,2.431435367688537
0.1739999983180314,1.0955903163552283
0.0,0.7889200087636709
0.0,0.5592321461811662
0.0,0.3510137251019478
0.0,0.699117126595229
0.0,0.5266117007471621
0.0,0.35522129505872724
0.0,0.2440435425424948
0.0,0.22557628391310575
0.0,0.2735911354888231
0.0,0.4079597780760378
0.2139999946113676,1.078852850571275
9.197000278234482,5.101088567972184
5.730999891757965,13.6995869243145
7.123000006675721,24.994783312082294
20.903000093698505,36.33112084031105
41.294001467227936,45.200010766983034
55.65999886989594,51.51415705561638
62.66199914693833,54.52788012981415
58.73199940681457,51.40265285730362
51.15900200128556,44.0887645316124
40.71100090265274,29.834896762967105
21.14299898028374,16.537390543520452
6.759999790787697,6.471237972080708
0.5580000172927976,1.215870287846774
0.0,0.5051591243129224
0.0,0.27407223124057056
0.0,0.2056836421205662
0.0,0.3395985124539584
0.0,0.46550881744362416
0.0,0.3000570342224091
0.0,0.22752141528762876
0.0,0.22822068983223284
0.0,0.2926059311814606
0.0,0.5034516604337841
0.0449999998416751,1.5246013431996108
4.4620000791549685,7.9197596569359305
12.50400032401085,20.939528003931045
31.135999194383626,36.64340736031532
48.23899980068207,49.452835978269576
59.1789980006218,57.313192850351335
63.84200017690659,61.18990628957749
64.1650002360344,60.93446561098099
60.979998152256016,56.837832955121996
43.95000201702118,46.45530439734459
33.63700054883957,31.001817046403886
19.724999636411667,16.946148211061953
6.831000094711781,5.955899486839771
0.3649999862350523,0.864252212382853
0.0,0.3446537487022579
0.0,0.20862591869663444
0.0,0.18115482734749092
0.0,0.2601701670791954
0.0,0.6601192138716578
0.0,0.5052773402631283
0.0,0.30539392193779347
0.0,0.27651850068010386
0.0,0.3516759398207068
0.0,0.55517806279473
0.0449999998416751,1.0909221101738513
1.3049999793618918,4.4685047645866875
6.811999789178372,11.807366614937784
15.481000360250473,20.81488349378109
19.362000447511672,28.68169601261616
32.299999750852585,34.40161059558392
35.12400116443634,39.601198612451554
36.56700150489807,42.54401021718979
34.88900165557862,40.09787261724472
32.381000350713734,31.939426307678225
26.56799957275391,20.97548388183117
12.142999653816224,11.381484435498715
3.3219999761879446,4.539525865018367
0.2249999992083758,1.1738113089278341
0.0,0.6231812305282801
0.0,0.3498445313237607
0.0,0.255888381190598
0.0,0.4982913344260306
0.0,0.5259266194980592
0.0,0.3095237938314676
0.0,0.23667934034019705
0.0,0.2402374045550823
0.0,0.31675585958175356
0.0,0.6182382248155773
0.2600000080000609,1.8481783770397304
7.477999985814095,9.69509358048439
18.390999697446823,23.139511978030207
30.02499943614006,38.97848852872849
48.45400179862976,51.385830793380734
59.38700004816055,58.66170413017274
62.477999863624575,61.81550220966339
62.43600016117096,61.57314946651459
59.54799890756608,58.190172846317296
49.57999969005585,49.31412481307983
33.205000088214874,34.97158997893334
20.053999359607698,19.215188400745394
7.222999885082245,6.529770898073911
0.4259999942220747,0.8778627242706717
0.0,0.3064477239828557
0.0,0.20709680573083455
0.0,0.18569696473074143
0.0,0.26776598717551675
0.0,0.7185884024202824
0.0,0.4142758667841554
0.0,0.27871943230740726
0.0,0.2679057698743417
0.0,0.3547868791222572
0.0,0.7673540303856135
0.2529999934043735,1.659512652680278
7.712000235319138,7.517550578564405
20.98300040721893,18.2474190685153
35.03499827384949,30.66218491613865
40.000998890399934,40.77487339615821
22.7760003221035,47.30807212352752
43.333998165130616,51.236301336288456
57.283001456260685,49.530221580266954
44.01100099802017,45.3574788415432
37.60100180864334,38.35256499946117
36.89799974679947,28.443483058214184
19.326000409126284,15.723356697857382
7.898999864161015,5.518161757588387
0.634000019878149,1.2369057306274773
0.0,0.50114592788741
0.0,0.2595422601792961
0.0,0.21451142662670458
0.0,0.3586315050907433
0.0,0.4820820614229888
0.0,0.3114616560563445
0.0,0.24239610129967332
0.0,0.2519020388973877
0.0,0.3752946426160634
0.0,0.6492803822085262
0.0190000006463378,1.8331598324701188
4.918000223040581,9.527934333384039
19.94500101208687,23.586011455655097
36.45600053071976,39.77128426194191
49.78499882459641,52.21286425352097
59.09199979066849,58.87435227155686
63.93099895954132,60.5920411002636
64.00999898672104,57.17480621337891
40.22000203371048,47.9152972817421
36.093999574184416,34.29168282389641
30.55699977517128,21.427206620573997
13.53000039100647,11.222968062907459
3.6130001153051854,3.684408518597484
0.2339999927580356,0.685427344068885
0.0,0.27980571284890177
0.0,0.19736302121076732
0.0,0.17616162759484716
0.0,0.24846553636714813
0.0,0.5189234437048436
0.0,0.2936647076997906
0.0,0.22582963704597203
0.0,0.2289168272493407
0.0,0.30068872814066705
0.0,0.6110801984835416
0.0510000008903443,1.8103469622507689
7.082000077068806,9.382918488681316
20.62600088238716,22.469665197730066
35.830002031326295,37.45044433653355
49.077001492977146,50.46925424695015
57.51899919748306,58.0011105120182
61.72299934387207,61.31949780106545
63.05400047779084,61.1668031668663
59.50799977779389,57.81564468979836
51.91599898576737,48.6936001598835
39.18400115728378,34.276084929704666
21.097000186443328,18.797195029854777
7.444999779462814,6.516162279695273
0.4529999909177423,0.9125796052999794
0.0,0.30648784070275725
0.0,0.2017458330350928
0.0,0.17825203164131376
0.0,0.25626634487882255
0.0,0.5374699649494141
0.0,0.3358478398434817
0.0,0.2638832984631881
0.0,0.2779409031709656
0.0,0.4398170911706984
0.0,0.7628550686221571
0.0,2.0864397282525897
5.676999834179878,10.328130542337895
20.217999078035355,24.07703805327416
33.263000264167786,39.03891855835915
48.92800196170807,50.8182473731041
58.99699928998948,57.265267426967625
57.077998213768005,59.868901857137686
60.50499975681305,58.71208610892296
48.43400017976761,53.791975425481795
47.67699908733368,40.3475334072113
37.86699992418289,25.30350002169609
18.337000666856767,12.67549910902977
4.0329999640584,3.9660549791157247
0.068999996013008,0.6790694537386298
0.0,0.27343226525466885
0.0,0.20428501279791816
0.0,0.18636653886176646
0.0,0.26522093432489785
0.0,0.5088294992968441
0.0,0.30409600162878625
0.0,0.2358854304533452
0.0,0.2442433157842606
0.0,0.3433172521553934
0.0,0.669197755958885
0.1009999962570145,2.01860832426697
6.36300010919571,10.548257210552691
19.615001002550127,24.34740908384323
32.80400028824806,40.07051981806755
39.88499853849411,52.97804838657379
53.92599941730499,59.74137253761292
59.16100106239319,62.18783877372742
58.46800186395645,61.07171845316887
58.53499845504761,56.29385793566705
29.879998996257783,45.51110392689705
19.091000900268558,30.713968733549123
18.21400036454201,16.306587821245195
4.649999994337559,5.3761709061265
0.8750000272318721,0.7750987396761775
0.0,0.2795759082306176
0.0,0.19731452410807832
0.0,0.17908681244240135
0.0,0.25322084397077554
0.0,0.7051814267225565
0.0,0.6062101570609957
0.0,0.5016661775577813
0.0,0.4615565021522343
0.0,0.5802835714630783
0.0,0.814573303218931
0.0,1.390118544474244
2.135000022798777,5.389887101501227
13.527999818325045,13.811108067929746
24.14199915409088,23.499027623534204
25.806999388933185,29.850765781998636
40.19300046443939,32.27084766864776
34.73499863862991,33.462581009864806
37.83699954986572,30.303495995998382
21.40800091743469,23.270768237113955
7.299000080227852,15.660413628518583
3.208999969810248,9.679546008706094
1.566000000908971,5.191166073158384
0.1460000041220337,2.080971016995609
0.0,0.7280779643729329
0.0,0.49531125586479907
0.0,0.30360710718668993
0.0,0.25683962082955986
0.0,0.5196487379539758
0.0,0.7620599712803959
0.0,0.695119575690478
0.0,0.5213323404081166
0.0,0.4106470687687397
0.0,0.4923922028578818
0.0,0.6851219755969942
0.0,0.9173006050847472
0.1140000038780272,2.9756670057773587
1.7710000340640546,7.964412582963705
6.677999931573868,13.675291981995105
11.027999777197838,17.154078882932666
12.46299988090992,18.056966192424298
4.939000074267388,19.363623088598253
27.718000228405,19.239811465740203
26.829000364542008,17.658967251479627
9.545999566316604,13.59697695583105
14.56399966776371,9.179592317640783
3.41599993377924,5.125252826064826
0.0,2.3942965921387076
0.0,1.1208609293960035
0.0,0.8447969511523843
0.0,0.6628259371034801
0.0,0.4926281533576548
0.0,0.7371753131784499
0.0,0.5224461570661515
0.0,0.40665038438513873
0.0,0.31328704704530536
0.0,0.342160414326936
0.0,0.5113319160975516
0.0,0.8971602465584874
0.0129999995976686,2.2118369564414024
5.307000181376934,10.076106909662485
16.051999542713165,23.28392292678356
31.30600063085556,38.53567388415337
48.77399894475937,49.986120052337654
55.771998076438905,56.46824461102486
52.33399954557419,58.56806541562081
56.75600049495697,55.4828003013134
56.76399867773056,46.96845745205879
51.23800202846528,31.851485322713852
20.1800005209446,17.67548173248768
2.454999993145466,8.422078501433134
2.435999944359064,2.679722689539194
0.0629999989760108,0.49345173357054595
0.0,0.2595481011737138
0.0,0.21062091114232312
0.0,0.19677024652832187
0.0,0.27968407895416014
0.0,0.6432662761211395
0.0,0.4273748744465411
0.0,0.29233780707232654
0.0,0.292140769790858
0.0,0.4437072897329926
0.0,0.7512994153611363
0.1510000076703727,1.762440923266113
6.033000099658966,7.944993523061276
19.886000549793245,19.11572050213814
29.586999311447144,31.536932240128518
27.749999121427532,42.81040475010872
39.01799881219864,50.20210795879364
38.71399803161621,54.74217966794968
48.34800020217896,55.817567589283
55.90000186443329,50.95033035755158
51.01500184774399,39.90648312807083
37.41300137996674,25.8547995197773
16.313000334501268,13.33280636548996
5.452000107765198,4.545664685964584
0.0629999989760108,0.8606850657425821
0.0,0.3321085764281452
0.0,0.23165101037593555
0.0,0.20284843907575123
0.0,0.30843093414790923
0.0,0.8110238721221685
0.0,0.5294519966095687
0.0,0.3189622310362756
0.0,0.29067377355415375
0.0,0.4053270782157779
0.0,0.7568712426349521
0.0380000012926757,1.4189386527985337
5.924000211656094,5.541305446326733
19.64100023150444,13.883496859669687
35.075001511573795,22.85335511445999
45.44399847507477,31.108021986484527
22.53900024056435,37.025998399853705
34.38499906420708,42.19266939640046
31.86600077152252,42.88796699404716
31.36900018453598,41.234004826545714
32.68400084495544,33.5774968624115
28.80699984908104,22.02641613721848
12.851000066399576,12.094841104149818
4.525999919176102,4.944688560962677
0.1319999990006908,1.248916965406388
0.0,0.6384172237664462
0.0,0.3060081089194864
0.0,0.2427031787438318
0.0,0.4945075093582273
0.0,0.4650690740067512
0.0,0.30057396222837274
0.0,0.22525769297033543
0.0,0.21915356897516175
0.0,0.271230707806535
0.0,0.45060991697944697
0.0,1.2857300894707442
2.75100002348423,6.316843415945769
8.027999830543996,16.889702381491663
16.234000307321548,30.44524909973145
33.550000284910205,43.05812658667564
52.00300130367279,51.715672646760936
59.6720015501976,57.72268994927407
63.04799875974656,58.85751788377762
58.29000019073487,55.492616252899175
43.38400015830994,45.80790757536889
37.32799963474274,31.15178400039673
18.73000023007393,17.34691026329994
3.4679999321699144,6.406689977198839
0.0510000008903443,1.0451158124022186
0.0,0.4172957732249051
0.0,0.23125877717044202
0.0,0.19031193000730126
0.0,0.2831183108780533
0.0,0.5246938487421722
0.0,0.4300178281404078
0.0,0.3569529573433101
0.0,0.3659642477612942
0.0,0.47877257645130156
0.0,0.761513886442408
0.1009999962570145,1.6605409886315465
4.34999984562397,6.995348475575447
12.263000124096871,17.803727889657022
28.83999902844429,30.461470375657086
40.40099840402603,40.6661646592617
45.24300048589706,47.180431889295576
41.34199877977371,49.26905441641807
40.269999918937685,45.55896362304688
38.21000160217285,35.86045633435249
23.63999918937683,22.369873797893526
15.31299949645996,12.052188237309455
4.864999938309193,5.908052371293307
0.4929999872110784,2.1879356714710596
0.0,0.5605171489063651
0.0,0.3104618992563337
0.0,0.23824699745047834
0.0,0.21251202936517075
0.0,0.3304181541316211
0.0,0.7361863557994366
0.0,0.6862882809713483
0.0,0.564488559756428
0.0,0.433038777615875
0.0,0.4621692288853228
0.0,0.5928053797595203
0.0,0.7452174959704281
0.0,2.3409380811452865
0.1980000025127083,6.323564282357693
2.53500004991889,11.04427907794714
4.063000081628561,13.70232692837715
6.567999757230282,13.810308557748796
8.933999940752983,14.385119919776916
11.580999967455863,14.268797607123853
10.547999950051308,12.771906583309173
10.1290001308918,9.626193980574609
5.796000018119813,6.3255622875690465
2.2459999699890614,3.649547024816275
0.166999999769032,1.9895056658610701
0.0,1.1371346138045193
0.0,0.9243665073812009
0.0,0.767551484880969
0.0,0.6249878468923271
0.0,0.7468751509301366
0.0,0.7207630816660822
0.0,0.6660808472894132
0.0,0.5319474812410772
0.0,0.4078524738736451
0.0,0.4604066927731037
0.0,0.6124622515775263
0.0,0.814785151593387
0.0389999987930059,2.6522196933627127
1.5150000321120023,7.245585662573577
4.0790000416338446,12.524614541232586
5.101000247001648,15.404011689126492
8.468999787271024,15.645345660150051
9.403999985456467,16.28171879261732
10.71000012278557,15.928241323232651
10.052999935746191,14.18120631158352
6.01200024843216,10.705267761945723
5.93399999409914,7.079312192648649
2.979000095427036,4.064733252301813
0.6959999932721257,2.1399214136227966
0.0,1.1474585393443704
0.0,0.8997550280950963
0.0,0.72352295152843
0.0,0.5898576352745295
0.0,0.7380141377449035
0.0,0.5221618739422411
0.0,0.418911273535341
0.0,0.3082281842455268
0.0,0.31260480605997143
0.0,0.448776021245867
0.0,0.6877655230183155
0.0,1.5481689854338767
1.7790000140666962,6.977685565203428
6.627999992370605,18.200604846179488
21.278000664711,31.216623916625977
36.393000977039335,41.59250169992447
49.14900156974792,48.34597908973694
49.619998819828034,50.47905992865563
38.942999930381774,46.64781330347061
28.9549990940094,37.15978104948997
30.52400059580803,24.528212380409244
21.336999073028565,14.445415927469732
8.232000219225883,7.414240717738867
2.8810000194609167,2.710623539797962
0.0449999998416751,0.7000478344969452
0.0,0.3587361615896225
0.0,0.25739235701970753
0.0,0.2230564283742569
0.0,0.3313190151937305
0.0,0.4619228319916874
0.0,0.33281244834885
0.0,0.26118700557854024
0.0,0.2783483847416937
0.0,0.4048218482453376
0.0,0.7004009900055825
0.0,1.9271968900039793
2.520000119507313,9.549357817173004
10.879999505281448,23.228984202146528
33.320000153779986,39.28168004274369
47.68800018310547,51.30530260801315
58.390998301506045,58.541406860351564
60.15300166368485,61.051078047752384
57.6769992518425,59.405185952186585
53.98600016593933,53.14328459858895
47.53299893379212,39.05585769891739
34.91199797153473,22.588795809149737
16.463000152111054,10.957193060517312
3.388999904990196,3.6118753066658975
0.0,0.5798244436271489
0.0,0.2603172670677304
0.0,0.19712761228671294
0.0,0.18021635084296575
0.0,0.2492539181699976
0.0,0.5031237784586847
0.0,0.29332596211694173
0.0,0.2283702931040898
0.0,0.23431233351584518
0.0,0.3149289281107485
0.0,0.637621741304174
0.0129999995976686,1.9093817928433419
3.5230000193417075,9.996522269546986
15.955999782681465,23.68684422135353
35.94200123786926,38.93869068861008
49.23800035238266,51.58540948510171
59.34200154066086,58.591823756694794
54.58199829101563,61.394420685768125
53.31999842882156,60.83537564396859
54.18599992275238,56.89804731726646
48.71200173139572,46.74651506900787
35.342001967430114,31.77707798600197
18.385000033378603,16.84555678755045
5.640000022947788,5.761177164763213
0.0749999970616772,0.8420458427816631
0.0,0.2927648736257106
0.0,0.1988259335653856
0.0,0.17716005251975725
0.0,0.2531332370778546
0.0,0.5291272918786853
0.0,0.31114542397670447
0.0,0.2374612793978303
0.0,0.23846074735745787
0.0,0.31225280591286714
0.0,0.6089984777010977
0.0,1.6997515841573478
6.392000197172165,8.564742543548345
17.070000399947165,20.71849142432213
20.984000693559647,35.36138842046261
46.56599932909012,47.979642189741135
55.31099958181381,55.98850974678993
56.31000013351441,59.74595701217652
59.39699880361557,59.83404382944107
57.58500166416168,56.30467622756958
49.25400082588196,46.6478790307045
35.938998324871065,32.05647932231427
18.648999630212785,17.109395147264006
5.402000168561935,5.985308829545975
0.0439999983296729,0.8915026015974582
0.0,0.3248591321147978
0.0,0.2095844435319304
0.0,0.18347251066472378
0.0,0.27058438733220097
0.0,0.4794194184429943
0.0,0.28283948362804945
0.0,0.2234588351799175
0.0,0.23294344672933215
0.0,0.3202528340555727
0.0,0.6529668841138482
0.0,2.027601144947112
5.581000074148179,10.61287170290947
19.236999572515487,25.102927205562594
34.725998115539554,40.83673504710198
49.1599985575676,53.37016679406166
55.33199943304062,59.96665879368782
58.42000044345856,62.4800805413723
62.807999873161314,61.82892905116081
58.60100092172623,58.023843919038775
49.82699852705002,47.79837880253792
35.331000871658325,32.39451654016972
18.31299995660782,17.057590790092945
5.26600025177002,5.403266444802284
0.0380000012926757,0.7901204293966293
0.0,0.2706826331792399
0.0,0.1906098207226023
0.0,0.17252230696380133
0.0,0.2393486186256632
0.0,0.6086359188333154
0.0,0.3477716522663832
0.0,0.2539112206269055
0.0,0.2547695018025115
0.0,0.3671605443954467
0.0,0.7546969164162874
0.0,1.9245713951066137
5.427999911010265,9.228026613593102
17.915001015663147,22.033502354621888
32.2479992389679,35.57017405986786
38.538999271392825,46.61843733787536
43.74999815225601,52.887392045259475
47.37400064706802,55.78004144668579
50.11999821186066,55.23192355751991
46.30599882364273,50.94296890735626
47.48300104856492,41.21403607130051
27.84399933576584,28.275455492734906
13.993000485301016,14.872229585051537
3.4010000033676624,5.134605862796306
0.0,0.949944735430181
0.0,0.3336695019528269
0.0,0.21691010158974677
0.0,0.1891692333226092
0.0,0.29174085423350327
0.0,0.584548107162118
0.0,0.3472383245453239
0.0,0.2662090251827612
0.0,0.26317365775816143
0.0,0.33385368583723907
0.0,0.6707804407924414
0.0,1.5482570496574044
2.5620000787079333,6.920226098448039
14.59400004208088,17.417409910559655
27.9669996380806,29.254868301749227
41.51199816226959,40.2236047077179
26.76199966549873,47.84208535909653
34.29499999523163,52.92902819395066
38.86800104856491,54.33274624228478
43.40400177717209,50.74158066272736
48.07499802827835,39.60381743192673
34.15900007843971,26.19969496369362
15.534000131487849,14.253239251971245
4.206999978423119,5.372431642711163
0.0,1.0237097874097527
0.0,0.4149347437918186
0.0,0.24936585986521095
0.0,0.21255394732579586
0.0,0.3189305227808654
0.0,0.49111981282941997
0.0,0.32092588028870517
0.0,0.25613038129173216
0.0,0.26942721252329643
0.0,0.3973462258651852
0.0,0.6932628134265542
0.0190000006463378,2.0013309837132693
4.961999984681606,10.2578126719594
13.907999767065048,23.981399793028835
34.10799985289574,39.73308646917343
47.232999298572544,52.378005982637404
53.67600177526474,59.06701317191124
61.664000935554505,61.4608113539219
58.33899984359741,60.16031998038292
55.97200194120407,54.97432415008545
47.95000126123429,41.61679612874985
34.5789991569519,26.30588963389397
14.72300000846386,13.286797301769258
5.954999845325947,4.150719237178564
0.0,0.6716796329990029
0.0,0.27325952265877274
0.0,0.2047708182525821
0.0,0.18741747857886365
0.0,0.2589612577483058
0.0,0.45635933294892306
0.0,0.304030097881332
0.0,0.2383267173962667
0.0,0.241532251923345
0.0,0.30880073007196185
0.0,0.5434369419142604
0.0,1.5433561344072224
1.4330000445246698,7.945488531291486
16.945999811291696,19.733382939696313
22.13599986791611,34.64327936470509
40.72000142574311,47.922642300128935
52.308998548984526,56.47678504347801
54.70699916601181,60.18137323498726
47.70999826669693,59.99708023309708
56.79100024700165,55.87541577100754
49.551999888420106,44.70925837516785
27.232000737190248,29.00543447613716
15.707999632358552,15.085218172967434
2.8689999210834505,5.33692276135087
0.0,0.8279417347721756
0.0,0.3285240993648767
0.0,0.2184342842106707
0.0,0.1903498904535081
0.0,0.2650178233720362
0.0,0.512655045753345
0.0,0.3011174154095352
0.0,0.23636235406622286
0.0,0.24473034078720954
0.0,0.3408804342150688
0.0,0.6687332043424249
0.0,1.9901291759684683
4.412000139951706,9.95447892010212
17.60799937605858,24.353095516562462
33.66099920511246,39.67879782795906
45.35499969244003,52.00161692380905
55.278000402450566,58.644354194402695
41.68000108003616,61.24216971039772
47.70499888896942,60.5768067598343
55.289999730587006,56.568043199777605
45.88700003147125,45.61151254653931
33.023999609947204,30.5302980864048
16.81299972653389,15.776526949107648
4.387000170350075,5.092644158899784
0.0,0.8001000251062215
0.0,0.2835943840164691
0.0,0.1995687989378348
0.0,0.17938083189423196
0.0,0.25347058659885074
0.0,0.4164054869301617
0.0,0.27372790141031145
0.0,0.221443804432638
0.0,0.2322067432850599
0.0,0.31239268489182
0.0,0.6126059175748378
0.0,1.876495004482568
4.864000165462494,9.815053998231887
18.195999318361284,24.309119889140128
34.59799843549728,40.00685066819191
48.50899906158448,52.60874965310097
52.81700023174286,59.31703135371208
58.27300148487091,61.78773245334625
56.570998871326445,60.961625336408616
56.07799942970276,56.575671666860586
50.1350004529953,44.50662542104721
34.26599990725517,28.78665418922901
17.166000159978868,14.702328793406487
4.090999883264304,4.811161631345749
0.0,0.7562533809617162
0.0,0.2767410682421177
0.0,0.19435476867714893
0.0,0.17367973851971324
0.0,0.23684592100791635
0.0,0.4700998230092227
0.0,0.3295945418253541
0.0,0.26591529858298596
0.0,0.2946979378908873
0.0,0.4682181883789599
0.0,0.8090673957392573
0.0,2.1813025483489037
4.177000117599964,10.891700493395327
14.864000329971311,25.52825532495976
32.21999943733216,41.607744256258016
47.36299955129624,53.218306074142454
55.5789982700348,58.802048206329346
59.1980013871193,60.23988279700279
58.84399861335755,57.18724714636803
53.41900007486343,49.06136251926422
28.695000642538076,32.50109427690506
22.4330006980896,18.01717605471611
5.461000117361546,8.514848127365113
1.0829999566078186,2.6702279284596444
0.0,0.4676787308230996
0.0,0.2366041776537895
0.0,0.18968992828857145
0.0,0.17702204297995194
0.0,0.24487969533540305
0.0,0.6982600408978761
0.0,0.6493496397137642
0.0,0.4971781275421381
0.0,0.4027802120894194
0.0,0.4693419700302184
0.0,0.6529992021434009
0.0,0.8789216452091932
0.280000006146729,2.8911951863765717
6.9800001394748685,7.853526374697685
7.939999793767929,13.796262442469597
17.556000918149948,17.573415040671826
10.944000372290612,18.51275939822197
16.93899986088276,19.522338953614234
21.588999341726304,19.007469801902772
11.14100029706955,17.020400472581386
23.55200069308281,12.350778331458569
11.855999633073807,7.80702743768692
4.363999746441841,4.314880064353347
0.8180000092461706,2.0916920659691094
0.0,1.0363837183080613
0.0,0.7974074550531804
0.0,0.6448108019307256
0.0,0.4835775004141033
0.0,0.6734936147928239
0.0,0.4003183613158763
0.0,0.2935391985299066
0.0,0.24206136738881467
0.0,0.2538155502732843
0.0,0.32866863188333806
0.0,0.5876189618371428
0.0,1.7205098364502192
3.851999999284745,9.023184608221055
16.73399969935417,22.556310123801232
32.45699951887131,37.73174560070038
40.80400083065033,50.49328576683998
43.388999536037446,57.72192792415619
58.72499945640564,60.66288684248924
58.471000669002535,59.92499183535576
55.10600044727325,55.27660369873047
46.12899949073792,41.08957333803177
30.829999895095828,25.624433780908586
15.33700020670891,13.167283623814583
2.962000105828047,4.4271625912189485
0.0,0.7258227628469467
0.0,0.302596422592178
0.0,0.21902091902913523
0.0,0.19622752146562555
0.0,0.2631934192543849
0.0,0.4992930810153484
0.0,0.3093021409306675
0.0,0.24489913589786733
0.0,0.2476173966983333
0.0,0.3144667514041066
0.0,0.5893865366093815
0.0,1.5741749539971353
3.8509999696910384,7.752315163910389
15.000999506115914,20.139729239344597
29.26499953866005,34.142887663245205
45.0299990606308,46.30958301186561
48.19999890327454,53.85536934256554
60.05300178527832,57.53715634584427
62.87599880456924,57.83376692056656
60.43099910736084,53.40643384933472
50.89299977779388,41.07439445495606
34.73400040626526,26.679937160015108
17.30099979043007,14.252846942543984
3.620000065714121,5.119512733221054
0.0,0.8747489928454162
0.0,0.3420428883843124
0.0,0.2262615336524322
0.0,0.19636989971622826
0.0,0.2776753224618733
0.0,0.4297085763700306
0.0,0.2911008160375058
0.0,0.2346922869933769
0.0,0.241255125622265
0.0,0.3101070909388363
0.0,0.6311129960604012
0.0,1.658451003804803
3.735999904125929,8.316131592094898
17.690000262260437,22.44479668259621
33.624000934362414,37.79307321786881
48.87599939584732,49.35952384591103
54.56299901247025,55.62389202475548
53.34799823045731,57.82530043125153
44.1929997086525,56.7823242521286
47.33099860429764,51.95814452052117
41.73499834299088,40.05748733997345
32.72600054740906,25.266164898872375
16.754000291228294,12.664252563118936
2.3409999571740627,4.517793257832528
0.0,0.8778611837886274
0.0,0.3316305455937982
0.0,0.21959619279252365
0.0,0.1893762636790052
0.0,0.2618050517886877
0.0,0.4410889837518335
0.0,0.2898057761089876
0.0,0.23440996156539767
0.0,0.2462650941638276
0.0,0.3377848355472088
0.0,0.6423590926639735
0.0,1.9028694050014021
3.1600000602006912,9.765543932318687
17.26000037431717,24.724175047278404
32.93599905967712,40.15303419828416
42.3039990067482,52.05867843270302
48.45299945831299,58.39572860836983
54.64699841737748,60.783683228492734
59.570999331474304,59.90783702731133
55.89400014638901,55.44366589546203
47.56200107574463,42.25523761510849
31.63500035405159,26.587280246019365
15.599000257849694,13.540814061462878
3.1889998914301394,4.435979283452034
0.0,0.7456594217568636
0.0,0.283082157690078
0.0,0.20282412633765487
0.0,0.1818483672069851
0.0,0.2500814940081909
0.0,0.4652687910851091
0.0,0.2909746409300714
0.0,0.23248418249655511
0.0,0.244064643937163
0.0,0.3395765445381403
0.0,0.6469775380659849
0.0,1.9471787393465636
2.4390000331401827,10.073772822618484
17.02899995684624,24.646937331557275
31.767999411821368,40.3822620344162
46.60500022649765,52.73450639128686
52.30399917125702,59.214885070323945
53.64200025558472,61.539714844226836
55.1839981341362,60.51982330203056
52.645998508930205,55.88036379933358
43.66700108766556,43.86559181690216
29.999000207185745,27.90920691370964
14.43799953341484,14.017883891761304
2.728000113070012,4.625354849100113
0.0,0.727181371729821
0.0,0.2735164622263983
0.0,0.19718062653206292
0.0,0.17843509426340454
0.0,0.2463734574476257
0.0,0.44717656762339175
0.0,0.3614212057460099
0.0,0.28642819701693945
0.0,0.3477030366286635
0.0,0.5058119356725366
0.0,0.925490401359275
0.0,2.395847921743989
3.562999919354916,11.84485373198986
15.678000285029412,27.06489540696144
30.967000098228457,43.50326838612557
44.80100126981736,54.80606448531151
52.54599863052368,59.73598495841026
55.49299829244614,60.21855430960656
52.74599838733673,55.24313621282578
44.60600089073181,43.53394657254219
35.05999927043915,26.134398037791254
21.46199994802475,13.108165057897567
11.525999623537064,6.008954972177745
0.94299998562783,1.9764198485761881
0.0,0.40728997327387334
0.0,0.22303618948906662
0.0,0.18467280292417848
0.0,0.17396557817235583
0.0,0.24415380735881628
0.0,0.3927860941272229
0.0,0.3321925166528672
0.0,0.28078847620636227
0.0,0.3067931289412081
0.0,0.440225190538913
0.0,0.7693825563974679
0.0,2.0034952326118947
1.6320000284910203,9.491605145335198
11.650000212192536,23.274427395462993
22.910999952554704,39.06857591867447
41.45200152158737,51.326735848188406
51.513000667095184,57.61490550160408
55.44700155258179,58.40226230621338
50.12300112485886,54.966075382232674
35.068999793529514,44.514342209100725
19.76699933886528,26.57587040901184
8.687000076770783,12.806955630779267
4.20100005760789,5.872154261469841
0.2100000046100467,2.088168726786971
0.0,0.455631904490292
0.0,0.2360319607844576
0.0,0.19229301398620005
0.0,0.17440825213561767
0.0,0.24009026444982734
0.0,0.4280114626046271
0.0,0.3633237652573734
0.0,0.3110634093545377
0.0,0.3433414666075259
0.0,0.4687469267472625
0.0,0.7818183865398168
0.0,1.890759547278285
1.5079999533295632,8.6663912512362
11.289999828338622,22.325972113609318
25.60599934577942,37.44322563767433
34.34499993443489,48.74665846943856
48.57800033330918,54.68063843727112
51.66499900341034,54.81862865686417
42.76199869632721,50.2015492773056
44.43200036287308,38.01720513939857
28.07999913096428,21.5775936126709
10.62800026357174,10.723044411242007
7.973999772965908,5.165697925388813
2.7780000522732737,1.880735052935779
0.0,0.4675433128233999
0.0,0.2607743248809129
0.0,0.21116699598031116
0.0,0.19396801541559394
0.0,0.2746591147826984
0.0,0.3955372024979442
0.0,0.31106199724599715
0.0,0.256981393317692
0.0,0.2702113580005243
0.0,0.3447463220451027
0.0,0.5711797718890012
0.0,1.7034703078120947
1.738999985679984,8.706625047773123
14.22399987578392,21.57451162159443
28.059999566078183,36.966651842594146
40.88199851751328,50.330031641721725
46.7840001320839,57.95737725377083
42.48799829006195,60.71640113472939
43.39500125408173,59.789486926794055
47.30799818038941,54.54182251930237
39.80799908399582,39.73993853330612
27.330000042915344,24.30710596561432
12.837000165581705,12.18890961319208
2.1819998732209207,4.166331765949726
0.0,0.6760867595672607
0.0,0.3112011541239917
0.0,0.23200060753151772
0.0,0.20839435696601866
0.0,0.27195313772186636
0.0,0.4531544884294272
0.0,0.3079557596240192
0.0,0.2500566858286038
0.0,0.262642408083193
0.0,0.3670242438279092
0.0,0.6318622480146587
0.0,1.7680627199262382
1.4919999933242798,9.093031091094018
14.004999813437465,22.57519437968731
28.791999661922457,37.822882572412496
40.806999635696414,50.11624559760094
48.42700022935868,57.093971985578534
54.706000933647154,59.69915716767311
53.83400182962418,58.63938357234001
49.98299800872803,52.486014313697815
41.92600168466568,37.4805730843544
27.929999313354493,22.5794615149498
13.132999682426451,11.467957341074944
2.1419999732077124,3.914794412106275
0.0,0.6928059321269393
0.0,0.2907883388828486
0.0,0.21219274440314614
0.0,0.1899185574869625
0.0,0.25923075384926053
0.0,0.410606197854504
0.0,0.34819717833772296
0.0,0.29152249090373517
0.0,0.3031055920245126
0.0,0.38829589385539287
0.0,0.6064802709594369
0.0,1.5306062705814836
1.111000014990568,6.4723016749322415
6.591999953985215,17.155063250958918
15.585999616384507,30.200178946256635
37.37699928760529,41.35739333033562
42.72899951696396,49.50751282095909
49.7140010881424,52.22390232086182
37.7690006184578,50.154422850608825
48.27100074768067,42.643714323043824
37.97499798536301,27.024957896471022
18.079000734090805,15.071816492676735
6.451999918818474,7.331950991153717
0.4460000084154308,2.892867122888565
0.0,0.6193633864820003
0.0,0.3251841577794402
0.0,0.24678417242597786
0.0,0.20975747897988184
0.0,0.2952866347087547
0.0,0.49250574922189116
0.0,0.30610779094509777
0.0,0.2442313610017299
0.0,0.2540509311156347
0.0,0.3555634425394237
0.0,0.6644591690041125
0.0,1.8736915839090944
2.69200007468462,9.174633505940438
13.892999579906464,22.7056578040123
28.681998974084856,37.72078969240189
42.00699817657471,50.05658170104027
49.38099816560745,56.83465134620667
52.163001930713655,59.36100081920624
50.97100157260895,58.14301355600357
46.86700130462646,52.840351885557176
38.79199982643127,39.72434885501862
26.44800012946129,24.847866512537003
12.010999855399133,12.626187765300273
1.7360000252723695,4.266716764867306
0.0,0.7456471941806376
0.0,0.288225201414898
0.0,0.20745782010490071
0.0,0.1860183939314447
0.0,0.2631924724997952
0.0,0.40549109141342343
0.0,0.3339908368792385
0.0,0.28596525006927553
0.0,0.32547919218428434
0.0,0.46346780710853636
0.0,0.8323607840295881
0.0,2.174665060527623
2.435999944359064,10.356640243530276
11.970000439286231,24.607359266877175
25.94900102376938,40.69590623259545
39.83500065326691,52.49006886243821
48.26900017499924,58.50707054257393
52.41099900007248,59.66699395656586
51.08199843883514,56.18946871042252
47.51300142288208,46.83244931936264
38.49699956893921,28.11781899213791
13.082000483870509,14.483002662360668
6.494000134766102,6.513289023935795
0.3580000037327409,2.1785757667571306
0.0,0.42594344569370146
0.0,0.23192113630939276
0.0,0.19561258430127054
0.0,0.1788771383941639
0.0,0.2425578117975965
0.0,0.4905844792723656
0.0,0.3848165546916425
0.0,0.2961141222901642
0.0,0.3182320104539394
0.0,0.5189272307232022
0.0,0.8235796993970871
0.0,1.8739832485094667
2.1859999915957453,8.074417122006416
14.319000376462936,21.08306806683541
30.09300042152405,35.07563002824784
42.74000061273575,44.37291157960892
51.209998118877415,47.78168408513069
38.09999886035919,48.31597255349159
39.08099836587906,43.826247905492785
35.738998568058015,35.463427897095684
21.660999418497084,22.54608337700367
24.772999085187912,12.3217150837183
7.204999865889549,5.745633700937033
0.6669999694824219,2.1815247628837824
0.0,0.6535081068053842
0.0,0.3007657041028142
0.0,0.22819685247726734
0.0,0.1994348853151314
0.0,0.2920037150289863
0.0,0.4205282982811332
0.0,0.30737563976086674
0.0,0.2608756356453523
0.0,0.2847244318993762
0.0,0.4409070464037359
0.0,0.7185799618624151
0.0,1.959631675258279
2.6990000250935555,9.768794349431992
14.229999539852145,24.77731038093567
29.23900030970573,40.21657805562019
41.69299864053726,51.482552525997164
47.77499839305878,57.11828284621239
51.201001703739166,58.855983563661574
53.56799960613251,56.62545593857766
43.51899978876114,48.75550494432449
41.71200202703477,31.00355060219765
27.104999289512637,16.69425012767315
10.56199985086918,7.982965891957283
1.9280000588297843,2.743977479338646
0.0,0.5556368536502123
0.0,0.26541533994954075
0.0,0.20782800516113636
0.0,0.1897641101211775
0.0,0.25714212496764954
0.0,0.44349958140403034
0.0,0.41678776717744764
0.0,0.3629251173883676
0.0,0.3431226700171828
0.0,0.40915897916071114
0.0,0.5531297672633082
0.0,1.0882621148973703
0.6719999890774488,4.420656750425696
3.692999915331602,12.609192653894423
3.7240000624954703,22.304061324000358
8.681000412702561,28.66283640444279
12.623999767303468,30.864731603264808
30.20999900579453,32.339158804416655
30.17599954009056,31.323572396039964
24.165999864339827,25.0867562520504
14.741000027656556,14.728418397307395
6.358999990820885,7.746346309483052
0.6230000152811408,4.032516252696514
0.17700000686571,1.8402296180650592
0.0,0.7086947688180953
0.0,0.48017199206165967
0.0,0.3745790566131473
0.0,0.291007809434086
0.0,0.401561851259321
0.0,0.46136625261977315
0.0,0.4145002797152847
0.0,0.3330290465429425
0.0,0.3426183868013322
0.0,0.4555395878944546
0.0,0.6496769279614091
0.0,1.3444293233379723
1.4060000157356265,5.047434348613024
13.3080004966259,13.912815827429295
26.788000948429108,24.661536993384363
13.782999919056891,33.031174148321156
22.14400010466576,38.03077678620815
39.44700046777725,41.345038664340976
29.875999904870987,41.03248512744904
28.14300073862076,33.35688648283482
40.43900106906891,20.11243292450905
15.39199952363968,10.868563480079175
5.86399997651577,5.0298633536696435
1.806999944075942,2.2605688221752644
0.0,0.6440942852199079
0.0,0.3881885736063122
0.0,0.2831028017541394
0.0,0.24187971888110038
0.0,0.32525423366576434
0.0,0.3465410317666829
0.0,0.262231211704202
0.0,0.21934158400632442
0.0,0.2328821483813226
0.0,0.3049092477746308
0.0,0.5683673491235822
0.0,1.6611946665123107
2.222000029981136,8.635445277690888
13.490000234246256,22.65063178539276
28.52400097370148,38.01751118183136
42.7070014333725,50.42477128744126
50.88199868202209,57.31314150094987
53.151001386642456,59.78858112335205
51.21199869155884,58.69100615262985
48.41199798822403,53.33648364067078
41.439998085498814,36.75454595088959
26.307000834941864,21.376369686126708
11.50600005865097,10.74293665587902
1.217999972179532,3.7927705186605456
0.0,0.6852248348668217
0.0,0.2797425209917128
0.0,0.2009912254987284
0.0,0.17772054126602596
0.0,0.23698019969277084
0.0,0.6471357744559646
0.0,0.6314608561620116
0.0,0.4950446240976452
0.0,0.4091606961563229
0.0,0.4501474032923579
0.0,0.6194303332641721
0.0,0.7970892813242971
2.5080000211298468,2.63689035654068
5.319000023007393,7.446347957998515
4.210000067204237,13.162986192405224
2.140999943614006,16.32186529517174
3.1639999218285086,16.422186107337474
4.891999967098236,16.460848612189295
15.359000344276428,15.477026943564415
11.834999781847,13.049629821181298
7.8500002112984655,8.947182615846396
7.523999806642532,5.662238164991141
1.7410000448673963,3.1645610424131156
0.1520000051707029,1.6884971432760358
0.0,1.0047938232682645
0.0,0.8364825844392181
0.0,0.7169973091222346
0.0,0.5981323987618089
0.0,0.679854714460671
0.0,0.5090973827056587
0.0,0.4855049322918057
0.0,0.3767481516115367
0.0,0.3161984778754413
0.0,0.37137799911201
0.0,0.5587456747889519
0.0,0.817637097351253
1.4550000537186862,2.8314161387830974
2.916000028252601,8.117553956955671
13.759000235795977,14.295706233978272
12.364999548196792,18.12035292059183
12.421000178456309,19.2312797626853
13.857999827861786,20.191639376282694
22.795999886989595,19.837807082533836
13.193000431060792,17.234955730736257
12.586000183224678,11.585465824902059
7.568000081777573,6.956560164690018
3.757000012099743,3.891488202512264
0.2040000035613775,1.956007370315492
0.0,1.0620564613491297
0.0,0.8242144421860577
0.0,0.6762213591858744
0.0,0.4901920414716005
0.0,0.6223725255951286
0.0,0.4929078952688724
0.0,0.3678947766497731
0.0,0.276969179934822
0.0,0.2869913956476375
0.0,0.4399471335299313
0.0,0.6870696904882788
0.0,1.6531784472614528
2.4439999243617057,7.776186473667622
12.429000415205955,20.1881106454134
24.729999096393584,33.73691107928753
38.4920001912117,44.56234568357468
49.11999942779541,50.35053032279015
54.36799863338471,52.00071933627129
49.2499996805191,49.39808519244194
39.36699810028076,41.88470854997635
32.23999900221825,27.990145894289014
17.069000113606453,15.506826028227806
9.401000153422356,7.4530780673027035
0.6259999756887555,2.803944208994508
0.0,0.690676697101444
0.0,0.3271215867437422
0.0,0.23261737000662835
0.0,0.20212031860370186
0.0,0.29677601607516413
0.0,0.45696020117960867
0.0,0.3717425798624754
0.0,0.30982961161062117
0.0,0.3348557854536921
0.0,0.4910166326258331
0.0,0.7659335775673389
0.0,1.7717579512298107
0.6710000236704946,8.15137344300747
8.560999942421914,20.680047154426575
20.23299926519394,34.407987164258955
36.05100163936615,44.87406530618668
38.58599835157394,49.63003043889999
36.955001690387725,49.75604187011719
40.18300170898438,44.72361977577209
24.758000952005386,34.56595640897751
23.653000857830047,20.23367399632931
16.00100034415722,10.610100375711918
5.215000026226043,5.111939466744662
0.1999999975133687,1.9473529421910643
0.0,0.5739528000354768
0.0,0.3070336848404258
0.0,0.24628532101400197
0.0,0.2210511379665695
0.0,0.3108062451332807
0.0,0.3839875506982207
0.0,0.30722435158677397
0.0,0.2581208766531199
0.0,0.2687088825367391
0.0,0.3375798872485757
0.0,0.6014879377279431
1.7689999748766423,1.5588814333826304
12.980000032782556,7.377716658711433
27.596000212430955,20.109803835153585
34.42799905300141,33.77684242784977
34.84100023508072,45.09665469169617
46.44999897718429,51.71870431542396
26.95499947190285,54.291407920122154
36.83400196075439,53.36546935081482
33.5909997010231,47.837190734148024
16.793000161647797,31.45852478504181
9.749000182151796,17.82304861545563
0.3570000062324107,8.996693452000619
0.0,3.5053652227669954
0.0,0.7574834237806499
0.0,0.33948687564581637
0.0,0.2471762892929837
0.0,0.21457171403337266
0.0,0.286898701954633
0.0,0.3670349951088428
0.0,0.28896425569895656
0.0,0.24609908315353096
0.0,0.2661221082974225
0.0,0.3777544715069234
0.0,0.6399042382463813
0.7909999804571272,1.7976178307458759
11.1330000603199,8.84928267121315
27.218000836372376,23.62824633836746
39.78100162267685,39.17452411174774
43.88600012302399,50.93628526926041
47.070998098850254,57.003582661151896
46.91800153017044,58.49203132987023
40.63400144815445,56.048060674667354
38.6349980044365,48.57083401083946
24.043999848365782,31.56974758863449
8.932000395059585,16.96771752715111
0.5220000110007823,8.140121248662473
0.0,2.896594062447548
0.0,0.6075745267048478
0.0,0.2769399910094216
0.0,0.2114094534120522
0.0,0.18956133414292703
0.0,0.2487491856468841
0.0,0.5501082561537624
0.0,0.511940213944763
0.0,0.4339181040227413
0.0,0.4479010916315019
0.0,0.6048603257164359
0.0,0.8914706045016647
0.064000000488013,1.596952393129468
5.868999867737293,5.585065406262875
25.32799984812737,15.034820275902748
32.80199971556664,25.986050643920898
37.27200003147125,33.377055500745776
34.29000061750412,34.65858045935631
36.02300183773041,31.99992617249489
11.024999945163728,25.72616310715675
12.357000338435173,18.048774935901164
4.369999924004078,10.455496057271958
2.100000014007092,6.214460155069828
0.4279999892227352,3.244189201146364
0.0,1.4136773289367557
0.0,0.6912598016485572
0.0,0.4251603031344712
0.0,0.3100569289922714
0.0,0.2686374587286263
0.0,0.4241868147626519
0.0,0.3462097318470478
0.0,0.27158950372599067
0.0,0.22959075605031098
0.0,0.24725430026650425
0.0,0.3376935298927128
0.0,0.6041185515187681
1.493000022917986,1.761696677878499
12.572000282406806,8.891067733168603
26.993000082969665,23.67651580274105
39.956998615264894,39.297045837640766
47.4539989066124,51.397084528207785
47.706001229286194,57.78027316808701
46.451999549865725,59.85165462017059
47.4780016708374,58.25086373090744
39.39699847459793,52.2019822883606
24.68799939393997,34.65421576023102
9.506999695897102,19.27283118486405
0.4169999846257269,9.384325975775718
0.0,3.27134712934494
0.0,0.6375725902989506
0.0,0.27179107419680804
0.0,0.2028870012727566
0.0,0.18166011348133906
0.0,0.2395824028225615
0.0,0.3276891901902855
0.0,0.2701425658492371
0.0,0.22966469116508959
0.0,0.24606849816627793
0.0,0.3164335939474404
0.0,0.5522115757782012
1.7710000340640546,1.590701373741031
12.493999514579771,8.162034092247486
26.88499996781349,22.16336909890175
41.1520018863678,37.65501727104187
50.14299863576889,50.253605246543884
53.01999879360199,57.1597670006752
51.91500075340271,59.57261581063271
47.9889980506897,57.85928551912308
39.23599961519241,51.24411055326462
24.53599900364876,33.392002284526825
9.258999545574188,18.286347563266755
0.3729999983310699,9.034103544950485
0.0,3.303965552896261
0.0,0.6449472950585187
0.0,0.28711473851464686
0.0,0.21176051883958275
0.0,0.187189102115808
0.0,0.24319970338605346
0.0,0.3585144926421344
0.0,0.28601879786700013
0.0,0.24154427089262748
0.0,0.2573157501313835
0.0,0.3384423004463315
0.0,0.5675257163867354
1.4079999465495348,1.5881025805324316
11.758000327348707,8.043399002552032
25.905998980998994,21.500777989029885
37.07299850702286,36.5917437005043
44.127001349926,49.12458801031113
51.64800029754639,56.11333808779717
50.895000350475314,58.37398316383362
47.88799993991852,56.73644664287567
39.2260008597374,50.09667736768723
24.20500076174736,32.7559475183487
9.000000353455544,18.035507791042328
0.323999992441386,8.844497933983803
0.0,3.2492173345386983
0.0,0.6357525428570807
0.0,0.295965882986784
0.0,0.21907571846852075
0.0,0.19337857242673634
0.0,0.2556509463721886
0.0,0.3744442965276539
0.0,0.2988216077396646
0.0,0.25197213885374364
0.0,0.2641770732030272
0.0,0.3339583423361182
0.0,0.5657394151296467
0.5279999960027635,1.466111550703645
10.5839999884367,7.257515412271023
13.996999576687813,19.34422841966152
38.199998738765714,33.16838899195194
45.39999819993973,44.911538045406346
45.59600091934204,52.225344212055205
41.00499881982803,55.55509615063667
45.97900172710419,54.27692944288254
38.05900149822235,47.34587760686875
23.514000082015997,30.571821266412737
8.400000056028366,17.017487421035767
0.2430000023543835,8.602028114199639
0.0,3.382452599555254
0.0,0.6968453007005155
0.0,0.3258839538414031
0.0,0.2384782623173669
0.0,0.20792191439075397
0.0,0.2797066165274009
0.0,0.3366703609749675
0.0,0.29089271456468846
0.0,0.2517785355634987
0.0,0.2737689167447388
0.0,0.3708448960445821
0.0,0.6381937575899065
1.5590000505000354,1.8137170876562596
11.11600032746792,8.636082010269165
26.149999012947085,24.235323610305787
38.64099972248078,39.78779617547989
48.2570008468628,51.28822790503502
50.31199978590012,57.10681549787522
49.50500080823898,58.783020172119144
45.73599992752075,56.73659863710404
37.08899898052216,49.17077782392502
22.86100001335144,30.215138053894044
8.142999896109105,15.720670610666277
0.1699999922700226,7.511726786196232
0.0,2.7203973206877707
0.0,0.6039487454667688
0.0,0.2833308091433719
0.0,0.2202658250927925
0.0,0.19822312167962078
0.0,0.2542208735644817
0.0,0.3427804583497346
0.0,0.3020047170203179
0.0,0.2669246914191171
0.0,0.29053327677771446
0.0,0.3739691059570759
0.0,0.5811441713850944
1.1370000141859056,1.4395520355924964
7.638000099360943,6.575501904785634
15.34599970281124,18.56087584137917
25.61399958252907,32.64291926980019
24.513000633716583,43.35452149391174
40.088999440670015,50.543526021242144
47.22799992084504,52.13038889884949
37.37499871492386,48.74440114974976
35.786001756191254,39.39528956651688
12.375000357627869,20.893297110795974
6.386000019609928,10.2122251868248
0.0839999986346811,5.047341149449348
0.0,2.14527490966022
0.0,0.5283982587512582
0.0,0.29663945876061915
0.0,0.23314017912372945
0.0,0.20414876839378845
0.0,0.26302467228379095
0.0,0.49159692900255325
0.0,0.46255863386206325
0.0,0.3893184850923717
0.0,0.3569063898548484
0.0,0.430944460183382
0.0,0.5534386018197983
0.0,0.9425849540904164
0.1439999930746853,3.1522796776890756
3.420000052154064,8.969087500274181
7.339000236988068,16.293320676386358
17.521999398469926,21.494071757197382
21.51400045990944,23.623390738964083
26.872000353336336,24.91496169447899
29.29199905395508,24.86454069018364
15.951000404953955,21.099057243466376
12.662000378370283,12.587454911768436
5.375000139772892,7.00064619332552
0.0,3.5301108844578266
0.0,2.0386547454819084
0.0,0.7866712740529329
0.0,0.5609690396860242
0.0,0.47110222751274705
0.0,0.3591057810001075
0.0,0.47100190361961725
0.0,0.3440673706308007
0.0,0.2850016625039279
0.0,0.24614090884570028
0.0,0.26778690403327343
0.0,0.3815164570324123
0.0,0.6224962936993689
1.1720000229775906,1.6841076680645348
11.499000108242036,8.244234727621079
25.74899921298027,22.295071070790293
39.21299919128418,37.30139653682709
44.77800084590912,48.94580377221108
49.238998584747314,55.21228549242019
47.02300078630447,56.9910698390007
42.88600133895874,54.61083611488343
32.6190007185936,46.52102546930313
20.886999620199205,27.47611373782158
4.695000042319298,14.107923526763916
0.0,6.775631575584412
0.0,2.577082681655884
0.0,0.590917422734201
0.0,0.27853394864127035
0.0,0.2150256106490269
0.0,0.191984538474353
0.0,0.2525394374132156
0.0,0.4494754963740706
0.0,0.3870685147866606
0.0,0.31385652795434
0.0,0.3302581044659018
0.0,0.4798975134640932
0.0,0.7713779941387475
0.7629999862611294,1.5653561436012389
10.581000156402588,5.991841500401497
25.31399994730949,16.946182615160943
37.11800112247467,29.91059502363205
40.31499842643738,38.047554689645764
36.71400046348572,40.394791288375856
25.74099897623062,40.747814315557484
20.166000620126724,36.53488245427609
30.606999714374545,30.457026598453524
13.594999490380289,16.328962809443475
2.3430000163614757,8.282486437261104
0.0939999977080151,4.292616632729769
0.0,2.037982389256358
0.0,0.6989226086437702
0.0,0.3730962142720818
0.0,0.27077321673277766
0.0,0.2334493586840108
0.0,0.3240119311772287
0.0,0.35461641515605147
0.0,0.31659577782265846
0.0,0.2770895220711827
0.0,0.3053700444661081
0.0,0.40256709602661434
0.0,0.6682296111341566
0.1830000079143792,1.6054724141955377
9.019999918341638,7.8604454497992995
13.479000165462494,21.10900362253189
39.97400142908096,36.30870785355568
48.775001285076144,47.24163832187653
52.1879988193512,52.4832126903534
43.80499952316284,52.19569712162018
35.64799921274185,47.35676367998123
26.175000009536745,34.19654984176159
18.89199937582016,17.529974474012853
3.4110000425577165,8.002362358123065
0.0629999989760108,3.7601374605298044
0.0,1.4777571456506848
0.0,0.4336164904758334
0.0,0.2522264628112316
0.0,0.2021048094797879
0.0,0.18151442961301656
0.0,0.2531358286179602
0.0,0.5341855609510093
0.0,0.5304182158317416
0.0,0.4350248119980097
0.0,0.3661817606166005
0.0,0.3838592092879117
0.0,0.5233641720376909
0.0,0.7076677326485514
0.7340000266581774,2.195438204146922
3.6149999177455903,6.422706112265587
2.581999900341034,11.576231662034989
0.1889999929163605,14.28963724821806
2.2860001267492773,14.037170213460922
4.557999839186668,13.633339520990848
4.871000115871429,13.120055011808873
7.509000132977962,12.293764577507972
0.6430000294744969,7.387287673652172
0.0,4.222008894979954
0.0,2.6534896924346683
0.0,1.5231363126821815
0.0,0.9569882044568658
0.0,0.8043311195075512
0.0,0.726086682723835
0.0,0.6079870710056275
0.0,0.6090516243316233
0.0,0.3886595118045807
0.0,0.31955839758738874
0.0,0.28370526663027706
0.0,0.3167208136152476
0.0,0.45133594937622545
0.0,0.7232621126156302
0.9070000114291906,1.8103295676410198
11.371000428199768,8.619943920373917
26.19900071978569,23.594645344018936
39.56700196504593,38.70569380640984
49.5969983959198,49.15052972793579
50.481999168396,53.92387355208397
43.62100023984909,54.0713284933567
37.843001267910005,49.745648751258855
20.153001005649568,39.90387868642807
15.295000504255295,21.00591867208481
3.451999972164631,10.096200187206268
0.0,4.780784352421761
0.0,1.8898737701028585
0.0,0.4855812182463705
0.0,0.27184693271759897
0.0,0.22242442956892772
0.0,0.20200972884194918
0.0,0.26818434840068217
0.0,0.3364587853942066
0.0,0.28894340302795174
0.0,0.2462807798013091
0.0,0.24510491862427444
0.0,0.29248059050180014
0.0,0.44087968680076306
0.0129999995976686,1.1233943483978508
1.3819999473541975,4.818421923220158
5.298999944627285,14.055803884267807
18.65200048923493,25.701109734177592
39.14700083255768,35.3915253841877
51.97399916172028,42.86821596026421
50.56299976825714,47.65229591727257
45.7319987821579,47.07338071107864
36.2639989566803,40.327770049572
21.71699902176857,24.360162221193317
6.7869998195767405,13.239405912160874
0.0320000002440065,6.734220594018698
0.0,2.84671132825315
0.0,0.7503662683628498
0.0,0.39861014324240385
0.0,0.27314623304177077
0.0,0.21165520442649716
0.0,0.2806772566121072
0.0,0.3485337736643851
0.0,0.26840154032222924
0.0,0.23096062970813358
0.0,0.2536032525915652
0.0,0.36883918842300767
0.0,0.6024092422705143
1.0269999682158233,1.6837141390889883
11.044000250697136,8.537981546223163
24.45699897646904,24.234706390500072
38.54700156211853,40.20075011610985
47.99700034141541,51.60163589596748
50.24600142717362,57.182393600940706
49.51200075864792,58.315114156007766
44.95700075149536,55.36621456623077
35.80799983978272,46.75974678277969
21.37700025677681,27.390000791549685
6.526000054776668,13.94099483847618
0.0320000002440065,6.741962286531925
0.0,2.531247178912163
0.0,0.5395370992925018
0.0,0.2539997903211042
0.0,0.19495697279460725
0.0,0.1747832772741094
0.0,0.23250053407158694
0.0,0.3369314726814628
0.0,0.271780082215555
0.0,0.23374181759543716
0.0,0.2516853524465114
0.0,0.3535347239673138
0.0,0.573892352161929
0.9759999994188548,1.5591161643341183
11.07000050663948,7.641500588059426
25.359000508785247,22.117299442887308
38.82999838352203,37.246966171264646
48.08399855136872,48.82737767457962
51.0040007519722,54.85258498907089
50.13700102567673,56.344954698085786
45.61000082015991,53.85723229885102
36.15199975013733,45.7949243927002
21.59900015115738,27.056656908988952
6.426000176370144,13.970390316843988
0.0320000002440065,6.87566534459591
0.0,2.6991434182971714
0.0,0.602424454530701
0.0,0.282603308474645
0.0,0.21152205703314392
0.0,0.18524209127295754
0.0,0.24540349132381375
0.0,0.3237116334587335
0.0,0.2671822808776051
0.0,0.23160936520900577
0.0,0.25241102379281066
0.0,0.3653702154196799
0.0,0.6067228808347136
0.1069999973056838,1.6702326104789973
7.636999813020229,8.213074370324613
22.82800083398819,23.60646700322628
37.7530001449585,38.910101395845416
46.93599846839905,49.96173114061355
49.80399810314179,55.4849425983429
44.669998676776885,56.62945092201233
39.482000219821934,54.119126570224765
35.41799908161163,46.37216150045395
21.085000858306884,26.96348650097847
6.051999891698361,13.748044327497484
0.0320000002440065,6.671792815923691
0.0,2.583257190436125
0.0,0.5873610915616154
0.0,0.2701604739530012
0.0,0.20530923277372493
0.0,0.18175219740020104
0.0,0.24040833387523886
0.0,0.3169619792886078
0.0,0.2653766915015876
0.0,0.23080776093527675
0.0,0.2529636396327987
0.0,0.3508196885511279
0.0,0.5647781061939895
0.9169999864324928,1.5846441983431578
9.928000087738038,8.203375495374203
24.69800020337105,23.93757513284683
38.88299918174744,39.843840966224676
48.39299870967865,51.24419476628304
50.91500196933747,56.89433989048005
49.12100176811219,57.82020246267319
44.29299958705902,55.056869339942935
35.08400203466415,46.70297899246216
20.734000997543337,27.105159499645232
5.816999869346619,13.58806321322918
0.0129999995976686,6.526938721835613
0.0,2.4982433781027797
0.0,0.5455384322162717
0.0,0.2685548343323171
0.0,0.20403156338492406
0.0,0.18021752826869486
0.0,0.23515285903122274
0.0,0.3109509862586856
0.0,0.2782582344487309
0.0,0.24391737545840442
0.0,0.2653041043085977
0.0,0.3581904779188335
0.0,0.5859191201347858
0.740999977067113,1.580487785227597
10.137000367641448,7.788945259451866
23.875998984575272,22.601097071766855
37.063997983932495,37.74389281511307
45.94999958515167,48.90304820656776
48.66400031089783,54.46552552461624
47.76099849224091,55.62325734615327
42.20399912834168,53.00377649068832
34.16700031518936,44.3048222732544
19.9809989964962,24.77807856798172
5.352000229358673,12.448855174779892
0.0,6.1414726293087005
0.0,2.495600937902928
0.0,0.5851965859159827
0.0,0.2896752523491159
0.0,0.2241145349433645
0.0,0.1988382132933475
0.0,0.25765847529284647
0.0,0.332456661183387
0.0,0.2817956064594909
0.0,0.24519886395893992
0.0,0.2656225909478962
0.0,0.35751707865856586
0.0,0.5726430693641305
0.6199999906867742,1.5808514031767844
9.17500014066696,7.760397046208382
23.051001014709477,22.07207397103309
37.34400010824204,38.498800905942915
46.951000709533695,49.73563972592354
49.6659996676445,55.3265605044365
48.19799833059311,56.0362174487114
43.52599973917008,53.21955078363419
33.41799945950508,44.579615514278416
18.79299978375435,25.23789808034897
4.674000191092492,12.774617831707
0.0,6.132055149078369
0.0,2.391758712157607
0.0,0.5616788809746505
0.0,0.2858152937702835
0.0,0.2207930510607548
0.0,0.19581805411726236
0.0,0.25385855539701874
0.0,0.3584473212063312
0.0,0.2906919303815812
0.0,0.2546435994887724
0.0,0.2841357431048527
0.0,0.4128818910010159
0.0,0.6583966821525246
0.6179999956861139,1.7967402052879335
9.15300000309944,8.691081327199937
22.14000101327896,24.975952459573747
35.35499952793121,41.22407590627671
44.03700022697449,52.06047771573067
47.08600033998489,57.10806226134301
46.17799914360047,57.70061997652054
41.68799926280976,53.98826364755631
33.07199897646904,44.21602888822556
18.75100008130073,24.15374173521996
4.693999755978584,11.72768364071846
0.0,5.627743434309959
0.0,2.1423866342008115
0.0,0.5013514217734337
0.0,0.2593317837966606
0.0,0.20737716142786666
0.0,0.1881355678651016
0.0,0.24248269725125282
0.0,0.3367788365855813
0.0,0.31323977350257337
0.0,0.274523167242296
0.0,0.2824522930942476
0.0,0.33228693536482745
0.0,0.49434553408995274
0.1400000030733645,1.1111827867664397
2.9240000082552435,4.210536026582123
7.835000024139881,12.302853935062885
16.317999712228776,22.147271061539648
24.480999686717983,29.78315197110176
36.23300034999848,35.299438448548315
41.47300137281418,39.43499292373657
38.657998428344726,39.25199598073959
30.770999432802203,32.15004101276398
18.31400024294853,18.30737771064043
4.383000051975251,9.934425951838493
0.0,4.862207557857037
0.0,2.554278797581792
0.0,0.7391887713503092
0.0,0.44255340449512004
0.0,0.3255294022709131
0.0,0.26659711433108896
0.0,0.3264641699846833
0.0,0.2913243464007973
0.0,0.26539705474860964
0.0,0.24672904402948914
0.0,0.26451370062306523
0.0,0.35494412061758335
0.0,0.5640383217856288
0.1329999965010211,1.499341224692762
2.7450001026690005,7.191507297158242
19.38300029873848,19.791480679512027
35.40899855852127,34.646242225170134
44.93499855995179,46.882190457582475
48.1590015411377,53.655310020446784
46.93000085830688,53.52546586990356
43.68699859857559,50.14769813299179
32.00700006604195,40.55383065462112
17.941000244617463,20.306019141077996
3.993000064045191,9.793923206031323
0.0,4.627299964427948
0.0,1.966472057402134
0.0,0.5037200894299895
0.0,0.26631615287158633
0.0,0.21483235236257314
0.0,0.18403812432195985
0.0,0.23308810762129717
0.0,0.3691134263202548
0.0,0.3048044629022479
0.0,0.25629087224137037
0.0,0.27145261745434246
0.0,0.3649925084784627
0.0,0.5717718465346843
0.0570000019390136,1.406802992001176
5.796000018119813,6.592446180284023
15.574000288248062,18.31731690078974
29.8360007750988,31.99107558965683
45.51299974679947,42.20610650777817
51.24500197887421,48.95458246588707
48.83800083875656,51.243143130540844
44.74199875354767,48.573033819198606
35.67300020933151,40.057105300426485
19.27399989724159,22.88274340391159
4.936000242233276,11.894061863422394
0.0,6.006974169015884
0.0,2.395356379598379
0.0,0.592225564783439
0.0,0.3249209439568221
0.0,0.2333963404269889
0.0,0.20181813539937132
0.0,0.27584315174724905
0.0,0.3343937531672418
0.0,0.27713349801953885
0.0,0.24262511160690334
0.0,0.26822994506452236
0.0,0.3957119027897716
0.0,0.635727173043415
0.1419999980740249,1.7040023517981173
7.452000243365765,8.54247256487608
23.25499986290932,23.876213625073433
34.84000200271606,39.124513902664184
44.24699873924256,49.939381827116016
45.91900097846985,55.397566456794735
48.40899918317795,56.5741394007206
43.60799857139588,53.79083957672119
34.33499912500382,44.97217552661896
19.22000086665153,25.340348352193832
4.412000139951706,12.476915568709371
0.0,5.938995777368546
0.0,2.2811989577114584
0.0,0.5446875565871596
0.0,0.26242691711056976
0.0,0.20421398614533237
0.0,0.18213550062384454
0.0,0.24105288921389725
0.0,0.4084084595181048
0.0,0.3444974539615213
0.0,0.2710320417862385
0.0,0.2631481114309281
0.0,0.2967495871800929
0.0,0.4546265955362469
0.0,0.8801463284343481
1.517999992519617,3.5287734892964364
5.728999832570553,10.826848253309727
6.81700019389391,19.72617245674133
9.650999849438668,26.23255344569683
22.511000438928605,29.688576643466952
20.79499997854233,31.89897324919701
40.37200037002564,32.90996902108193
32.04099953174591,28.11029322385788
18.02800050854683,16.923307997286322
2.8470000402629374,9.132894144952298
0.0,5.279603221714496
0.0,2.7126588375121354
0.0,0.9461627075914294
0.0,0.5971503735519945
0.0,0.4543055654969066
0.0,0.3068215315788984
0.0,0.42750348865054544
0.0,0.3852871719561517
0.0,0.31336169623769816
0.0,0.27218884752132
0.0,0.294074532086961
0.0,0.40264856506139035
0.0,0.6308046429045499
0.0389999987930059,1.5620774843171241
5.014999755918979,7.548799513578415
22.13599986791611,21.027670278549195
36.20900169372559,35.48979478776455
45.889998836517336,46.41054415106773
46.27999959468842,51.89768573522568
36.65800086021424,52.65092805147171
36.737000887393954,49.34780180454254
33.088999736309056,40.134338908195495
18.572000175714493,22.17130566239357
4.198999998420477,11.080933821201326
0.0,5.420479534417391
0.0,2.127058452740312
0.0,0.5568439176119864
0.0,0.29810309321619566
0.0,0.23389669220428916
0.0,0.20702742787543685
0.0,0.2765356866829097
0.0,0.3992426715884358
0.0,0.3602874911949039
0.0,0.3214799563772976
0.0,0.3934762140363455
0.0,0.5014400797244162
0.0,0.7788421270903201
0.2729999915510416,1.8005021908134222
8.616000286340714,8.128002276420593
22.22400041818619,22.586888692379
36.19699825763703,38.229015258550646
45.86199903488159,47.74070520877838
45.59299800634384,51.60811208248138
43.06599947690964,49.72077920913696
35.82600088596344,42.030963969230655
31.5459995174408,29.155331594944002
13.588999826312063,14.20543501317501
4.736999744772911,6.462088535726071
0.0,3.015833406224847
0.0,1.2369384979642928
0.0,0.4197750025615096
0.0,0.2605246624862775
0.0,0.22105686262249946
0.0,0.2013776498031802
0.0,0.2659055502200499
0.0,0.357061818074435
0.0,0.3290178880468011
0.0,0.2797664466034621
0.0,0.28134625907987354
0.0,0.3327213673479855
0.0,0.5406031931005418
0.0320000002440065,0.9570829441025853
2.761000062674284,3.773123724162579
12.521000056862832,11.118472801148892
20.376999418735505,19.385623226165777
23.72200007557869,25.295773990750313
26.420000327825548,28.32563926279545
15.840999717116356,29.983940454721452
17.371999580860138,30.778271535038947
25.712000942230222,26.42372829437256
11.191000236272812,14.052616626918315
1.2999999597668648,7.51337587222457
0.0,4.143631992787123
0.0,2.1065373063087462
0.0,0.8437946750223637
0.0,0.5745107915159315
0.0,0.439450071323663
0.0,0.298099274104461
0.0,0.3906713171675801
0.0,0.3855237322300672
0.0,0.3659944315813482
0.0,0.3205423804931342
0.0,0.3517767451144755
0.0,0.4887841532099992
0.0,0.6863221876230091
0.1830000079143792,1.3335982582718136
8.853999627232552,5.724333712458611
21.523000982999804,15.815287017822264
26.257000895738603,26.97149495363235
32.35599935412407,34.94145096123219
39.42300181150436,37.69157085597516
39.63500089645386,36.41000173687935
27.060999014377597,32.741945563554765
19.04500005245209,25.111578552722932
5.807000086903572,12.765959295630456
0.9749999698251486,6.167990487217903
0.0,3.228965130597353
0.0,1.4568667328357696
0.0,0.5938431511633098
0.0,0.3688807172514498
0.0,0.2782020630175247
0.0,0.24038824342191217
0.0,0.3165987143665552
0.0,0.3044380207359791
0.0,0.2748770849686116
0.0,0.24498146343044935
0.0,0.27206257613375784
0.0,0.4032274332828819
0.0,0.6342912833113223
0.3509999891370535,1.6718693084642289
8.605999990403653,7.951480492949486
22.414999651908875,23.24628895044327
34.86600123167038,38.4333037173748
42.930999846458434,48.8593293261528
44.66799810409546,53.909719603061674
44.96699950695038,54.61944638252258
38.42700006484986,51.780896656513214
31.8230007827282,42.37314405679703
17.321999641656877,22.157630289793016
3.6419999465346335,10.549887554049493
0.0,5.068348703086376
0.0,2.0696100261062385
0.0,0.5478917592391371
0.0,0.2701492172013968
0.0,0.2139278005622327
0.0,0.19041547527303915
0.0,0.24562031417153773
0.0,0.2939785006828606
0.0,0.2745407865056768
0.0,0.2447428331337869
0.0,0.2698763673426583
0.0,0.35323649627156556
0.0,0.559288437962532
0.3180000074394047,1.4428428261727095
8.461000064015389,7.069031785726548
17.9070007789135,20.71761540353298
29.33099995136261,35.57158822238445
43.41199995994568,46.87121195554734
46.32899924755097,52.7134387588501
44.99200050354004,53.42718722343445
40.26399820089341,49.97757551193237
30.85899998307228,40.36290536403656
16.89499958574772,20.306262537240983
3.337999936193228,9.623393384218216
0.0,4.749957766234875
0.0,1.97416875500232
0.0,0.5200259474478662
0.0,0.28513526722788807
0.0,0.22622096762526775
0.0,0.1998743760166689
0.0,0.2515683399979025
0.0,0.3738238352909684
0.0,0.3948574808426201
0.0,0.3479015662521124
0.0,0.33876771123148497
0.0,0.3871356862224638
0.0,0.5911135774478317
0.0,0.9015265182591975
1.9090000100433824,3.1874416938424117
9.18499992311001,9.504974475502967
11.019000281095504,16.198829561769962
8.470000073611736,20.442273237407207
15.739000293016431,21.4252594512701
13.355999863147735,21.43202524840832
22.912000238895416,20.392659959197047
15.90499955713749,16.96419803917408
6.21499983727932,9.067252921313047
1.7419999460875988,4.928857668861747
0.0,2.618522418886424
0.0,1.579705220349133
0.0,0.843308364097029
0.0,0.6717812406271696
0.0,0.6006105529703201
0.0,0.4510009587183595
0.0,0.4875857705064118
0.0,0.2927920406684279
0.0,0.2812332984199747
0.0,0.25452141198329625
0.0,0.2840205198619514
0.0,0.3802206548862159
0.0,0.596556020276621
0.1949999939650297,1.5916782319173217
7.826000014543533,7.605187318325043
21.17199906826019,22.79472539484501
33.413000081777575,38.19516367912293
41.90300126075745,49.31588917851448
45.82400047779083,54.66928405761719
44.587999844551085,54.98208817958832
39.61099813222885,51.53581212520599
29.2569993019104,41.84064254760742
15.420999611616136,20.829165816307068
2.9379999090731146,9.565869730710984
0.0,4.590439823567867
0.0,1.920051684975624
0.0,0.5184874551929534
0.0,0.28262534057721495
0.0,0.22898176819551735
0.0,0.20435652486281464
0.0,0.2520821870397776
0.0,0.32597248341888185
0.0,0.3318755624722689
0.0,0.3162501161172986
0.0,0.3224454374518245
0.0,0.36797340542078016
0.0,0.5043830102030188
0.0,1.0335685515590012
3.633999966531992,4.106348476111889
14.566999499797822,12.286258322000503
13.443000127077102,22.2894452303648
29.79699987769127,28.520646830797197
33.630000598430634,32.168276212215424
23.16300022125244,31.219881522655488
16.08600003540516,28.17671059370041
10.001000450849531,20.34217528164387
6.320000120401383,9.112135122418405
1.0220000128075482,4.425900936424732
0.0,2.2708241962641478
0.0,1.1914590712264181
0.0,0.5712059440370649
0.0,0.407652002600953
0.0,0.35052102759480475
0.0,0.2899686580151319
0.0,0.32221001649275416
0.0,0.3730091770365834
0.0,0.3671751789748669
0.0,0.3005150869302451
0.0,0.2730454518180341
0.0,0.3059259017370641
0.0,0.473615074660629
0.0,0.7388028003647924
0.457000013012439,2.642637895047665
1.8249999632686376,7.961565258651971
2.980999897867441,14.365504961907861
10.048999817371367,18.30624134838581
8.115000094473363,19.552587345540523
14.2570000821352,20.13508109152317
25.482999043464662,21.210980452895164
21.150000984668733,18.807628201246263
9.814999567866325,9.858068364858628
0.4870000022090971,5.347002905607224
0.0,3.3380494883656504
0.0,1.8383923364803194
0.0,0.9619626777246595
0.0,0.721147046815604
0.0,0.6094346266798675
0.0,0.4834738548565656
0.0,0.4974108205642551
0.0,0.3325444044731557
0.0,0.26853065999690445
0.0,0.23671235640067606
0.0,0.26335333252325654
0.0,0.37405808484181763
0.0,0.5967530736047775
0.2280000077560544,1.5842755738273264
7.079000245034695,7.577260689586401
20.53000009536743,22.23709451556206
34.300999659299855,39.1470049405098
43.41199995994568,50.06154205322266
47.59900140047073,54.899004848003386
46.25499859809876,54.393451504707336
40.79099916219712,50.36885384321213
28.409000908136367,40.2079493021965
13.297999687194825,20.5854348552227
2.5069999915361403,9.723898540735243
0.0,4.436401760652662
0.0,1.8044200859591366
0.0,0.4932155584171415
0.0,0.2543111843243241
0.0,0.2010861938097514
0.0,0.1791614275355823
0.0,0.2354086271906271
0.0,0.39686259473674
0.0,0.3779932141304016
0.0,0.3481282417662442
0.0,0.3953466480784118
0.0,0.4959082087036222
0.0,0.7543506449367852
0.024999999689171,1.6729927049949764
3.7670000512897968,7.263550507426262
18.701000142097477,20.54730484366417
33.318999867439274,35.90300034046173
42.226001319885256,45.28205889463425
46.577998657226566,48.503293116092685
40.19099989175797,45.81395653486252
39.86099988222122,37.53619886398315
24.795999509096145,25.03831528067589
8.199000012874604,11.691877189576626
1.6509999489039182,5.1016151560843
0.0,2.3734546403214334
0.0,1.0385299628227949
0.0,0.4172652042843401
0.0,0.25172941665165127
0.0,0.21571945338975634
0.0,0.19697177086491136
0.0,0.26514929388649755
0.0,0.3135099194943905
0.0,0.26733498918358234
0.0,0.23892837993800636
0.0,0.2697759070526808
0.0,0.3849865051638335
0.0,0.6319636630825698
0.1199999969033524,1.6776457310095432
6.752000067532062,8.350049412250518
20.19899979948997,24.106529041528702
34.037000062465665,40.12006582856178
43.05800129413605,50.47400714755058
47.11699894666672,55.239486297369005
45.4540013384819,55.275239858627316
39.23599961519241,51.62089602947236
30.635999802351,41.57042556524277
15.634000009894372,21.058342303037644
2.726000053882599,9.761084750294684
0.0,4.561593013554812
0.0,1.8211494000256063
0.0,0.47696767708286647
0.0,0.2482007419457659
0.0,0.19864872999023644
0.0,0.17794922462198878
0.0,0.2337202428234741
0.0,0.3297635776363313
0.0,0.2820312600955367
0.0,0.25185581641271704
0.0,0.2825564360991121
0.0,0.379515162250027
0.0,0.6174690749682487
0.1270000034756958,1.612159775123
6.845999768376351,7.856932893991471
19.77399928927421,23.00477217555046
33.41199979543686,39.56622145414352
42.17300052165985,50.14707783222199
46.16599981546402,54.75526965737343
44.1769992351532,53.99001363515854
36.79799986839294,49.68453474760056
28.989000613689424,39.19066014766693
14.35000001013279,19.5100263941288
2.7860000322759157,9.063544210791587
0.0,4.239209660738707
0.0,1.7188796855136752
0.0,0.46647874345071616
0.0,0.2595202040066942
0.0,0.2107538619637489
0.0,0.19018697444815183
0.0,0.24886899021919814
0.0,0.3114094722270966
0.0,0.2809126454778016
0.0,0.2532580482168123
0.0,0.2840075541380793
0.0,0.387401756355539
0.0,0.6213457943126559
0.1140000038780272,1.6187961075827477
6.634999942779541,7.852696568369866
19.900000450611117,23.154496760368342
33.612999838590625,39.43017840385437
42.23899888038636,49.50419770359993
46.45499835491181,53.9913220179081
44.95200137376786,53.635756168365475
39.575998380184174,49.72049986839295
30.11999993681908,39.41318380594254
15.28799952685833,19.31329451322556
2.641000105887652,8.88779574930668
0.0,4.205242031663657
0.0,1.721058440618217
0.0,0.4862092053797096
0.0,0.2687506039254367
0.0,0.21757943702628835
0.0,0.19401444650720803
0.0,0.24907372991088775
0.0,0.327389020845294
0.0,0.27649471948854626
0.0,0.2476418839441612
0.0,0.2771919962204993
0.0,0.38451120226643976
0.0,0.6052037569321692
0.0890000021830201,1.578620785176754
5.958999963700771,7.462664743810892
19.85499988913536,22.0664132130146
33.300000588893894,38.72691754102707
41.6710005569458,49.282419638633726
45.86399960756302,54.1208313703537
44.462000737190245,53.10782680988312
38.945000503063206,48.80449638128281
29.270999202728277,38.26468255281448
11.990000004172323,18.62943550825119
2.266000048369169,8.573094266951085
0.0,3.8269416197389363
0.0,1.5996557465568184
0.0,0.4806362708844244
0.0,0.26226083389017724
0.0,0.21026497554499657
0.0,0.18605749971000474
0.0,0.2386173389619216
0.0,0.3504061012156307
0.0,0.3050573907978833
0.0,0.2621492051053792
0.0,0.3108668374270201
0.0,0.41512815452180796
0.0,0.6470017525181173
0.0129999995976686,1.5975797544419765
6.23699997484684,7.493481830358506
19.271999324560166,21.642055597305298
32.10800023078919,37.682692544460295
36.62399934053421,47.64349052190781
36.15199975013733,51.84203530788422
41.00899996519089,50.274128575325015
26.18500081896782,44.89074359178543
23.86499994277954,33.74480245530606
9.387999511957169,16.34398148238659
0.5200000160001218,7.353271005898714
0.0,3.264689679443836
0.0,1.392127333059907
0.0,0.46691885596141214
0.0,0.2592871017940342
0.0,0.21136301830876614
0.0,0.18805722191696986
0.0,0.24858026216272266
0.0,0.5148047723993658
0.0,0.5183874361868948
0.0,0.4581551177985966
0.0,0.4255434980429709
0.0,0.4658626629598439
0.0,0.5889041089825333
0.0,0.8271022041514515
0.3670000133290887,3.05231843970716
4.717000179886818,9.15012032866478
12.607000034451485,16.619521857202052
10.657000351548197,20.113209327459337
10.371999876499176,19.46159928709269
7.19300002425909,17.811144797205923
10.037000489234924,14.999391756355763
7.145999917089939,11.596878229379655
2.003999997228384,6.54137252509594
0.0510000008903443,3.574646220356226
0.0,2.0589971959963442
0.0,1.1932007787376642
0.0,0.7611129118036479
0.0,0.6553845262620598
0.0,0.6029977064114064
0.0,0.5303480757586658
0.0,0.5476914484333247
0.0,0.4091536677069962
0.0,0.4201987955905497
0.0,0.3539676957018673
0.0,0.310013474561274
0.0,0.3319748754240572
0.0,0.472077898234129
0.0,0.6858949766494333
0.0190000006463378,2.341392009854317
0.662999979481101,7.338061056435109
6.5390001827478414,13.721917238533498
14.563000408411026,17.01821915000677
16.256999704241753,17.04547952026129
12.478000068068503,16.395216888189317
9.897999713420868,15.278228249251844
7.794000094532967,13.47844507843256
3.101000111401081,7.365482150316239
0.3320000045374036,4.005844603329897
0.0,2.4817202960699802
0.0,1.4527884991839528
0.0,0.9299276636075229
0.0,0.7680492210481318
0.0,0.6933746427949519
0.0,0.5702291500475257
0.0,0.5432964050211013
0.0,0.4190497243590653
0.0,0.3770098089054227
0.0,0.3014264104329049
0.0,0.2908117510005831
0.0,0.3862262883223593
0.0,0.5871875145379454
0.0,1.053012836854905
3.3099998778104784,4.36991673797369
11.808999525904657,12.666891408860682
26.416999468803407,22.194014421701432
34.300999659299855,28.71627059161663
26.41599918246269,31.697886939048765
19.73999982357025,32.67619470894337
21.65100066304207,31.086361781954764
18.25900092601776,25.72433506846428
10.266999593377111,13.68102514266968
1.9759999388456344,7.115521993339062
0.0,3.977056588381529
0.0,1.948563119210303
0.0,0.7783850371837616
0.0,0.5395815325714648
0.0,0.3918777392618358
0.0,0.27645733070559797
0.0,0.4102054318226873
0.0,0.402593717481941
0.0,0.366845836751163
0.0,0.30249654800631104
0.0,0.3089681130740791
0.0,0.3898809856921434
0.0,0.5528251369390637
0.0,1.0697979613021016
2.4480000427365303,4.26967526063323
12.048000180125236,12.749303603768348
13.810000461339952,22.333494800925255
38.13800152540207,29.07280283689499
37.0029990029335,31.77490077137947
31.41400074601173,32.123678230047226
27.678999330997467,30.804818148612977
24.347000342607497,23.92553472518921
14.240999608635905,12.221947818100453
1.975000037625432,6.344719722270966
0.0,3.548967668414116
0.0,1.752856621667743
0.0,0.7044688414502889
0.0,0.4839525917451829
0.0,0.3792996391840279
0.0,0.29481141204480077
0.0,0.3956077276915312
0.0,0.28137718104757364
0.0,0.272708030086942
0.0,0.25330695049837226
0.0,0.2854861681768671
0.0,0.3630194398202002
0.0,0.5746458404418081
0.0320000002440065,1.5249715723842385
6.0159998533129695,7.40482965618372
18.625000973939898,22.103890060186387
31.473999440670013,38.9174443602562
40.2140003156662,49.54606389760971
44.53499904632569,54.29014061689377
43.23700119972229,52.98766921043397
36.98100091934205,48.60980409860611
28.3630000603199,37.79903385639191
14.040999851822852,17.05152488529682
2.078000004813075,7.500489996671677
0.0,3.641596596986056
0.0,1.5861554754152896
0.0,0.45598395277746023
0.0,0.2697131324093789
0.0,0.22350638151634483
0.0,0.19962488612392915
0.0,0.240580250066705
0.0,0.4004669536463916
0.0,0.4198760966956615
0.0,0.3661013667099178
0.0,0.329790600258857
0.0,0.3459335362538695
0.0,0.4797566556371748
0.0,0.69473086072132
1.0449999874085187,2.324830287396908
5.423999792635441,7.487816964387894
4.033999993652105,13.97936721920967
4.557999839186668,17.201331629157067
8.03499978095293,17.024249110221863
7.821999896168709,15.916826351284982
11.52500036418438,14.270465435683729
18.59600088596344,11.752715446949004
5.6980001989007,6.262651568353176
0.6430000294744969,3.3660153993964195
0.0,1.9993309887126087
0.0,1.2481661729700864
0.0,0.8521287470683456
0.0,0.7272612521424889
0.0,0.6735663865227253
0.0,0.5556228288449347
0.0,0.500136430747807
0.0,0.3519548633508384
0.0,0.3683738986589014
0.0,0.3295449896529317
0.0,0.3268385552614927
0.0,0.39064538571983576
0.0,0.5034794693440199
0.0,0.8959823875688018
1.8920000204443927,3.443718854188919
8.350999889671803,10.48663638830185
5.732000178098679,18.833203284144403
18.31899962067604,23.430615842938423
20.18299932599068,24.22332530915737
23.462999856472017,23.498924924731256
16.920999841690065,21.900500215888023
16.723999916911126,17.48315306276083
7.769000124931336,8.299807103872299
0.9500000002235176,4.220288946777583
0.0,2.393133720755577
0.0,1.2788541157729925
0.0,0.6848712300509214
0.0,0.5288007096853107
0.0,0.462795129949227
0.0,0.38460817240178585
0.0,0.40847548653371635
0.0,0.3238917414844036
0.0,0.3037641240283847
0.0,0.2789547409396619
0.0,0.3150871163606644
0.0,0.4107564590405673
0.0,0.6223102002590895
0.0,1.4569895220920444
2.771000101864338,6.525044442415237
13.609999677538871,19.435783375501632
26.60700047016144,34.153051763772964
30.594000099897382,43.873877556324
38.51500061511994,48.096618180274966
36.519998316764834,46.35209004640579
28.87099968910217,41.92611670732498
23.266000958681108,30.967954170107845
11.282999877929688,14.561644784212112
2.2130000203847886,6.597097922563553
0.0,3.1311573581397534
0.0,1.3577182275056838
0.0,0.48764639489352707
0.0,0.2967430722247809
0.0,0.24667883394286033
0.0,0.21684709025779736
0.0,0.2738160619139671
0.0,0.2909982135146856
0.0,0.2821795475389808
0.0,0.2609423738205805
0.0,0.2988596945535391
0.0,0.3832610689941794
0.0,0.6074482232239098
0.0,1.5128002879396083
3.9899999752640727,7.249228645861149
15.97099996984005,21.94766874909401
29.390000413656235,37.41953096985817
38.17300127744675,48.05484236121178
42.24599883079529,52.932934856414796
37.5730020070076,51.32942039489746
35.231000993251804,46.34226793289184
27.267000489234924,35.05556679010391
10.251000146865843,15.432003788352013
1.1739999537914991,6.846344322860241
0.0,3.266648402363062
0.0,1.4902570662647483
0.0,0.43646521084941925
0.0,0.2643667611014098
0.0,0.222086867429316
0.0,0.19976657837862144
0.0,0.2474487058911472
0.0,0.2683591850893572
0.0,0.2655505974823609
0.0,0.24441585779655722
0.0,0.274678836162202
0.0,0.3776626523584127
0.0,0.5757300028204918
0.0129999995976686,1.454638618119061
5.183000106215477,6.818841583430768
17.422999806404114,21.68508023381233
29.385999268293386,36.74297795772553
37.91300077199936,46.90388455271721
41.9360004401207,51.54363366603852
40.57200012683869,50.93844194412232
34.84100023508072,46.70419494628906
26.594999088048937,36.23705900669098
13.204999759197236,16.309365823864937
1.7989999640733003,7.273961598575116
0.0,3.634410248249769
0.0,1.7080559377372266
0.0,0.5106750128325075
0.0,0.2813424720615148
0.0,0.22881834070198234
0.0,0.2003093214938417
0.0,0.2459621888585388
0.0,0.3281426695920527
0.0,0.3537004541605711
0.0,0.3315587848052382
0.0,0.3429346991144121
0.0,0.3815264059789478
0.0,0.501438924362883
0.0,0.9332394593022764
1.7129999864846468,3.480086811035872
7.966999822556973,10.825492115616797
15.933999645113946,19.516751111745833
17.003999987244608,24.119835725426668
17.593999475240707,24.39625674247742
15.388000432252884,22.469730924963955
15.12099997639656,20.193612220287324
2.9369998794794085,15.262694028317927
0.3170000099390745,6.5879320544004445
0.0,3.3428729943931104
0.0,1.9285432071238757
0.0,1.0901777685061098
0.0,0.6166237835865468
0.0,0.48718490819446747
0.0,0.44378314242698247
0.0,0.3786778621189296
0.0,0.3860670891311019
0.0,0.3490826987661421
0.0,0.3877638498693704
0.0,0.3518423439748585
0.0,0.3195912291109562
0.0,0.325933329500258
0.0,0.4511263475380838
0.0,0.6638687150739133
0.0,2.0895990001782776
0.2810000036470592,6.6476529487967495
1.6259999793022872,12.437549063563345
9.288999919891358,15.309493872821331
7.6330002081394195,14.877523708343507
1.2139999821782113,13.478799389302731
1.0330000174045564,12.351768347918988
0.6470000194758176,10.4505716496706
4.01000005364418,5.481754004955292
2.407000113129616,2.9065779265761376
0.0,1.7381860976666212
0.0,1.1253742689918727
0.0,0.8343098628893495
0.0,0.7293736060522498
0.0,0.6998144675139337
0.0,0.5774956680368633
0.0,0.49054304672405125
0.0,0.3677522499673069
0.0,0.3365056898631156
0.0,0.2776129650324583
0.0,0.2775093676149845
0.0,0.3680954886227846
0.0,0.5087094861175865
0.0,1.021479554530233
2.062000044807792,4.433484472781419
10.41700043797493,13.361886558532715
9.419000172615052,24.087274042963983
20.62699911475181,31.206386899948118
14.340000227689744,34.520103447437286
19.309999935626983,35.036105366945264
34.319000705480576,33.9168280851841
27.579999738931654,26.386469168663027
13.422000275850296,13.43506459057331
1.8389999924600124,6.522256683409214
0.0,3.662527640014887
0.0,1.773659868873656
0.0,0.6844621518347412
0.0,0.4591660110000521
0.0,0.3655600156448781
0.0,0.26046640498563645
0.0,0.3426378674805164
0.0,0.3085393215017393
0.0,0.3008882205653935
0.0,0.27200620411895216
0.0,0.2923886108864099
0.0,0.34654396831057965
0.0,0.49911653535440564
0.0,1.1295770730823278
1.3469999385625124,4.959379111230374
6.78399998754263,15.574533808529377
18.31899962067604,28.201837909817698
23.05199924707413,37.273174905776976
30.039999623298645,42.399899148941046
30.78499933362007,40.0101596236229
24.480999686717983,35.278299953937534
15.10700007557869,25.855066536664964
8.515999894440174,11.613106694221496
1.2869999601691962,5.607864540517331
0.0,2.7283055136352776
0.0,1.3322650031559171
0.0,0.5267988693155349
0.0,0.3402710291463882
0.0,0.2745303962752223
0.0,0.22843052434734995
0.0,0.2912103186361492
0.0,0.2837360120844096
0.0,0.2831896063126624
0.0,0.2611348939593881
0.0,0.2999060027953237
0.0,0.3531942453421652
0.0,0.5062000729609281
0.0,1.1492782658524812
1.5070000521093607,4.878795468509197
6.838000045120716,15.081651957035067
9.954999603033066,27.52550775408745
22.152000341415405,36.97925914764404
31.60000060200691,42.6917219054699
36.53900170326233,39.88644453763962
27.70899970531464,35.00316986083985
13.396000019907952,25.20577594876289
9.85499972462654,10.299515061378479
0.8259999892488122,4.781343033909797
0.0,2.3393357872590426
0.0,1.1977785457856953
0.0,0.4915116889961064
0.0,0.3245885849557817
0.0,0.2571342299971729
0.0,0.20220016692299392
0.0,0.2523111572302878
0.0,0.3169421134889126
0.0,0.3453587759844959
0.0,0.3277755213715136
0.0,0.3486694002710283
0.0,0.40567066989839073
0.0,0.5322335455473512
0.0,0.9698300158046185
1.2070000317692755,3.998961472809315
5.863000203669071,12.366825019419192
16.413000212907793,23.036791608333587
22.31700034618378,30.002237273454668
14.340999487042428,31.016175366044045
10.711000409126282,26.589032287597657
9.864000247716904,21.75286349773407
2.423000073134899,14.840025807917119
1.5500000409036876,6.84444952994585
0.1219999999273568,3.2963035803288223
0.0,1.7347188577055932
0.0,0.9916618557088077
0.0,0.5851950454339385
0.0,0.47008937661536043
0.0,0.42518998950719833
0.0,0.3420295696333051
0.0,0.3692996320873499
0.0,0.3555236467532813
0.0,0.3837622231058776
0.0,0.3427112008444965
0.0,0.3178211189620197
0.0,0.3425507339648903
0.0,0.47013902506791055
0.0,0.7346850276738406
0.0129999995976686,2.4556621436774733
1.040999997407198,7.801644479930401
4.160999900847673,14.428616970777512
6.851000173091888,17.976902719140053
8.975000383853912,18.191137557029723
13.953000328540805,17.38977623015642
13.251999866366386,16.37337131232023
14.979999654889108,13.715313192009926
5.477999850213528,6.788532342463732
0.1259999979520216,3.5856444919109345
0.0,2.189469028785825
0.0,1.277300796378404
0.0,0.8077388583496212
0.0,0.6666043704841286
0.0,0.6201060111541301
0.0,0.509379676040262
0.0,0.47213966193608936
0.0,0.3601743620447815
0.0,0.3754909577965736
0.0,0.3328721741214395
0.0,0.3269339367747307
0.0,0.3926979496702552
0.0,0.5143143856152892
0.0,0.920406794566661
0.5319999860040844,3.472535368055105
5.9950000020861625,10.59456461429596
14.033999901413916,18.795480986833574
12.10099995136261,23.234164329767225
10.976000292301178,23.943438207507135
19.57100072741509,23.240524466633797
13.007999834418298,20.99937573134899
8.587999971210957,17.000622223615647
3.648000124096871,8.390362800359727
0.1730000008177012,4.281885121315717
0.0,2.3440977381914854
0.0,1.2694710717350244
0.0,0.696397662293166
0.0,0.5391813763137907
0.0,0.4738921207282692
0.0,0.39681623585522174
0.0,0.42757894017733633
0.0,0.3140416264999658
0.0,0.3063502403534949
0.0,0.28830140713602304
0.0,0.32861806876957417
0.0,0.40754229139536613
0.0,0.6143119532987475
0.0,1.4497399494051932
4.100999922454357,6.742100159674884
16.047000164985658,19.85811987876892
27.531000086069103,35.9801312494278
36.00399845123291,46.34344280719757
39.67000064849854,50.24101437330246
33.71000091195106,47.56697169780731
25.55200031518936,41.5711896443367
19.930000824928285,29.89248922467232
8.33499992966652,12.518907055258753
1.0879999762028456,5.470963441729546
0.0,2.671203438714147
0.0,1.1844493644312024
0.0,0.4319438158161938
0.0,0.26944991858676076
0.0,0.2333479195460677
0.0,0.2069561805808916
0.0,0.2513820780673995
0.0,0.30554078122600914
0.0,0.3071533289458603
0.0,0.2992776305414736
0.0,0.3371328907087445
0.0,0.4103555646352469
0.0,0.6053777190763503
0.0,1.3511974632926287
4.106000070422888,6.200344718098641
15.754999739527705,18.195880187749864
27.934000458717342,33.44162429213524
34.913000311851505,43.49433564424515
27.505000857114798,46.98334672451019
32.05900057792664,43.33572350502014
22.66300082921982,36.787808039188384
6.3389999124407765,24.853059991002084
0.8660000176355243,9.761395927667618
0.0629999989760108,4.180758893787861
0.0,1.9581619912013415
0.0,0.9455573141947388
0.0,0.40202024094760413
0.0,0.2692541570169851
0.0,0.23753774186596274
0.0,0.2120514533156529
0.0,0.24877799747511747
0.0,0.2656057659955695
0.0,0.2656258805189281
0.0,0.24649648740421978
0.0,0.2782828821614385
0.0,0.3582571519073099
0.0,0.5491803403757513
0.0,1.366805723644793
4.282999916821718,6.459466378539801
15.481000360250473,20.6205188202858
27.698000663518908,36.00523289084435
36.35300184726715,46.560527536869046
41.03699976682663,51.412583831548694
39.77099875926972,49.52809982299805
34.87399941444397,44.96912742614746
26.41500095009804,34.27532701253891
12.934000211954118,14.878033094406128
1.6519999784976245,6.482643701136112
0.0,3.243409460484981
0.0,1.523707029186189
0.0,0.46747315670363604
0.0,0.276900315573439
0.0,0.22833365851547566
0.0,0.1997509569278918
0.0,0.24291030136868358
0.0,0.4384110803715885
0.0,0.4373921156860888
0.0,0.3937582185305655
0.0,0.4042067305557429
0.0,0.47467319326475266
0.0,0.6129545158240944
0.0,1.0756217215768993
1.3789999869465828,3.951191252991557
9.017000086307526,11.746692162156105
26.932999334335328,21.568368179202082
34.66800204753876,28.320690207481384
22.55799951910973,29.429034174680712
1.6679999385029078,24.776112912893296
1.8630000608414408,19.353756814599038
0.6290000002831221,12.937975682616234
0.4109999996237456,6.391436380743981
2.5989998899400235,3.32407051242888
0.0,1.7777592841535808
0.0,0.9936995443794876
0.0,0.6049302571825683
0.0,0.49955534808337687
0.0,0.4504520015232265
0.0,0.3582645815238356
0.0,0.4258292895555496
0.0,0.3010744423791766
0.0,0.2660119959246367
0.0,0.24209078096784648
0.0,0.2687723391642794
0.0,0.34530943241901696
0.0,0.5322825521323831
0.0,1.2803757269121707
2.492000061124563,6.059768285900354
9.588000295758247,18.30984710335732
21.41599910020828,33.41607282996178
35.87700111150742,44.24331390619278
39.46800031900406,49.45049033761025
39.16100073337555,47.66320869207382
26.55800081729889,42.81102710485459
23.853000614643097,32.079041222333906
9.846000228524208,14.081330698728562
1.2689999409765005,6.419017171263695
0.0,3.316618815660477
0.0,1.5109103090316058
0.0,0.47344507604837416
0.0,0.282496549859643
0.0,0.2260829661088064
0.0,0.1985452248412184
0.0,0.2457495943130925
0.0,0.30813312366604806
0.0,0.2763334984146058
0.0,0.2489600952900946
0.0,0.2854560084268451
0.0,0.36299622026272116
0.0,0.5621735040843487
0.0,1.3749279794096947
3.6949999745190154,6.5499399159848695
15.148999778032303,19.92392721772194
28.1710005402565,36.023811104297636
37.89799853086472,46.56097324967385
42.393001897335054,50.96736192703247
40.67100177288056,48.92173733472824
35.405001521110535,43.801396849155424
27.685999281406403,32.76670008301735
13.110999544858933,14.490880174040797
1.7599999652802945,6.47447093039751
0.0,3.281879148334265
0.0,1.4519938671961428
0.0,0.4564919267315417
0.0,0.2683041770430281
0.0,0.2213174126949161
0.0,0.19567154384450985
0.0,0.24528194568585604
0.0,0.31169073055032637
0.0,0.30669351110234855
0.0,0.2879414478316903
0.0,0.3121743215620517
0.0,0.378607609719038
0.0,0.559158828863874
0.0,1.2516615909151734
0.7129999828711152,5.7754068541526795
9.907999495863915,17.25609165787697
24.617999889850616,31.57304627418518
27.84700019478798,40.78268877506257
39.77099875926972,43.93587476968765
35.04399879693985,40.7473727107048
19.120999220609665,35.30395411491394
3.7510000912845136,23.664634578228
2.131000032797456,10.545835572779179
0.1009999962570145,4.448736913874746
0.0,2.1738595167919996
0.0,1.0602416772209107
0.0,0.4522513968776911
0.0,0.30070955674163996
0.0,0.251762938182801
0.0,0.22098101795185354
0.0,0.28536365973763167
0.0,0.32293102627620096
0.0,0.299585967650637
0.0,0.27369595245458184
0.0,0.3069373886659741
0.0,0.3822721597552299
0.0,0.5863305411674082
0.0,1.4095172571763397
3.2269999890029437,6.814378806948662
14.129000402092936,19.99305172801018
23.977999435663225,36.18479969382286
32.89000026583672,46.57522578954697
30.96900067090988,50.61145306348801
33.57699980020523,48.31955674171448
24.263999170064928,42.749896669387816
16.643999603390693,31.483244386911394
12.021999924182891,14.007684360146524
1.549000011309981,6.253309571743012
0.0,3.170811933428049
0.0,1.397875192500651
0.0,0.4459267392382026
0.0,0.27625724455341694
0.0,0.23103397911880164
0.0,0.20584738252451634
0.0,0.2569816340180114
0.0,0.32931738343089817
0.0,0.32217736148275433
0.0,0.31741220121271907
0.0,0.34554860830307005
0.0,0.42295733357779686
0.0,0.6267654187511652
0.0,1.3948516755551101
4.063000081628561,6.5157376201450825
15.614000445008278,19.27773299872875
25.281999000310897,34.84149318933487
26.422000900506973,44.47339208841324
34.28900033116341,47.66156140327454
31.05300007581711,44.07683093070984
21.42700019598007,37.59164389371872
13.362999813556671,25.78966588497162
5.474000245332718,10.54385091841221
0.3859999979287386,4.534437139332295
0.0,2.0749814944341782
0.0,0.9799633708782495
0.0,0.4062970844563097
0.0,0.26683604951482265
0.0,0.23260217379312964
0.0,0.20789311459753662
0.0,0.2546039802161977
0.0,0.3215068024862558
0.0,0.2890178917534649
0.0,0.24868522354867306
0.0,0.2898906390182674
0.0,0.3663615958485752
0.0,0.5579307116474956
0.0,1.3529637864232062
3.821999881714583,6.697707575112581
15.369000126719476,20.02322052836418
27.820000679492956,36.30763362407684
36.93500007152557,46.74463773488999
42.05900074243546,51.207915387153626
41.19999919891357,48.993971564769744
35.863001210689546,43.51012250423432
27.578999452590946,32.311058357954025
13.414000039100648,14.578112537264824
1.7999999936670066,6.567570989727974
0.0,3.373389173448086
0.0,1.5009815813228489
0.0,0.4641282727383077
0.0,0.2707570496946573
0.0,0.2182067381637171
0.0,0.19268838833086188
0.0,0.24391252133529634
0.0,0.32021393688395616
0.0,0.3125694070663303
0.0,0.29407011122442783
0.0,0.30597312713973224
0.0,0.3562297652103007
0.0,0.5051545189134776
0.0,1.0858796631358565
1.302000018954277,4.568589112758636
5.405999773442745,14.112489515542984
19.793000621795656,25.557063366174702
19.185999346971517,33.11326232850552
34.449999190568924,37.05221021533012
25.832000385522843,35.539434254169464
31.13799976706505,31.10763173103333
15.39800021469593,22.502468222379687
6.6500001299381255,9.832164645791051
0.5039999918080866,4.679994720220566
0.0,2.4025739230960608
0.0,1.212733385004103
0.0,0.5239986099395901
0.0,0.35592513488605615
0.0,0.30508502319455144
0.0,0.2582731597218662
0.0,0.3051183842588216
0.0,0.3685665551945567
0.0,0.3661176220048219
0.0,0.34324578020721674
0.0,0.342903745053336
0.0,0.3823867812473327
0.0,0.5092582347057759
0.0,0.9590627844631672
1.4580000141263008,3.766932270079851
11.675000181794166,11.789231033325196
12.6080003207922,21.696112139225008
13.658000071048736,27.062576467990873
23.28399995088577,28.652368315458297
21.250999095439912,27.009496591687203
19.868999789953232,24.386640026569367
10.062000458836556,17.92319021821022
5.977999755740166,8.18175328940153
0.6409999702870846,4.151558029651642
0.0,2.2794224609807134
0.0,1.2271749548614026
0.0,0.6145996062271297
0.0,0.46145686826668686
0.0,0.4065160575602203
0.0,0.34517234556376936
0.0,0.38054304889403284
0.0,0.35646112635731697
0.0,0.35019446144811806
0.0,0.307322541270405
0.0,0.3084849633462727
0.0,0.3620337880589068
0.0,0.48648161395452916
0.0,0.9321310182847082
2.459999884366989,3.806575676873326
9.470999657511712,11.999062146544455
11.012999590039254,22.274504608511926
26.657000409364706,28.077316638231277
36.52199888944626,30.67697354376316
28.10000074982643,29.029713500142094
17.326999019384385,26.288159712553025
7.744000155329704,19.566108156442642
11.404999893903732,9.274327341914177
1.8379999628663064,4.676154555231333
0.0,2.39066041264683
0.0,1.2882428724318742
0.0,0.632498675705865
0.0,0.46030166720040144
0.0,0.3935992279462516
0.0,0.3248136558011174
0.0,0.36757044099271297
0.0,0.33081832643598313
0.0,0.31929054627194997
0.0,0.3029215124435723
0.0,0.3248254822101444
0.0,0.3894091167859733
0.0,0.5745803699549288
0.0,1.2646184891089796
3.5479999889433387,5.926404647380114
14.997999674081802,17.511888701319695
27.56800041079521,31.699130621552467
30.483999412059784,41.27518293857575
36.6639984703064,44.21090627193451
31.10799939274788,40.66929697275162
18.640999393463137,34.67801312685013
15.635000296235084,24.281977622509004
8.128000222444534,10.264721733927727
2.2899999883770943,4.701200482547283
0.0,2.3343706210702657
0.0,1.114147091433406
0.0,0.45208281037397685
0.0,0.3074933582637459
0.0,0.2620083553018048
0.0,0.23495218717493116
0.0,0.28815183595754207
0.0,0.3920771354064345
0.0,0.4060099289752543
0.0,0.3732314236648381
0.0,0.3860060635767877
0.0,0.45157356873154636
0.0,0.5819762884359807
0.0,0.9965777264721691
3.830000118464232,4.0330977846682075
10.44200040757656,11.966270932257174
15.18099969804287,21.700660669207572
25.93099997758865,28.36344988107681
26.14299906253815,28.380998025536538
12.177000146508217,25.01179023385048
0.6450000244751573,19.423726536035538
4.073000120818615,13.410370663404464
3.613999888151884,6.535111235827207
1.3389999585598709,3.3168708128482107
0.0,1.7516497823596
0.0,0.9990730506367982
0.0,0.6026509535312652
0.0,0.49661148689687257
0.0,0.4537935959175229
0.0,0.3583115020394325
0.0,0.3995256228372454
0.0,0.29990855421870943
0.0,0.3090946733020246
0.0,0.28901631917804477
0.0,0.31032335215248164
0.0,0.3565083357132971
0.0,0.4970105680264532
0.0,1.0639980464056134
0.0389999987930059,4.244461164027452
4.446999891996383,12.983858426809311
14.764999710917474,24.31008525788784
31.238999931812288,32.12254648923874
41.07899946928024,36.6379581618309
35.28900116920471,33.487534765005115
31.473999440670013,29.61352641224861
25.769000831842423,21.41728899717331
10.303999918103218,8.887777263522148
2.4140000635385515,4.182846375331282
0.0,2.040189258158207
0.0,1.105066431183368
0.0,0.5216344834957272
0.0,0.36225544095970685
0.0,0.31655760275200007
0.0,0.2495702465297654
0.0,0.2977733658719808
0.0,0.28388019959907973
0.0,0.2691831744927913
0.0,0.24155947512947018
0.0,0.2484345903294161
0.0,0.294093667762354
0.0,0.41705292264930904
0.0,0.9862573312036694
4.588000213503838,4.229307955652476
10.08499985575676,13.970167973935604
15.536999963521955,25.71062375128269
21.19599977850914,33.53142104446888
25.404999302625654,38.86353365063667
37.39399799346924,39.76579809188843
34.92299906730652,36.03859973192215
25.168999507427216,27.326822541952133
13.540000173449515,13.413625701963902
1.6660000076889991,6.221416715234518
0.0,3.4251284452527764
0.0,1.680721816904843
0.0,0.6012826364021748
0.0,0.37267675384879106
0.0,0.29830040329135954
0.0,0.23621693095657975
0.0,0.2791141326911748
0.0,0.3315828548371792
0.0,0.3345961339958012
0.0,0.2836019420064986
0.0,0.27410189354326575
0.0,0.3029537662863731
0.0,0.4726006351411342
0.0,0.7700748105160893
0.7050000028684735,3.0081638596206908
8.002000088095665,9.530080224871636
10.776999794840814,17.284763109683993
15.413000401854516,21.58357273697853
20.533999186754222,22.473259655833246
19.656000418663027,21.876819925904275
8.810999638438226,20.124790671467785
5.185000165402889,17.26029511988163
4.105000040829181,8.582163598239422
0.7129999828711152,4.525407347083092
0.0,2.7676664987206454
0.0,1.5575114955380558
0.0,0.9017514125909656
0.0,0.6982013902533799
0.0,0.6081922439578921
0.0,0.4961715829931199
0.0,0.4831271340698004
0.0,0.4125804700143635
0.0,0.4379894055053592
0.0,0.3851586379855871
0.0,0.3515199981071055
0.0,0.3787514201365411
0.0,0.5098067105002702
0.0,0.7341808086447418
0.4330000088177621,2.599243029356003
2.7719998747110366,8.054224226623774
3.71299999371171,14.42049400895834
3.8949999880790713,17.37368538171053
5.405000000596047,17.040882721841335
5.102000019848347,16.0523595020175
4.239999928027392,14.571906962096692
2.537000109106302,12.284784080684187
1.490000062510371,6.463307570517063
0.1990000000130385,3.450057937800884
0.0,2.0916594590991733
0.0,1.2427822524122896
0.0,0.817075527459383
0.0,0.6927604237198829
0.0,0.6446271636337042
0.0,0.5429305886756629
0.0,0.5186756026092917
0.0,0.3896714159473777
0.0,0.416939649078995
0.0,0.3787692640535534
0.0,0.3680120458453894
0.0,0.4092403840087354
0.0,0.5262472644168883
0.0,0.8122987814806402
0.4509999959170818,3.0047324358671905
3.0849998946487904,9.379638802409172
18.39799964785576,17.024257326126097
23.55800035715103,20.72342404782772
25.89399965286255,20.617810652852057
12.58900001525879,18.786125639379023
3.986999886482954,16.462801943421365
2.350999996364117,12.630722944438457
0.28499999364838,6.383923449814319
0.0320000002440065,3.289030836224556
0.0,1.8954141137748957
0.0,1.1020666633360088
0.0,0.6996768992580473
0.0,0.5877845957502723
0.0,0.5450644772406668
0.0,0.47014383907429874
0.0,0.46492823222652074
0.0,0.406790471971035
0.0,0.40675640485249454
0.0,0.3681648103147745
0.0,0.3472570991702378
0.0,0.38737561630085104
0.0,0.4900555483438075
0.0,0.8330169170536101
0.1410000005736947,2.9484782679378987
2.929999929070473,8.972906355261802
6.50300014436245,16.905166253745556
15.363999722003935,20.800390638709068
14.642999694943429,20.826757529377936
17.700999304056168,19.69009847521782
9.362999542355537,18.230169264078143
8.702000263929367,14.546459225714207
4.625999797582627,7.086164513528347
0.3300000095367432,3.77391039699316
0.0,2.168087844066322
0.0,1.2383043278567492
0.0,0.7082135607395321
0.0,0.5595889282412827
0.0,0.5065969556942582
0.0,0.43414920842275023
0.0,0.4497064403071999
0.0,0.3986470024846494
0.0,0.4211822970956564
0.0,0.365410941913724
0.0,0.321618375107646
0.0,0.3295484236441552
0.0,0.4558588046580553
0.0,0.6759219279885292
0.0,2.1478824964538217
0.1020000017806887,6.581953957080842
1.1909999433904888,13.03700916528702
7.568999854624272,15.89827227205038
8.366000076830387,15.451934031546116
4.105000040829181,14.31150747179985
2.1999998924136164,12.868094282150269
1.4030000553280115,10.855696347057819
1.0079999836161733,5.957172438502312
0.3150000149384141,3.2317826722562315
0.0,1.9323566704243422
0.0,1.2396549454890191
0.0,0.8887009301129729
0.0,0.7659650611691177
0.0,0.7237399348430336
0.0,0.5985230714268983
0.0,0.5228015270177275
