y_true_kw,y_pred_kw
0.0,-0.2112877732508358
0.0,-0.23833193629013782
0.0,-0.26392520943653774
0.0,-0.2528409792126502
0.0,-0.18687610036100955
0.0,-0.00505269806559927
0.0,0.6492449557958893
3.681000073701144,5.611919560291202
16.693000283241272,17.412891315955754
30.51199921369553,30.71012677125185
39.95899918794632,39.549979974842735
42.5400008559227,42.83360514682658
25.41500011205673,40.9535635602487
25.4489995777607,36.74617743099838
23.15899907588959,28.36175707050605
10.220999772548677,14.345185513588964
2.3890000939369203,5.947342514319672
0.0,2.4580200684834925
0.0,0.9302936368633206
0.0,0.01112471989145758
0.0,-0.19560086814397915
0.0,-0.2674442927302594
0.0,-0.31751224593334654
0.0,-0.26112199470762965
0.0,-0.2607721327094984
0.0,-0.28937990716262424
0.0,-0.31215130333765073
0.0,-0.2919784671977093
0.0,-0.21492110615947863
0.0,-0.0003143418493269934
0.0,0.7471118708321878
3.6749998961389063,6.315786438781388
16.58299959540367,19.52900326249229
29.825999965667727,34.2845832865437
39.04000100374222,44.08754629069727
44.29700073242188,48.32847298524664
44.86100201845169,47.50975641700489
39.50900178909302,43.376182065737794
29.945999408960343,34.160867771482515
14.926999883651732,17.397641393733018
2.0360000456124543,6.839315362991766
0.0,2.734028460246223
0.0,0.955852549953117
0.0,-0.07889369471664237
0.0,-0.27854479800559484
0.0,-0.3385550552275971
0.0,-0.3756641950355565
0.0,-0.3179267236487063
0.0,-0.17702493855919338
0.0,-0.20571305646441684
0.0,-0.24079085255971133
0.0,-0.2370627243615664
0.0,-0.1774736738260405
0.0,-0.009877503014306344
0.0,0.5209450299452134
1.0220000128075482,4.566985617229732
10.6799997484684,14.848726141919991
16.715000420808792,27.280293508097976
30.85300031900406,35.539986255951526
37.613001136779786,37.74241270554287
38.601998825073245,34.7655752026918
18.77099964618683,29.18950145766493
12.088000336885452,20.475430135563684
13.181000075936318,9.860060554586255
2.156999903619289,4.3885031028835195
0.0,2.0162818463387
0.0,0.8290032510247067
0.0,0.038610641689427405
0.0,-0.15573873956685963
0.0,-0.23168711539135056
0.0,-0.281880267541464
0.0,-0.21418370338754428
0.0,-0.23696194587057484
0.0,-0.25707493335637627
0.0,-0.27797064893861134
0.0,-0.25304322606081026
0.0,-0.17237569975681766
0.0,0.05117688737127113
0.0,0.735356615766463
2.8419998922944067,5.56204874074976
16.294000028967858,17.06489048493279
28.90200034976005,31.05333866048364
37.232999134063725,40.836273841710536
30.11600084543228,44.63183640584813
44.4180004620552,42.68729141607251
33.64699930429459,36.49445019795763
24.50500039696693,25.52133414869712
9.108000468611715,11.341739825363865
1.9280000588297843,4.497809725959056
0.0,1.8774972936819707
0.0,0.6307486715416744
0.0,-0.11452090939624626
0.0,-0.2754164499513396
0.0,-0.32648411199246286
0.0,-0.35945907598479376
0.0,-0.29907807301474965
0.0,-0.2176693011619339
0.0,-0.2217524485917738
0.0,-0.2528042520181599
0.0,-0.2588108926390843
0.0,-0.22821316893084004
0.0,-0.11584380655989385
0.0,0.18143470106130655
2.2359999307990077,2.2229945219983667
7.416999977827072,8.121541638144171
5.97099980533123,15.421739733795935
18.544000374078752,20.657708854558564
6.456000037193299,22.387076698009523
17.088999678492545,21.53296877058545
32.318999029397965,21.570325553411948
14.085000126957894,17.932567143349665
8.398999769687652,9.331278639005523
0.4330000088177621,4.267654614999876
0.0,1.944616583920011
0.0,0.9434195630093474
0.0,0.22861342103105287
0.0,0.00841154178766701
0.0,-0.0733032261873513
0.0,-0.17636912920879017
0.0,-0.1699030431235829
0.0,-0.22739693301662567
0.0,-0.23897948717459772
0.0,-0.26071272912538923
0.0,-0.24653459038222586
0.0,-0.18331045912061517
0.0,0.0015395317111066564
0.0,0.5666625780187908
3.176000020205975,4.54374754880296
15.72999976992607,14.645788139853556
29.41499935626984,26.59860389519457
26.13400059342385,34.76704488933414
40.706999757289886,37.415563560230154
39.93799933671952,35.050371955011435
34.79799819231033,30.51845550298608
14.83299966931343,22.225057986415543
12.50700015604496,10.381731890037754
3.168000040203333,4.366392539019423
0.0,1.8606089756920094
0.0,0.7135702857277413
0.0,-0.012110367084421925
0.0,-0.192338375294683
0.0,-0.2529488986621992
0.0,-0.3005612985168994
0.0,-0.2430897956617406
0.0,-0.2630088744872253
0.0,-0.28318248102355054
0.0,-0.30261400936544847
0.0,-0.2839600955313304
0.0,-0.21473805605612278
0.0,-0.017686608445172225
0.0,0.6719336913162153
3.848999910503626,5.56956594893107
17.303000363111497,17.618671770971297
29.85600033998489,31.356727810993583
38.3859985947609,40.856950179582824
31.69499904870987,45.1434555677972
27.534000945091247,44.401059955280644
31.780999026298524,40.920852289537564
19.93099905729294,32.47858453565711
13.805000056624412,16.580842378560504
2.1100000531971457,6.759547134270625
0.0,2.711297941652777
0.0,0.9766378040514194
0.0,-0.039675193600485326
0.0,-0.24632159807889248
0.0,-0.3095363240848192
0.0,-0.3535439439196412
0.0,-0.3026083364360598
0.0,-0.29217205727133255
0.0,-0.30696052144249375
0.0,-0.3223467385496016
0.0,-0.302769567892359
0.0,-0.23594128753667154
0.0,-0.05048686245103706
0.0,0.6414238283731188
3.917000125646591,5.725591851111556
15.713000037074089,18.537384112695776
28.198000055551528,33.05595796715618
38.220998589992526,42.962029244889614
44.33099814414978,47.522865389618225
43.5119998383522,46.864610267152486
39.145998492240906,43.20705320868088
29.52500004410744,34.23816930083209
15.2610000115633,17.011430715178975
2.2689998804032805,6.650804453745212
0.0,2.663520400149201
0.0,0.9527798209955778
0.0,-0.05437496244780682
0.0,-0.2598085003742999
0.0,-0.32447828348527946
0.0,-0.36999538262094195
0.0,-0.32887689311853563
0.0,-0.21209001705841196
0.0,-0.25225620175717467
0.0,-0.29077379515623797
0.0,-0.27932217272385973
0.0,-0.20676418261931695
0.0,-0.003580491779474948
0.0,0.5737557648305691
4.505999840795994,4.491366822516334
10.50499996125698,14.228410300720094
12.148000058531762,26.449302352015884
34.100999902486805,35.848279822182995
41.99600118875504,40.678661886757936
34.22299991846085,40.73808646377091
38.175001850128176,37.49161345619872
21.65200094938278,29.176754693325265
6.347000149190426,15.03956953054785
0.4730000051110983,6.182148107749893
0.0,2.6239947246278823
0.0,0.9886822334749132
0.0,-0.03174239507141996
0.0,-0.24230748068235508
0.0,-0.3136101909902249
0.0,-0.35720263127198904
0.0,-0.2802578560828632
0.0,-0.19910748380597798
0.0,-0.21738568053149732
0.0,-0.25121868301137457
0.0,-0.2504963392512898
0.0,-0.20654681710625833
0.0,-0.06538444930889542
0.0,0.34462549501836537
0.1650000047683716,3.150273020467384
4.6909999239444735,10.635284865080335
10.923999780416487,19.853335250303275
16.795999993681907,26.71113297928094
35.21599875211716,29.457743813279755
20.05100055456161,28.749463633891523
14.889999558925629,28.110743416795266
29.942000317573548,23.416321011697192
12.148000058531762,12.798225207342275
1.99399995803833,5.445398033121771
0.0,2.23852643980591
0.0,0.961141869725697
0.0,0.10208907912742216
0.0,-0.11004815499721049
0.0,-0.18261126340219647
0.0,-0.25418604123384453
0.0,-0.20581042604033806
0.0,-0.1711658002517623
0.0,-0.15516661902533813
0.0,-0.18434939966463132
0.0,-0.208890920339166
0.0,-0.20157160187864676
0.0,-0.12892169036834777
0.0,0.040277643974905075
0.0950000032316893,1.5406589303695313
3.854000058472157,6.013276386490975
5.680000179708004,11.451644239120425
3.247000067383051,14.647483019614041
3.815999960899353,14.00585224104192
4.003999876081943,11.661677932584658
1.964999998435378,11.160477712083418
3.960999887287617,8.989265858059175
3.101000111401081,4.507007567179931
0.4320000113174319,2.2080983279848674
0.0,1.0950202319100648
0.0,0.6957435594000965
0.0,0.37126717598603776
0.0,0.23661544450262673
0.0,0.21284696729346586
0.0,0.06338751111927088
0.0,-0.0605437233519488
0.0,-0.19128734248865192
0.0,-0.17809392921945322
0.0,-0.20783741329011507
0.0,-0.23025965035582585
0.0,-0.2237782987538008
0.0,-0.15775396780245382
0.0,-0.010220714203264758
0.0,1.316504607026187
0.0950000032316893,5.437033538913056
0.5439999881014228,10.49727368195728
2.563999881148338,13.616349329775526
5.35099994301796,13.320219378145326
6.57300016194582,11.450792389731111
7.7769998481869695,11.640377799606929
7.514999797046185,9.948498825000238
2.7469999051094054,5.148982257068633
0.0380000012926757,2.513742410923016
0.0,1.2321675404926835
0.0,0.7829471436120545
0.0,0.4244601977094995
0.0,0.2672447278169374
0.0,0.23581672649411356
0.0,0.06802432261097013
0.0,-0.07260577592652095
0.0,-0.25986916639990065
0.0,-0.2847878010535208
0.0,-0.3078345785478586
0.0,-0.2881873191700042
0.0,-0.21375383105112594
0.0,-0.0011626486297825478
0.0,0.7233599889844682
2.946999918669462,5.943059517019167
15.549999577999117,18.19424390172265
30.71299925684929,32.28515759819323
28.88700016260147,42.26797481467902
29.959999309778212,46.69084943694579
47.07999862194061,45.97597959697341
40.37099802970887,42.22182714284005
29.52299947142601,33.4742760022752
10.38700006365776,17.23744823487698
1.9960000172257424,6.785420987902073
0.0,2.669461342194219
0.0,0.939651147024583
0.0,-0.0747457990160757
0.0,-0.2740319568150935
0.0,-0.33231314385791716
0.0,-0.3706721488602963
0.0,-0.3099420503424172
0.0,-0.2525519290250497
0.0,-0.2845611864973571
0.0,-0.3100913564772258
0.0,-0.29156080313016414
0.0,-0.21693753968768936
0.0,-0.011662751205711253
0.0,0.7073810010768793
4.239999928027392,6.171043046828465
17.353000302314758,19.145765100020206
31.679000629186632,33.91486438202417
41.257999374866486,43.840237100930814
46.77299903631211,48.090739000610654
46.68899963140488,47.1793052014553
41.77300100803375,43.053743684922665
31.849000011682516,33.89265999535291
16.703000065684318,17.403255274477637
2.8799999898672106,6.778692783898263
0.0,2.6913611136371696
0.0,0.9526471931539198
0.0,-0.0762669712024554
0.0,-0.27662240577126757
0.0,-0.3373314970476575
0.0,-0.3758078913304114
0.0,-0.31765824929373104
0.0,-0.2639316692918475
0.0,-0.2917919789674227
0.0,-0.31449816099394023
0.0,-0.295655673545195
0.0,-0.22025758992263633
0.0,-0.019280330602493234
0.0,0.7184790202286708
4.30199996560812,6.4121466555802185
17.697000212669373,20.144331921201854
31.859000821113582,35.24112469753569
40.93499931573868,45.00471510207679
45.92600092887879,49.26158072776427
45.4139981007576,48.47619986291456
40.17799822330475,44.530638476963674
30.769999146461487,35.38457929394739
16.353000491261483,18.243416955825047
2.8689999210834505,7.138577800772198
0.0,2.852123443612528
0.0,1.0018494427653208
0.0,-0.06747726875120219
0.0,-0.27285961791512314
0.0,-0.3377275876408428
0.0,-0.37863988987247854
0.0,-0.326120604041194
0.0,-0.2645479736678178
0.0,-0.297184349413397
0.0,-0.3229280945397407
0.0,-0.3057959750478286
0.0,-0.23147988456094115
0.0,-0.02411504834583944
0.0,0.7118832613765504
4.399000011980534,6.277075564144882
17.74800043821335,19.528369207089447
31.83100101947785,34.38414396242445
40.939000461101536,44.33968968315766
46.26199854850769,48.80172278407907
46.96200180530548,48.159482023598834
41.45200152158737,44.48131399300302
31.503999814987186,35.625822565068795
16.69199999690056,18.64352659769829
2.920999919474125,7.3408471687127
0.0,2.9377216578351897
0.0,1.047732371027016
0.0,-0.06256204412639232
0.0,-0.27733277834408354
0.0,-0.342659583753591
0.0,-0.3818905613844331
0.0,-0.3234235400524696
0.0,-0.25882913284208753
0.0,-0.273925424870323
0.0,-0.2980757000934639
0.0,-0.2819590864880023
0.0,-0.21858415394813197
0.0,-0.03947480337153075
0.0,0.48745459348033204
2.088000044003129,4.225643635216173
12.759999684095384,14.06365335237829
20.676000821590424,26.277999574276656
17.84200065255165,35.34974197869132
34.04000092148781,39.494058349837324
34.41599972486496,38.46964081727186
29.22700098156929,34.77813643597013
30.303999220132827,26.245300387478608
12.688999893665311,12.34555786055036
2.009000016823411,4.621362144453966
0.0,1.8913281837689797
0.0,0.7243177228403803
0.0,-0.057642683971814435
0.0,-0.2389984388416716
0.0,-0.30000863850585335
0.0,-0.3490120026348825
0.0,-0.29339832653442816
0.0,-0.21671267166734803
0.0,-0.24275805186650073
0.0,-0.27002503087828433
0.0,-0.24850033245205289
0.0,-0.16789360056922853
0.0,0.045327774692476286
0.0,0.686115192210635
4.539000047147274,5.4630557164647024
17.471999459266662,17.09634096063492
31.81799935102463,31.19824898038189
41.0139993429184,40.785075399882125
45.81999933242798,44.17652849652921
44.96800184726715,41.887945443204906
38.83399952888489,35.29034278872944
14.495000450015068,24.194639955755648
9.13600027024746,10.845232863346537
0.4460000084154308,4.306963020389091
0.0,1.8229649810981727
0.0,0.6256992407386288
0.0,-0.1100886306165253
0.0,-0.2696644442485939
0.0,-0.32372545537464226
0.0,-0.3574787178186546
0.0,-0.288240140634826
0.0,-0.17290394326530845
0.0,-0.19293171385726082
0.0,-0.21891951559487627
0.0,-0.2005259826662622
0.0,-0.12051835350273399
0.0,0.08755597729445097
0.0,0.7282063392399774
4.286000005602837,5.74820644093585
17.74499957919121,17.503610842632483
32.10599965810776,31.235522203012515
41.12999969482422,39.763262572916084
46.881001205444335,41.555881783366274
35.32799795866013,37.355001993619545
23.405999966859817,29.29246809787776
12.070000317692758,18.85769612960423
9.449999806284906,8.323408435246371
0.0,3.4595938190361686
0.0,1.4919250216478241
0.0,0.5131250303767596
0.0,-0.08482681936510506
0.0,-0.22590313833985648
0.0,-0.2787153715494443
0.0,-0.3121869539085761
0.0,-0.24062128292075624
0.0,-0.19878366244536982
0.0,-0.20735158382774999
0.0,-0.24546779308505418
0.0,-0.25386473714303065
0.0,-0.21357446991201595
0.0,-0.07975564882097697
0.0,0.27040819101973446
0.2350000063050538,2.7609638169649346
4.568999907970428,9.511949065893274
8.764999817609787,17.88043582280671
19.926999965906145,23.934851154513517
23.15399969816208,25.607968699982223
38.51599884748459,23.863575170929813
36.667001383304594,21.641011942787628
8.867000268697739,16.14549234286806
6.293999864459038,7.848369034033494
0.5419999931007624,3.4807560963644963
0.0,1.6324663640708112
0.0,0.7914683788839754
0.0,0.14105005371250245
0.0,-0.0566218842388756
0.0,-0.13354931607894516
0.0,-0.21550583706036275
0.0,-0.1671959232881891
0.0,-0.15848952767250113
0.0,-0.15290271635147268
0.0,-0.1885353906412166
0.0,-0.20591972227904154
0.0,-0.17865944357390617
0.0,-0.07565451212347324
0.0,0.19086063698079148
0.8239999942481518,2.279675595772014
4.814000226259232,8.136658608923751
12.448999980092047,15.05038793444325
16.697000401616098,19.452797586669533
19.177000877857207,19.623276567313944
22.45500083565712,17.466541911498958
16.95599959373474,16.538553819220624
13.739999930262568,13.157289915932422
7.215000161826611,6.795313706349221
0.6820000282675028,3.2160749431162534
0.0,1.5053468752460786
0.0,0.7728193723735632
0.0,0.2541022826926971
0.0,0.0827154046546269
0.0,0.011949793826898203
0.0,-0.1026691072605534
0.0,-0.10161343808908918
0.0,-0.14079514457245457
0.0,-0.15436936636236304
0.0,-0.18804102426310593
0.0,-0.1856000637539239
0.0,-0.12591380143515274
0.0,0.04110327206802267
0.0,0.5080713157177377
2.829000021070242,3.8748586915775185
9.735999540686608,12.483957433243
22.52500033974648,22.491041065469624
24.528999053239826,29.025595282674878
23.897999122142792,30.596689561807857
18.86199900150299,28.262548009898943
13.605999559164047,25.395648792600262
21.654999754428864,19.289834442146635
12.05999950826168,9.876239908972172
0.740999977067113,4.371379696107145
0.0,1.8583408222886253
0.0,0.7427977654582492
0.0,0.05406862364087239
0.0,-0.11369824816900992
0.0,-0.17919905418625726
0.0,-0.24042260367310342
0.0,-0.17137774387333216
0.0,-0.1756836468263241
0.0,-0.20097685110792662
0.0,-0.24157156535375318
0.0,-0.24612518151117713
0.0,-0.19846804806906282
0.0,-0.05357240104944011
0.0,0.3625698743316895
1.108999955803156,3.297284360689921
8.07999982893467,11.11535269736097
9.234999862313272,20.46014725626963
25.475999093055727,27.013284676397305
20.56499984741211,29.332722349679592
22.96499898314476,28.307728179355728
16.791999875307084,27.053999392972663
21.623000861406325,21.90285813434425
6.293999864459038,11.879440239704246
1.1259999454021454,5.436273422138516
0.0,2.413137468619511
0.0,1.0690349410433013
0.0,0.163275536173913
0.0,-0.07057897114071943
0.0,-0.16213044078497652
0.0,-0.2381122590922684
0.0,-0.17515776931014276
0.0,-0.30589059109866035
0.0,-0.32412206365120244
0.0,-0.3440133595373578
0.0,-0.329104350456882
0.0,-0.2656755426923477
0.0,-0.08327008785334644
0.0,0.5795578558306871
2.09200003400445,5.408118666042547
12.361999716162682,17.825367872916615
31.40600050926209,31.982754654288257
42.59800103187561,42.18097986580399
47.96600173473358,47.3393389837606
47.72500050783157,47.373241003578975
43.221000726223,44.67065784135041
32.76800024986267,36.49799259384029
18.07200078368187,18.99700140487782
3.6669999161362647,7.55332453249796
0.0,3.0725819658956963
0.0,1.1331849429799692
0.0,-0.02084506501026928
0.0,-0.2572611571848072
0.0,-0.3334340349529228
0.0,-0.381832357821033
0.0,-0.3331043790563519
0.0,-0.22772856536732627
0.0,-0.2278245408150012
0.0,-0.2430705321900853
0.0,-0.22292159710583126
0.0,-0.15287181456648047
0.0,0.03650749779623297
0.0129999995976686,0.6238647460743583
3.6380000849068166,5.0036105466765335
18.454999537467955,15.899106618945469
30.68000007748604,28.69433025413896
42.01399812698365,37.12099123676517
32.19500049471855,39.31915783199172
28.578000004291532,35.86138338746512
15.868999518752098,29.284149229510156
5.380000030994416,19.596514281418486
4.6770000231266025,8.392840498897806
4.158000068813562,3.369225970796986
0.0,1.4252629131249253
0.0,0.500455477503976
0.0,-0.07002356477244853
0.0,-0.21378019042776975
0.0,-0.2666382457373736
0.0,-0.3107219434521584
0.0,-0.25683045546050126
0.0,-0.24290079947427845
0.0,-0.28327708885420655
0.0,-0.31343274356507866
0.0,-0.2984131916856642
0.0,-0.2219194032103221
0.0,-0.009469463592334249
0.0129999995976686,0.7398955606847386
5.334000210165978,6.414838121219279
19.06399933099747,19.56628759713157
33.30700053930283,34.300951848969994
43.30299955844879,44.288641083293435
47.33799855470657,48.738410752091745
48.43800132513047,48.259296994338236
40.751998264789584,44.60436249447673
23.914999881982805,35.8945510440429
11.90900043129921,19.312860777490123
3.370000112950802,7.842508822517397
0.0129999995976686,3.174180105492084
0.0,1.1256613533618898
0.0,-0.05101132699090627
0.0,-0.27212305540189313
0.0,-0.3397401316441442
0.0,-0.3781999734125494
0.0,-0.31271351939067
0.0,-0.2503100486489981
0.0,-0.2915897696610814
0.0,-0.322018621452256
0.0,-0.30718266745326955
0.0,-0.23177349496245153
0.0,-0.02040128449913825
0.0190000006463378,0.736389189237949
5.6620001605153085,6.540156022615431
19.478000799417497,20.17276184712587
33.83900087833405,35.206094705216714
43.67299869775772,45.16542847913035
48.8290003156662,49.49505800147356
48.99100151538849,49.04377192004238
43.21600134849548,45.35938408065691
27.89800042033196,36.669042436786675
12.214999730587008,19.91728281550168
2.7430000434815884,8.151719006727442
0.0,3.323862926701727
0.0,1.180233776009366
0.0,-0.04790450281492109
0.0,-0.2757206067159279
0.0,-0.343726192403407
0.0,-0.3809118857475453
0.0,-0.3142450095882612
0.0,-0.20110328383025589
0.0,-0.24036095603248675
0.0,-0.2721427029755354
0.0,-0.25766875578880694
0.0,-0.18027408571640502
0.0,0.024416524026191766
0.024999999689171,0.7359556538704388
5.936000053286553,6.272274124821794
20.46899906039238,19.139831524258113
33.85300077915192,33.41062183242113
43.42300105571747,42.555648546846136
48.07899917364121,45.905650238528644
43.30900127649307,44.27079094044239
27.31299928307533,39.455357247526514
13.501999562382698,30.23549603270323
18.44300020933151,15.578314527187109
3.891000126451254,6.4262674803892175
0.0,2.6451808915320942
0.0,0.9472872175202314
0.0,-0.03992055154523877
0.0,-0.23998491388478382
0.0,-0.305415081258068
0.0,-0.3449988760038565
0.0,-0.2759644705513139
0.0,-0.23879384313592228
0.0,-0.28233579088077354
0.0,-0.31227850303769356
0.0,-0.2949645066144175
0.0,-0.2092224265064957
0.0,0.020922632373674865
0.0129999995976686,0.8428474363138097
6.031000040471554,7.1784238713284285
20.588000271320343,21.539370741685538
34.77899891376495,36.804255891923845
45.01799973249435,46.49750837695397
50.05800099849701,50.814884968896955
49.31200100183487,50.339925098913106
46.14700053691864,46.573944186886024
33.56299989938736,37.631331069563274
19.853999602794648,20.382623368273173
4.95200020223856,8.273645361163005
0.0,3.3267164672707503
0.0,1.1345138476231948
0.0,-0.06806873247757256
0.0,-0.28400855080744525
0.0,-0.34986017107010736
0.0,-0.38626210650879567
0.0,-0.3229411391978045
0.0,-0.193803999822446
0.0,-0.21998363482967692
0.0,-0.25804373471969794
0.0,-0.25762238113594427
0.0,-0.19572866229184865
0.0,-0.02361220729057978
0.0,0.4979647791453139
4.399999784827233,4.319339754601286
15.6609995251894,14.000687740999837
29.4560008263588,25.266537337432815
32.93500082731247,33.14482338342573
25.104999667406084,36.08160578391489
23.473000665903093,34.571678400577646
22.969000128507616,31.169010350545527
16.284000246524812,23.687130927386015
15.33499963402748,12.098807538932496
4.928999778330327,5.365204913776397
0.0,2.4011643548115638
0.0,0.9903716463298076
0.0,0.08620167713098126
0.0,-0.13959510024834582
0.0,-0.23118653166799863
0.0,-0.2940096108671624
0.0,-0.2160475627452671
0.0,-0.21936875980078602
0.0,-0.272088232499192
0.0,-0.3086112252608389
0.0,-0.2943018088912864
0.0,-0.20884052490557725
0.0,0.025867225338535693
0.0,0.8208911399658878
6.2070001140236855,6.799817656335708
21.157999167442323,20.335051159953608
34.936000735759734,35.18795893749656
43.17099873304368,45.01147902335287
49.58499906778336,49.454562223782624
44.39999941587448,49.14716836568934
32.43000000357628,45.43818492424849
24.706000440120697,36.616320662203
17.462000703811647,20.19816910823412
4.356999796032905,8.488027988646992
0.0,3.4889763893330654
0.0,1.2090839251705314
0.0,-0.05203804598985429
0.0,-0.27808392007800975
0.0,-0.346901508453592
0.0,-0.38223091683972177
0.0,-0.3066881864106998
0.0,-0.2042196678958828
0.0,-0.25512253816029984
0.0,-0.2889419509483861
0.0,-0.26376136063617955
0.0,-0.16089181476217884
0.0,0.10633798695419983
0.0,0.9673444552330541
6.254999994039536,7.485457555237254
21.194999492168428,21.829723067772903
35.51599838733673,37.137733838737645
45.72499883174896,46.647535357804294
50.37499933958054,50.58239565181058
50.1670013999939,49.79943014218586
46.3359991979599,45.260544814815184
34.506999080181124,35.57843552334025
19.66099979639053,18.91879374222409
2.22100000038743,7.5216077178447485
0.0,2.9608314003446576
0.0,0.9597326561334159
0.0,-0.12416541083494814
0.0,-0.30780355783729846
0.0,-0.3606017931970782
0.0,-0.38930700192914325
0.0,-0.314560628100765
0.0,-0.23601522416929072
0.0,-0.26763449533427197
0.0,-0.2956168129584303
0.0,-0.2698965739551063
0.0,-0.1790589436545874
0.0,0.05373966890770121
0.0,0.7589436015940216
2.0000000072270634,6.1771653388498535
16.03399952352047,19.127494433007136
27.4530003452301,34.062992567258895
43.83400166511536,43.91313362536021
48.00699909687042,47.82542880920338
39.21999914169312,46.33695444750726
46.26399912118912,40.62188638789595
22.88300015091896,29.563925947366315
6.4380000180006025,13.767310931891709
5.083000227808952,5.145238013251145
0.0,2.0768735182319573
0.0,0.6813358751339669
0.0,-0.1426328620070565
0.0,-0.30590040699796894
0.0,-0.358993143252875
0.0,-0.3907351400955995
0.0,-0.32130293339131366
0.0,-0.22779694944400813
0.0,-0.27933820841557166
0.0,-0.31410368190501414
0.0,-0.29744920917987194
0.0,-0.21123490926710353
0.0,0.021721894602019565
0.0830000011343509,0.8568726753160185
6.799000174701214,7.4037548911736355
20.92399994492531,22.24179265706458
35.631998739242555,37.77703999167103
45.18399796962738,47.401241910437996
49.551001656055455,51.43977064210956
50.20200115203858,51.00009351650848
45.808000004291536,47.15337212174612
35.113998301029206,38.32076761771694
20.148999860286715,21.532898895716812
4.857000215053558,9.012661115752328
0.0129999995976686,3.6870383028411204
0.0,1.2664783140174731
0.0,-0.061745544549299036
0.0,-0.287212876156735
0.0,-0.3531109870856186
0.0,-0.38668513210060235
0.0,-0.31394977816120284
0.0,-0.23592272286807592
0.0,-0.2879597842199635
0.0,-0.32279753557742064
0.0,-0.3086593990335861
0.0,-0.22658249150130821
0.0,-0.002533323448139946
0.1080000028293579,0.809112139102768
6.625999933183193,7.175341310713595
20.82799915790558,21.570135610102575
35.70199824333191,37.012298451152745
46.34900086641312,46.95223616371751
51.17499836683273,51.37669892773271
51.23299854278565,51.11835727025862
46.53300014972687,47.589872086828926
35.450998260974885,38.97985440583718
19.979000477790837,21.900750189735874
4.95200020223856,9.10893841473354
0.0,3.726525631601489
0.0,1.285911867665235
0.0,-0.05135025185959741
0.0,-0.28554069054327946
0.0,-0.3555882082908163
0.0,-0.3915525398060134
0.0,-0.3239384915910172
0.0,-0.21426224666376315
0.0,-0.2695809829278536
0.0,-0.30703365648715
0.0,-0.2927068421012685
0.0,-0.20408425839762967
0.0,0.02724885088087814
0.1020000017806887,0.8585211993060269
6.537999896407127,7.369981505917041
21.12199912905693,21.834049066694597
36.10099952459336,37.19536714600211
46.526998431682586,47.04699311876019
51.120001103878025,51.46746041909752
51.25099958896637,51.31329724429728
46.995000984668735,47.8599748468877
36.47200100421906,39.32718678586366
21.131999938488008,22.5144911781952
5.217000085413456,9.504114358659095
0.0129999995976686,3.8673997954208517
0.0,1.3010526074397513
0.0,-0.05399646173746386
0.0,-0.2828530243447188
0.0,-0.35307539612595795
0.0,-0.38899937748883345
0.0,-0.3181810640591983
0.0,-0.22735931043238322
0.0,-0.28394326372084133
0.0,-0.3197711780536536
0.0,-0.30571619178347864
0.0,-0.22032073595666263
0.0,0.015073455402965896
0.1640000072680413,0.8690982299462395
7.681999861001969,7.524611980485014
22.38100018620491,22.183355964331945
36.54400108098984,37.622026748258556
46.73000110149383,47.453014752790274
50.74600081920624,51.807543486113886
50.54999809980393,51.625306492129134
46.658001024723056,48.235909883766205
36.40700087785721,39.85388138663463
21.197000064849853,22.869023306561417
5.258000015020371,9.699261125494633
0.0129999995976686,3.961966354518381
0.0,1.3485155922646745
0.0,-0.05006174458200052
0.0,-0.28754062442006195
0.0,-0.35664077033080854
0.0,-0.3908714830661535
0.0,-0.3202562936604699
0.0,-0.2467807029788882
0.0,-0.2996141300343905
0.0,-0.3331652294426649
0.0,-0.319809573995499
0.0,-0.23555414353085763
0.0,0.001903350040623475
0.1569999926723539,0.8834803744447566
7.471000035405159,7.762299579254794
22.414999651908875,22.89261074696676
37.19999995470047,38.3647375534607
47.94500188350678,48.15418209745622
52.38900091648102,52.62763665393996
52.05200095653534,52.6385967751884
47.78399891614914,49.61061713326945
37.31399973392487,41.6208984755525
21.592000200748444,24.268826431293007
5.443999871015549,10.399677291160652
0.0129999995976686,4.264042178722727
0.0,1.4414597848706339
0.0,-0.038745346788164325
0.0,-0.28952279275242404
0.0,-0.3616787664404561
0.0,-0.39644700657652954
0.0,-0.3281026970700605
0.0,-0.137899738746889
0.0,-0.1834209408567018
0.0,-0.24922593463261433
0.0,-0.2754592121606992
0.0,-0.24527625307431955
0.0,-0.15446692173219462
0.0,0.13011390354543806
0.0,2.4217819504771354
0.7629999862611294,8.9811210693748
3.6259999865293504,16.26312000104202
14.23200011253357,21.263099257267974
14.262999746203423,23.222831646317026
17.106999697685243,23.86366516974538
37.193000004291534,26.788648865906033
30.77899966955185,25.830501875758294
22.454000549316408,17.07800265274419
3.587000116109848,8.490886844795043
0.0449999998416751,3.9733936662829485
0.0,2.0717021318657802
0.0,0.662190173498084
0.0,0.24173336165506087
0.0,0.02654486030087222
0.0,-0.1424522684695454
0.0,-0.08030230479460487
0.0,0.021353603490349204
0.0,-0.01910376173283801
0.0,-0.09503748652047361
0.0,-0.13806589094734417
0.0,-0.11261014256077129
0.0,-0.017333720247753925
0.0259999991953372,0.24618056211403194
7.713999781012535,2.7199186013449257
12.184000096917153,9.417994071547408
27.23000016450882,17.36275019447173
33.51999991059304,21.69086710678164
11.664000113010406,20.460290147332557
12.949000399112702,17.227622537869102
23.33399989008904,15.103662102157196
12.30700039923191,11.642770467935959
7.500000123381615,6.966392468779503
1.1410000041872264,3.7032709565948014
0.0,1.8950927935487263
0.0,1.0314879158880055
0.0,0.3610825742242628
0.0,0.1806266616230925
0.0,0.08530921074616338
0.0,-0.012264939879544356
0.0,0.04007475508194558
0.0,-0.12198710701604942
0.0,-0.1334798088554875
0.0,-0.18709403426722215
0.0,-0.21158213223247163
0.0,-0.18353020097784212
0.0,-0.08061967043050156
0.0,0.17139761722958213
1.2089999625831842,2.197333125494807
5.314000131785869,8.033237362647982
5.796999790966511,15.085447541983207
11.396999657154083,19.43787602983042
15.473000123500825,19.509328683119982
32.92299944519997,17.567406259407257
23.19300059556961,16.472294395886834
20.81200073838234,13.024459676365298
8.11300003528595,7.100847972037288
2.2920000475645064,3.4917501667347146
0.0,1.7365872941531109
0.0,0.9308414714535491
0.0,0.29308972435271585
0.0,0.09987465917254601
0.0,0.014261793543648427
0.0,-0.09278568602288834
0.0,-0.06308092829631329
0.0,-0.030522143124365297
0.0,-0.027308463655631887
0.0,-0.06859657209871839
0.0,-0.08811449261502191
0.0,-0.05201793951658085
0.0,0.07094409073963104
0.0,0.3718146310736079
6.983999744355679,2.9286704451401095
21.265999282598496,9.728655732249337
31.178000950813296,17.20065592909159
27.56800041079521,20.914520601067252
16.471000388860702,19.699434120011773
18.28299958229065,16.62382778444455
21.15500036239624,14.942673136253463
8.059999750554562,11.776334644849852
2.4300000235438346,6.541271890136208
0.2389999963063746,3.2355081200337885
0.0,1.441160749179388
0.0,0.6576875662504293
0.0,0.18891564011624973
0.0,0.07132696844150632
0.0,0.023911663212955903
0.0,-0.05693290964657238
0.0,-0.01532875512716858
0.0,-0.1954848336715284
0.0,-0.23610637696556902
0.0,-0.27362388914753677
0.0,-0.260717637802646
0.0,-0.176692190459231
0.0,0.04261866075922094
0.0439999983296729,0.734173642397316
4.185000097602606,5.697774937526243
21.898999786376955,17.408093482601117
29.176000756025317,30.500278329779903
43.12899903059006,39.56872181419421
42.963999025821686,44.00525864414572
43.73500001907349,43.95802208719413
42.53300090551377,41.059703677446485
33.180999377965925,33.24474510046917
19.815000759363176,18.355922617829577
5.757999920547008,7.7358373787064085
0.024999999689171,3.1538379594246564
0.0,1.129498522650429
0.0,-0.017899799809051764
0.0,-0.2355954656610254
0.0,-0.31055817979129924
0.0,-0.3561308105055123
0.0,-0.27732888167716524
0.0,-0.2213623875347689
0.0,-0.24797046468454176
0.0,-0.2726344733976581
0.0,-0.24486339914642413
0.0,-0.14223840012536887
0.0,0.1245628974215427
0.3550000112317502,0.9488553208526238
9.126000487804411,7.009124723375287
23.16099964857101,20.56446531351986
29.489000005722048,34.83916583994954
46.163001010417936,43.765721115222185
48.79299822330475,47.27656517675113
46.07900160551071,45.811735726054806
30.41700076699257,40.50798151744477
22.5719994199276,30.276514911953583
13.107999712824824,14.697294171936603
1.897999941259623,5.76158388369098
0.0,2.280130181652965
0.0,0.7303996611977537
0.0,-0.11985783783774095
0.0,-0.2860284147362378
0.0,-0.33876458538923215
0.0,-0.3705606406294988
0.0,-0.29526369779532613
0.0,-0.18708438537400546
0.0,-0.23485340644520813
0.0,-0.2703154302953137
0.0,-0.24973200636317305
0.0,-0.14356380092879217
0.0,0.13052039640479074
0.3420000116340816,1.0283132239887693
6.729000157117844,7.900682423900326
22.511000438928605,22.4219938046245
33.17900085926056,37.51378977616198
44.93800147294999,46.7209961742301
46.39199880123139,50.17618263234281
26.539999771118165,48.732263006349875
28.273000991344453,42.79208682038841
14.391999712586404,31.751288111802026
6.4449999684095385,16.186702499847037
7.132999789118767,6.832446216592207
0.0380000012926757,2.844808127410115
0.0,0.9035422085318845
0.0,-0.09740547865980137
0.0,-0.2829589117604391
0.0,-0.34359172876901245
0.0,-0.37259202702798977
0.0,-0.290644180527589
0.0,-0.16696097748577432
0.0,-0.240417588774767
0.0,-0.28530770130565014
0.0,-0.27190289504910486
0.0,-0.17762749838950997
0.0,0.07448098703430484
0.3700000058300793,0.9774410322745426
9.014000254273414,7.79641508223194
23.632999238967894,22.41905838828785
37.53099819660187,37.692454686601614
47.43700020074844,47.27925527860865
51.9229989361763,51.45676569052666
51.53999812841416,51.450250811997854
47.43499962806702,47.92438652667224
31.222999458312987,39.64549759855866
19.82399922847748,23.83504406624862
5.873999758958817,10.866457485646373
0.0190000006463378,4.565265053683416
0.0,1.536623544014648
0.0,-0.02538499973348618
0.0,-0.26854364320737756
0.0,-0.33856889709504223
0.0,-0.37081391704048694
0.0,-0.28883517182090535
0.0,-0.22840366818961028
0.0,-0.2742954133942858
0.0,-0.3040002548779215
0.0,-0.2787143525761949
0.0,-0.17381305490940774
0.0,0.10504640977278112
0.4779999926127493,1.0561197790960595
9.492999795079232,8.283715349693177
24.08900040984154,23.750325586572103
38.50300128698349,39.22109645701181
48.64199811935425,48.54467993440651
53.33399832963944,52.49374838744051
53.99000131130219,52.00714557097643
49.56599978923798,47.95283745554439
34.94899829626083,38.71480619822474
13.574999925494197,21.158774002500827
2.7330000042915343,8.552540773364374
0.0,3.360263704754705
0.0,1.067191550167089
0.0,-0.11814559253664447
0.0,-0.31154857099002786
0.0,-0.3654309453017115
0.0,-0.3938225398710801
0.0,-0.3241167913796783
0.0,-0.17672787108598603
0.0,-0.24800734065050795
0.0,-0.2921847747684657
0.0,-0.2751001173686698
0.0,-0.1739492913527011
0.0,0.09339061613668442
0.4960000118054449,1.0217042688905713
8.380999750494958,8.183023384181007
25.015000598430635,23.61152027937768
40.10900105953217,39.14399288100127
50.500998446941374,48.44654383241098
55.61799916744232,52.31747240570248
54.920998823642734,52.065950690518186
41.232998378276825,48.232457029414554
37.82999959945679,39.56233953897492
23.185000358819963,23.380994139127566
7.107999819517135,10.306724940181853
0.0380000012926757,4.260040888560727
0.0,1.410386824481391
0.0,-0.06098360143676412
0.0,-0.2882560022464105
0.0,-0.352515857409073
0.0,-0.38216742696316586
0.0,-0.29633949430878087
0.0,-0.20702681657302752
0.0,-0.25975066545402137
0.0,-0.294498519491169
0.0,-0.2795441189325504
0.0,-0.19031381236149586
0.0,0.05244088809555347
0.5710000168904662,0.9766690163681626
9.710999571084976,7.9586535114866965
24.688999680280688,22.867831837692755
39.326000738143925,38.04825978800468
48.87399882316589,47.599719255580794
50.32700202703476,51.81387954383509
43.01400101900101,51.76938572222079
35.70899819374085,48.354947374585315
26.2289990401268,40.15173907691855
17.70199959039688,23.602656236898937
6.872000024318695,10.541309402681621
0.0439999983296729,4.364367309614513
0.0,1.4692427865638495
0.0,-0.022248508426109925
0.0,-0.2647412067791486
0.0,-0.33492826077383525
0.0,-0.37003223670322416
0.0,-0.299376225089997
0.0,-0.23444779377924463
0.0,-0.27728453571301853
0.0,-0.3128428885029866
0.0,-0.3060386129905798
0.0,-0.23629494533510248
0.0,-0.045655095197458695
0.721999992467463,0.6687647338177354
12.096999832987786,5.986612656204284
25.695000182390213,19.074196863529707
36.888000991344455,32.92552069265992
34.92700021266938,42.46267258219265
48.84700136184693,47.53885797235643
51.77300117254257,48.47625348115216
47.7800018787384,46.6035744664346
38.05000097513199,39.78684657289974
22.81499916553497,24.063495601872177
6.621999814808369,11.176401009635738
0.0510000008903443,4.83875114222889
0.0,1.784429896632854
0.0,0.09898400191690615
0.0,-0.2034925021892382
0.0,-0.30709968107856056
0.0,-0.3601895830603272
0.0,-0.2887267199578816
0.0,-0.25663695389758817
0.0,-0.29457988950055125
0.0,-0.32221383769581746
0.0,-0.3074283936778591
0.0,-0.22564552631775125
0.0,-0.0005736799234660195
0.4149999896250665,0.9008122723318968
5.52799978941679,7.856610326391863
22.719000432491303,23.53462749019193
39.01700057983398,38.813460151376
49.670999045372014,48.28865419146728
54.17499882698059,52.64351306609715
52.52400054693222,52.87293952950749
46.56500109672547,50.077183479446965
36.34000017881394,42.49738972264035
18.531000759601596,25.255238886293313
5.54999992698431,11.174607100246275
0.064000000488013,4.634854796208329
0.0,1.577120130270072
0.0,-0.0059141885317509635
0.0,-0.26544766497414807
0.0,-0.34254091738230846
0.0,-0.3812665754724217
0.0,-0.31811203288832635
0.0,-0.22414590586131927
0.0,-0.2696690960034997
0.0,-0.31315950526298736
0.0,-0.30784146957768976
0.0,-0.23997477876541085
0.0,-0.05706876818267059
0.0629999989760108,0.5281998051021144
7.043000206649304,4.763342918095676
14.510999896526338,15.615329539113057
17.085999846458435,28.35944663607063
30.53499963760376,37.945395931851515
48.16799795627594,43.36114582116701
49.86799999713898,44.53213628845063
46.20500071287155,42.6911180848433
35.68200073242188,35.63612241530638
18.58499979019165,20.694733088751235
4.052000012844801,9.004406688791528
0.0439999983296729,3.8774795578945005
0.0,1.4897406185067035
0.0,0.05805422683693573
0.0,-0.21335520072907121
0.0,-0.3114765608775835
0.0,-0.3655293964144225
0.0,-0.28453231838050463
0.0,-0.21395998818627138
0.0,-0.26362836870510276
0.0,-0.29820889742864837
0.0,-0.2792620032450668
0.0,-0.18281425912514054
0.0,0.0810129930219251
0.5230000085011125,0.959092202124407
9.606000314950943,7.33249331839099
21.903999164104462,21.297865836651916
35.057998697757725,36.29690279688506
46.59500147104264,46.10031386084051
43.41800167798996,50.482325946304634
49.30199813842773,50.227877776897095
41.77199866771698,45.9132084513443
27.9790010201931,36.24163392976003
19.5400000667572,19.596217428562852
2.3020000867545605,8.43102341569415
0.0,3.528352623630843
0.0,1.1685256081428013
0.0,-0.07668197181648284
0.0,-0.2879375470122374
0.0,-0.3514844402553006
0.0,-0.38203499354825643
0.0,-0.3051907309177584
0.0,-0.18971533065831903
0.0,-0.2542765610234761
0.0,-0.2940495634931989
0.0,-0.28016367689318933
0.0,-0.17916687140970444
0.0,0.09953399114801453
0.8079999700561166,1.1273343724519576
11.449000169038772,8.886064243146029
27.78400064110756,24.38137929367555
42.61700031042099,39.31550528530574
52.7759987616539,48.62023318261256
57.48300121307373,52.84824602608075
56.08299880743027,53.01092007511871
51.34899889469147,50.09201982569916
40.96000031232834,42.577322433884326
23.852000328302385,26.376467536799716
7.561999904215336,12.170539451242497
0.0779999975860119,4.983778495344066
0.0,1.6032778830136918
0.0,-0.022952847935433285
0.0,-0.27468407863955097
0.0,-0.3446899081393831
0.0,-0.37693152456615003
0.0,-0.2960056563917456
0.0,-0.16912613414750088
0.0,-0.23248621449703966
0.0,-0.27424552185586487
0.0,-0.2564104790041396
0.0,-0.1442951676398207
0.0,0.14790812129487063
0.8999999968335033,1.167599948554566
11.39099999308586,8.960024248437024
26.36599924325943,25.051401800943268
40.83200063228608,40.33591339977102
51.18500123023987,49.161726532766174
55.53699856758118,52.6126203396164
53.54799798727036,52.032145871565554
40.61199925661087,47.35761420879969
29.03399912118912,37.706756848807245
17.34299949288368,21.68953473449276
4.701000219881535,9.880440710187301
0.0700000015366822,4.193912882800159
0.0,1.3232837416891683
0.0,-0.05553318328555201
0.0,-0.2763216214946388
0.0,-0.3428145655758544
0.0,-0.3708635048900214
0.0,-0.28316708121897266
0.0,-0.18028998426141246
0.0,-0.22131819608835224
0.0,-0.2582971134126039
0.0,-0.23764999276021148
0.0,-0.13327575502946798
0.0,0.12115309600503554
0.6560000290721655,0.9368021654090932
7.862999825775623,7.178453011438193
26.851000502109528,21.39893731503684
35.47899806261063,35.682936291289295
45.66399985074997,44.28767364576632
37.16500020265579,47.71835570557065
32.22200001001358,46.778678868201176
37.22899798870087,42.3154872787714
36.47599804162979,33.09919326546854
15.186000102758408,17.869548218591312
3.9779998768866074,7.448409180676489
0.0439999983296729,3.029999177301871
0.0,1.014960705193186
0.0,-0.06640363793830484
0.0,-0.2597083851331128
0.0,-0.3254889160679375
0.0,-0.3622493338976449
0.0,-0.2736861215775189
0.0,-0.1968051716057071
0.0,-0.2630140145648444
0.0,-0.3182609551701651
0.0,-0.3211037111502413
0.0,-0.2565320438780112
0.0,-0.08614136934148159
0.7059999682754279,0.4979183731082728
11.001999521255494,4.82334695194441
10.884999909996989,15.66475270716714
11.36300019145012,28.286239297556733
35.342001967430114,38.20955537891491
49.59899896860123,44.41587311371991
42.5610007071495,46.841391965667164
48.24300094604492,46.31538602155775
39.96799971103668,40.68329528528786
23.74099935412407,26.401461124477358
7.907999873757363,12.672688034835788
0.0960000007320195,5.658892679226945
0.0,2.153318154196758
0.0,0.1813708340948561
0.0,-0.17520731686509905
0.0,-0.3068868210159309
0.0,-0.3691284585480998
0.0,-0.2809907029235569
0.0,-0.24312684291716474
0.0,-0.2793551596348535
0.0,-0.30385697980086224
0.0,-0.2751616803023076
0.0,-0.16629404227305655
0.0,0.12405744858399292
1.2070000317692755,1.122492527722534
12.346999529004098,8.383717159517465
27.24600063800812,24.106490412730302
41.33400059700012,39.52984638972011
50.16599905967713,48.85133140267985
54.239000720977785,52.92122201806648
52.22200033903122,52.76392359228112
45.93899848937989,48.69226584318763
35.67300020933151,39.22964496907266
19.92599967956543,21.25234887773717
8.535000199973583,8.864709934069234
0.4970000093057752,3.560586172932
0.0,1.1048150185964816
0.0,-0.12090020491509801
0.0,-0.311881411421863
0.0,-0.3644164079095653
0.0,-0.39144873987095474
0.0,-0.32709359543840344
0.0,-0.17543739877934816
0.0,-0.1985994902183985
0.0,-0.22368672997918648
0.0,-0.1984850128181982
0.0,-0.08682613525946425
0.0,0.18675210109795226
1.1309999649971725,1.1024551211401108
11.78000046491623,7.796148576177584
26.679000546932222,22.43069353047965
40.30499967098236,36.46138587109346
45.34899797439575,44.60225504372106
37.34300187587738,47.371760258279956
42.90999999523163,45.789310449648006
29.59100045681,40.235080914348956
25.34300003528595,30.332965978309197
8.796999737620354,15.69042176755793
2.240000049173832,6.838308270129888
0.0770000000856816,2.8426217310578172
0.0,0.9047779428266511
0.0,-0.052729017727006444
0.0,-0.2313847532358343
0.0,-0.29415783610500107
0.0,-0.32766231111469823
0.0,-0.24606972356295054
0.0,-0.20642355239436405
0.0,-0.26960850887214266
0.0,-0.312289229324483
0.0,-0.2989395764586722
0.0,-0.2016146018937105
0.0,0.06481214432164317
1.1319999945908783,0.9859773048473071
10.524999526143077,7.829099059327946
24.11999901652336,22.057384443968004
38.20499811649323,37.026049275261734
51.07699906110764,47.24307250590309
54.92200116395951,52.18198483708358
53.89000143289566,52.74808395731597
49.39399983406067,49.92140311098764
40.08800120830536,42.10538232360637
21.855999797582623,25.562715964949007
5.357000120580197,11.426259471548105
0.2189999981597066,4.691374532189852
0.0,1.5216221847125913
0.0,-0.04840835686446443
0.0,-0.293665031118598
0.0,-0.36503673762981026
0.0,-0.3975420124163528
0.0,-0.31551710933588073
0.0,-0.1399992920618544
0.0,-0.18971537958684948
0.0,-0.2234511696006969
0.0,-0.18452251488021015
0.0,-0.03529184133065155
0.0,0.31506659532225467
0.6649999744817615,1.3860031591862816
13.178999503254891,9.658571152996208
29.226000695228574,26.113293429160514
43.51699921607971,41.22888504046929
53.01400118350983,49.16085631814823
56.61900029182434,51.65594532501409
53.13899795055389,49.738714912114226
43.1569988322258,42.82211506190365
33.55100057125092,30.944372677503154
5.005999746322632,15.54695104334361
5.881999995708465,6.4022606617629165
0.0129999995976686,2.553095206930629
0.0,0.717663438612058
0.0,-0.15663409586070842
0.0,-0.3036848541508099
0.0,-0.35015408069135057
0.0,-0.3713535058216077
0.0,-0.2803780803093214
0.0,-0.14760215913175134
0.0,-0.2361360612243122
0.0,-0.2819586233650204
0.0,-0.25176295392002757
0.0,-0.11477402040990081
0.0,0.24051615345206478
1.521999982520938,1.3890048055870272
14.330000445246696,10.044246411154445
30.54299987435341,26.95499751550561
45.15499993562698,42.79865802622084
54.727999017238616,51.52219844837516
57.413001708984375,55.00135888339852
55.670001733303074,54.73485992452149
48.25200146913529,50.46363170351428
39.75300182104111,41.02121363542709
19.258999710083007,24.156443112042183
4.763999773561955,10.632750064821561
0.0709999990370124,4.324157570083561
0.0,1.3029063840530055
0.0,-0.1371009319478721
0.0,-0.33019874227009743
0.0,-0.37755366129989515
0.0,-0.39819233862183956
0.0,-0.3151037704302234
0.0,-0.19141876127296126
0.0,-0.2592677980328859
0.0,-0.30155348531895443
0.0,-0.2891111903666701
0.0,-0.19244542534960934
0.0,0.07571760189726884
1.473999974131584,1.0885102464261645
14.003999527096749,8.586245835022906
29.6280007815361,23.796971558706886
43.713001935482026,38.97392199386618
52.44999989748001,48.73256746130218
53.34499942541122,53.35100437524303
52.74500015497208,53.92569920183124
50.50499959230423,51.257971360785874
41.35399810791016,43.95993281391329
24.429999461174013,27.922776690034247
8.588999744057656,13.31167730739549
0.2529999934043735,5.599403773767488
0.0,1.8151034094182177
0.0,-0.0056769941239367405
0.0,-0.2742597834565549
0.0,-0.34839993131849284
0.0,-0.3810477934538088
0.0,-0.30399617398366996
0.0,-0.22651037082973546
0.0,-0.2844982333059443
0.0,-0.32005739058688426
0.0,-0.30970720315337014
0.0,-0.22498423638532383
0.0,0.013531182265894559
2.0360000456124543,0.9986412843275614
14.211999520659448,8.54411763002589
30.0280002951622,24.273571536811062
44.09200159788132,39.77990729228387
52.01700120449066,49.63130191046979
55.238001272678375,54.29170898277196
54.38599967956543,54.897304624967994
49.81999857664108,52.40563761987921
40.72300023078918,45.321140503683246
24.322999632358552,28.850318777463855
8.845000131130218,13.765886022586963
0.2790000086463988,5.875892202340926
0.0,1.9332375309340488
0.0,0.02184302769220281
0.0,-0.26757316983856005
0.0,-0.34926197525674996
0.0,-0.3848139444843938
0.0,-0.3192070048083408
0.0,-0.20791097129450353
0.0,-0.2698837213695354
0.0,-0.3053235745297769
0.0,-0.28889223554587007
0.0,-0.18793050095275943
0.0,0.09290399373405989
2.1909998828172683,1.2032376875866813
14.760999592542648,9.641922256598779
29.48500091433525,26.694837462469643
41.47199903249741,42.13427600353484
51.28099996328354,51.07169991185378
55.433999884128575,55.04476221002832
54.06000081539154,55.37572711040233
49.38099816560745,52.623081962943075
39.81499903440476,45.38925028372102
21.769999819993973,28.989768248556004
8.52299984484911,13.883724019496492
0.3119999903440476,5.842356858159151
0.0,1.859022846862028
0.0,-0.018869313170811086
0.0,-0.28152913176464744
0.0,-0.34980530202321025
0.0,-0.37978970857376176
0.0,-0.3088685386004029
0.0,-0.2221688060665843
0.0,-0.2854921461325494
0.0,-0.32433802638643805
0.0,-0.31267570068390593
0.0,-0.2190023813614107
0.0,0.05041339436827841
2.329000115543604,1.0992517595083817
14.678000473976136,8.955923090419093
30.32099997997284,24.731106401169804
44.36400143146515,40.036569074236375
53.00599889278412,49.92947848196726
56.05699957847595,54.66516379181861
54.36900097370148,55.42416524581167
49.94499945163727,53.13315205832604
40.2830015873909,46.37033957518906
23.271000336408616,30.20766810856108
8.072000105679036,14.572128183718922
0.2780000111460686,6.154497489779773
0.0,1.956840815434477
0.0,-0.0012539137270308753
0.0,-0.2856805672375255
0.0,-0.36202244294128205
0.0,-0.3938162812380608
0.0,-0.32123209121960217
0.0,-0.13744062580208405
0.0,-0.2337226268528369
0.0,-0.292037830155869
0.0,-0.2842090040082301
0.0,-0.17784810109175786
0.0,0.10848980574681077
1.8790000208467248,1.0991027398277444
13.594999490380289,8.49639951848287
29.85000067591667,23.367998660651395
44.29599839210511,38.237919997158535
53.33599890232086,47.945064178900445
56.72800069332123,52.646195977289985
55.545000858306885,53.43932380273949
50.832999029159545,50.93553703947399
40.973001980781554,43.86100650970652
24.083000745773315,28.923184308662044
8.871999646425248,14.246401686107815
0.4200000092200935,6.113524730025708
0.0,1.9680767786009041
0.0,0.009747819007037029
0.0,-0.2717759424674894
0.0,-0.3537391504774925
0.0,-0.38615044755157196
0.0,-0.287632646067903
0.0,-0.1250930037289042
0.0,-0.192964097578751
0.0,-0.2394281454899988
0.0,-0.2179321656075363
0.0,-0.07740524223587647
0.0,0.27027118515524573
2.482000021934509,1.3809074347694352
14.57499973654747,9.837470516243352
30.676000986099243,25.84128112429093
45.863001375198365,40.83034155321679
54.61100043296814,49.38142221231707
56.595001635551455,52.4996846020783
54.05100029230118,51.222319025008716
33.88599995851517,45.00642261322366
7.880000072121621,33.760782344037274
5.389000040590763,18.8234440571134
8.511000003218651,8.611114055687716
0.4750000001117587,3.5819873731821943
0.0,1.0216272075908834
0.0,-0.10084603060991904
0.0,-0.28656964654130956
0.0,-0.34816413800971063
0.0,-0.371317926024598
0.0,-0.2731507668029507
0.0,-0.15278530606412494
0.0,-0.2446821250388283
0.0,-0.2949530500065688
0.0,-0.27728288880464935
0.0,-0.15512437463269807
0.0,0.17565456938186308
2.7270000834763053,1.348434745126419
15.428999848365784,10.237865306618678
32.05399914622307,27.072281016450525
46.6059984588623,42.591128103840695
55.00600056886673,51.629809162944326
57.91800047874451,55.50016423900319
57.14900005817413,55.78423431804623
51.8249996304512,52.74188743254563
42.27700154542923,45.14232548073537
24.713000390529636,29.304028570661494
9.115000419020651,14.046325077622429
0.5439999881014228,5.848525105965465
0.0,1.7608758287688175
0.0,-0.06608170970232352
0.0,-0.30809459433048425
0.0,-0.36869102250479047
0.0,-0.39325962307639306
0.0,-0.3076614267432917
0.0,-0.14788205144106303
0.0,-0.23173887107203328
0.0,-0.27775907753751955
0.0,-0.26089833610186464
0.0,-0.14553520830769623
0.0,0.1625482290030611
2.8910000586509703,1.3231538886226
15.689999613165856,10.031092921243259
31.443999066352845,26.78209241954555
45.0509989118576,42.20441999734961
53.03199812173843,51.122876032898866
57.19300033330917,54.97363355128763
56.24500000715256,55.2522216198231
51.13900038242341,52.18641365337456
41.26499932527543,44.639231644165655
24.25400041460991,28.956559380173523
8.64800020635128,14.179816394949034
0.2449999973550438,5.977244575434922
0.0,1.848898979315826
0.0,-0.0305691351108226
0.0,-0.2817001970050432
0.0,-0.3456551856773593
0.0,-0.3727177148683297
0.0,-0.2933778033035403
0.0,-0.21915665580579458
0.0,-0.27755011946197583
0.0,-0.3121834557545563
0.0,-0.29969725894720467
0.0,-0.2086011660166709
0.0,0.05315100772176462
3.2329999098181728,1.129471178276686
16.051999542713165,8.981810905564474
31.69099995732308,24.896808398276463
45.65400109529495,40.187450544393215
53.31100201368332,49.99736822386408
57.23299946308136,54.806552424744105
56.21200082778931,55.78600936827005
51.020001225471496,53.74253015197545
41.5489984869957,47.38951668524501
24.676000065803528,31.515223542175164
9.046000174283982,15.862974835938486
0.5169999914057553,6.8128355654618495
0.0,2.16817426613434
0.0,0.024451234119961418
0.0,-0.2698026960973634
0.0,-0.3466592969304004
0.0,-0.3790332157999672
0.0,-0.3147141384487465
0.0,-0.14553693132972223
0.0,-0.2055218093942524
0.0,-0.26073699769925435
0.0,-0.26225920361725913
0.0,-0.18964198074038552
0.0,0.007924499582654732
0.2739999890513718,0.658467443306407
3.722000003308058,5.109336762248699
14.2180002117157,15.852202589036748
30.667000463008883,27.205114606905767
36.03500116586685,35.55489862513291
37.74899899959564,40.51002192389144
49.67999956846237,42.61163873460245
49.18000017642975,42.744598682440575
39.55100149154663,37.96291259630896
23.832998995780944,25.298388842257495
8.933999940752983,13.278299919978808
0.5930000260844827,5.9283747744666115
0.0,2.231942147958761
0.0,0.22941579008222746
0.0,-0.11999435989038532
0.0,-0.24805404109226248
0.0,-0.31194475592459486
0.0,-0.20002980709026918
0.0,-0.21199209891176674
0.0,-0.27469431468054484
0.0,-0.31832828389403
0.0,-0.3086784871955368
0.0,-0.21926655006580636
0.0,0.03645160813682802
1.2389999517798425,0.9520416531165397
8.907999684810639,7.314302806541577
18.85599933743477,20.98733069750341
30.15800054788589,35.38452771710319
48.80199874639512,45.84463809159009
55.30800077676773,51.62329330628845
53.46000154495239,53.28299465998514
49.48299861669541,51.41486263859307
40.29899795293808,44.751982937215494
23.63399952530861,29.122711690423657
8.37099996805191,14.571170221484545
0.2670000065490603,6.408268480366081
0.0,2.1261514176086163
0.0,0.03879559439863123
0.0,-0.26367360718056965
0.0,-0.3517759196678368
0.0,-0.3880237945721374
0.0,-0.3061370120893851
0.0,0.031927945453654294
0.0,0.009243304760095494
0.0,-0.026952611621368416
0.0,-0.012065124429060936
0.0,0.10213398104410398
0.0,0.35873029546764046
3.202000019401312,1.1224950667470874
16.962999544143678,7.352597758633756
31.150999381542206,19.809545191933957
42.39199955701828,32.32292858146024
48.5270001077652,38.63588335854528
36.3989985871315,37.91088898968014
15.172000201940536,32.04729045998086
6.096999939680099,23.54586300423589
1.7750000240653754,15.044675837901428
1.2800000097602606,7.564371850817766
0.0380000012926757,3.5142799228642874
0.0,1.5164740475060636
0.0,0.4728992034770838
0.0,-0.03890562523934471
0.0,-0.1418225361680852
0.0,-0.19602181200590463
0.0,-0.21929776819223634
0.0,-0.0975461175852243
0.0,-0.17824611188524514
0.0,-0.26173873508955164
0.0,-0.30650507116422715
0.0,-0.2922351972890799
0.0,-0.1815592234938237
0.0,0.13342753748894198
4.128999980837107,1.3181438440186266
18.381000941991807,10.114066980014499
34.962998197078704,26.810713249867526
48.78200123548508,42.18534066570524
56.433998668193816,51.43010355352839
58.59200039863587,55.69131305863407
57.72399833202362,56.330634980796994
52.852998216152194,53.891860389465464
42.59699869155884,47.09859346947757
25.30699999690056,31.511402320948278
9.776999983787537,15.806501158903563
0.7710000304505229,6.728308334834903
0.0,2.0593685834649667
0.0,-0.022241488690790567
0.0,-0.2947954080075583
0.0,-0.3627391031203297
0.0,-0.38963580368677636
0.0,-0.3112597181537361
0.0,-0.15444040000497145
0.0,-0.23728379528443888
0.0,-0.2826386515146764
0.0,-0.2684691563719405
0.0,-0.15707315843738284
0.0,0.15709775546149962
4.383000051975251,1.3563273593610008
16.841999814510345,10.20166999134612
32.45500100016594,27.03977429542838
45.51799912452698,42.23129917997424
52.47300032138825,51.07347217442199
57.19300033330917,54.929226871682545
52.264998273849486,55.30151277061403
47.53799831151962,52.30875946407087
35.59800132751465,44.93975045409881
25.63599972009659,29.65749888050653
9.410999935865403,15.151268761115906
0.5919999964907765,6.549725542411288
0.0,2.023748721040472
0.0,2.38758965159791e-05
0.0,-0.27187700001731885
0.0,-0.33996562902333044
0.0,-0.36625648179256176
0.0,-0.2817922230869989
0.0,-0.2032287791969266
0.0,-0.2682052869933025
0.0,-0.30784973316935565
0.0,-0.29669614680046685
0.0,-0.20530252968190255
0.0,0.05944054903059093
2.8959999498724938,1.1076741070570337
16.606000019311907,8.645148514203543
34.08700000166893,24.099402425889124
46.44200079441071,39.00471400790326
47.78399891614914,48.80100883062944
54.73699954032898,53.7598856046862
51.65999962568283,55.030662653929106
44.93600090026855,53.136940867236625
42.47300015687943,47.006162846708065
25.59299973130226,31.79231584625675
9.713000143766404,16.507158627173922
0.7239999874681234,7.249482607981035
0.0,2.338548652651713
0.0,0.05038552022979381
0.0,-0.25926983052326114
0.0,-0.3413202751591459
0.0,-0.37457594742109945
0.0,-0.30091202027593394
0.0,-0.11848606998842448
0.0,-0.16042905427322895
0.0,-0.20968649406866358
0.0,-0.20392763675326564
0.0,-0.10374193118894126
0.0,0.14415681644012457
1.398999936953187,0.8640236532002348
11.690999628305436,5.867168666950829
22.92900099873543,17.177963195057167
28.653000940084457,29.143861113434106
29.34399956583977,37.196319869497565
33.81399988174439,40.68382838932301
35.19200009584427,40.161875713557926
31.44100026130676,36.087066054746224
24.62100074887276,27.51560852698789
16.540999892950058,15.283447667719772
5.11500014781952,7.383191810671667
0.0449999998416751,3.2888877287411242
0.0,1.1497324755970904
0.0,0.040120535381710565
0.0,-0.17758946421798588
0.0,-0.2682022686767265
0.0,-0.3142745542386467
0.0,-0.20128832309024453
0.0,-0.174865171591145
0.0,-0.2405807031016307
0.0,-0.2783370945498068
0.0,-0.2508763597716612
0.0,-0.11863473994447005
0.0,0.24174536222780907
3.925999878495932,1.4586334570133768
19.09199913263321,9.812745845253975
34.018999016284944,25.725156499818794
45.99300162792206,40.904477380555655
53.61899983167648,50.183408842366255
57.04800194740296,54.408836936373596
55.27699806213379,54.84457783773521
50.676999547481536,51.46465620082035
41.93899924516678,43.04399012590172
25.441999627351763,26.206124963275684
5.752000256478786,12.3229111814946
0.2230000042077154,5.087923401262099
0.0,1.5153487347951176
0.0,-0.0982941775767735
0.0,-0.30933694354053426
0.0,-0.3612688602181088
0.0,-0.3836436196347082
0.0,-0.3075069396294464
0.0,-0.17806817411058834
0.0,-0.25672402667201744
0.0,-0.2976768230766075
0.0,-0.27839159080289105
0.0,-0.1587635336367449
0.0,0.1860282754847149
4.498999890387059,1.4639385187689689
18.43000059485436,10.477838396364922
34.47899927854538,27.114048571542398
46.61200017690658,42.48679989354742
54.39900134801865,51.77715424481044
52.89600025892258,56.05615625211778
53.88699851989746,56.778397755993986
45.69100142002106,54.279789536778395
42.696998569965366,47.3571956592742
26.12199921131134,31.484649741614795
10.33999995648861,15.92264998231518
0.8339999692514539,6.7509310379131575
0.0,2.0147727731327265
0.0,-0.05004146085244954
0.0,-0.3034647228542946
0.0,-0.36180545507599626
0.0,-0.38519370946628173
0.0,-0.312295686044348
0.0,-0.16776360775178106
0.0,-0.2331802787714619
0.0,-0.2717708478616087
0.0,-0.2356762989591894
0.0,-0.08317776388975279
0.0,0.3087617537489996
2.165999913215637,1.5353626647403686
19.091000900268558,9.991687420728217
33.39599932193756,26.044494251475207
44.1110008764267,41.25381210626529
50.73799852848053,50.43329511888287
56.44099861860276,54.542666973085836
56.2729998087883,54.891547253047584
50.895998582839965,51.22326887954008
39.47700084209442,42.28788033489106
20.32799976587296,25.145365945286414
9.448999519944191,11.28266272299428
1.452999994531274,4.520095529074384
0.0,1.286673081802868
0.0,-0.1477629206356208
0.0,-0.33169585689997716
0.0,-0.37713682708033625
0.0,-0.397336321547769
0.0,-0.3193805294466079
0.0,-0.1191755952174619
0.0,-0.1920167950124117
0.0,-0.26338639653674023
0.0,-0.27726556555668236
0.0,-0.21733683064021564
0.0,-0.05625762520562427
2.1040000040084124,0.4694981722814988
9.336000027060509,4.197568119360732
13.276999835968018,13.46198590165657
25.240999584198,23.309259811501526
26.491000118255617,30.8876731777951
31.6399997317791,35.8450538232233
28.301000792980197,38.95714593076493
34.769000158309936,40.772470803153645
38.78799868106842,37.56807304309522
24.097000646591187,26.527196152453847
8.0099998113513,14.489738398445825
0.6320000248774886,6.767545414471733
0.0,2.747216358683293
0.0,0.4399679575580522
0.0,-0.00881048014479513
0.0,-0.1962880163549683
0.0,-0.28822511641189463
0.0,-0.1550170366808712
0.0,-0.14286666347302424
0.0,-0.23058611612582247
0.0,-0.2767574909707683
0.0,-0.2553717739919769
0.0,-0.12347925519932385
0.0,0.24668706166362542
3.3410000249743463,1.6028960939507337
18.31899962067604,11.111456712603479
35.69800120592117,28.143530461905264
47.40600159406662,43.33467438795936
54.1830011177063,52.25256166698002
54.62500033378601,56.21390123337466
54.34499820947647,56.86057102462178
52.28000051498413,54.2280909181903
42.56399951219559,47.293576080089075
26.3959996175766,32.05321522001189
10.689999530911448,16.635770847473545
0.9030000214278698,7.116268053676367
0.0,2.1061176897187366
0.0,-0.04454200592023261
0.0,-0.2966800027336144
0.0,-0.3526241765121159
0.0,-0.37487840691838514
0.0,-0.2946949458654064
0.0,-0.21750624644536254
0.0,-0.28225434503921637
0.0,-0.3211299874114843
0.0,-0.30698355320787724
0.0,-0.20467848990002524
0.0129999995976686,0.09221912075303029
4.410000080764294,1.263072035682324
18.8330009675026,9.695794484221286
36.207999353408816,25.892436728486793
49.082999103069305,41.15674802518347
56.34400165319443,51.05475226496676
58.345999794006346,55.89132094066877
55.95099798202515,56.95559901388484
49.63500106096268,55.067982514489394
39.87000040531159,49.014547319470886
25.05200092315674,33.47094516879766
10.38400023162365,17.012432280254025
0.9539999902248384,7.27792577359434
0.0,2.2400600822972447
0.0,-0.005013679032266571
0.0,-0.2940147670811078
0.0,-0.36617071345869956
0.0,-0.39528202353178554
0.0,-0.32602694888572215
0.0,-0.11972246751996884
0.0,-0.22883654852016833
0.0,-0.28247496214873813
0.0,-0.26297772399027647
0.0,-0.12151565556327121
0.0439999983296729,0.2607305800876427
5.635000131726265,1.6380648346531976
19.242001004219052,11.698809187444942
36.91100141525269,29.05221172208077
50.33799901485443,44.425133296987546
57.46099902153015,53.25279270970416
59.70300015687943,57.18186716991834
58.00699926137924,57.771017178843955
52.64200147151947,55.263900806282315
42.26199930429459,48.46765143168317
26.120000692605974,33.37956602625737
10.571000373959542,17.15536100291108
1.070000021196902,7.263350240620314
0.0,2.0761976999820617
0.0,-0.0631818195022752
0.0,-0.31175754199551037
0.0,-0.3693354229134037
0.0,-0.3916984179307923
0.0,-0.31374018862045716
0.0,-0.043061813705910446
0.0,-0.11779693894730325
0.0,-0.20952793859333474
0.0,-0.23405118994213914
0.0,-0.17449687648638434
0.0,-0.028771442871387
1.7519999852776529,0.3589885159781767
5.4569999989867215,3.2008439086543086
5.789999840557575,10.465867754810224
6.417000166773796,18.730531951385423
9.0149995136261,24.91898351146387
19.696999834775927,28.313721553156114
44.0629994559288,30.768684010958324
42.25999873161316,32.97474469391462
23.73599997639656,30.407141999244523
21.991999714374543,20.90246448621931
8.799999569654466,10.55130769268362
0.1629999937210232,4.768227484700216
0.0,1.9879308180470572
0.0,0.3310004007445545
0.0,-0.0032112583187278165
0.0,-0.1621717016118145
0.0,-0.2586020249253253
0.0,-0.11511339185877423
0.0,-0.0999889541634037
0.0,-0.21326550061053973
0.0,-0.2761639563732151
0.0,-0.267711454233005
0.0,-0.14841315327869542
0.0,0.1863460109754287
2.2029999811947345,1.3725054482842722
19.06700019001961,9.638072262668034
33.9450004208088,24.797024889073235
34.36399921298027,39.451167983776394
37.307998015880585,49.1737943701192
58.91999983549118,54.10979355690147
59.08299926757813,55.490384718476584
53.58199950695038,53.43993689488316
43.28300204753876,47.21628727715977
26.80200084924698,33.64561393152217
10.969999601244927,18.622642523578804
0.9949999840185046,8.333165217907382
0.0,2.5363663525583444
0.0,0.0415703280276023
0.0,-0.2662237918960373
0.0,-0.3451952568438822
0.0,-0.3724763094864567
0.0,-0.2737050935598274
0.0,-0.1222213296171607
0.0,-0.20162218908053703
0.0,-0.24620771501323313
0.0,-0.20435432149752097
0.0,-0.019400364199017917
0.1009999962570145,0.4523200332559456
6.178999798893929,1.8799225083982147
19.624999758005146,11.379686693010429
32.94700015544891,27.915705130428158
36.19600002527237,42.898161569247584
48.48099925994873,51.65356797851121
55.86199919939041,55.45202856631109
53.43799935340881,55.68082212662052
44.51300096273423,51.70890116452315
35.67799958705902,42.420785991399285
16.03700038254261,25.586802515639413
5.192999888658524,11.797199937135776
0.5139999989047647,4.726321023455771
0.0,1.2656580435860745
0.0,-0.15675197676507802
0.0,-0.33240874882227095
0.0,-0.3739154909500172
0.0,-0.3905361632208315
0.0,-0.30809384594527345
0.0,-0.17098785882847678
0.0,-0.23644709695594784
0.0,-0.2744700445502803
0.0,-0.23833700295855725
0.0,-0.07353212798430347
0.0129999995976686,0.358548567705295
5.909000024497509,1.7464737972922135
18.057000596523284,11.31184804271435
34.04000092148781,28.27737894907147
45.47700176239014,43.219457072220585
51.99400078058243,51.9351767614254
52.75900005578995,55.809926967086696
49.44700063228607,56.09521961644382
45.205001928806304,52.67622943464719
32.90700102567673,44.14325335679607
19.944000725746157,26.88657943764437
4.760000168681144,12.268976317557144
0.2189999981597066,4.883311811607722
0.0,1.3473305380491427
0.0,-0.14344856562059927
0.0,-0.3333097973752014
0.0,-0.37942288629014514
0.0,-0.39936653047761816
0.0,-0.3214193248836953
0.0,-0.17597414566941338
0.0,-0.2422324675952947
0.0,-0.305881677260411
0.0,-0.3127853238991243
0.0,-0.24134147272748674
0.0,-0.0442466460448091
0.8869999972358347,0.5867386258347254
10.01900047004223,4.888920019216614
21.122999415397643,14.823066945789218
29.852999480962755,25.545093854384874
33.02800075531006,34.82066671871649
40.00900118112564,41.4810856635961
46.8530014038086,45.27963911787425
50.16300025463104,46.336002870056056
33.74099951863289,42.261897755456935
25.669000953435894,29.501976384502044
6.851999945938587,15.488609076579914
0.801000019647181,7.0031960518028935
0.0,2.596598581356974
0.0,0.27304547033561377
0.0,-0.1381986007692277
0.0,-0.29103210766008836
0.0,-0.35865915570187706
0.0,-0.23355275293153194
0.0,-0.10602915455206452
0.0,-0.2166585800500826
0.0,-0.2732959356626608
0.0,-0.25331463039685637
0.0,-0.10632275184110707
0.3700000058300793,0.28022674232388234
8.248000179231168,1.6761033058420356
23.537000505924222,12.073641598843833
40.64800134897232,30.135109764406096
52.43599999666214,45.05636291158397
58.87399898767472,53.32129722273026
61.71100001573563,56.966374874815294
59.47799940347672,57.567648269141365
53.94100165843964,55.262264027693575
43.463000185489655,49.01774674691985
27.576000647544863,34.770681281310445
11.260999740362168,18.247294858651358
1.0590000165998936,7.721516767226703
0.0,2.214882769038745
0.0,-0.04472639447313276
0.0,-0.30163137536479545
0.0,-0.36073513611866787
0.0,-0.38442780116067876
0.0,-0.2997274185565837
0.0,-0.08506544095664126
0.0,-0.1915980014511784
0.0,-0.24923962717076031
0.0,-0.2372800531006965
0.0,-0.10734254891092232
0.181999994367361,0.2429759437878104
3.778999892920256,1.5505079795238799
19.7480000603199,10.793705219793173
36.962001640796665,27.16000143919947
47.84600023746491,41.66535952032216
42.675000486373904,50.56817325224585
59.87999948978424,54.87956666024855
57.66400169134141,55.87043215395017
51.11100058078766,53.87894154073081
43.45399966239929,48.03794382384536
27.396000455617905,34.667096880651826
11.786000128984451,19.191644526209437
1.4249999361485244,8.353809702562847
0.0,2.4902764872780496
0.0,0.04428909387480329
0.0,-0.2515358474586083
0.0,-0.32475701075228325
0.0,-0.35250853052679454
0.0,-0.26253001288877376
0.0,-0.19173624325036875
0.0,-0.27533773917229043
0.0,-0.3218875975298857
0.0,-0.31044531771149075
0.0,-0.2018733108638071
0.0,0.11873405425305372
3.867999959290028,1.3569890532339475
13.813999552726743,10.210604625156673
30.53200083255768,26.447391688156742
49.370001177787785,41.682500710289965
58.99100167989731,51.63713485273251
61.84899845123291,56.5346631181445
60.0560005903244,57.78459959578247
54.67899936437607,56.050222699983415
44.42500041246414,50.32728130681344
27.79700025558472,35.86257353605938
11.984999599456788,19.375295490328142
1.481999954134226,8.567525372330993
0.0,2.55713872377141
0.0,0.011313949192828465
0.0,-0.29802463213500124
0.0,-0.3731110124663484
0.0,-0.3998928261099662
0.0,-0.3245280957864339
0.0,-0.1957685810254921
0.0,-0.2698835529296147
0.0,-0.30721331179365785
0.0,-0.28788066822987746
0.0,-0.1619797345558981
0.4440000134147703,0.20951906199026016
8.70299952328205,1.716716039877666
23.69999993801117,12.57628517416928
40.3970013666153,31.036832939154316
51.164001379013065,45.92803355236384
57.409998795986176,54.42089246711007
59.79100070714951,58.2454370373115
57.87499843597412,59.00077351501727
53.014999415874485,57.21711220427264
42.75899989128113,51.8786666399187
27.294000004529952,37.499130220561646
11.25099995791912,20.230700344523797
1.4999999733269216,8.654841289753838
0.0,2.4527421026311145
0.0,-0.02905587351781158
0.0,-0.3061828522053783
0.0,-0.363811097975428
0.0,-0.3866161795907629
0.0,-0.32290649789396536
0.0,-0.13844777431459132
0.0,-0.24678346804482348
0.0,-0.2979226427858101
0.0,-0.27933563866585837
0.0,-0.13391504697224077
0.4129999946244061,0.29250020436077606
8.544000209569932,1.8807052011403051
23.43100096344948,13.171760072672496
40.32399894952774,31.078385961668005
52.4610009932518,45.91189959509959
58.69999845981598,54.47416705549906
60.3869988322258,58.30955717896867
57.29099963903428,59.02976661085364
50.73999910116196,57.096794851291456
42.25299878120423,51.496287603777674
26.330999491214754,37.66631325280014
11.31399951159954,20.733995632742968
1.4339999457448722,8.929921082042394
0.0,2.4377715922514054
0.0,-0.047392163031291124
0.0,-0.3173351453538164
0.0,-0.3727291323892967
0.0,-0.393294276235804
0.0,-0.3176625466302411
0.0,-0.0619420159450107
0.0,-0.19465780450850484
0.0,-0.2546371909358005
0.0,-0.22316670445441278
0.0,-0.0378060563295437
0.4649999930150807,0.447421647285663
8.832999776005746,2.076466146989183
23.57900020837784,13.69918677442796
39.53300044536591,31.995262484280346
50.27200065612793,47.029909329734345
56.05900015115738,54.983841713281784
57.55199837684631,58.220410267203526
54.9299993467331,58.5490967490642
49.67000081300736,55.641904095007554
40.307998476028445,48.292331097890276
24.528999053239826,33.21330400056767
10.424000388383863,17.188532389679168
1.120000024586916,7.227901695848191
0.0,1.9427710351434881
0.0,-0.11298438694992052
0.0,-0.32901637795695227
0.0,-0.3730363866001001
0.0,-0.3901045819566815
0.0,-0.30796690993800296
0.0,0.11067894845653303
0.0,0.04454296351903275
0.0,-0.07490432276085585
0.0,-0.12069865141809455
0.0,-0.04855790860185727
0.0,0.1197770187849263
1.438999965339899,0.48026683845664886
8.1609999153018,3.2478587569467186
13.793999987840651,9.760271894885149
15.983000324964523,16.56518318498832
17.537999871969223,20.836536280641248
19.94799981713295,21.749755576754204
26.59900023341179,22.191941529339296
32.09799942135811,22.560314035114033
23.904000840187077,19.70624709756703
8.95499979197979,13.471272658447708
1.2500000205636024,7.248418319615816
0.0439999983296729,3.429758830514046
0.0,1.4360534849787374
0.0,0.29992372097797193
0.0,0.05679285998675199
0.0,-0.08438440035364225
0.0,-0.1754220518748451
0.0,0.03703634876729378
0.0,-0.12060830412839385
0.0,-0.23740356400271834
0.0,-0.2917170604113737
0.0,-0.2743394709693686
0.0,-0.13531620713925968
0.0,0.2674334123338925
0.2329999952577054,1.759838176283134
9.473000230193138,12.296684822977666
24.963000086545943,29.53700854557912
41.63199965953827,44.770908092209346
53.91600066184998,53.793238301657915
60.57900040626526,57.86176854765079
63.71999810695648,58.70903319977752
61.85599840164185,56.67028317704631
56.12400027751923,50.793792603043784
45.61900134325028,36.854499207768576
28.512999877929687,20.407921295642183
12.479000354409218,8.92750978920208
1.6970000264793634,2.499226523970823
0.0,-0.040183379362450866
0.0,-0.31274779506963984
0.0,-0.3691968779228648
0.0,-0.389601016891913
0.0,-0.31329657607068845
0.0,-0.050877795248896296
0.0,-0.13298253290323858
0.0,-0.20723441335596204
0.0,-0.20523627152758156
0.0,-0.07499584832388656
0.0,0.2295536977969843
0.0380000012926757,1.0848258872074155
1.6209999597072602,7.140511869945984
4.828000127077103,19.309410920193763
16.65700024485588,32.13532516043524
38.51700118780136,41.19709660310752
52.482999076843264,45.47706017618318
44.3970006108284,45.63181593515998
36.737999119758605,40.95163600518557
38.8229984331131,31.380545012726422
18.70400100111961,18.909757383454767
13.074000247120855,9.482268736730672
5.972000091671944,4.185180261223801
0.6049999960884452,1.323294117021654
0.0,0.00381430842616437
0.0,-0.22549449302150837
0.0,-0.31932052167506114
0.0,-0.3567328690936522
0.0,-0.22216945403237703
0.0,-0.12720396313226973
0.0,-0.23687250777213975
0.0,-0.3122801482220251
0.0,-0.31825481910851383
0.0,-0.23451328222257162
0.0,-0.005382384521630201
0.333999999538064,0.7577337966764368
5.052999853491784,6.122948406993926
8.542999923229218,17.60783772667547
22.62399993181229,30.23718466254271
44.92799860954285,40.89245216591147
50.82900199174881,48.047148475299416
45.489001090526585,51.523403217839636
58.62400134563446,51.40754828073356
55.25499997854233,46.740364657485706
45.11599903821946,34.542908634301334
26.51699934720993,19.489512900110988
12.239000440835952,9.145972730275021
1.738999985679984,3.138861160817105
0.0,0.223739388591487
0.0,-0.20007287771813498
0.0,-0.33779161827227766
0.0,-0.3865405689140148
0.0,-0.26514584953142223
0.0,-0.12825499836176368
0.0,-0.24210364307773674
0.0,-0.2929223253529401
0.0,-0.27449373030153595
0.0,-0.13836732988288192
0.0,0.25908401770775824
0.8290000138431788,1.7584727427842495
10.876999673247338,12.44023349616367
25.94600016474724,30.158694698358374
41.43600104808807,45.53029324402866
51.775001745224,54.30518538409356
57.72399833202362,58.115181182943694
60.27900077104569,58.83730432786815
58.44399909973145,56.686642953544954
53.08400068759919,50.67856677936356
43.80499952316284,36.6488998190167
27.363999508619308,20.32866667253252
11.661000280976296,8.940780669922484
1.6569999980926513,2.485447444227356
0.0,-0.045003904747714873
0.0,-0.31252673283774257
0.0,-0.3663220101897877
0.0,-0.3853445497041387
0.0,-0.3140603376510694
0.0,0.1041030929882717
0.0,0.05996508429547054
0.0,-0.07409422413848588
0.0,-0.15817559088168992
0.0,-0.1375886679014392
0.0,-0.05538688660426705
0.0320000002440065,0.10084201194216047
0.1730000008177012,1.652453910638867
1.0420000270009042,5.472166973451812
4.276999996006489,9.463206758751088
5.979000042080879,11.932481603545488
5.167000146210194,11.928883290185615
9.544000020623209,11.933029135881364
8.845000131130218,13.58216300846781
10.31300044119358,13.032858888860208
11.617000005841255,9.507857278800289
9.446999974250794,5.323777634831447
3.855000088065863,2.7522211929808473
2.0939999648183583,1.5640707338776587
0.0,0.7119520436477842
0.0,0.4524554759006957
0.0,0.26554885596753197
0.0,0.05569530665758915
0.0,0.18112001915108067
0.0,0.3070095594067678
0.0,0.2302652795235678
0.0,0.12178710459456532
0.0,0.07639441048021833
0.0,0.1822516525132759
0.0,0.39483891807007265
1.13000006377697,0.8970575868582933
11.628000074625016,5.363481013972032
27.7999990606308,15.423721921127035
38.626999821662906,24.286411897723497
17.18599972486496,27.743182404525932
16.662999908924103,25.91535313981445
12.433999792933465,23.313593052158417
7.312000208199024,21.451800599161665
14.735000363588334,17.90717163947319
19.72100054502487,12.666739199701308
17.87399954557419,7.2001023913991276
9.878000148534776,3.334498458705545
3.087999983429909,1.3075833445639042
0.0,0.36269954854783326
0.0,0.17852558763074877
0.0,0.03980878263341037
0.0,-0.024857033228181113
0.0,0.20363198158456108
0.0,-0.14473610738069553
0.0,-0.24666257016351506
0.0,-0.29437051857673435
0.0,-0.2749263972809801
0.0,-0.1377132994112662
0.0,0.26803130625282456
1.090000035390258,1.810944495743331
11.56899961233139,12.73487992496514
26.97799989581108,30.721190932576825
43.10099922895432,45.77624102944547
53.65399958372116,54.34473139441874
59.429997982978826,58.08178882396205
51.87899866104126,58.795446838813895
51.32900138378143,56.63794232162599
55.53699856758118,50.70855573418359
45.22499943971634,36.53630476221263
28.79899961233139,20.146554450748283
12.65500042796135,8.798525520216916
1.8540000512450932,2.45459705585661
0.0,-0.04121737523699409
0.0,-0.31065049128021405
0.0,-0.3644347493139387
0.0,-0.38409086572932394
0.0,-0.3106149284395411
0.0,-0.1878893071195762
0.0,-0.27573377728664383
0.0,-0.3269245894573883
0.0,-0.31978779415978525
0.0,-0.22163157220523078
0.0,0.06829594051215127
0.3119999903440476,1.186903414958416
8.253000070452691,9.10217361704127
17.193999961614608,24.11003761718684
32.9459998691082,39.15243171683332
51.40199969291688,49.93757207558949
54.94899862527848,55.598070520091504
60.09899852514267,57.33643854390437
61.327000975608826,55.983650088132904
55.30199905872345,50.69423312702576
44.89700000286103,37.03044771095101
28.79099937558174,20.73721509041659
12.595999965667724,9.418147384456772
2.003999997228384,2.8673727302901204
0.0,0.06140758114631151
0.0,-0.2838049540283576
0.0,-0.37133697887270073
0.0,-0.40120567752559455
0.0,-0.3226413266854096
0.0,-0.17753142326652632
0.0,-0.26070930961915045
0.0,-0.3024559527140269
0.0,-0.28612200117936926
0.0,-0.1622766019509937
0.0,0.19750717097756942
1.3640000565350057,1.682216886604298
11.765999537110329,12.279442537650702
27.17500084757805,29.994071463258734
42.85199981927872,45.15991181727471
53.26199825286865,54.23079819413582
59.377001292705536,58.35264732728765
61.055001142025,59.26884891150731
59.30800002098084,57.518284898850716
53.97400083780289,52.20294119640067
44.36299909114837,38.33815489093869
28.12700026512146,21.293616980584318
12.095999546647072,9.334624472829613
1.867000050842762,2.630273482843308
0.0,-0.010325886469575773
0.0,-0.3006299644853495
0.0,-0.36291614561711083
0.0,-0.38575890234392685
0.0,-0.32433236565267864
0.0,-0.13222640664597396
0.0,-0.2289554364413533
0.0,-0.2755344560148133
0.0,-0.24033255275936893
0.0,-0.05086121402975752
0.0,0.4690222042690195
1.1789999733865262,2.2201776915848503
11.15500019788742,14.10107288847958
25.40900044798851,32.31908977054795
38.24599958658219,46.95191792170855
51.57500198841095,55.03220195803478
57.65000179052353,58.500849463921234
59.59100095033646,58.97874631786467
56.84900042295456,56.402069195960536
50.62199817657471,49.540332599928796
37.94899875640869,33.94172522040433
26.548000007867813,17.315212048141696
9.631000284552574,7.080806541150931
1.6159999401122331,1.819745453463026
0.0,-0.13089354601765602
0.0,-0.33935984461562574
0.0,-0.38079356279688326
0.0,-0.39713544970645387
0.0,-0.3259716409177369
0.0,0.009597687537256538
0.0,-0.12969671795615645
0.0,-0.20554951226497842
0.0,-0.19795888730113748
0.0,-0.05117878124098063
0.0,0.3373853251208315
0.5900000014901161,1.6755002744538463
11.195000354647636,10.868867634431068
26.45100098848343,26.70350972311182
37.02300062179565,40.552465822829376
51.3060009598732,49.13431045469358
55.64500073671341,53.29276606768399
48.31099987745285,54.40086707808957
43.195999729633336,52.29842265927631
42.53300090551377,46.4631619168461
37.80999798059464,34.57335980795397
25.709000083208085,20.484641089899355
11.521000245809557,9.278414955333917
2.076999975219369,2.7146752206275404
0.0,0.09287813302780124
0.0,-0.22003164351565846
0.0,-0.3008565225015094
0.0,-0.3264558725048376
0.0,-0.20975151966736583
0.0,-0.09149292991658287
0.0,-0.22262714258699928
0.0,-0.30063456431192076
0.0,-0.30532321326333445
0.0,-0.2120921907532768
0.0,0.05256030759355346
0.0499999993783421,0.9899422097802544
2.892000088244677,7.548339396604302
12.02099963784218,20.377489894244462
32.146000841856,34.00781894786552
44.62500016927719,44.92335813834518
48.00299795150757,51.550416045240446
50.45800051212311,54.35794236711849
57.73600176811218,53.54363276658666
53.90099842071533,48.619446875219715
43.65699822425842,36.97562748916102
28.107000700235368,22.309342453010785
12.364000288844109,10.836484659573651
1.875000030845404,3.5201030056635005
0.0,0.21960779960463417
0.0,-0.2152565019588915
0.0,-0.34216409946450393
0.0,-0.3814771406428421
0.0,-0.26491496015696825
0.0,-0.09985911088829369
0.0,-0.2161397963529444
0.0,-0.29201335026392006
0.0,-0.2948890767861816
0.0,-0.19761633102435255
0.0,0.06736844934932606
0.2149999921116978,0.984342971674359
10.522999980449676,7.421078004997174
22.55600100040436,20.328037698384016
33.35700047850609,33.57767842744649
49.02400069475174,44.00020259541838
55.38900137662888,50.43385448386659
58.46200014591217,53.305005571025895
55.96399965047837,52.74910366895784
49.12999818325043,48.04541804367184
40.26000116348267,36.3077434346123
25.088999193906783,21.289709079803217
10.004999542236328,10.02543934147257
1.7739999944716691,3.2551123402808546
0.0,0.19625220612458016
0.0,-0.211944887883334
0.0,-0.33583253560924664
0.0,-0.37721869043858247
0.0,-0.2593435349688427
0.0,-0.03016912047468967
0.0,-0.1589434214323885
0.0,-0.21846094462713467
0.0,-0.18288806190307505
0.0,0.017838906540164512
0.0,0.5505753223352583
1.5710000205039978,2.2870669330277384
10.664999561309816,13.89333753024051
24.36100024342537,31.68072099025857
41.47600017786026,46.2532162441834
51.57199907541275,54.107958390635964
57.07099826335907,57.32273310679947
58.67100042581559,57.63265963289292
56.60900153636933,54.24147182281871
53.044001557827,46.29280666973384
43.91100111961365,31.3594568259118
28.13099935650825,16.739495054654903
11.630999906659127,7.168979207463821
1.7469999656826258,1.9315605778145573
0.0,-0.08966131009076417
0.0,-0.30512270765716043
0.0,-0.3477911083393917
0.0,-0.36277939806891535
0.0,-0.2721812498919223
0.0,0.20734241913823126
0.0,0.15458396261170226
0.0,0.033990331063528334
0.0,-0.025891497352250714
0.0,0.04895938872458416
0.0,0.2155617083904111
0.6929999686777591,0.5358026089440946
7.941999852955342,3.4335018882296415
20.560000469684603,10.089366791047611
33.03899979710579,16.670750950918816
20.63399906516075,19.928956119241732
9.28399951517582,19.034615990804333
7.591999765038491,17.599030653489038
7.053999761939049,16.80735589786883
5.6859998437762265,14.071848627111976
12.876000036001203,9.809664925072186
13.149000155925751,5.45984106717088
5.825999878942967,2.612472851961098
1.2850000293552877,1.1264636478960877
0.0,0.32153268218459863
0.0,0.14338720564483332
0.0,0.005818115646556432
0.0,-0.08416041610296948
0.0,0.12936979676340554
0.0,0.2557523936674464
0.0,0.13336694528930682
0.0,-0.018734101857160512
0.0,-0.09266694195728953
0.0,-0.04289650220671126
0.0,0.06670726190337928
0.962999999821186,0.31889473215092146
9.829000495672226,2.893324722595183
24.478000881671907,9.00831368741323
29.62199906349182,14.939514561446801
25.89199908018112,18.726989241999547
6.098999998867512,19.49394736488415
17.213999526500704,20.56472623594219
20.655000970363616,22.939187781579214
12.812000195980072,22.49780480438661
24.616999603509903,18.858255106915962
24.958000708818435,12.132002389255291
13.877000133395196,6.3639319687455504
2.6429999083280564,3.0111827834966687
0.0,1.0782320966727852
0.0,0.5606413617660191
0.0,0.19296733114034503
0.0,-0.0009301383735806912
0.0,0.22405752709555637
0.0,-0.03516290622570406
0.0,-0.17384274288003593
0.0,-0.2546697594918491
0.0,-0.2536187626980543
0.0,-0.12014116027248956
0.0,0.24729889649327497
0.5970000160858036,1.4714421167456617
8.029999889731407,9.944335466047589
27.79200087785721,24.828305383950827
32.90700102567673,38.2832700321816
52.88799796819687,47.46184082453512
61.96800171613693,52.5432304552737
59.470001220703125,54.33342939576389
52.31500026702881,52.697078245600224
48.21799994945526,47.15092501494798
38.513000042438506,35.42920482206802
24.03200052022934,21.195265673349994
10.529999930858612,9.845165279087826
3.043999965041876,2.9368068229395696
0.0,0.1265045523321897
0.0,-0.2301719333781505
0.0,-0.3308142680262388
0.0,-0.3614051613790841
0.0,-0.2345746039011133
0.0,-0.031782099662953756
0.0,-0.18242191398118895
0.0,-0.2557223305254447
0.0,-0.24945356117090378
0.0,-0.11836836679122914
0.0,0.25759375519149674
1.5750000105053186,1.6725259391156486
12.55100043118,11.51046764002966
27.542999414205557,27.759508192962194
42.131999051570894,42.178804592604536
54.127001514434816,51.452222433252906
60.19199845314026,56.0436754643546
62.59600078821183,57.53252239589931
62.04599940299988,56.123137177333554
55.8070019364357,51.4712960029375
45.801998286247255,40.632896940511266
29.865000863075256,25.52588686080356
13.458000314235688,12.0780550319099
2.6060000970959663,3.4861892786319952
0.0,0.10899618886207962
0.0,-0.24861243510722597
0.0,-0.3288176406491522
0.0,-0.3532117152348868
0.0,-0.2556327590988886
0.0,-0.10741043195123262
0.0,-0.21718670695147435
0.0,-0.2769047480067993
0.0,-0.2673781653846846
0.0,-0.1410680592398963
0.0,0.22543144555484662
1.8880000304430724,1.610631740469361
12.579000232815742,11.127195534575979
28.122000887393952,27.27557127026762
42.93000161409378,41.55524574946749
52.6939999294281,51.006866492178226
57.88500129938126,55.836665082720955
59.0199997138977,57.34663989222282
54.71899849414826,55.934234316533924
50.16599905967713,51.10681236111402
39.22100148200989,39.04019364419084
24.42199922442436,23.211792629979612
10.74600016117096,10.57229232710354
1.8270000224560496,3.0623751367299397
0.0,0.07632897044668208
0.0,-0.2617506535037776
0.0,-0.34098139723925386
0.0,-0.367025734084487
0.0,-0.277415779913191
0.0,0.07417247912383951
0.0,-0.03133379578697748
0.0,-0.11009418309183622
0.0,-0.0784043969444333
0.0,0.1578360333552361
0.0,0.6881180517619807
1.494000052511692,2.0087894480512354
11.00100026190281,10.613955843070137
18.656999866962437,25.085873137599712
31.45999953985214,38.19745891930342
46.68600082635879,46.044838024729636
52.65400079965592,48.97394928380536
39.21299919128418,48.1451699510723
48.66800145626068,41.66696168711255
40.71300147533417,31.109818290760032
23.86399965643883,19.16943956866818
10.751999825239182,9.826559644013406
6.7819999283552175,4.078475994203084
0.740999977067113,1.0298307444268153
0.0,-0.10041140717554364
0.0,-0.26334046647955567
0.0,-0.32515922395813424
0.0,-0.34038333956029077
0.0,-0.1926037333692383
0.0,0.019836316147189836
0.0,-0.1393161101031164
0.0,-0.2191997806464333
0.0,-0.21242382113279512
0.0,-0.06003670230153357
0.0,0.36149194372624804
0.721999992467463,1.8474113387963929
13.254000439047816,12.168112394153356
29.576000269651413,28.790417755957797
44.68500091791153,42.88731162467065
55.294999108314514,51.44300577128333
61.85799897432327,55.36288951506358
64.00200080394745,56.25853381175276
60.58800092935562,53.76568368521222
52.5910012459755,47.661658724316496
38.03699930667877,36.25565610750339
27.257999966144563,22.392703223888233
13.608000131845474,10.462482182283757
2.754000112265349,2.926765725762464
0.0,0.08601327930442504
0.0,-0.2365457760432299
0.0,-0.31382775439600996
0.0,-0.3349299510041238
0.0,-0.21989165898241353
0.0,-0.035501312366417626
0.0,-0.1816906465785314
0.0,-0.2803858331227192
0.0,-0.29300475970933737
0.0,-0.19441422328976765
0.0,0.060170862761649735
1.2839999997615814,0.8419813806478098
5.289999935030937,6.341561186873882
15.754999739527705,17.46236054123525
33.881000580787656,29.292307872596595
26.92799995660782,39.2404899840491
47.262001440525054,46.180830374838884
58.02799911260605,50.054230961831855
61.31899868488312,50.106061854769955
55.34300052881241,45.58504522071215
43.58399991512299,34.57802208461727
29.573999696969988,20.472287305517327
13.594999490380289,9.886981238311451
2.852999961078167,3.311571043771761
0.0129999995976686,0.26945969818692994
0.0,-0.17450972986636093
0.0,-0.3266438022373903
0.0,-0.37689650102211336
0.0,-0.2303992536413686
0.0,-0.040210459519121944
0.0,-0.18220194721083294
0.0,-0.266270647747599
0.0,-0.271908489557484
0.0,-0.17115435294728254
0.0,0.09984085974713819
1.979000027626753,1.0802347193645918
6.78399998754263,8.05326759512191
17.069000113606453,21.51301407444751
32.49000075221062,34.66820785741639
38.19200055599213,44.58590167600397
46.20000133514405,50.72826998037784
54.27299813270569,53.73285578922274
50.762001292705534,53.530766112433604
50.91500196933747,49.661576608614205
43.41999814271927,39.53072568595004
29.158999996185305,24.930473726325395
13.649999834299088,12.13604216440247
2.1909998828172683,3.8864982129933434
0.0,0.27670132111950885
0.0,-0.17885543802131687
0.0,-0.3121139754787249
0.0,-0.35372120625655806
0.0,-0.23300453797509335
0.0,0.0441561288443153
0.0,-0.10126252481785913
0.0,-0.20015957831530784
0.0,-0.20145895443197348
0.0,-0.053455699810952384
0.0,0.308411476421117
1.5190000221133233,1.3224155603115257
8.885999547243118,8.198081181197312
16.944000265598298,21.01869434050213
27.71499936938286,33.4108820523141
40.28800096511841,42.07596348153926
41.32400184154511,46.85427240494776
29.376000512838363,48.71122954891707
42.24700117111206,46.585135859467464
45.0509989118576,40.05352173315838
30.96300100684166,28.52890600617058
24.938999376297,16.176166861715068
10.39500030040741,7.343990742510198
2.4140000635385515,2.2426671550720516
0.0,0.08955838545824069
0.0,-0.2105090452817835
0.0,-0.3122268301998794
0.0,-0.3448792510397637
0.0,-0.18772780241691345
0.0,-0.055964575691308194
0.0,-0.1841908218222164
0.0,-0.24257787605208697
0.0,-0.22080299490237243
0.0,-0.05304117766649752
0.0,0.43228530794885356
2.46500003233552,2.195249348298556
13.063000178337097,13.689479138895477
27.663999143838883,31.000111291843453
41.07400009155273,45.38314512411423
51.039998736381534,53.899615459323876
56.85300156831742,57.79076400771607
59.71499948501587,58.777705641860244
58.21000193119049,56.892533155737034
55.18500047445298,51.571859870870995
43.89200184106827,39.16895753454894
30.31500031590462,23.51974142581765
14.399999949336053,10.609305232035469
3.2319998802244663,2.872312193833846
0.0259999991953372,-0.0022646787196476392
0.0,-0.2819028856528666
0.0,-0.33439776368990104
0.0,-0.3519365130386497
0.0,-0.27275468732263186
0.0,0.12657849051280023
0.0,0.017408028176538748
0.0,-0.062263335140037346
0.0,-0.033050238557391864
0.0,0.2168501374107864
0.0,0.770714659438432
2.5289998723566534,2.1493726121835164
13.39300018787384,11.339347699556752
27.74600003004074,26.259011247355545
34.680999608039855,38.60334517301073
47.06000111103058,45.30685932351918
54.07999832630158,47.19926443363554
48.09700021982193,45.37565530150992
42.48000010728836,39.523429805384474
21.995000573396684,30.611684085152433
29.148999186754228,19.58165952812461
4.80100009828806,10.155163565762447
0.3420000116340816,4.1046379731453335
0.0259999991953372,1.0275580819565846
0.0,-0.05934816689291422
0.0,-0.21925601946122553
0.0,-0.2830446251288986
0.0,-0.2982501685215369
0.0,-0.13932552244642815
0.0,0.1114102056529408
0.0,-0.05702312734793291
0.0,-0.1836822116556283
0.0,-0.2072475025021855
0.0,-0.09434238164998021
0.0,0.1668587377802856
0.1840000054147094,0.9001628276757097
3.611000056117773,6.208749573869012
19.40700100898743,17.148347440565722
24.76699942111969,27.969604920053328
24.87800039529801,35.83721191675231
32.02900020360947,40.51433083193904
45.250998668670654,43.33453743262455
42.38000022888184,43.329032021077566
52.82600075483322,39.004053617304365
40.444998679161074,29.74110369748078
22.74999903917313,17.645441424760556
11.819999594688417,8.38882860417293
3.5809999385476114,2.896040792634734
0.0259999991953372,0.3136561114913128
0.0,-0.09113889349575144
0.0,-0.2537300708475913
0.0,-0.31062015356622363
0.0,-0.10805781874122367
0.0,0.22287923201920867
0.0,0.07248580316416797
0.0,-0.06583546800132378
0.0,-0.0987827317699157
0.0,0.03829235254804675
0.0,0.33492742219405447
1.031000022403896,1.03615738608785
4.559000125527382,6.219749145255896
15.855999904274942,16.602842530298
30.53200083255768,26.75399446535036
49.06499805688858,33.13655523265839
47.87400003910065,34.89477936914493
32.0930000436306,34.50574089922774
21.579000586271288,31.363990735319433
33.40499984502792,25.319948329973904
24.39999908685684,18.359425772077515
16.478000339269638,10.822416661471193
11.984000340104105,5.160336915729326
2.3399999275803567,1.776636783828323
0.0,0.21989458765922865
0.0,-0.057742765726237544
0.0,-0.2004717574980882
0.0,-0.24594036291006172
0.0,0.001857092350836309
0.0,-0.018090351949469063
0.0,-0.1788856463823646
0.0,-0.25610089416783544
0.0,-0.2521173721819158
0.0,-0.12469754440537645
0.0,0.24934700481293648
1.2150000117719173,1.6517924399669344
9.10599989593029,11.05926901898099
31.668999819755555,26.291583713106967
43.6919979763031,40.82426376021831
51.7189980340004,50.783640861645644
57.93400095224381,55.864059966547195
64.84699833869934,57.5642836021427
63.365999441146855,56.061854870255935
57.58500166416168,51.15882120918503
47.59900140047073,40.3285237433306
31.984999928474423,25.848192238836035
15.545000200271607,12.556843243490386
3.734000101685524,3.640837604968211
0.0320000002440065,0.12724295179165268
0.0,-0.2461404126371356
0.0,-0.33000703950320487
0.0,-0.35377500333629364
0.0,-0.2550870634155836
0.0,0.033178480105779506
0.0,-0.13396665179837008
0.0,-0.21449405787984066
0.0,-0.20603064771227453
0.0,-0.038666980790496686
0.0,0.43321354939470225
3.2400001169741155,2.0185025736410545
14.447000056505203,12.237754538883008
29.28400087118149,27.607915031628416
42.70500086069107,41.95391541937055
53.01999879360199,51.453550938640284
59.96899827241898,55.9173464161699
62.64999981880188,56.895804161919166
61.52200135469437,53.87473551756151
55.359999234676366,46.7573830157614
39.79399918317795,35.35769789575743
32.54700064182281,22.448551235430152
15.676999998688698,10.617568712039207
3.598999957740307,2.7554255154241014
0.0,0.04296785775978118
0.0,-0.2529455533821393
0.0,-0.3245643579512252
0.0,-0.33931492511697
0.0,-0.24282934529466044
0.0,0.05638935225670472
0.0,-0.10534248103735933
0.0,-0.19229680841828967
0.0,-0.1821225232084409
0.0,-0.010327677195498541
0.0,0.4465224442523481
1.3240000281482935,1.895121344209488
12.64400035917759,11.252775426018015
29.0810002553463,26.146767329752052
42.73500123500824,39.76059194961643
53.12499804973602,48.77105930850938
60.532001326084135,53.293434644500756
52.41700071811676,54.67443970519002
59.92399976491928,52.32332228780704
55.68900101184845,46.15550761286727
46.1689986205101,34.531899324749084
29.06999915957451,20.793820630308794
13.330999893546103,9.450269528242426
2.920999919474125,2.6246040149826033
0.0,0.05696786653707253
0.0,-0.23614311307430746
0.0,-0.3101353317296229
0.0,-0.33074953696856824
0.0,-0.21104849274830817
0.0,0.15632686178071864
0.0,0.029720189100205352
0.0,-0.10163048809407038
0.0,-0.12772487854515202
0.0,0.008651436813049584
0.0,0.2992897222459714
0.0389999987930059,0.9376208648854141
6.056000010073185,5.335375477802172
15.901999725103378,14.044904830985237
22.867999963760376,23.548866068303226
18.761999123096462,30.772448161023114
38.08000134944916,34.13733886247473
39.9440010547638,35.070826690552785
37.90800139427185,31.884114487122822
31.74699956059456,24.760475583203196
19.038000102043156,16.632324776770147
10.938999967575072,9.16512341237861
4.489999880790711,4.261846805823087
0.8409999838471413,1.433792844785483
0.0,0.0956516997638186
0.0,-0.1440194487804476
0.0,-0.2638870833278055
0.0,-0.31061869768801215
0.0,-0.08849595662659893
0.0,0.20278338469531176
0.0,0.04628928827952583
0.0,-0.06328883629383342
0.0,-0.06700841672750457
0.0,0.11057041146117452
0.0,0.5115529346898837
2.419999984353781,1.51836239473259
5.536000026166439,8.423908176884495
22.728000955581667,20.81125126089917
40.262999968528746,32.97845337198163
49.881001665592194,40.373094830430894
51.8859986114502,42.62806238099216
28.35600010991097,41.37566335968332
24.120999302864075,35.94003762137326
32.014000016450886,27.513961440320195
35.31799920320511,18.286576202820378
21.267999855279925,10.338167811616099
8.725999947190285,4.698991420473621
1.45400002412498,1.4111132801064936
0.0,0.05411957940571377
0.0,-0.15982989161872108
0.0,-0.2511241896366485
0.0,-0.2729430990394923
0.0,-0.08686808406675495
0.0,0.04689188596610716
0.0,-0.05604953682461705
0.0,-0.14707437147960356
0.0,-0.14869665364844747
0.0,0.005128425626344857
0.0,0.3626821535486394
0.840000018440187,1.2800937993428685
6.408999930024147,7.372224357999702
18.10299939036369,19.039953392846854
32.125999222993855,30.57402125164787
31.45299958944321,38.57932687588884
54.72299963951111,42.2813107386194
52.9090019273758,42.76799048096519
43.36599911212921,38.77634939832452
39.89800020694733,30.694467968293267
18.761999123096462,20.197432871092374
19.829000660181045,11.172598376302245
13.354000317454338,5.066183502083064
2.6869999267160893,1.5502992335825359
0.0,0.06230804473607665
0.0,-0.18115537023404643
0.0,-0.2834850657325741
0.0,-0.3160363687744652
0.0,-0.14615544851981166
0.0,0.33467564924485593
0.0,0.2353247551183436
0.0,0.036004568818339244
0.0,-0.07368277341976748
0.0,-0.028554220955800957
0.0,0.08348377258894679
0.5370000055991113,0.2705279051846655
1.2139999821782113,2.2135263712605617
1.9870000076293943,6.647889836737395
3.5780001065135,11.11570199789898
8.094000243246555,13.664838800498249
7.409000254571438,13.454833402766198
24.082000459432603,13.683508158099604
16.506000140905382,14.690903600800814
16.67100014567375,13.64611439057109
7.34499990105629,11.07163447620275
5.086999832689762,6.678974901650627
1.521999982520938,3.5160231273701017
0.3099999953433871,1.758300010824592
0.0,0.6493000831261269
0.0,0.38460910286539784
0.0,0.16743295473852438
0.0,0.0019128765942825199
0.0,0.2948839653731117
0.0,0.031529531129744326
0.0,-0.14871331428566292
0.0,-0.23421469244386317
0.0,-0.22267795216808273
0.0,-0.05160996303277726
0.0,0.4332318342826308
4.117999912053347,2.0885159044848858
16.421999709010123,12.859676486351779
30.872999883890152,28.96763865378147
45.9969986653328,42.728802449100286
50.69300002098083,51.68733116876957
63.93099895954132,56.34671807689973
67.05800086736679,58.067199486499696
65.20399991750718,56.93676346891528
59.91600158214569,52.763492275769615
50.0530016207695,42.737412809574124
35.09900016784668,27.790866735838115
18.468999438285827,13.22563708920115
5.391000099778175,3.6385549044528984
0.1510000076703727,0.0757912511230554
0.0,-0.2624629006149704
0.0,-0.3322601453003351
0.0,-0.3538008302421216
0.0,-0.24936283233091971
0.0,-0.0029749389575360885
0.0,-0.1594338838789514
0.0,-0.22546534541820784
0.0,-0.1961969560917718
0.0,0.012776012838577988
0.0,0.6006320088555326
4.288000064790249,2.6057720131371678
16.525999705791474,15.193525784615844
32.137000318765644,32.45391392706169
47.34199970006943,46.647434035873296
58.95499958753586,54.8849969013553
64.98000150442124,58.57751516364625
67.71100093603134,59.466291134820864
66.12999805212021,57.516992783678
59.86500135660172,52.17056349700315
49.76199840068817,39.93876644027586
34.58599910736084,24.07391760679281
15.799000014662743,10.727086918953102
5.075999763906002,2.745873046397646
0.0570000019390136,-0.04302495154406616
0.0,-0.2963678212970344
0.0,-0.3399991154724757
0.0,-0.35485603415796063
0.0,-0.28002968900595937
0.0,-0.08303585426515891
0.0,-0.1958006339107335
0.0,-0.25411817287242583
0.0,-0.22250051972415363
0.0,-0.026218220841635942
0.0,0.5042551424313593
1.537000041306019,2.107001290824061
8.432999748885631,12.263066735873313
21.18199987769127,28.210658599792254
43.61800143480301,43.032147221054494
56.70799907445908,52.3044435092176
63.37400173187256,56.48296682428083
65.05099924087524,57.115449062764405
62.76699840307236,53.23457103814158
49.74700026750565,43.955618676332826
30.87199959754944,28.52012505189534
15.484000192284585,15.096939415511907
10.90500050187111,6.477423194514495
3.3209999465942386,1.6152287774308989
0.0,-0.1277640665476662
0.0,-0.330768839958148
0.0,-0.38021190482500233
0.0,-0.39382166946927666
0.0,-0.30836869401415146
0.0,0.3039374905340746
0.0,0.18350332638511102
0.0,0.009761847678479874
0.0,-0.06082657173060213
0.0,0.035193362016827545
0.0,0.22904527465690405
2.6889999859035014,0.5992900275137614
3.5279999105632305,3.5835487761451006
5.608999875783921,9.925815539151554
8.296999832093716,16.633538610957743
13.945000091791153,21.034642396017908
29.39999916911125,21.859591539037105
20.95199974656105,22.045420554646057
15.065000373125075,21.09921371377689
24.220000948905945,17.415503450095457
17.592999188899995,12.926614679307184
7.679000028967858,7.460160920755598
4.209000037610531,3.6629995837451954
0.1799999993667006,1.4663286947835044
0.0,0.2925892764660314
0.0,0.05502674721395551
0.0,-0.10491061213270148
0.0,-0.1874305898015619
0.0,0.09900890067144119
0.0,-0.013211570395859407
0.0,-0.17354432855266033
0.0,-0.26063924032226865
0.0,-0.24778135463768464
0.0,-0.08615853525716072
0.0,0.34237930724126964
1.6549999389052392,1.5767935769782473
5.135999999046326,9.396500794118376
13.085999575257302,22.641192118399438
33.163000385761265,36.62431426327928
44.8820018696785,47.266107874376445
48.32400154590607,53.29443084792092
49.67599842309952,55.51974913220523
57.04600137472153,53.51006691156797
55.51299991130829,46.88336640677705
39.09100122928619,33.770545216950175
23.1189999461174,19.229963184058647
16.997000036835672,8.769889454334491
7.240000131428242,2.465708252162993
0.0449999998416751,-0.031398178057516435
0.0,-0.30605160570706447
0.0,-0.3775514318919156
0.0,-0.39921092580266504
0.0,-0.2867423271433069
0.0,0.38881195888121056
0.0,0.30179740009365996
0.0,0.11255769488845035
0.0,0.0013414344866971017
0.0,0.04801935962901749
0.0,0.16652631790352934
0.6860000182688236,0.34408769958664986
1.6899999476969243,2.3511478370975705
5.414000010192394,6.860147816691944
22.87100082278252,11.4687789447169
22.418000510931016,13.854971537434189
7.346000187397004,13.076918255411966
8.913000089526177,12.565057342195333
7.622000139355659,12.75410230661447
6.777999809980392,11.348804927141828
5.658999814987183,9.043346762324088
4.686000032722951,5.502660218697068
2.4879999427497386,2.881518306266242
0.7940000050514937,1.4065881234854964
0.0,0.5258635967813095
0.0,0.33494122928551395
0.0,0.16481567187452462
0.0,0.03243623729293088
0.0,0.30510481602226835
0.0,0.2520106628233212
0.0,0.09428250310288067
0.0,-0.06424576393390319
0.0,-0.10720637298792957
0.0,0.006425160986620382
0.0,0.24312472403664276
1.9499999396502967,0.7736866239964426
8.89500007033348,4.715701839073656
14.272000269293786,13.086934705242003
17.82800075173378,21.13692190146365
29.900000615119936,26.34037627048881
28.852000410556798,28.583012392265452
27.91400089383125,30.685944735222265
29.435999207496643,32.03786714771653
37.91700191736221,29.70519366022642
46.969001755714416,22.99499226572165
23.115000854730607,13.503800907844893
9.40999964952469,6.344135366275459
1.628000038489699,2.337306231536974
0.0,0.3712569519268233
0.0,0.02528404982864918
0.0,-0.14871830861266655
0.0,-0.22441434245469383
0.0,0.04930960467234757
0.0,0.08168541367566862
0.0,-0.12735315692097837
0.0,-0.2546509642795135
0.0,-0.27658924135388685
0.0,-0.19396164916926428
0.0,0.021549334022604172
0.1710000058170408,0.7027049562728966
4.580999749600887,5.357507583295041
13.807999888658523,14.638665676135014
29.15799970984459,25.098201247166244
32.04899976849556,34.989435261411614
36.17099902868271,42.860134232493394
45.601998529434205,48.78285352200623
48.22000052213669,50.978895399750115
57.365000288486485,48.696277512371985
48.0450017619133,41.16842548822324
35.05200108766556,28.042057897400746
17.70400016307831,14.807079649965459
6.379999842047692,5.209239987742936
0.0259999991953372,0.5524584584143601
0.0,-0.07120679990746448
0.0,-0.27857776236130927
0.0,-0.34179862481512124
0.0,-0.1648470495859074
0.0,0.29737979721761665
0.0,0.06196859154241152
0.0,-0.05859271327251869
0.0,-0.07635431727403341
0.0,0.08586513536046092
0.0,0.48481900515740284
3.30900010496378,1.7483852938794229
16.70899972975254,10.433901949919541
32.10800023078919,24.33408251894317
45.93300087928772,37.35822828871324
56.547998447418216,45.84288273551093
62.5120013833046,49.20780453081931
26.566999286413196,48.95170215143747
27.667000002861023,45.21366530557518
21.682999556064605,38.78094747652783
28.80699984908104,30.56473630276563
33.15199928998947,20.335086997383726
19.958000626564026,9.967025701375155
6.329999902844429,2.8534667344172036
0.1150000013783574,0.2619951934295248
0.0,-0.08131615593996666
0.0,-0.1990138753133477
0.0,-0.21745131061859513
0.0,-0.062056945368022365
0.0,-0.048700270973430326
0.0,-0.20990703142933598
0.0,-0.31167554093446326
0.0,-0.328438967934134
0.0,-0.2526595404320054
0.0,-0.04373815775863843
1.0860000453889371,0.628943394438555
4.548000056743622,5.304849487874576
12.816000314354897,14.80721600462053
27.65199981570244,25.520243211266795
29.990999970436096,35.96609477383466
31.5459995174408,44.53708817463829
44.91199813604355,50.34319030996678
48.527998340129855,52.19205303916945
35.17399904966354,49.455850252392246
43.14200069904327,40.381939788667765
34.05499905467033,26.40953422777327
18.383999747037887,13.900984056053408
7.1009998691082,4.902202726246161
0.1600000012200325,0.5431816068076287
0.0,-0.10409992218665576
0.0,-0.3161902998642292
0.0,-0.3791148412631258
0.0,-0.22831653162773446
0.0,0.09453843632782721
0.0,-0.097739380397186
0.0,-0.19602133782691972
0.0,-0.2040084493185509
0.0,-0.07159329119750762
0.0,0.2993812321864495
4.381999765634537,1.6049661083530378
17.17000027835369,10.423803890905237
30.65300056219101,24.74424201098973
41.257999374866486,38.384731122246166
47.63299881219864,48.16087593876072
48.22299932718277,53.10975116627058
58.4480002450943,54.65021582208402
46.4659994506836,52.11754427849207
30.90699934959412,46.0347180101033
29.676000148057938,36.86127430999399
37.88300039768219,25.465931625710816
20.05100055456161,13.199837104400874
6.074999802112579,3.8113498818709974
0.0939999977080151,0.257820337686681
0.0,-0.16680593597275267
0.0,-0.2838633398218936
0.0,-0.3068452217615443
0.0,-0.17731403979975363
0.0,0.12303534511964509
0.0,-0.0021011364393928034
0.0,-0.11689662859972383
0.0,-0.12655519709061802
0.0,0.03983868092432452
0.0,0.4007797038625953
0.2839999961480498,1.233769617208973
2.7270000834763053,6.855447256295194
10.43599971652031,17.552317039757803
21.735000067949297,28.46539360475424
32.15399902462959,36.111763800881825
50.925998957157134,39.53462525303781
49.67599842309952,39.80416531638155
37.45199816942215,35.38440585559897
30.01400039434433,27.175742291667362
27.2649999165535,17.83112475444991
14.37499997973442,9.73484494167578
6.914000240266323,4.4257866073422445
2.1909998828172683,1.3852708328580816
0.0320000002440065,0.04185139934536253
0.0,-0.1862402808202389
0.0,-0.29164924635591266
0.0,-0.32851309851626154
0.0,-0.12365784062424556
0.0,0.15677285170057265
0.0,0.01654837266061948
0.0,-0.09776074773170873
0.0,-0.09739417706379805
0.0,0.08698890817318672
0.0,0.48824226686394234
0.7830000004544855,1.4139632967310058
5.079000109434128,7.467894250965271
13.26400022149086,18.813426269599226
30.374000778198244,29.537922042986445
44.20800194978714,36.57139305916936
35.71999928951264,39.98690893875009
36.41400082826615,41.22094602627713
43.03900201559067,38.88348952384744
46.82899863958359,32.31408398117852
34.46799818277359,22.263139129357903
14.236000230908394,12.374463254974316
5.47999990940094,5.518358855586241
1.1359999845921993,1.6688729892609766
0.0,0.05699850381303673
0.0,-0.18138299753491616
0.0,-0.2786382838244618
0.0,-0.311234572226923
0.0,-0.1129502961819473
0.0,0.02865698177602316
0.0,-0.1597725259488253
0.0,-0.2534573458263372
0.0,-0.2529251023030781
0.0,-0.12749094576865994
0.0,0.23599144882624423
1.7809999448806049,1.5023138583902105
9.387000252604484,9.868674370318649
24.6490005505085,23.975478362481027
31.344999474287032,37.51121758249793
28.693000069856645,47.59576274793636
41.98500009298325,53.546656482187956
40.95300036191941,56.39825312722957
53.26799997091293,55.910083807026176
54.753998246192936,52.2396744813989
47.33400151729584,43.213661241314625
34.11600008964539,29.463860371737134
18.799999734163286,15.112151669428643
6.094999880492687,4.569229789053962
0.2579999969527125,0.22175968097989762
0.0,-0.22038649513313652
0.0,-0.32321099307879414
0.0,-0.35181039361272054
0.0,-0.2265133260278741
0.0,-0.07826270647696854
0.0,-0.21448244961655982
0.0,-0.2737009566158618
0.0,-0.26090492216661265
0.0,-0.12949274662742882
0.0,0.27813381768881773
3.076999914646149,1.9155520823645427
14.040999851822852,12.576268715324636
29.368000276088715,28.910480182043052
43.16700169563293,43.97138793921187
53.0120006108284,53.75877309842168
57.98300060510636,58.35716948377313
53.70700038194656,59.74538767831187
46.61600132226944,58.381102075725146
56.72399954795838,53.94483715040087
46.40200166463852,42.888452885631395
32.555000878572464,27.89267263744904
18.74299984455109,13.772185431213066
5.382000090181828,3.878438093116385
0.1830000079143792,0.07542221348538725
0.0,-0.2765961495936843
0.0,-0.3418810061131212
0.0,-0.3612396044807199
0.0,-0.28891142436615336
0.0,-0.003661501888728491
0.0,-0.1333347096914692
0.0,-0.19211845207086925
0.0,-0.1254513011781267
0.0,0.16795505136321232
0.0129999995976686,0.9138105804408525
3.0980000226199627,2.784962440512699
9.645000185370446,13.234310011695358
21.015999586582183,28.06472686523866
41.513000502586365,42.82385535121811
46.59199855804444,52.198594380306396
49.92600017309189,56.17181742181424
58.46699952363968,56.27041525908341
58.54700189113617,50.364525754620786
48.60300132989884,38.102775193585195
16.83300031840801,22.45033503929023
4.747999813556671,11.330993822649285
2.662999986708164,4.602808886763045
0.1530000026710331,0.9574689741829518
0.0,-0.22126946844459427
0.0,-0.3568784226703284
0.0,-0.39138556427769444
0.0,-0.3976408053365308
0.0,-0.31507582092164976
0.0,0.1744405664990889
0.0,0.009797752206073707
0.0,-0.08341848606020885
0.0,-0.06224956766596412
0.0,0.1701492937183342
0.0439999983296729,0.7230370584489134
4.989999786317348,2.1806035165946933
14.541000270843506,11.321515294750913
30.888000071048737,25.341867529721064
36.44000005722046,38.660796991841096
44.5270008635521,46.8877567016658
45.64900171756744,50.039726112668276
44.27400030851364,49.374710066598084
44.71000191450119,43.244394467381404
25.63900057911873,33.43026685289482
25.98799986720085,22.120858278558927
13.404999516010284,12.511644580807936
5.9119998565316205,5.481464768409593
0.7129999828711152,1.4013778918222077
0.0,-0.03181318637257691
0.0,-0.22487349176198546
0.0,-0.2897725105905599
0.0,-0.30020613251935635
0.0,-0.15915046217486878
0.0,0.12598838695822834
0.0,-0.02022666271485074
0.0,-0.1584427129897915
0.0,-0.19319703479389166
0.0,-0.10034750892458733
0.0,0.1079995599787642
1.4349999753385785,0.6020830591786424
4.311999748051167,3.9837549902842646
6.456000037193299,11.178896173578238
9.53400023818016,19.08652169566031
19.8210004234314,25.68161906176369
28.89299982666969,30.24075122391976
26.759999092817303,34.40770414131031
24.382000094652177,36.4718641030875
42.96899840354919,33.522570144839
34.70400003194809,25.20904101094331
19.6130004298687,14.796808287561289
12.97300008237362,7.247962448546621
4.171999969631433,2.6894800866007476
0.0,0.38526294590349397
0.0,-0.015758240982513882
0.0,-0.20172954923355063
0.0,-0.28299058489738627
0.0,-0.06755522485303378
0.0,-0.02004405039611923
0.0,-0.19602503330361137
0.0,-0.28548552671838273
0.0,-0.29304140643909704
0.0,-0.2071272368469721
0.0,0.05016745886703067
0.9559999852254988,1.0247622606069056
7.245999795496464,7.485840200733179
17.188000297546388,19.182889059559116
31.381999799013137,32.47963361498561
45.97099943637848,44.352112245587215
38.44300053834915,51.9251795313506
50.04099818468094,55.62144403562336
61.97300109386444,55.708155789040774
56.31200070619583,52.387460251535146
47.63400115251541,43.658142658833384
34.8759999871254,30.264744422712994
19.73700101852417,16.177053602266092
6.5390001827478414,5.243899287328369
0.4149999896250665,0.37949213357465283
0.0,-0.1806723395933283
0.0,-0.32358729487295496
0.0,-0.36190322832015953
0.0,-0.24386420150934107
0.0,0.025928815488211132
0.0,-0.14843116683991942
0.0,-0.21993433888710834
0.0,-0.16297321719916102
0.0,0.12872316084135738
0.0320000002440065,0.9234649533046471
4.787999970316887,3.0334100184875927
15.563000219464302,14.718372252471568
28.646999222040176,30.037800076195772
42.25200054883957,44.7033672367848
51.43499887228012,53.83040959148109
56.19899915933609,57.85296319139565
60.59500087976456,58.59950415018578
58.815998811721805,55.10879009707958
50.24600142717362,46.403770125913375
41.87300088644028,31.11386655471633
20.245000647306444,16.770662099813137
7.495000232160091,6.984998758690422
1.4339999457448722,1.5507729718272225
0.0,-0.19445812257676776
0.0,-0.36066533613643437
0.0,-0.39138698024834295
0.0,-0.39918430257053317
0.0,-0.31877032552682383
0.0,0.40004534133808023
0.0,0.20556163474835043
0.0,-0.0037253522002622663
0.0,-0.08423134268569249
0.0,-0.006875503853272513
0.0,0.15586365643172084
0.2220000067073851,0.46694021444946054
3.588999918550253,3.1045578388147077
5.004000200629235,8.714977272487177
17.489000219106675,14.51802866856592
26.467999694347384,18.65509307521191
33.00899942278862,20.13648820281456
9.829999755024913,22.18279201130533
26.070998985767364,24.272876225627954
21.95599967598915,23.31213071558288
22.96200017809868,19.597934621320576
18.25299920797348,12.584361121568291
13.067999556064606,6.480355634805582
2.261999929994345,2.678749861032596
0.1009999962570145,0.6639190326944124
0.0,0.24987825505809513
0.0,-0.00295306277404217
0.0,-0.12149052020578077
0.0,0.20316488337879357
0.0,0.151777285788953
0.0,0.019593015039748862
0.0,-0.11296837179769026
0.0,-0.14272715195886876
0.0,-0.026586847472948483
0.0,0.22377374906058467
0.1020000017806887,0.7731439017036752
1.5630000405013562,4.474546740089762
6.003000238835812,12.019585287655916
19.372999489307404,20.40872544930042
19.27399989724159,27.075607987044265
27.75999993085861,30.791683028987315
31.32800076842308,33.14542726654495
31.76400032043457,32.550230014279684
39.486001365184784,27.47705340165119
30.852000032663344,18.98314146262056
16.850000051259993,10.535979177888377
7.023000128269196,4.9787116627311825
0.9440000152215362,1.751665144399312
0.0259999991953372,0.176500481448142
0.0,-0.10326584304998931
0.0,-0.23797384808703964
0.0,-0.2975312953932868
0.0,-0.08655539251688837
0.0,0.24601528335987166
0.0,0.09580690214586807
0.0,-0.09067361103729743
0.0,-0.17169907686315145
0.0,-0.1309517681341167
0.0,-0.03613879449949886
0.0259999991953372,0.144966119479774
0.7389999820664526,1.9141370818983665
3.316000055372715,5.98769603789162
6.46999993801117,10.419519428074844
6.379999842047692,14.10135987920577
8.332999870479107,16.16389352410868
19.507999119758605,18.83046468805197
22.649000928401943,22.64990456678708
36.7040017080307,23.031185881456267
23.416000776290893,19.5007877325678
28.440999801158902,12.723623306943038
15.674000166654588,7.020287298715855
7.412000086605549,3.3684114193346097
1.8020000528544189,1.1545773047477543
0.0,0.5678731061804281
0.0,0.16861077861581109
0.0,-0.06293889395182717
0.0,0.17148314465080627
0.0,0.004703160718821708
0.0,-0.17424969403301038
0.0,-0.2468616409708328
0.0,-0.23008004169440294
0.0,-0.060821318344323916
0.0439999983296729,0.44930459480213136
4.643000043928623,2.3510090841419293
16.191000318527223,14.361832480731982
31.08300045013428,30.88292359657398
45.39699939489365,45.442484313596324
56.65400004386902,54.642863601123224
63.358001258373264,58.86520082668894
65.50500189304351,60.130368676575834
63.64200042009354,58.88111855980168
59.06100118398667,54.860006479342935
50.05499808549881,44.83684563295413
36.981999151706695,29.82814116921726
21.538999402523043,14.629413191959005
7.83200019210577,3.954682233563494
0.7519999816641212,0.0489323814404119
0.0,-0.28256765043639825
0.0,-0.337926400604859
0.0,-0.35550396678580787
0.0,-0.27523546060764065
0.0,0.04535764694818578
0.0,-0.16377257545204738
0.0,-0.24283088754829452
0.0,-0.21453645064861893
0.0,0.004377944381626087
0.0380000012926757,0.6343410261048346
4.726999962329865,2.7277857502884157
16.526999992132186,15.948102140247
32.24899952530861,33.3715496276504
47.65300043106079,47.73698769976392
58.88400185108185,55.920077940983624
65.40699847936631,59.470170122618164
66.20300046920777,60.36058707732053
61.933001964092256,58.6238161686746
59.640998835563664,53.663395096308406
45.4490019607544,42.348683613649555
34.08700000166893,26.916633423223736
19.172999732494358,12.788705824309607
5.739000128507614,3.2337119147433517
0.3970000025257468,-0.04666994433533078
0.0,-0.3167352025373809
0.0,-0.35928860057046674
0.0,-0.3732524802406765
0.0,-0.29137591760770226
0.0,0.024802846258940914
0.0,-0.1722846370025461
0.0,-0.24998086963492128
0.0,-0.23556292716803873
0.0,-0.07260078934708392
0.0320000002440065,0.41182513866131365
4.613000183105469,2.214351981028203
16.13799952030182,13.914346836786484
31.08599925518036,30.526594901534004
43.300998985767365,45.37724397709878
54.44100105047226,54.60524638007184
63.884998111724855,58.780235534963516
66.56800023078918,60.031767065928385
65.08099961519241,58.67326857881208
59.796000084877015,54.45294298044205
50.713001639842986,44.45565345329858
37.048001618385314,29.71317423747559
21.26400076389313,14.797391039042223
7.28599995225668,4.021291593431222
0.6170000302791595,0.05476293896759776
0.0,-0.28287512622630046
0.0,-0.3402559609591278
0.0,-0.357599099312897
0.0,-0.2751549661705289
0.0,0.20080949528901682
0.0,0.009942321730855741
0.0,-0.12587935499351194
0.0,-0.14593141683023958
0.0,0.007968975573167003
0.0,0.35446775862833413
2.190000109970569,1.2290867808707095
9.233999575972556,7.192350876665099
15.780999995470047,18.123854563173957
20.543999996185303,29.520414346954965
40.618999207019804,38.02713247874104
44.831999876499175,42.243290576075665
48.15299982309342,43.44147393473697
40.51899932861328,39.73857121758567
34.906998593807224,32.18056928111081
21.800000194311146,23.531390692234254
11.80699998021126,14.47177971129642
10.395999559760094,7.067973713803852
5.73500001013279,2.200143633600561
0.2820000011473894,0.16820255764069914
0.0,-0.1437253570692298
0.0,-0.274044261091962
0.0,-0.30897871326594223
0.0,-0.10883841766142643
0.0,0.0288873956596718
0.0,-0.1732742331190371
0.0,-0.262275213572769
0.0,-0.24941336644453654
0.0,-0.08564142979677314
0.0,0.38986293662260907
2.3309999179840086,1.9506790821403648
12.674999992847445,11.661125278831928
26.55399967193604,26.175421237497986
42.651001830101016,41.0719643087559
49.826000294685365,51.69415199140959
59.08799864530563,57.00349541465724
64.02899826526642,58.805091428699036
63.953001151084905,57.23621998675154
58.50300161600113,52.09163493919361
49.25299848556519,40.967908429910985
35.805001034736634,26.247421215228584
19.057999666929245,12.824192703024844
1.77799998447299,3.535957799060438
0.0,0.016035776792597267
0.0,-0.3028865204574761
0.0,-0.3660880417584395
0.0,-0.38370038783587357
0.0,-0.28564822734508044
0.0,0.2275114568782266
0.0,0.05188633137178289
0.0,-0.04119153688580224
0.0,0.002125639168968463
0.0,0.2851719618667762
0.0,0.9245694063179417
1.8140000228583808,2.4566670176272636
6.729000157117844,11.878050844577992
28.38999957561493,25.368054793705554
42.12099795579911,39.30471357480669
52.93599938869477,48.01025502483426
59.603000278472905,50.948582886341974
59.802001802921296,49.372574365144274
24.537999576330183,40.35891758252291
11.116999586820604,28.280151324945024
7.192000251412392,17.45433156303421
4.137999990433455,9.454551393180322
0.8079999700561166,4.010220861207937
0.0,0.8910008768971021
0.0,-0.13008158261697905
0.0,-0.26791454247119134
0.0,-0.31853418124500854
0.0,-0.3215066470027361
0.0,-0.18898156035616326
0.0,0.3562737699103897
0.0,0.23005558378181368
0.0,0.03229843414941136
0.0,-0.06835905455973812
0.0,-0.008909446404533172
0.0,0.12055675739576477
0.0,0.34439832217585487
0.447000005915761,2.4432776666076554
1.7219999960809946,7.020656692339285
3.5829999977350235,11.967967131327722
11.006999925971032,15.258097468225591
13.749999712705613,15.842586826182922
18.625999206304552,16.35579767810588
22.063999791145324,16.845177348762903
15.839000171422958,14.875525327307463
14.035000187754632,11.76711547580685
10.546999663710594,7.193171823066747
5.750999970138073,3.826352982973569
0.6589999894797802,1.775043684533351
0.0,0.5590382556427449
0.0,0.2803756929307961
0.0,0.06214306806751613
0.0,-0.08207605950047192
0.0,0.18801597234414058
0.0,0.23507638031126643
0.0,0.08249516123033285
0.0,-0.08198068594811181
0.0,-0.14013521037513482
0.0,-0.05138978064641486
0.0,0.14144337623738878
0.0449999998416751,0.5466707559515567
1.2919999797642232,3.5614540585344283
3.315000025779009,9.944642605731168
9.398999580740927,16.76652066558365
26.434000228643416,21.934465190743275
50.23799913644791,24.492482630783663
45.70700189352036,26.4981159621477
37.11399997711182,27.17300627980385
27.26899900794029,24.012124374721346
31.20600075244904,18.353012119742537
23.450000241994857,11.286194112262088
13.767999731898309,5.80206539798723
4.380999992787838,2.3302709577063814
0.4340000063180924,0.49549101135177676
0.0,0.11149511266906309
0.0,-0.10702178068175106
0.0,-0.20651225343781177
0.0,0.0581151972552838
0.0,0.06486065884258074
0.0,-0.1584970130202843
0.0,-0.24720543696467606
0.0,-0.2386247978645487
0.0,-0.08165811945474527
0.0380000012926757,0.4004117591136288
4.371000210344792,2.1906250413398336
15.650999742746354,13.395282904122633
30.570999675989157,28.776262321683888
45.43699852466583,43.42036052116996
56.43099986314774,53.42146288908009
63.002002019882205,58.28459516497757
65.49999840736389,59.946710550054526
64.28100058794021,58.97417799722471
59.26300151348114,55.39258898638572
50.81800089597702,46.72090036000003
37.97399975299835,32.87171417948729
22.92399956703186,17.07414644313748
8.913000089526177,4.730631034878403
1.0779999370127915,0.11674594907673352
0.0,-0.26894033265390915
0.0,-0.33526811058137246
0.0,-0.3539778281200847
0.0,-0.2631670639495617
0.0,0.05200371213651056
0.0,-0.1620768820005246
0.0,-0.24720809201895633
0.0,-0.23801820350733083
0.0,-0.08697898473117854
0.0320000002440065,0.3715521624687601
4.649999994337559,2.1186843276438214
15.690999899506568,13.207914335230816
30.367000827789308,28.822392077856826
44.25599926233292,43.64324579524263
55.94500037193298,53.62382692576888
62.95400059938431,58.38675569026356
65.94799934148789,60.01010064293832
64.75099960565568,59.02123855088043
60.25600034713745,55.44237276340094
51.46099810123444,46.73733998477986
38.69600109338761,32.85149658550926
23.416000776290893,17.126511805682917
9.146000052690509,4.782550419581439
1.1120000445842744,0.12170979854280173
0.0,-0.2655920767189142
0.0,-0.3319370341764381
0.0,-0.3507353131199498
0.0,-0.26405975055750786
0.0,0.13317707653667732
0.0,-0.09726947497817473
0.0,-0.20207747862715386
0.0,-0.1869508736598603
0.0,0.018907175903233098
0.024999999689171,0.5746233627682305
4.274999936819077,2.22782347489708
15.23300020992756,12.229530795956363
29.809999492168423,26.432994178447494
44.19099913597107,40.67939020152999
54.8979983997345,50.72016702169157
48.68400192975998,55.71435719677291
46.89300053358078,57.31674741287365
53.346999998092656,54.973911590273524
55.5710000872612,48.59507649634958
37.72200153827667,37.42911883949464
34.07799947857857,23.89754608277439
19.118000415563586,11.404475463503468
3.361999876201153,2.9420688957780703
0.2160000056587159,0.0006798532498130117
0.0,-0.2824999855809794
0.0,-0.3443828812538873
0.0,-0.35876514325698106
0.0,-0.24810025021351645
0.0,0.6291691217002833
0.0,0.4488104269880583
0.0,0.20545115366127953
0.0,0.08979955363320302
0.0,0.19383958347303354
0.0,0.3918931831044101
0.7620000208541751,0.6885229023889918
6.752999840378761,3.6131458267138683
21.115999464988708,9.523305609204051
34.9419983458519,15.286868109144107
39.95899918794632,18.108430371033798
30.15100059747696,17.069378736282417
19.061000525951385,16.481684217605967
5.800999909341336,15.66199316550489
5.752000256478786,13.380914295082421
6.686000168323517,11.388011273632126
3.473000080138445,7.254049388777116
3.2660001161694527,3.7433546970306697
1.13999997459352,1.5613027075143178
0.0510000008903443,0.43002067870798855
0.0,0.21921970006396607
0.0,0.038112497077846585
0.0,-0.041759538692677234
0.0,0.3687578969165983
0.0,0.08361883354601574
0.0,-0.11678236934417141
0.0,-0.2028808582409357
0.0,-0.17488769461436282
0.0,0.04855438553422253
0.0,0.6522783829383889
3.874999909698963,2.5273369604919047
14.553999885320664,13.850110214174574
28.960000525712967,29.296037746404878
42.59499811887741,44.16760045972052
53.0810018825531,53.609175740150455
58.68900147199631,57.739417296854555
60.97499877452851,58.656863944295274
55.99800117015839,55.63328754029026
32.87399979233742,48.29259972068956
44.631001887321474,35.462861872381325
20.560000469684603,21.369208729617867
15.487000024318696,9.827809925091282
6.295000150799751,2.4336094897125884
0.5080000139027834,-0.06167564794439362
0.0,-0.30143557612338867
0.0,-0.34861122139727324
0.0,-0.3598699689508613
0.0,-0.2727734596124054
0.0,0.12931580792944875
0.0,-0.062246477281605594
0.0,-0.21756954606315265
0.0,-0.2658015817765813
0.0,-0.20777098809552697
0.0,-0.06886465258674113
0.112999998354353,0.29880898831268565
2.028999966830016,3.0604201401159945
7.7769998481869695,9.030838109667377
12.408999823331833,15.87987708244079
16.434000064134597,22.701249442738103
31.614000502824783,28.497798059771128
43.54699959039688,34.07062595368385
41.93899924516678,37.73265097446919
34.174000265598295,36.05758840165807
29.411000264883043,29.836714378677556
28.626999657154084,20.19218999149028
14.559999549388886,11.345807667250092
9.38000030219555,4.749897124855815
0.8519999884441495,1.0616291686333437
0.0,0.2656295241358596
0.0,-0.11672402855503466
0.0,-0.25960181287104134
0.0,-0.030632481185347338
0.0,-0.013013017215029121
0.0,-0.21313849518507322
0.0,-0.31491501940277067
0.0,-0.3280183139988774
0.0,-0.2503786533380974
0.0,-0.02729996376639665
2.24900005877018,0.7774020048382484
9.50900026857853,6.325105548995362
20.378999991416933,16.936837519920097
31.09399949193001,29.63384012846027
42.32900000333786,41.85348324438282
49.744001462459565,50.485916497608855
62.73199865102768,55.12678450709743
61.52299958705903,55.699265438479124
58.04100078105927,52.69025150504455
50.79500047206879,44.410024100258205
37.69700054168701,30.863585368081424
22.89599976539612,17.076118641952732
9.190999587178233,5.798450562506599
1.1139999753981829,0.49081537693343225
0.0,-0.160603367546564
0.0,-0.3402179611587082
0.0,-0.3871543414004214
0.0,-0.25609537629693574
0.0,0.06265594746084702
0.0,-0.14552481836316256
0.0,-0.24364012275576652
0.0,-0.2302148887333298
0.0,-0.05439561048627467
0.0,0.42246458266093256
3.5369999201595785,1.8983072860587478
14.269000437259674,10.866238754865243
23.883000988960266,24.436568676714586
30.41999957203865,38.899420426634634
53.40000079631805,49.9515743203307
61.06299932479858,55.90086633333477
64.01199955940247,58.164025370948856
64.14800153017045,56.890960183594764
59.34500034570694,52.0368297188468
49.78999820232392,41.284328663934296
35.87200173377991,26.273175732226157
20.781000077724457,12.660153902801468
6.793999769985676,3.512139023822371
0.8310000088438392,0.011169616381491387
0.0,-0.2997423311184011
0.0,-0.3652637098591862
0.0,-0.3845686594513914
0.0,-0.28204245930691013
0.0,0.3112481728645756
0.0,0.08326535310718008
0.0,-0.1075140992163891
0.0,-0.16691908023920354
0.0,-0.08604320767527751
0.0,0.08531557789485411
0.8770000222325325,0.4694220302034604
10.632000381946565,3.3878352559476306
19.82399922847748,9.57613212870263
20.091999970674514,16.66092407479711
8.615,22.650580856333306
10.496999724507331,26.39868524691225
14.846999570131302,30.441355933720466
19.90100073695183,33.352583954216065
46.52500196695328,31.793095951319195
27.09299996137619,25.902526068876313
15.541000081896785,16.349038602141306
16.62299975216389,8.474618329134927
8.35700006723404,3.298834668745869
0.447000005915761,0.5917834788215477
0.0,0.10752248376668716
0.0,-0.13632186462261825
0.0,-0.2373609337678415
0.0,0.028804773306252196
0.0,0.37809537175705576
0.0,0.14437469527155622
0.0,-0.06564291751957613
0.0,-0.1403327319980775
0.0,-0.06439175429004035
0.0,0.09659214218526269
0.3820000079274178,0.44880364076009904
2.476999873965979,3.285454835361805
7.0930001458525656,9.261623324015895
10.086000142097474,15.649693406300644
22.428999552726747,20.754503767944144
28.342000209093094,23.621173006534427
25.2249991106987,26.82212264971725
29.199999412298205,29.426142308870183
31.754999797344208,28.201914279931678
29.88400014162064,23.98715892876246
29.43799978017807,15.923476292747269
12.461999594569209,8.511163560827004
4.790999802350998,3.5147283926121773
0.2149999921116978,0.8253896507254057
0.0,0.27424075145045257
0.0,-0.036231419774518714
0.0,-0.1659768754716091
0.0,0.1466854031474938
0.0,0.1879045897845979
0.0,-0.06332382245873036
0.0,-0.22960883627620454
0.0,-0.2702922115610985
0.0,-0.22038077009795526
0.0,-0.09248651467919367
0.3749999933317304,0.285497462966269
2.2860001267492773,2.9688351723544883
7.516999856233597,8.69604660585593
14.046000256538392,15.519368802031716
22.82700054764748,22.987065040136912
26.670000023841855,29.91875437627524
22.331000247001647,37.95120484844601
43.93799858093262,44.583178669409214
57.67899982452393,45.4737950943939
48.41700147390366,41.03415336476912
36.349000701904295,30.034191824188184
22.9840003156662,17.325714297455548
9.539999902248384,7.1239765844857885
0.9350000056251884,1.3156676988132177
0.0,0.2944888145315
0.0,-0.1219455737003739
0.0,-0.26048306970241714
0.0,-0.01058585028074499
0.0,0.06755741983428099
0.0,-0.14107165859362197
0.0,-0.2310690267639658
0.0,-0.21259181083453793
0.0,-0.029937010677286047
0.0129999995976686,0.477851101840298
3.334000074565411,2.166995527096095
13.354000317454338,12.384151067875553
27.317000428438188,26.882756986062248
41.16000006914139,41.94712094568727
51.77800055027008,52.51138605699853
58.44899847745896,57.57498797478742
62.796998777389526,59.19483981111536
62.40300098180771,57.576182358050005
58.40399996995926,52.53720559694836
49.72199927091599,41.4388364187725
35.512999582290654,26.349962554520395
17.440000566244127,12.64433469072853
4.0329999640584,3.4583002007261427
0.5430000226944686,-0.000751649163394319
0.0,-0.298000407709787
0.0,-0.3520540963121098
0.0,-0.36880876464040313
0.0,-0.28099814234118115
0.0,0.008387452638953907
0.0,-0.18086273522561902
0.0,-0.26608763898289134
0.0,-0.2513146836032537
0.0,-0.08905503573150841
0.0129999995976686,0.359729004687553
3.680000044107437,1.7686930208845215
5.621000230908394,10.37629140515436
25.78300073266029,23.52296207426845
40.02399931430817,38.65639267577645
51.83800129890442,50.29309817618854
59.05299889326096,56.2730224414913
60.26900201559067,58.18195540357582
59.22699942111969,56.35975764245765
56.29899903774262,50.43013885219241
48.5270001077652,37.7712559431505
32.63900028347969,22.633372532859774
12.465999712944033,10.618048327759324
3.406999924182892,2.8964494697890744
0.28499999364838,-0.03524792939270893
0.0,-0.31918097749297064
0.0,-0.3803109731267784
0.0,-0.3983146657139036
0.0,-0.3122872666062443
0.0,0.5521093548746978
0.0,0.44843500116322943
0.0,0.21264529401601895
0.0,0.06069532268021105
0.0,0.08876457648800085
0.0,0.17895754381592655
1.954999959245324,0.28455472332367815
12.469999831318855,1.8951240153872506
13.308999755978585,5.346481410675113
10.168000001311302,8.880759610186066
9.015999799966812,10.661046222342682
9.344999523162842,9.81669061522179
6.220000241994858,9.5541418272354
9.2760003054142,9.987691416635009
5.536000026166439,9.211251352889809
1.2370000209659338,7.869757433875192
0.2890000157430768,5.029009350380328
0.1140000038780272,2.7503970349786035
0.0,1.4021691846862023
0.0,0.5791546405633461
0.0,0.4222230028837385
0.0,0.26253928650272584
0.0,0.10878006136162055
0.0,0.4031744485489013
0.0,0.34837474186743633
0.0,0.16873219243175308
0.0,-0.037972393722311426
0.0,-0.12664112895207502
0.0,-0.07202755561191831
0.0,0.04882153753298368
0.0,0.27913326519315784
1.5540000309050084,2.3952971980623103
7.278000229001045,7.045206111983879
14.046999515891075,11.920970863221859
21.09900075912476,15.652397095306407
28.33999963641167,17.329787802875117
32.07099990606308,19.59251888063126
35.0270000910759,22.5437673528478
18.47300058364868,22.420096811336343
23.38500011563301,19.203075593388157
24.67700035214424,12.545408293284122
15.5649997651577,6.7788947508423005
6.333000248372555,3.1201202413236024
0.8039999800547958,0.9882149914301568
0.0,0.4656201585991966
0.0,0.12060452439365732
0.0,-0.06559767212279888
0.0,0.23528754033703136
0.0,0.05527658758997467
0.0,-0.15362712960643587
0.0,-0.26001404838308917
0.0,-0.269120867846552
0.0,-0.1724749650760381
0.0,0.10030059548276671
3.4429999625682832,1.0837332011066327
13.881999511122704,7.665613553246274
21.48099922657013,19.558286519896058
39.82600013017655,32.140893359383405
47.876998844146726,43.07055492164017
41.661001801490784,50.57724708068475
58.86199965953827,54.965203453110625
62.47599929094315,55.817159328218885
59.69899901151657,53.434085217732665
52.09400065898895,46.18580446313205
35.213998179435734,33.33326141862797
24.16200077295304,18.389441946655992
9.908999782204628,6.039648800907006
1.5569999913126231,0.4675547620378844
0.0,-0.14413531127417417
0.0,-0.3034073040109885
0.0,-0.3461407300468436
0.0,-0.2070244484286693
0.0,0.14354090249765572
0.0,-0.07339191197841266
0.0,-0.16777332488899582
0.0,-0.13433232988599497
0.0,0.11047037170835194
0.0,0.7281013542050219
1.6500000476837158,2.4026136939490903
14.336000109314918,12.514976894662938
28.2119999563694,26.89395026124417
42.287000300884245,42.20726821894037
53.66399833917618,52.22049635163847
60.60000025749207,56.20941611184537
62.452000634670256,56.39431272049617
56.72199897527695,50.53265693126858
28.85499921560288,39.245715950521586
23.56799911260605,26.529683736357512
11.99100029051304,15.63562834717675
22.4330006980896,7.168556924543579
9.460999875068664,1.6318427121280576
0.8620000276342035,-0.11987208753316236
0.0,-0.30812237172010093
0.0,-0.3563499802856527
0.0,-0.36096184022056926
0.0,-0.2653407827089682
0.0,0.0491826512569663
0.0,-0.15804627837625668
0.0,-0.2562669312781582
0.0,-0.2638029648676145
0.0,-0.17328383735456898
0.0,0.10087496116833938
2.218999941200018,1.1658202471222043
11.999999786615373,8.269684272136365
25.0899994802475,20.744491884174472
33.54099976181984,33.863046765150095
37.17999833583832,44.900820130008114
38.26699943780899,51.8627750173384
41.12599854946136,55.57630451067707
53.8810009098053,56.033176624777845
59.94400138378143,53.57434154844872
52.163001930713655,46.364958307389294
39.716001496315,33.9977440963401
24.706000440120697,18.999183112002065
10.399000418782236,6.230552201843038
1.5800000301003456,0.49125525862626884
0.0,-0.1406947960211335
0.0,-0.2927568802908366
0.0,-0.33181098337403747
0.0,-0.19893153171039912
0.0,0.0103741166283986
0.0,-0.18499348285793094
0.0,-0.26540750378781397
0.0,-0.2560411048198513
0.0,-0.10401988860435962
0.0,0.35541794510314184
2.7839999730885028,2.003809770940501
12.701000248789788,12.457226329997443
26.8240009868145,27.570382643467426
42.6910009598732,42.75519479810388
54.77600043773651,53.141762417816956
61.92000029563904,58.01226350468227
64.17200018644333,59.423956649464614
58.48599880218506,57.51128974338436
49.212999355793,52.033519367989605
37.03799875497818,41.08842817949937
28.654999458789828,27.399308966096356
20.944999796152118,13.962137054620754
12.611000152826309,3.7133849445469522
1.9859999780356885,0.055587319240164024
0.0,-0.2880131488758341
0.0,-0.35498398430694567
0.0,-0.37077034267131115
0.0,-0.28724866939291316
0.0,0.04467928960048506
0.0,-0.16837158638624017
0.0,-0.2564731617609135
0.0,-0.25572931783882036
0.0,-0.1345892306620159
0.0,0.23187648766881797
2.837000001072884,1.7270191750863817
12.978999746441842,11.402589574448827
27.33699999332428,25.8779235797262
41.66699941158295,40.75349359463633
52.94000053405762,51.804189935462425
59.96399889469147,57.45799535604639
63.02300187110901,59.52688808974973
62.45700001239777,58.774989036318246
58.8689996099472,55.47980436074234
51.09299953460693,47.28071911752368
38.76600059747696,33.878458523888305
23.679000086784363,18.35968710428223
10.026000420451163,5.428606197194244
1.5360000117123127,0.23942774346021833
0.0,-0.23259854279225178
0.0,-0.32514130776791883
0.0,-0.3496342601638699
0.0,-0.2594224936231823
0.0,-0.013375185977546833
0.0,-0.19365744580574784
0.0,-0.26838655152321633
0.0,-0.24523834944322354
0.0,-0.050028631304275595
0.0,0.5231955402768333
2.658000095486641,2.357248500553613
12.457000216841696,13.4969583485334
26.14599992156029,28.90321365837316
40.32100014448166,44.04449826769369
51.96100160121918,53.95842430086137
58.682001521587374,58.40738523213944
60.80099824666977,59.43350882023134
60.470998237133024,56.94507979798486
53.683999958038335,50.225347411021296
29.74699993848801,37.2297083313972
21.233000103235245,22.76800919839755
19.328999214172363,10.715541597287968
10.56199985086918,2.6112730224266723
1.2190000017732383,-0.07713473490304901
0.0,-0.3321147720232344
0.0,-0.3815933449731522
0.0,-0.3940574526069017
0.0,-0.3160225561518309
0.0,0.054416774868394135
0.0,-0.11622101529447315
0.0,-0.21204820501243826
0.0,-0.18954183702613303
0.0,0.01677146384849415
0.0,0.5363516218530229
1.99399995803833,1.8596685668946789
12.985999696850778,9.514094786266208
24.811999982595445,21.77302858967431
31.9259994661808,34.25779394749187
38.039998111724856,43.998302803121454
42.35299865961075,50.313624566168436
49.88699927568436,53.44461909711013
51.908000802993776,52.105495722768275
52.33100074052811,46.20433665718735
38.34000185489655,33.79691277658747
20.6989991915226,19.467163292251435
9.043999601602554,8.747240045623624
2.180000070780516,2.419531882700972
0.1140000038780272,-0.04612722074021203
0.0,-0.30060333930896793
0.0,-0.3664066093572377
0.0,-0.3876972448449276
0.0,-0.2574832418416954
0.0,0.02132552744929117
0.0,-0.17653258444507436
0.0,-0.28603239868872204
0.0,-0.30582447401058777
0.0,-0.234007704202239
0.0,-0.02895322183861071
0.5319999860040844,0.7159566583485137
7.471999808251858,5.8756431848870045
15.790999777913092,15.833280319626043
25.423000348806383,27.431087841034184
40.42799997329712,38.933896983718256
51.01300127506256,47.3383352467358
41.06799837350845,52.20563615216909
46.844999113082885,52.7061306369868
56.29899903774262,49.157087834670925
46.81499873876572,41.16702760661732
38.86199933052063,29.62241368637273
24.65899930596352,17.06975978779966
10.578999583721162,6.031882664363283
1.4770000629127027,0.7086339532224653
0.0,-0.058054302902901644
0.0,-0.2936377665857235
0.0,-0.3529891319559807
0.0,-0.1982994064805137
0.0,0.05042212166250959
0.0,-0.17816870717053346
0.0,-0.26800113489729743
0.0,-0.2673937188635232
0.0,-0.15009069242546802
0.0,0.22091645023239392
2.607999899536371,1.7124058842557064
12.673999706506727,11.307288388860082
27.05200054526329,25.548371858806348
42.01900161266327,40.57409002540195
53.75699826717377,51.84375252495244
61.74500153541565,57.56915470480282
65.46400042295456,59.677249406154026
65.40699847936631,59.0051913316934
61.08699798107148,55.835607474249535
53.058999691009525,47.97891612591739
40.569999554157256,34.9752737508622
25.12800009131432,19.300515022848856
10.633999927639962,5.7195861722024635
1.6829999972879888,0.23720606329193927
0.0,-0.24440881873492026
0.0,-0.3335620985078471
0.0,-0.3562685985285348
0.0,-0.26215533969950117
0.0,0.07285079412690099
0.0,-0.17131825020207947
0.0,-0.2646054459134534
0.0,-0.2618046747113203
0.0,-0.13242523793396094
0.0,0.2760391719827997
2.678999946713448,1.867741091631296
12.86099984884262,12.04938764614149
27.10599957585335,26.71925320644457
41.94000158548355,41.808252251079494
53.144999668598174,52.68918243112373
60.007000937461854,57.99947118030899
63.38100168228149,59.908127941825946
63.43700128555298,59.13895284192373
59.65699930906296,55.895791271746646
51.83400015354157,48.0710842825978
39.7980003285408,35.03986546106473
25.02499935388565,19.165732778073938
10.643999710083008,5.550358825961102
1.7559999752789737,0.18889478654800773
0.0,-0.2602236637621794
0.0,-0.3379400349932928
0.0,-0.35838031288194216
0.0,-0.262331769579324
0.0,0.03852867780394342
0.0,-0.18572983714824304
0.0,-0.27465943863698017
0.0,-0.27410362679972383
0.0,-0.15759082797618484
0.0,0.20799864171425075
2.579000068306923,1.6708412144545033
12.44399957537651,11.042871907375424
26.45899917125702,25.03957838114934
41.3030019903183,40.176117075733345
52.68699997901917,51.6746667573798
60.47499938249588,57.529198186144036
64.54199932575226,59.641897351603326
64.5410010933876,58.96432823118257
60.55800055503845,55.700706642200664
52.40700196266175,47.550277064001826
40.24699949502945,34.23697455042579
25.013000025749207,18.620226778772476
10.607999671697616,5.511717606976498
1.7660000144690275,0.2165387271079141
0.0,-0.2532742179229592
0.0,-0.34092668390629843
0.0,-0.3640471363582254
0.0,-0.27264096776448576
0.0,-0.05130299721163678
0.0,-0.21899987910223584
0.0,-0.29461239885972607
0.0,-0.29647081652022816
0.0,-0.20109412511827374
0.0,0.09488206322364334
1.7710000340640546,1.345072727028782
8.918000494241715,9.502495406290679
24.115999925136567,22.7353606444103
37.08300137042999,37.495737288670156
50.872998158931736,49.69469215050858
58.91200165271759,56.40289486905145
62.910998556613926,58.93066184824367
61.92200086832047,58.45173655939558
57.32799996376038,55.19341747859449
50.40400148153305,46.46506871073778
38.92299831151962,32.730424478212804
24.28499902129173,17.67772341916296
10.41399957895279,5.394214809721285
1.749000024870038,0.28881188112884837
0.0,-0.2302639388780643
0.0,-0.34163704428275454
0.0,-0.3709345315849272
0.0,-0.2857318335437614
0.0,-0.06897500359643138
0.0,-0.2275151919776549
0.0,-0.29324029555311115
0.0,-0.28816414719047334
0.0,-0.17769094423828397
0.0,0.1895711618011554
2.159999992400408,1.7507860667730082
11.852999801039696,11.850413028310795
25.84299942731857,26.998886604013208
40.53099865674972,41.83943124695535
52.43599999666214,52.71085464353939
59.917998046875,58.19129537888431
61.92099852800369,60.05017641062002
60.277998430728914,59.450210125002265
56.17399816274643,56.442289842448496
48.78299946784973,47.88959156577544
37.49900135755539,34.031755813356384
20.877000864744183,18.25135683769851
8.547000041604042,5.352016081066549
2.1909998828172683,0.21389172138492507
0.0,-0.2568812525723071
0.0,-0.34280151019559263
0.0,-0.36641744368811924
0.0,-0.2864202963115058
0.0,0.5559823010170233
0.0,0.3022014068508727
0.0,0.10780599272427027
0.0,0.06588398821557861
0.0,0.24744193928649927
0.0,0.5970343881607323
0.6349999852851034,1.3154855105006564
11.27300009548664,6.530047224106715
22.86200029969216,16.138997903522537
30.98200028538704,25.233026706673
44.69000029563904,30.747064318337934
33.42800026893616,32.392628298480076
33.97799960017204,33.32159319686124
40.56700074911117,32.329654803920924
29.652999724149705,28.428761390858476
28.99299970507622,22.94074845414542
25.28100076794624,14.813441771003754
14.513000469207764,7.146240360127372
2.2459999699890614,2.2776923686834776
0.0879999966593459,0.3162044501011656
0.0,0.024932147087457168
0.0,-0.1218665397353646
0.0,-0.15963363670388497
0.0,0.13431172707318462
0.0,0.5237724003500579
0.0,0.29471155120208503
0.0,0.04814895114009887
0.0,-0.06142219313987396
0.0,0.00418964972461211
0.0,0.1370704086672474
0.1289999984763562,0.35828360272334536
3.651999985724688,2.606676024092164
14.6160001796484,7.410708395529673
19.33900002360344,12.469597016631933
25.18600026726723,15.879888630154932
17.777000526189806,16.633517948551024
19.765000820159912,17.963438012810478
19.845999366045,19.49381077111608
26.59699966073036,18.59591175120827
26.27700046062469,16.384215471477013
21.28099946975708,10.837837980325771
8.047000136077404,5.879021319813386
3.06500007301569,2.6589767096912227
0.922999971434474,0.8058631886615386
0.0,0.39150718618469027
0.0,0.09725886616136292
0.0,-0.05187626491631975
0.0,0.30245771090918494
0.0,-0.017867100787326118
0.0,-0.2159654970430248
0.0,-0.2987325144770102
0.0,-0.30482266359512455
0.0,-0.21699047773843094
0.0,0.06608341517065441
0.8640000226348639,1.2666642505729335
9.484000298976898,9.351777463586156
24.719000054597856,22.488330868963835
39.17700120687485,37.55693705750937
51.1920011806488,49.93393459156793
58.9170010304451,56.43102253507946
63.35600068569183,58.762423727772884
62.62600116252899,57.826727749571546
58.527998504638674,53.84286505928183
49.86300061941147,45.21049984175044
41.764998717308046,32.73764348268395
25.197999595403672,18.531119773450264
10.270000452399254,5.714704771356418
1.4699999841302631,0.3474517718066401
0.0,-0.22074291279987213
0.0,-0.34259267465381155
0.0,-0.3698146478116635
0.0,-0.2742240678214144
0.0,0.28977916318939656
0.0,0.09709656901893304
0.0,-0.017247044778568532
0.0,-0.0002184268084294283
0.0,0.20893764632488676
0.0,0.6665427818424206
1.7679999452829362,1.7536351848151974
10.785000031590462,8.60529981630046
22.654000306129458,20.70459059872953
34.3659997856617,32.169635467607925
46.67599796295166,39.28283552465816
20.511999049186706,41.988115257634874
14.417999968528749,42.856688311145696
18.83399919986725,41.22472907689653
43.85399917602539,36.08663012495952
48.652000982761386,26.50182097673362
19.578000677824026,15.876531732663098
20.46000059127808,7.119199302574922
4.289000094383956,2.0894113838855946
0.1510000076703727,0.09630809098116888
0.0,-0.1495001167611466
0.0,-0.22432725378920315
0.0,-0.24747549528252366
0.0,-0.06721720595569008
0.0,0.08952289738774133
0.0,-0.0821967182884793
0.0,-0.19351844433623544
0.0,-0.1921525530654986
0.0,-0.030958537055189583
0.0,0.3468168653839383
0.2699999990500509,1.2452918808742603
4.758999882340431,6.7587943595444955
12.801000127196312,16.585151375333915
17.8219990336895,28.309293776237055
35.41000089883804,38.45056027960133
42.04799964666367,44.71167756064077
45.97300000905991,47.15939234707719
53.4490004491806,43.60919259283172
38.36600108385086,34.52409058204399
39.62499803304672,22.630456613915577
16.64600017607212,12.758101534382122
2.697999995499849,6.047906257942697
0.2110000021103769,1.7996163609044338
0.0,-0.007209835976485057
0.0,-0.2631625444984641
0.0,-0.3537984363365723
0.0,-0.3822493443762532
0.0,-0.22624572889618283
0.0,-0.029303639961862027
0.0,-0.21591175711825694
0.0,-0.3199777671102764
0.0,-0.3399038900677452
0.0,-0.2887036293575417
0.0,-0.14087004868523517
0.0950000032316893,0.4204675551677255
3.3510000641644,4.267440783179664
6.7580002450943,12.258859722026216
14.685999683737757,22.52578361730633
34.524001893997195,34.152618010501655
46.19800076246262,44.128268003598954
56.6230014371872,50.847014862900465
56.14799893379212,53.49323816561009
62.389999313354494,51.775053897004234
53.7300008058548,44.54563466274842
41.95000034093857,31.799844265530048
25.3919996881485,18.29170241073266
10.99300002515316,6.978188932202784
1.9899999680370093,0.9497569061674764
0.0,0.013998201580068592
0.0,-0.2809593058623431
0.0,-0.3632049042789428
0.0,-0.2208747237888501
0.0,0.026474583083588188
0.0,-0.19234002662627592
0.0,-0.292247242071194
0.0,-0.3029301794231385
0.0,-0.2217281337909085
0.0,0.02167353268941863
1.359999938160181,0.9694165020160379
14.23699949026108,7.394767877124382
22.606000939607625,18.93524559291349
29.557000991106037,32.351465945818575
50.927999529838566,44.534356547561394
54.494001848697664,52.38711960023048
54.56499958515168,56.31480451087995
55.433999884128575,56.75012241947495
40.10299934148789,54.089923469574956
52.74700072765351,46.77568870544683
38.98499963283539,34.193384786683005
25.388000596761703,19.370732129607262
11.091999617218972,6.4328401352426425
1.772999964877963,0.49812897780117726
0.0,-0.1633953312602383
0.0,-0.3252260328526169
0.0,-0.36556950901866453
0.0,-0.24103078347163193
0.0,-0.017211744327381595
0.0,-0.19809621917621123
0.0,-0.27291430672672506
0.0,-0.26070024794453095
0.0,-0.12135114494463839
0.0,0.2958422926462869
1.8150000524520875,1.8262994872810387
11.439000386595726,11.46483968880589
24.263999170064928,26.27647613712943
38.74399840593338,41.63500616637443
50.451000561714174,52.41931435764908
58.02000092983246,57.66827815323815
61.55599876642227,59.402910011073125
61.82099864959717,58.20567661842208
56.69100036859513,53.89018472005312
52.364998152256014,43.343589176937805
39.14700083255768,28.477263643807028
20.46899906039238,14.216548651041855
6.9870000898838045,4.024036411912192
1.0890000057965517,0.0573479917738664
0.0,-0.29079259327724466
0.0,-0.35411966410513374
0.0,-0.3730731059265169
0.0,-0.2925208599028891
0.0,-0.06798248677865004
0.0,-0.2368598043110436
0.0,-0.31273042843068166
0.0,-0.31624669990698934
0.0,-0.23568668307021845
0.0,0.020793080709336387
1.5760000400990248,1.1021693554299252
11.310000420212743,8.258660775655496
24.485000832080843,20.68524500991606
35.31999977588654,35.407780281259676
48.06799807786942,48.23256752980142
57.620999648571015,55.492940603567945
61.37899943351746,58.3895665735765
62.30800048112869,58.0723886876873
58.589001593589785,54.84483953094446
51.369998745918274,46.19296818215228
39.47799907445908,32.691642229383156
24.02099942445755,18.030705206585438
9.872000484466552,5.711181636739642
1.3529999877512455,0.34393713701080375
0.0,-0.22285988516741412
0.0,-0.34743614359008657
0.0,-0.37903203428537985
0.0,-0.288243168134061
0.0,-0.030282549664217506
0.0,-0.20745223350065645
0.0,-0.288849634108711
0.0,-0.28719270466227154
0.0,-0.1745163015274055
0.0,0.15686059929598906
1.3160000481456515,1.4352168487139019
9.684000055789948,9.784464853314528
22.5680003285408,23.373727277150856
36.47000043153763,38.4564888511916
47.50900027751923,50.36618096177394
55.31799953222275,56.590762148806576
58.26699976682663,58.77532307704028
56.93799920558929,57.919234678915025
51.45999986886978,53.95205955224149
42.0420020365715,44.19245299536883
24.251999841928484,29.64295472166733
14.236000230908394,15.302165153298953
6.752000067532062,4.545834110525903
0.0259999991953372,0.16740175055968476
0.0,-0.2630728352352196
0.0,-0.3557708991774595
0.0,-0.381586504968084
0.0,-0.2891160850068002
0.0,0.3086799981663072
0.0,0.13924359397866004
0.0,-0.04675157159983567
0.0,-0.11869371867436385
0.0,-0.03399075302429755
0.0,0.15047227412196174
0.2690000015497207,0.4953956839904743
5.4909999781847,3.058149949667381
10.05000010371208,8.334473743133996
7.669000246524811,14.462459260250055
12.51500039279461,19.275367195535672
19.49300098657608,21.294904476836678
22.95899931907654,22.829027330341873
36.12499818086624,22.383814687621367
22.85199949026108,18.517376760185606
16.761999500989916,13.837920786643497
10.8879997420311,8.490310349288155
6.679999990761281,4.513202823368419
0.8420000134408474,1.8722862840985237
0.0,0.381079762201043
0.0,0.0675559389288386
0.0,-0.11752295019170705
0.0,-0.20835955097200964
0.0,0.08024843630537926
0.0,0.39350888024426367
0.0,0.25143178373304953
0.0,0.03067331887887048
0.0,-0.08963898739653953
0.0,-0.06175505225657524
0.0,0.019351131073064964
0.0449999998416751,0.12823789399983965
0.4149999896250665,1.5616894892949427
1.0079999836161733,4.763538324833011
5.988000051677227,8.233688263262845
11.402000061869622,10.631237907075047
6.872999797165394,10.973656299152163
6.77599975079298,11.823855062315038
9.04799971997738,13.682112021550514
8.449999995231629,13.566840969252537
13.53499976873398,11.773740314529157
9.684000055789948,7.810742060940198
6.094999880492687,4.458012611785422
2.496999952346086,2.350670422222098
0.1270000034756958,0.9879294487326442
0.0,0.6217892108694509
0.0,0.3231416464553679
0.0,0.08748099570515921
0.0,0.3327459131314061
0.0,-0.045536765225268394
0.0,-0.21967930468404528
0.0,-0.3045855864784274
0.0,-0.31476034681228504
0.0,-0.23291044827627055
0.0,0.014164426573066047
0.3889999904297292,0.9793395752041656
6.04900005966425,7.430794139121204
16.521999587416648,18.78984968131028
32.10200056672096,32.82100102167286
48.23400042295456,45.735354224941425
48.76400018930436,53.40629374167023
56.79700196504593,56.39843427195029
62.26100140094757,55.23340870491674
43.581001110076905,50.083267626338376
34.72299931049347,40.15728760975952
28.94400005221367,27.85201203710762
24.01000038266182,15.406437839667278
10.717000073194503,4.892494292550806
1.551999971717596,0.37480528624763454
0.0,-0.1948750496884733
0.0,-0.3425303494291311
0.0,-0.3777512803966365
0.0,-0.2752118562738811
0.0,-0.026335760162891964
0.0,-0.1815351876979236
0.0,-0.24144277423514676
0.0,-0.18250947217096847
0.0,0.09076706716987548
0.0,0.8536182865809974
1.932000048831105,2.8658801219396883
10.26300050199032,13.674086649930535
24.471999163627626,28.414021803912853
38.76800117015839,43.55252115743692
50.50499959230423,53.30685664074597
58.95900073289872,57.59113684325475
62.615998299121856,58.252251153254
62.17399908304215,54.100144578562755
58.10800148010254,43.95402789786292
39.82600013017655,27.525197948957043
12.17800043284893,14.576963077492087
0.1780000043660402,6.198499915802476
0.0760000025853514,1.3588051202697469
0.0,-0.21558889806586523
0.0,-0.37243678454669993
0.0,-0.40266640933142217
0.0,-0.4093808124863847
0.0,-0.33584453882031035
0.0,0.3275031195251853
0.0,0.1885309869548012
0.0,0.02430988583353222
0.0,-0.04027937647497659
0.0,0.05372162414943682
0.0,0.250910636611281
0.6790000036731363,0.6142055461422427
11.449000169038772,3.507035799051688
21.162000312805176,9.547227012798555
24.300999494791032,15.853688736520576
31.18400061488152,20.08200524512484
16.98899980008602,21.11192410539438
15.230000377893449,21.7607405999546
24.17099924206734,21.791214381542446
18.648999630212785,19.054542960197352
14.144999848604202,14.704235367057194
15.25500034749508,9.270826630625896
5.020000160634518,4.756469836433724
1.5920000001043082,1.8955595518283674
0.0,0.45282323946850334
0.0,0.15100233591672962
0.0,-0.04111933620983743
0.0,-0.12874345103110618
0.0,0.14506320910868842
0.0,0.021129562704919502
0.0,-0.15875629581228845
0.0,-0.2736173160026727
0.0,-0.30077136422618717
0.0,-0.2466943248065857
0.0,-0.09348963618384143
0.9500000002235176,0.4339773967790941
5.556000104546548,4.063169641584933
9.771999579071998,11.65517239083505
18.332999521493917,20.78057032598698
11.78300029695034,30.66602564927902
39.55499852895737,38.98646962873487
62.01000141859055,45.08875526525564
53.10900168418885,47.25925886667425
41.41500119686127,44.463060898916396
44.476998870372775,37.20308610198372
37.3740004825592,26.91184394536561
23.7590004003048,15.795829812885755
10.53200050354004,6.217803895387371
1.1290000341832638,1.068155671724998
0.0,0.12729375929346487
0.0,-0.2134842102125799
0.0,-0.31135098418643
0.0,-0.1284746637442592
0.0,-0.013109268580182909
0.0,-0.1965929974242943
0.0,-0.2755732558728
0.0,-0.2755357743320333
0.0,-0.17607979822723707
0.0,0.1340396040157098
1.23800005055964,1.4271310998241202
10.209000444412233,9.755937167176208
22.85600063562393,23.307554137850218
33.52200048327446,38.246504125029716
45.66199927806854,50.0659789923732
56.74799820423127,56.3335312561836
58.68700089931488,58.74248203601841
62.95200002670288,58.14992023161543
59.50899801015854,54.814423178839654
52.05200095653534,46.255145346607605
40.42500116825104,32.83191167119819
24.62499984025955,17.77394841485841
10.32899988770485,5.43246085050582
1.506000022515655,0.26945737700316474
0.0,-0.2274118380868686
0.0,-0.3278450458008566
0.0,-0.35455754430217246
0.0,-0.26334607540718824
0.0,0.19333779551728625
0.0,-0.02348795007040283
0.0,-0.1339573405671468
0.0,-0.1494313623388943
0.0,-0.029393179621142407
0.0,0.2999783424312038
1.108999955803156,1.4431582767020368
10.205000326037409,8.750229460839229
23.266000958681108,20.745528143757056
37.281000554561615,33.83314014136508
47.876998844146726,44.1936084678619
54.11699865102768,49.36042073318776
62.77500069379807,50.89027201310768
31.50199924230576,48.24468137148129
41.350001070499424,42.37440556900182
38.53600046634674,33.78944488881315
33.043000942468645,23.42823075076693
22.273000071048735,12.295339045263908
12.415999773740769,3.7572938199475754
0.2969999957457185,0.3578350937345087
0.0,-0.09366851654969144
0.0,-0.22535107754947525
0.0,-0.250529667236068
0.0,-0.10404123722863895
0.0,0.4878504015708869
0.0,0.3785608940350621
0.0,0.14737291950935338
0.0,-0.0009357081832400693
0.0,0.01209684669743194
0.0,0.07713771305831085
0.0,0.14178709203680062
0.3690000083297491,1.4719574018081785
3.511999950557948,4.461675739132578
4.744000208675861,7.585034790067967
4.398000239133835,9.368714572439904
8.641999515295028,8.870517458557995
6.896999993920327,8.9573813781069
5.2120001941919325,10.068289523202784
6.9820001986622815,9.920475799525738
7.464999857842923,8.749934021873035
8.663000393509865,5.830619939863379
3.610000026524067,3.3349771468587432
1.9700000180304047,1.8252034191731301
0.0749999970616772,0.8790822934182916
0.0,0.6590841206314109
0.0,0.44184014247506653
0.0,0.21289339415966868
0.0,0.43478001141599243
0.0,0.5130253934677782
0.0,0.38038298681892013
0.0,0.13235746338549026
0.0,-0.029346179788727667
0.0,-0.02895584225224679
0.0,0.022454064903963178
0.0,0.0743501094474639
0.1520000051707029,1.234786936810432
1.3550000469386578,3.7654781941435633
2.187000021189452,6.564879434179487
2.1819998732209207,8.36035393870429
2.763000121861696,8.05941582721603
3.22200009778142,8.243473758183834
2.0409999368339777,9.353937252922643
1.71900003567338,9.183673481921025
1.9870000076293943,8.167978012239786
1.4339999457448722,5.4399215063276625
0.9359999710321426,3.1745110299320487
0.1199999969033524,1.8309506158532214
0.0,0.9120547048364813
0.0,0.6894075665512416
0.0,0.4748193859515295
0.0,0.2284412932901715
0.0,0.414890490372647
0.0,0.2867248194963967
0.0,0.056038825649653234
0.0,-0.12277207891146297
0.0,-0.1861383558437688
0.0,-0.14343771360290347
0.0,-0.03141765745322378
0.0,0.2670603502208222
1.5209999529272318,2.619924541424479
12.627999885678292,7.591417240136298
17.68500088453293,13.393832721805781
13.458000314235688,19.321631123590223
42.40500122547149,23.437465038187845
40.56599840879441,27.58137887530902
27.83400058031082,31.191526076611147
12.136999989748002,30.60793873582289
23.30800066113472,27.454771116862418
28.28299974679947,20.362973456706243
25.09599914431572,12.004726439411874
10.41399957895279,5.469946389232993
1.4500000341236592,1.5513404232322259
0.0,0.5723343371292327
0.0,0.07382381534277016
0.0,-0.11024784241213526
0.0,0.17464894533795206
0.0,0.06409924011415369
0.0,-0.10126973094353692
0.0,-0.22281580420966163
0.0,-0.24687634392961744
0.0,-0.16202863620610075
0.0,0.04514239362658112
0.0449999998416751,0.6078428621132597
4.13399987205863,4.268284095123155
11.984999599456788,11.8450234553464
14.869999994039537,20.884386701085596
19.868999789953232,29.457371337223
24.278999357223512,36.11913164998635
31.056999167203905,41.399152471767515
40.18100113630295,43.34808599494884
39.38099800109863,40.1013398444716
39.414001288414,30.97665620656401
29.315999764204022,19.19142297938796
14.494000163674356,9.744112475537733
7.909000160098076,3.5119332698519177
2.02200001642108,0.4285976115385015
0.0,-0.061482573384515904
0.0,-0.25034313621042187
0.0,-0.3210054867407931
0.0,-0.14229496202996295
0.0,-0.020198144277430496
0.0,-0.2143648554077866
0.0,-0.31032773981060124
0.0,-0.32209139692843713
0.0,-0.25122658141065324
0.0,-0.03693081598810544
0.8100000292435289,0.7842713479327725
9.88500009894371,6.173737521831935
22.96200017809868,16.162225341855375
31.96500036358833,28.71701979995963
41.676998167037965,41.537320420626145
53.16500128746033,50.60230174433608
61.78399832487106,55.40159749614319
63.73099920272827,56.1686428320676
60.209999499320986,53.495687365821084
52.626000998020174,45.7739378470057
40.53999917984009,32.936172346847485
23.769999442100527,18.608316876496197
9.76400036931038,6.340430654609971
1.3280000181496143,0.5456975887847035
0.0,-0.1493296182549277
0.0,-0.32951668507053966
0.0,-0.3758018161107249
0.0,-0.25270234082762294
0.0,0.4998491746171001
0.0,0.3739891088947934
0.0,0.21314904798889378
0.0,0.13739460037200657
0.0,0.23605462041871483
0.0,0.44323845387055516
0.3720000008307397,0.7958173496150336
7.871000062525272,3.8894045421003183
17.003999987244608,10.088599575321632
33.39599932193756,16.528253876924218
25.781000159978863,19.931110247480888
7.136000134646893,18.842407176824864
22.805000410079955,17.406622747508408
15.046000067591669,15.872872467365143
4.067999972850084,13.007470504221425
7.141000025868416,9.812329799439786
2.91900011703372,6.23657628015491
0.1329999965010211,3.154684234213202
0.0700000015366822,1.2266731171409764
0.0,0.33078188885473747
0.0,0.16166005012475437
0.0,0.028701185836679022
0.0,-0.026073153276580108
0.0,0.2461684834189184
0.0,0.20469881956772684
0.0,0.0827032400856389
0.0,-0.08940337847207924
0.0,-0.1710753908162017
0.0,-0.14150961797848272
0.0,-0.05717236991802671
0.0,0.0855326199339651
0.0,1.5339124964885644
0.6750000136718154,4.951583713454943
1.0590000165998936,8.706336499512961
2.858000109046697,11.717846978706183
6.480000233948231,12.92568273244977
9.774000151753423,14.641658237960227
24.14999939084053,18.099351256422743
24.751999233961104,18.995170367372182
30.453999037742616,15.776774215000119
20.72400018811226,10.100421330846272
14.901999914050103,5.542238557360062
8.045000076889991,2.8436878537499313
0.4190000117197633,1.1054161249849277
0.0,0.5972989560533515
0.0,0.2617225714154632
0.0,0.020344925300130767
0.0,0.23009208374632284
0.0,-0.09522475595726199
0.0,-0.2506475330878698
0.0,-0.3264966146396345
0.0,-0.3347138122932588
0.0,-0.2760449574459449
0.0,-0.08908723850491801
0.0,0.7197951445979667
1.9540000580251216,6.27170233675143
9.197000278234482,17.433674128688764
32.37300011396408,31.076182100626497
36.500999038219454,43.913257897792185
45.07599990844727,52.23835067603803
57.23200123071671,56.122885747293225
62.76300136566162,56.39552537667673
55.44300040721893,53.31973868133722
48.10600074291229,44.70300323072976
30.51500007271767,31.73174870866894
15.581000238656998,18.072428052547203
9.795000002980233,6.302698093370819
1.2060000021755697,0.587788877481334
0.0,-0.14075318493595163
0.0,-0.3266789073837373
0.0,-0.37398310316596595
0.0,-0.27094611188895934
0.0,-0.056229903146997606
0.0,-0.21933202211681396
0.0,-0.3155515668100873
0.0,-0.3307426025602182
0.0,-0.25892570661820297
0.0,-0.06090778168084643
0.1270000034756958,0.5686359859039374
5.37300008058548,4.698922921824902
10.226000177264211,12.985264923143667
17.117999766469,23.82638170321016
19.07199956774712,35.30796413421676
47.93699959278107,44.584134332315024
65.9930019569397,50.21911535473563
61.30499878406525,51.14687753819923
49.2660001540184,47.10835407136184
37.8380018901825,36.755676503590756
27.637999914884567,23.6608373243942
17.77600023984909,12.640037256559525
7.794999867379666,4.410021063678184
0.505999986808747,0.45298993648908314
0.0,-0.13978473714132444
0.0,-0.32882191629367974
0.0,-0.3858056231994515
0.0,-0.26032847997219344
0.0,-0.10237161457246874
0.0,-0.25156654294102326
0.0,-0.31964011315718877
0.0,-0.3227760975591713
0.0,-0.24960037676939767
0.0,-0.011059367021881483
0.2059999985620379,1.046920184788389
6.8859999251365664,8.122862042372676
17.747000151872637,20.822057480403622
28.382999625205997,35.688737781898844
49.76199840068817,48.44577562147585
58.41500106573105,55.627503844766714
60.70600185394287,58.413319101763705
63.69700179100037,58.07367492595737
54.14199964761734,54.79615251345943
52.84900117874145,45.8622921766761
40.62799973011017,32.30213895671007
23.85400090098381,17.836730598732125
10.072999500632289,5.744910693038689
1.2150000117719173,0.37493310940870983
0.0,-0.21380651389974714
0.0,-0.3445199107273024
0.0,-0.3779762143347649
0.0,-0.2912561456378784
0.0,-0.028210605541923783
0.0,-0.21075374623683463
0.0,-0.28613623224686385
0.0,-0.2856731032428111
0.0,-0.1898466865895332
0.0,0.11674035067562916
0.6400000048801303,1.4339451818201434
8.878000337481499,10.012465652721488
22.2129993224144,23.809064636799768
37.30900035619736,39.00787767771677
50.432999515533446,50.895705252630194
58.86100142717362,57.032602639498776
63.29399936437607,59.29785539075184
63.91699905872345,58.780102392902656
60.72300055980683,55.689906003914
52.63100037574768,47.41895627945096
40.962000885009765,33.96524577862899
24.00300043225289,18.492537445499096
9.445000428557396,5.633794990513746
1.183999992981553,0.26416711014631233
0.0,-0.23808698081112556
0.0,-0.3346906508595072
0.0,-0.36054433607593234
0.0,-0.2752516840934432
0.0,0.007414994885203807
0.0,-0.20218512652015286
0.0,-0.2847192765941831
0.0,-0.2866889166907246
0.0,-0.19443299212657494
0.0,0.10375561797352029
0.6219999856874346,1.3881692764679636
8.857000486254693,9.800196900887519
22.59999922156334,23.296896274304913
38.57800016880036,38.520782816164264
51.906998462677,50.5904057508724
59.05000008821487,56.87300554897356
63.76599895477296,59.24779342543936
65.91500016212464,58.80118534024506
62.027998356819154,55.82238214876543
54.09700114011765,48.09298543059875
41.91399824857712,35.19777864022831
23.919999259710316,19.671935580610516
9.31999955356121,6.100186716396729
1.0539999970048666,0.30954988232624614
0.0,-0.22876935936818438
0.0,-0.33210838922894803
0.0,-0.35845353868271557
0.0,-0.2667821585567427
0.0,-0.07928891156391915
0.0,-0.23658359149584723
0.0,-0.30171184683763397
0.0,-0.30031679013840806
0.0,-0.2179163437716768
0.0,0.05500624898853157
0.7530000112578273,1.301408298061042
8.085000233650208,9.521498125831723
22.52600062608719,23.434803082750534
38.38099921703338,38.913601952299004
51.22299978733063,51.014302486661535
58.96400011062622,57.21615359027958
63.365999441146855,59.50093642964678
62.78099830389023,59.02243069000918
58.95799839258194,56.008172544200725
51.53999812841416,47.55194877463991
39.70999977827072,34.03319266225606
22.48300063729286,18.744149042397964
8.781000291109086,5.838244926252336
0.8230000288411975,0.2902446321075308
0.0,-0.2361052695623428
0.0,-0.3371899155039043
0.0,-0.3640463484630977
0.0,-0.2867688807984131
0.0,-0.011954020620204453
0.0,-0.19019474851971296
0.0,-0.267245086283851
0.0,-0.25548870747867125
0.0,-0.12040849034865359
0.0,0.2860599800157134
0.5210000135004521,1.7390525596366877
8.950999673604965,10.666627445820557
23.16300022125244,24.705002244292963
38.96199920892715,39.80498957522517
51.88099923372269,50.93356695538011
56.97200072526932,56.58543579600363
57.56400181293488,58.587750379396006
61.09299969911576,57.38322302722995
59.208998374938965,52.90595321392524
52.16800130844116,42.1513017840609
40.22899844884873,27.535436781241863
16.000000057816507,13.741565136125958
5.796999790966511,3.9974985946874506
0.6519999748840928,0.0704104121398933
0.0,-0.2824633016895672
0.0,-0.34837109685926343
0.0,-0.36847866072565116
0.0,-0.2794029977858008
0.0,-0.03845988574540904
0.0,-0.19260551488648198
0.0,-0.2576714660847229
0.0,-0.22509514008168408
0.0,-0.0369123821666244
0.0,0.49164312492541895
0.1590000037197023,2.080930014611917
7.710999948978424,11.365591844787257
20.894999856948854,25.375035738651135
35.693001828193665,41.12072243511287
48.513000206947325,52.10798184473029
47.08100096225738,57.08900088000443
60.80499939203263,58.211465694499076
60.621998341083525,55.0230283783706
56.57200121164322,46.65541525155786
25.847000572681427,31.53431473150338
17.51499944806099,17.708080554897087
15.28799952685833,8.034215874958644
6.399999920427799,2.0238423581173817
0.1580000062193721,-0.13015335134168782
0.0,-0.3422904704084234
0.0,-0.38353426955813086
0.0,-0.3944904298512804
0.0,-0.322002055936688
0.0,0.2616335522677682
0.0,0.1534944200135856
0.0,-0.008186355778395993
0.0,-0.09301960773683426
0.0,-0.051680684018955425
0.0,0.05409098784562261
0.0570000019390136,0.2394525807232495
5.692000021338463,2.0430840155611265
9.972999622225762,6.112767453530794
16.414000499248505,10.743577480369423
15.3179999011755,14.209166984329899
23.48800085306168,15.04865533585573
25.303999137878417,15.665273039532137
19.2130009162426,16.622019573427266
9.63199954390526,15.129079618172716
9.41300050854683,11.813786301825655
19.44800042510033,7.64571646660672
9.13600027024746,4.274448902302305
3.5490000185370447,2.0805381087688986
0.1910000039637089,0.7625344357083701
0.0,0.4114189062831689
0.0,0.1567720387102538
0.0,-0.016781581469398565
0.0,0.17494245936829467
0.0,0.21521939001407453
0.0,0.09613800246015825
0.0,-0.04820543653373388
0.0,-0.1124763075353607
0.0,-0.045549109333177906
0.0,0.1134773363740943
0.1270000034756958,0.4542655596348846
8.38200003683567,3.0817498293953216
10.45300047636032,8.663276901171125
14.906000032424927,15.07148114075055
23.309999179840087,20.15844241428978
42.36399975538254,21.753172534677958
41.50899935722351,22.263603636262985
24.52000058412552,21.817070819145755
13.599999895095824,18.623357710904088
11.56400023460388,14.02508801090537
16.773999856114386,8.873031088648107
10.687999985218047,4.761334297231894
5.0000000822544095,2.0608022973202877
0.1739999983180314,0.5680294725875932
0.0,0.20456247722791487
0.0,-0.018536898281064973
0.0,-0.12775536703805862
0.0,0.1013888772591679
0.0,-0.005079700109369201
0.0,-0.20358961074752396
0.0,-0.31879675564316134
0.0,-0.3421955644617445
0.0,-0.28804359366475774
0.0,-0.1372911679647173
0.2139999946113676,0.3521699727596834
9.197000278234482,3.5710715678962632
5.730999891757965,10.245105376035367
7.123000006675721,19.53968738799108
20.903000093698505,30.517835933134442
41.294001467227936,40.47519609913826
55.65999886989594,48.06835022162557
62.66199914693833,51.128612971276816
58.73199940681457,49.063134298157614
51.15900200128556,41.07020678781427
40.71100090265274,27.80322314558805
21.14299898028374,15.420937813426672
6.759999790787697,5.879509293890142
0.5580000172927976,0.7659624430202205
0.0,-0.025335809865531744
0.0,-0.28930741674685556
0.0,-0.3707555017708658
0.0,-0.21945450320758325
0.0,-0.0873623315865435
0.0,-0.25083307058532445
0.0,-0.32838328134088896
0.0,-0.33337441998883927
0.0,-0.2608583265720733
0.0,-0.039964884776409915
0.0449999998416751,0.8493003812332871
4.4620000791549685,6.794952412488817
12.50400032401085,18.21226886752791
31.135999194383626,32.788720776828335
48.23899980068207,46.155343554218824
59.1789980006218,54.08214031046443
63.84200017690659,57.32540070222802
64.1650002360344,56.937321847657984
60.979998152256016,53.131408399131466
43.95000201702118,43.29487749733868
33.63700054883957,29.15500910273341
19.724999636411667,15.823331932960643
6.831000094711781,5.208295165230902
0.3649999862350523,0.3345654988530027
0.0,-0.22146240334026995
0.0,-0.3570672756985659
0.0,-0.39355792184989113
0.0,-0.300434103053722
0.0,0.1057896776196392
0.0,-0.07391237287733127
0.0,-0.21069721486634613
0.0,-0.24687482578952358
0.0,-0.1802716483641968
0.0,-0.012725408117657766
0.0449999998416751,0.4463395834807826
1.3049999793618918,3.483104482346148
6.811999789178372,9.751316929968118
15.481000360250473,17.48138263558237
19.362000447511672,25.461733432309273
32.299999750852585,31.8413835729607
35.12400116443634,37.35151050107141
36.56700150489807,39.94389349844217
34.88900165557862,37.27799088044588
32.381000350713734,29.649933007633962
26.56799957275391,19.379237285327854
12.142999653816224,10.356468674537707
3.3219999761879446,3.990439420143682
0.2249999992083758,0.6762783180550509
0.0,0.06764603130373992
0.0,-0.18655601273864852
0.0,-0.28084367746215416
0.0,-0.07910673160907455
0.0,-0.04692327496763171
0.0,-0.21912131576112626
0.0,-0.2954581433229184
0.0,-0.2967707731523842
0.0,-0.21127716036107302
0.0,0.06356907480410501
0.2600000080000609,1.206974395474982
7.477999985814095,8.625366000091821
18.390999697446823,21.457157274605756
30.02499943614006,36.23381737675095
48.45400179862976,48.538503620394074
59.38700004816055,55.35578123597695
62.477999863624575,58.099307854301834
62.43600016117096,57.70386687478587
59.54799890756608,54.38830628718629
49.57999969005585,45.63517070101823
33.205000088214874,32.25208450243478
20.053999359607698,17.54358434288396
7.222999885082245,5.536972775736492
0.4259999942220747,0.3046660992928373
0.0,-0.22417889142976888
0.0,-0.335342120243424
0.0,-0.3649196925129915
0.0,-0.26923942079640517
0.0,0.15180125373603404
0.0,-0.027463659744336844
0.0,-0.13372221540708418
0.0,-0.1513860642959457
0.0,-0.06169843148350895
0.0,0.1839075453658917
0.2529999934043735,1.0333015643343266
7.712000235319138,6.603615386568882
20.98300040721893,17.06465681131497
35.03499827384949,28.190301258877547
40.000998890399934,37.72897909664761
22.7760003221035,43.57611680557714
43.333998165130616,46.79980915548226
57.283001456260685,47.06467538350982
44.01100099802017,43.7939025342154
37.60100180864334,36.45725614153731
36.89799974679947,26.279751591513296
19.326000409126284,14.274308521983532
7.898999864161015,4.7617917685333815
0.634000019878149,0.6191501999254609
0.0,0.02070722611105702
0.0,-0.1725433133804819
0.0,-0.2202355562448156
0.0,-0.058536171017400385
0.0,-0.08409047454505525
0.0,-0.21817507399866565
0.0,-0.2860337778897881
0.0,-0.2858358989849103
0.0,-0.18429886918265304
0.0,0.10831283247815149
0.0190000006463378,1.2112987107941242
4.918000223040581,8.472519206884284
19.94500101208687,21.282669759063424
36.45600053071976,36.66074383364723
49.78499882459641,48.975898912149795
59.09199979066849,55.09835560651084
63.93099895954132,56.72773260566
64.00999898672104,53.86001585294937
40.22000203371048,46.12886891986256
36.093999574184416,33.51694875147138
30.55699977517128,20.951109813356766
13.53000039100647,10.626896291032846
3.6130001153051854,3.1018164933343684
0.2339999927580356,0.1176504599129401
0.0,-0.2549106172578607
0.0,-0.3519177249019446
0.0,-0.3757975312731181
0.0,-0.2954168789623008
0.0,-0.0651896508723625
0.0,-0.2192541837734821
0.0,-0.2900070105796385
0.0,-0.2910988909635693
0.0,-0.21081330294267187
0.0,0.045550803277992324
0.0510000008903443,1.1435163304618583
7.082000077068806,8.230662618740515
20.62600088238716,20.894216402529864
35.830002031326295,35.48053193318306
49.077001492977146,47.721851081102166
57.51899919748306,54.7023906435221
61.72299934387207,57.59757005649998
63.05400047779084,57.28484946128933
59.50799977779389,53.96907270785406
51.91599898576737,44.88822192270121
39.18400115728378,31.37893490252815
21.097000186443328,16.96224795389537
7.444999779462814,5.454355059318099
0.4529999909177423,0.3322102070052688
0.0,-0.2052738651552951
0.0,-0.3230932902669263
0.0,-0.3554891604223586
0.0,-0.2639108534421775
0.0,-0.043438839030580434
0.0,-0.18339711647934004
0.0,-0.25261993141140715
0.0,-0.24280676020357478
0.0,-0.12286616627775332
0.0,0.22137862429030164
0.0,1.4590653385598555
5.676999834179878,9.086064405815288
20.217999078035355,22.215489139644284
33.263000264167786,36.71076092144613
48.92800196170807,47.880618318325325
58.99699928998948,53.94995836255875
57.077998213768005,56.2178273510131
60.50499975681305,54.94885624922112
48.43400017976761,49.995204007428136
47.67699908733368,38.088859060671076
37.86699992418289,23.592612812902445
18.337000666856767,11.397813695806581
4.0329999640584,3.4574638049895086
0.068999996013008,0.09960657202734446
0.0,-0.2502210700397719
0.0,-0.32680507195600084
0.0,-0.35194755799444594
0.0,-0.2610688563909103
0.0,-0.06651529025386582
0.0,-0.22045717903465956
0.0,-0.2895915997957984
0.0,-0.2876559367002694
0.0,-0.18932985104264122
0.0,0.12151959894069841
0.1009999962570145,1.3713452480403743
6.36300010919571,9.344672907467368
19.615001002550127,22.68473702969539
32.80400028824806,37.812450416163905
39.88499853849411,49.81509275064352
53.92599941730499,56.09738031229218
59.16100106239319,58.296277053271005
58.46800186395645,57.21518531240368
58.53499845504761,52.808206130179876
29.879998996257783,42.414246755590014
19.091000900268558,28.582676578519994
18.21400036454201,14.915791957784245
4.649999994337559,4.468907926893869
0.8750000272318721,0.19011282935227714
0.0,-0.24990569804621887
0.0,-0.3425715045997614
0.0,-0.3670748818186863
0.0,-0.28212922289223524
0.0,0.15422135953206006
0.0,0.03566346261430642
0.0,-0.08474923968380754
0.0,-0.11040556152053538
0.0,0.009344823362056776
0.0,0.2781237312860322
0.0,0.8569703274679203
2.135000022798777,4.5573373037910585
13.527999818325045,11.881204184549192
24.14199915409088,20.32996699012255
25.806999388933185,27.186842079353596
40.19300046443939,30.530256043858756
34.73499863862991,31.757051101702366
37.83699954986572,29.12301494764523
21.40800091743469,22.691254785558236
7.299000080227852,15.245772388184108
3.208999969810248,9.075803610560255
1.566000000908971,4.553236430378393
0.1460000041220337,1.581914029391228
0.0,0.17184057108032202
0.0,-0.08954460555508087
0.0,-0.21855104609777665
0.0,-0.267687224522332
0.0,-0.05956198387601308
0.0,0.17840661609274622
0.0,0.10017291111702264
0.0,-0.03526797340304333
0.0,-0.09673203608013198
0.0,-0.04511780984194336
0.0,0.08804552378775665
0.0,0.3198149880704715
0.1140000038780272,2.246522650680526
1.7710000340640546,6.7040488659593915
6.677999931573868,11.57535414822192
11.027999777197838,15.015619562639678
12.46299988090992,15.921391300603654
4.939000074267388,16.745071359226934
27.718000228405,18.067418451685143
26.829000364542008,16.66096306169773
9.545999566316604,12.424857832033359
14.56399966776371,7.929207771908088
3.41599993377924,4.263769749281999
0.0,1.9052638849978436
0.0,0.5980880935830004
0.0,0.27951995901277127
0.0,0.08067870783273356
0.0,-0.05386584070027789
0.0,0.15214822333388123
0.0,-0.03032663335728314
0.0,-0.16397131147847266
0.0,-0.23374276482096457
0.0,-0.20890680224208058
0.0,-0.04060309502031301
0.0,0.40584337747409094
0.0129999995976686,1.697687793051439
5.307000181376934,9.250082037591978
16.051999542713165,21.806501289195452
31.30600063085556,36.16963054011398
48.77399894475937,47.20950129148379
55.771998076438905,53.03729301701106
52.33399954557419,54.786789608245
56.75600049495697,51.8120105510637
56.76399867773056,43.81885492223574
51.23800202846528,29.349616187174192
20.1800005209446,16.228354438965425
2.454999993145466,7.365444364920442
2.435999944359064,2.0378541458049377
0.0629999989760108,-0.07087619460901462
0.0,-0.30591706734821655
0.0,-0.36195355286741715
0.0,-0.37921976581012473
0.0,-0.28559070143508974
0.0,0.05961744874007635
0.0,-0.11026318673158941
0.0,-0.20755881398456683
0.0,-0.21067488434276305
0.0,-0.09954261743598863
0.0,0.19098586590386812
0.1510000076703727,1.1527611581432529
6.033000099658966,7.05271792887911
19.886000549793245,17.822115500647207
29.586999311447144,30.03953009399457
27.749999121427532,40.63482853115638
39.01799881219864,47.6986947135919
38.71399803161621,51.70972848321751
48.34800020217896,52.06078428086577
55.90000186443329,48.436755512483934
51.01500184774399,38.84808713787819
37.41300137996674,25.43715575491882
16.313000334501268,12.710431924314424
5.452000107765198,4.106671425134563
0.0629999989760108,0.2568527327479573
0.0,-0.16759055182321025
0.0,-0.2820677921470205
0.0,-0.3210039712573564
0.0,-0.19416535940237367
0.0,0.2086905265281619
0.0,0.03645668046715311
0.0,-0.09012132157222513
0.0,-0.116636898535948
0.0,-0.032290463913058676
0.0,0.1750118885971601
0.0380000012926757,0.7729762360963717
5.924000211656094,4.717148693515081
19.64100023150444,12.720581368306917
35.075001511573795,21.363221967236555
45.44399847507477,28.748315959175336
22.53900024056435,33.49726071812136
34.38499906420708,37.39888286404876
31.86600077152252,39.893987494010325
31.36900018453598,38.26214173765748
32.68400084495544,31.428879332804193
28.80699984908104,21.520345403799134
12.851000066399576,11.17317987888248
4.525999919176102,4.0159300970907
0.1319999990006908,0.6328311898129828
0.0,0.0986046126815674
0.0,-0.10897551060375199
0.0,-0.18184142300784523
0.0,0.02108512521910022
0.0,-0.08913705271579131
0.0,-0.24640976869242293
0.0,-0.329516961098952
0.0,-0.3402999366205895
0.0,-0.28238531699694225
0.0,-0.1018613841205932
0.0,0.5990259804833544
2.75100002348423,5.128363973206017
8.027999830543996,14.16295424185091
16.234000307321548,26.37358972700357
33.550000284910205,39.546295064906275
52.00300130367279,49.14868305325778
59.6720015501976,54.13909719332008
63.04799875974656,54.902635111293186
58.29000019073487,51.72484752761911
43.38400015830994,42.5506648386747
37.32799963474274,29.17619771046524
18.73000023007393,16.135172103019002
3.4679999321699144,5.701258256373617
0.0510000008903443,0.5453862659362037
0.0,-0.14089706100604704
0.0,-0.32929019306099216
0.0,-0.3815605416438506
0.0,-0.2700610373794534
0.0,-0.01888849029412687
0.0,-0.12939613198276623
0.0,-0.20921709712383274
0.0,-0.20280336116590397
0.0,-0.0704208544881551
0.0,0.25635214476654256
0.1009999962570145,1.107680624050864
4.34999984562397,6.329517099308158
12.263000124096871,16.38289605021931
28.83999902844429,28.36329187868005
40.40099840402603,38.33988635960618
45.24300048589706,43.99720210314475
41.34199877977371,45.679453636426466
40.269999918937685,42.20822947613515
38.21000160217285,33.466284793770875
23.63999918937683,20.86051975819425
15.31299949645996,11.232387222291129
4.864999938309193,5.2258322992219215
0.4929999872110784,1.6243748021146285
0.0,0.003158448428935534
0.0,-0.24458404761943847
0.0,-0.33057204522362843
0.0,-0.3610042861564736
0.0,-0.2270045039617381
0.0,0.16823947053822175
0.0,0.10964371860582456
0.0,-0.027221926976307542
0.0,-0.10960893824134721
0.0,-0.08764077476340926
0.0,0.00016399743601613892
0.0,0.14140568532855424
0.0,1.5608038185192137
0.1980000025127083,4.931556498123322
2.53500004991889,8.81761991663655
4.063000081628561,11.575331866217123
6.567999757230282,11.8281699974558
8.933999940752983,11.988139464431208
11.580999967455863,13.049480716625018
10.547999950051308,12.024681959069715
10.1290001308918,8.831621549455917
5.796000018119813,5.474389013232189
2.2459999699890614,3.005975063046355
0.166999999769032,1.561131997304984
0.0,0.6447815873448168
0.0,0.3903204128345179
0.0,0.22072318066168095
0.0,0.048298512411500516
0.0,0.18318275014895635
0.0,0.1489563366165868
0.0,0.0843225618513459
0.0,-0.04882725097372026
0.0,-0.11963525153114252
0.0,-0.08449205986647568
0.0,0.021557201263764703
0.0,0.19756785330560223
0.0389999987930059,1.8237861645257607
1.5150000321120023,5.74015532549433
4.0790000416338446,10.110738709463371
5.101000247001648,13.062975963025924
8.468999787271024,13.442781272503515
9.403999985456467,13.696462447201965
10.71000012278557,14.7337947640443
10.052999935746191,13.503229254678812
6.01200024843216,9.908789115612153
5.93399999409914,6.195682395719281
2.979000095427036,3.4130655794408806
0.6959999932721257,1.7191512237981588
0.0,0.6539666730434108
0.0,0.3608012599475169
0.0,0.16812351892921018
0.0,0.006051293383116607
0.0,0.17119040718330303
0.0,-0.040920793940114275
0.0,-0.1467591632524901
0.0,-0.2252803582673461
0.0,-0.23025568312622008
0.0,-0.12522565050236395
0.0,0.14945897427892896
0.0,0.9841241324786254
1.7790000140666962,6.20221943268254
6.627999992370605,16.31430798224769
21.278000664711,28.488869828436094
36.393000977039335,39.117298752997904
49.14900156974792,45.252630993558306
49.619998819828034,47.21841932110349
38.942999930381774,43.98633210386175
28.9549990940094,35.7377144017486
30.52400059580803,23.664435342756335
21.336999073028565,13.702752342601768
8.232000219225883,6.698268994566787
2.8810000194609167,2.1615046305576175
0.0449999998416751,0.14228908314387467
0.0,-0.18470486059880686
0.0,-0.2994757122147221
0.0,-0.3372606133337057
0.0,-0.2128098686314424
0.0,-0.09296961603807341
0.0,-0.22428599541797734
0.0,-0.2899939403026377
0.0,-0.2782405594180019
0.0,-0.15642483723410455
0.0,0.18665379285244965
0.0,1.3557508678474566
2.520000119507313,8.628465847813567
10.879999505281448,21.33288104912736
33.320000153779986,36.42730916130065
47.68800018310547,48.477492615026655
58.390998301506045,54.96839332318784
60.15300166368485,57.06766419413224
57.6769992518425,55.38291493899509
53.98600016593933,49.43744899929617
47.53299893379212,35.84269148774944
34.91199797153473,20.74348610273094
16.463000152111054,9.754800789500088
3.388999904990196,2.868366495006949
0.0,0.006897341487235531
0.0,-0.3002292150520283
0.0,-0.3713032025720142
0.0,-0.3945856124465862
0.0,-0.3155731327821488
0.0,-0.0803916749220529
0.0,-0.22234444032340772
0.0,-0.2887387969658272
0.0,-0.2879566419381164
0.0,-0.20018496324578028
0.0,0.07881530563574835
0.0129999995976686,1.2469631620683475
3.5230000193417075,8.769245484395805
15.955999782681465,21.97249379801955
35.94200123786926,36.73774011844859
49.23800035238266,48.60487516798197
59.34200154066086,55.15472495549259
54.58199829101563,57.65167742037912
53.31999842882156,57.0057390877246
54.18599992275238,53.18835621652903
48.71200173139572,43.13037447102671
35.342001967430114,29.116614332480722
18.385000033378603,15.186575420947362
5.640000022947788,4.7702514223656
0.0749999970616772,0.25693973966202477
0.0,-0.2235154229688343
0.0,-0.3286986333307811
0.0,-0.3585571752619411
0.0,-0.27036899645392476
0.0,-0.04731491887289674
0.0,-0.2058215629129893
0.0,-0.2839576511555081
0.0,-0.2874231585335849
0.0,-0.20457923380990106
0.0,0.04935704845416855
0.0,1.0612302694800493
6.392000197172165,7.528856952956927
17.070000399947165,19.28558645468638
20.984000693559647,33.192957357916
46.56599932909012,45.418465431089324
55.31099958181381,52.812493416923296
56.31000013351441,56.084452174618846
59.39699880361557,55.91347069371158
57.58500166416168,52.35873532163864
49.25400082588196,42.892596269372895
35.938998324871065,29.19825282405162
18.648999630212785,15.354829566971796
5.402000168561935,4.983883238799726
0.0439999983296729,0.319014172827911
0.0,-0.19817695813642333
0.0,-0.32158326899475864
0.0,-0.35716963146778336
0.0,-0.2541542236704261
0.0,-0.10223729635238465
0.0,-0.2335494344925365
0.0,-0.2930454501501276
0.0,-0.28816738033807543
0.0,-0.1970587963770053
0.0,0.09636723196907193
0.0,1.3526137634606425
5.581000074148179,9.40280062717809
19.236999572515487,23.2546548859409
34.725998115539554,38.492320799853246
49.1599985575676,50.26500837303683
55.33199943304062,56.41134700774321
58.42000044345856,58.62407867594644
62.807999873161314,57.88181020873393
58.60100092172623,54.13188609071286
49.82699852705002,43.87805740032012
35.331000871658325,29.416452869281876
18.31299995660782,15.159755057343629
5.26600025177002,4.660224971811539
0.0380000012926757,0.19245953106453118
0.0,-0.2480034082400846
0.0,-0.33607882795400135
0.0,-0.3622007894905492
0.0,-0.2853053997444387
0.0,0.024475860904302982
0.0,-0.13001492923232932
0.0,-0.2115257072302431
0.0,-0.21586583607435905
0.0,-0.11850595934403446
0.0,0.16546986712432887
0.0,1.2347188680676684
5.427999911010265,8.031160574577342
17.915001015663147,20.316692828090403
32.2479992389679,33.503981116045
38.538999271392825,44.079678802895096
43.74999815225601,50.2168049757369
47.37400064706802,52.93913430375883
50.11999821186066,52.20676829297596
46.30599882364273,47.85713798481079
47.48300104856492,38.08387996318132
27.84399933576584,25.649739592193455
13.993000485301016,13.200225532890212
3.4010000033676624,4.20388808394913
0.0,0.3343650618918006
0.0,-0.13905178666124351
0.0,-0.26268215566347936
0.0,-0.2966353935978521
0.0,-0.17625216003892774
0.0,0.0041941783646683994
0.0,-0.1384336063763364
0.0,-0.2225945248469805
0.0,-0.22722233560891114
0.0,-0.1483209852598225
0.0,0.08080378681509892
0.0,0.908671141398864
2.5620000787079333,6.018052908353498
14.59400004208088,16.173884974356014
27.9669996380806,27.83259363345517
41.51199816226959,38.33224207923884
26.76199966549873,45.35002152104226
34.29499999523163,49.707260107128995
38.86800104856491,50.90557659893836
43.40400177717209,48.03336745915846
48.07499802827835,38.83153467899937
34.15900007843971,26.379484782342175
15.534000131487849,13.78317842498699
4.206999978423119,4.726391134028021
0.0,0.42571544838709674
0.0,-0.10148004043722791
0.0,-0.24726282867021332
0.0,-0.2951679146320706
0.0,-0.16545791998116577
0.0,-0.0784672367061684
0.0,-0.21685562611523357
0.0,-0.28275418166055627
0.0,-0.2745849988334653
0.0,-0.16591243595158944
0.0,0.1588466550608667
0.0190000006463378,1.3819105594640875
4.961999984681606,9.044800440287217
13.907999767065048,22.233232177684293
34.10799985289574,37.44053953125552
47.232999298572544,49.249454299652285
53.67600177526474,55.42982712850468
61.664000935554505,57.50843781401987
58.33899984359741,56.11905229275562
55.97200194120407,51.00460688631009
47.95000126123429,38.785753094655355
34.5789991569519,23.94492719897879
14.72300000846386,11.661127215699002
5.954999845325947,3.5323173170332014
0.0,0.08248437240540663
0.0,-0.27258969373193154
0.0,-0.34824849373189065
0.0,-0.3724280166539928
0.0,-0.29100167527531656
0.0,-0.11078041136396233
0.0,-0.241382073015439
0.0,-0.3095135966716836
0.0,-0.3121173888977154
0.0,-0.23624692393848357
0.0,-0.0059416374924186055
0.0,0.9284814746516137
1.4330000445246698,6.94920216497375
16.945999811291696,18.357122188503965
22.13599986791611,32.47669453312422
40.72000142574311,45.236643893710756
52.308998548984526,53.02361841777566
54.70699916601181,56.224755001332305
47.70999826669693,55.86403585598605
56.79100024700165,51.868535657728216
49.551999888420106,41.0761250337478
27.232000737190248,26.555119739971786
15.707999632358552,13.607068247044172
2.8689999210834505,4.448319813367508
0.0,0.27572462657034835
0.0,-0.21602905430284164
0.0,-0.33915286198345274
0.0,-0.37664941261787394
0.0,-0.28877339304674676
0.0,-0.0742160739265636
0.0,-0.21138335900272887
0.0,-0.2767860454694996
0.0,-0.2735138185246705
0.0,-0.17966780010067263
0.0,0.11020119915276316
0.0,1.3108863781174915
4.412000139951706,8.974231147108187
17.60799937605858,22.288900654015727
33.66099920511246,37.11716735390737
45.35499969244003,48.80909281420675
55.278000402450566,55.09787955934524
41.68000108003616,57.425520836954625
47.70499888896942,56.63230394429777
55.289999730587006,52.60567594880268
45.88700003147125,42.049392989727565
33.023999609947204,27.587821079950878
16.81299972653389,13.931302222864913
4.387000170350075,4.338063857790081
0.0,0.20130713422496904
0.0,-0.23155479791450834
0.0,-0.32447115115489733
0.0,-0.3530811278489571
0.0,-0.26744341016346423
0.0,-0.14933048686503658
0.0,-0.25174760206821767
0.0,-0.3033766514098814
0.0,-0.29746194017820493
0.0,-0.21157984202450186
0.0,0.05835660031886447
0.0,1.2150281951782305
4.864000165462494,8.738784556927856
18.195999318361284,22.549903937206913
34.59799843549728,37.726154328025025
48.50899906158448,49.48158091932057
52.81700023174286,55.698735603668595
58.27300148487091,57.862231526524845
56.570998871326445,56.96064550259903
56.07799942970276,52.68573809970413
50.1350004529953,40.99136462939446
34.26599990725517,25.984764521807115
17.166000159978868,12.963352677903847
4.090999883264304,4.040386530205365
0.0,0.16921773418635855
0.0,-0.24855619028360204
0.0,-0.34034049916637416
0.0,-0.36922108133466963
0.0,-0.2964621429932586
0.0,-0.09942779463116835
0.0,-0.21032690360235085
0.0,-0.263822717689232
0.0,-0.23937679964416403
0.0,-0.09863405084652038
0.0,0.29534610688011276
0.0,1.5960775419316588
4.177000117599964,9.648054853560707
14.864000329971311,23.745156469287842
32.21999943733216,39.22022378206051
47.36299955129624,49.972554888685785
55.5789982700348,55.09254235043091
59.1980013871193,56.277742445515365
58.84399861335755,53.29281229919727
53.41900007486343,45.48240844434776
28.695000642538076,30.099049701623954
22.4330006980896,16.240859382102606
5.461000117361546,7.3547790433946805
1.0829999566078186,2.1093715538172777
0.0,-0.06718431148506226
0.0,-0.3075296214502896
0.0,-0.3593388221154861
0.0,-0.37666717030030084
0.0,-0.30083571749715077
0.0,0.109320754446248
0.0,0.05401885419611607
0.0,-0.056107028389640545
0.0,-0.10981366584995811
0.0,-0.06652095119190249
0.0,0.055756850225083365
0.0,0.29485444156406726
0.280000006146729,2.202672167432859
6.9800001394748685,6.704855459778463
7.939999793767929,11.825766654041708
17.556000918149948,15.545872710476695
10.944000372290612,16.404966266609357
16.93899986088276,16.768625385650815
21.588999341726304,17.683905633720514
11.14100029706955,15.871505682774858
23.55200069308281,11.092524664086392
11.855999633073807,6.733562225214449
4.363999746441841,3.5131536216395496
0.8180000092461706,1.5949361296774023
0.0,0.5056553453709769
0.0,0.2288864863677753
0.0,0.06254411962940054
0.0,-0.06540091285403554
0.0,0.08370364808467434
0.0,-0.1679163081597168
0.0,-0.25899572254243997
0.0,-0.31005331725792695
0.0,-0.30310812599707493
0.0,-0.218902230199716
0.0,0.04242351199855798
0.0,1.1024639011394568
3.851999999284745,7.9164217336675975
16.73399969935417,21.09164255445979
32.45699951887131,35.78294305231142
40.80400083065033,47.579714729999026
43.388999536037446,54.155215080301964
58.72499945640564,56.639942808255164
58.471000669002535,55.750388823704526
55.10600044727325,51.19510121146225
46.12899949073792,38.72904823454247
30.829999895095828,23.75993439734212
15.33700020670891,11.702464798903558
2.962000105828047,3.719137862986951
0.0,0.1531572642493958
0.0,-0.2493556918803818
0.0,-0.3431580850913031
0.0,-0.3742233967975257
0.0,-0.2965416189899822
0.0,-0.08621104863378015
0.0,-0.21034243747078096
0.0,-0.27734324680107925
0.0,-0.2788899497014302
0.0,-0.2037432199253606
0.0,0.02166383983364173
0.0,0.9385581677895212
3.8509999696910384,6.861987330158648
15.000999506115914,18.51324999630988
29.26499953866005,32.14587601976808
45.0299990606308,43.826276799611435
48.19999890327454,50.89895870891754
60.05300178527832,54.054376633783
62.87599880456924,53.92429814028843
60.43099910736084,50.069756103833676
50.89299977779388,39.315173501261256
34.73400040626526,25.350263581258496
17.30099979043007,12.766215301742346
3.620000065714121,4.265276061949018
0.0,0.2964810314439825
0.0,-0.18158796367601693
0.0,-0.3033599176472195
0.0,-0.34364234072189526
0.0,-0.24698630712055092
0.0,-0.10907826624361322
0.0,-0.20853957025595543
0.0,-0.2628756814463793
0.0,-0.2634085154703816
0.0,-0.18503392385540346
0.0,0.0498401398117021
0.0,1.0802400477355039
3.735999904125929,7.880688892405276
17.690000262260437,20.881024099992153
33.624000934362414,35.02214300552027
48.87599939584732,46.134719843575375
54.56299901247025,52.327426341010806
53.34799823045731,54.47533891141122
44.1929997086525,53.46454601668576
47.33099860429764,48.791639681060005
41.73499834299088,36.89712971183133
32.72600054740906,22.92925795550581
16.754000291228294,11.288814304501132
2.3409999571740627,3.688068929627984
0.0,0.285929013697797
0.0,-0.16839283046365044
0.0,-0.28732622113145767
0.0,-0.3258977890038065
0.0,-0.24238033474067794
0.0,-0.12808427801024058
0.0,-0.23451471500966065
0.0,-0.2888218807267209
0.0,-0.2821755386461561
0.0,-0.19040870435978408
0.0,0.08813822057796827
0.0,1.2402941575032784
3.1600000602006912,8.77199475813439
17.26000037431717,22.73379656551713
32.93599905967712,37.67376119789371
42.3039990067482,48.89575455202164
48.45299945831299,54.85778379245507
54.64699841737748,56.96276963483333
59.570999331474304,55.95914878580951
55.89400014638901,51.47270404042335
47.56200107574463,39.46293986321984
31.63500035405159,24.39407762353214
15.599000257849694,11.857283549766276
3.1889998914301394,3.7210387768112696
0.0,0.15334174454959448
0.0,-0.2416310538321746
0.0,-0.3304364965301379
0.0,-0.36017472032181463
0.0,-0.28137016398115633
0.0,-0.11586521575879627
0.0,-0.23643596449188137
0.0,-0.29436803937255307
0.0,-0.28838730403205814
0.0,-0.19433300106018447
0.0,0.09790785148277648
0.0,1.291853906613036
2.4390000331401827,9.000197966762906
17.02899995684624,22.690724814275157
31.767999411821368,37.894662009100436
46.60500022649765,49.51189951193337
52.30399917125702,55.58120481744417
53.64200025558472,57.65511282867562
55.1839981341362,56.55473468222103
52.645998508930205,51.99492188094492
43.66700108766556,40.24673337816651
29.999000207185745,25.280116469224545
14.43799953341484,12.431004465647698
2.728000113070012,3.822920045510963
0.0,0.1370963295265244
0.0,-0.25674019147993565
0.0,-0.3409531207149577
0.0,-0.3674925122213224
0.0,-0.28962367342528256
0.0,-0.1061766673629907
0.0,-0.20609989442635135
0.0,-0.256118882852193
0.0,-0.21859174590204605
0.0,-0.03625286644405279
0.0,0.4486412326354423
0.0,1.8860591289493303
3.562999919354916,10.755197663334199
15.678000285029412,25.544855626193154
30.967000098228457,41.106505032285696
44.80100126981736,51.3220224894583
52.54599863052368,55.7918988686146
55.49299829244614,56.20867478088909
52.74599838733673,51.688618946830054
44.60600089073181,41.227849460168834
35.05999927043915,24.709044263165723
21.46199994802475,12.331799063189198
11.525999623537064,5.298756893775622
0.94299998562783,1.3452327193013547
0.0,-0.1581542105125766
0.0,-0.3412884895506312
0.0,-0.3847395222391265
0.0,-0.3976305689469733
0.0,-0.32086130194679524
0.0,-0.16003463300151388
0.0,-0.23989196788677397
0.0,-0.2858316076646145
0.0,-0.2576614920020037
0.0,-0.11599609683729917
0.0,0.27123481045247677
0.0,1.4356387099602672
1.6320000284910203,8.567574396743316
11.650000212192536,21.662411394758315
22.910999952554704,36.750322227967864
41.45200152158737,48.034364687805756
51.513000667095184,53.62589880106201
55.44700155258179,54.585003129982006
50.12300112485886,50.8832009082277
35.068999793529514,41.35037811972414
19.76699933886528,24.397249781105323
8.687000076770783,11.815891073664824
4.20100005760789,5.124385320066699
0.2100000046100467,1.4465908511246617
0.0,-0.1286529689233723
0.0,-0.33489974250121923
0.0,-0.387568009418891
0.0,-0.406787376196344
0.0,-0.3280232796555389
0.0,-0.11732026025664466
0.0,-0.1978293276733094
0.0,-0.24978627620141697
0.0,-0.22246375629521153
0.0,-0.078142156057954
0.0,0.2917362655896424
0.0,1.3346137184092735
1.5079999533295632,7.8511157080243095
11.289999828338622,20.43818713646032
25.60599934577942,34.91087465231688
34.34499993443489,45.63361574123328
48.57800033330918,50.742242544696886
51.66499900341034,51.37586884473712
42.76199869632721,46.37956930900746
44.43200036287308,35.46803071187314
28.07999913096428,20.029620561921185
10.62800026357174,9.908047591651593
7.973999772965908,4.462153015600864
2.7780000522732737,1.2821267624841677
0.0,-0.11313479599545906
0.0,-0.3115058590818316
0.0,-0.3698996524916145
0.0,-0.38984538406063884
0.0,-0.2932370053547071
0.0,-0.17012606582245277
0.0,-0.2646015873695945
0.0,-0.3167412931558614
0.0,-0.31050932085035776
0.0,-0.22587912575976454
0.0,0.036732044362140615
0.0,1.072904698107374
1.738999985679984,7.619979300554991
14.22399987578392,20.086969475499124
28.059999566078183,34.91249945731149
40.88199851751328,47.259456929840944
46.7840001320839,54.196834744800306
42.48799829006195,56.568897389700886
43.39500125408173,55.520497981864146
47.30799818038941,50.48653476412867
39.80799908399582,37.30261935330905
27.330000042915344,22.224773417407768
12.837000165581705,10.732619664878124
2.1819998732209207,3.3911578982208423
0.0,0.11562350701949109
0.0,-0.26485839868974903
0.0,-0.3546565389769615
0.0,-0.38471415023691863
0.0,-0.3103409965650981
0.0,-0.12161911668668912
0.0,-0.23014455746340468
0.0,-0.2874578164347265
0.0,-0.2805821932360519
0.0,-0.18605621173862563
0.0,0.08938433371089993
0.0,1.1457207163705605
1.4919999933242798,7.930148766346699
14.004999813437465,20.921376747847674
28.791999661922457,35.71051543391531
40.806999635696414,47.18375748712274
48.42700022935868,53.563607815750295
54.706000933647154,55.76258731212351
53.83400182962418,54.4714566675512
49.98299800872803,49.10792713851552
41.92600168466568,36.008055757983605
27.929999313354493,21.40710774560032
13.132999682426451,10.26489189309515
2.1419999732077124,3.267493376041549
0.0,0.11159740126006024
0.0,-0.2499822184728988
0.0,-0.3376559210266994
0.0,-0.3683368182686577
0.0,-0.2876408894065996
0.0,-0.14401263753005766
0.0,-0.2171724044474156
0.0,-0.2752913694052751
0.0,-0.2679127268332468
0.0,-0.17175355942187648
0.0,0.08405443182196015
0.0,0.8808035151259963
1.111000014990568,5.731926924057363
6.591999953985215,15.836085110080203
15.585999616384507,28.12496356058002
37.37699928760529,39.15576202275947
42.72899951696396,46.25620897080184
49.7140010881424,49.18486460892832
37.7690006184578,47.9301595798868
48.27100074768067,41.588799458822365
37.97499798536301,27.49745568140375
18.079000734090805,14.516980541853522
6.451999918818474,6.638339975972491
0.4460000084154308,2.198355549045689
0.0,0.05924323782453944
0.0,-0.24023700554492122
0.0,-0.33337820960089537
0.0,-0.3734606874412051
0.0,-0.27448610340134433
0.0,-0.09162645052064639
0.0,-0.2121578081778558
0.0,-0.27426180395742755
0.0,-0.2702552358080723
0.0,-0.17645074977029696
0.0,0.11026956011768307
0.0,1.2199208889949902
2.69200007468462,8.174196069513572
13.892999579906464,20.751408389500483
28.681998974084856,35.23536920828854
42.00699817657471,46.86364420677234
49.38099816560745,53.264089484876
52.163001930713655,55.54488083264622
50.97100157260895,54.238737190623986
46.86700130462646,49.01930576205935
38.79199982643127,36.70855709414835
26.44800012946129,22.59820395688898
12.010999855399133,11.022904943904292
1.7360000252723695,3.472251840619826
0.0,0.15310419103468642
0.0,-0.23327540932888935
0.0,-0.32384465426916564
0.0,-0.352611361424834
0.0,-0.26354262885355806
0.0,-0.1440780909590944
0.0,-0.23068529223922057
0.0,-0.27669922366731686
0.0,-0.24112457248987684
0.0,-0.08118271384610498
0.0,0.3516137766614814
0.0,1.639319870854619
2.435999944359064,9.416286108288402
11.970000439286231,23.272854261396922
25.94900102376938,38.526617613301
39.83500065326691,49.33964839998342
48.26900017499924,54.662572039827914
52.41099900007248,55.68280998495431
51.08199843883514,52.385618562392175
47.51300142288208,43.62054361462327
38.49699956893921,26.692903949053353
13.082000483870509,12.987321248416707
6.494000134766102,5.546172942305491
0.3580000037327409,1.5464677849604183
0.0,-0.14717568807320425
0.0,-0.34423904059706684
0.0,-0.38934600311528694
0.0,-0.4064418721389358
0.0,-0.330172556718667
0.0,-0.06217362929748116
0.0,-0.127462034094612
0.0,-0.17523649242285722
0.0,-0.16449122879751943
0.0,-0.047210757925029934
0.0,0.2562933792609875
0.0,1.2258658113461105
2.1859999915957453,7.486758763717264
14.319000376462936,19.791842612670237
30.09300042152405,32.47116389769511
42.74000061273575,41.19645972789409
51.209998118877415,45.00927375865313
38.09999886035919,44.86422946288158
39.08099836587906,41.34685319911135
35.738998568058015,33.751646448197775
21.660999418497084,20.666724131040098
24.772999085187912,10.900546943603999
7.204999865889549,4.842893898614433
0.6669999694824219,1.5447435198046673
0.0,0.07537986021822396
0.0,-0.17297876861242556
0.0,-0.25590986428217605
0.0,-0.2885709593087966
0.0,-0.18330643061476948
0.0,-0.1481631558159876
0.0,-0.22547744929451663
0.0,-0.27017534608701244
0.0,-0.2501556524350453
0.0,-0.1366596487999574
0.0,0.1837408024168108
0.0,1.3401885230755308
2.6990000250935555,8.721229537755468
14.229999539852145,22.90514680531551
29.23900030970573,37.83797338496736
41.69299864053726,48.3305787751054
47.77499839305878,53.5396606026351
51.201001703739166,54.9409212680311
53.56799960613251,52.5829361905766
43.51899978876114,45.82350738867645
41.71200202703477,30.756981793866274
27.104999289512637,16.63062117322948
10.56199985086918,7.542569376670645
1.9280000588297843,2.332565926326423
0.0,-0.000864644236187595
0.0,-0.2738810612546542
0.0,-0.33712332653223687
0.0,-0.3619682679294084
0.0,-0.2857721311995308
0.0,-0.1152794468276313
0.0,-0.14689977398941534
0.0,-0.2067604597774237
0.0,-0.21724602132093712
0.0,-0.15342064237799613
0.0,0.012519725164882312
0.0,0.4431022110016942
0.6719999890774488,3.274052007589331
3.692999915331602,10.25473568558728
3.7240000624954703,18.65494566816686
8.681000412702561,25.523884539141868
12.623999767303468,29.02774788045329
30.20999900579453,30.06813283696225
30.17599954009056,28.66042166621864
24.165999864339827,22.78722471310158
14.741000027656556,13.067636044834925
6.358999990820885,6.693457909513496
0.6230000152811408,3.2792310599271355
0.17700000686571,1.308177606751232
0.0,0.18276857638697797
0.0,-0.07116285569180253
0.0,-0.1903901518705512
0.0,-0.2685838385407763
0.0,-0.16095646038935207
0.0,-0.10975589544269582
0.0,-0.15864589274391921
0.0,-0.21282329159576208
0.0,-0.2027713748360641
0.0,-0.11142268517836962
0.0,0.1145683059242193
0.0,0.7229584154284594
1.4060000157356265,4.396349408622727
13.3080004966259,12.877421389832575
26.788000948429108,22.748354500232935
13.782999919056891,30.74988151304847
22.14400010466576,36.00278214955719
39.44700046777725,38.94812597040333
29.875999904870987,39.35583621274541
28.14300073862076,34.53275393688303
40.43900106906891,22.25219061988127
15.39199952363968,11.47876102749505
5.86399997651577,5.091282807791182
1.806999944075942,1.7644737722332011
0.0,0.07764531330307478
0.0,-0.1770838086035061
0.0,-0.26794160766826824
0.0,-0.3207593150255267
0.0,-0.21832557368740813
0.0,-0.2032112603618227
0.0,-0.275611574581893
0.0,-0.3169607368459841
0.0,-0.30827250132844514
0.0,-0.22905487727920737
0.0,0.018549004163247895
0.0,1.031457766369385
2.222000029981136,7.655182626608251
13.490000234246256,21.01074849611004
28.52400097370148,35.90963904090024
42.7070014333725,47.4495767180376
50.88199868202209,53.7709934262053
53.151001386642456,55.854022627852764
51.21199869155884,54.61532302735487
48.41199798822403,49.321928116839445
41.439998085498814,35.054248451578154
26.307000834941864,19.971139497753967
11.50600005865097,9.416977944922147
1.217999972179532,3.0437480812751776
0.0,0.10904859727633753
0.0,-0.2552674698077221
0.0,-0.3436274953972477
0.0,-0.37551990032456706
0.0,-0.30699764617199904
0.0,0.0461811283490241
0.0,0.030833203330148273
0.0,-0.05376644343694825
0.0,-0.10436952637544628
0.0,-0.07480303252922416
0.0,0.028416270783305442
0.0,0.22543484472175124
2.5080000211298468,1.9622671154281912
5.319000023007393,6.35778650042489
4.210000067204237,11.311290587528497
2.140999943614006,14.506684366994934
3.1639999218285086,14.493032091008574
4.891999967098236,13.841251755425127
15.359000344276428,14.112011410986126
11.834999781847,12.289254189155551
7.8500002112984655,7.995897388596189
7.523999806642532,4.689366132001315
1.7410000448673963,2.454503779883809
0.1520000051707029,1.2079537251744366
0.0,0.47365816756467916
0.0,0.26914929297647117
0.0,0.14320576934201645
0.0,0.004991056984216868
0.0,0.08727504353344862
0.0,-0.038168102973610285
0.0,-0.05119847958973578
0.0,-0.11976638971369591
0.0,-0.15445309014180286
0.0,-0.11771647510229216
0.0,-0.004653068102101199
0.0,0.2418849514448702
1.4550000537186862,2.1563115664077372
2.916000028252601,7.051179151976692
13.759000235795977,12.454047076231317
12.364999548196792,16.33322576566588
12.421000178456309,17.311519413877882
13.857999827861786,17.354036604475368
22.795999886989595,18.382967339871186
13.193000431060792,16.409219647534925
12.586000183224678,10.436473549415286
7.568000081777573,6.0368494124107706
3.757000012099743,3.0904538835079434
0.2040000035613775,1.4552829438434625
0.0,0.53060416977902
0.0,0.2524446942766422
0.0,0.09227273461699859
0.0,-0.05539620457382838
0.0,0.027007457738570828
0.0,-0.08658277121432878
0.0,-0.17426233880222014
0.0,-0.23646793321652465
0.0,-0.23338409739150223
0.0,-0.13277952121722336
0.0,0.13917793081538665
0.0,1.0433203932178539
2.4439999243617057,6.866815216197936
12.429000415205955,18.49112971989728
24.729999096393584,31.515049071436074
38.4920001912117,41.60987692176273
49.11999942779541,47.08719344262938
54.36799863338471,48.62357467184699
49.2499996805191,46.10833984967634
39.36699810028076,38.89527775682044
32.23999900221825,25.45319909977622
17.069000113606453,13.871031042142183
9.401000153422356,6.428767584506543
0.6259999756887555,2.1277616909226214
0.0,0.11238777270945899
0.0,-0.1977153618724667
0.0,-0.2962703692253505
0.0,-0.3335593551875108
0.0,-0.2245508964423305
0.0,-0.12167795883703064
0.0,-0.1724859159924662
0.0,-0.21623445273028885
0.0,-0.19835044127835022
0.0,-0.08000274318902356
0.0,0.23491724880354847
0.0,1.1893367252161915
0.6710000236704946,7.102181020732505
8.560999942421914,18.955139065815253
20.23299926519394,31.971080277721626
36.05100163936615,41.500843986692374
38.58599835157394,45.95768014335432
36.955001690387725,46.16009805303686
40.18300170898438,41.666252403603885
24.758000952005386,32.32937578450574
23.653000857830047,18.40251701183832
16.00100034415722,9.36161974484232
5.215000026226043,4.225301235427727
0.1999999975133687,1.321749019379621
0.0,-0.00891010209401144
0.0,-0.23065144626251843
0.0,-0.30263436159915397
0.0,-0.3310488296102262
0.0,-0.2296403617870133
0.0,-0.1576189072865038
0.0,-0.22712279115591216
0.0,-0.2747266669432227
0.0,-0.2701918772164116
0.0,-0.19219945471206007
0.0,0.0395307354115747
1.7689999748766423,0.9270349205640487
12.980000032782556,6.584026865573318
27.596000212430955,18.336372550161215
34.42799905300141,31.565255111183895
34.84100023508072,42.267245184450616
46.44999897718429,48.55638066099727
26.95499947190285,50.81366352136558
36.83400196075439,49.66266828965839
33.5909997010231,44.046990367874066
16.793000161647797,30.185169044196805
9.749000182151796,17.030869916058258
0.3570000062324107,7.98573449551472
0.0,2.6971545404230555
0.0,0.1801508893957945
0.0,-0.1892081634420047
0.0,-0.29502599184093503
0.0,-0.3364059748146279
0.0,-0.2519854313421509
0.0,-0.1867501978074526
0.0,-0.2516575074212273
0.0,-0.2903602074721244
0.0,-0.27718610888625134
0.0,-0.18157434746863232
0.0,0.0981794360386049
0.7909999804571272,1.167276448768514
11.1330000603199,8.081065684265875
27.218000836372376,21.591769298820914
39.78100162267685,36.498706476118066
43.88600012302399,47.48356850410706
47.070998098850254,53.18871834642288
46.91800153017044,54.53168978162935
40.63400144815445,52.16144005791054
38.6349980044365,45.04269708272283
24.043999848365782,29.25538162966278
8.932000395059585,15.429840486555841
0.5220000110007823,6.941359630037365
0.0,2.1676704415439074
0.0,0.023712583545304367
0.0,-0.26480796073887447
0.0,-0.33885988349672314
0.0,-0.36729008409681735
0.0,-0.30056645103603874
0.0,0.014559979963501446
0.0,-0.006268787602184744
0.0,-0.04708749316376759
0.0,-0.04640914239162752
0.0,0.04868672707747679
0.0,0.28877385500407815
0.064000000488013,0.939205604628917
5.868999867737293,5.283166842293692
25.32799984812737,14.600820225691594
32.80199971556664,24.84844745035874
37.27200003147125,31.456624597914306
34.29000061750412,32.22284982044308
36.02300183773041,29.270473742389385
11.024999945163728,24.436618940213492
12.357000338435173,17.662905427120158
4.369999924004078,9.648705473558094
2.100000014007092,5.224718349395792
0.4279999892227352,2.469575747472107
0.0,0.8511176669396017
0.0,0.10801310252652696
0.0,-0.053510843402170716
0.0,-0.13624875102805561
0.0,-0.17305393380431294
0.0,-0.05831875864115177
0.0,-0.20104377602668888
0.0,-0.2680798029177608
0.0,-0.3071616832693146
0.0,-0.2950075349770862
0.0,-0.20749721831731027
0.0,0.0584159785277798
1.493000022917986,1.1252380471705956
12.572000282406806,8.062176420259446
26.993000082969665,21.774021114106105
39.956998615264894,36.846760505225305
47.4539989066124,48.13158757564086
47.706001229286194,54.04749604477413
46.451999549865725,55.8045235424426
47.4780016708374,54.11690574003083
39.39699847459793,48.2070604491562
24.68799939393997,33.16758760410507
9.506999695897102,18.178213449750267
0.4169999846257269,8.350916103709972
0.0,2.649521052506839
0.0,0.05339841617742702
0.0,-0.2675460403263847
0.0,-0.34427726529858127
0.0,-0.3733582574647161
0.0,-0.30749158618265765
0.0,-0.2207850698944429
0.0,-0.2802523924615995
0.0,-0.3181252393123729
0.0,-0.30713085520931527
0.0,-0.22843817474692618
0.0,0.00735938747530307
1.7710000340640546,0.968664319889168
12.493999514579771,7.2790958016314065
26.88499996781349,20.588776363506476
41.1520018863678,35.594479041476696
50.14299863576889,47.192738275938105
53.01999879360199,53.43542304326798
51.91500075340271,55.38571916236537
47.9889980506897,53.83961905831644
39.23599961519241,47.974001206975714
24.53599900364876,32.76469210226814
9.258999545574188,17.801168520491366
0.3729999983310699,8.27651103923136
0.0,2.7119467160523367
0.0,0.07255619288349457
0.0,-0.26083719039546394
0.0,-0.3454791265136813
0.0,-0.37868063526004725
0.0,-0.31420326053564435
0.0,-0.2054180952533231
0.0,-0.26871162898377676
0.0,-0.3106102018220357
0.0,-0.3012856318948561
0.0,-0.2181190046368795
0.0,0.028108813904681673
1.4079999465495348,0.9807673434493887
11.758000327348707,7.1644653901837145
25.905998980998994,19.8091279072381
37.07299850702286,34.3226929940922
44.127001349926,45.92094157685221
51.64800029754639,52.32734547734291
50.895000350475314,54.28753346526693
47.88799993991852,52.685378371846426
39.2260008597374,46.54731550338537
24.20500076174736,31.40198722000502
9.000000353455544,16.828408935186054
0.323999992441386,7.687381323177275
0.0,2.4971055978715024
0.0,0.06964158457102276
0.0,-0.257367235196699
0.0,-0.3441683919909683
0.0,-0.3782058822053048
0.0,-0.3064685116611401
0.0,-0.18688116442136682
0.0,-0.2518432677473425
0.0,-0.298710430163334
0.0,-0.2909700987896736
0.0,-0.21207415184431966
0.0,0.019652988103191826
0.5279999960027635,0.8711373784253549
10.5839999884367,6.306133448607543
13.996999576687813,18.119067579159882
38.199998738765714,31.528819203827823
45.39999819993973,42.50234166414413
45.59600091934204,49.05688574787417
41.00499881982803,51.678995291180335
45.97900172710419,50.5997830204848
38.05900149822235,44.99606484059328
23.514000082015997,30.78864678287075
8.400000056028366,17.021675099955594
0.2430000023543835,7.986880234433725
0.0,2.7073825509579468
0.0,0.131375747369866
0.0,-0.22129791154448264
0.0,-0.32070164922393285
0.0,-0.3607694624304018
0.0,-0.27635704910086123
0.0,-0.19513897099531652
0.0,-0.2506807347596156
0.0,-0.285223409347984
0.0,-0.268716263315585
0.0,-0.17684420925383104
0.0,0.09007658426220744
1.5590000505000354,1.1602152852497962
11.11600032746792,8.092297810288281
26.149999012947085,22.072316622545856
38.64099972248078,37.07636566910846
48.2570008468628,47.85826464553652
50.31199978590012,53.307913104423726
49.50500080823898,54.678655631189386
45.73599992752075,52.54268787090704
37.08899898052216,45.97200564524724
22.86100001335144,30.23807659100948
8.142999896109105,16.03881724890843
0.1699999922700226,7.249275252385678
0.0,2.318972096903016
0.0,0.0292850184236485
0.0,-0.25847520937655877
0.0,-0.3285013468266781
0.0,-0.35812442353645935
0.0,-0.29502610235161686
0.0,-0.2219103129548181
0.0,-0.25890186936604953
0.0,-0.29211558325640374
0.0,-0.27283117769586135
0.0,-0.18265781722792646
0.0,0.057539660471701115
1.1370000141859056,0.8341984293047138
7.638000099360943,5.7681132274620275
15.34599970281124,17.161659800696057
25.61399958252907,30.535623872695155
24.513000633716583,41.126552832815165
40.088999440670015,47.25052146144197
47.22799992084504,48.80481276529165
37.37499871492386,46.2041122863401
35.786001756191254,38.172750457768736
12.375000357627869,22.00306680174245
6.386000019609928,10.332647682564252
0.0839999986346811,4.560137733211371
0.0,1.5139070538178476
0.0,-0.030790337673230916
0.0,-0.26563002998040247
0.0,-0.33898952623693285
0.0,-0.3763334138588139
0.0,-0.30727560541242604
0.0,-0.08390859061176814
0.0,-0.11262274472354827
0.0,-0.1732521818524827
0.0,-0.18777950627659556
0.0,-0.14293581681488376
0.0,-0.007446398198962534
0.0,0.318002991366072
0.1439999930746853,2.450823486088885
3.420000052154064,7.925430040288658
7.339000236988068,14.539554947726494
17.521999398469926,19.641722438185695
21.51400045990944,21.829891692519027
26.872000353336336,22.8837537869043
29.29199905395508,24.558299348174273
15.951000404953955,22.368478674432268
12.662000378370283,14.214090624877118
5.375000139772892,7.359644365604378
0.0,3.362228292286976
0.0,1.38339557027455
0.0,0.2463284911270338
0.0,0.0025825447549803204
0.0,-0.0996591624236689
0.0,-0.19005088371133383
0.0,-0.10314823923915473
0.0,-0.20590391469901198
0.0,-0.2585454855939262
0.0,-0.29373720139686255
0.0,-0.2775787747740213
0.0,-0.18553721413283092
0.0,0.08357905606405502
1.1720000229775906,1.0737571159148769
11.499000108242036,7.383487941824409
25.74899921298027,20.420843296851977
39.21299919128418,34.87844419343114
44.77800084590912,45.72578465502664
49.238998584747314,51.514713464859575
47.02300078630447,52.95314071685916
42.88600133895874,50.79765917448049
32.6190007185936,43.84085213813328
20.886999620199205,27.78936207109156
4.695000042319298,14.197308148434333
0.0,6.272823915147688
0.0,2.027414829082815
0.0,0.009168012592353447
0.0,-0.2655544303323076
0.0,-0.3367605715303285
0.0,-0.36775538846018146
0.0,-0.29801319343387045
0.0,-0.0675597020062399
0.0,-0.10931694983984941
0.0,-0.14955799181975593
0.0,-0.1406161004024043
0.0,-0.05208043087854897
0.0,0.17995078544092935
0.7629999862611294,0.9084405874209076
10.581000156402588,5.660049872202176
25.31399994730949,16.163579603917825
37.11800112247467,27.566514658557622
40.31499842643738,35.39985312326741
36.71400046348572,38.20524130096276
25.74099897623062,37.38307364971829
20.166000620126724,34.505259614477275
30.606999714374545,27.943257942461237
13.594999490380289,16.458243561646626
2.3430000163614757,8.64990601342034
0.0939999977080151,3.8654006924744273
0.0,1.342923219279669
0.0,0.11648536434195433
0.0,-0.11364921715499549
0.0,-0.19727340069257598
0.0,-0.23982356179724285
0.0,-0.14285256612081687
0.0,-0.19794975755661792
0.0,-0.24312214706501867
0.0,-0.2790745965118987
0.0,-0.25525708238202893
0.0,-0.14095331870667543
0.0,0.16540575068783503
0.1830000079143792,1.067844665870954
9.019999918341638,6.900629904246423
13.479000165462494,18.78840229981313
39.97400142908096,33.13625762485291
48.775001285076144,44.16327813161022
52.1879988193512,49.325556570466524
43.80499952316284,49.239200243274645
35.64799921274185,43.73697401479452
26.175000009536745,32.20719729260292
18.89199937582016,16.40157361090447
3.4110000425577165,7.3739065718518
0.0629999989760108,3.166748277544678
0.0,0.9324260326274818
0.0,-0.12563580992596274
0.0,-0.31022235548422505
0.0,-0.36902438444881364
0.0,-0.3937017459265759
0.0,-0.31324093263040603
0.0,-0.05483002959213701
0.0,-0.05737818634945119
0.0,-0.12167029844393318
0.0,-0.16013663809335466
0.0,-0.1449914027543892
0.0,-0.06162754434682882
0.0,0.09073893942620237
0.7340000266581774,1.4785553611606823
3.6149999177455903,5.370253380731407
2.581999900341034,9.975729774532596
0.1889999929163605,12.898880741133551
2.2860001267492773,12.708960256524774
4.557999839186668,11.79481713607603
4.871000115871429,12.33378372954194
7.509000132977962,11.015846781040484
0.6430000294744969,6.768393726130485
0.0,3.774690185182381
0.0,1.9421662791271572
0.0,1.0395756294577776
0.0,0.44630088652548605
0.0,0.263112598355955
0.0,0.18174630085771393
0.0,0.040663185630356646
0.0,0.035387620821442645
0.0,-0.18105960966664497
0.0,-0.22511849233074482
0.0,-0.2560949284921582
0.0,-0.22858565333394232
0.0,-0.11163335996724927
0.0,0.20105837699485674
0.9070000114291906,1.2235888921161173
11.371000428199768,7.887887454682071
26.19900071978569,21.49968409275707
39.56700196504593,35.947701367505566
49.5969983959198,45.66543666590733
50.481999168396,50.143167412660354
43.62100023984909,50.18906751462933
37.843001267910005,45.98634992752129
20.153001005649568,36.63331480978264
15.295000504255295,20.353453228792688
3.451999972164631,9.42584887808644
0.0,3.985133669573603
0.0,1.2225372306323927
0.0,-0.07896752111633842
0.0,-0.2793033490986365
0.0,-0.3351427404310503
0.0,-0.3611095755649597
0.0,-0.28703232228435516
0.0,-0.22128258013888408
0.0,-0.2739264599285211
0.0,-0.3231624851801751
0.0,-0.32528476302480674
0.0,-0.26910603101367536
0.0,-0.10739574781881217
0.0129999995976686,0.4292151587436084
1.3819999473541975,3.876324733918933
5.298999944627285,12.331905434419687
18.65200048923493,23.115049535667183
39.14700083255768,33.27657927031469
51.97399916172028,40.664389470085844
50.56299976825714,44.18253969734031
45.7319987821579,44.609750210083526
36.2639989566803,39.46360269730359
21.71699902176857,25.193565019936443
6.7869998195767405,12.55698338258205
0.0320000002440065,5.780504902855466
0.0,2.227342120576838
0.0,0.2216173358889466
0.0,-0.15624805596602015
0.0,-0.29290022600746485
0.0,-0.36053976901763124
0.0,-0.2822777822029756
0.0,-0.2181820853332228
0.0,-0.2759318652780967
0.0,-0.31031580618788607
0.0,-0.29283261926942283
0.0,-0.19917518007629204
0.0,0.07063093094229034
1.0269999682158233,1.074866997256941
11.044000250697136,7.933445987474366
24.45699897646904,22.209245502429816
38.54700156211853,37.61401559005739
47.99700034141541,48.22042547638083
50.24600142717362,53.3615302958819
49.51200075864792,54.2232014907215
44.95700075149536,51.504130072897674
35.80799983978272,43.91125716535934
21.37700025677681,27.155038670136996
6.526000054776668,13.162153961485387
0.0320000002440065,5.686916504514592
0.0,1.8198951486696364
0.0,-0.03588653274498932
0.0,-0.2916219866691765
0.0,-0.3569441304931247
0.0,-0.3850950409396507
0.0,-0.319495596892406
0.0,-0.21712595810272012
0.0,-0.2685285343488865
0.0,-0.303842877276377
0.0,-0.2914390327024805
0.0,-0.2086952937833872
0.0,0.0310101118517766
0.9759999994188548,0.941506810708816
11.07000050663948,7.059748484747026
25.359000508785247,20.21190250466558
38.82999838352203,34.79958902163339
48.08399855136872,45.56110849982
51.0040007519722,51.133881122240886
50.13700102567673,52.35131775598026
45.61000082015991,49.99203546550034
36.15199975013733,42.794959921221114
21.59900015115738,26.65394772193374
6.426000176370144,13.27681569982427
0.0320000002440065,5.874175897126301
0.0,1.9543459167083101
0.0,0.03057252964927326
0.0,-0.2553286928444293
0.0,-0.33527866623927044
0.0,-0.3701645575651368
0.0,-0.30112380288868434
0.0,-0.21883799896145617
0.0,-0.2681908097581084
0.0,-0.3000636544802235
0.0,-0.284708229933869
0.0,-0.19609162728063434
0.0,0.06321689050276458
0.1069999973056838,1.0453822576793526
7.636999813020229,7.640500223115385
22.82800083398819,21.522720673706402
37.7530001449585,36.28123631853897
46.93599846839905,46.62676733672442
49.80399810314179,51.824574032490794
44.669998676776885,52.77995625508766
39.482000219821934,50.21002104665059
35.41799908161163,42.847484507648595
21.085000858306884,26.362312890250344
6.051999891698361,13.006474999449829
0.0320000002440065,5.667874428803962
0.0,1.845182832387577
0.0,0.006914510583458822
0.0,-0.2635073726199183
0.0,-0.3358546337021665
0.0,-0.3675329039231633
0.0,-0.3008116004026952
0.0,-0.24195342386318652
0.0,-0.2877595657808139
0.0,-0.31871446607259674
0.0,-0.3021942055338614
0.0,-0.21457132375167753
0.0,0.032646503645620384
0.9169999864324928,0.9817249974479689
9.928000087738038,7.629516118052175
24.69800020337105,22.066405816612182
38.88299918174744,37.394636433820914
48.39299870967865,47.91622340843779
50.91500196933747,53.07012918432125
49.12100176811219,53.916746435012996
44.29299958705902,51.289486540289616
35.08400203466415,43.74435454206762
20.734000997543337,26.70917104509035
5.816999869346619,12.695062852833326
0.0129999995976686,5.479908411032371
0.0,1.7840941035602915
0.0,-0.020741968823719814
0.0,-0.2833116634175895
0.0,-0.3550234083674767
0.0,-0.3872917329436062
0.0,-0.32482018151129716
0.0,-0.22864019522640977
0.0,-0.27144778701162375
0.0,-0.3020264025235308
0.0,-0.28612786523188877
0.0,-0.20220454285989742
0.0,0.044012153754538375
0.740999977067113,0.9697694515922142
10.137000367641448,7.161936575317715
23.875998984575272,20.754624903743625
37.063997983932495,35.380575517046424
45.94999958515167,45.71694190264498
48.66400031089783,50.85421253057431
47.76099849224091,51.72361679930665
42.20399912834168,48.99073346373784
34.16700031518936,41.36753438626721
19.9809989964962,24.8754511529664
5.352000229358673,12.206450892694418
0.0,5.376310833883002
0.0,1.7853474142917576
0.0,0.010843198508113105
0.0,-0.2578669316681177
0.0,-0.3313920838204836
0.0,-0.3645710359726648
0.0,-0.2974646806352068
0.0,-0.22605639838415392
0.0,-0.27624388162520985
0.0,-0.3089435239288344
0.0,-0.29466116914271073
0.0,-0.21012427495397212
0.0,0.03797770712933857
0.6199999906867742,0.9745845589150526
9.17500014066696,7.383409720041511
23.051001014709477,20.87057569474411
37.34400010824204,35.65594023851198
46.951000709533695,46.22020200834035
49.6659996676445,51.50883803683363
48.19799833059311,52.22844885209984
43.52599973917008,49.54645192091993
33.41799945950508,41.93506900567711
18.79299978375435,25.2469868877628
4.674000191092492,12.03000915930389
0.0,5.143384318905695
0.0,1.7088749165569905
0.0,-0.004354674397445413
0.0,-0.26998159728973486
0.0,-0.34243066701169533
0.0,-0.3760895268433835
0.0,-0.310056780544695
0.0,-0.19988773541217053
0.0,-0.25273760093150677
0.0,-0.2832888755108175
0.0,-0.25970465363331274
0.0,-0.1565345114017358
0.0,0.126422158680783
0.6179999956861139,1.1715716948487631
9.15300000309944,8.239339360463726
22.14000101327896,22.872411507175514
35.35499952793121,38.4190068239863
44.03700022697449,48.54999939574033
47.08600033998489,53.23203969196509
46.17799914360047,53.64451198188577
41.68799926280976,50.15887962480368
33.07199897646904,41.55223305495058
18.75100008130073,24.46125281758232
4.693999755978584,11.626482053357483
0.0,4.9938882290992375
0.0,1.5758257245901222
0.0,-0.06255497018206624
0.0,-0.287584010250777
0.0,-0.34469020146871493
0.0,-0.3709149512819466
0.0,-0.3101799635949526
0.0,-0.21638513886441135
0.0,-0.24381728510764455
0.0,-0.28288092237672735
0.0,-0.2798096605475945
0.0,-0.22321507018549347
0.0,-0.05461040325179395
0.1400000030733645,0.4545356893623915
2.9240000082552435,3.5010182051860106
7.835000024139881,11.251922530709404
16.317999712228776,20.475734649923588
24.480999686717983,28.397901726041397
36.23300034999848,33.88168067072723
41.47300137281418,36.70707144522947
38.657998428344726,37.744887665189886
30.770999432802203,33.19521980991883
18.31400024294853,20.236947349488062
4.383000051975251,10.355797554172115
0.0,4.7392540762033
0.0,1.8339920839163346
0.0,0.20366860234408202
0.0,-0.11449925868207478
0.0,-0.23194144664670668
0.0,-0.3051434144683683
0.0,-0.22985533782500078
0.0,-0.2711273107780519
0.0,-0.2985921052115946
0.0,-0.322260478448927
0.0,-0.30018789454375727
0.0,-0.21491173185797213
0.0,0.03140666553881388
0.1329999965010211,0.8717686392503192
2.7450001026690005,6.232250018595723
19.38300029873848,18.349154911606604
35.40899855852127,32.63033692725401
44.93499855995179,43.776859175603086
48.1590015411377,49.74917017041401
46.93000085830688,50.68521308508238
43.68699859857559,47.78713749590495
32.00700006604195,39.321245151114084
17.941000244617463,21.621966697019012
3.993000064045191,9.55025339918845
0.0,4.033068486874783
0.0,1.3243542740646959
0.0,-0.07652460887537771
0.0,-0.2975929938618743
0.0,-0.35986854598995754
0.0,-0.3925917235854708
0.0,-0.3345907481063115
0.0,-0.19628150021851826
0.0,-0.24923764237853496
0.0,-0.292532826240515
0.0,-0.28285203527068353
0.0,-0.19789952761522378
0.0,0.041652880770237655
0.0570000019390136,0.810455369033636
5.796000018119813,5.7523215853988825
15.574000288248062,16.86468475718131
29.8360007750988,29.74283867284845
45.51299974679947,39.956518918999336
51.24500197887421,45.92964762879431
48.83800083875656,47.6005183068136
44.74199875354767,45.605707138277346
35.67300020933151,38.38205529619999
19.27399989724159,23.17194181793007
4.936000242233276,11.32046163617713
0.0,5.003143246721227
0.0,1.727028568043227
0.0,0.039016019280534886
0.0,-0.23756442963016883
0.0,-0.3256670427996515
0.0,-0.3664476621834494
0.0,-0.2793309659306234
0.0,-0.2183470872112948
0.0,-0.26343123481455
0.0,-0.29412521940731456
0.0,-0.2732868127142933
0.0,-0.17404649920042325
0.0,0.10308000063069755
0.1419999980740249,1.1019943801809757
7.452000243365765,7.784568156549055
23.25499986290932,21.9086052379744
34.84000200271606,36.62778295243921
44.24699873924256,46.720696717571414
45.91900097846985,51.76944395643441
48.40899918317795,52.661026050767894
43.60799857139588,50.081978183137615
34.33499912500382,42.637940291225185
19.22000086665153,25.98831662253393
4.412000139951706,12.434375019053201
0.0,5.258278920886517
0.0,1.6840288743466716
0.0,-0.036595232092972996
0.0,-0.27922412015996156
0.0,-0.3435158336655616
0.0,-0.37395694950618386
0.0,-0.3066242817388526
0.0,-0.1611798605480108
0.0,-0.20143526327608807
0.0,-0.258591390305953
0.0,-0.2709993269231692
0.0,-0.23225277810767397
0.0,-0.1165023237081324
0.0,0.2250803131400636
1.517999992519617,2.572104146591509
5.728999832570553,9.064711947120223
6.81700019389391,16.85207955298314
9.650999849438668,23.1157674238099
22.511000438928605,26.55861976579562
20.79499997854233,28.61806161667208
40.37200037002564,31.284646443160575
32.04099953174591,29.166729620445793
18.02800050854683,19.1357825293788
2.8470000402629374,10.119337044924633
0.0,4.735132499773725
0.0,2.0717266556794796
0.0,0.4315904995271934
0.0,0.05017197296560427
0.0,-0.11603605537610628
0.0,-0.22766781604156955
0.0,-0.1492526341152265
0.0,-0.18612287042123643
0.0,-0.23533202879167264
0.0,-0.2732052097975022
0.0,-0.25804055484504984
0.0,-0.1627762974599657
0.0,0.10004585325705395
0.0389999987930059,0.981615358057633
5.014999755918979,6.791043238979796
22.13599986791611,19.255704577830954
36.20900169372559,33.154765322135184
45.889998836517336,43.26184969907508
46.27999959468842,48.347199767420484
36.65800086021424,48.91960873144975
36.737000887393954,45.66586231993214
33.088999736309056,37.30613647575909
18.572000175714493,21.6173445415005
4.198999998420477,10.3187221781429
0.0,4.463903543540616
0.0,1.4708859356890165
0.0,-0.01124901258837574
0.0,-0.2524674182845953
0.0,-0.3256534542597155
0.0,-0.35979359532572813
0.0,-0.28022828704449976
0.0,-0.17536002226691727
0.0,-0.19957861979153624
0.0,-0.2188877259077161
0.0,-0.18022583110909873
0.0,-0.054520715717003676
0.0,0.2631267440208679
0.2729999915510416,1.2221523117424429
8.616000286340714,7.573154407254128
22.22400041818619,20.86467213523472
36.19699825763703,35.31139974482651
45.86199903488159,44.50229779566571
45.59299800634384,47.933914081513
43.06599947690964,46.15010757476666
35.82600088596344,39.18148650042013
31.5459995174408,27.407066445027844
13.588999826312063,12.806953732018682
4.736999744772911,5.541254830199765
0.0,2.3125833520265875
0.0,0.6563976297526057
0.0,-0.13585926559180939
0.0,-0.2807373624393992
0.0,-0.3276336571599622
0.0,-0.34991321834546907
0.0,-0.27928760368117717
0.0,-0.16701305398105915
0.0,-0.18729148165339
0.0,-0.22758574954094907
0.0,-0.2321333567014312
0.0,-0.1833957929742882
0.0,-0.0402675324359687
0.0320000002440065,0.3653461840918961
2.761000062674284,3.043231287044507
12.521000056862832,10.164306174976268
20.376999418735505,18.199868581417512
23.72200007557869,24.148104436522154
26.420000327825548,26.947387765158602
15.840999717116356,27.545506378652966
17.371999580860138,28.713801950928293
25.712000942230222,25.473572847490708
11.191000236272812,15.224843013304534
1.2999999597668648,7.862954601371859
0.0,3.57816425152906
0.0,1.497429422326435
0.0,0.2967241628734065
0.0,0.0014593956214360437
0.0,-0.12427993192390929
0.0,-0.21834604092116172
0.0,-0.14956038352640433
0.0,-0.1582070110865711
0.0,-0.16999585100560854
0.0,-0.1964199718927102
0.0,-0.1794590246391058
0.0,-0.09475903511987432
0.0,0.1304099692443894
0.1830000079143792,0.7606423019042439
8.853999627232552,4.808219950417772
21.523000982999804,14.516370598900894
26.257000895738603,25.438406593755232
32.35599935412407,32.98564027858935
39.42300181150436,35.6917185780783
39.63500089645386,34.46749666912743
27.060999014377597,30.758650345055692
19.04500005245209,23.19344034143576
5.807000086903572,11.827657407180643
0.9749999698251486,5.651152452734851
0.0,2.5040106495374475
0.0,0.8606127598455551
0.0,0.013687028444728355
0.0,-0.1667623748256596
0.0,-0.2368380841938067
0.0,-0.27994149558434
0.0,-0.19950809044527357
0.0,-0.2267546410851896
0.0,-0.2618518195124948
0.0,-0.2864978187394846
0.0,-0.2644454189918083
0.0,-0.17109534465023668
0.0,0.0933317323682551
0.3509999891370535,1.05465234146144
8.605999990403653,7.4310857637348615
22.414999651908875,21.23864328305403
34.86600123167038,35.700915844988224
42.930999846458434,45.52661621146324
44.66799810409546,50.31752376844394
44.96699950695038,50.850796680919935
38.42700006484986,47.94608930483769
31.8230007827282,40.11239949081728
17.321999641656877,23.27598865617516
3.6419999465346335,10.894974120216778
0.0,4.569416629865438
0.0,1.487831653192822
0.0,-0.03393659534095639
0.0,-0.2655764460830291
0.0,-0.3277764731297578
0.0,-0.3595658334758415
0.0,-0.29671089373843584
0.0,-0.25498298976548683
0.0,-0.28612493874978234
0.0,-0.3109719948918771
0.0,-0.2920379773095598
0.0,-0.21025141713251333
0.0,0.027469510980420164
0.3180000074394047,0.8640536716108922
8.461000064015389,6.383861996838111
17.9070007789135,18.925693674114328
29.33099995136261,33.23369232998529
43.41199995994568,43.699521808277815
46.32899924755097,49.02815364085121
44.99200050354004,49.56353158604406
40.26399820089341,46.35777426189885
30.85899998307228,37.80818533647689
16.89499958574772,20.655307608997546
3.337999936193228,9.252545258034631
0.0,3.929225466611843
0.0,1.316505134240434
0.0,-0.04239340995558005
0.0,-0.2734935408738115
0.0,-0.33988944037695995
0.0,-0.3742597487426675
0.0,-0.3149309897704908
0.0,-0.1293001577944693
0.0,-0.12160177043889647
0.0,-0.1527979646499703
0.0,-0.16001565889787128
0.0,-0.12350368089354302
0.0,-0.0015818567488898871
0.0,0.2998546912971297
1.9090000100433824,2.456877465697352
9.18499992311001,8.451779183956058
11.019000281095504,14.965073299286347
8.470000073611736,18.92048090937714
15.739000293016431,19.239855418450112
13.355999863147735,18.051346429734195
22.912000238895416,18.65094634170427
15.90499955713749,16.607049260848513
6.21499983727932,9.726201952139034
1.7419999460875988,5.126372005520644
0.0,2.2977270660659466
0.0,0.9941891821568036
0.0,0.2859123273555748
0.0,0.09302526659295907
0.0,0.015433707743521263
0.0,-0.09128291898182972
0.0,-0.06447759868375741
0.0,-0.25344703282185216
0.0,-0.27884446664857604
0.0,-0.29897310643117697
0.0,-0.27547559516992826
0.0,-0.18754103666932848
0.0,0.06144915942324425
0.1949999939650297,0.9862834738722479
7.826000014543533,7.124225621421939
21.17199906826019,20.765869457933093
33.413000081777575,35.571026594984026
41.90300126075745,45.858456250754216
45.82400047779083,50.79348367114569
44.587999844551085,51.184729914258725
39.61099813222885,47.722855614626475
29.2569993019104,39.029298978149704
15.420999611616136,21.427087770779934
2.9379999090731146,9.684441355138093
0.0,4.1063430296073395
0.0,1.3293818933909436
0.0,-0.05744312915970229
0.0,-0.2764367463103983
0.0,-0.33651652902617957
0.0,-0.368386402253417
0.0,-0.3151374970611034
0.0,-0.23764707829523274
0.0,-0.23027022705668532
0.0,-0.24898329520612816
0.0,-0.23906261823251973
0.0,-0.18689315022681957
0.0,-0.03024764020042625
0.0,0.4014833518980674
3.633999966531992,3.173487182462888
14.566999499797822,10.555175960573271
13.443000127077102,19.815809128653754
29.79699987769127,26.996929720938553
33.630000598430634,30.003544136523608
23.16300022125244,28.798455650869876
16.08600003540516,25.62135441873162
10.001000450849531,18.467447514726324
6.320000120401383,8.321083288518306
1.0220000128075482,3.6243556527044376
0.0,1.642787279878891
0.0,0.6525187231927527
0.0,0.026872742750019052
0.0,-0.14195035309518172
0.0,-0.20770402373129254
0.0,-0.27637082977808447
0.0,-0.23976685889469052
0.0,-0.16322679215075242
0.0,-0.16965998842741392
0.0,-0.21284182532939505
0.0,-0.23089796187349843
0.0,-0.20396599971875928
0.0,-0.10529415564709
0.0,0.1385404299484284
0.457000013012439,1.907763844784184
1.8249999632686376,6.888783668941249
2.980999897867441,12.639804960712025
10.048999817371367,16.74706014509249
8.115000094473363,18.030580178824202
14.2570000821352,17.916997046987035
25.482999043464662,19.677190520769877
21.150000984668733,18.083916541129348
9.814999567866325,10.705013117619263
0.4870000022090971,5.555238234975571
0.0,2.6318864830344975
0.0,1.2979512458586353
0.0,0.44570937573978786
0.0,0.1733744177771248
0.0,0.048570445822636144
0.0,-0.09766136954855476
0.0,-0.08762167659130343
0.0,-0.2326221964500763
0.0,-0.27408199856238813
0.0,-0.3013138276788735
0.0,-0.28070602927437416
0.0,-0.18984584230937185
0.0,0.06645710757151424
0.2280000077560544,0.9781125151486423
7.079000245034695,7.420892914128667
20.53000009536743,21.284463280075357
34.300999659299855,36.4180042002472
43.41199995994568,46.506040626456205
47.59900140047073,50.981959527205966
46.25499859809876,50.68462997346605
40.79099916219712,46.61045658990567
28.409000908136367,37.31767123239441
13.297999687194825,20.178731185608896
2.5069999915361403,8.748607456978922
0.0,3.6154144105946653
0.0,1.1763234508915146
0.0,-0.07702894228504298
0.0,-0.28895319782569
0.0,-0.3479636904944402
0.0,-0.37743618504417964
0.0,-0.31408578800174924
0.0,-0.17365605600098855
0.0,-0.19405502892289972
0.0,-0.21224114550855
0.0,-0.17310873686665262
0.0,-0.05654498909960104
0.0,0.23884154024762438
0.024999999689171,1.096531107099314
3.7670000512897968,7.076379270181895
18.701000142097477,19.882311645540653
33.318999867439274,34.079931874051276
42.226001319885256,42.96674426475994
46.577998657226566,45.621316931042195
40.19099989175797,42.73836875038594
39.86099988222122,35.038203297211815
24.795999509096145,23.533914069673806
8.199000012874604,10.517948649478635
1.6509999489039182,4.351419887028566
0.0,1.7673307183011016
0.0,0.493193421321547
0.0,-0.1529847021515649
0.0,-0.2821337323311479
0.0,-0.32473440387761854
0.0,-0.34644803937819413
0.0,-0.27129973348172387
0.0,-0.24449290514614896
0.0,-0.2792243723692832
0.0,-0.30234250346689256
0.0,-0.2767217690354698
0.0,-0.17563052312121696
0.0,0.10925375099417656
0.1199999969033524,1.094527563189972
6.752000067532062,7.848270348008485
20.19899979948997,22.29288720369317
34.037000062465665,37.22845478236666
43.05800129413605,46.96720905296052
47.11699894666672,51.49261428634187
45.4540013384819,51.43547919302458
39.23599961519241,47.88894632615029
30.635999802351,39.15503155967559
15.634000009894372,21.454616175282695
2.726000053882599,9.196385637639185
0.0,3.6881974575239047
0.0,1.1685218855433388
0.0,-0.09545630427308927
0.0,-0.29932982627023447
0.0,-0.35391213421475975
0.0,-0.38259014984136563
0.0,-0.31931511165666926
0.0,-0.2382071979770618
0.0,-0.27456820507538066
0.0,-0.29983407702950565
0.0,-0.27464097031173995
0.0,-0.17712455725784854
0.0,0.09701008938118716
0.1270000034756958,1.0321682504775462
6.845999768376351,7.532512971787538
19.77399928927421,21.600522078484353
33.41199979543686,36.63252978377068
42.17300052165985,46.514061044725885
46.16599981546402,50.843388036095895
44.1769992351532,50.49076009989909
36.79799986839294,46.35682933213141
28.989000613689424,37.00735610015841
14.35000001013279,19.766673482745205
2.7860000322759157,8.40185970636928
0.0,3.4095845331140673
0.0,1.0905273819839274
0.0,-0.10077290975228603
0.0,-0.29944517141334787
0.0,-0.35319684057679623
0.0,-0.38109733967347015
0.0,-0.31489839644079476
0.0,-0.24262220837393
0.0,-0.27311993666709466
0.0,-0.2948938226126753
0.0,-0.26983157320855433
0.0,-0.17304871974427272
0.0,0.09633540996253886
0.1140000038780272,1.0335045347939535
6.634999942779541,7.5470260700565035
19.900000450611117,21.759227957727255
33.612999838590625,36.46267448279941
42.23899888038636,45.961840578062564
46.45499835491181,50.26891376052114
44.95200137376786,49.87941284019164
39.575998380184174,46.053537382782416
30.11999993681908,37.118029866361034
15.28799952685833,19.812041492320468
2.641000105887652,8.394326242316819
0.0,3.3679337822705846
0.0,1.0898688939958538
0.0,-0.08311556799875552
0.0,-0.28495619032934455
0.0,-0.3414848048048039
0.0,-0.3731627159530242
0.0,-0.31102029958308475
0.0,-0.23631446299665648
0.0,-0.26920359646206743
0.0,-0.2920480274919908
0.0,-0.2691238185967857
0.0,-0.1764130869791185
0.0,0.0773451602706301
0.0890000021830201,0.9755867284187849
5.958999963700771,7.39349525940968
19.85499988913536,21.32079426177885
33.300000588893894,36.32400991732909
41.6710005569458,46.08117661618093
45.86399960756302,50.341550220835416
44.462000737190245,49.607929868394486
38.945000503063206,45.06617351077613
29.270999202728277,35.218816208985125
11.990000004172323,18.076570297685514
2.266000048369169,7.563498981972808
0.0,3.086951710297834
0.0,1.0021932999978156
0.0,-0.08698725542843011
0.0,-0.28335526408108114
0.0,-0.341602809720337
0.0,-0.37340549417962055
0.0,-0.3146238827464783
0.0,-0.2206845238980466
0.0,-0.24827819852461835
0.0,-0.27032067531713555
0.0,-0.24379233210536838
0.0,-0.14435761280223913
0.0,0.12163950410785385
0.0129999995976686,1.0027874563995758
6.23699997484684,7.279749544060023
19.271999324560166,20.926518277671626
32.10800023078919,35.54975936685046
36.62399934053421,44.88449787843158
36.15199975013733,48.53187686988027
41.00899996519089,47.113088494912425
26.18500081896782,41.5729551572886
23.86499994277954,31.056283040641752
9.387999511957169,15.19181995627258
0.5200000160001218,6.3091818901059105
0.0,2.5818419192750017
0.0,0.8193868218270064
0.0,-0.10301009443776016
0.0,-0.27881098093364964
0.0,-0.33288792802544953
0.0,-0.3624955107685418
0.0,-0.2950835150196907
0.0,-0.07631919602824067
0.0,-0.0700209413653865
0.0,-0.11134489340341547
0.0,-0.13246159243341227
0.0,-0.10453845738814294
0.0,0.007025568101227564
0.0,0.2619944524063642
0.3670000133290887,2.326026570639843
4.717000179886818,7.995855234567889
12.607000034451485,14.679478905055634
10.657000351548197,18.451159141176767
10.371999876499176,17.73718818096537
7.19300002425909,15.236517226313547
10.037000489234924,13.72434580606062
7.145999917089939,10.566858274102888
2.003999997228384,5.6735972061130155
0.0510000008903443,2.911684908341546
0.0,1.4166913236081182
0.0,0.6969539517278702
0.0,0.21930003973195844
0.0,0.08847331964153127
0.0,0.035393245737101786
0.0,-0.05325316174385275
0.0,-0.03554305110186473
0.0,-0.1367173386545168
0.0,-0.13094144708419625
0.0,-0.17337840316286013
0.0,-0.1989502512605984
0.0,-0.18174398862430474
0.0,-0.09727928917410322
0.0,0.09494366364748186
0.0190000006463378,1.6796646069892933
0.662999979481101,6.209351481481576
6.5390001827478414,11.595406812944672
14.563000408411026,15.120724573223027
16.256999704241753,15.244533322070543
12.478000068068503,13.977283826611552
9.897999713420868,14.246572153782827
7.794000094532967,12.19912281956678
3.101000111401081,6.819058430906443
0.3320000045374036,3.5688510517382213
0.0,1.76999844928695
0.0,0.9580430720225481
0.0,0.41273087611631654
0.0,0.22029048939190887
0.0,0.14159251192499
0.0,-0.0047762437263449975
0.0,-0.04099427635860875
0.0,-0.13140864863265034
0.0,-0.15946154071175644
0.0,-0.2046366901613561
0.0,-0.2095054455122214
0.0,-0.15245728292842575
0.0,0.009898177169825773
0.0,0.4713337413178804
3.3099998778104784,3.5761260640486174
11.808999525904657,11.498094217280793
26.416999468803407,20.491768231360936
34.300999659299855,26.918612410352587
26.41599918246269,29.49270906620682
19.73999982357025,29.382736739492948
21.65100066304207,29.024396160495037
18.25900092601776,24.606873689512803
10.266999593377111,14.487222132494374
1.9759999388456344,7.348097042822523
0.0,3.3086614796048845
0.0,1.342015298772429
0.0,0.21765417064637993
0.0,-0.04283261037167896
0.0,-0.15113667581824364
0.0,-0.22643061773472872
0.0,-0.1383356997410955
0.0,-0.16194088586697153
0.0,-0.18488817455681966
0.0,-0.22483207373896313
0.0,-0.22557597481314673
0.0,-0.17066453690477956
0.0,-0.006427149639724683
0.0,0.4651882553690585
2.4480000427365303,3.5731716200056702
12.048000180125236,11.471601641655573
13.810000461339952,20.712519058874022
38.13800152540207,27.49041636253599
37.0029990029335,30.128340667222176
31.41400074601173,29.738692301501402
27.678999330997467,28.70666495044292
24.347000342607497,23.725974228016526
14.240999608635905,13.352958181213591
1.975000037625432,6.461959006307786
0.0,2.8738084439796348
0.0,1.172355250134272
0.0,0.1562336641618871
0.0,-0.08438996442882929
0.0,-0.17678132921839262
0.0,-0.24508898294827197
0.0,-0.1671612338649957
0.0,-0.27600483686488153
0.0,-0.2954814020185288
0.0,-0.3102434785342564
0.0,-0.2818508082584115
0.0,-0.19382596062769508
0.0,0.052956341213535985
0.0320000002440065,0.9407403151168237
6.0159998533129695,7.1877531128199355
18.625000973939898,21.194754343658964
31.473999440670013,36.25150982869029
40.2140003156662,46.16436632117662
44.53499904632569,50.58031012591559
43.23700119972229,50.04279626121839
36.98100091934205,45.96894552892336
28.3630000603199,36.55743092060974
14.040999851822852,18.574743938695896
2.078000004813075,7.432879791976472
0.0,2.9222900241168492
0.0,0.9470267957157641
0.0,-0.11366378933334681
0.0,-0.29991974463557236
0.0,-0.35061868096818327
0.0,-0.3826108966450319
0.0,-0.33292843689996465
0.0,-0.15259517293969183
0.0,-0.14205500597218923
0.0,-0.1761932166727318
0.0,-0.1983859774045491
0.0,-0.18413139473161044
0.0,-0.10344476724042923
0.0,0.08460722735720627
1.0449999874085187,1.6600243364284952
5.423999792635441,6.304672437559939
4.033999993652105,12.017452112387579
4.557999839186668,15.587697367432812
8.03499978095293,15.503168829170134
7.821999896168709,13.588814269189
11.52500036418438,13.18171998281931
18.59600088596344,10.723473568545382
5.6980001989007,5.57474257922806
0.6430000294744969,2.788826659588719
0.0,1.3728125187121218
0.0,0.7707651988909616
0.0,0.3377763341850667
0.0,0.1841937204902664
0.0,0.12959953984062456
0.0,-0.010455771927240676
0.0,-0.07922281220091443
0.0,-0.2061503229530055
0.0,-0.1957684468279971
0.0,-0.22087812202741214
0.0,-0.2225718548019559
0.0,-0.18302137109209626
0.0,-0.054029762355094824
0.0,0.27742877969613566
1.8920000204443927,2.53873151324954
8.350999889671803,8.929754105745063
5.732000178098679,16.500968233563263
18.31899962067604,21.639470274170478
20.18299932599068,22.903767535246125
23.462999856472017,21.49248567995147
16.920999841690065,20.35981407113465
16.723999916911126,15.863502987627394
7.769000124931336,7.860430415694566
0.9500000002235176,3.7025840860086676
0.0,1.7165968314692792
0.0,0.7661540892785543
0.0,0.15586442237761067
0.0,-0.022895446855687562
0.0,-0.09549790875724085
0.0,-0.1872378216578391
0.0,-0.16182558618302612
0.0,-0.23334385928699558
0.0,-0.244638921009957
0.0,-0.26240637497601793
0.0,-0.23785480095823885
0.0,-0.14851205445965676
0.0,0.09395737546257754
0.0,0.8776075137469488
2.771000101864338,6.133345992866101
13.609999677538871,18.109755408742416
26.60700047016144,31.60803361570747
30.594000099897382,41.014495442747396
38.51500061511994,44.93480898648905
36.519998316764834,43.6657535902496
28.87099968910217,38.533495595520144
23.266000958681108,28.443096700933225
11.282999877929688,13.549629784548815
2.2130000203847886,5.743082391324403
0.0,2.3977460002326287
0.0,0.7800423242912125
0.0,-0.07634939029495152
0.0,-0.25222113946772806
0.0,-0.3104528679631589
0.0,-0.34652521851394263
0.0,-0.282385406339396
0.0,-0.2644809253118869
0.0,-0.2814192466701215
0.0,-0.2959429828363146
0.0,-0.2630424800910648
0.0,-0.16879231673886552
0.0,0.08982592659571609
0.0,0.948870699430528
3.9899999752640727,6.734915450497592
15.97099996984005,20.069283908397132
29.390000413656235,34.76618121661075
38.17300127744675,44.60163658755199
42.24599883079529,49.01687943982218
37.5730020070076,48.446072610604546
35.231000993251804,44.043996104140604
27.267000489234924,34.279351402881495
10.251000146865843,17.013522767217204
1.1739999537914991,6.816733049695306
0.0,2.7024531998413885
0.0,0.861245783752083
0.0,-0.12955426267491854
0.0,-0.3011361358951677
0.0,-0.3479815570862611
0.0,-0.37783283863712913
0.0,-0.32376310433259425
0.0,-0.2661118204926931
0.0,-0.2816257050052802
0.0,-0.29644266933779945
0.0,-0.27145206332415217
0.0,-0.1898587773540854
0.0,0.0380634141608005
0.0129999995976686,0.855905275405815
5.183000106215477,6.468301981071811
17.422999806404114,19.849938287766335
29.385999268293386,34.155553815077745
37.91300077199936,43.62128241342134
41.9360004401207,47.912427782268686
40.57200012683869,47.47636463462606
34.84100023508072,43.73671192414775
26.594999088048937,34.890416533880234
13.204999759197236,17.988533518333945
1.7989999640733003,7.6241782304190355
0.0,3.112574284118848
0.0,1.0510842000100005
0.0,-0.06121897275632893
0.0,-0.26185416901646097
0.0,-0.3205087229276203
0.0,-0.35775379908250104
0.0,-0.3056707550038369
0.0,-0.22929531525653246
0.0,-0.21279774225805076
0.0,-0.22787368832787414
0.0,-0.22173773056379242
0.0,-0.18339449658496088
0.0,-0.04662965171965172
0.0,0.29992911989019577
1.7129999864846468,2.594826160539676
7.966999822556973,9.149629077282842
15.933999645113946,17.044964961343375
17.003999987244608,22.235908484715758
17.593999475240707,23.077612368811636
15.388000432252884,20.71206404784312
15.12099997639656,18.620721517808605
2.9369998794794085,13.726671682244838
0.3170000099390745,6.243274153972735
0.0,2.8287911551821137
0.0,1.2904313638443372
0.0,0.5730295499665115
0.0,0.0883648736280428
0.0,-0.06144790365562819
0.0,-0.10831173073191669
0.0,-0.1848312789825215
0.0,-0.1778248478679872
0.0,-0.18681610402400317
0.0,-0.16379973859252517
0.0,-0.18831841689318068
0.0,-0.2080423051061352
0.0,-0.1994862563079397
0.0,-0.12366533431277882
0.0,0.0442891457974226
0.0,1.4436219119701992
0.2810000036470592,5.595521755051042
1.6259999793022872,10.680811117809359
9.288999919891358,13.975563985708265
7.6330002081394195,13.766610606153677
1.2139999821782113,11.878648274327292
1.0330000174045564,11.67278138873898
0.6470000194758176,9.539072796354167
4.01000005364418,4.713712484608027
2.407000113129616,2.3111241298314127
0.0,1.1238331864596285
0.0,0.6472743721963532
0.0,0.3244540572792797
0.0,0.19218289730537397
0.0,0.1662118041993229
0.0,0.020629573897486986
0.0,-0.08446742660836815
0.0,-0.19804048387544648
0.0,-0.22048412668496653
0.0,-0.2554459834065493
0.0,-0.25397428498340474
0.0,-0.20010591250997595
0.0,-0.046201832006377286
0.0,0.42255095313557256
2.062000044807792,3.641520321669847
10.41700043797493,12.13929617881405
9.419000172615052,22.043709733394827
20.62699911475181,29.203309216625136
14.340000227689744,32.56775068991866
19.309999935626983,32.528934678676926
34.319000705480576,31.924786713410974
27.579999738931654,26.84338579580359
13.422000275850296,14.953741989875406
1.8389999924600124,6.712726022295463
0.0,2.8695000015583565
0.0,1.1876759981085196
0.0,0.14221052628044673
0.0,-0.10328848414174074
0.0,-0.1998754630555749
0.0,-0.27592643944313233
0.0,-0.2148636416906956
0.0,-0.24692699296727127
0.0,-0.26413154336775724
0.0,-0.29013629281033315
0.0,-0.27656459077966417
0.0,-0.21398024403484267
0.0,-0.03322924954528439
0.0,0.5025815890014174
1.3469999385625124,4.13735354518405
6.78399998754263,13.64952206234328
18.31899962067604,25.72072649951975
23.05199924707413,34.939165426382296
30.039999623298645,39.107446928425965
30.78499933362007,38.04506997281434
24.480999686717983,33.583055008884905
15.10700007557869,24.340215209508706
8.515999894440174,11.262577519942662
1.2869999601691962,4.687929266686989
0.0,2.0843488172508766
0.0,0.804214664036218
0.0,-0.026015314117619925
0.0,-0.21957028583861188
0.0,-0.288315801215387
0.0,-0.33643066850998005
0.0,-0.27899794429134167
0.0,-0.29309392224604836
0.0,-0.2952531359498233
0.0,-0.30892755950712203
0.0,-0.28594270476540057
0.0,-0.22429296524117348
0.0,-0.04334865998848425
0.0,0.48766362476651515
1.5070000521093607,3.9676788046194744
6.838000045120716,13.320449888559567
9.954999603033066,25.330835669438237
22.152000341415405,34.750526941642875
31.60000060200691,39.336687019726035
36.53900170326233,38.43466270175403
27.70899970531464,34.2698840010795
13.396000019907952,24.98640427096307
9.85499972462654,10.886748806239355
0.8259999892488122,4.09132268561088
0.0,1.6999764092570149
0.0,0.6168310975107967
0.0,-0.0895404466168398
0.0,-0.2558993616052389
0.0,-0.3090386137675893
0.0,-0.3550038700763417
0.0,-0.3145373196216323
0.0,-0.2278640238459746
0.0,-0.20985895196796145
0.0,-0.21898292734399
0.0,-0.21029886406982146
0.0,-0.1666363168843551
0.0,-0.024247990771760763
0.0,0.39543394182859437
1.2070000317692755,3.3989250349490314
5.863000203669071,11.487492201313636
16.413000212907793,21.241932426340767
22.31700034618378,27.6741093961653
14.340999487042428,28.440799258382263
10.711000409126282,24.61506524359023
9.864000247716904,20.354236345812765
2.423000073134899,13.934380231555295
1.5500000409036876,5.926801780346915
0.1219999999273568,2.5792905733183655
0.0,1.15225600009936
0.0,0.4812843195780263
0.0,0.04235672487813469
0.0,-0.093840414525036
0.0,-0.1421338198217763
0.0,-0.21125618974564886
0.0,-0.19719205327152378
0.0,-0.18885537404248698
0.0,-0.17427429478714274
0.0,-0.20140390485014198
0.0,-0.21521820231212113
0.0,-0.19716850299305022
0.0,-0.10667876194012837
0.0,0.11385015287116707
0.0129999995976686,1.7754653395989646
1.040999997407198,6.627534465891585
4.160999900847673,12.379654077197442
6.851000173091888,16.089864569642792
8.975000383853912,16.323872800454595
13.953000328540805,14.802581563545768
13.251999866366386,15.124732388655664
14.979999654889108,12.931729762585041
5.477999850213528,6.84211212548767
0.1259999979520216,3.266192316651546
0.0,1.486780643453813
0.0,0.7675739097926435
0.0,0.28885481762108856
0.0,0.12392798952398998
0.0,0.07487314391373212
0.0,-0.05433659639296473
0.0,-0.10222316653967123
0.0,-0.1977219373437144
0.0,-0.1880570171904863
0.0,-0.21557577912028086
0.0,-0.21898585980075602
0.0,-0.17842464912620914
0.0,-0.043995131357575934
0.0,0.2920943551559829
0.5319999860040844,2.575631822633172
5.9950000020861625,8.907078784046485
14.033999901413916,16.24777155848433
12.10099995136261,21.184645803314552
10.976000292301178,22.200053486201732
19.57100072741509,20.735063411923896
13.007999834418298,19.701272637576324
8.587999971210957,15.524289721572503
3.648000124096871,7.772161464989974
0.1730000008177012,3.662001945849136
0.0,1.6902073162482232
0.0,0.7666358898078607
0.0,0.16853866137763707
0.0,-0.012945908340799228
0.0,-0.08454348031155712
0.0,-0.17500208330804368
0.0,-0.14141065669764052
0.0,-0.2459791699175392
0.0,-0.26086840021070423
0.0,-0.27548427585468993
0.0,-0.24101958036633797
0.0,-0.1495151612895229
0.0,0.09676163438430885
0.0,0.8729872963303547
4.100999922454357,6.230278059344665
16.047000164985658,18.66482692819595
27.531000086069103,33.25941533295012
36.00399845123291,43.117895261355876
39.67000064849854,47.004297011635586
33.71000091195106,45.32171769403194
25.55200031518936,39.20786027137338
19.930000824928285,28.004012628754005
8.33499992966652,12.526334255476607
1.0879999762028456,4.869924961698789
0.0,1.9631378745238361
0.0,0.6085068213151339
0.0,-0.14759618484773573
0.0,-0.2969950290076586
0.0,-0.34069368917437776
0.0,-0.36959797541501543
0.0,-0.31556032679152335
0.0,-0.2527292370605578
0.0,-0.2558096872454855
0.0,-0.2624508597439227
0.0,-0.2235957282492888
0.0,-0.138274309847983
0.0,0.09439116752674781
0.0,0.7968762193797709
4.106000070422888,5.655274884771583
15.754999739527705,17.135859205473523
27.934000458717342,31.30492371696407
34.913000311851505,41.0391324695616
27.505000857114798,44.521868082412716
32.05900057792664,41.69204946300124
22.66300082921982,34.33166518968381
6.3389999124407765,22.49505618035714
0.8660000176355243,8.96778924936312
0.0629999989760108,3.3640987669084277
0.0,1.3389643054403106
0.0,0.3848740884520868
0.0,-0.17077263748997967
0.0,-0.295268350207813
0.0,-0.3324935929503606
0.0,-0.3614045231930802
0.0,-0.3161088214078499
0.0,-0.28068950838178996
0.0,-0.2919631508554704
0.0,-0.30510792000653325
0.0,-0.27822828524048043
0.0,-0.19881187920388527
0.0,0.021302001349294497
0.0,0.788235155691267
4.282999916821718,6.1277147873269255
15.481000360250473,19.06064109964956
27.698000663518908,33.405059892729675
36.35300184726715,43.15275971134967
41.03699976682663,47.522240899323556
39.77099875926972,46.86692126675802
34.87399941444397,42.82993748136007
26.41500095009804,33.57131063087017
12.934000211954118,16.61143852297522
1.6519999784976245,6.593894172303257
0.0,2.624389524434328
0.0,0.8825620998709047
0.0,-0.09399192274516999
0.0,-0.27784160939802266
0.0,-0.3319970910241861
0.0,-0.36951385140741555
0.0,-0.32019998915594955
0.0,-0.1331680614886383
0.0,-0.13264340040150263
0.0,-0.15547463254108423
0.0,-0.154671109075879
0.0,-0.11000568868265082
0.0,0.04378378180753262
0.0,0.4719398378713957
1.3789999869465828,3.6070197646374567
9.017000086307526,11.303252147815822
26.932999334335328,20.916620423807785
34.66800204753876,27.24358010306991
22.55799951910973,27.363575594174797
1.6679999385029078,22.933785221390096
1.8630000608414408,18.112758433348503
0.6290000002831221,12.077497622759468
0.4109999996237456,5.4956897995960965
2.5989998899400235,2.5660706675129177
0.0,1.1740262166967161
0.0,0.48736999268056147
0.0,0.04437909316240063
0.0,-0.08359237595547281
0.0,-0.1279132620964475
0.0,-0.17654534263280863
0.0,-0.14006757820681753
0.0,-0.2645223872276613
0.0,-0.28712605547537173
0.0,-0.306951963594209
0.0,-0.28510625450183325
0.0,-0.2112739737576117
0.0,0.004512010684297518
0.0,0.7133858955177137
2.492000061124563,5.540866626095854
9.588000295758247,17.139420230846923
21.41599910020828,30.999835768508262
35.87700111150742,41.04777435683392
39.46800031900406,45.72299130031011
39.16100073337555,45.07686300049177
26.55800081729889,41.045266748318994
23.853000614643097,31.836660446099685
9.846000228524208,15.771710447114208
1.2689999409765005,6.347323348634875
0.0,2.568271595013197
0.0,0.8960999851461193
0.0,-0.08265608568398664
0.0,-0.27486619639174953
0.0,-0.33090316028969263
0.0,-0.3672058336417741
0.0,-0.31251037360269257
0.0,-0.25810387516784716
0.0,-0.2798131573303323
0.0,-0.298514840090767
0.0,-0.27313112526040556
0.0,-0.19112061507404765
0.0,0.03850297493106558
0.0,0.8027249200026381
3.6949999745190154,6.174575649403753
15.148999778032303,18.850026186751997
28.1710005402565,33.300481415381626
37.89799853086472,43.10875025544498
42.393001897335054,47.36902417141412
40.67100177288056,46.36059883090764
35.405001521110535,41.864389128345344
27.685999281406403,32.250268217953234
13.110999544858933,15.867843690310574
1.7599999652802945,6.267720343623865
0.0,2.493755518474776
0.0,0.842378261299648
0.0,-0.10272050766489399
0.0,-0.28380041124712585
0.0,-0.3363111739319588
0.0,-0.3703266911634482
0.0,-0.313426636855457
0.0,-0.24171877546185455
0.0,-0.2515540517336615
0.0,-0.27169687999129044
0.0,-0.24848587496818142
0.0,-0.17131731958908414
0.0,0.043512058464360126
0.0,0.6557013437670829
0.7129999828711152,4.9025593516347215
9.907999495863915,15.459657148913026
24.617999889850616,28.461676449435757
27.84700019478798,37.82719540585219
39.77099875926972,41.21539666132902
35.04399879693985,38.835559072308676
19.120999220609665,32.35868215423586
3.7510000912845136,21.724931398522536
2.131000032797456,9.306831015883317
0.1009999962570145,3.744097024269297
0.0,1.5996319061330908
0.0,0.5444426113451677
0.0,-0.10643474060946018
0.0,-0.25975012215274845
0.0,-0.311539571510204
0.0,-0.3468997324676068
0.0,-0.2808987177497472
0.0,-0.23732537648933444
0.0,-0.2610805443894947
0.0,-0.28191704026444137
0.0,-0.2537334260934375
0.0,-0.16583808843789732
0.0,0.07018191112204786
0.0,0.8345332742697831
3.2269999890029437,6.270385307827933
14.129000402092936,18.987000625032373
23.977999435663225,33.47996456747261
32.89000026583672,43.154977921373124
30.96900067090988,47.209898001964866
33.57699980020523,46.045021749813294
24.263999170064928,41.247637178191844
16.643999603390693,31.459822049380065
12.021999924182891,15.510968734716274
1.549000011309981,6.062208777787854
0.0,2.3923677996449157
0.0,0.7939918775080197
0.0,-0.116447740030315
0.0,-0.2869814116233034
0.0,-0.33719009221470436
0.0,-0.37049041901140467
0.0,-0.31072201039358605
0.0,-0.23482970063799835
0.0,-0.2408816403318042
0.0,-0.2502870935796052
0.0,-0.21323606867374723
0.0,-0.1235993409837135
0.0,0.11005253614531818
0.0,0.830439742427757
4.063000081628561,6.043579926247027
15.614000445008278,18.382003277883975
25.281999000310897,32.666903679105666
26.422000900506973,41.79332943638013
34.28900033116341,44.79669681419545
31.05300007581711,41.833846535415184
21.42700019598007,34.73588007081181
13.362999813556671,23.44236211882022
5.474000245332718,9.811931860611656
0.3859999979287386,3.6785304787743405
0.0,1.4466678273005442
0.0,0.43066602105009233
0.0,-0.15434966109766957
0.0,-0.28224897565206836
0.0,-0.3219546478074826
0.0,-0.3524065251885064
0.0,-0.30052303418260073
0.0,-0.24435821816428194
0.0,-0.27183938692524545
0.0,-0.2939949826110101
0.0,-0.2697544721377791
0.0,-0.18894333635088972
0.0,0.03193635279246043
0.0,0.7740588087143216
3.821999881714583,6.154412014739239
15.369000126719476,19.01633236635233
27.820000679492956,33.690918660792995
36.93500007152557,43.41662949929535
42.05900074243546,47.472519575608445
41.19999919891357,46.395574205356475
35.863001210689546,41.80899666439427
27.578999452590946,32.25988409012202
13.414000039100648,16.216176140226104
1.7999999936670066,6.432403230502754
0.0,2.572068397765113
0.0,0.8831074860903054
0.0,-0.09651701196221163
0.0,-0.2800248768919511
0.0,-0.3339185129031068
0.0,-0.368088325196571
0.0,-0.309307829421226
0.0,-0.23800264781239405
0.0,-0.24498759638429785
0.0,-0.26751980259785557
0.0,-0.2533997508318478
0.0,-0.19449478376430895
0.0,-0.021832646117431853
0.0,0.46278122112805997
1.302000018954277,3.725069277823427
5.405999773442745,12.454855395899314
19.793000621795656,23.31827593745814
19.185999346971517,31.293532307681296
34.449999190568924,34.5594681028303
25.832000385522843,33.14972377347192
31.13799976706505,29.620916177244013
15.39800021469593,21.877786759702744
6.6500001299381255,10.16496321600325
0.5039999918080866,4.114335712666453
0.0,1.7515057256730509
0.0,0.682069240732317
0.0,-0.022047086374711644
0.0,-0.19509297326440306
0.0,-0.2542760690843262
0.0,-0.3069578998361461
0.0,-0.2544875317808838
0.0,-0.19902306292211275
0.0,-0.2000150250616286
0.0,-0.22717320690145337
0.0,-0.22539600037291835
0.0,-0.18052449224105183
0.0,-0.0350211173096
0.0,0.35386951212874806
1.4580000141263008,3.0179933956814016
11.675000181794166,10.251282607601697
12.6080003207922,19.097943900808907
13.658000071048736,25.235060556771877
23.28399995088577,26.92070209947621
21.250999095439912,25.042395644896402
19.868999789953232,22.656126575312307
10.062000458836556,16.96479479899186
5.977999755740166,8.199959142845193
0.6409999702870846,3.6178410810183994
0.0,1.6204386512096076
0.0,0.7092486282454671
0.0,0.08303662419011615
0.0,-0.08962760493349742
0.0,-0.15169498735749443
0.0,-0.22239336876186522
0.0,-0.18232049332193384
0.0,-0.21272247220958895
0.0,-0.21911694608133536
0.0,-0.2483934033770555
0.0,-0.24867661598357788
0.0,-0.20429426126197903
0.0,-0.061880527327529744
0.0,0.33480396429986214
2.459999884366989,3.070058944388033
9.470999657511712,10.466552636356022
11.012999590039254,19.724458065850307
26.657000409364706,26.49876916672354
36.52199888944626,28.70572678010781
28.10000074982643,26.928119049660822
17.326999019384385,24.087802711379183
7.744000155329704,17.735506240409975
11.404999893903732,8.456334886352098
1.8379999628663064,3.8067218910450737
0.0,1.7642954520909098
0.0,0.7860829687582875
0.0,0.10399921389837252
0.0,-0.09116802707809135
0.0,-0.16647964313993918
0.0,-0.239009319924661
0.0,-0.19728909657086713
0.0,-0.22940606077770825
0.0,-0.2417990745994006
0.0,-0.2603017572724688
0.0,-0.23458234833312197
0.0,-0.15917457280981628
0.0,0.05312570387887505
0.0,0.689623632151593
3.5479999889433387,5.142126100985166
14.997999674081802,16.02507895143114
27.56800041079521,29.33441829031323
30.483999412059784,38.54674916928603
36.6639984703064,41.64400112948885
31.10799939274788,39.13741802910754
18.640999393463137,32.812148225183265
15.635000296235084,22.509820194868738
8.128000222444534,9.906648419897154
2.2899999883770943,3.9829478139442207
0.0,1.6677192009995827
0.0,0.5665808980166553
0.0,-0.104956447185512
0.0,-0.2562473185749612
0.0,-0.3026060623946308
0.0,-0.33549053698239684
0.0,-0.275312906291833
0.0,-0.16516897174764233
0.0,-0.15628532574363874
0.0,-0.17395257352397542
0.0,-0.1707207528564571
0.0,-0.12812905059159962
0.0,0.017379465065606503
0.0,0.418882174689749
3.830000118464232,3.3238808365216226
10.44200040757656,10.78968085636345
15.18099969804287,20.012617041251403
25.93099997758865,26.088619499247763
26.14299906253815,26.41750506219178
12.177000146508217,22.51158376996274
0.6450000244751573,18.4054357946793
4.073000120818615,12.639545781325335
3.613999888151884,5.649502186675563
1.3389999585598709,2.5755595024379785
0.0,1.1597089279581443
0.0,0.4826361159067032
0.0,0.05112654270899186
0.0,-0.07793013197520532
0.0,-0.12268747358052834
0.0,-0.18261017211636976
0.0,-0.16045578016202355
0.0,-0.25964899453854723
0.0,-0.2574300748121093
0.0,-0.27358265623805
0.0,-0.258922210286023
0.0,-0.2050890983119088
0.0,-0.03827385920229964
0.0,0.4296218926056766
0.0389999987930059,3.4814329811952494
4.446999891996383,11.439124718862333
14.764999710917474,21.76110012994159
31.238999931812288,29.94401062966284
41.07899946928024,33.62388082214938
35.28900116920471,32.08701755122222
31.473999440670013,28.191051459880896
25.769000831842423,19.94755801292098
10.303999918103218,8.560799059965635
2.4140000635385515,3.38964029961557
0.0,1.4468477259542478
0.0,0.5612481125859534
0.0,-0.035085332824134396
0.0,-0.19651265979113614
0.0,-0.25107190794741185
0.0,-0.309297105309127
0.0,-0.2740723798129562
0.0,-0.27573168176604995
0.0,-0.2945831514450677
0.0,-0.3213531100186283
0.0,-0.3139125840763934
0.0,-0.2670979123262807
0.0,-0.12370139758000631
0.0,0.3288320487438724
4.588000213503838,3.4255324345025295
10.08499985575676,12.16666155541301
15.536999963521955,23.266319967115848
21.19599977850914,31.948410596012792
25.404999302625654,36.64112390736508
37.39399799346924,36.99886842741578
34.92299906730652,35.62823228965607
25.168999507427216,29.128340560395408
13.540000173449515,15.220997871326821
1.6660000076889991,6.203088346146124
0.0,2.629032152980463
0.0,1.1083233536594919
0.0,0.06908306302151102
0.0,-0.17468024592193687
0.0,-0.2602858332632244
0.0,-0.3264257464366738
0.0,-0.28460319370255555
0.0,-0.18703242687777527
0.0,-0.1867697441952883
0.0,-0.21809916261194479
0.0,-0.231482954936985
0.0,-0.20411620976800127
0.0,-0.10232371615154756
0.0,0.17827961451304208
0.7050000028684735,2.262567671307313
8.002000088095665,8.33240298285212
10.776999794840814,15.416839685397692
15.413000401854516,20.016209784013355
20.533999186754222,20.79631535116664
19.656000418663027,19.201294551988596
8.810999638438226,18.960127330219272
5.185000165402889,15.731491724942499
4.105000040829181,8.335119710680775
0.7129999828711152,4.203050365402186
0.0,2.030627608821101
0.0,1.053793907005118
0.0,0.38001507692269887
0.0,0.1448465141142823
0.0,0.04545897319684089
0.0,-0.08636374759800103
0.0,-0.0992970574372859
0.0,-0.14891833111297692
0.0,-0.1337776842011439
0.0,-0.1679067197694447
0.0,-0.18813476362264436
0.0,-0.1682091567748602
0.0,-0.07074377045281621
0.0,0.14332785150644578
0.4330000088177621,1.8133608958237022
2.7719998747110366,6.595584775832197
3.71299999371171,12.272470307674183
3.8949999880790713,15.772981369976664
5.405000000596047,15.725042401718932
5.102000019848347,14.040022815943454
4.239999928027392,13.692998187887246
2.537000109106302,11.131646311683058
1.490000062510371,5.830193304797994
0.1990000000130385,2.929959527691739
0.0,1.4187988191831815
0.0,0.7453066229927279
0.0,0.29507495778647286
0.0,0.14503015813919118
0.0,0.0967221647687766
0.0,-0.02454408496278504
0.0,-0.056696567990214275
0.0,-0.1692707349749185
0.0,-0.15245289544760848
0.0,-0.17620665005641778
0.0,-0.18435546423726545
0.0,-0.15705235544420204
0.0,-0.045116472672200314
0.0,0.23156072767110059
0.4509999959170818,2.29076612933607
3.0849998946487904,8.109307186161077
18.39799964785576,15.176617607334922
23.55800035715103,19.64917715879188
25.89399965286255,19.635954098003893
12.58900001525879,17.099756990948173
3.986999886482954,15.390324481884376
2.350999996364117,11.538947843425342
0.28499999364838,5.59665093918863
0.0320000002440065,2.6750616423165616
0.0,1.2534876170759346
0.0,0.5988621355193866
0.0,0.16416176963533435
0.0,0.02940713901018821
0.0,-0.013931294005845807
0.0,-0.10394698435282285
0.0,-0.11182723470144296
0.0,-0.16413834530193738
0.0,-0.1635672038980186
0.0,-0.2007243788393731
0.0,-0.21304987191180869
0.0,-0.18465638428370024
0.0,-0.06775650988344417
0.0,0.2071142244835209
0.1410000005736947,2.1439494755158504
2.929999929070473,7.4811583859237345
6.50300014436245,14.183305684316027
15.363999722003935,18.83871750604603
14.642999694943429,19.5200104432757
17.700999304056168,17.884348784545544
9.362999542355537,16.72703946075461
8.702000263929367,12.955139480117955
4.625999797582627,6.587108925605596
0.3300000095367432,3.1735275052742096
0.0,1.5140677966046723
0.0,0.7409555752517458
0.0,0.18741676845395994
0.0,0.015216572240974502
0.0,-0.04198937851801332
0.0,-0.12746863185266277
0.0,-0.11181176974147206
0.0,-0.15273790758382777
0.0,-0.1393347463259058
0.0,-0.1750803087024595
0.0,-0.20161198525191215
0.0,-0.1923403153667238
0.0,-0.1156478357083589
0.0,0.054599047660002675
0.0,1.5083864529887592
0.1020000017806887,5.698475790051545
1.1909999433904888,10.811411638163209
7.568999854624272,14.092804048690548
8.366000076830387,13.9070406306439
4.105000040829181,12.13744195322802
2.1999998924136164,11.970651653724786
1.4030000553280115,9.882212316221858
1.0079999836161733,5.169092001082955
0.3150000149384141,2.6222750049780945
0.0,1.3017981365805302
0.0,0.766244627994257
0.0,0.3813523934488653
0.0,0.22938963523897793
0.0,0.1885155517158439
0.0,0.03945640940377859
0.0,-0.05289706829722174
