{
  "rmse_model_avg": 6.973531341240882,
  "rmse_naive_avg": 9.99781943617072,
  "mase_model_avg": 0.8694673625820588,
  "mase_naive_avg": 1.033850100492596
}