y_true_kw,y_pred_kw
0.0,0.3456620262935758
0.0,0.3065146226249635
0.0,0.2569078272767365
0.0,0.32181102989241483
0.0,0.3887526788748801
0.0,0.5480536703206599
0.0,1.273571834936738
3.681000073701144,5.761149179339409
16.693000283241272,17.451018093824388
30.51199921369553,31.75237070798874
39.95899918794632,42.00464021205902
42.5400008559227,46.190483210086825
25.41500011205673,43.6895455288887
25.4489995777607,39.78562101483345
23.15899907588959,30.151123836040497
10.220999772548677,14.15728467941284
2.3890000939369203,6.5961659309268
0.0,2.649763137996197
0.0,1.0020012823492288
0.0,0.44467995972372587
0.0,0.3715354813076555
0.0,0.30394106922671194
0.0,0.3170274084573611
0.0,0.30984389185439787
0.0,0.30529462503269317
0.0,0.2660630243923515
0.0,0.23196175849996503
0.0,0.27605247276835143
0.0,0.3829895605496131
0.0,0.5539467828138731
0.0,1.3294571857899427
3.6749998961389063,6.34454462081194
16.58299959540367,20.249207190275197
29.825999965667727,36.09799866557121
39.04000100374222,47.26642159700394
44.29700073242188,51.75801330924034
44.86100201845169,49.876858795881276
39.50900178909302,45.75316295146942
29.945999408960343,35.07139883756638
14.926999883651732,16.377010444402696
2.0360000456124543,7.424009171128273
0.0,2.963876798078418
0.0,1.1388409223221243
0.0,0.3939121223147959
0.0,0.28872876252979035
0.0,0.28171623151749375
0.0,0.2753534629940987
0.0,0.2722150196693838
0.0,0.3782246572943404
0.0,0.36839581843465563
0.0,0.3045811250992119
0.0,0.340692896572873
0.0,0.40447931878501553
0.0,0.5396373429521918
0.0,1.1128601791523398
1.0220000128075482,5.348419892340898
10.6799997484684,16.099703136682514
16.715000420808792,29.44293753862381
30.85300031900406,38.35218604087829
37.613001136779786,40.85767327904701
38.601998825073245,37.03561408877373
18.77099964618683,31.462055569887163
12.088000336885452,22.142211091518398
13.181000075936318,11.07015301436186
2.156999903619289,4.926329352706671
0.0,1.8853220307826997
0.0,0.6800667874887586
0.0,0.38392305905930696
0.0,0.37787336604204025
0.0,0.3397188643412664
0.0,0.3147088798787445
0.0,0.36043016229756175
0.0,0.32100139600224786
0.0,0.3027259514573961
0.0,0.2840296183340251
0.0,0.3293719100765884
0.0,0.43451977593358604
0.0,0.61016775599448
0.0,1.2875610807538034
2.8419998922944067,5.906971209645271
16.294000028967858,18.375414127111434
28.90200034976005,33.26239742219448
37.232999134063725,43.7749827170372
30.11600084543228,47.5254526257515
44.4180004620552,44.713904469013215
33.64699930429459,38.89775494575501
24.50500039696693,27.94008022785187
9.108000468611715,12.132052988409995
1.9280000588297843,5.419425587952137
0.0,2.0175959708169104
0.0,0.7914326954446733
0.0,0.35030534758698195
0.0,0.28783419176936154
0.0,0.2819139427598566
0.0,0.27987696014344693
0.0,0.27586588188074523
0.0,0.3454782596230507
0.0,0.3406084749475122
0.0,0.2918226281553507
0.0,0.32240435793064537
0.0,0.345729165636003
0.0,0.45216186780482537
0.0,0.8170138118974865
2.2359999307990077,2.835164516717196
7.416999977827072,8.709095467478038
5.97099980533123,14.554109773039817
18.544000374078752,20.075509623885157
6.456000037193299,22.56550782859325
17.088999678492545,23.139297337532042
32.318999029397965,23.6862300825119
14.085000126957894,18.196705886125564
8.398999769687652,8.554605658203364
0.4330000088177621,4.3712240937352185
0.0,2.66221113152802
0.0,0.99663035960868
0.0,0.4862617743294686
0.0,0.42220756966620676
0.0,0.39474459011806173
0.0,0.3937683395249769
0.0,0.3801732099126093
0.0,0.3412427363358438
0.0,0.3221706700138748
0.0,0.2830832809582352
0.0,0.3095490834116935
0.0,0.4125406034546904
0.0,0.5531738723721356
0.0,1.1544289959408345
3.176000020205975,4.953690367788076
15.72999976992607,15.534454060196875
29.41499935626984,27.89540111362934
26.13400059342385,37.569228852987294
40.706999757289886,40.41456696987152
39.93799933671952,37.87064162373542
34.79799819231033,33.288158389925954
14.83299966931343,24.242194160223008
12.50700015604496,10.634663361907004
3.168000040203333,5.04526457965374
0.0,2.2104921156167983
0.0,0.8257810161449015
0.0,0.38699755633249877
0.0,0.36588625224540006
0.0,0.31538061028346415
0.0,0.3214564479794353
0.0,0.314653246011585
0.0,0.2874955424666405
0.0,0.2776435339730233
0.0,0.25344127732329064
0.0,0.29227079610340295
0.0,0.3727029099501669
0.0,0.5397383447946049
0.0,1.2634386724233628
3.848999910503626,5.750925513505936
17.303000363111497,18.327267901301386
29.85600033998489,32.39909793376923
38.3859985947609,44.00925101041794
31.69499904870987,48.6030875968933
27.534000945091247,47.73992880582809
31.780999026298524,43.3347047328949
19.93099905729294,33.027797411680226
13.805000056624412,14.77606550693512
2.1100000531971457,6.698868841826916
0.0,3.1622794601321225
0.0,1.2803452702984215
0.0,0.4131962295714766
0.0,0.32031913897022607
0.0,0.31325256271287794
0.0,0.31285495787858963
0.0,0.28956421729177234
0.0,0.261868524462916
0.0,0.25903741532936697
0.0,0.23792113735806195
0.0,0.28920385682024063
0.0,0.3514524415507912
0.0,0.519389931873884
0.0,1.2333967692777514
3.917000125646591,5.846383537352085
15.713000037074089,19.154988416433333
28.198000055551528,33.72694724142552
38.220998589992526,46.07383585572243
44.33099814414978,50.84076511263847
43.5119998383522,49.50885817527771
39.145998492240906,45.96432812213898
29.52500004410744,35.59219679117203
15.2610000115633,15.7860322368145
2.2689998804032805,6.907349465787411
0.0,3.0933847384154802
0.0,1.228944647796452
0.0,0.39851936712861064
0.0,0.3079563533514738
0.0,0.2999496337398887
0.0,0.2938496778719127
0.0,0.2913570335041732
0.0,0.32877331267111
0.0,0.3033933733263984
0.0,0.2680626583425328
0.0,0.2995571317523718
0.0,0.41446437102044
0.0,0.5733470788528211
0.0,1.1044419582746923
4.505999840795994,5.209643513411283
10.50499996125698,15.168500740230083
12.148000058531762,27.021619158387182
34.100999902486805,37.1323584151268
41.99600118875504,43.41849257826805
34.22299991846085,43.424451162815096
38.175001850128176,38.721614174842834
21.65200094938278,28.994382030963894
6.347000149190426,14.16260139644146
0.4730000051110983,6.9276032102108
0.0,2.919754824861884
0.0,1.0544818790443242
0.0,0.42427900858223433
0.0,0.3621502870135009
0.0,0.2633893252443522
0.0,0.258894736203365
0.0,0.2989250848069787
0.0,0.36595221181632953
0.0,0.34731725820340215
0.0,0.3085196883790195
0.0,0.3146661956887692
0.0,0.3813016239739955
0.0,0.4944189386279322
0.0,0.9750487838499249
0.1650000047683716,3.713564323633909
4.6909999239444735,11.521221048235894
10.923999780416487,20.487708728313446
16.795999993681907,28.261124901771545
35.21599875211716,31.271861494779586
20.05100055456161,31.029938032627108
14.889999558925629,28.380400318503384
29.942000317573548,22.27171736299992
12.148000058531762,11.513364076316357
1.99399995803833,5.558864630907774
0.0,2.8896508531272413
0.0,1.1114781741984188
0.0,0.4686171732284129
0.0,0.39951513740466904
0.0,0.3741678280429914
0.0,0.31492674576118584
0.0,0.35617910881759596
0.0,0.3780906817130745
0.0,0.4064087212644517
0.0,0.3595054398104548
0.0,0.35772855897899714
0.0,0.3684029675507917
0.0,0.4439240804873407
0.0,0.636737039256841
0.0950000032316893,2.2316714330017566
3.854000058472157,6.9411391691863535
5.680000179708004,12.458960736989976
3.247000067383051,15.215145509541035
3.815999960899353,14.314108832478524
4.003999876081943,13.144127097725868
1.964999998435378,11.903081899285317
3.960999887287617,9.660026560723782
3.101000111401081,5.350882866382599
0.4320000113174319,2.913326521664858
0.0,1.4364681189134716
0.0,0.6180644391849637
0.0,0.45229159383103257
0.0,0.44288186415098607
0.0,0.43525886898860333
0.0,0.45227450410835446
0.0,0.44570526285097
0.0,0.3539865505602211
0.0,0.3716548044793308
0.0,0.3263368074223399
0.0,0.3433063549618236
0.0,0.352546296690125
0.0,0.4009321792237461
0.0,0.6035986388288439
0.0,1.954593721292913
0.0950000032316893,6.212344559729099
0.5439999881014228,10.041309217512609
2.563999881148338,12.462866372466088
5.35099994301796,12.401383680105209
6.57300016194582,12.418562622368334
7.7769998481869695,12.402860488891603
7.514999797046185,11.152969329059124
2.7469999051094054,5.530131303071975
0.0380000012926757,3.0023897477984427
0.0,1.7742360091581943
0.0,0.7666256712190807
0.0,0.5034660061728209
0.0,0.4623546804580837
0.0,0.4402694954443723
0.0,0.4359646344184875
0.0,0.4242094305693172
0.0,0.30130108579993253
0.0,0.2768068596627563
0.0,0.2547049941169098
0.0,0.274683345281519
0.0,0.3931742794369347
0.0,0.5604443860216998
0.0,1.2521919981390237
2.946999918669462,5.960426450073719
15.549999577999117,18.50084633708
30.71299925684929,33.47899844050407
28.88700016260147,45.10872796297073
29.959999309778212,49.79537140369416
47.07999862194061,48.1301637172699
40.37099802970887,43.64093202352524
29.52299947142601,33.35141160964966
10.38700006365776,15.426930467486384
1.9960000172257424,6.997067653536797
0.0,3.2074139151722196
0.0,1.239657031558454
0.0,0.4088077171612531
0.0,0.2900594501756132
0.0,0.2950515908468514
0.0,0.28836254501715297
0.0,0.27648504333570595
0.0,0.30669816464185706
0.0,0.2791544098779559
0.0,0.25021734526846556
0.0,0.27977974930778143
0.0,0.3868840947514399
0.0,0.5494974914542399
0.0,1.3046210849657656
4.239999928027392,6.071892649829388
17.353000302314758,19.452328152656555
31.679000629186632,35.599079664945606
41.257999374866486,47.06676280021668
46.77299903631211,51.6040123462677
46.68899963140488,49.85558987379074
41.77300100803375,44.98081044197082
31.849000011682516,34.280478384494785
16.703000065684318,16.149718480706216
2.8799999898672106,7.336995042860508
0.0,2.9740604113787414
0.0,1.163047190643847
0.0,0.3922186992876232
0.0,0.2892950822412968
0.0,0.2876749604847282
0.0,0.2807147095818072
0.0,0.27814481645822525
0.0,0.2997834221459925
0.0,0.2670770547213033
0.0,0.24019403838086875
0.0,0.2807445885147899
0.0,0.384598736949265
0.0,0.5435380652383901
0.0,1.3033159115538
4.30199996560812,6.361425736546517
17.697000212669373,20.97908552885056
31.859000821113582,36.511848139762876
40.93499931573868,48.05569065332413
45.92600092887879,52.653643407821654
45.4139981007576,51.06402204036713
40.17799822330475,47.22153400421143
30.769999146461487,36.68512566804886
16.353000491261483,17.483947438001632
2.8689999210834505,7.847814780771732
0.0,3.03561524964869
0.0,1.1845646438375115
0.0,0.390229214867577
0.0,0.2913307008892298
0.0,0.28866215272806584
0.0,0.2818266808707267
0.0,0.2790381195303052
0.0,0.295434031561017
0.0,0.26407131750602275
0.0,0.2383596933400258
0.0,0.27527817193418735
0.0,0.3726772673428059
0.0,0.5398032806511036
0.0,1.2699746809899808
4.399000011980534,6.301757218539715
17.74800043821335,20.225919209718704
31.83100101947785,35.480926746129995
40.939000461101536,47.8929007267952
46.26199854850769,52.614761641025545
46.96200180530548,51.02646714210511
41.45200152158737,46.8512144446373
31.503999814987186,36.47654029130936
16.69199999690056,17.626495430469515
2.920999919474125,8.098540043830871
0.0,3.084610152691603
0.0,1.2006460568308832
0.0,0.39319229998625815
0.0,0.2912326235324144
0.0,0.2829531423188746
0.0,0.27594855441711846
0.0,0.2715416204091161
0.0,0.29963131559081374
0.0,0.2943185861641541
0.0,0.26857054403983055
0.0,0.309231840390712
0.0,0.40383971776580435
0.0,0.5433374773804098
0.0,1.0723576326854527
2.088000044003129,4.920508127808571
12.759999684095384,15.218481680154802
20.676000821590424,26.88135210633278
17.84200065255165,37.65126054883004
34.04000092148781,42.743260272741324
34.41599972486496,40.080857479572295
29.22700098156929,35.271139793396
30.303999220132827,25.76578841328621
12.688999893665311,11.461316322982311
2.009000016823411,5.333848215937614
0.0,2.3253602132201197
0.0,0.8540904867649078
0.0,0.3823558421735652
0.0,0.36545743160648264
0.0,0.2729350987449288
0.0,0.24826234518084678
0.0,0.2901021664589643
0.0,0.3270532753039151
0.0,0.31143380702938883
0.0,0.2904235013853758
0.0,0.347240314334631
0.0,0.44011385771678757
0.0,0.6080750199570321
0.0,1.2569478192366659
4.539000047147274,5.8838873429596426
17.471999459266662,18.44710199952126
31.81799935102463,32.99139068603516
41.0139993429184,43.75650925636292
45.81999933242798,46.93378428220749
44.96800184726715,43.89879228591919
38.83399952888489,37.8407994055748
14.495000450015068,26.580800978541372
9.13600027024746,12.309818967878819
0.4460000084154308,5.038736530244351
0.0,1.8279914510250088
0.0,0.701092794816941
0.0,0.34328781136777253
0.0,0.3037432472873479
0.0,0.2686181224696338
0.0,0.26693490513600404
0.0,0.2803808582387864
0.0,0.3670340870693326
0.0,0.37459094720892605
0.0,0.3489247351698577
0.0,0.38145506560336795
0.0,0.4579313359363005
0.0,0.6194900750834496
0.0,1.3186426809057594
4.286000005602837,6.5407650616765025
17.74499957919121,19.177812198400495
32.10599965810776,33.26979276299477
41.12999969482422,41.320292360782624
46.881001205444335,43.72461511611939
35.32799795866013,39.636516730785374
23.405999966859817,30.80395034372807
12.070000317692758,19.378414283692837
9.449999806284906,8.518733223080634
0.0,3.61189212359488
0.0,1.3576230385527017
0.0,0.5214471063204109
0.0,0.3657193968165666
0.0,0.3385107556171715
0.0,0.29611456357408317
0.0,0.3102325920853764
0.0,0.33256682169623675
0.0,0.3361170671600848
0.0,0.34467069898499175
0.0,0.31391957539133725
0.0,0.3254228201694786
0.0,0.3905521300644613
0.0,0.49040609413990743
0.0,0.9274564897082747
0.2350000063050538,3.477678010612726
4.568999907970428,10.275587267279626
8.764999817609787,19.25375796318054
19.926999965906145,26.214479483366013
23.15399969816208,27.254247351884842
38.51599884748459,25.74659400701523
36.667001383304594,23.54651657700539
8.867000268697739,17.738490529060364
6.293999864459038,8.986455921828746
0.5419999931007624,4.1330767381936315
0.0,1.8201823624223472
0.0,0.7380570144951344
0.0,0.41559369807364416
0.0,0.39664435392478475
0.0,0.3875137613457627
0.0,0.3841811597440391
0.0,0.370029407585971
0.0,0.39927702819928523
0.0,0.41353808402549475
0.0,0.360206327047199
0.0,0.35708654785063115
0.0,0.3860581069462933
0.0,0.4970002820994705
0.0,0.8153159118443728
0.8239999942481518,2.9847831933945415
4.814000226259232,9.106500039100649
12.448999980092047,16.79913538813591
16.697000401616098,21.342056989073754
19.177000877857207,21.473933548927306
22.45500083565712,20.386672618985177
16.95599959373474,17.987127411961556
13.739999930262568,14.170263240635396
7.215000161826611,7.874654599428177
0.6820000282675028,4.018395680785179
0.0,1.8146908006817102
0.0,0.715606606863439
0.0,0.456921769361943
0.0,0.42749495181255037
0.0,0.41675381238572295
0.0,0.4244187535904348
0.0,0.4081352155748754
0.0,0.40580425157211714
0.0,0.40893598768860095
0.0,0.3750560283660888
0.0,0.3818422689847648
0.0,0.4457058726251125
0.0,0.5918073720484972
0.0,1.0732925127260386
2.829000021070242,4.666539893299341
9.735999540686608,13.713610959351064
22.52500033974648,24.222779978513714
24.528999053239826,31.040302395820618
23.897999122142792,32.52869766116142
18.86199900150299,30.957833203077318
13.605999559164047,27.402463291287425
21.654999754428864,20.663810473680496
12.05999950826168,9.939937796592712
0.740999977067113,4.881325967013836
0.0,2.147145439982414
0.0,0.8246862789988518
0.0,0.4123145282547921
0.0,0.40082395757781336
0.0,0.3785695806145668
0.0,0.33326154700480404
0.0,0.39180244147544724
0.0,0.387050295562949
0.0,0.3718464500736445
0.0,0.3031980289705098
0.0,0.31217910347506406
0.0,0.3746119844168424
0.0,0.500393578922376
0.0,0.9648153937235475
1.108999955803156,3.9239027689397337
8.07999982893467,12.295419055223466
9.234999862313272,20.50649850130081
25.475999093055727,28.428402765989304
20.56499984741211,30.986294122338297
22.96499898314476,30.201596189737316
16.791999875307084,29.025039677619933
21.623000861406325,22.124581815004348
6.293999864459038,11.040684106349945
1.1259999454021454,5.722388083636761
0.0,2.87225714199245
0.0,1.0308160631731154
0.0,0.4825974168535322
0.0,0.4053598863258958
0.0,0.3864902242459357
0.0,0.3390188739914447
0.0,0.37933194121345876
0.0,0.2553476559463888
0.0,0.23711370011325925
0.0,0.22190529113169755
0.0,0.25878362091258167
0.0,0.3205820799991488
0.0,0.4980659238458611
0.0,1.1742312828451396
2.09200003400445,5.877366739213467
12.361999716162682,18.676015577316285
31.40600050926209,31.44094993889332
42.59800103187561,44.685434306859975
47.96600173473358,50.73453963279725
47.72500050783157,50.371715031862266
43.221000726223,47.3209710931778
32.76800024986267,37.81196568965912
18.07200078368187,17.9356681227684
3.6669999161362647,8.154401003718377
0.0,3.4231355749815706
0.0,1.2855771966278553
0.0,0.43350385877303776
0.0,0.3331455454975366
0.0,0.2792577184550463
0.0,0.2729116465104744
0.0,0.2651579430513084
0.0,0.3401726629491896
0.0,0.33935657653957607
0.0,0.3192413471266627
0.0,0.3515842971857637
0.0,0.43201350466581057
0.0,0.5775564083317295
0.0129999995976686,1.1980499915592373
3.6380000849068166,5.483320161700249
18.454999537467955,16.940830980539324
30.68000007748604,30.49405978679657
42.01399812698365,39.27610965967178
32.19500049471855,41.78873035669327
28.578000004291532,38.23019629478455
15.868999518752098,31.727891421318056
5.380000030994416,21.012215135693552
4.6770000231266025,9.45508442401886
4.158000068813562,4.063037823438645
0.0,1.5554211897775532
0.0,0.574458848387003
0.0,0.3561809379491024
0.0,0.3529385734628886
0.0,0.30001356374472377
0.0,0.30254894044250247
0.0,0.31303270704112945
0.0,0.3198387171793729
0.0,0.2780147099122405
0.0,0.2331800471199676
0.0,0.2742208877578378
0.0,0.3762816759292036
0.0,0.5453648517350667
0.0129999995976686,1.3108771751075983
5.334000210165978,6.361221879422665
19.06399933099747,19.97412844657898
33.30700053930283,35.98772890686989
43.30299955844879,47.30648234605789
47.33799855470657,52.262566366195685
48.43800132513047,50.85302940368653
40.751998264789584,47.063324444293976
23.914999881982805,36.93370195865632
11.90900043129921,18.60362729907036
3.370000112950802,8.727698585391044
0.0129999995976686,3.3063221053034066
0.0,1.2141572718136011
0.0,0.4270137276872993
0.0,0.2933564508240669
0.0,0.2817311388906091
0.0,0.27477724247612056
0.0,0.2719340822799131
0.0,0.3109474078472704
0.0,0.2671431430056691
0.0,0.23484920755494387
0.0,0.28020572468638416
0.0,0.3658434322476387
0.0,0.5380268805474042
0.0190000006463378,1.316191196292639
5.6620001605153085,6.520766010284424
19.478000799417497,20.905343680381776
33.83900087833405,37.06224183440209
43.67299869775772,47.84999727487565
48.8290003156662,52.73450022935867
48.99100151538849,51.61549612641335
43.21600134849548,48.16123626708985
27.89800042033196,38.040330855846406
12.214999730587008,19.418597757816315
2.7430000434815884,9.12414985537529
0.0,3.3429529710859063
0.0,1.2551158972457053
0.0,0.4193543065432459
0.0,0.2878779029473662
0.0,0.2876630859356374
0.0,0.2805388218350708
0.0,0.27793239040300255
0.0,0.36503894669702275
0.0,0.322687726393342
0.0,0.26381420142482964
0.0,0.31594187528826295
0.0,0.40370930455625054
0.0,0.5646117598912679
0.024999999689171,1.3376813701167702
5.936000053286553,6.314234866350889
20.46899906039238,19.411638886928557
33.85300077915192,35.07665701627732
43.42300105571747,45.42500741243362
48.07899917364121,49.44498568177223
43.30900127649307,47.45582489132882
27.31299928307533,42.513779797554015
13.501999562382698,32.094684303998946
18.44300020933151,15.76107231974602
3.891000126451254,7.37775311678648
0.0,2.658845435008407
0.0,1.0451655892282725
0.0,0.4102290685940534
0.0,0.33299011727795
0.0,0.31493683429900554
0.0,0.3136016102693975
0.0,0.30962657286785544
0.0,0.32354851887561387
0.0,0.2788661792688072
0.0,0.2356058811023831
0.0,0.27739601381123064
0.0,0.391762225611601
0.0,0.5764340623514727
0.0129999995976686,1.380353236235678
6.031000040471554,7.172143437862396
20.588000271320343,22.34904442667961
34.77899891376495,38.59461272716523
45.01799973249435,49.394714617729186
50.05800099849701,53.95405673027039
49.31200100183487,52.95514244556428
46.14700053691864,49.91506891250611
33.56299989938736,39.69545351982117
19.853999602794648,20.46416605472565
4.95200020223856,9.528623955845832
0.0,3.228048158660531
0.0,1.2287151159718632
0.0,0.41262970125302667
0.0,0.28338659545406697
0.0,0.28575706836301834
0.0,0.27859101066365843
0.0,0.2754497270751744
0.0,0.3661614249437116
0.0,0.34946974487975235
0.0,0.2895129320770502
0.0,0.3077362730260938
0.0,0.3940438362886197
0.0,0.5264916787343099
0.0,1.0709870529733598
4.399999784827233,4.813463625013829
15.6609995251894,15.188401200771333
29.4560008263588,26.76844298839569
32.93500082731247,35.52636685848236
25.104999667406084,38.69861785888672
23.473000665903093,37.02818074941635
22.969000128507616,33.59098840415478
16.284000246524812,25.77608191430569
15.33499963402748,13.681038493514063
4.928999778330327,6.21571051299572
0.0,2.3535629733651877
0.0,0.8381677113287151
0.0,0.4262632561847567
0.0,0.3841287618456408
0.0,0.3409926968440413
0.0,0.3042049827100709
0.0,0.3525602727942168
0.0,0.33922314879251647
0.0,0.2918255165591836
0.0,0.2366788589395582
0.0,0.27469665600918236
0.0,0.39361688911914827
0.0,0.5811934206681326
0.0,1.3367520101368426
6.2070001140236855,7.013428086340428
21.157999167442323,21.354299713373184
34.936000735759734,36.88086137056351
43.17099873304368,47.637753766775134
49.58499906778336,52.56658563256264
44.39999941587448,51.714857218265536
32.43000000357628,48.53159690618515
24.706000440120697,38.44323879957199
17.462000703811647,20.38618685364723
4.356999796032905,9.760298077464103
0.0,3.3190514935553073
0.0,1.2201685857772828
0.0,0.4308228583820164
0.0,0.2885015414282679
0.0,0.28201624841894957
0.0,0.27549874168355015
0.0,0.2727804808830842
0.0,0.33412217524135485
0.0,0.30402270035818213
0.0,0.2682663951162249
0.0,0.3122988438606262
0.0,0.43608820388559244
0.0,0.6518702679127455
0.0,1.4523748155683278
6.254999994039536,7.644199512600899
21.194999492168428,22.755555044412613
35.51599838733673,39.26302583217621
45.72499883174896,50.16839810371399
50.37499933958054,54.38022800683975
50.1670013999939,52.570065068006514
46.3359991979599,47.63385326623917
34.506999080181124,36.40939170598984
19.66099979639053,18.35810732483864
2.22100000038743,8.486764626204968
0.0,2.982641666606069
0.0,1.1850602939352393
0.0,0.38308370495215055
0.0,0.2704921910865232
0.0,0.27841482605319473
0.0,0.27172379845753303
0.0,0.26837491886690257
0.0,0.3027528336481191
0.0,0.2920751388370991
0.0,0.26283106097020204
0.0,0.3322374634258449
0.0,0.43148305785842234
0.0,0.6190160049777478
0.0,1.295865017119795
2.0000000072270634,6.596619859635831
16.03399952352047,20.561949692964557
27.4530003452301,36.27736417889595
43.83400166511536,47.277295346260075
48.00699909687042,50.90670390605926
39.21999914169312,48.53531460285187
46.26399912118912,42.68616590023041
22.88300015091896,31.39634271383285
6.4380000180006025,14.707074505090716
5.083000227808952,5.919789560735225
0.0,2.031891451627016
0.0,0.7824547981843353
0.0,0.3344644465926103
0.0,0.2683722551167011
0.0,0.24391967815812673
0.0,0.2397591651137918
0.0,0.2483221913035959
0.0,0.3312350749690085
0.0,0.28379238409921526
0.0,0.23985569396521894
0.0,0.2813551970850676
0.0,0.38887424097163603
0.0,0.5760409883200192
0.0830000011343509,1.400880737155676
6.799000174701214,7.347409728467465
20.92399994492531,23.213293879032136
35.631998739242555,39.87947539687157
45.18399796962738,49.92519912242889
49.551001656055455,54.66162683486938
50.20200115203858,53.38156225323678
45.808000004291536,49.926562962532046
35.113998301029206,39.64401374340058
20.148999860286715,21.13361436367035
4.857000215053558,10.093992162942886
0.0129999995976686,3.5410556242614986
0.0,1.3366814688965678
0.0,0.4202789808902889
0.0,0.27992442624643443
0.0,0.2891300901956856
0.0,0.2816124254930764
0.0,0.2788111070357263
0.0,0.32161686671897766
0.0,0.27359615810215476
0.0,0.2364072526991367
0.0,0.2771554418653249
0.0,0.373786962875165
0.0,0.5545066353748552
0.1080000028293579,1.37804918859154
6.625999933183193,7.122800770998001
20.82799915790558,22.30637923598289
35.70199824333191,39.43281160116196
46.34900086641312,49.47315596342087
51.17499836683273,54.35253630161286
51.23299854278565,53.53763773202896
46.53300014972687,50.78747470378876
35.450998260974885,41.01440603017807
19.979000477790837,22.16959059238434
4.95200020223856,10.40647483766079
0.0,3.392265085056424
0.0,1.2942319456860423
0.0,0.41522124135866756
0.0,0.277585781943053
0.0,0.285029310947284
0.0,0.27741112979128957
0.0,0.2748660769406706
0.0,0.33793882109690454
0.0,0.2946337350923568
0.0,0.2367849997570738
0.0,0.27648171364795415
0.0,0.3912590628233738
0.0,0.5775157849444077
0.1020000017806887,1.4274887774512173
6.537999896407127,7.355650280416012
21.12199912905693,22.664882271289827
36.10099952459336,39.65876129150391
46.526998431682586,49.5899820137024
51.120001103878025,54.48172523379327
51.25099958896637,53.708446381092074
46.995000984668735,50.95539957046509
36.47200100421906,41.51341540575027
21.131999938488008,23.073298978805543
5.217000085413456,10.825041781365872
0.0129999995976686,3.546443588584662
0.0,1.3338392153382301
0.0,0.4402494531311094
0.0,0.2854735795501619
0.0,0.2843613274442032
0.0,0.27710160522721705
0.0,0.2741433180682361
0.0,0.33353555593639606
0.0,0.2754443514347076
0.0,0.22777481656055895
0.0,0.2774213515315205
0.0,0.3750862072804011
0.0,0.5653733812691644
0.1640000072680413,1.421119526065886
7.681999861001969,7.429693549871445
22.38100018620491,22.80246169567108
36.54400108098984,39.648887828588485
46.73000110149383,50.099183218479155
50.74600081920624,54.79144222974777
50.54999809980393,54.06119212150574
46.658001024723056,51.50765622138977
36.40700087785721,42.074011199474334
21.197000064849853,23.2666171514988
5.258000015020371,11.03348800122738
0.0129999995976686,3.582941716164351
0.0,1.3345277466252448
0.0,0.4402965822536498
0.0,0.2807870239811018
0.0,0.2857484914083034
0.0,0.2779017412289977
0.0,0.2749624052084982
0.0,0.3160644880309701
0.0,0.2521304314071312
0.0,0.21713235624134541
0.0,0.2744501548120752
0.0,0.3590172032825648
0.0,0.5555039335321635
0.1569999926723539,1.4416076805070042
7.471000035405159,7.791064449250698
22.414999651908875,23.93013768553734
37.19999995470047,40.32106587171555
47.94500188350678,50.4392579805851
52.38900091648102,55.19933106541633
52.05200095653534,54.48681909441948
47.78399891614914,52.41454621672631
37.31399973392487,44.75005444765091
21.592000200748444,25.436131417751312
5.443999871015549,11.387134923636914
0.0129999995976686,3.651142322346568
0.0,1.3598401773348452
0.0,0.4486060707736761
0.0,0.27792319565080104
0.0,0.2825916425324976
0.0,0.27475383838173006
0.0,0.27181519236881285
0.0,0.4237395454291254
0.0,0.378399740923196
0.0,0.2683666548226028
0.0,0.31040704554878173
0.0,0.32093481312273064
0.0,0.4216332732141018
0.0,0.7225944259762764
0.0,2.9647596226632595
0.7629999862611294,10.020549167990684
3.6259999865293504,16.354962551891802
14.23200011253357,19.46228993654251
14.262999746203423,24.13539151310921
17.106999697685243,26.833686510920522
37.193000004291534,28.989373410344122
30.77899966955185,25.42914789915085
22.454000549316408,15.753339099884034
3.587000116109848,8.872830479741097
0.0449999998416751,4.470179011821747
0.0,1.724907976873219
0.0,0.7730642763897777
0.0,0.5772282660286874
0.0,0.49890390069223944
0.0,0.4305934549309314
0.0,0.39480523865669964
0.0,0.4828142872313037
0.0,0.48609959906898437
0.0,0.4140140532935038
0.0,0.3887037364766001
0.0,0.4248243496753275
0.0,0.5773222835734487
0.0259999991953372,0.8302381762862205
7.713999781012535,3.5984271551668643
12.184000096917153,10.856912814378738
27.23000016450882,18.921614629626276
33.51999991059304,23.290896175503732
11.664000113010406,22.38777419924736
12.949000399112702,20.264693142771726
23.33399989008904,16.471391157805922
12.30700039923191,11.67044189542532
7.500000123381615,6.676536216884852
1.1410000041872264,3.8497600100189446
0.0,1.6836011704057454
0.0,0.6637192241288722
0.0,0.4916477970033884
0.0,0.4941593764629215
0.0,0.4970484382100403
0.0,0.5343823093920946
0.0,0.5404562054388224
0.0,0.3974777183658443
0.0,0.4056844667973928
0.0,0.384294242511969
0.0,0.36443578468635673
0.0,0.39039419086650007
0.0,0.481036234581843
0.0,0.810689074024558
1.2089999625831842,2.9739041808247566
5.314000131785869,8.838531390279533
5.796999790966511,15.409721229076386
11.396999657154083,20.059706332087515
15.473000123500825,20.821230279803277
32.92299944519997,19.716288723945617
23.19300059556961,17.454466206133368
20.81200073838234,14.172572936713696
8.11300003528595,8.153457201719284
2.2920000475645064,4.258664151728153
0.0,1.8628854874894023
0.0,0.7216399368830025
0.0,0.4477314299996942
0.0,0.41297096616588536
0.0,0.40282942728139454
0.0,0.41566010169452056
0.0,0.39032099255127833
0.0,0.47536978790769346
0.0,0.49092951332917434
0.0,0.438860291079618
0.0,0.45170712531544266
0.0,0.5169056368805468
0.0,0.6609400340542197
0.0,0.9541558356583119
6.983999744355679,3.7835697329044344
21.265999282598496,11.111796865463258
31.178000950813296,18.941810349226
27.56800041079521,22.913398996591567
16.471000388860702,22.230050404667857
18.28299958229065,20.332582186460495
21.15500036239624,16.795578928589823
8.059999750554562,13.042843484282493
2.4300000235438346,7.071863705217838
0.2389999963063746,3.6837162002921104
0.0,1.761095248013735
0.0,0.6571140543371439
0.0,0.4672101996280253
0.0,0.4893749566818587
0.0,0.4690305682807229
0.0,0.45420149654150005
0.0,0.48480342997005205
0.0,0.3547710188571363
0.0,0.32578550741076473
0.0,0.2789573244564235
0.0,0.3007244641147554
0.0,0.42135382125386966
0.0,0.568971474331338
0.0439999983296729,1.1816116039454936
4.185000097602606,6.273679365813733
21.898999786376955,18.845304284095764
29.176000756025317,31.196682890057566
43.12899903059006,41.507391093969346
42.963999025821686,47.07952620744706
43.73500001907349,47.33809303760529
42.53300090551377,43.30594085216522
33.180999377965925,33.70416145801544
19.815000759363176,17.38461715579033
5.757999920547008,8.370200457870961
0.024999999689171,3.445099639594555
0.0,1.2774843383952978
0.0,0.45511879559606316
0.0,0.3415944476425648
0.0,0.30449606160633264
0.0,0.29806767817586655
0.0,0.2918216172140091
0.0,0.3388182614347897
0.0,0.31360602310858665
0.0,0.2861886360123754
0.0,0.3361526627279818
0.0,0.4467750079324469
0.0,0.6605936606018803
0.3550000112317502,1.4377365775033832
9.126000487804411,7.254512499272823
23.16099964857101,21.54921177148819
29.489000005722048,36.583827676773076
46.163001010417936,46.77417801856995
48.79299822330475,50.5918293762207
46.07900160551071,48.18611197113991
30.41700076699257,43.59483669281006
22.5719994199276,32.73937193155289
13.107999712824824,15.499915425777436
1.897999941259623,6.666583932638169
0.0,2.295816335082054
0.0,0.9402050697989761
0.0,0.3654780170693993
0.0,0.2866411686595529
0.0,0.2913643187005073
0.0,0.2871738224197179
0.0,0.28249940617009994
0.0,0.34822972448775547
0.0,0.3319219053070992
0.0,0.2752617722190916
0.0,0.319440951878205
0.0,0.43493101436411963
0.0,0.6570252809161321
0.3420000116340816,1.618362847007811
6.729000157117844,7.825515276193619
22.511000438928605,23.08046119332313
33.17900085926056,39.63585535049439
44.93800147294999,49.39832550764084
46.39199880123139,52.986282776594166
26.539999771118165,50.30241182565689
28.273000991344453,44.53775959014893
14.391999712586404,33.210708087682725
6.4449999684095385,16.54118731826544
7.132999789118767,6.555123894810677
0.0380000012926757,2.2683673199638728
0.0,0.8785933299735189
0.0,0.37223113732412455
0.0,0.2932395346555859
0.0,0.29840676876250655
0.0,0.2957557114912197
0.0,0.2896126943361014
0.0,0.3738019877346232
0.0,0.3166588252596557
0.0,0.24379748262930656
0.0,0.31296661875676357
0.0,0.40143238256452596
0.0,0.6077178557217121
0.3700000058300793,1.5913348969817163
9.014000254273414,7.817697329819203
23.632999238967894,23.428538246154787
37.53099819660187,39.0744852077961
47.43700020074844,49.09428159356117
51.9229989361763,53.739695572853094
51.53999812841416,53.17717520356179
47.43499962806702,50.5128088092804
31.222999458312987,41.68760489940644
19.82399922847748,24.069970321655276
5.873999758958817,11.578436605334282
0.0190000006463378,4.176153879463673
0.0,1.5836989842355256
0.0,0.5019539588596672
0.0,0.31227823188994075
0.0,0.3080076700658537
0.0,0.3136854782840237
0.0,0.3100752061698586
0.0,0.33391100460663437
0.0,0.2903575013577938
0.0,0.23970978945493696
0.0,0.2883580358978361
0.0,0.41322923214407636
0.0,0.6398075583763421
0.4779999926127493,1.592007830888033
9.492999795079232,8.369168848395347
24.08900040984154,24.901580040454864
38.50300128698349,41.328719824552536
48.64199811935425,51.593697278499604
53.33399832963944,55.663145561218265
53.99000131130219,54.177619700431826
49.56599978923798,50.774308717250825
34.94899829626083,40.71033130645752
13.574999925494197,21.206988550424576
2.7330000042915343,9.780474284291268
0.0,3.198312105387449
0.0,1.2956795495003461
0.0,0.4059061871375888
0.0,0.2776941452268511
0.0,0.28570161100942637
0.0,0.2787147787678987
0.0,0.274518706263043
0.0,0.35152784121455627
0.0,0.3179389176983386
0.0,0.2532395062688738
0.0,0.3004726434405893
0.0,0.41176663407357406
0.0,0.6285281932144425
0.4960000118054449,1.5436200703307987
8.380999750494958,8.30543602526188
25.015000598430635,25.01256047487259
40.10900105953217,40.52528654932976
50.500998446941374,50.46234672546387
55.61799916744232,55.02985544681549
54.920998823642734,54.21782833576202
41.232998378276825,51.0997427380085
37.82999959945679,41.28224861621857
23.185000358819963,23.53576812028885
7.107999819517135,11.341943855881691
0.0380000012926757,3.867029455602169
0.0,1.498928311318159
0.0,0.45670645490288736
0.0,0.29887476239353417
0.0,0.30846517778001725
0.0,0.30088387191295624
0.0,0.2974143051821738
0.0,0.3651756814215332
0.0,0.28473713285289703
0.0,0.24802051356993615
0.0,0.31427820282056923
0.0,0.38922617245698343
0.0,0.5873609631881118
0.5710000168904662,1.5915714893490076
9.710999571084976,7.692914176285267
24.688999680280688,23.43863148450852
39.326000738143925,39.72595917224884
48.87399882316589,50.05639684319496
50.32700202703476,54.64695117592812
43.01400101900101,53.688972634077075
35.70899819374085,51.00078422546386
26.2289990401268,42.629451513290405
17.70199959039688,23.82270857572556
6.872000024318695,11.38533615410328
0.0439999983296729,4.15040626257658
0.0,1.6183116901665926
0.0,0.4943838054407388
0.0,0.3259173149056732
0.0,0.3208116601943038
0.0,0.32738168750889596
0.0,0.31950233045965437
0.0,0.3271785845793784
0.0,0.2634747899044305
0.0,0.2283402055641636
0.0,0.3028033927734941
0.0,0.33497523699887094
0.0,0.508663720479235
0.721999992467463,1.2326477098837496
12.096999832987786,6.553335395157338
25.695000182390213,20.0169959539175
36.888000991344455,32.28464114487171
34.92700021266938,42.637096412181855
48.84700136184693,48.93961308836937
51.77300117254257,50.030194270610814
47.7800018787384,49.31071726679802
38.05000097513199,42.02316707611084
22.81499916553497,23.95263077735901
6.621999814808369,11.969093095362187
0.0510000008903443,4.585069959908724
0.0,1.6523930581659079
0.0,0.5283702251873911
0.0,0.3805474641802721
0.0,0.31466800896450875
0.0,0.3074087922181934
0.0,0.3053353354800492
0.0,0.2950571911409497
0.0,0.2504379310645163
0.0,0.22074398430064318
0.0,0.2920456289779395
0.0,0.3513749360479414
0.0,0.542243131508585
0.4149999896250665,1.4970084213837982
5.52799978941679,7.842049269974232
22.719000432491303,25.097537572383878
39.01700057983398,39.87954934000969
49.670999045372014,50.3945449757576
54.17499882698059,55.2355529332161
52.52400054693222,54.860188808441166
46.56500109672547,52.64729456782341
36.34000017881394,45.24160172820091
18.531000759601596,25.655222882032398
5.54999992698431,12.100071040689945
0.064000000488013,4.333342356532812
0.0,1.6403344214707616
0.0,0.4854596966784447
0.0,0.30887947116978465
0.0,0.3068935124971903
0.0,0.3036209875717759
0.0,0.30006117426790296
0.0,0.33127459523966535
0.0,0.29544956475496287
0.0,0.2480437491741031
0.0,0.26985228928737337
0.0,0.3649373720586299
0.0,0.5225116066844202
0.0629999989760108,1.0835366220399738
7.043000206649304,5.468901506513357
14.510999896526338,16.364101718366147
17.085999846458435,27.335864144563676
30.53499963760376,37.390235109329225
48.16799795627594,45.16653711915016
49.86799999713898,47.25665288686753
46.20500071287155,44.07031571865082
35.68200073242188,35.24140643596649
18.58499979019165,19.273578832149507
4.052000012844801,9.703174949288368
0.0439999983296729,4.058366311639547
0.0,1.444757645353675
0.0,0.5078458212781697
0.0,0.3959638129896484
0.0,0.27411122469231486
0.0,0.2678605824010446
0.0,0.2883463378623128
0.0,0.3476570468209683
0.0,0.3002931612357497
0.0,0.2469661900075152
0.0,0.29002795052714636
0.0,0.41389026860008016
0.0,0.625589967891574
0.5230000085011125,1.4960799600183963
9.606000314950943,7.739102962911129
21.903999164104462,22.984027017354965
35.057998697757725,37.6726177918911
46.59500147104264,48.847235515117646
43.41800167798996,53.39546356320381
49.30199813842773,51.60138736486435
41.77199866771698,48.06447345495225
27.9790010201931,38.81419919967652
19.5400000667572,20.40181555747986
2.3020000867545605,9.356436575353147
0.0,3.2871956086158756
0.0,1.2947585337981582
0.0,0.43302566747181115
0.0,0.2884504648204893
0.0,0.2936996814562008
0.0,0.2889687567949295
0.0,0.28496014169882977
0.0,0.3749922306602821
0.0,0.2904250900074839
0.0,0.23038974471390244
0.0,0.2912299678055569
0.0,0.3966488554375246
0.0,0.6320454049110412
0.8079999700561166,1.6844923392683269
11.449000169038772,8.726855428218842
27.78400064110756,24.941694192886352
42.61700031042099,41.66273124933243
52.7759987616539,51.5358573126793
57.48300121307373,55.97216420531274
56.08299880743027,55.248273206949236
51.34899889469147,52.536755738258364
40.96000031232834,45.770418404340745
23.852000328302385,27.233550462126736
7.561999904215336,12.856869302988054
0.0779999975860119,4.334902222976089
0.0,1.5911696802824737
0.0,0.518006696421653
0.0,0.3120210275519639
0.0,0.30062234543496746
0.0,0.3136484826449305
0.0,0.30186634643003346
0.0,0.3703937890194356
0.0,0.3241802609339356
0.0,0.25967231056187295
0.0,0.32320879976963623
0.0,0.42450326242716985
0.0,0.6719335878826678
0.8999999968335033,1.7415992281958461
11.39099999308586,9.1198827201128
26.36599924325943,26.695882176160815
40.83200063228608,41.729526550769805
51.18500123023987,51.3290280854702
55.53699856758118,54.827618910074236
53.54799798727036,53.04480260848999
40.61199925661087,48.29713553905487
29.03399912118912,38.88652585864067
17.34299949288368,21.69535319507122
4.701000219881535,9.281441801488398
0.0700000015366822,3.279122070595622
0.0,1.2791276476159692
0.0,0.4509407836385071
0.0,0.3249919665977359
0.0,0.31470135761192064
0.0,0.3269915367499925
0.0,0.3181736555253155
0.0,0.34937185872811827
0.0,0.3403643245901913
0.0,0.2983075119741261
0.0,0.3347631800174713
0.0,0.4443486421555281
0.0,0.6496979791624472
0.6560000290721655,1.4991779977828266
7.862999825775623,7.554218929409981
26.851000502109528,23.07427461743355
35.47899806261063,37.19347447276115
45.66399985074997,47.537907936573035
37.16500020265579,51.332875182628634
32.22200001001358,49.713884011507034
37.22899798870087,45.19365987300873
36.47599804162979,34.861593399047855
15.186000102758408,18.32794057846069
3.9779998768866074,8.337865739762783
0.0439999983296729,2.780363793596625
0.0,1.182741547524929
0.0,0.4006044898089022
0.0,0.30946387549862264
0.0,0.3128903889656067
0.0,0.30716886213980615
0.0,0.303738738168031
0.0,0.3519282810948789
0.0,0.29799445713870226
0.0,0.2422841194877401
0.0,0.28463873456232247
0.0,0.320605668630451
0.0,0.4905278677982278
0.7059999682754279,1.0722494459152223
11.001999521255494,5.4853982719779015
10.884999909996989,16.350490019023418
11.36300019145012,26.991293228864667
35.342001967430114,36.54299463272095
49.59899896860123,44.27206751704216
42.5610007071495,48.28315001606941
48.24300094604492,49.31974243760109
39.96799971103668,42.268399493694304
23.74099935412407,26.78655700325966
7.907999873757363,14.249531825184821
0.0960000007320195,5.2575355596840385
0.0,1.8428755243495107
0.0,0.6256919274199754
0.0,0.4221634255698882
0.0,0.28857813226990403
0.0,0.2814187419693917
0.0,0.2825431815348566
0.0,0.3237029201071709
0.0,0.2721564973983913
0.0,0.24529982169624415
0.0,0.29728094115853304
0.0,0.4283811586908996
0.0,0.6614002533745952
1.2070000317692755,1.6345987575128675
12.346999529004098,8.937332516908645
27.24600063800812,25.152938441634177
41.33400059700012,39.63057047009468
50.16599905967713,51.51111100912094
54.239000720977785,55.73435280323029
52.22200033903122,54.69245701551438
45.93899848937989,51.204481139183045
35.67300020933151,42.120665211677554
19.92599967956543,21.655451629161835
8.535000199973583,9.746682783663273
0.4970000093057752,3.4682053297758104
0.0,1.4664911511540413
0.0,0.42106188274919987
0.0,0.2969603283330798
0.0,0.3038985952734947
0.0,0.29822179056704046
0.0,0.2938875641021877
0.0,0.3795902447029948
0.0,0.3431957787275314
0.0,0.2935044173337519
0.0,0.3590252405963838
0.0,0.48586482740938663
0.0,0.7255832499824464
1.1309999649971725,1.7292860268428922
11.78000046491623,8.033068016469478
26.679000546932222,23.51201183319092
40.30499967098236,38.525430705547336
45.34899797439575,47.99184486150742
37.34300187587738,51.01430144190789
42.90999999523163,47.33864350318909
29.59100045681,40.98283847212791
25.34300003528595,30.77450967788696
8.796999737620354,15.961555274426937
2.240000049173832,6.96737845659256
0.0770000000856816,2.61426837772131
0.0,1.0923554645292461
0.0,0.4513812491763384
0.0,0.30615854661911723
0.0,0.3237910806108266
0.0,0.33287143515422934
0.0,0.3296950253774412
0.0,0.33474912368226795
0.0,0.2935539855528623
0.0,0.2381793365906924
0.0,0.27928212546743447
0.0,0.39341263000154864
0.0,0.6102885426650755
1.1319999945908783,1.4671749326214196
10.524999526143077,8.160548554062844
24.11999901652336,23.29208234667778
38.20499811649323,39.639901683330535
51.07699906110764,50.565674045085906
54.92200116395951,55.695002729892735
53.89000143289566,54.98608727097512
49.39399983406067,52.60081514358521
40.08800120830536,44.744837348461154
21.855999797582623,26.663611131310468
5.357000120580197,12.016563049554826
0.2189999981597066,4.02325577326119
0.0,1.558490792810917
0.0,0.46711261971853674
0.0,0.2778621380031109
0.0,0.28534196461550887
0.0,0.2783401688374578
0.0,0.2752615234954282
0.0,0.36173705608118323
0.0,0.3642080715787597
0.0,0.3428541447408497
0.0,0.3872013020445592
0.0,0.5225288760056719
0.0,0.8142340922821314
0.6649999744817615,1.9673178462311627
13.178999503254891,9.68292788028717
29.226000695228574,27.349506653547287
43.51699921607971,43.22798013687134
53.01400118350983,52.141767926216126
56.61900029182434,54.80362025380135
53.13899795055389,51.93276764631271
43.1569988322258,44.41050139546395
33.55100057125092,32.273386383056646
5.005999746322632,15.624861870408058
5.881999995708465,6.003354292958975
0.0129999995976686,2.053243367187679
0.0,0.9019039684534074
0.0,0.3793603598512709
0.0,0.2815970046259463
0.0,0.3009013700392097
0.0,0.309992686077021
0.0,0.3018952705850825
0.0,0.3485122826974838
0.0,0.32652108758687975
0.0,0.2627366262115538
0.0,0.3149431133829057
0.0,0.46819432090269403
0.0,0.7539591632387601
1.521999982520938,1.7879736429080366
14.330000445246696,10.48730598449707
30.54299987435341,29.009575291872025
45.15499993562698,44.62696582436561
54.727999017238616,54.14356272339821
57.413001708984375,57.99113435029984
55.670001733303074,57.497656332254415
48.25200146913529,53.2665704035759
39.75300182104111,42.80659873247146
19.258999710083007,24.39668396949768
4.763999773561955,11.326311557590962
0.0709999990370124,3.735792966037989
0.0,1.5629490120336416
0.0,0.4177666472364217
0.0,0.29263847386464475
0.0,0.3024319761339575
0.0,0.29489974103868
0.0,0.29076651538722215
0.0,0.3670598040753975
0.0,0.29505239318124943
0.0,0.252088549551554
0.0,0.310751525927335
0.0,0.3889174951775931
0.0,0.6045629919925705
1.473999974131584,1.5803736611828207
14.003999527096749,8.703938190340995
29.6280007815361,25.07318357825279
43.713001935482026,40.69084523558617
52.44999989748001,51.54219999074936
53.34499942541122,56.30895260572434
52.74500015497208,55.95760562300683
50.50499959230423,53.92067140340805
41.35399810791016,46.94530708789826
24.429999461174013,28.363417017459874
8.588999744057656,13.824929272830488
0.2529999934043735,4.7823524347692725
0.0,1.9107004454731942
0.0,0.5125671259500086
0.0,0.32999712113291024
0.0,0.3303939190041274
0.0,0.33176291472278535
0.0,0.3242289465852082
0.0,0.3377826211042702
0.0,0.25933958248700945
0.0,0.22245058165863155
0.0,0.3022780242096632
0.0,0.345542895682156
0.0,0.553587948102504
2.0360000456124543,1.6362805787846446
14.211999520659448,8.432952507436276
30.0280002951622,25.529817373752596
44.09200159788132,41.73820254564285
52.01700120449066,51.91111873865128
55.238001272678375,56.70196038484574
54.38599967956543,56.44322512865067
49.81999857664108,53.98729417085647
40.72300023078918,47.41238740563392
24.322999632358552,29.2491017639637
8.845000131130218,13.787046251893043
0.2790000086463988,4.83831416785717
0.0,1.8485950132459403
0.0,0.537394625749439
0.0,0.31547326385974883
0.0,0.31474836079636587
0.0,0.31631980688311157
0.0,0.3125406353548169
0.0,0.3559441662579775
0.0,0.26476641188841316
0.0,0.227791914306581
0.0,0.3148964335676283
0.0,0.38775264396099374
0.0,0.6272102810814977
2.1909998828172683,1.8156024451181292
14.760999592542648,9.704626083374023
29.48500091433525,28.300652644038202
41.47199903249741,43.292801567316054
51.28099996328354,52.94058591723442
55.433999884128575,57.17947900891304
54.06000081539154,56.98387270689011
49.38099816560745,54.22019657015801
39.81499903440476,47.64508440732956
21.769999819993973,28.69901411175728
8.52299984484911,14.070271578133106
0.3119999903440476,4.950927513241768
0.0,1.935639822781086
0.0,0.5316986612975597
0.0,0.32331034919247026
0.0,0.3128661969443783
0.0,0.3253348646475933
0.0,0.31852757009910415
0.0,0.3468348466232419
0.0,0.26130036740563806
0.0,0.22215730436611922
0.0,0.3076018017809838
0.0,0.3627857358567417
0.0,0.5876220352319069
2.329000115543604,1.6787462770566344
14.678000473976136,9.218168555498124
30.32099997997284,26.41944575428963
44.36400143146515,41.94241089940071
53.00599889278412,52.41097435235977
56.05699957847595,57.17561547994614
54.36900097370148,57.1699773156643
49.94499945163727,54.52712632060051
40.2830015873909,48.03173307657242
23.271000336408616,30.54441403687001
8.072000105679036,13.800508010983467
0.2780000111460686,4.783840925544501
0.0,1.8888892095163468
0.0,0.5265406941529364
0.0,0.3053320940490812
0.0,0.31165857387939466
0.0,0.30645534615963693
0.0,0.3027915182244033
0.0,0.3588030262780375
0.0,0.3343350383359939
0.0,0.24798620575107627
0.0,0.30568049973808226
0.0,0.4014486869540997
0.0,0.6362725694733672
1.8790000208467248,1.572941926494241
13.594999490380289,9.086619604825971
29.85000067591667,25.249217542409895
44.29599839210511,39.84438116192818
53.33599890232086,49.885994881391525
56.72800069332123,55.113105150461195
55.545000858306885,55.40431582212448
50.832999029159545,53.134684600830084
40.973001980781554,46.50510920882225
24.083000745773315,29.368335074186326
8.871999646425248,13.47170238852501
0.4200000092200935,4.659097182676196
0.0,1.8222769686952232
0.0,0.5403447130508721
0.0,0.30383458503521976
0.0,0.30881228858372195
0.0,0.30465307844802736
0.0,0.3016515775583684
0.0,0.37031660280190404
0.0,0.37478273845510557
0.0,0.3017723449319601
0.0,0.3512094831233844
0.0,0.4781247074715793
0.0,0.7813424899149686
2.482000021934509,1.9794790533557534
14.57499973654747,9.954538485407827
30.676000986099243,27.07864677667618
45.863001375198365,43.21425957679749
54.61100043296814,52.14982772827148
56.595001635551455,55.05627779483795
54.05100029230118,52.479823629856114
33.88599995851517,43.52083809733391
7.880000072121621,30.681940057873724
5.389000040590763,15.020615490972995
8.511000003218651,6.236567869633436
0.4750000001117587,2.2468689302355056
0.0,0.8903535624593497
0.0,0.4058929486200213
0.0,0.3113105845125392
0.0,0.2994967910344712
0.0,0.3133742581820115
0.0,0.30142316454555834
0.0,0.35828134567243974
0.0,0.3165300345420837
0.0,0.25152438811957833
0.0,0.31632179667241866
0.0,0.41999273567227646
0.0,0.691491758604534
2.7270000834763053,1.8357753142341973
15.428999848365784,10.551911747455597
32.05399914622307,28.85516353368759
46.6059984588623,44.526362076997756
55.00600056886673,54.072634822130205
57.91800047874451,58.10761738657952
57.14900005817413,57.969505982398985
51.8249996304512,54.64947345852852
42.27700154542923,47.78283431172371
24.713000390529636,29.543762088418006
9.115000419020651,13.188051889240741
0.5439999881014228,4.43708483606577
0.0,1.8296814882010222
0.0,0.49182978249154985
0.0,0.3138986023701727
0.0,0.31567243421915914
0.0,0.3163339761085808
0.0,0.3120728583540767
0.0,0.3935514526977204
0.0,0.30856673726812
0.0,0.2584681029105559
0.0,0.33257725204341115
0.0,0.4232134387176484
0.0,0.690696659181267
2.8910000586509703,1.9103775219246746
15.689999613165856,10.059853026866913
31.443999066352845,28.271534452438356
45.0509989118576,43.71259730219841
53.03199812173843,53.46045752763749
57.19300033330917,57.366516122818
56.24500000715256,57.03119015336037
51.13900038242341,53.91524069070816
41.26499932527543,47.079179085493095
24.25400041460991,28.57020824611187
8.64800020635128,13.996597510874272
0.2449999973550438,4.91204690180719
0.0,2.0316214821487666
0.0,0.5292992963269353
0.0,0.3405519853928126
0.0,0.33047511576209215
0.0,0.3427586453338154
0.0,0.3358166303671897
0.0,0.3295959539338946
0.0,0.26284824697300785
0.0,0.22668446016032245
0.0,0.31806161067448546
0.0,0.36757904201745983
0.0,0.5942853176500648
3.2329999098181728,1.7663703078404067
16.051999542713165,9.314563705921174
31.69099995732308,26.327944201827048
45.65400109529495,40.65644113659859
53.31100201368332,51.803149433135985
57.23299946308136,56.745716236829765
56.21200082778931,56.8689322066307
51.020001225471496,54.74319022417069
41.5489984869957,48.81357290148735
24.676000065803528,31.091051009297374
9.046000174283982,15.825286286771298
0.5169999914057553,5.804679350703955
0.0,2.3039188213273882
0.0,0.5920570264197886
0.0,0.33867601534351705
0.0,0.33027433376759285
0.0,0.34038220760878174
0.0,0.3368857985571958
0.0,0.41437635237351056
0.0,0.3354775464721024
0.0,0.27154980421997604
0.0,0.3293600194808095
0.0,0.38370640378445386
0.0,0.5631110478751361
0.2739999890513718,1.1961235224828124
3.722000003308058,5.734854948073625
14.2180002117157,15.332664776742458
30.667000463008883,25.395705060958864
36.03500116586685,36.43338522732258
37.74899899959564,42.725932930707934
49.67999956846237,45.30050976157189
49.18000017642975,45.735765774250034
39.55100149154663,38.55085482120514
23.832998995780944,23.78672496914864
8.933999940752983,12.712502514719963
0.5930000260844827,5.490485713928939
0.0,2.204508048929274
0.0,0.6233649490587414
0.0,0.45265179383568466
0.0,0.34352089978987344
0.0,0.3537169369519688
0.0,0.3459256091900169
0.0,0.3511625099927187
0.0,0.28576536450069395
0.0,0.24363016381394115
0.0,0.3102878408320249
0.0,0.3649602225422859
0.0,0.5918452474498189
1.2389999517798425,1.356188849769533
8.907999684810639,8.204672581255437
18.85599933743477,20.845472332239154
30.15800054788589,34.063748992681504
48.80199874639512,46.746673225164415
55.30800077676773,53.62114829063415
53.46000154495239,54.954168483018876
49.48299861669541,53.56659468650818
40.29899795293808,47.303598563671116
23.63399952530861,29.500699453353885
8.37099996805191,15.2459643933177
0.2670000065490603,5.693872220516205
0.0,2.1933995045349004
0.0,0.5768504146672786
0.0,0.3131064094789326
0.0,0.3198976727109403
0.0,0.31356990201398727
0.0,0.3118403739389032
0.0,0.48330109793692827
0.0,0.48359488698653874
0.0,0.45620092019671576
0.0,0.5835078966617584
0.0,0.684976111203432
0.0,0.9165781190060078
3.202000019401312,1.8034750002250077
16.962999544143678,7.268715230226517
31.150999381542206,19.933421722054483
42.39199955701828,32.85936829388142
48.5270001077652,38.88583572268486
36.3989985871315,38.54111281275749
15.172000201940536,33.99552309691906
6.096999939680099,21.03517242610455
1.7750000240653754,11.461092439591884
1.2800000097602606,5.277874287366867
0.0380000012926757,2.673191944286227
0.0,1.1458979026600717
0.0,0.4956117782369256
0.0,0.44058853714028373
0.0,0.353485749475658
0.0,0.3121803872101009
0.0,0.32466005172580475
0.0,0.4418040883541107
0.0,0.3759504729439504
0.0,0.2775771167315543
0.0,0.22733969456981865
0.0,0.30883519835770123
0.0,0.40018553895410147
0.0,0.6586795531678946
4.128999980837107,1.8010871888697149
18.381000941991807,10.565714466571809
34.962998197078704,28.917328146100044
48.78200123548508,43.670379878282546
56.433998668193816,53.66221959590912
58.59200039863587,58.11857740283013
57.72399833202362,58.09546401023865
52.852998216152194,55.46418922424317
42.59699869155884,49.23847276687622
25.30699999690056,31.727626458406448
9.776999983787537,14.952168792784214
0.7710000304505229,5.210894641578197
0.0,2.02374326441437
0.0,0.546019624248147
0.0,0.31575980154331773
0.0,0.3116462277807295
0.0,0.31758260901551694
0.0,0.31356690128333864
0.0,0.4081566979526542
0.0,0.2956122300308197
0.0,0.2495344142755493
0.0,0.33319917352870104
0.0,0.41837462414987386
0.0,0.6915815537888557
4.383000051975251,1.9869153453037145
16.841999814510345,10.39608582675457
32.45500100016594,28.31213026225567
45.51799912452698,43.223126591444014
52.47300032138825,53.30296891331673
57.19300033330917,57.07289202928543
52.264998273849486,56.57173624873161
47.53799831151962,52.96703907489777
35.59800132751465,45.92439266562462
25.63599972009659,29.068932119011883
9.410999935865403,14.015392418801785
0.5919999964907765,5.093115418031812
0.0,2.0612866090610624
0.0,0.5630310711823404
0.0,0.3464101027115247
0.0,0.33681887973565605
0.0,0.34913559088017787
0.0,0.34459932706318797
0.0,0.3528795376978815
0.0,0.27690242571290585
0.0,0.23764442827086896
0.0,0.3153709822706878
0.0,0.3705452883336693
0.0,0.5997785482462495
2.8959999498724938,1.6108831648156048
16.606000019311907,9.260087125897408
34.08700000166893,25.07861737191677
46.44200079441071,38.93794714927674
47.78399891614914,49.92467741250992
54.73699954032898,55.408645603656765
51.65999962568283,55.91384360909462
44.93600090026855,54.426257610321045
42.47300015687943,49.00775374412537
25.59299973130226,31.04592618227005
9.713000143766404,16.157385973334314
0.7239999874681234,6.1716581182181836
0.0,2.4382420517876744
0.0,0.6023481204360723
0.0,0.3466128306323662
0.0,0.33878556876210497
0.0,0.3482117891847155
0.0,0.34087666324339805
0.0,0.4054740597307682
0.0,0.4115859927795827
0.0,0.3346806037612259
0.0,0.3556654352881014
0.0,0.46727434279629965
0.0,0.6773645573295652
1.398999936953187,1.4139631525427103
11.690999628305436,6.751097088307143
22.92900099873543,17.692645269930363
28.653000940084457,29.46736547589302
29.34399956583977,39.90409640789032
33.81399988174439,43.79698490858078
35.19200009584427,41.658855396509175
31.44100026130676,37.10737590432167
24.62100074887276,28.068409571051596
16.540999892950058,14.810102457702161
5.11500014781952,6.946997108906508
0.0449999998416751,2.780393191128969
0.0,1.1014353224448858
0.0,0.4611496544256807
0.0,0.39325483649270604
0.0,0.3458737482107245
0.0,0.35534106531878934
0.0,0.37578026579925783
0.0,0.3867774361092597
0.0,0.3065687641501426
0.0,0.2602284326031804
0.0,0.3265882750693708
0.0,0.4622951883985661
0.0,0.746425903076306
3.925999878495932,1.844934250228107
19.09199913263321,10.527669181525708
34.018999016284944,26.527025831341746
45.99300162792206,41.240493336915975
53.61899983167648,52.920771210193635
57.04800194740296,57.15173800826073
55.27699806213379,56.54652163863183
50.676999547481536,53.538981032371524
41.93899924516678,45.53190043449402
25.441999627351763,26.20978614807129
5.752000256478786,12.458591534793378
0.2230000042077154,4.791048455908895
0.0,1.906745899692178
0.0,0.459373061414808
0.0,0.33166483736597
0.0,0.33469029209343715
0.0,0.3338033313304186
0.0,0.3289000090770423
0.0,0.3908151998533867
0.0,0.27863984073512255
0.0,0.23708093277644365
0.0,0.31634896371513604
0.0,0.4188683740166016
0.0,0.708280475428328
4.498999890387059,1.8920271072536707
18.43000059485436,11.160552608668803
34.47899927854538,28.162247521281245
46.61200017690658,42.92334056973458
54.39900134801865,53.73960930585862
52.89600025892258,58.19882213950157
53.88699851989746,58.24605331897736
45.69100142002106,55.61165648937225
42.696998569965366,49.34046294808388
26.12199921131134,31.23771927773953
10.33999995648861,15.67431339800358
0.8339999692514539,5.70815723888576
0.0,2.2726169964298606
0.0,0.5236255404911936
0.0,0.33531772146001454
0.0,0.32696819649077946
0.0,0.3366124502196908
0.0,0.3333323289453983
0.0,0.36791241931729013
0.0,0.3326350040733814
0.0,0.2749664489738643
0.0,0.3319406959787011
0.0,0.5028818229655736
0.0,0.7783670443412849
2.165999913215637,1.8215022346004845
19.091000900268558,11.037769000828266
33.39599932193756,26.682643273472785
44.1110008764267,41.5830862736702
50.73799852848053,53.08558430314064
56.44099861860276,57.37782531499863
56.2729998087883,57.05210989952087
50.895998582839965,53.64918711781502
39.47700084209442,45.059691338539125
20.32799976587296,25.51788993477821
9.448999519944191,11.754078260064126
1.452999994531274,4.30555437117815
0.0,1.759750278815627
0.0,0.4084250036533921
0.0,0.31040897727943956
0.0,0.3177918016631156
0.0,0.31206870226189487
0.0,0.3076021548081189
0.0,0.40797225246671587
0.0,0.364961795117706
0.0,0.2668539415718987
0.0,0.3124645740538835
0.0,0.35603823880897834
0.0,0.5058186913281679
2.1040000040084124,1.0386115120910109
9.336000027060509,4.877194650918245
13.276999835968018,13.619586097300054
25.240999584198,21.840515899062154
26.491000118255617,29.947819231748582
31.6399997317791,36.173089976310735
28.301000792980197,40.46786148667336
34.769000158309936,43.4604655790329
38.78799868106842,37.98190756082535
24.097000646591187,25.33116707921028
8.0099998113513,14.329629702568054
0.6320000248774886,6.346415793001652
0.0,2.260357583574951
0.0,0.7400031247176231
0.0,0.5410546827130019
0.0,0.3582244348479435
0.0,0.3390615750174038
0.0,0.3964205876481719
0.0,0.4085120368981734
0.0,0.30551016414538024
0.0,0.2590024656429887
0.0,0.3342736276611685
0.0,0.4452877922169864
0.0,0.7661509299557656
3.3410000249743463,2.04933471493423
18.31899962067604,11.75179937362671
35.69800120592117,29.22068500518799
47.40600159406662,43.94765432238579
54.1830011177063,54.47305129289627
54.62500033378601,58.573654284477236
54.34499820947647,58.69971090316773
52.28000051498413,55.694162653684614
42.56399951219559,49.3362831068039
26.3959996175766,31.14135082900524
10.689999530911448,15.87754405915737
0.9030000214278698,6.100594526156783
0.0,2.3437841217219826
0.0,0.506127975191921
0.0,0.35207349773030727
0.0,0.343773040138185
0.0,0.3533978039282374
0.0,0.3512456455733627
0.0,0.3492220161110162
0.0,0.2867619199864566
0.0,0.24707150442060083
0.0,0.3098506006784737
0.0,0.3792271723411977
0.0129999995976686,0.6210349365812726
4.410000080764294,1.6728006582334638
18.8330009675026,10.322546294927598
36.207999353408816,27.17708768725395
49.082999103069305,41.92694856762886
56.34400165319443,53.87285894870758
58.345999794006346,58.78140985488891
55.95099798202515,58.846962500810626
49.63500106096268,57.06045725822449
39.87000040531159,51.276464784145354
25.05200092315674,33.345750851631166
10.38400023162365,16.347776716649534
0.9539999902248384,5.879709812402725
0.0,2.474383621960879
0.0,0.5424431063421071
0.0,0.3338184473104775
0.0,0.34282628947170446
0.0,0.335330173689872
0.0,0.3318573655281216
0.0,0.38525502307340503
0.0,0.3280265236645937
0.0,0.24622460837010296
0.0,0.32582452871836715
0.0,0.450640838604886
0.0439999983296729,0.7710203134641052
5.635000131726265,2.053855066932738
19.242001004219052,12.336411282420158
36.91100141525269,31.324805808663367
50.33799901485443,46.37006233692169
57.46099902153015,55.55012347459793
59.70300015687943,59.61112375378609
58.00699926137924,60.10476403594017
52.64200147151947,56.575595669746406
42.26199930429459,50.08889074444771
26.120000692605974,33.13231501042843
10.571000373959542,15.481252485811712
1.070000021196902,5.451336545124651
0.0,2.2124957692623135
0.0,0.508569510858506
0.0,0.32385050149634476
0.0,0.3169109656638466
0.0,0.32588754829950634
0.0,0.32090214723721144
0.0,0.43281042972113937
0.0,0.4017367797740735
0.0,0.36162511100992556
0.0,0.34274664797820154
0.0,0.4095296255382709
0.0,0.5200114564877003
1.7519999852776529,0.9071491814404726
5.4569999989867215,3.668212660625577
5.789999840557575,10.250421439111234
6.417000166773796,16.435877911746502
9.0149995136261,23.268358923196793
19.696999834775927,28.772571102380752
44.0629994559288,32.59853592813015
42.25999873161316,34.56617002248764
23.73599997639656,29.079847974777223
21.991999714374543,19.304269342422486
8.799999569654466,10.706330694556236
0.1629999937210232,4.944496770948172
0.0,1.7911623765528204
0.0,0.6715020122099667
0.0,0.5266309550427831
0.0,0.4049604916293174
0.0,0.32904537602327766
0.0,0.38481153194094075
0.0,0.41107427935814483
0.0,0.3316444099321961
0.0,0.254022287777625
0.0,0.32786446816287934
0.0,0.4263215789152309
0.0,0.7143982431199403
2.2029999811947345,1.7730893770232798
19.06700019001961,10.515784876048567
33.9450004208088,25.51499382853508
34.36399921298027,39.695687673091896
37.307998015880585,51.10577115774154
58.91999983549118,56.26435256958008
59.08299926757813,56.70077318668366
53.58199950695038,54.39303865551949
43.28300204753876,48.39170675873757
26.80200084924698,32.47316431045532
10.969999601244927,16.363032110333442
0.9949999840185046,6.239373087435961
0.0,2.4890123603865506
0.0,0.6234510555863381
0.0,0.3464041410619393
0.0,0.3391886101500131
0.0,0.3483659654203802
0.0,0.3465631466777995
0.0,0.38333167678443714
0.0,0.36600540751591326
0.0,0.29792032144032415
0.0,0.3676575424149632
0.0,0.5480901748500764
0.1009999962570145,0.8044647321780212
6.178999798893929,2.0242806359007957
19.624999758005146,11.782437507510185
32.94700015544891,27.906475125551225
36.19600002527237,43.54528041243553
48.48099925994873,54.606687083244324
55.86199919939041,58.13279913306236
53.43799935340881,57.2953725540638
44.51300096273423,53.04748715519905
35.67799958705902,43.99759264230728
16.03700038254261,25.492709215283398
5.192999888658524,10.967410564422607
0.5139999989047647,4.266813686862588
0.0,1.7802104478329421
0.0,0.38683580025797704
0.0,0.3372654363512993
0.0,0.3441648542601615
0.0,0.33977247459813953
0.0,0.33369771203026166
0.0,0.3579648667690344
0.0,0.33015535752288994
0.0,0.27362850822508333
0.0,0.32978960536420343
0.0,0.4968209954188205
0.0129999995976686,0.8064593994384631
5.909000024497509,2.003433934263885
18.057000596523284,12.371566109657287
34.04000092148781,29.276305649876598
45.47700176239014,44.49236671924591
51.99400078058243,55.393698819875716
52.75900005578995,59.00956756949425
49.44700063228607,58.772567487955094
45.205001928806304,54.38320216417313
32.90700102567673,46.02687169313431
19.944000725746157,27.10577671945095
4.760000168681144,11.590467256605624
0.2189999981597066,4.3517612584680325
0.0,1.871220137216151
0.0,0.41815924550406636
0.0,0.31422314663417633
0.0,0.3224013411533087
0.0,0.31650147143751384
0.0,0.3109953232575208
0.0,0.3460673827701247
0.0,0.3251675173640251
0.0,0.2626563045149669
0.0,0.3023946033976972
0.0,0.3334140707738697
0.0,0.502021852938924
0.8869999972358347,1.09751319097355
10.01900047004223,5.409083561748266
21.122999415397643,14.896089597940446
29.852999480962755,24.75584735810757
33.02800075531006,35.641449083089825
40.00900118112564,43.12463022351265
46.8530014038086,47.83476088047028
50.16300025463104,49.30173112154007
33.74099951863289,43.87396382331848
25.669000953435894,29.928419427871706
6.851999945938587,16.525647962391375
0.801000019647181,6.2319330726563935
0.0,2.258116118013859
0.0,0.6967259935755282
0.0,0.44204900365322825
0.0,0.31750974902883167
0.0,0.31035204363055524
0.0,0.3471405039355159
0.0,0.3869623868283816
0.0,0.3379275226965547
0.0,0.26245109144598244
0.0,0.3320486470777541
0.0,0.4559721103217453
0.3700000058300793,0.7905090320389718
8.248000179231168,2.1282017471641304
23.537000505924222,12.81680649995804
40.64800134897232,31.87221199512482
52.43599999666214,46.447302106618885
58.87399898767472,55.22282033562661
61.71100001573563,59.13398306131363
59.47799940347672,59.831774185895924
53.94100165843964,56.470399231910704
43.463000185489655,50.65086681008339
27.576000647544863,33.69551627278328
11.260999740362168,16.28591352522373
1.0590000165998936,5.693116870820523
0.0,2.4278364165127275
0.0,0.5215699597634376
0.0,0.33406651519704605
0.0,0.32213945283787326
0.0,0.33600383835146197
0.0,0.32656034094514325
0.0,0.4431155906780623
0.0,0.3339630600623786
0.0,0.2616167920455337
0.0,0.34127848835662006
0.0,0.4748909468203783
0.181999994367361,0.7810579179506749
3.778999892920256,2.1677700554579498
19.7480000603199,11.305483726859094
36.962001640796665,28.323807116150856
47.84600023746491,42.55819702982903
42.675000486373904,53.0047439134121
59.87999948978424,56.983219542503356
57.66400169134141,57.144222509860995
51.11100058078766,54.19489569306374
43.45399966239929,48.38925431132317
27.396000455617905,32.829306300282475
11.786000128984451,16.87956138819456
1.4249999361485244,6.472757144123316
0.0,2.645251643769443
0.0,0.6167557675950229
0.0,0.34521014238242054
0.0,0.3361530294455588
0.0,0.34814200452994554
0.0,0.3431339588877744
0.0,0.3655784828658215
0.0,0.2849853991856799
0.0,0.2388517810730263
0.0,0.32126892638392746
0.0,0.3865417983010411
0.0,0.6510900053358637
3.867999959290028,1.7268341571092607
13.813999552726743,11.1919892257452
30.53200083255768,27.114928209781645
49.370001177787785,42.038483575582504
58.99100167989731,54.346542799472815
61.84899845123291,59.31578253626823
60.0560005903244,59.57251927375793
54.67899936437607,57.48984095335007
44.42500041246414,51.52275294542313
27.79700025558472,34.79238159477711
11.984999599456788,16.732061772942544
1.481999954134226,6.175644885748625
0.0,2.578271677047014
0.0,0.5737249531131238
0.0,0.32469572869129476
0.0,0.33370520583353935
0.0,0.32631227203644814
0.0,0.3228042253479361
0.0,0.3617001453228295
0.0,0.2691909651597962
0.0,0.2299911610316485
0.0,0.3275278086494654
0.0,0.4105400373600423
0.4440000134147703,0.7321128077805041
8.70299952328205,2.268049082048237
23.69999993801117,13.308816438615322
40.3970013666153,31.83916557431221
51.164001379013065,46.74992056131363
57.409998795986176,56.79427633881569
59.79100070714951,60.5171839427948
57.87499843597412,61.011214480400085
53.014999415874485,57.798206433057786
42.75899989128113,51.903434814214705
27.294000004529952,35.67944661319256
11.25099995791912,17.644790708720684
1.4999999733269216,6.467603974938393
0.0,2.7418196491152047
0.0,0.5344073743186891
0.0,0.33399253221461545
0.0,0.3247719069290906
0.0,0.33521607924485575
0.0,0.3298979503894225
0.0,0.38023084528278556
0.0,0.2904926465637982
0.0,0.23624937735963614
0.0,0.32413028678623956
0.0,0.43126938956789673
0.4129999946244061,0.8001010841876268
8.544000209569932,2.3393886771425607
23.43100096344948,14.162019094228745
40.32399894952774,33.203680408596995
52.4610009932518,48.18879446387291
58.69999845981598,57.290646355152134
60.3869988322258,60.849519323110584
57.29099963903428,61.51405452132225
50.73999910116196,58.097287940979
42.25299878120423,51.44163937687874
26.330999491214754,34.80587210953236
11.31399951159954,16.6205580881238
1.4339999457448722,5.86541259855032
0.0,2.516833337731659
0.0,0.5205266682989895
0.0,0.32523670186754317
0.0,0.3141884263255633
0.0,0.3254982165736146
0.0,0.3166460256162099
0.0,0.38623798242770135
0.0,0.3785153091698885
0.0,0.2704041188396513
0.0,0.34450780475744974
0.0,0.5150320416409522
0.4649999930150807,0.9348172498960048
8.832999776005746,2.5028361969441173
23.57900020837784,14.580777571201326
39.53300044536591,34.24875883221627
50.27200065612793,49.21676840186119
56.05900015115738,57.851285282373425
57.55199837684631,61.1778289103508
54.9299993467331,61.61549218297005
49.67000081300736,57.532193939685826
40.307998476028445,49.656128258705145
24.528999053239826,32.23696733355522
10.424000388383863,14.85654234290123
1.120000024586916,5.4182476326823235
0.0,2.319100207686424
0.0,0.41704077530652284
0.0,0.3270857291202992
0.0,0.3167867856333032
0.0,0.32718393121846023
0.0,0.3206688060308806
0.0,0.4422388892085291
0.0,0.44542372451163825
0.0,0.4254886818304658
0.0,0.45691753303632143
0.0,0.5235591713897884
0.0,0.6704108374286444
1.438999965339899,1.0730265549197793
8.1609999153018,3.74802002876997
13.793999987840651,9.962851183265448
15.983000324964523,16.486325617730618
17.537999871969223,21.841060202717784
19.94799981713295,23.9104534059763
26.59900023341179,25.158071327805523
32.09799942135811,23.93481561601162
23.904000840187077,21.592684174776075
8.95499979197979,13.33377378821373
1.2500000205636024,7.135559300035239
0.0439999983296729,2.9770397036522627
0.0,1.115430441349745
0.0,0.5829495040141046
0.0,0.5122711929306387
0.0,0.48863968487828974
0.0,0.38543374753091486
0.0,0.4619771018903702
0.0,0.3908542211330496
0.0,0.3019744369201362
0.0,0.24609132457990196
0.0,0.32541473263874654
0.0,0.432050406190101
0.0,0.7790390841383487
0.2329999952577054,2.125656164772809
9.473000230193138,13.182538504004478
24.963000086545943,31.69111395299435
41.63199965953827,46.68043660521508
53.91600066184998,56.41868833065033
60.57900040626526,60.456339010000235
63.71999810695648,61.06453159093857
61.85599840164185,57.81370368242264
56.12400027751923,51.824089719057085
45.61900134325028,35.527978202700616
28.512999877929687,17.602763277590277
12.479000354409218,6.404791076332331
1.6970000264793634,2.6780383007973434
0.0,0.5250453193485737
0.0,0.33843294465448703
0.0,0.3289618747076019
0.0,0.33908753582276396
0.0,0.3343333299993537
0.0,0.3698606285103596
0.0,0.3777986777154728
0.0,0.3634932664223015
0.0,0.373843155503273
0.0,0.49362342214444654
0.0,0.7388357150135562
0.0380000012926757,1.5584628073871136
1.6209999597072602,7.9696630592644215
4.828000127077103,21.143865758180624
16.65700024485588,34.32769518613816
38.51700118780136,44.43731399893761
52.482999076843264,49.13712548017502
44.3970006108284,46.70763741016388
36.737999119758605,40.072727842330934
38.8229984331131,28.512288175225258
18.70400100111961,14.214649663269519
13.074000247120855,6.551086291372776
5.972000091671944,2.5817547069489954
0.6049999960884452,1.0541075740009545
0.0,0.42675858534872535
0.0,0.34649640592746433
0.0,0.3242713740281761
0.0,0.32528738612309094
0.0,0.3477622489072383
0.0,0.35210667744046076
0.0,0.3244563602469861
0.0,0.25276858411729336
0.0,0.3058920753188431
0.0,0.3473993370123208
0.0,0.5524149496620521
0.333999999538064,1.223265724927187
5.052999853491784,6.5613923729956145
8.542999923229218,17.085869418978692
22.62399993181229,29.016676914095882
44.92799860954285,40.63355573534966
50.82900199174881,49.35808811664582
45.489001090526585,53.0023859488964
58.62400134563446,53.64500727653504
55.25499997854233,49.069354540109636
45.11599903821946,34.630287966132165
26.51699934720993,17.94111269980669
12.239000440835952,6.909106642305851
1.738999985679984,2.5498125550150874
0.0,0.7028776358254254
0.0,0.3940135917020961
0.0,0.30715344127267596
0.0,0.30045298624783756
0.0,0.30130201650783417
0.0,0.40313164263032375
0.0,0.2847782284207642
0.0,0.2282249582512304
0.0,0.3264413570915349
0.0,0.4348668323550373
0.0,0.7790362599212677
0.8290000138431788,2.3337327973172073
10.876999673247338,13.32512654900551
25.94600016474724,31.44408841431141
41.43600104808807,46.47041549921036
51.775001745224,55.919202432632446
57.72399833202362,59.82476191163063
60.27900077104569,60.644772827625275
58.44399909973145,56.99350996255875
53.08400068759919,50.41171210765839
43.80499952316284,34.222016063928606
27.363999508619308,17.09766437649727
11.661000280976296,6.367258771806956
1.6569999980926513,2.5828189232945444
0.0,0.5066905078850686
0.0,0.3266117259673774
0.0,0.3174493600009009
0.0,0.32652122311526904
0.0,0.32321574455359947
0.0,0.5060897519811988
0.0,0.46832616654224696
0.0,0.4281253007962368
0.0,0.39493531960761175
0.0,0.4211330016702413
0.0,0.5251574536040425
0.0320000002440065,0.7211962138675153
0.1730000008177012,2.483001078516245
1.0420000270009042,6.152091172039509
4.276999996006489,10.071773276925086
5.979000042080879,12.532374976277351
5.167000146210194,12.906006572246552
9.544000020623209,13.422117865979672
8.845000131130218,13.857888913154603
10.31300044119358,12.125792469382286
11.617000005841255,7.65297076061368
9.446999974250794,4.594275623857975
3.855000088065863,2.142755387090147
2.0939999648183583,0.9709501067176463
0.0,0.6503835920058191
0.0,0.6018385578598827
0.0,0.576777658984065
0.0,0.5797406799159944
0.0,0.5384233468212187
0.0,0.6460279723862186
0.0,0.5996160881756805
0.0,0.485123973833397
0.0,0.5189609287679195
0.0,0.6812058455869555
0.0,1.0138602340593934
1.13000006377697,1.5546003054082391
11.628000074625016,5.65659563601017
27.7999990606308,15.813082074522972
38.626999821662906,25.920083094835284
17.18599972486496,29.545103334784507
16.662999908924103,26.25919043421745
12.433999792933465,22.566542005538942
7.312000208199024,18.018330389261244
14.735000363588334,12.96413306772709
19.72100054502487,8.722057853639125
17.87399954557419,5.510177054032684
9.878000148534776,2.3331612142920495
3.087999983429909,0.9039814047701656
0.0,0.7365394150279463
0.0,0.5669181887805462
0.0,0.457795928735286
0.0,0.36022476154379546
0.0,0.6874456002004445
0.0,0.39756958163110534
0.0,0.2913347927946597
0.0,0.24352491358760742
0.0,0.3333715310040861
0.0,0.43194673631340263
0.0,0.7834672960545868
1.090000035390258,2.2559785708040003
11.56899961233139,13.530136980414392
26.97799989581108,31.847450286746025
43.10099922895432,46.77025081634522
53.65399958372116,56.79867595553398
59.429997982978826,60.414826099872585
51.87899866104126,60.75955311775208
51.32900138378143,57.20170919179917
55.53699856758118,50.88798602223396
45.22499943971634,34.34237084507942
28.79899961233139,16.932033287584783
12.65500042796135,6.357564261555671
1.8540000512450932,2.666203675866127
0.0,0.5114589737728238
0.0,0.34236179637955494
0.0,0.3327638156851753
0.0,0.34399981953669334
0.0,0.33922247842419895
0.0,0.3593658226006664
0.0,0.29328923927154393
0.0,0.24891537317074836
0.0,0.32012343356385825
0.0,0.3564260162040591
0.0,0.6097654271824285
0.3119999903440476,1.6315238911658527
8.253000070452691,10.12538513302803
17.193999961614608,24.510136364102365
32.9459998691082,39.25644283890725
51.40199969291688,52.321342945098884
54.94899862527848,58.25821491122247
60.09899852514267,58.94807563424111
61.327000975608826,57.3955388045311
55.30199905872345,51.765510321855544
44.89700000286103,35.49188470840454
28.79099937558174,17.690357654094694
12.595999965667724,6.931315515190363
2.003999997228384,2.827912312373519
0.0,0.6131114363856613
0.0,0.32975390148349104
0.0,0.3378845015261322
0.0,0.3307830237224698
0.0,0.3287099360581487
0.0,0.3838641646457836
0.0,0.27888223398011175
0.0,0.23552654627710579
0.0,0.3279095112159848
0.0,0.4111407451238483
0.0,0.7226966754719615
1.3640000565350057,2.244745825044811
11.765999537110329,12.947171333432198
27.17500084757805,31.395975052118303
42.85199981927872,46.49673720240593
53.26199825286865,56.93355850934982
59.377001292705536,60.78106646299362
61.055001142025,61.337739162445075
59.30800002098084,57.978759144544604
53.97400083780289,51.753662987947465
44.36299909114837,35.436333898901935
28.12700026512146,17.762852225601673
12.095999546647072,6.774741176962852
1.867000050842762,2.8652950617671014
0.0,0.5612865073606372
0.0,0.3388403503200971
0.0,0.330261043338105
0.0,0.3397202009474858
0.0,0.33560645107179876
0.0,0.375822544270195
0.0,0.3254056823067367
0.0,0.2611612265743315
0.0,0.3320928118750453
0.0,0.502465304506477
0.0,0.902044665813446
1.1789999733865262,2.4325403426215053
11.15500019788742,15.084051514565946
25.40900044798851,33.654210814237594
38.24599958658219,48.89789272665978
51.57500198841095,58.250658333301544
57.65000179052353,61.34860058784485
59.59100095033646,61.738662965297706
56.84900042295456,57.63439568042755
50.62199817657471,49.74266637802124
37.94899875640869,31.739613462686542
26.548000007867813,14.291330237984658
9.631000284552574,5.34739470154047
1.6159999401122331,2.329347365871072
0.0,0.4176472759246826
0.0,0.3303157179709524
0.0,0.32018377764848993
0.0,0.33028271018061783
0.0,0.32348469586577266
0.0,0.4917922950675711
0.0,0.399723446406424
0.0,0.2802528939256444
0.0,0.3569236436649226
0.0,0.5317590289376676
0.0,0.8818121351115406
0.5900000014901161,2.3170573359355333
11.195000354647636,11.090648100972174
26.45100098848343,26.740135090351103
37.02300062179565,40.71842397212983
51.3060009598732,51.25278244018555
55.64500073671341,54.945572593212134
48.31099987745285,54.85711195230485
43.195999729633336,51.627758363485334
42.53300090551377,45.07655653595924
37.80999798059464,30.519015595912933
25.709000083208085,16.785396855771545
11.521000245809557,6.96096465960145
2.076999975219369,2.7241657248884437
0.0,0.6580665857344866
0.0,0.3562029733369127
0.0,0.3477398210461251
0.0,0.3583043151092715
0.0,0.354864009746816
0.0,0.38517789421603077
0.0,0.3369339117780328
0.0,0.24799787169322368
0.0,0.31724011653102935
0.0,0.35829842398874456
0.0,0.5946444648876786
0.0499999993783421,1.4458072271198035
2.892000088244677,8.123896635025739
12.02099963784218,20.472848211526873
32.146000841856,34.03063889861107
44.62500016927719,45.73499142527581
48.00299795150757,53.18929982423782
50.45800051212311,55.101676827669145
57.73600176811218,54.237612233161926
53.90099842071533,49.11672744393349
43.65699822425842,34.020654520988465
28.107000700235368,18.058156471550465
12.364000288844109,7.24701445966959
1.875000030845404,2.770594955086708
0.0,0.7253637954778969
0.0,0.35599811522290115
0.0,0.33599359191022815
0.0,0.3303542722668499
0.0,0.3298787286691368
0.0,0.38594899790594356
0.0,0.3448246780224144
0.0,0.2578195840399712
0.0,0.32586145638488234
0.0,0.3778759449347854
0.0,0.6004957521613687
0.2149999921116978,1.4550121208280324
10.522999980449676,7.819022657871246
22.55600100040436,19.739673241376877
33.35700047850609,32.2172142457962
49.02400069475174,43.79289133429528
55.38900137662888,51.26067587018014
58.46200014591217,53.630545231103895
55.96399965047837,53.17419283032417
49.12999818325043,48.650832270383845
40.26000116348267,33.914035704731944
25.088999193906783,17.97135544329882
10.004999542236328,7.1717837353050715
1.7739999944716691,2.7726200471073392
0.0,0.7342032419145108
0.0,0.36003371282480656
0.0,0.34118201483506705
0.0,0.33659415525384245
0.0,0.3366352829150855
0.0,0.424966112722177
0.0,0.3922037502378225
0.0,0.29087596984580155
0.0,0.3581498810532503
0.0,0.5803038865700364
0.0,0.9832819222286345
1.5710000205039978,2.6439510276168585
10.664999561309816,14.816006098389625
24.36100024342537,33.41367173194885
41.47600017786026,48.26751309633255
51.57199907541275,57.19610799908638
57.07099826335907,60.15847756385803
58.67100042581559,60.5537940120697
56.60900153636933,55.58135212659836
53.044001557827,47.07891617655754
43.91100111961365,30.108085848689083
28.13099935650825,14.792668822407723
11.630999906659127,5.970526877343655
1.7469999656826258,2.2597725213319064
0.0,0.4237345870025455
0.0,0.338101205646526
0.0,0.32882785137277093
0.0,0.3380178967816755
0.0,0.3342175586591475
0.0,0.544371848963201
0.0,0.5439122280827724
0.0,0.49820910596288737
0.0,0.5199660933017731
0.0,0.634126788713038
0.0,0.8130468459799886
0.6929999686777591,1.101362791415304
7.941999852955342,4.344306223988533
20.560000469684603,11.336689785122871
33.03899979710579,18.973796918392186
20.63399906516075,22.208528843522075
9.28399951517582,20.52048607826233
7.591999765038491,17.555715928971768
7.053999761939049,13.602949404716492
5.6859998437762265,8.991930281519892
12.876000036001203,5.5236132667958735
13.149000155925751,3.4445114322006702
5.825999878942967,1.556188285648823
1.2850000293552877,0.633337002824992
0.0,0.5415949586499482
0.0,0.5793961575254798
0.0,0.5588955348078162
0.0,0.4101698402687907
0.0,0.6951409177854657
0.0,0.6334225857653655
0.0,0.543391100661829
0.0,0.3968631287920289
0.0,0.34341863035690035
0.0,0.38143489205744113
0.0,0.5262447129935026
0.962999999821186,0.8310874311998486
9.829000495672226,3.6361861672997478
24.478000881671907,9.594723986387253
29.62199906349182,16.235525384545326
25.89199908018112,19.827030897140503
6.098999998867512,20.725783039331436
17.213999526500704,20.359118530154227
20.655000970363616,19.32067547619343
12.812000195980072,15.67331259816885
24.616999603509903,10.975900674462318
24.958000708818435,7.718876433670521
13.877000133395196,3.662271791622043
2.6429999083280564,1.460604840889573
0.0,0.9288064012862742
0.0,0.853727286029607
0.0,0.7584839668683708
0.0,0.4402772139012814
0.0,0.7104284690320491
0.0,0.421921158437617
0.0,0.3816000923700631
0.0,0.26478656652849164
0.0,0.3334396812878549
0.0,0.4571750342380255
0.0,0.775369543582201
0.5970000160858036,1.7783075032010678
8.029999889731407,9.964205523729325
27.79200087785721,24.165748252272607
32.90700102567673,37.74531211256981
52.88799796819687,48.8716511285305
61.96800171613693,53.89478103518486
59.470001220703125,54.499319592714315
52.31500026702881,51.496390162706376
48.21799994945526,45.06700143933296
38.513000042438506,29.527396007180215
24.03200052022934,15.063299167454241
10.529999930858612,5.999115143120289
3.043999965041876,2.370914449617267
0.0,0.6609678911045194
0.0,0.3411180341662839
0.0,0.3318841434945352
0.0,0.3439352189167403
0.0,0.3373368794191628
0.0,0.4545982265495695
0.0,0.3370036185905337
0.0,0.24687482016626744
0.0,0.33868184777442367
0.0,0.4452151970006525
0.0,0.7994806069042535
1.5750000105053186,2.2929577780887485
12.55100043118,12.194589883983136
27.542999414205557,28.166886426210404
42.131999051570894,42.49866664171219
54.127001514434816,52.644562779664994
60.19199845314026,57.203455071449284
62.59600078821183,58.68135246515274
62.04599940299988,56.075125917196274
55.8070019364357,49.97733519673348
45.801998286247255,35.49942793548108
29.865000863075256,19.79699355125427
13.458000314235688,8.115165696293115
2.6060000970959663,3.230986114665866
0.0,0.701236284300685
0.0,0.3400322685251012
0.0,0.33191272570984437
0.0,0.3416947796172462
0.0,0.33803143344586717
0.0,0.42850196198094637
0.0,0.30809209228493273
0.0,0.25074367663357405
0.0,0.3224386497028172
0.0,0.4309724456071854
0.0,0.7577655726950615
1.8880000304430724,2.0456851204112168
12.579000232815742,11.506574658453463
28.122000887393952,26.9815050059557
42.93000161409378,41.37279609680176
52.6939999294281,53.005887978076935
57.88500129938126,57.588684443235394
59.0199997138977,58.32447412490845
54.71899849414826,55.697064921855926
50.16599905967713,49.93163217544556
39.22100148200989,34.515984198451044
24.42199922442436,18.172989651560783
10.74600016117096,7.557137372642756
1.8270000224560496,3.0487221843749284
0.0,0.6681893179006875
0.0,0.35048960613785307
0.0,0.34334978001192207
0.0,0.3508703085244633
0.0,0.34756199445808306
0.0,0.43810457709943873
0.0,0.44486875259783115
0.0,0.42663847151910883
0.0,0.4794066452793777
0.0,0.7033450918924063
0.0,1.0892643268406392
1.494000052511692,2.4022640294581654
11.00100026190281,10.459198862612247
18.656999866962437,25.54019919574261
31.45999953985214,39.33721544742585
46.68600082635879,49.39281058192253
52.65400079965592,50.81257634520531
39.21299919128418,47.49813474416733
48.66800145626068,37.18848947286606
40.71300147533417,25.204194387197496
23.86399965643883,12.045257608592511
10.751999825239182,5.862517519295215
6.7819999283552175,2.6097152262926104
0.740999977067113,1.066607526708394
0.0,0.41925176820717747
0.0,0.3468007674789987
0.0,0.33980328151024874
0.0,0.3469518211646936
0.0,0.36348719565663484
0.0,0.4738017208059318
0.0,0.3873250050470233
0.0,0.26967980343848463
0.0,0.33740135179832575
0.0,0.5228950952552259
0.0,0.9003941676765681
0.721999992467463,2.4294531524181364
13.254000439047816,12.919596191346645
29.576000269651413,29.52387241125107
44.68500091791153,43.93920426487922
55.294999108314514,53.149031623601914
61.85799897432327,56.6906963801384
64.00200080394745,57.10314504265786
60.58800092935562,52.274345918893815
52.5910012459755,44.38857520103454
38.03699930667877,29.261675178408627
27.257999966144563,15.968770892322066
13.608000131845474,6.446766387820244
2.754000112265349,2.5233819269016386
0.0,0.6531281854212284
0.0,0.34573760807281356
0.0,0.33640003673033786
0.0,0.3475228646444156
0.0,0.3426236856705509
0.0,0.3644451442919671
0.0,0.37074383822502566
0.0,0.2829566084034741
0.0,0.3278467205259949
0.0,0.3973938014102168
0.0,0.5682066693576052
1.2839999997615814,1.2481737791001797
5.289999935030937,6.477115167826414
15.754999739527705,16.765412182211875
33.881000580787656,28.445452821254733
26.92799995660782,39.57462221622467
47.262001440525054,46.39058155775071
58.02799911260605,49.784397009611126
61.31899868488312,50.767460761070254
55.34300052881241,46.61435608744621
43.58399991512299,31.698746528029442
29.573999696969988,16.37742123961449
13.594999490380289,6.423545161485672
2.852999961078167,2.3806124259531503
0.0129999995976686,0.7237108582444489
0.0,0.40921708761015907
0.0,0.3285236340109259
0.0,0.3228770773112774
0.0,0.3393189951963722
0.0,0.435525479412172
0.0,0.3577378008514643
0.0,0.2557952863303944
0.0,0.32933006031438705
0.0,0.3901625715452246
0.0,0.6512319322582334
1.979000027626753,1.5438886918872594
6.78399998754263,8.392280187010766
17.069000113606453,20.87092417657375
32.49000075221062,33.193696030974394
38.19200055599213,43.82584532618523
46.20000133514405,50.590607260465625
54.27299813270569,53.432061308622366
50.762001292705534,53.00934892773628
50.91500196933747,49.24670715689659
43.41999814271927,35.65171485543251
29.158999996185305,20.22513459086418
13.649999834299088,8.294962801337242
2.1909998828172683,3.176362675353885
0.0,0.8419896472804249
0.0,0.3764253790490329
0.0,0.3403500256501138
0.0,0.3503320292173885
0.0,0.34686868886929006
0.0,0.43053797118365766
0.0,0.43320256913546473
0.0,0.3306314467079937
0.0,0.3584457711526192
0.0,0.5164057504571974
0.0,0.776957283122465
1.5190000221133233,1.5845680728554727
8.885999547243118,7.679498374909162
16.944000265598298,19.442744300365447
27.71499936938286,31.672514172792432
40.28800096511841,42.21770531058311
41.32400184154511,47.11240831017494
29.376000512838363,47.195941462516785
42.24700117111206,44.87095558643342
45.0509989118576,38.14025473713875
30.96300100684166,23.416942524313928
24.938999376297,11.882857424020767
10.39500030040741,4.919543400928378
2.4140000635385515,1.8816528593003752
0.0,0.6152221214398742
0.0,0.3524453611299395
0.0,0.3397001286875456
0.0,0.34817619553068646
0.0,0.37281767429085444
0.0,0.46895425677299496
0.0,0.3251137930527329
0.0,0.2523451120220125
0.0,0.34761788207571953
0.0,0.533902914589271
0.0,0.9546446980070322
2.46500003233552,2.6861390540003773
13.063000178337097,13.783557060062886
27.663999143838883,30.769140584468843
41.07400009155273,45.589456951618196
51.039998736381534,55.483554110527045
56.85300156831742,59.21904437184334
59.71499948501587,60.468966854810716
58.21000193119049,57.18682197332382
55.18500047445298,50.01302508473397
43.89200184106827,35.06737817943096
30.31500031590462,19.451040823161602
14.399999949336053,8.217900443822145
3.2319998802244663,2.9467063284665347
0.0259999991953372,0.4934131252393126
0.0,0.3466713816369883
0.0,0.3394991302769631
0.0,0.347101111584343
0.0,0.3471867012581788
0.0,0.4947059329319745
0.0,0.4906717713293619
0.0,0.42124772287672385
0.0,0.5403041630703956
0.0,0.7872755120880901
0.0,1.2725503027811649
2.5289998723566534,2.696982250362635
13.39300018787384,12.642016218304633
27.74600003004074,28.49989961862564
34.680999608039855,41.46425965070725
47.06000111103058,48.54261032581329
54.07999832630158,49.47327098608017
48.09700021982193,44.896893196105964
42.48000010728836,35.94074215054512
21.995000573396684,23.73823162138462
29.148999186754228,11.648107473254203
4.80100009828806,5.823502500802279
0.3420000116340816,2.4241092202067374
0.0259999991953372,1.010900101531297
0.0,0.4164501127693802
0.0,0.3253233948908746
0.0,0.31903267676010727
0.0,0.32673685241024936
0.0,0.3594578453339636
0.0,0.44153343581827353
0.0,0.4415639706281945
0.0,0.3477421263605356
0.0,0.34211012365063653
0.0,0.4887978410348296
0.0,0.7149470398481935
0.1840000054147094,1.321119776032865
3.611000056117773,6.146151586771012
19.40700100898743,16.129551516771315
24.76699942111969,25.992370728254322
24.87800039529801,35.37274998903274
32.02900020360947,40.93104335784912
45.250998668670654,43.05757406711578
42.38000022888184,42.26157002329826
52.82600075483322,38.38814910769463
40.444998679161074,25.549312687516213
22.74999903917313,13.707996415793897
11.819999594688417,5.544958442747593
3.5809999385476114,2.0373574670404198
0.0259999991953372,0.7665103918127716
0.0,0.4917878685425967
0.0,0.32985055640339855
0.0,0.3408062487374991
0.0,0.4747582728043198
0.0,0.4942987884022295
0.0,0.5023596598533914
0.0,0.4284923058608547
0.0,0.4332423779927194
0.0,0.630208347979933
0.0,0.892104577049613
1.031000022403896,1.5955698104947809
4.559000125527382,6.672090899199247
15.855999904274942,17.151357364654544
30.53200083255768,27.527887285351753
49.06499805688858,34.8393971067667
47.87400003910065,35.49790593922138
32.0930000436306,33.03601742386818
21.579000586271288,27.039941651821138
33.40499984502792,18.72535310924053
24.39999908685684,9.807861487567425
16.478000339269638,5.589316109716893
11.984000340104105,2.510268894433975
2.3399999275803567,0.9489639618620277
0.0,0.566042906139046
0.0,0.4908650235179811
0.0,0.33663055930053815
0.0,0.34633952463744205
0.0,0.5941313817724585
0.0,0.45699868204537775
0.0,0.3429081578925252
0.0,0.2630356000782922
0.0,0.33558554068207735
0.0,0.4363162173517048
0.0,0.788133416166529
1.2150000117719173,2.103304091244936
9.10599989593029,11.564612832963466
31.668999819755555,26.731720977425574
43.6919979763031,41.15305763006211
51.7189980340004,52.30980781555175
57.93400095224381,57.24204928159714
64.84699833869934,58.58634580254555
63.365999441146855,55.70357602596283
57.58500166416168,49.411965962648395
47.59900140047073,34.780640040636065
31.984999928474423,19.701487258970737
15.545000200271607,8.625404929220675
3.734000101685524,3.3937701360136274
0.0320000002440065,0.726700484585017
0.0,0.36514664852293205
0.0,0.3596968224318698
0.0,0.3662931873742491
0.0,0.36768898013513535
0.0,0.48666065965313465
0.0,0.3897176304087043
0.0,0.2708471759175881
0.0,0.3555769057106227
0.0,0.5532099525630474
0.0,0.9637656514905394
3.2400001169741155,2.5264114774018527
14.447000056505203,11.79239004850388
29.28400087118149,27.38028753876686
42.70500086069107,41.919161944389344
53.01999879360199,52.542927936315536
59.96899827241898,56.136188571453104
62.64999981880188,56.46948315858841
61.52200135469437,49.860314018726356
55.359999234676366,39.61683964014053
39.79399918317795,24.36180437505245
32.54700064182281,13.471983783245086
15.676999998688698,5.919627425000072
3.598999957740307,2.2975056020170452
0.0,0.5869601811096072
0.0,0.35765909810084845
0.0,0.3528211640776135
0.0,0.3578722673887387
0.0,0.36150039430009195
0.0,0.49173919979948555
0.0,0.43327694493811575
0.0,0.2917898447718471
0.0,0.35257189059630034
0.0,0.579249779637903
0.0,0.9762667916528881
1.3240000281482935,2.3282099766284228
12.64400035917759,10.872738699913025
29.0810002553463,25.579426030516622
42.73500123500824,39.44508000016213
53.12499804973602,50.246874366998675
60.532001326084135,54.034728693962094
52.41700071811676,54.80230776309968
59.92399976491928,50.71397317051888
55.68900101184845,42.55919526219368
46.1689986205101,28.371050619482993
29.06999915957451,15.742053014934065
13.330999893546103,6.815995542854071
2.920999919474125,2.637621443644166
0.0,0.5997583133727312
0.0,0.35548464679857716
0.0,0.3505771547276526
0.0,0.3559364754427224
0.0,0.3584250635141506
0.0,0.4009329550317488
0.0,0.41073772620642557
0.0,0.39617130466038364
0.0,0.4248809488886035
0.0,0.5622099223406986
0.0,0.7176402196753771
0.0389999987930059,1.2972008717991412
6.056000010073185,5.189777200222016
15.901999725103378,14.113287998735906
22.867999963760376,23.78924725174904
18.761999123096462,31.53309541285038
38.08000134944916,34.33614935159683
39.9440010547638,33.16884908258915
37.90800139427185,29.10977235198021
31.74699956059456,20.963770056366922
19.038000102043156,10.825141399204732
10.938999967575072,5.6508848123252395
4.489999880790711,2.444064239487052
0.8409999838471413,0.928853353895247
0.0,0.49032837413251396
0.0,0.4304044119711034
0.0,0.3403846878372132
0.0,0.34558975201100106
0.0,0.4826818133494816
0.0,0.5146350778313353
0.0,0.5167382475640625
0.0,0.4321667790971696
0.0,0.47133737567812206
0.0,0.6990156794339418
0.0,1.0520636110752821
2.419999984353781,2.1103880621120337
5.536000026166439,9.335025928914547
22.728000955581667,22.539933772683142
40.262999968528746,34.91614700317383
49.881001665592194,43.37774374723435
51.8859986114502,43.58709320306778
28.35600010991097,39.24974071502686
24.120999302864075,31.494408773779867
32.014000016450886,21.207367509007454
35.31799920320511,11.005206291377544
21.267999855279925,6.177597960233689
8.725999947190285,2.733938799723983
1.45400002412498,1.0603946984373034
0.0,0.5360304647125304
0.0,0.35221285006729885
0.0,0.33936251012375573
0.0,0.34564625113736835
0.0,0.4401239359378814
0.0,0.45154121150961146
0.0,0.4596670738072134
0.0,0.3980970503948629
0.0,0.3999135354720056
0.0,0.5749053795728832
0.0,0.8267790559493005
0.840000018440187,1.6471355855092407
6.408999930024147,6.818467503041029
18.10299939036369,17.872690135836603
32.125999222993855,29.572803255915638
31.45299958944321,39.76457392215729
54.72299963951111,42.44788413763047
52.9090019273758,39.679991188049314
43.36599911212921,33.861344029903414
39.89800020694733,24.62311223626137
18.761999123096462,13.16280800998211
19.829000660181045,6.992198446542025
13.354000317454338,3.1815425462275746
2.6869999267160893,1.2108475140482187
0.0,0.5438035926874727
0.0,0.3726215951493941
0.0,0.3548889149166643
0.0,0.3602929207240231
0.0,0.4094437268888578
0.0,0.5283015132695437
0.0,0.5043408555537463
0.0,0.46012820333475246
0.0,0.5080154187232256
0.0,0.5598624921776354
0.0,0.6595059736445547
0.5370000055991113,0.8840781200118363
1.2139999821782113,3.1912705619633197
1.9870000076293943,7.344761126339435
3.5780001065135,11.859982806146146
8.094000243246555,14.507229309976102
7.409000254571438,14.330985326766967
24.082000459432603,14.342610831260682
16.506000140905382,13.401134960055352
16.67100014567375,10.501482527256012
7.34499990105629,6.4963278031349185
5.086999832689762,4.29158168554306
1.521999982520938,2.122202660776675
0.3099999953433871,0.9285112385079265
0.0,0.6419299079477787
0.0,0.6151563300192356
0.0,0.6008669950906187
0.0,0.5806255905702711
0.0,0.5980563695542515
0.0,0.4557452078280039
0.0,0.3891884106397629
0.0,0.2757129168277606
0.0,0.3496754152793437
0.0,0.5308635756094009
0.0,0.9111897695623339
4.117999912053347,2.250775271765888
16.421999709010123,12.115119496285915
30.872999883890152,27.967265627980233
45.9969986653328,42.2650720524788
50.69300002098083,52.285012216568006
63.93099895954132,57.37602808594704
67.05800086736679,59.45090540528298
65.20399991750718,57.496284276247025
59.91600158214569,51.99890362143517
50.0530016207695,38.29550246357918
35.09900016784668,22.34788084924221
18.468999438285827,9.417236834168435
5.391000099778175,3.7132467275857923
0.1510000076703727,0.6276813476532698
0.0,0.35139903413597495
0.0,0.3430479757208377
0.0,0.35347156393341717
0.0,0.34836289951810606
0.0,0.4653926013014279
0.0,0.3685049359127879
0.0,0.26527405688539146
0.0,0.3417978689470328
0.0,0.5908589165098965
0.0,1.0998420307505876
4.288000064790249,2.9656569534540176
16.525999705791474,14.820612653195859
32.137000318765644,32.97676740348339
47.34199970006943,47.513042502403266
58.95499958753586,56.92276281118393
64.98000150442124,60.43414785265922
67.71100093603134,61.63960380792618
66.12999805212021,58.3324743616581
59.86500135660172,50.953066253662115
49.76199840068817,35.40674945473671
34.58599910736084,19.182553288638594
15.799000014662743,8.107472785711288
5.075999763906002,2.935097255781293
0.0570000019390136,0.4393434089887887
0.0,0.34094980982830747
0.0,0.33301466967444865
0.0,0.34204628402832893
0.0,0.3401299867150373
0.0,0.3864405840076506
0.0,0.37431903608143324
0.0,0.28697980191558603
0.0,0.3514855940081179
0.0,0.5437689777812921
0.0,0.8308819493325427
1.537000041306019,2.099755719229579
8.432999748885631,11.402375425994396
21.18199987769127,27.95997914791107
43.61800143480301,43.49148472547532
56.70799907445908,55.092994670867924
63.37400173187256,58.66733407855034
65.05099924087524,58.10716961979866
62.76699840307236,51.76519195556641
49.74700026750565,40.42486149787903
30.87199959754944,22.435479847192767
15.484000192284585,10.224830437898635
10.90500050187111,4.420484601557255
3.3209999465942386,1.8266631061956289
0.0,0.43208549202419816
0.0,0.34071417448110874
0.0,0.34386022393591703
0.0,0.34361838430166247
0.0,0.33579726068302984
0.0,0.45171521631767975
0.0,0.46210387654136864
0.0,0.44316665969789026
0.0,0.5181731487158686
0.0,0.6031459778081626
0.0,0.773546238662675
2.6889999859035014,1.1625220146402717
3.5279999105632305,4.23704502671957
5.608999875783921,10.809806413948536
8.296999832093716,17.649857354164126
13.945000091791153,22.413037077784537
29.39999916911125,22.392327864170074
20.95199974656105,21.475877637267114
15.065000373125075,18.569707938432693
24.220000948905945,13.56269814938307
17.592999188899995,7.315028795897961
7.679000028967858,4.271777248382568
4.209000037610531,2.007582644969225
0.1799999993667006,0.8031112502887845
0.0,0.5334781427122652
0.0,0.5227696903888136
0.0,0.47545277345925574
0.0,0.3689059884496964
0.0,0.5729174837749451
0.0,0.37593015859834844
0.0,0.3814491260098293
0.0,0.28833488052710887
0.0,0.3242014104686677
0.0,0.49943487144540993
0.0,0.6985336546367034
1.6549999389052392,1.5698065962269903
5.135999999046326,8.359755989611148
13.085999575257302,21.961162344813346
33.163000385761265,36.13689070224762
44.8820018696785,47.65163248300553
48.32400154590607,54.32995488882065
49.67599842309952,56.19831518530846
57.04600137472153,54.04919690132141
55.51299991130829,47.52605854868888
39.09100122928619,31.068130690455437
23.1189999461174,15.546699351966382
16.997000036835672,6.522037678211928
7.240000131428242,2.532975214645267
0.0449999998416751,0.5373936950415372
0.0,0.32028446207754313
0.0,0.32438169500790537
0.0,0.3205002579372376
0.0,0.31843403825536365
0.0,0.569646703414619
0.0,0.5597849064413458
0.0,0.5348587355576455
0.0,0.5789047437533736
0.0,0.6459135945141316
0.0,0.7647320336662233
0.6860000182688236,0.8945780135318637
1.6899999476969243,3.1712553355097772
5.414000010192394,8.239627145826816
22.87100082278252,12.660088640153408
22.418000510931016,14.717923093140126
7.346000187397004,13.15507992506027
8.913000089526177,11.826317111551763
7.622000139355659,9.941774051189425
6.777999809980392,7.172847438156605
5.658999814987183,4.869441661536694
4.686000032722951,3.2824789093434816
2.4879999427497386,1.699772188104689
0.7940000050514937,0.7481153352558614
0.0,0.6125918767228722
0.0,0.6463067704625428
0.0,0.6598135244660079
0.0,0.6294046977534891
0.0,0.758486341778189
0.0,0.49792910194722934
0.0,0.4932313061552122
0.0,0.4434867764776572
0.0,0.4258502786234021
0.0,0.6001614703610539
0.0,0.8030434048920869
1.9499999396502967,1.2187398528680207
8.89500007033348,4.47261284507811
14.272000269293786,12.20440532207489
17.82800075173378,19.52615421414375
29.900000615119936,26.479642657637598
28.852000410556798,30.44141227245331
27.91400089383125,32.696498262286184
29.435999207496643,32.62911141574383
37.91700191736221,30.263149744272233
46.969001755714416,20.5488735678792
23.115000854730607,11.676548879742622
9.40999964952469,4.831218450814486
1.628000038489699,1.7558595988526942
0.0,0.7635787261091174
0.0,0.6154741186276078
0.0,0.3651021940959617
0.0,0.3461189185408875
0.0,0.5366071987245232
0.0,0.42977776818210256
0.0,0.43107713344739745
0.0,0.2815357463946566
0.0,0.32454047698527566
0.0,0.38110110528767105
0.0,0.5618830590322614
0.1710000058170408,1.1312566478177906
4.580999749600887,5.150985679998994
13.807999888658523,13.459979320168497
29.15799970984459,22.402339970469473
32.04899976849556,33.07714726746082
36.17099902868271,41.99944776058197
45.601998529434205,47.64470647573471
48.22000052213669,52.02080516815185
57.365000288486485,50.16184592008591
48.0450017619133,39.595589203834535
35.05200108766556,25.47155018091202
17.70400016307831,11.552523386627437
6.379999842047692,4.125834290236234
0.0259999991953372,1.072762618996203
0.0,0.495173125974834
0.0,0.3568225163570605
0.0,0.3637111863796598
0.0,0.3998186028958298
0.0,0.6491452823695727
0.0,0.48459631264675407
0.0,0.3349559328332543
0.0,0.3514859117823652
0.0,0.5946447474136949
0.0,1.1000975742563606
3.30900010496378,2.494044152423739
16.70899972975254,11.32618883252144
32.10800023078919,25.93644506812096
45.93300087928772,39.92038649201393
56.547998447418216,48.03447513461113
62.5120013833046,49.877969996929174
26.566999286413196,46.894941540956495
27.667000002861023,39.80338174581529
21.682999556064605,29.037501150369646
28.80699984908104,16.69796577036381
33.15199928998947,10.384755581319332
19.958000626564026,4.67753572575748
6.329999902844429,1.7082655074819921
0.1150000013783574,0.7570931362360716
0.0,0.3454176563047804
0.0,0.3254608857235871
0.0,0.3350830586068332
0.0,0.36150875680381434
0.0,0.3677749451156705
0.0,0.35472757056355475
0.0,0.24727879553567617
0.0,0.30843773794360463
0.0,0.3166423453111202
0.0,0.5178944588080048
1.0860000453889371,1.0956563966162505
4.548000056743622,4.963979375734925
12.816000314354897,13.467755160033704
27.65199981570244,23.59420271217823
29.990999970436096,34.85377596616745
31.5459995174408,44.023786998987205
44.91199813604355,48.80006595492363
48.527998340129855,52.211547654867175
35.17399904966354,50.22991263270379
43.14200069904327,37.62278011679649
34.05499905467033,22.18710484623909
18.383999747037887,9.64015947729349
7.1009998691082,3.4849936314672236
0.1600000012200325,1.0282579643651844
0.0,0.47321647772099823
0.0,0.31601411747746166
0.0,0.31066071772016585
0.0,0.3449876481853425
0.0,0.5244609259162099
0.0,0.4082660291157663
0.0,0.25774595381226384
0.0,0.34459401398664335
0.0,0.4558592218719423
0.0,0.8715281016379595
4.381999765634537,2.2768594197928906
17.17000027835369,10.446152006685736
30.65300056219101,24.587124521732328
41.257999374866486,38.698050961494445
47.63299881219864,48.51805298805237
48.22299932718277,52.454709664583206
58.4480002450943,53.47124090194702
46.4659994506836,47.355385462045675
30.90699934959412,37.700492300987236
29.676000148057938,24.527880663275724
37.88300039768219,14.953373449742795
20.05100055456161,6.879038743525744
6.074999802112579,2.4142994305491445
0.0939999977080151,0.8695013407617808
0.0,0.3446417583222501
0.0,0.3377391536440699
0.0,0.3455131720169447
0.0,0.3454378448054194
0.0,0.4033994922577403
0.0,0.41255809291964396
0.0,0.4001526700705289
0.0,0.40791048771236094
0.0,0.5698808436607942
0.0,0.7892155406158419
0.2839999961480498,1.5310750906169415
2.7270000834763053,6.482717901021243
10.43599971652031,17.62022874951363
21.735000067949297,29.254242866039277
32.15399902462959,38.092376555204396
50.925998957157134,40.64462255835534
49.67599842309952,38.15729657649994
37.45199816942215,31.984074612259867
30.01400039434433,22.97635336279869
27.2649999165535,11.588893397450448
14.37499997973442,5.877099722325802
6.914000240266323,2.3920275262743234
2.1909998828172683,0.9469713162444533
0.0320000002440065,0.47217766049318016
0.0,0.387550225534942
0.0,0.3406011653156019
0.0,0.3488122223084792
0.0,0.44508957766462115
0.0,0.46078565216390416
0.0,0.46342217530822377
0.0,0.43418659325689074
0.0,0.45411217081360516
0.0,0.6267401933576913
0.0,0.82832465688698
0.7830000004544855,1.5197827153652907
5.079000109434128,6.248772852122784
13.26400022149086,17.14733516603708
30.374000778198244,28.64102934062481
44.20800194978714,37.92807798326015
35.71999928951264,41.115009777545936
36.41400082826615,41.1665810084343
43.03900201559067,37.6124445092678
46.82899863958359,30.585307673215866
34.46799818277359,17.833579864203934
14.236000230908394,9.497083869725467
5.47999990940094,4.024391750395298
1.1359999845921993,1.5102998930215836
0.0,0.5591329936962575
0.0,0.3637240502075292
0.0,0.34008875610306855
0.0,0.3486513121891766
0.0,0.4521755762770772
0.0,0.46523392967879773
0.0,0.3742356895841658
0.0,0.2651243091933429
0.0,0.32783317712135607
0.0,0.4318883834406733
0.0,0.7494715692289173
1.7809999448806049,1.7261874113976954
9.387000252604484,9.0789459502697
24.6490005505085,22.037358694672584
31.344999474287032,35.204214064478876
28.693000069856645,46.58318289279938
41.98500009298325,53.14930480241776
40.95300036191941,56.73498831987381
53.26799997091293,56.000687770843506
54.753998246192936,51.986384637355805
47.33400151729584,39.381190047860144
34.11600008964539,24.42325625777245
18.799999734163286,10.914762536585332
6.094999880492687,4.170094521716237
0.2579999969527125,0.8131800655834377
0.0,0.3696755879931152
0.0,0.3641326471790671
0.0,0.37219617600552735
0.0,0.37388041015481577
0.0,0.4513836369710043
0.0,0.29917571802623566
0.0,0.24132497685495763
0.0,0.32829459963366386
0.0,0.4298411541059613
0.0,0.8132600904162974
3.076999914646149,2.3087491953372954
14.040999851822852,13.069002409875393
29.368000276088715,29.350752012133597
43.16700169563293,44.57707063794136
53.0120006108284,55.08564965248108
57.98300060510636,59.868667703866954
53.70700038194656,61.77934401512146
46.61600132226944,59.197019586563115
56.72399954795838,53.003236294984816
46.40200166463852,39.14120348513127
32.555000878572464,23.320236196517946
18.74299984455109,10.285413488745691
5.382000090181828,3.7906081953644755
0.1830000079143792,0.626679135710001
0.0,0.3545479941344819
0.0,0.34892596986144775
0.0,0.35402440789155654
0.0,0.35582378849852825
0.0,0.3876318271877244
0.0,0.398067292785272
0.0,0.3794887654483319
0.0,0.4074606898333877
0.0,0.6218341340101323
0.0129999995976686,0.8968463564827108
3.0980000226199627,2.218208197616041
9.645000185370446,11.341938720941542
21.015999586582183,29.634316757917404
41.513000502586365,45.022699229717254
46.59199855804444,55.210256164073954
49.92600017309189,58.09503267526627
58.46699952363968,56.61072276830673
58.54700189113617,47.653275663852696
48.60300132989884,32.88277027010918
16.83300031840801,15.768042487502099
4.747999813556671,6.974513969421387
2.662999986708164,3.113020749539137
0.1530000026710331,1.3147851854935289
0.0,0.3709255389077589
0.0,0.3437510422710329
0.0,0.34331731634214513
0.0,0.3468829866871238
0.0,0.33787737679667773
0.0,0.5174356316099875
0.0,0.5151204189425335
0.0,0.41834492496447634
0.0,0.46697055839002133
0.0,0.7489486397616565
0.0439999983296729,1.233269839975983
4.989999786317348,2.771178348474205
14.541000270843506,12.203814290463926
30.888000071048737,27.672700813412668
36.44000005722046,41.49539381980896
44.5270008635521,50.54998577594757
45.64900171756744,51.32958471298218
44.27400030851364,48.147283607721334
44.71000191450119,38.13458987116813
25.63900057911873,26.340395404696466
25.98799986720085,13.342469809353354
13.404999516010284,7.445668862164021
5.9119998565316205,3.4033579678833483
0.7129999828711152,1.3418313003703952
0.0,0.46433870900422336
0.0,0.3563179423869587
0.0,0.3515095209819264
0.0,0.3570505098532885
0.0,0.3644082816573791
0.0,0.430569128151983
0.0,0.433312753601931
0.0,0.40967992334626613
0.0,0.37176230124197895
0.0,0.472284884462133
0.0,0.593958767550066
1.4349999753385785,0.9909411989524961
4.311999748051167,3.4682050730288028
6.456000037193299,9.463197629451752
9.53400023818016,16.413051562309267
19.8210004234314,23.545872655510905
28.89299982666969,28.756570628881455
26.759999092817303,32.835375799536706
24.382000094652177,37.13257613658905
42.96899840354919,34.84195122599602
34.70400003194809,23.969827691912652
19.6130004298687,13.7158975481987
12.97300008237362,5.963793173581362
4.171999969631433,2.1830558736622336
0.0,0.810368397012353
0.0,0.5440932033117861
0.0,0.36714776550885286
0.0,0.3603484562342055
0.0,0.4559139731712639
0.0,0.43964853483950717
0.0,0.3341386750154197
0.0,0.23994467284996054
0.0,0.3123545258678496
0.0,0.3718138743238524
0.0,0.6059676595125347
0.9559999852254988,1.5042806519940495
7.245999795496464,7.630765225440264
17.188000297546388,19.006319575309753
31.381999799013137,32.008187264204025
45.97099943637848,44.451819177865985
38.44300053834915,52.401702704429624
50.04099818468094,56.057675336599345
61.97300109386444,56.17146355628968
56.31200070619583,52.188713603019714
47.63400115251541,39.83331639289857
34.8759999871254,24.846189441084864
19.73700101852417,11.287570744901895
6.5390001827478414,4.203073418065905
0.4149999896250665,0.9353065294586123
0.0,0.38576029880437995
0.0,0.35349826385499905
0.0,0.3568230351619422
0.0,0.3619599239784293
0.0,0.40149932569824154
0.0,0.40706573073985053
0.0,0.3306367742083966
0.0,0.4227443285146728
0.0,0.6825911921542138
0.0320000002440065,0.9933674272848294
4.787999970316887,2.474468155913055
15.563000219464302,12.473152684569358
28.646999222040176,31.171348122358317
42.25200054883957,46.39230484366417
51.43499887228012,56.12790899395943
56.19899915933609,59.54221901893616
60.59500087976456,60.488993121385576
58.815998811721805,54.836851532459264
50.24600142717362,43.97927733778954
41.87300088644028,25.854035440683365
20.245000647306444,12.259859594702721
7.495000232160091,5.300223344117404
1.4339999457448722,2.1964399667829273
0.0,0.4252167627890594
0.0,0.34088123654946684
0.0,0.3448723206389695
0.0,0.34379977606236933
0.0,0.3361345460172742
0.0,0.5896272048354149
0.0,0.5511907162098213
0.0,0.4850908975093625
0.0,0.4197423635981977
0.0,0.5463404296338559
0.0,0.7520823332667351
0.2220000067073851,1.045994304381311
3.588999918550253,3.3809367652237414
5.004000200629235,8.434599796235561
17.489000219106675,13.569581536650656
26.467999694347384,17.77080008596182
33.00899942278862,19.763399745821953
9.829999755024913,21.716151756644248
26.070998985767364,22.191180961728094
21.95599967598915,20.564720506668092
22.96200017809868,15.063518429398538
18.25299920797348,9.63145087555051
13.067999556064606,4.450922087654472
2.261999929994345,1.7207914237305522
0.1009999962570145,0.883784850742668
0.0,0.7597495691478253
0.0,0.5753600945696234
0.0,0.3834673769702204
0.0,0.651234965082258
0.0,0.4106249134941026
0.0,0.41608097321819515
0.0,0.3999469517753459
0.0,0.40379465739009895
0.0,0.5143714685807936
0.0,0.6227147212158889
0.1020000017806887,1.1399619760364295
1.5630000405013562,4.10790012665093
6.003000238835812,11.325354404747486
19.372999489307404,19.62038344681263
19.27399989724159,27.437447638511657
27.75999993085861,30.995518528819083
31.32800076842308,32.65441537380219
31.76400032043457,32.37930479347706
39.486001365184784,27.656628450751306
30.852000032663344,16.18817661494017
16.850000051259993,8.583280961215497
7.023000128269196,3.8081296381354335
0.9440000152215362,1.3985580753535032
0.0259999991953372,0.5940136311762034
0.0,0.4620829208358191
0.0,0.3658063643984496
0.0,0.3671334736328572
0.0,0.45848380364011976
0.0,0.6256934197619557
0.0,0.551764242257923
0.0,0.4318338304734789
0.0,0.3610942164203152
0.0,0.40068810628959906
0.0,0.5321015936322511
0.0259999991953372,0.7628657717630267
0.7389999820664526,2.2274084698781373
3.316000055372715,6.012859789207578
6.46999993801117,9.110841887742282
6.379999842047692,11.69200967103243
8.332999870479107,13.55372740894556
19.507999119758605,16.089368556141856
22.649000928401943,18.267892588377002
36.7040017080307,19.048835852742194
23.416000776290893,13.891462178826334
28.440999801158902,9.673984611779451
15.674000166654588,4.85577437646687
7.412000086605549,2.048319408893585
1.8020000528544189,1.064948523826897
0.0,0.8594770389795303
0.0,0.7327041282318532
0.0,0.5045559774525463
0.0,0.6109599927440286
0.0,0.46880327250808473
0.0,0.3412238333374262
0.0,0.23763043555896723
0.0,0.31710612668655813
0.0,0.5297462447267025
0.0439999983296729,0.9712184073403478
4.643000043928623,2.6861568979173898
16.191000318527223,14.349998469650746
31.08300045013428,31.834530777335168
45.39699939489365,47.150119310617455
56.65400004386902,57.01655557394028
63.358001258373264,61.26356392502785
65.50500189304351,62.713697724342346
63.64200042009354,60.49693995475769
59.06100118398667,54.856148637533195
50.05499808549881,41.78470250964165
36.981999151706695,25.455848560929297
21.538999402523043,11.023020425736904
7.83200019210577,3.6912135980278253
0.7519999816641212,0.5576821644976735
0.0,0.3327198458486237
0.0,0.32496316127711905
0.0,0.3324135516188107
0.0,0.3310539037943817
0.0,0.4316346860933117
0.0,0.388298300858587
0.0,0.2455052433721721
0.0,0.32953471487620845
0.0,0.5740305783320219
0.0380000012926757,1.0265597433783116
4.726999962329865,2.7997832386195665
16.526999992132186,15.614259245991708
32.24899952530861,34.78793165564538
47.65300043106079,49.91252403616905
58.88400185108185,59.074842928647996
65.40699847936631,62.44046961307526
66.20300046920777,63.20639112353325
61.933001964092256,60.398755791187284
59.640998835563664,53.67942780733109
45.4490019607544,38.99143063187599
34.08700000166893,21.69575063943863
19.172999732494358,8.720015944689512
5.739000128507614,3.138567461892963
0.3970000025257468,0.4451793486997485
0.0,0.3135973913874477
0.0,0.30263881988590585
0.0,0.31397292999085036
0.0,0.3070225659734569
0.0,0.459134996146895
0.0,0.3489795185625553
0.0,0.2384800114063546
0.0,0.3300166980922222
0.0,0.5170024144556373
0.0320000002440065,0.9361815072130412
4.613000183105469,2.609551164954901
16.13799952030182,14.03108171492815
31.08599925518036,31.326399694085122
43.300998985767365,46.61952799916267
54.44100105047226,56.551276593208314
63.884998111724855,60.92466609120369
66.56800023078918,62.4813067650795
65.08099961519241,60.16656817555428
59.796000084877015,54.29014472484589
50.713001639842986,40.76576401233673
37.048001618385314,24.391763669848444
21.26400076389313,10.43856025442481
7.28599995225668,3.7866143672913313
0.6170000302791595,0.5780220475420356
0.0,0.3303839503065683
0.0,0.32138898386154324
0.0,0.33157803837908434
0.0,0.32731359168421476
0.0,0.45944431444164363
0.0,0.47239556510932745
0.0,0.40069907478522504
0.0,0.3877840366028249
0.0,0.5867267980799079
0.0,0.8742772202193736
2.190000109970569,1.6579487424716355
9.233999575972556,6.696262089461088
15.780999995470047,18.08438420534134
20.543999996185303,29.95268612802029
40.618999207019804,39.06612141728401
44.831999876499175,41.398308533430104
48.15299982309342,39.90014866590501
40.51899932861328,34.053792343735694
34.906998593807224,24.933458775877952
21.800000194311146,13.181293794512749
11.80699998021126,7.274912589490414
10.395999559760094,3.3772939103096724
5.73500001013279,1.2580428773164751
0.2820000011473894,0.5774268437922001
0.0,0.3902535123564303
0.0,0.3349900679546408
0.0,0.34353630320634687
0.0,0.4546731469780207
0.0,0.416349053226877
0.0,0.3925600123405456
0.0,0.2728474998753518
0.0,0.3359357436001301
0.0,0.48332257272675627
0.0,0.7748923632223159
2.3309999179840086,1.9607125801593066
12.674999992847445,10.97270622819662
26.55399967193604,25.85300229072571
42.651001830101016,41.05846587061882
49.826000294685365,52.74604973673821
59.08799864530563,58.525215367078786
64.02899826526642,61.05813756346703
63.953001151084905,58.72368080377579
58.50300161600113,52.34808365941048
49.25299848556519,37.758660902977
35.805001034736634,21.556354473233224
19.057999666929245,9.694418592602014
1.77799998447299,3.721928756013513
0.0,0.5874426729232073
0.0,0.3603961576824076
0.0,0.35621490499004715
0.0,0.36079841515747824
0.0,0.3640409880224615
0.0,0.48073299149749793
0.0,0.49401712664635844
0.0,0.47155892446869985
0.0,0.5055422068946064
0.0,0.777469958756119
0.0,1.2624453503452242
1.8140000228583808,2.9970757908001544
6.729000157117844,13.23747414767742
28.38999957561493,26.90356893837452
42.12099795579911,41.63166691541672
52.93599938869477,50.191472470760345
59.603000278472905,53.58812035560608
59.802001802921296,49.42786168336868
24.537999576330183,34.056703854799274
11.116999586820604,19.722594430446627
7.192000251412392,8.512404666095973
4.137999990433455,4.347658056169749
0.8079999700561166,2.12756771042943
0.0,0.8943026202730835
0.0,0.3710530613921582
0.0,0.3453850765060633
0.0,0.3634814148116856
0.0,0.36931078403955325
0.0,0.3731036917562597
0.0,0.5164220378454775
0.0,0.4899559305049479
0.0,0.46478362882276997
0.0,0.5198583879321814
0.0,0.5749021702352912
0.0,0.6893516578897834
0.0,0.94390800351277
0.447000005915761,3.004604960978031
1.7219999960809946,7.5274571618437776
3.5829999977350235,12.287885071039199
11.006999925971032,15.3936026519537
13.749999712705613,15.404991949200632
18.625999206304552,15.358683518469334
22.063999791145324,14.140679823458196
15.839000171422958,11.00289300084114
14.035000187754632,6.307231834977865
10.546999663710594,4.181315392926336
5.750999970138073,2.121326896734536
0.6589999894797802,0.9059421495720743
0.0,0.6189727780036629
0.0,0.599772675158456
0.0,0.5916995864454657
0.0,0.4989004185609519
0.0,0.6012178077828139
0.0,0.4700839692587032
0.0,0.48053491904167456
0.0,0.4491452404111623
0.0,0.40070178366731857
0.0,0.5363878244534135
0.0,0.7044121324550361
0.0449999998416751,1.1030963151156903
1.2919999797642232,3.51414738252759
3.315000025779009,9.31038591861725
9.398999580740927,15.815136050581932
26.434000228643416,21.368446473479267
50.23799913644791,23.50195762038231
45.70700189352036,24.511360533833503
37.11399997711182,23.60175620913506
27.26899900794029,19.343172675967214
31.20600075244904,11.951662541031837
23.450000241994857,7.309214759916067
13.767999731898309,3.451316511631012
4.380999992787838,1.319215740226209
0.4340000063180924,0.6960770173743367
0.0,0.611377960825339
0.0,0.4661561889760196
0.0,0.35814251661766316
0.0,0.5502052744291723
0.0,0.4701700194296427
0.0,0.364857074432075
0.0,0.2485338872345164
0.0,0.327868287274614
0.0,0.4965625124052167
0.0380000012926757,0.9153946115821601
4.371000210344792,2.44670899040997
15.650999742746354,12.813483680188657
30.570999675989157,29.051307977437972
45.43699852466583,44.3027251636982
56.43099986314774,54.95744868278504
63.002002019882205,60.06167161822319
65.49999840736389,62.238424096107494
64.28100058794021,60.50469371438027
59.26300151348114,55.513915984630586
50.81800089597702,42.92568826436997
37.97399975299835,27.03165591239929
22.92399956703186,12.058031542450191
8.913000089526177,4.472800912261009
1.0779999370127915,0.6668893757089973
0.0,0.34700392956379794
0.0,0.34115251570940014
0.0,0.34862916404381394
0.0,0.3487163074826821
0.0,0.4793810019386001
0.0,0.3531347763165832
0.0,0.2449772832682356
0.0,0.3354925340786576
0.0,0.4818171787448227
0.0320000002440065,0.9050300558283926
4.649999994337559,2.536905241087079
15.690999899506568,12.868542562425137
30.367000827789308,29.11234906494618
44.25599926233292,44.39107078194618
55.94500037193298,55.07755698680878
62.95400059938431,60.160864284038546
65.94799934148789,62.33452142000199
64.75099960565568,60.60522968053818
60.25600034713745,55.65834541916847
51.46099810123444,43.01340331196785
38.69600109338761,27.307545976638792
23.416000776290893,12.326045121997595
9.146000052690509,4.471709865853191
1.1120000445842744,0.6657978158071637
0.0,0.34959076483501117
0.0,0.34387333679944276
0.0,0.35082089252769943
0.0,0.351988473625388
0.0,0.4591091090114787
0.0,0.45565934570506217
0.0,0.2986936915665865
0.0,0.3646542473579757
0.0,0.5900256922375411
0.024999999689171,0.9685421567689628
4.274999936819077,2.300369743257761
15.23300020992756,10.723322724997999
29.809999492168423,25.92955089747906
44.19099913597107,40.576046459674835
54.8979983997345,51.39193521022797
48.68400192975998,56.237991840839385
46.89300053358078,58.21941735744477
53.346999998092656,53.893320658206946
55.5710000872612,45.03739542841912
37.72200153827667,29.81841463208199
34.07799947857857,16.727160986065865
19.118000415563586,7.505693488270045
3.361999876201153,2.8877179332822562
0.2160000056587159,0.5318221566081047
0.0,0.34962675024755296
0.0,0.3446591693838127
0.0,0.34965921509545295
0.0,0.3522534476500004
0.0,0.6111901985295117
0.0,0.6088048744108528
0.0,0.595573032265529
0.0,0.6768537270650268
0.0,0.8078169736266136
0.0,0.9878792662359774
0.7620000208541751,1.2364691965281964
6.752999840378761,4.378609421402216
21.115999464988708,10.640770346224308
34.9419983458519,16.346774889826776
39.95899918794632,19.13003158032894
30.15100059747696,17.001767315268516
19.061000525951385,14.691825273334981
5.800999909341336,11.029065277278423
5.752000256478786,7.19998893454671
6.686000168323517,4.747603909671307
3.473000080138445,3.387883954122663
3.2660001161694527,1.75355221349746
1.13999997459352,0.74070446126163
0.0510000008903443,0.6419035913795232
0.0,0.6939569931477307
0.0,0.607466051094234
0.0,0.442879023887217
0.0,0.8609613576158881
0.0,0.4560762258502654
0.0,0.43771309908246614
0.0,0.3020330073311924
0.0,0.3752228978741914
0.0,0.612757494589314
0.0,1.0077195998374373
3.874999909698963,2.640367481261492
14.553999885320664,13.078296651542189
28.960000525712967,29.475274310708045
42.59499811887741,45.202485808134085
53.0810018825531,55.446397683620454
58.68900147199631,59.458482522964474
60.97499877452851,60.397730857133865
55.99800117015839,54.84162086486816
32.87399979233742,44.560985951423646
44.631001887321474,28.318435968756678
20.560000469684603,15.145333944261072
15.487000024318696,6.798637904673814
6.295000150799751,2.7345189195871353
0.5080000139027834,0.4518536315765232
0.0,0.36254752339329566
0.0,0.3580173051753081
0.0,0.36134639331605284
0.0,0.3653831191826612
0.0,0.4780483733769506
0.0,0.4427381131146103
0.0,0.3029626561515033
0.0,0.3191816534474492
0.0,0.3622234275005757
0.0,0.5052467552758753
0.112999998354353,0.8457679362408816
2.028999966830016,3.0481694722548127
7.7769998481869695,8.328976901620628
12.408999823331833,14.145912327468396
16.434000064134597,20.092211530208587
31.614000502824783,25.318759009838104
43.54699959039688,29.341506038904193
41.93899924516678,32.76928090393543
34.174000265598295,31.527935824990273
29.411000264883043,21.904629734754565
28.626999657154084,13.952592100799084
14.559999549388886,6.773314177095891
9.38000030219555,2.6639437887072566
0.8519999884441495,1.1413653551787137
0.0,0.7923332997597754
0.0,0.458610972110182
0.0,0.3463065983727574
0.0,0.49537082117050885
0.0,0.3855177774396725
0.0,0.3552197224833071
0.0,0.2352166847325861
0.0,0.30321836012415593
0.0,0.32444190218113356
0.0,0.5308283993671649
2.24900005877018,1.2351674892008306
9.50900026857853,6.207063273787499
20.378999991416933,16.06973819345236
31.09399949193001,27.5548734498024
42.32900000333786,40.11108584523201
49.744001462459565,49.374622623920445
62.73199865102768,55.541083925962454
61.52299958705903,56.62431803584099
58.04100078105927,53.749534118175504
50.79500047206879,41.89240890622139
37.69700054168701,26.239909760951996
22.89599976539612,11.994504373669624
9.190999587178233,4.3516975852102044
1.1139999753981829,0.998538856394589
0.0,0.42480854136403645
0.0,0.3279373040795326
0.0,0.3220908858813345
0.0,0.3240085613727569
0.0,0.42078418986871835
0.0,0.42416785095818343
0.0,0.2846253195311874
0.0,0.3395336838345975
0.0,0.5153303397912532
0.0,0.8034703109785912
3.5369999201595785,1.9222008499875667
14.269000437259674,9.430452116131784
23.883000988960266,23.737312467098235
30.41999957203865,38.4861545753479
53.40000079631805,50.688602458238606
61.06299932479858,56.94062007904053
64.01199955940247,60.314563312530524
64.14800153017045,58.80464237809181
59.34500034570694,53.437278407812116
49.78999820232392,39.48306212544441
35.87200173377991,23.018946664333342
20.781000077724457,10.518022426217795
6.793999769985676,3.684047789052129
0.8310000088438392,0.580006124228239
0.0,0.3583950410969555
0.0,0.35589533492457115
0.0,0.3587885936442762
0.0,0.3582879294548183
0.0,0.49016230695880947
0.0,0.458950643944554
0.0,0.42931742951506746
0.0,0.3726726702600717
0.0,0.4982942709699273
0.0,0.5976355130691081
0.8770000222325325,0.8815774683468044
10.632000381946565,3.2130334652960304
19.82399922847748,8.924116207957269
20.091999970674514,14.851052578389645
8.615,21.147262007594108
10.496999724507331,26.19608201980591
14.846999570131302,29.969692022800444
19.90100073695183,34.16660081684589
46.52500196695328,33.74845031678677
27.09299996137619,24.55361801028252
15.541000081896785,14.888397457599641
16.62299975216389,6.652504440248013
8.35700006723404,2.4753812124580143
0.447000005915761,0.942537070773542
0.0,0.6679919436387718
0.0,0.4225380175746977
0.0,0.3411440096492879
0.0,0.4807802257221192
0.0,0.5565372493583709
0.0,0.5239980640099384
0.0,0.43655501837609334
0.0,0.3710993767878972
0.0,0.4737693796120584
0.0,0.6903354482352734
0.3820000079274178,1.0244083639234303
2.476999873965979,3.306888104081154
7.0930001458525656,8.82756161764264
10.086000142097474,14.401678561270238
22.428999552726747,19.62800780594349
28.342000209093094,23.053503784537316
25.2249991106987,25.7018974339962
29.199999412298205,26.72794166147709
31.754999797344208,24.55740862309933
29.88400014162064,17.456532506048678
29.43799978017807,11.344568837285046
12.461999594569209,5.406779642477632
4.790999802350998,2.0920762236788866
0.2149999921116978,0.9857047153636813
0.0,0.7974559802375735
0.0,0.5407768503576518
0.0,0.3542058547842316
0.0,0.6095152131468058
0.0,0.5330360083188862
0.0,0.4711341948877088
0.0,0.289867547834292
0.0,0.33692948289215563
0.0,0.3784447298268787
0.0,0.49138069988228383
0.3749999933317304,0.8402951170317828
2.2860001267492773,2.8979590579122307
7.516999856233597,7.814875936955214
14.046000256538392,12.638997386991978
22.82700054764748,19.379864904284478
26.670000023841855,28.712140045762062
22.331000247001647,37.86422294855118
43.93799858093262,46.49166593551636
57.67899982452393,47.13207513093949
48.41700147390366,39.87842170715332
36.349000701904295,29.435186859965327
22.9840003156662,14.95422225534916
9.539999902248384,5.781225254833698
0.9350000056251884,1.7456087820231914
0.0,0.8236770546529443
0.0,0.442326022926718
0.0,0.37110236255917695
0.0,0.4860911980364472
0.0,0.44244622583501036
0.0,0.4218920741975308
0.0,0.2915825937734917
0.0,0.34259548817761243
0.0,0.537966385288164
0.0129999995976686,0.8480235710274427
3.334000074565411,2.25332329325378
13.354000317454338,12.064453555345537
27.317000428438188,27.694068326354028
41.16000006914139,43.182010098695756
51.77800055027008,54.41779728293419
58.44899847745896,59.757498303651815
62.796998777389526,62.00262148261071
62.40300098180771,59.672245973348616
58.40399996995926,53.64734470129014
49.72199927091599,39.36345088362694
35.512999582290654,23.183260641098023
17.440000566244127,10.716268600970508
4.0329999640584,3.654472716152668
0.5430000226944686,0.5185158417839557
0.0,0.36622888905229045
0.0,0.36316937016323203
0.0,0.3659903388353996
0.0,0.3713696780311875
0.0,0.39598249913426115
0.0,0.38713051918894054
0.0,0.27505343806929883
0.0,0.33502735664136707
0.0,0.49629656049190085
0.0129999995976686,0.7598416903591715
3.680000044107437,1.8298461272194984
5.621000230908394,9.957965544462205
25.78300073266029,24.75252402484417
40.02399931430817,40.01131190419198
51.83800129890442,52.059645855426794
59.05299889326096,57.985596830844884
60.26900201559067,60.73959463238717
59.22699942111969,58.24969296455384
56.29899903774262,51.23597680807114
48.5270001077652,35.596767914891245
32.63900028347969,19.113214651346205
12.465999712944033,8.418038587272168
3.406999924182892,3.3415309777855873
0.28499999364838,0.5453540076315403
0.0,0.33459860518574713
0.0,0.34035610868595534
0.0,0.33614921269007025
0.0,0.33246219729073345
0.0,0.6088556621782482
0.0,0.5940343955904246
0.0,0.5611824124958367
0.0,0.6534677975252271
0.0,0.6834014497138561
0.0,0.7659286993741989
1.954999959245324,0.8448486856743693
12.469999831318855,2.7146469579637054
13.308999755978585,6.348430230021476
10.168000001311302,9.768007419854403
9.015999799966812,11.235128371417522
9.344999523162842,10.068199872076512
6.220000241994858,9.488587854504587
9.2760003054142,8.375762368291616
5.536000026166439,6.476661239117384
1.2370000209659338,4.537509759142996
0.2890000157430768,3.139690473303199
0.1140000038780272,1.701557285860181
0.0,0.7961890300363302
0.0,0.6412986954301596
0.0,0.6674620178155601
0.0,0.6792220898345113
0.0,0.6939904023520649
0.0,0.7578806434944272
0.0,0.6059351649694145
0.0,0.5482325587980449
0.0,0.4541050464333966
0.0,0.3779680558061227
0.0,0.4428137780539691
0.0,0.6464319025352597
0.0,0.8668476036936044
1.5540000309050084,2.6303163494169715
7.278000229001045,7.002160743921996
14.046999515891075,11.078017175197601
21.09900075912476,14.586418302953245
28.33999963641167,16.835088185071946
32.07099990606308,19.088322515487672
35.0270000910759,20.60764860630035
18.47300058364868,18.729042050242423
23.38500011563301,13.498788170814514
24.67700035214424,9.116208670437336
15.5649997651577,4.478458460941911
6.333000248372555,1.8632468589022757
0.8039999800547958,1.012908408716321
0.0,0.8452656749077141
0.0,0.7052610182948411
0.0,0.4696503552794456
0.0,0.6489295053295792
0.0,0.4625469599617645
0.0,0.3818467941507697
0.0,0.24659986016806212
0.0,0.32058780866675074
0.0,0.3797397061437368
0.0,0.6618594290409237
3.4429999625682832,1.424541193433106
13.881999511122704,6.975575361549855
21.48099922657013,17.75534340262413
39.82600013017655,29.447657575607302
47.876998844146726,41.688438813686375
41.661001801490784,50.792089987993236
58.86199965953827,55.139856134653094
62.47599929094315,56.82914258241654
59.69899901151657,54.69713597297668
52.09400065898895,44.339647437334065
35.213998179435734,29.835307558178904
24.16200077295304,14.135844250321389
9.908999782204628,5.142871062457561
1.5569999913126231,1.0312581815198063
0.0,0.4011295213922858
0.0,0.3412697444646619
0.0,0.3493570616818033
0.0,0.34731747329467905
0.0,0.4381498455023393
0.0,0.4521414920524694
0.0,0.3587623497843742
0.0,0.4239625141583383
0.0,0.6659682637266815
0.0,1.1084772028494627
1.6500000476837158,2.7237726452201607
14.336000109314918,12.544833881556988
28.2119999563694,30.91400340795517
42.287000300884245,46.14346975207329
53.66399833917618,55.282305536270144
60.60000025749207,57.90538084983826
62.452000634670256,57.08585672616959
56.72199897527695,45.49471730589866
28.85499921560288,31.166117672324184
23.56799911260605,15.98656602740288
11.99100029051304,8.258031028062106
22.4330006980896,3.7034270531684164
9.460999875068664,1.4535557876154779
0.8620000276342035,0.3869217999186366
0.0,0.3370128490729257
0.0,0.3307305006869137
0.0,0.3359447231260128
0.0,0.3373019724129699
0.0,0.48559100360842417
0.0,0.3482242330536246
0.0,0.2435539901861921
0.0,0.3152662615850568
0.0,0.36465857761912046
0.0,0.6744109718501567
2.218999941200018,1.6066452987119555
11.999999786615373,8.13950248837471
25.0899994802475,20.155249082446097
33.54099976181984,32.65954209804535
37.17999833583832,44.2124282681942
38.26699943780899,52.33845051169396
41.12599854946136,55.81580938577652
53.8810009098053,56.57060656189918
59.94400138378143,53.836797291040426
52.163001930713655,43.078958011865616
39.716001496315,28.884440908432005
24.706000440120697,13.588398524820805
10.399000418782236,4.914955845400691
1.5800000301003456,1.0663454842939974
0.0,0.38754617946455255
0.0,0.34797589129069817
0.0,0.35528930536005643
0.0,0.35408563620876515
0.0,0.43468814625171937
0.0,0.3474201014265418
0.0,0.25822605466935783
0.0,0.33519408172927795
0.0,0.4736316187959164
0.0,0.8175039900746196
2.7839999730885028,2.1484763522818686
12.701000248789788,11.785393692553043
26.8240009868145,27.166829103827478
42.6910009598732,42.8433525800705
54.77600043773651,53.99354031205178
61.92000029563904,58.99464337944984
64.17200018644333,60.739189999103544
58.48599880218506,56.76506879925728
49.212999355793,49.22106942772865
37.03799875497818,33.89891330599785
28.654999458789828,19.280835016071798
20.944999796152118,8.346801819354297
12.611000152826309,3.288731469213963
1.9859999780356885,0.6333793981745839
0.0,0.3597057478316128
0.0,0.354013794590719
0.0,0.36049604701809584
0.0,0.36122862999793137
0.0,0.4744579073414206
0.0,0.343786040097475
0.0,0.2383629508176818
0.0,0.3195106907840818
0.0,0.40352005145279685
0.0,0.783772038705647
2.837000001072884,2.1929497479647395
12.978999746441842,11.57656543314457
27.33699999332428,26.835085268616673
41.66699941158295,41.96535175800324
52.94000053405762,53.26801434874535
59.96399889469147,58.97077617764473
63.02300187110901,61.62060658335686
62.45700001239777,60.082014197111135
58.8689996099472,55.326287325620655
51.09299953460693,43.12037233114242
38.76600059747696,27.86125478863716
23.679000086784363,12.931445579230786
10.026000420451163,4.9334424001723525
1.5360000117123127,0.8496447839587927
0.0,0.3462065748102031
0.0,0.3413502481207251
0.0,0.3464863271196372
0.0,0.3476815281994641
0.0,0.3980486683757044
0.0,0.3696674863621592
0.0,0.2693981760414317
0.0,0.3387765529565513
0.0,0.5130019666417502
0.0,0.8278511191252619
2.658000095486641,2.181264870725572
12.457000216841696,11.84232631444931
26.14599992156029,27.67668552696705
40.32100014448166,43.81223978877068
51.96100160121918,55.15950036168098
58.682001521587374,59.66748691082001
60.80099824666977,60.74550392150879
60.470998237133024,55.77069996356964
53.683999958038335,47.30067986369133
29.74699993848801,30.151893050074577
21.233000103235245,15.249662063717842
19.328999214172363,6.221012852191926
10.56199985086918,2.543747292086482
1.2190000017732383,0.47041263714432713
0.0,0.35401238572783766
0.0,0.3487823491031304
0.0,0.3542444960796274
0.0,0.34999620461836456
0.0,0.397499009235762
0.0,0.40033623959869147
0.0,0.3505519335158169
0.0,0.3843340307846665
0.0,0.5622600422380492
0.0,0.6981019660923629
1.99399995803833,1.5176942710205914
12.985999696850778,6.8415444375574594
24.811999982595445,18.611141770482064
31.9259994661808,31.70574750542641
38.039998111724856,43.83025726675987
42.35299865961075,50.528034933805465
49.88699927568436,53.993659442663194
51.908000802993776,53.341969810724265
52.33100074052811,48.26472174286843
38.34000185489655,33.710129285454755
20.6989991915226,18.449928270578383
9.043999601602554,8.005537291616202
2.180000070780516,2.9363811191916467
0.1140000038780272,0.5333603921160102
0.0,0.3409698784537613
0.0,0.3454268299881369
0.0,0.34094434817321595
0.0,0.34040387967601415
0.0,0.42138451012549916
0.0,0.3744897407479584
0.0,0.2431133401114493
0.0,0.3006590578146279
0.0,0.35723789406009016
0.0,0.533461518343538
0.5319999860040844,1.195909780599177
7.471999808251858,5.754927429109812
15.790999777913092,14.84330395370722
25.423000348806383,25.588524117469788
40.42799997329712,36.72658517479897
51.01300127506256,45.15757356762886
41.06799837350845,50.399488896131516
46.844999113082885,50.23416230916977
56.29899903774262,46.111164816617965
46.81499873876572,33.44452964127064
38.86199933052063,20.9713810646534
24.65899930596352,9.930521086603402
10.578999583721162,3.5883628008514643
1.4770000629127027,1.193067655414343
0.0,0.5076704470254481
0.0,0.3451678013894707
0.0,0.3521341958874836
0.0,0.3698682545218617
0.0,0.4691312232497148
0.0,0.3359151075594127
0.0,0.23224764629267153
0.0,0.3225257671717554
0.0,0.40107114462647586
0.0,0.769523510504514
2.607999899536371,2.1494634803384547
12.673999706506727,11.191406923532487
27.05200054526329,26.109621951580046
42.01900161266327,41.2883879506588
53.75699826717377,52.93334975957871
61.74500153541565,58.94490224123002
65.46400042295456,61.779853401184084
65.40699847936631,60.542928478717805
61.08699798107148,56.18265156388283
53.058999691009525,44.40833034276962
40.569999554157256,29.20961920917034
25.12800009131432,13.671689821481706
10.633999927639962,5.128638677224517
1.6829999972879888,0.8430608920753002
0.0,0.34961098762461906
0.0,0.3448720302758739
0.0,0.3501546793919988
0.0,0.3524356855871156
0.0,0.4639632041100412
0.0,0.3498793847300112
0.0,0.24713236148469148
0.0,0.3221687444113195
0.0,0.4179335809312761
0.0,0.8133711816370488
2.678999946713448,2.234035302698612
12.86099984884262,11.761101317703725
27.10599957585335,27.11371841788292
41.94000158548355,42.404385032653806
53.144999668598174,53.88120836138725
60.007000937461854,59.55654344797135
63.38100168228149,62.14919937610627
63.43700128555298,60.83220635890961
59.65699930906296,56.462460614442826
51.83400015354157,44.9868676173687
39.7980003285408,29.804634506702424
25.02499935388565,13.836375567913056
10.643999710083008,5.269704597592354
1.7559999752789737,0.7960539169237018
0.0,0.36059229616308586
0.0,0.35640109712257984
0.0,0.3608496355288662
0.0,0.36395705938572065
0.0,0.45206468584481624
0.0,0.33659433176741
0.0,0.2506004519201815
0.0,0.313536187922582
0.0,0.4039201552676968
0.0,0.7477980922348798
2.579000068306923,2.0257378035411238
12.44399957537651,11.0453471454978
26.45899917125702,25.778225238323213
41.3030019903183,40.913093661069865
52.68699997901917,52.7250149679184
60.47499938249588,58.878875126838686
64.54199932575226,61.80527751684189
64.5410010933876,60.63960913181306
60.55800055503845,56.357307310104375
52.40700196266175,44.858941880464556
40.24699949502945,29.44798929274082
25.013000025749207,13.565408884286882
10.607999671697616,5.239287522882224
1.7660000144690275,0.8106079740636051
0.0,0.3679176599904894
0.0,0.364557237427216
0.0,0.3686060489551164
0.0,0.3729014148330315
0.0,0.4389532022830098
0.0,0.3094284925516695
0.0,0.2368143812427297
0.0,0.29784543154761195
0.0,0.3773574946750886
0.0,0.6436928131338209
1.7710000340640546,1.7759328501299023
8.918000494241715,9.677251717448236
24.115999925136567,23.236321004629133
37.08300137042999,38.00489976882935
50.872998158931736,50.4031080019474
58.91200165271759,57.72904495120049
62.910998556613926,60.69553068399429
61.92200086832047,59.60600113749504
57.32799996376038,55.28020842671394
50.40400148153305,43.30924980759622
38.92299831151962,27.708868250846862
24.28499902129173,12.653792176544666
10.41399957895279,4.757178262323141
1.749000024870038,0.8597076940722764
0.0,0.36538824968971306
0.0,0.3620061522885225
0.0,0.36676067915745075
0.0,0.37087664939695963
0.0,0.4446589839598164
0.0,0.2798114094231277
0.0,0.215923366677016
0.0,0.29313422024250024
0.0,0.37381213536253194
0.0,0.7354695502482355
2.159999992400408,2.1545804481953383
11.852999801039696,11.919943502247332
25.84299942731857,27.678197253346443
40.53099865674972,43.17989244937897
52.43599999666214,54.70894838929176
59.917998046875,60.24890385985374
61.92099852800369,62.47540774583817
60.277998430728914,61.226031620502475
56.17399816274643,57.01890737652779
48.78299946784973,45.02026732206345
37.49900135755539,29.05451115310192
20.877000864744183,13.136084240972997
8.547000041604042,4.925866437852383
2.1909998828172683,0.8122822212986649
0.0,0.339998144658748
0.0,0.33277908662334077
0.0,0.3385613379860296
0.0,0.33638175786007196
0.0,0.6825300289713778
0.0,0.6722385600209235
0.0,0.507007128400728
0.0,0.5462534886784851
0.0,0.8483369788900018
0.0,1.2027838607877492
0.6349999852851034,1.8975419687852266
11.27300009548664,6.282516597807407
22.86200029969216,14.858900307416917
30.98200028538704,23.12291277050972
44.69000029563904,30.771158615946767
33.42800026893616,33.60523683607578
33.97799960017204,33.654116331338884
40.56700074911117,30.92405453979969
29.652999724149705,24.85767014026642
28.99299970507622,16.783877940475943
25.28100076794624,10.956576354205609
14.513000469207764,4.969368880540133
2.2459999699890614,1.7255026029422877
0.0879999966593459,0.8680519718118013
0.0,0.4685100776329636
0.0,0.33995130229974163
0.0,0.34539858652045946
0.0,0.6536871236562729
0.0,0.6132837136276066
0.0,0.5715407742280513
0.0,0.5203689738409594
0.0,0.4522146018221974
0.0,0.5543736583739519
0.0,0.7457142051495611
0.1289999984763562,0.9133344094082714
3.651999985724688,2.9912189422547817
14.6160001796484,7.344495649933815
19.33900002360344,11.851600016355514
25.18600026726723,15.121117566525937
17.777000526189806,16.143493906259536
19.765000820159912,17.12955543577671
19.845999366045,16.956546978354453
26.59699966073036,14.253874444067478
26.27700046062469,9.94417977064848
21.28099946975708,6.757645163983106
8.047000136077404,3.3719890036433937
3.06500007301569,1.4292716286703946
0.922999971434474,0.8894932995177807
0.0,0.8006276722997427
0.0,0.6939394701644779
0.0,0.4729384500160813
0.0,0.7100423536263407
0.0,0.4402250321372412
0.0,0.2980443462915718
0.0,0.2188884415850043
0.0,0.30236613657325506
0.0,0.3607870052615181
0.0,0.6225482047349215
0.8640000226348639,1.838846136815846
9.484000298976898,9.74071084827185
24.719000054597856,23.340175169110296
39.17700120687485,38.39812937736511
51.1920011806488,50.638238965272905
58.9170010304451,56.90673768997193
63.35600068569183,59.78346466898918
62.62600116252899,57.368416050672536
58.527998504638674,51.215157706737514
49.86300061941147,38.25312482953072
41.764998717308046,24.060203665494917
25.197999595403672,11.152102551162244
10.270000452399254,4.021318745464087
1.4699999841302631,0.9094219380430877
0.0,0.3512895063590258
0.0,0.34744858837686476
0.0,0.3506547505618073
0.0,0.3549922927096486
0.0,0.5939507080847397
0.0,0.5447907554358243
0.0,0.43734730103984476
0.0,0.47647815681993955
0.0,0.8188962167687714
0.0,1.156249107569456
1.7679999452829362,2.2455936036631465
10.785000031590462,8.631200479418041
22.654000306129458,21.444472343325618
34.3659997856617,33.92380749583245
46.67599796295166,44.00032853841782
20.511999049186706,48.34534441113472
14.417999968528749,48.11205997228623
18.83399919986725,44.632143898010256
43.85399917602539,38.0400207054615
48.652000982761386,24.432054464221004
19.578000677824026,13.71229333370924
20.46000059127808,6.234279740303755
4.289000094383956,2.2874876547232272
0.1510000076703727,0.5709706835448742
0.0,0.34820374544011423
0.0,0.3414898073812946
0.0,0.3480384150170721
0.0,0.3916709937341511
0.0,0.36318335463292895
0.0,0.376757454171311
0.0,0.3607488050800748
0.0,0.37308755193371324
0.0,0.5029214204149322
0.0,0.6264350957795978
0.2699999990500509,1.3209324149042367
4.758999882340431,5.75663120225072
12.801000127196312,16.320964626669884
17.8219990336895,28.421697561144832
35.41000089883804,39.19256007552147
42.04799964666367,45.20209144473076
45.97300000905991,46.89063846111297
53.4490004491806,43.39873949050903
38.36600108385086,33.89966095328331
39.62499803304672,18.882223476767543
16.64600017607212,9.45616122096777
2.697999995499849,4.148621229007841
0.2110000021103769,1.5592623817548155
0.0,0.5578247393202036
0.0,0.3192345593776553
0.0,0.31817018256522717
0.0,0.31922899117693304
0.0,0.3574406161904335
0.0,0.3873853110615164
0.0,0.3410056304745376
0.0,0.23120112142059945
0.0,0.27505677578039467
0.0,0.336534830648452
0.0,0.4246135095064528
0.0950000032316893,0.9948788636177777
3.3510000641644,4.555557404905557
6.7580002450943,12.51600067913532
14.685999683737757,22.732617266774177
34.524001893997195,35.09021120429039
46.19800076246262,45.624851067066196
56.6230014371872,50.922118996381755
56.14799893379212,54.543671097755436
62.389999313354494,53.54440147519112
53.7300008058548,42.97310635566711
41.95000034093857,28.383767812252046
25.3919996881485,13.432033948898315
10.99300002515316,4.916132902055979
1.9899999680370093,1.3942561187781397
0.0,0.5646955963806249
0.0,0.3378087130188942
0.0,0.33160939605906603
0.0,0.3530905195511877
0.0,0.43099218500778075
0.0,0.3441178214177489
0.0,0.22749978435225787
0.0,0.29668885046616195
0.0,0.35041449369164185
0.0,0.5809951457940041
1.359999938160181,1.4249562249705194
14.23699949026108,7.360114597380162
22.606000939607625,18.60967471808195
29.557000991106037,31.238587082624438
50.927999529838566,43.65575762271881
54.494001848697664,52.43563644289971
54.56499958515168,56.99540783643723
55.433999884128575,57.767522084712986
40.10299934148789,54.871559619903564
52.74700072765351,44.135215200185776
38.98499963283539,29.379957497715953
25.388000596761703,13.759162499904633
11.091999617218972,4.965391741022468
1.772999964877963,1.0398835972324014
0.0,0.3977482274919748
0.0,0.33516396336955945
0.0,0.34283085000934077
0.0,0.34081173718674107
0.0,0.44038535474799567
0.0,0.3303203014284372
0.0,0.243643273958005
0.0,0.3110126857738942
0.0,0.4596929521393031
0.0,0.7859848448820412
1.8150000524520875,2.063099499680102
11.439000386595726,10.89617148578167
24.263999170064928,25.73442522585392
38.74399840593338,41.13700375318527
50.451000561714174,52.91590944886208
58.02000092983246,58.890371230840685
61.55599876642227,61.56391889810563
61.82099864959717,59.90853332519531
56.69100036859513,54.8069312632084
52.364998152256014,41.841624348163606
39.14700083255768,25.726380828619007
20.46899906039238,11.36677334547043
6.9870000898838045,4.070119932889939
1.0890000057965517,0.6197590336203576
0.0,0.3517156249983236
0.0,0.3469374694372527
0.0,0.3521446685260161
0.0,0.35467556650517507
0.0,0.42387653522426255
0.0,0.29198503668420017
0.0,0.2208971499372273
0.0,0.29439362850040196
0.0,0.3612213602941483
0.0,0.5734104059357197
1.5760000400990248,1.595515123382211
11.310000420212743,8.487940527498722
24.485000832080843,20.93168797731399
35.31999977588654,35.19759718060493
48.06799807786942,48.084653769731524
57.620999648571015,56.02995282173157
61.37899943351746,59.883059914112096
62.30800048112869,59.19443157672882
58.589001593589785,55.04145014166832
51.369998745918274,43.425646576881405
39.47799907445908,28.160247975587843
24.02099942445755,13.130086117386817
9.872000484466552,4.726773254722357
1.3529999877512455,0.8983798269368708
0.0,0.35834210079396145
0.0,0.35259484261739993
0.0,0.3557321952097118
0.0,0.3608013099082745
0.0,0.4093074543983676
0.0,0.3337070512026548
0.0,0.23967654071748254
0.0,0.2945503404550254
0.0,0.3928258417733014
0.0,0.6900204196572304
1.3160000481456515,1.8105579441040758
9.684000055789948,10.211359435915949
22.5680003285408,24.479867945909497
36.47000043153763,39.87073162078858
47.50900027751923,52.375592560768126
55.31799953222275,58.802810231447225
58.26699976682663,61.4564014673233
56.93799920558929,60.02002725362778
51.45999986886978,55.00463262081146
42.0420020365715,42.20959005117416
24.251999841928484,26.105812852978705
14.236000230908394,11.656897463798522
6.752000067532062,4.352703648358584
0.0259999991953372,0.745781119838357
0.0,0.3414587777643464
0.0,0.33696892366744574
0.0,0.3394890944496728
0.0,0.34031518457224585
0.0,0.4376378439716063
0.0,0.4182814336195587
0.0,0.3979706307291053
0.0,0.41981719024712216
0.0,0.5136762193380855
0.0,0.6080998150352389
0.2690000015497207,0.9565603355690835
5.4909999781847,3.0949755428731445
10.05000010371208,8.415540952384472
7.669000246524811,14.592688578367234
12.51500039279461,19.64601809501648
19.49300098657608,21.158116244077682
22.95899931907654,21.658258387446402
36.12499818086624,20.693214167952537
22.85199949026108,16.59723056852818
16.761999500989916,9.565335696935655
10.8879997420311,5.754908173084259
6.679999990761281,2.800007378757
0.8420000134408474,1.1086642911843956
0.0,0.6230025827512145
0.0,0.5546088803838939
0.0,0.449424430236686
0.0,0.3674535248242318
0.0,0.5058180305291898
0.0,0.6357818762026728
0.0,0.5799577755574137
0.0,0.5063612458948046
0.0,0.4413292347639799
0.0,0.4796685272268951
0.0,0.6161510962992907
0.0449999998416751,0.7401184041239321
0.4149999896250665,2.1184745658561592
1.0079999836161733,5.510172998569906
5.988000051677227,8.216695117391646
11.402000061869622,9.756597839593887
6.872999797165394,9.961008509993555
6.77599975079298,10.852429498136043
9.04799971997738,11.020202884078026
8.449999995231629,10.273658070266245
13.53499976873398,7.399247976243496
9.684000055789948,5.591850202679634
6.094999880492687,2.978897139877081
2.496999952346086,1.3567968587763608
0.1270000034756958,0.8862533769384027
0.0,0.7974564937315882
0.0,0.7466828153282404
0.0,0.6682509050890804
0.0,0.6808999636210502
0.0,0.4091696452954784
0.0,0.3167329930514097
0.0,0.2372679729713127
0.0,0.28945524423383173
0.0,0.35886934909969564
0.0,0.5631784760579467
0.3889999904297292,1.4126062446087597
6.04900005966425,7.551675850301981
16.521999587416648,18.847876889109614
32.10200056672096,32.62903849959374
48.23400042295456,45.135918498039246
48.76400018930436,53.26081927061081
56.79700196504593,55.841377279758454
62.26100140094757,53.15143682956696
43.581001110076905,46.595656689405445
34.72299931049347,32.1863696873188
28.94400005221367,19.18552795946598
24.01000038266182,8.773930505514146
10.717000073194503,3.111541758403182
1.551999971717596,0.9058370437659323
0.0,0.3825323247071355
0.0,0.3569785389746539
0.0,0.36058483632281424
0.0,0.35806959821842604
0.0,0.380976622859016
0.0,0.38056068420410155
0.0,0.3111948959156871
0.0,0.3943985847523436
0.0,0.6122531945700757
0.0,0.8720385549170897
1.932000048831105,2.1510107019916176
10.26300050199032,10.88157901287079
24.471999163627626,28.306944999694824
38.76800117015839,44.14000096440316
50.50499959230423,54.825014468431476
58.95900073289872,58.9084729218483
62.615998299121856,59.5929152560234
62.17399908304215,52.89975903511048
58.10800148010254,41.69311982512474
39.82600013017655,23.441308842301368
12.17800043284893,11.23484338223934
0.1780000043660402,4.658141185194253
0.0760000025853514,1.9108400516584516
0.0,0.4212899696407839
0.0,0.3247607980109751
0.0,0.327438332317397
0.0,0.32801023627631365
0.0,0.3207388400938362
0.0,0.5713279221742414
0.0,0.5765777229401283
0.0,0.49372429862851275
0.0,0.46085062439553437
0.0,0.6237338624149561
0.0,0.8495572653226555
0.6790000036731363,1.1637162091583015
11.449000169038772,3.7773185851424937
21.162000312805176,9.505645098686218
24.300999494791032,15.942177550792696
31.18400061488152,21.13648171424866
16.98899980008602,21.819966895580293
15.230000377893449,21.23320960879326
24.17099924206734,19.011122798323633
18.648999630212785,14.677428955137731
14.144999848604202,8.974440675377846
15.25500034749508,6.087858975976706
5.020000160634518,2.995099673271179
1.5920000001043082,1.1602486482635141
0.0,0.7307540384307504
0.0,0.6856864017993212
0.0,0.4895315597951412
0.0,0.3633189516980201
0.0,0.6748382309637964
0.0,0.4410827113315463
0.0,0.3860440942272544
0.0,0.2507341208308935
0.0,0.2892474797414616
0.0,0.3706078879744745
0.0,0.48446338991634547
0.9500000002235176,1.004189665466547
5.556000104546548,4.0122609677910805
9.771999579071998,10.623428112864495
18.332999521493917,18.529133181869984
11.78300029695034,27.61933440744877
39.55499852895737,35.32074331521988
62.01000141859055,40.78307697653771
53.10900168418885,43.37448408722878
41.41500119686127,40.47251579642297
44.476998870372775,29.485881043076517
37.3740004825592,19.716697465181348
23.7590004003048,9.852196047306062
10.53200050354004,3.7439680474996564
1.1290000341832638,1.4079047896899284
0.0,0.6732188954949379
0.0,0.3577740743407048
0.0,0.36264019116526464
0.0,0.4454141438379884
0.0,0.4691189436241984
0.0,0.31156323159113525
0.0,0.2356717206630856
0.0,0.3067787992488592
0.0,0.38648434703936796
0.0,0.6912823793385179
1.23800005055964,1.9365996072813867
10.209000444412233,9.620083145052195
22.85600063562393,23.03724040210247
33.52200048327446,37.696791036129
45.66199927806854,49.89947718024254
56.74799820423127,56.829684832096106
58.68700089931488,60.152447090148925
62.95200002670288,59.05194109559059
59.50899801015854,54.89249168992043
52.05200095653534,43.502847321033485
40.42500116825104,28.832625254392624
24.62499984025955,13.63833170980215
10.32899988770485,5.0311255219578745
1.506000022515655,0.8643791737779976
0.0,0.3634320505522191
0.0,0.36095440123695877
0.0,0.3637286522123031
0.0,0.37003587990766384
0.0,0.6056829529372043
0.0,0.4502363745658658
0.0,0.2900809607608244
0.0,0.3408255866356194
0.0,0.4510812884382904
0.0,0.9064569273218512
1.108999955803156,2.1454399979859597
10.205000326037409,8.922844796776772
23.266000958681108,21.411868554353713
37.281000554561615,35.25644359469413
47.876998844146726,45.18948208570481
54.11699865102768,49.31110546827317
62.77500069379807,49.458741159439086
31.50199924230576,44.250057109594344
41.350001070499424,35.95628869533539
38.53600046634674,23.403719026446346
33.043000942468645,15.54560047477484
22.273000071048735,7.440577569007873
12.415999773740769,2.642360479906201
0.2969999957457185,0.9861222501844168
0.0,0.37946428326657045
0.0,0.3711268662824295
0.0,0.3741901420452632
0.0,0.3803007845883257
0.0,0.6580760532803833
0.0,0.6204671418666841
0.0,0.5675184793304653
0.0,0.5541544606164098
0.0,0.5623586828634143
0.0,0.6667445703968405
0.0,0.721903006285429
0.3690000083297491,2.2148192654922605
3.511999950557948,5.109949542135
4.744000208675861,7.868879845738411
4.398000239133835,9.15507965385914
8.641999515295028,8.580372787863016
6.896999993920327,8.636318217515946
5.2120001941919325,8.195455877184868
6.9820001986622815,7.176270389258862
7.464999857842923,5.29507017493248
8.663000393509865,4.231668359264732
3.610000026524067,2.341292006894946
1.9700000180304047,1.0988766780495645
0.0749999970616772,0.8135730489715933
0.0,0.7894512183219194
0.0,0.7642078846506775
0.0,0.7964640702679754
0.0,0.7669655721634626
0.0,0.657118515316397
0.0,0.6156166453100741
0.0,0.5574871490988881
0.0,0.5500164049118758
0.0,0.5382079360820353
0.0,0.6214303282648325
0.0,0.6539593717642128
0.1520000051707029,1.990920277684927
1.3550000469386578,4.593396734185516
2.187000021189452,7.01791551053524
2.1819998732209207,8.491390622742474
2.763000121861696,7.621518225222827
3.22200009778142,7.747148387134075
2.0409999368339777,7.398247176408768
1.71900003567338,6.596020098626614
1.9870000076293943,4.85473621994257
1.4339999457448722,3.712157093286515
0.9359999710321426,2.1021375612169506
0.1199999969033524,1.0528346865251659
0.0,0.7957984857447447
0.0,0.7755837668664753
0.0,0.7642549977265298
0.0,0.791961754746735
0.0,0.77429409455508
0.0,0.587240548839327
0.0,0.5164607463078573
0.0,0.3086320472881198
0.0,0.31841460571624336
0.0,0.369609921479132
0.0,0.4557948746532201
0.0,0.8157575166970492
1.5209999529272318,3.1142162919789556
12.627999885678292,8.340133586078883
17.68500088453293,13.85768608301878
13.458000314235688,17.799254329800604
42.40500122547149,21.332549133896826
40.56599840879441,23.70987340092659
27.83400058031082,24.71270872592926
12.136999989748002,23.126969373226164
23.30800066113472,17.33260586053133
28.28299974679947,13.439668577909469
25.09599914431572,7.1674133877456185
10.41399957895279,2.985312734097242
1.4500000341236592,1.4940198862180116
0.0,1.1125888617523014
0.0,0.6705160555616021
0.0,0.37147100748261436
0.0,0.7000274552032352
0.0,0.4213219337817281
0.0,0.42541701770853246
0.0,0.312802228461951
0.0,0.31525172328576445
0.0,0.4144994452875107
0.0,0.5422396182920783
0.0449999998416751,1.0031311938352885
4.13399987205863,3.6562576213479048
11.984999599456788,9.92414759889245
14.869999994039537,17.648050882220268
19.868999789953232,26.84157788693905
24.278999357223512,34.40143087267876
31.056999167203905,39.76352844834328
40.18100113630295,44.400553989410405
39.38099800109863,41.97881762504578
39.414001288414,30.536554497480395
29.315999764204022,18.7524897274375
14.494000163674356,8.416559724509717
7.909000160098076,3.0930409541726114
2.02200001642108,0.9498438659496606
0.0,0.49970673253759745
0.0,0.3576399047882296
0.0,0.36162613799795507
0.0,0.4312741072941571
0.0,0.4145591321145184
0.0,0.3287847296707332
0.0,0.234181191958487
0.0,0.295435668323189
0.0,0.35394723617471757
0.0,0.5165649817418307
0.8100000292435289,1.2914451494812966
9.88500009894371,5.936068347990513
22.96200017809868,15.32464964866638
31.96500036358833,26.807200489640234
41.676998167037965,39.08138862133026
53.16500128746033,49.234929658174515
61.78399832487106,55.798634037971496
63.73099920272827,57.101518293619165
60.209999499320986,54.49073808073997
52.626000998020174,43.97785187840462
40.53999917984009,29.785642417073248
23.769999442100527,14.5820587387681
9.76400036931038,5.480036624222993
1.3280000181496143,1.0610179197043181
0.0,0.42943472585175185
0.0,0.3576446498278528
0.0,0.3519570296537131
0.0,0.3546859294082969
0.0,0.6944491655938327
0.0,0.6913608741154894
0.0,0.6007223842968232
0.0,0.6553655751235783
0.0,0.8177708625420929
0.0,1.0792005502060056
0.3720000008307397,1.4114037699997426
7.871000062525272,4.734417383372784
17.003999987244608,10.67906827032566
33.39599932193756,17.741898075342178
25.781000159978863,21.467102024555206
7.136000134646893,19.502942230701446
22.805000410079955,16.36263415247202
15.046000067591669,12.169260251224042
4.067999972850084,8.195583480447532
7.141000025868416,5.7317390663921834
2.91900011703372,4.291648824885487
0.1329999965010211,2.14565393242985
0.0700000015366822,0.8430729912780226
0.0,0.7072485450189561
0.0,0.612809630278498
0.0,0.4980683336034417
0.0,0.3933235839148983
0.0,0.8351129354350268
0.0,0.5892948137409986
0.0,0.5167940161190927
0.0,0.4340910145267844
0.0,0.3638431332679465
0.0,0.3919191541243344
0.0,0.5093690852262079
0.0,0.7207789357937873
0.0,1.9508211899083108
0.6750000136718154,5.310329956617206
1.0590000165998936,7.937625031471251
2.858000109046697,10.09634961396456
6.480000233948231,12.141683568656447
9.774000151753423,14.973382257521152
24.14999939084053,17.84587650537491
24.751999233961104,18.82964374363422
30.453999037742616,13.835563220381736
20.72400018811226,9.53581800699234
14.901999914050103,4.662062995731831
8.045000076889991,2.0145698222145443
0.4190000117197633,1.074278613794595
0.0,0.8396934625133872
0.0,0.7264087237045169
0.0,0.600375822018832
0.0,0.5629042381606997
0.0,0.4014950694446452
0.0,0.2992376983584836
0.0,0.22872989135794336
0.0,0.28537166703492395
0.0,0.36568241978064175
0.0,0.4711132194940001
0.0,1.319739119000733
1.9540000580251216,6.59607324525714
9.197000278234482,16.858847553133966
32.37300011396408,29.14885335445404
36.500999038219454,42.70536852240563
45.07599990844727,51.8191889321804
57.23200123071671,56.21167835354805
62.76300136566162,56.65231167554855
55.44300040721893,53.77781326055526
48.10600074291229,42.12358185768127
30.51500007271767,27.43177866458893
15.581000238656998,12.817443232536316
9.795000002980233,4.515726957917214
1.2060000021755697,1.0935790886729955
0.0,0.42629891192540526
0.0,0.35576090744929384
0.0,0.3639077268587425
0.0,0.3618066887557506
0.0,0.36150305456714704
0.0,0.3413305117189884
0.0,0.2546260123187676
0.0,0.2936570855230093
0.0,0.31400239234790206
0.0,0.5003761751810089
0.1270000034756958,1.0618076414056121
5.37300008058548,4.2777606090158224
10.226000177264211,12.101570956707
17.117999766469,22.164213283061983
19.07199956774712,33.748651606440546
47.93699959278107,42.63166980743408
65.9930019569397,48.495038186311724
61.30499878406525,51.05075746297837
49.2660001540184,47.708845986127855
37.8380018901825,34.28726472139358
27.637999914884567,20.278710502386097
17.77600023984909,9.109485493302348
7.794999867379666,3.3115361235290766
0.505999986808747,0.9516466952953487
0.0,0.45272852157242593
0.0,0.31406470163725314
0.0,0.3110739199351519
0.0,0.31361561902798707
0.0,0.4158599041844717
0.0,0.2847229235107079
0.0,0.2191961207799613
0.0,0.2867074254341423
0.0,0.3638661944493651
0.0,0.5449209717102349
0.2059999985620379,1.5936380460113286
6.8859999251365664,8.442879630476236
17.747000151872637,20.825046567320822
28.382999625205997,35.173725870847704
49.76199840068817,48.11899419546127
58.41500106573105,56.52335278868675
60.70600185394287,59.83091973185539
63.69700179100037,59.05027737498284
54.14199964761734,55.46285413980484
52.84900117874145,43.845912672281266
40.62799973011017,28.519525359869004
23.85400090098381,13.228637429177763
10.072999500632289,4.70081472016871
1.2150000117719173,0.9232028978504241
0.0,0.36043903479585426
0.0,0.3504098967090249
0.0,0.357282530250959
0.0,0.35818919999524945
0.0,0.45567960979416966
0.0,0.29905324970372016
0.0,0.2259982075029984
0.0,0.2961106080655008
0.0,0.3694575234269723
0.0,0.6737549030128867
0.6400000048801303,1.9294507436081767
8.878000337481499,10.142563048303128
22.2129993224144,24.29100587427616
37.30900035619736,39.33426799178123
50.432999515533446,51.46424749135971
58.86100142717362,58.01633252859116
63.29399936437607,61.156071141958236
63.91699905872345,60.14149734377861
60.72300055980683,56.60319494605064
52.63100037574768,45.737076210975644
40.962000885009765,30.61969020545483
24.00300043225289,14.368209021389484
9.445000428557396,5.18688764102757
1.183999992981553,0.8580512907542288
0.0,0.352700094433967
0.0,0.34736032289918506
0.0,0.3544838230637833
0.0,0.35482910994673145
0.0,0.4588090000324882
0.0,0.3007425968721509
0.0,0.22168530708644535
0.0,0.3027154408767819
0.0,0.3614665366476401
0.0,0.6649370554182679
0.6219999856874346,1.9502280593663452
8.857000486254693,10.077121317088604
22.59999922156334,24.14631353080273
38.57800016880036,39.10697705507279
51.906998462677,51.249319436550145
59.05000008821487,57.85181520819664
63.76599895477296,61.17880454897881
65.91500016212464,60.37133110284805
62.027998356819154,56.56053591728211
54.09700114011765,46.05987087249756
41.91399824857712,31.292170183062556
23.919999259710316,14.910783229172232
9.31999955356121,5.443431176394224
1.0539999970048666,0.9009894997999073
0.0,0.3465144910151139
0.0,0.341824795845896
0.0,0.3468553971033543
0.0,0.3483480253536254
0.0,0.44954014330636705
0.0,0.2774999080924317
0.0,0.21389219296164808
0.0,0.30078568222932517
0.0,0.35753016011789435
0.0,0.6182001620717347
0.7530000112578273,1.865020659789443
8.085000233650208,9.766724968552591
22.52600062608719,23.664389128088956
38.38099921703338,38.651797474622725
51.22299978733063,51.08480211615563
58.96400011062622,57.859004124403
63.365999441146855,61.30144335150719
62.78099830389023,60.4031492459774
58.95799839258194,56.67808702111245
51.53999812841416,45.99624485611916
39.70999977827072,31.041223604083065
22.48300063729286,14.819827007353306
8.781000291109086,5.398810728862882
0.8230000288411975,0.8781633750163018
0.0,0.35056116178864616
0.0,0.3457388611580245
0.0,0.3509733119816519
0.0,0.3528989222389646
0.0,0.4373024282883853
0.0,0.3392364189401269
0.0,0.25881460706703363
0.0,0.3170131200831383
0.0,0.4597601396217942
0.0,0.7547149208001793
0.5210000135004521,1.9390877425298094
8.950999673604965,10.183418686091901
23.16300022125244,24.307454114556315
38.96199920892715,39.38094048976898
51.88099923372269,51.4425924217701
56.97200072526932,57.84526713252068
57.56400181293488,60.891465622186665
61.09299969911576,59.40194272398949
59.208998374938965,54.728693261146546
52.16800130844116,41.6859350168705
40.22899844884873,26.367155631780626
16.000000057816507,12.002568797171115
5.796999790966511,4.124255938008428
0.6519999748840928,0.6357397376000882
0.0,0.35970321034779773
0.0,0.35568116358015683
0.0,0.3598269153805449
0.0,0.3626717825094238
0.0,0.39709796371171246
0.0,0.3748910042271018
0.0,0.29109966869931664
0.0,0.33264630094170566
0.0,0.5360910658957436
0.0,0.7660010153870098
0.1590000037197023,1.9745746078342201
7.710999948978424,10.304558086097241
20.894999856948854,25.66029106795788
35.693001828193665,41.425581227540974
48.513000206947325,53.422493888139726
47.08100096225738,58.39524181604385
60.80499939203263,59.615073549747464
60.621998341083525,54.74718520760537
56.57200121164322,46.00687829017639
25.847000572681427,28.75950781464577
17.51499944806099,14.811895578801632
15.28799952685833,6.495338043421507
6.399999920427799,2.4885876366496085
0.1580000062193721,0.440243015657179
0.0,0.3569051382131875
0.0,0.3614224413409829
0.0,0.3603058806993067
0.0,0.35485984341241417
0.0,0.5533595237415284
0.0,0.5585181247116997
0.0,0.47415753207867967
0.0,0.4045656233350746
0.0,0.4628136638738215
0.0,0.6375197004154325
0.0570000019390136,0.8126866941154003
5.692000021338463,2.7712327146530153
9.972999622225762,6.747049728482962
16.414000499248505,11.13971553504467
15.3179999011755,14.23364996880293
23.48800085306168,14.520430727601052
25.303999137878417,14.60612568974495
19.2130009162426,13.56342628389597
9.63199954390526,10.886478259265424
9.41300050854683,7.268829482644796
19.44800042510033,5.505690528452396
9.13600027024746,2.949579070731998
3.5490000185370447,1.2709377711080014
0.1910000039637089,0.8269728999398649
0.0,0.7554826906323433
0.0,0.7113384767062962
0.0,0.5366995474137366
0.0,0.6755964690633118
0.0,0.5308758577052504
0.0,0.5454668824444524
0.0,0.4375810865289531
0.0,0.38724919777596367
0.0,0.4864390741847456
0.0,0.7168664644286036
0.1270000034756958,1.033526605516672
8.38200003683567,3.8102193020284174
10.45300047636032,10.010291611552237
14.906000032424927,16.888156251013278
23.309999179840087,22.20912346959114
42.36399975538254,22.347107527256014
41.50899935722351,20.736701976060868
24.52000058412552,17.206851176321507
13.599999895095824,12.47378017425537
11.56400023460388,7.132266006171704
16.773999856114386,5.075177403241396
10.687999985218047,2.669894157350064
5.0000000822544095,1.075889990106225
0.1739999983180314,0.7195824947394431
0.0,0.6851408785954118
0.0,0.5592321461811662
0.0,0.37347643496701494
0.0,0.6887143155373634
0.0,0.3856668097362853
0.0,0.35522129505872724
0.0,0.2440435425424948
0.0,0.29027007900178436
0.0,0.3002472998015583
0.0,0.4451380719593726
0.2139999946113676,0.9177666009031237
9.197000278234482,3.7206414265185592
5.730999891757965,10.621044216901065
7.123000006675721,19.55363641381264
20.903000093698505,31.01820572137833
41.294001467227936,42.55077601432801
55.65999886989594,49.46903157949448
62.66199914693833,54.03577211380005
58.73199940681457,51.40265285730362
51.15900200128556,43.49138818860054
40.71100090265274,29.08212583422661
21.14299898028374,13.872010512053969
6.759999790787697,5.2230426262319085
0.5580000172927976,1.215870287846774
0.0,0.5484650401514954
0.0,0.30074359176680443
0.0,0.2949228803627193
0.0,0.3718730394355953
0.0,0.38107750132214274
0.0,0.3000570342224091
0.0,0.22752141528762876
0.0,0.29422030822373924
0.0,0.3306587902642786
0.0,0.5174416322098113
0.0449999998416751,1.419948374591768
4.4620000791549685,7.135742360651493
12.50400032401085,18.61038590729237
31.135999194383626,32.80069954872131
48.23899980068207,46.64705949425698
59.1789980006218,55.182773964405065
63.84200017690659,59.00434225440026
64.1650002360344,58.56220952987671
60.979998152256016,55.1123143696785
43.95000201702118,42.646682318449024
33.63700054883957,26.48914948582649
19.724999636411667,11.94441200554371
6.831000094711781,4.259180469959975
0.3649999862350523,0.864252212382853
0.0,0.3474807258136571
0.0,0.33641865262761705
0.0,0.33068202586844564
0.0,0.33129666215740144
0.0,0.4452509119990281
0.0,0.45433079503243784
0.0,0.30539392193779347
0.0,0.30822613026946777
0.0,0.38615720178233454
0.0,0.55517806279473
0.0449999998416751,0.9692960783094168
1.3049999793618918,3.3733583638072018
6.811999789178372,9.11396290436387
15.481000360250473,16.39456423729658
19.362000447511672,24.667832430005078
32.299999750852585,31.280616567730906
35.12400116443634,35.747947741746906
36.56700150489807,39.40408469200135
34.88900165557862,37.74598787069321
32.381000350713734,26.925065851807595
26.56799957275391,17.141477739810945
12.142999653816224,8.188305729776621
3.3219999761879446,3.051646532788873
0.2249999992083758,1.134752258323133
0.0,0.6231812305282801
0.0,0.37130517926299944
0.0,0.36304445903515437
0.0,0.4875338915642351
0.0,0.43450038664042945
0.0,0.3095237938314676
0.0,0.23667934034019705
0.0,0.3000347694428638
0.0,0.3681293364381417
0.0,0.6182382248155773
0.2600000080000609,1.6863732036575674
7.477999985814095,8.808056804239751
18.390999697446823,21.53325443148613
30.02499943614006,35.81812594175339
48.45400179862976,48.37358863592148
59.38700004816055,56.17786374568939
62.477999863624575,59.681061638593675
62.43600016117096,58.98510676860809
59.54799890756608,55.787733587026594
49.57999969005585,44.589655349254606
33.205000088214874,29.621168230175975
20.053999359607698,13.847441877424718
7.222999885082245,5.0334669262915845
0.4259999942220747,0.8778627242706717
0.0,0.3608411432313733
0.0,0.3558729677041992
0.0,0.3622642440977506
0.0,0.36261919733136894
0.0,0.5613695689453744
0.0,0.4142758667841554
0.0,0.27871943230740726
0.0,0.31888236667029557
0.0,0.38163391388487067
0.0,0.7673540303856135
0.2529999934043735,1.659512652680278
7.712000235319138,6.509603677392006
20.98300040721893,16.40550474077463
35.03499827384949,26.97288344144821
40.000998890399934,36.68479703187943
22.7760003221035,42.79568184971809
43.333998165130616,44.41543709993363
57.283001456260685,42.475027431249615
44.01100099802017,38.163571473360065
37.60100180864334,28.331834054589272
36.89799974679947,20.306505419909954
19.326000409126284,10.099998759180309
7.898999864161015,3.5627263554185626
0.634000019878149,1.2369057306274773
0.0,0.50114592788741
0.0,0.361691873751115
0.0,0.3692140085529536
0.0,0.3762890677782707
0.0,0.40741814733250065
0.0,0.3114616560563445
0.0,0.24239610129967332
0.0,0.30223044577986
0.0,0.3915579036832787
0.0,0.6492803822085262
0.0190000006463378,1.7014778868481515
4.918000223040581,8.907190931737423
19.94500101208687,21.785737384557727
36.45600053071976,37.20130833745003
49.78499882459641,49.99825494289398
59.09199979066849,55.938735744953156
63.93099895954132,56.84290216803551
64.00999898672104,51.74105157494545
40.22000203371048,42.01936722040177
36.093999574184416,26.126573415994642
30.55699977517128,14.540580746233463
13.53000039100647,6.447256517857314
3.6130001153051854,2.231998913809657
0.2339999927580356,0.685427344068885
0.0,0.35047559530939904
0.0,0.3444568334566429
0.0,0.35109122260939324
0.0,0.35177596445428205
0.0,0.45704246529378
0.0,0.2936647076997906
0.0,0.22582963704597203
0.0,0.2960351244453341
0.0,0.366529998963233
0.0,0.6110801984835416
0.0510000008903443,1.680912772491574
7.082000077068806,8.32854505315423
20.62600088238716,20.489791460037235
35.830002031326295,34.3413633698225
49.077001492977146,46.83548304200173
57.51899919748306,55.104595527648925
61.72299934387207,58.68814291000366
63.05400047779084,58.19918158531189
59.50799977779389,54.99133107185364
51.91599898576737,43.90041081905365
39.18400115728378,29.307116317749024
21.097000186443328,13.927047827541827
7.444999779462814,5.021691096425057
0.4529999909177423,0.9125796052999794
0.0,0.3582006878196262
0.0,0.35373342218576
0.0,0.3591521981800906
0.0,0.36195871796691786
0.0,0.4575544304167851
0.0,0.3358478398434817
0.0,0.2638832984631881
0.0,0.31101697023957964
0.0,0.4398170911706984
0.0,0.7484212974552066
0.0,1.8539673160016537
5.676999834179878,8.787632323056458
20.217999078035355,22.22608725786209
33.263000264167786,36.344790050983434
48.92800196170807,49.24010567784309
58.99699928998948,55.58427082657814
57.077998213768005,57.828243778944014
60.50499975681305,56.48250947475434
48.43400017976761,52.25354324936867
47.67699908733368,37.49344740629196
37.86699992418289,22.56117496609688
18.337000666856767,10.448223698288203
4.0329999640584,3.6864148680865765
0.068999996013008,0.6790694537386298
0.0,0.3643032507761381
0.0,0.3609511994430795
0.0,0.36516813109163193
0.0,0.36931631972314793
0.0,0.4402236627158709
0.0,0.30409600162878625
0.0,0.2358854304533452
0.0,0.2965626593120396
0.0,0.3836875091097317
0.0,0.669197755958885
0.1009999962570145,1.7900583644211292
6.36300010919571,9.10992453068495
19.615001002550127,22.068211469054223
32.80400028824806,36.9357045853138
39.88499853849411,49.804965525865555
53.92599941730499,56.80766620874405
59.16100106239319,59.23115256071091
58.46800186395645,57.10697981595993
58.53499845504761,52.57092157602311
29.879998996257783,39.42177147984505
19.091000900268558,24.660958799123765
18.21400036454201,11.243092150092124
4.649999994337559,4.065121838897467
0.8750000272318721,0.7750987396761775
0.0,0.36308251698501404
0.0,0.35929022351047024
0.0,0.3640887223649769
0.0,0.36784360198769717
0.0,0.45350837508216496
0.0,0.46848417130764575
0.0,0.4521841630199924
0.0,0.43435715705854816
0.0,0.5553047513961792
0.0,0.7223172354884445
0.0,1.2137100506201386
2.135000022798777,4.197579032108187
13.527999818325045,11.643607725203038
24.14199915409088,20.610095918774608
25.806999388933185,28.53758289039135
40.19300046443939,30.538836464881896
34.73499863862991,29.969169285893443
37.83699954986572,26.88869815170765
21.40800091743469,20.118839275836944
7.299000080227852,11.24989902675152
3.208999969810248,6.734550770670176
1.566000000908971,3.250122496113182
0.1460000041220337,1.17796650249511
0.0,0.6078686304017902
0.0,0.49531125586479907
0.0,0.35741394900484
0.0,0.36358448768733065
0.0,0.5196487379539758
0.0,0.5433092423714697
0.0,0.5483088734396733
0.0,0.47192718573845926
0.0,0.4194253852777182
0.0,0.4923922028578818
0.0,0.6851219755969942
0.0,0.9173006050847472
0.1140000038780272,2.4734869330376386
1.7710000340640546,6.243534186184407
6.677999931573868,10.560535879433157
11.027999777197838,14.268391946852207
12.46299988090992,15.534849964082241
4.939000074267388,16.80370240390301
27.718000228405,16.915430485606194
26.829000364542008,15.463874821364882
9.545999566316604,10.591785071194172
14.56399966776371,7.516106376647949
3.41599993377924,3.7968720521032817
0.0,1.4776652944087982
0.0,0.8121903058700264
0.0,0.7052234048582613
0.0,0.6557850034534931
0.0,0.4926281533576548
0.0,0.603977180197835
0.0,0.40902499893913036
0.0,0.40665038438513873
0.0,0.31328704704530536
0.0,0.342160414326936
0.0,0.5275789864338003
0.0,0.7299003867246211
0.0129999995976686,1.742255794480443
5.307000181376934,8.215082388669252
16.051999542713165,21.538365750908852
31.30600063085556,36.189102773666384
48.77399894475937,48.78581752300263
55.771998076438905,54.691216413974765
52.33399954557419,56.111481293439866
56.75600049495697,52.564874670505525
56.76399867773056,45.08319704055786
51.23800202846528,28.910945415496826
20.1800005209446,15.211815500855447
2.454999993145466,7.113291375339031
2.435999944359064,2.626398004963994
0.0629999989760108,0.49345173357054595
0.0,0.37069989817217
0.0,0.3749478255491704
0.0,0.3735861196555197
0.0,0.3696403514128178
0.0,0.49492307967040683
0.0,0.42700090910308064
0.0,0.29233780707232654
0.0,0.311556395702064
0.0,0.4437072897329926
0.0,0.703921537064016
0.1510000076703727,1.4952529779076578
6.033000099658966,6.448954899311065
19.886000549793245,16.467298610508443
29.586999311447144,27.610633764863017
27.749999121427532,39.48985667824745
39.01799881219864,47.65036928772926
38.71399803161621,51.89119722485542
48.34800020217896,53.55653636574746
55.90000186443329,50.08412757396698
51.01500184774399,37.10551397502422
37.41300137996674,23.427595471143725
16.313000334501268,11.031779606640338
5.452000107765198,3.9740805054455994
0.0629999989760108,0.8606850657425821
0.0,0.3692687356844544
0.0,0.36676346579799424
0.0,0.3708171334909275
0.0,0.3746353017888031
0.0,0.6151476106327027
0.0,0.48156862136209383
0.0,0.3189622310362756
0.0,0.3273287494853139
0.0,0.416052303025499
0.0,0.7568712426349521
0.0380000012926757,1.4189386527985337
5.924000211656094,4.646753300055861
19.64100023150444,12.060335846841337
35.075001511573795,19.612808383107186
45.44399847507477,28.3019137853384
22.53900024056435,34.65871499478817
34.38499906420708,38.368962917327885
31.86600077152252,39.385079251527785
31.36900018453598,38.45627949357033
32.68400084495544,28.922442546486856
28.80699984908104,18.430634246468546
12.851000066399576,9.2871515981853
4.525999919176102,3.7575749970227483
0.1319999990006908,1.248916965406388
0.0,0.6384172237664462
0.0,0.3621837288700044
0.0,0.366370601921808
0.0,0.4945075093582273
0.0,0.38528631416382264
0.0,0.30057396222837274
0.0,0.22525769297033543
0.0,0.28784627492539583
0.0,0.3301927623525262
0.0,0.4656450805906206
0.0,1.1969085264578463
2.75100002348423,5.357424009889365
8.027999830543996,14.29497142404318
16.234000307321548,25.99182539761067
33.550000284910205,39.26944656133652
52.00300130367279,49.00612288713455
59.6720015501976,54.93077574968339
63.04799875974656,56.22396318435669
58.29000019073487,53.71487532615662
43.38400015830994,42.27645929574967
37.32799963474274,27.48486470282078
18.73000023007393,13.061114114820956
3.4679999321699144,4.732639410346747
0.0510000008903443,1.0451158124022186
0.0,0.4409246849501506
0.0,0.33287801511585713
0.0,0.32772444476373497
0.0,0.33072809590958063
0.0,0.3836888696113601
0.0,0.39127083185594524
0.0,0.3569529573433101
0.0,0.3659642477612942
0.0,0.47808171712560577
0.0,0.6201891341246665
0.1009999962570145,1.3275773483887314
4.34999984562397,5.69498265132308
12.263000124096871,15.494599735736847
28.83999902844429,27.618153371214866
40.40099840402603,39.71741873979568
45.24300048589706,45.846918742656705
41.34199877977371,46.31390868544578
40.269999918937685,43.23768311977387
38.21000160217285,34.54636969327927
23.63999918937683,19.68798698782921
15.31299949645996,9.92002398520708
4.864999938309193,4.420304750278593
0.4929999872110784,1.649511329755187
0.0,0.5605171489063651
0.0,0.34287481287494304
0.0,0.3422946769651025
0.0,0.3435538124293089
0.0,0.34329465841874485
0.0,0.52097721115686
0.0,0.5044423286919482
0.0,0.48229789175093174
0.0,0.433038777615875
0.0,0.4621692288853228
0.0,0.5928053797595203
0.0,0.7452174959704281
0.0,2.2981020253151656
0.1980000025127083,5.605519926846028
2.53500004991889,9.269267628639936
4.063000081628561,11.89296966165304
6.567999757230282,12.241923762261868
8.933999940752983,12.82636056959629
11.580999967455863,12.667488602399827
10.547999950051308,10.990633844733239
10.1290001308918,7.332865010499955
5.796000018119813,5.1841038616001605
2.2459999699890614,2.6910881093144416
0.166999999769032,1.1849695980548858
0.0,0.7546265035495163
0.0,0.6796686691604554
0.0,0.6438511618506164
0.0,0.6249878468923271
0.0,0.6018223346583546
0.0,0.5143629268463701
0.0,0.5073002694407478
0.0,0.46751093529863275
0.0,0.4084429931291379
0.0,0.4604066927731037
0.0,0.6124622515775263
0.0,0.814785151593387
0.0389999987930059,2.396798142418265
1.5150000321120023,5.964150565415621
4.0790000416338446,9.943518133610487
5.101000247001648,12.887624000012874
8.468999787271024,13.467037295401097
9.403999985456467,14.192034873366357
10.71000012278557,13.975361965894699
10.052999935746191,12.15411628574133
6.01200024843216,8.05270454108715
5.93399999409914,5.644634049683809
2.979000095427036,2.865898417234421
0.6959999932721257,1.192836904041469
0.0,0.7298600453510881
0.0,0.6516276596300303
0.0,0.6114918762631715
0.0,0.5898576352745295
0.0,0.567958720214665
0.0,0.42058556564385063
0.0,0.418911273535341
0.0,0.3082281842455268
0.0,0.31260480605997143
0.0,0.448776021245867
0.0,0.6493476338777692
0.0,1.3912973983585835
1.7790000140666962,6.249755422919989
6.627999992370605,16.56884051144123
21.278000664711,29.210926564931867
36.393000977039335,41.091863521337515
49.14900156974792,46.82931495189667
49.619998819828034,46.52133151173592
38.942999930381774,42.29323617219925
28.9549990940094,32.891620852947234
30.52400059580803,19.144851017594334
21.336999073028565,10.671667281091214
8.232000219225883,4.843201989009977
2.8810000194609167,1.7824524910748005
0.0449999998416751,0.6601201124861836
0.0,0.3781382738961838
0.0,0.36809110116912047
0.0,0.37359776012599466
0.0,0.37563251333544023
0.0,0.3864662729343399
0.0,0.33281244834885
0.0,0.26118700557854024
0.0,0.3073017126694322
0.0,0.43341245471267026
0.0,0.6558222361840308
0.0,1.6081093343347312
2.520000119507313,8.411537239551546
10.879999505281448,21.83854408204555
33.320000153779986,37.19318691611291
47.68800018310547,50.190437266826635
58.390998301506045,57.13885341644287
60.15300166368485,59.14186005949975
57.6769992518425,57.259865469932556
53.98600016593933,51.933800796270376
47.53299893379212,36.693265575170514
34.91199797153473,20.06487516283989
16.463000152111054,8.608149989843369
3.388999904990196,3.296288432255387
0.0,0.5798244436271489
0.0,0.3377854292746633
0.0,0.3444676071219146
0.0,0.33974111936986445
0.0,0.3375309608969837
0.0,0.4488717008917592
0.0,0.29332596211694173
0.0,0.2283702931040898
0.0,0.2936327747907489
0.0,0.36510062079643824
0.0,0.637621741304174
0.0129999995976686,1.746966845318675
3.5230000193417075,8.89646840646863
15.955999782681465,21.721366801857947
35.94200123786926,36.096729308366776
49.23800035238266,48.81096435189248
59.34200154066086,56.20182543039322
54.58199829101563,59.03803567767143
53.31999842882156,57.91277310967446
54.18599992275238,54.227523102760316
48.71200173139572,42.23366881251336
35.342001967430114,27.147181795835493
18.385000033378603,12.412092597782612
5.640000022947788,4.5354683636873965
0.0749999970616772,0.8420458427816631
0.0,0.3550182320014573
0.0,0.35036082537379115
0.0,0.35644017416052515
0.0,0.3577537300763652
0.0,0.4444021280761808
0.0,0.31114542397670447
0.0,0.2374612793978303
0.0,0.2951223727874458
0.0,0.3640523578994907
0.0,0.6089984777010977
0.0,1.5598396774008871
6.392000197172165,7.641015592962503
17.070000399947165,19.129497546553615
20.984000693559647,32.37886832356453
46.56599932909012,44.894828950166705
55.31099958181381,53.532048863172534
56.31000013351441,57.22445492267609
59.39699880361557,57.070647033452985
57.58500166416168,54.2180398952961
49.25400082588196,42.65341935992241
35.938998324871065,27.981726646423343
18.648999630212785,12.979498349130154
5.402000168561935,4.65084725946188
0.0439999983296729,0.8915026015974582
0.0,0.36252028633141886
0.0,0.35207748226588587
0.0,0.35778266244335094
0.0,0.3594455172657035
0.0,0.443484884891659
0.0,0.28283948362804945
0.0,0.2234588351799175
0.0,0.3010924467630684
0.0,0.3679170912969857
0.0,0.6529668841138482
0.0,1.8896044424921277
5.581000074148179,9.473168399482965
19.236999572515487,23.093912682533265
34.725998115539554,37.975012363195425
49.1599985575676,50.3403076839447
55.33199943304062,57.41024527311325
58.42000044345856,60.3089641737938
62.807999873161314,58.99907380580902
58.60100092172623,55.30468771338463
49.82699852705002,43.5515532553196
35.331000871658325,28.220033056735993
18.31299995660782,12.987250054776668
5.26600025177002,4.438208617717027
0.0380000012926757,0.7901204293966293
0.0,0.35394287485163656
0.0,0.3487445670319721
0.0,0.3546849048999138
0.0,0.3563866374269128
0.0,0.5078276174468919
0.0,0.3477716522663832
0.0,0.2539112206269055
0.0,0.30393744430504743
0.0,0.39015032898867497
0.0,0.7546969164162874
0.0,1.8309350554645063
5.427999911010265,7.928676993995905
17.915001015663147,19.53052404820919
32.2479992389679,32.20357789874077
38.538999271392825,43.04021180748939
43.74999815225601,49.36829637765885
47.37400064706802,51.97113181114197
50.11999821186066,50.2988379073143
46.30599882364273,46.42617901682854
47.48300104856492,34.4259748595953
27.84399933576584,22.515005692243577
13.993000485301016,10.541716837286948
3.4010000033676624,3.730067122653127
0.0,0.949944735430181
0.0,0.36571268230210985
0.0,0.3517791198543273
0.0,0.35774448153562843
0.0,0.35901704521151256
0.0,0.4983304014708847
0.0,0.3472383245453239
0.0,0.2662090251827612
0.0,0.31665832781232894
0.0,0.37928157372633
0.0,0.6707804407924414
0.0,1.4528664860874416
2.5620000787079333,5.863269531279803
14.59400004208088,15.086314996182919
27.9669996380806,25.484230402112004
41.51199816226959,37.72669898152351
26.76199966549873,46.11750133275986
34.29499999523163,50.40824088811874
38.86800104856491,52.55643693685532
43.40400177717209,50.19149917244911
48.07499802827835,37.31859447836876
34.15900007843971,23.889817108511927
15.534000131487849,11.633688561320305
4.206999978423119,4.4217403511703015
0.0,1.0237097874097527
0.0,0.4149347437918186
0.0,0.36692556356312706
0.0,0.3725253212638199
0.0,0.37367339933291077
0.0,0.4235022866283543
0.0,0.32092588028870517
0.0,0.25613038129173216
0.0,0.31420297594740987
0.0,0.40676873530494045
0.0,0.6932628134265542
0.0190000006463378,1.7781602587923406
4.961999984681606,9.326985382884741
13.907999767065048,22.659263619780543
34.10799985289574,37.52308628082275
47.232999298572544,50.54925456047059
53.67600177526474,57.20306686997414
61.664000935554505,59.60342750549317
58.33899984359741,57.579996124505996
55.97200194120407,53.173868302106854
47.95000126123429,38.582617506980895
34.5789991569519,23.35093800365925
14.72300000846386,10.504859007149935
5.954999845325947,3.7253078033775093
0.0,0.6716796329990029
0.0,0.36665800186106934
0.0,0.3619736645394005
0.0,0.3674963130825199
0.0,0.36966185027500614
0.0,0.40630300650373097
0.0,0.304030097881332
0.0,0.2383267173962667
0.0,0.29335978853516276
0.0,0.3613396404311061
0.0,0.5434369419142604
0.0,1.4441316961497068
1.4330000445246698,7.266311821490527
16.945999811291696,18.383945316672325
22.13599986791611,31.71257286787033
40.72000142574311,45.25469377160073
52.308998548984526,54.21293781876564
54.70699916601181,57.42198169231415
47.70999826669693,57.35773126721383
56.79100024700165,54.06629830598831
49.551999888420106,41.3914872789383
27.232000737190248,25.6764353197813
15.707999632358552,11.455661726891995
2.8689999210834505,4.206015867143869
0.0,0.8279417347721756
0.0,0.3625176759343594
0.0,0.3564182384149171
0.0,0.36162986082956194
0.0,0.36193880771286785
0.0,0.4566633457620628
0.0,0.3011174154095352
0.0,0.23636235406622286
0.0,0.2960408852063119
0.0,0.3762112841568887
0.0,0.6687332043424249
0.0,1.8463448824733497
4.412000139951706,8.898507234454156
17.60799937605858,22.578562900424004
33.66099920511246,37.067879998683935
45.35499969244003,49.753061550855634
55.278000402450566,56.53555340647698
41.68000108003616,58.93578464150429
47.70499888896942,57.645246835947034
55.289999730587006,54.249042609930044
45.88700003147125,41.55758410692215
33.023999609947204,26.5374579757452
16.81299972653389,11.963970992565155
4.387000170350075,4.1636888122558595
0.0,0.8001000251062215
0.0,0.35573513184906913
0.0,0.35100373669993135
0.0,0.3570751292956993
0.0,0.35826459898147733
0.0,0.407359163230285
0.0,0.27372790141031145
0.0,0.221443804432638
0.0,0.2931486622616648
0.0,0.3578188642626628
0.0,0.6126059175748378
0.0,1.7650366996973754
4.864000165462494,8.9131577321887
18.195999318361284,22.299891752600672
34.59799843549728,37.070083914995195
48.50899906158448,49.88361432313919
52.81700023174286,56.92539600849152
58.27300148487091,59.43795508623124
56.570998871326445,57.835872246026995
56.07799942970276,54.021418929100044
50.1350004529953,40.927216800451276
34.26599990725517,25.56377781391144
17.166000159978868,11.384769770205022
4.090999883264304,3.958818821460009
0.0,0.7562533809617162
0.0,0.3472955556609667
0.0,0.3420027816132642
0.0,0.347405083568301
0.0,0.348419493525289
0.0,0.4130226090038195
0.0,0.3295945418253541
0.0,0.26591529858298596
0.0,0.3104286184255034
0.0,0.4682181883789599
0.0,0.7357696554064751
0.0,1.8747909745946525
4.177000117599964,9.405556899309158
14.864000329971311,23.99517170250416
32.21999943733216,39.16826359272004
47.36299955129624,51.86824404239654
55.5789982700348,56.99311149120331
59.1980013871193,57.71252482175827
58.84399861335755,54.52025577068329
53.41900007486343,47.56156357884407
28.695000642538076,30.42774408876896
22.4330006980896,16.080216552317143
5.461000117361546,6.911320315003396
1.0829999566078186,2.4741386853158476
0.0,0.4676787308230996
0.0,0.3533836631989107
0.0,0.34842461845371864
0.0,0.35376520397141575
0.0,0.35577265125000845
0.0,0.5197566993581131
0.0,0.5259564711060375
0.0,0.4510960751562379
0.0,0.4060296984948218
0.0,0.4693419700302184
0.0,0.6529992021434009
0.0,0.8789216452091932
0.280000006146729,2.737412458360195
6.9800001394748685,6.902427882403135
7.939999793767929,11.761458709537983
17.556000918149948,15.959797070920468
10.944000372290612,17.228632051944732
16.93899986088276,18.09534319460392
21.588999341726304,17.812392587661748
11.14100029706955,15.89968592107296
23.55200069308281,10.497408979237079
11.855999633073807,6.94124597594142
4.363999746441841,3.4417021064460283
0.8180000092461706,1.3801283900439738
0.0,0.7741532046347857
0.0,0.6697272966615856
0.0,0.6235516362264752
0.0,0.4835775004141033
0.0,0.5708196039777249
0.0,0.4003183613158763
0.0,0.2935391985299066
0.0,0.24206136738881467
0.0,0.30230423647444693
0.0,0.3755572107015177
0.0,0.5876189618371428
0.0,1.5400403751805425
3.851999999284745,7.988391469717026
16.73399969935417,19.927414869070056
32.45699951887131,33.82748320758343
40.80400083065033,47.16502296090126
43.388999536037446,55.03046547770501
58.72499945640564,57.72530671477318
58.471000669002535,57.06086805343628
55.10600044727325,53.37871338844299
46.12899949073792,38.611327984333045
30.829999895095828,23.535545263886455
15.33700020670891,10.569200577437877
2.962000105828047,3.830232602879405
0.0,0.7258227628469467
0.0,0.3678806612291373
0.0,0.3636142345517873
0.0,0.3680564080434851
0.0,0.3702523057023063
0.0,0.44859565773047505
0.0,0.3093021409306675
0.0,0.24489913589786733
0.0,0.2832911497540772
0.0,0.3656696924520656
0.0,0.5893865366093815
0.0,1.4951914869993925
3.8509999696910384,7.307879675477743
15.000999506115914,19.054263484478
29.26499953866005,31.784110800027847
45.0299990606308,44.090873965024954
48.19999890327454,52.18577436327934
60.05300178527832,55.036555516719815
62.87599880456924,55.93883433580399
60.43099910736084,52.60922617554665
50.89299977779388,38.96745456933975
34.73400040626526,24.53323845982552
17.30099979043007,11.365653928518295
3.620000065714121,4.137531298771501
0.0,0.8747489928454162
0.0,0.36677477513672785
0.0,0.3526594351744279
0.0,0.3602048665820621
0.0,0.3476715851202607
0.0,0.41344732242170723
0.0,0.2911008160375058
0.0,0.2346922869933769
0.0,0.28809730931185185
0.0,0.3607256717327981
0.0,0.6311129960604012
0.0,1.658451003804803
3.735999904125929,7.6965299443900586
17.690000262260437,20.830303719043734
33.624000934362414,35.270093292593955
48.87599939584732,47.915777912139895
54.56299901247025,53.76783093690872
53.34799823045731,54.83698914885521
44.1929997086525,53.1859128177166
47.33099860429764,48.6389027774334
41.73499834299088,35.35756802499294
32.72600054740906,21.404597479105
16.754000291228294,9.283916329145432
2.3409999571740627,3.414693348258734
0.0,0.8778611837886274
0.0,0.3608982666791417
0.0,0.3468030499713495
0.0,0.35566514008678496
0.0,0.3533939873683266
0.0,0.41915333667304366
0.0,0.2898057761089876
0.0,0.23440996156539767
0.0,0.296295963358134
0.0,0.37067390863550825
0.0,0.6423590926639735
0.0,1.7590471771359444
3.1600000602006912,8.68347211614251
17.26000037431717,22.246162819862366
32.93599905967712,36.60065590262413
42.3039990067482,49.730498623847964
48.45299945831299,56.275216048955926
54.64699841737748,58.22891699671746
59.570999331474304,57.200622638463976
55.89400014638901,53.48338400840759
47.56200107574463,39.085802615880965
31.63500035405159,23.59716043770313
15.599000257849694,10.42053045257926
3.1889998914301394,3.7304369667172432
0.0,0.7456594217568636
0.0,0.35270261260215185
0.0,0.34646981217665596
0.0,0.35475900989957154
0.0,0.353113579058554
0.0,0.4322833807300776
0.0,0.2909746409300714
0.0,0.23248418249655511
0.0,0.3021178301237523
0.0,0.3758423752128146
0.0,0.6469775380659849
0.0,1.8101151197031138
2.4390000331401827,8.982844261676073
17.02899995684624,22.576368227005005
31.767999411821368,37.320958604812624
46.60500022649765,50.498412491083144
52.30399917125702,57.01934487342835
53.64200025558472,59.086776529550555
55.1839981341362,57.4968963611126
52.645998508930205,53.447759847640995
43.66700108766556,39.97180367469788
29.999000207185745,24.160142951607703
14.43799953341484,10.457135643661022
2.728000113070012,3.842749532982707
0.0,0.727181371729821
0.0,0.355363053411711
0.0,0.350138082599733
0.0,0.3569804924819618
0.0,0.35783273619366807
0.0,0.3750013043289072
0.0,0.3614212057460099
0.0,0.28642819701693945
0.0,0.3477030366286635
0.0,0.5333207056019456
0.0,0.760004209484905
0.0,1.9407341969013214
3.562999919354916,10.09490361481905
15.678000285029412,25.873647831082344
30.967000098228457,41.929468796253204
44.80100126981736,54.19608083724975
52.54599863052368,58.099537044763565
55.49299829244614,57.393690226078036
52.74599838733673,51.63974536776543
44.60600089073181,40.36902621269226
35.05999927043915,22.220607249736787
21.46199994802475,10.163189589381217
11.525999623537064,4.1013462741673
0.94299998562783,1.6746017384901641
0.0,0.40728997327387334
0.0,0.33014351506717504
0.0,0.33336427790112794
0.0,0.3333135222271084
0.0,0.3267746252566576
0.0,0.34970972466049716
0.0,0.3321925166528672
0.0,0.28078847620636227
0.0,0.3067931289412081
0.0,0.4726393473357894
0.0,0.6413262270600536
0.0,1.5923986640200019
1.6320000284910203,8.251330958157778
11.650000212192536,22.383089079856873
22.910999952554704,38.15877338528633
41.45200152158737,51.326735848188406
51.513000667095184,56.95665752410889
55.44700155258179,56.295618193149565
50.12300112485886,53.32823076486588
35.068999793529514,43.981657896041874
19.76699933886528,25.361933586597445
8.687000076770783,11.349161527752877
4.20100005760789,4.735878530591727
0.2100000046100467,1.9193848488107323
0.0,0.455631904490292
0.0,0.3110637784283608
0.0,0.3153339304681867
0.0,0.3129804108850658
0.0,0.3088618679530919
0.0,0.3593304253509268
0.0,0.3633237652573734
0.0,0.3110634093545377
0.0,0.3433414666075259
0.0,0.5099336841842159
0.0,0.6926085465820506
0.0,1.5773925716802477
1.5079999533295632,7.6018449857831
11.289999828338622,20.503117656707765
25.60599934577942,34.96184591650963
34.34499993443489,47.94268705248833
48.57800033330918,53.35793742060662
51.66499900341034,52.251458463668826
42.76199869632721,48.08582659006119
44.43200036287308,37.15774350523949
28.07999913096428,20.182227030992514
10.62800026357174,9.472242313027381
7.973999772965908,4.071188899055123
2.7780000522732737,1.5972703101113437
0.0,0.4675433128233999
0.0,0.32238774960860606
0.0,0.3243506286200136
0.0,0.3245450823847204
0.0,0.32008476104587313
0.0,0.39328370225150133
0.0,0.31106199724599715
0.0,0.256981393317692
0.0,0.2997331238025799
0.0,0.36861175871454177
0.0,0.5623803584161214
0.0,1.5164466089382769
1.738999985679984,7.71995143339038
14.22399987578392,19.339212610125543
28.059999566078183,33.56478172361851
40.88199851751328,48.39930030822754
46.7840001320839,56.08607360959053
42.48799829006195,57.90385269165039
43.39500125408173,57.53307304143906
47.30799818038941,53.29034106850625
39.80799908399582,37.837687631845476
27.330000042915344,22.47158771932125
12.837000165581705,9.953075284212826
2.1819998732209207,3.7592871144413946
0.0,0.6760867595672607
0.0,0.3676441113371402
0.0,0.37604625343345105
0.0,0.37009546757675704
0.0,0.36730671367608014
0.0,0.42203728055581446
0.0,0.3079557596240192
0.0,0.2500566858286038
0.0,0.29441774667240683
0.0,0.3943806214164942
0.0,0.6318622480146587
0.0,1.5857308158650993
1.4919999933242798,8.120558153688908
14.004999813437465,20.349875637888907
28.791999661922457,34.326522365808486
40.806999635696414,47.82846544384956
48.42700022935868,55.0803134226799
54.706000933647154,57.12886493086815
53.83400182962418,56.45803018808365
49.98299800872803,51.57635966658592
41.92600168466568,35.94445984721183
27.929999313354493,21.068219873905182
13.132999682426451,9.211903158277273
2.1419999732077124,3.3924436526000497
0.0,0.6928059321269393
0.0,0.36480702716857194
0.0,0.3598551926086656
0.0,0.36671634840080514
0.0,0.3565064742974937
0.0,0.37368197760544714
0.0,0.34819717833772296
0.0,0.29152249090373517
0.0,0.30833757451735433
0.0,0.4269037651107646
0.0,0.5814106236957013
0.0,1.3153336612880229
1.111000014990568,5.5903092071414
6.591999953985215,15.385573146045207
15.585999616384507,27.901298078894612
37.37699928760529,40.96842366814613
42.72899951696396,49.417756121158604
49.7140010881424,51.42285165786743
37.7690006184578,50.154422850608825
48.27100074768067,42.643714323043824
37.97499798536301,27.024957896471022
18.079000734090805,15.071816492676735
6.451999918818474,6.982992269098759
0.4460000084154308,2.774196216985583
0.0,0.6193633864820003
0.0,0.3356362803094089
0.0,0.3405000956170261
0.0,0.33608919807709753
0.0,0.33590897772461176
0.0,0.44866336264647544
0.0,0.30610779094509777
0.0,0.2442313610017299
0.0,0.30221695051528513
0.0,0.386402526712045
0.0,0.6644591690041125
0.0,1.7669091556221246
2.69200007468462,8.108219662755728
13.892999579906464,20.8623036390543
28.681998974084856,34.75604059636593
42.00699817657471,48.034101310968396
49.38099816560745,54.570087283849716
52.163001930713655,56.55606235742569
50.97100157260895,54.7978567969799
46.86700130462646,50.256801233291625
38.79199982643127,35.94105024695397
26.44800012946129,21.58966174900532
12.010999855399133,9.651510775983333
1.7360000252723695,3.514608243405819
0.0,0.7456471941806376
0.0,0.3596053326688706
0.0,0.3561973175313323
0.0,0.3602139971498399
0.0,0.36391799332341174
0.0,0.3541832632641308
0.0,0.3339908368792385
0.0,0.28596525006927553
0.0,0.32547919218428434
0.0,0.49248155161738394
0.0,0.6669578925403766
0.0,1.6603796873241663
2.435999944359064,8.68230366051197
11.970000439286231,23.251722744107248
25.94900102376938,39.158283323049545
39.83500065326691,52.29641999959946
48.26900017499924,57.71254125356674
52.41099900007248,57.74931564092637
51.08199843883514,54.988944351673126
47.51300142288208,46.83244931936264
38.49699956893921,28.071700040698055
13.082000483870509,13.734110153913498
6.494000134766102,5.711514847874642
0.3580000037327409,2.125310904234648
0.0,0.42594344569370146
0.0,0.315699377739802
0.0,0.3218553686421365
0.0,0.3181243211310356
0.0,0.31438963102176787
0.0,0.4447714711353183
0.0,0.3848165546916425
0.0,0.2961141222901642
0.0,0.3182320104539394
0.0,0.5189272307232022
0.0,0.8235796993970871
0.0,1.8739832485094667
2.1859999915957453,8.074417122006416
14.319000376462936,21.08306806683541
30.09300042152405,35.07563002824784
42.74000061273575,44.37291157960892
51.209998118877415,47.78168408513069
38.09999886035919,46.3501880645752
39.08099836587906,41.44358638167381
35.738998568058015,33.38343617737293
21.660999418497084,20.054545717239378
24.772999085187912,10.648389056921005
7.204999865889549,4.469189893975853
0.6669999694824219,1.7072502014413478
0.0,0.6078212926723063
0.0,0.34667349261231717
0.0,0.3373554090061225
0.0,0.3467840771959163
0.0,0.3438751071109436
0.0,0.41010550771141424
0.0,0.30737563976086674
0.0,0.2608756356453523
0.0,0.3261698576807976
0.0,0.4409070464037359
0.0,0.7185799618624151
0.0,1.8092763914167884
2.6990000250935555,8.826015743911267
14.229999539852145,22.870175124406813
29.23900030970573,37.378983428478236
41.69299864053726,50.04755242228508
47.77499839305878,55.51683879256248
51.201001703739166,56.762655377388
53.56799960613251,54.5731312763691
43.51899978876114,47.95330405473709
41.71200202703477,29.974479840993887
27.104999289512637,15.65640632122755
10.56199985086918,6.823247875571251
1.9280000588297843,2.5967039298266172
0.0,0.5556368536502123
0.0,0.35801384972175576
0.0,0.35113041012780744
0.0,0.3591398879792541
0.0,0.35766604130621993
0.0,0.3756042441050521
0.0,0.38326631980482484
0.0,0.3629251173883676
0.0,0.3431226700171828
0.0,0.41944217309355736
0.0,0.5531297672633082
0.0,1.0304346013069152
0.6719999890774488,3.7512786617875102
3.692999915331602,10.705137847959993
3.7240000624954703,19.323742062449455
8.681000412702561,27.36007436037064
12.623999767303468,30.208354797959327
30.20999900579453,31.719778215885164
30.17599954009056,31.323572396039964
24.165999864339827,25.0867562520504
14.741000027656556,14.334420601725578
6.358999990820885,7.406227130144835
0.6230000152811408,3.214092289954424
0.17700000686571,1.1663391365855933
0.0,0.5258394859824329
0.0,0.4489644254231825
0.0,0.377563946149312
0.0,0.3398450377210974
0.0,0.3906127522746101
0.0,0.41892405280144884
0.0,0.4145002797152847
0.0,0.3330290465429425
0.0,0.3426183868013322
0.0,0.46136835716431956
0.0,0.5761155405454337
0.0,1.0963210183382035
1.4060000157356265,3.9350410959869624
13.3080004966259,11.073430133163928
26.788000948429108,20.371878856420516
13.782999919056891,30.53665822327137
22.14400010466576,36.96670627295971
39.44700046777725,41.345038664340976
29.875999904870987,41.03248512744904
28.14300073862076,33.35688648283482
40.43900106906891,20.11243292450905
15.39199952363968,10.868563480079175
5.86399997651577,4.905752363801002
1.806999944075942,2.134998353943229
0.0,0.6440942852199079
0.0,0.3964868826884776
0.0,0.3639503064192831
0.0,0.36886577778495844
0.0,0.3419505076017231
0.0,0.3465410317666829
0.0,0.262231211704202
0.0,0.21934158400632442
0.0,0.29164276083000007
0.0,0.34805203661089756
0.0,0.5683673491235822
0.0,1.5456504256650807
2.222000029981136,7.934094099104405
13.490000234246256,20.57383194446564
28.52400097370148,34.66450720727444
42.7070014333725,48.29703284025192
50.88199868202209,55.23463891386986
53.151001386642456,56.905981826782224
51.21199869155884,56.0870964896679
48.41199798822403,51.6619981443882
41.439998085498814,34.96173910975456
26.307000834941864,19.720396676063537
11.50600005865097,8.496145134866238
1.217999972179532,3.1521220350265504
0.0,0.6852248348668217
0.0,0.3393692942685448
0.0,0.33316742996452375
0.0,0.3400374300847761
0.0,0.33879589428426693
0.0,0.5182213873113506
0.0,0.5243751796148717
0.0,0.4416025441605597
0.0,0.4091606961563229
0.0,0.4501474032923579
0.0,0.6194303332641721
0.0,0.7970892813242971
2.5080000211298468,2.63689035654068
5.319000023007393,7.173934761732816
4.210000067204237,11.91147906690836
2.140999943614006,15.395192429423332
3.1639999218285086,15.370751654803755
4.891999967098236,15.154975821375846
15.359000344276428,14.026760662794112
11.834999781847,11.40190147101879
7.8500002112984655,7.262720701098442
7.523999806642532,4.8986213440448045
1.7410000448673963,2.4304130652919413
0.1520000051707029,0.995909446105361
0.0,0.6491020714119077
0.0,0.6141559153050185
0.0,0.591098750308156
0.0,0.5981323987618089
0.0,0.59211838895455
0.0,0.45771688732784244
0.0,0.4550324377627112
0.0,0.3767481516115367
0.0,0.3573099211603403
0.0,0.39358104177517816
0.0,0.5587456747889519
0.0,0.817637097351253
1.4550000537186862,2.8314161387830974
2.916000028252601,7.524677875488996
13.759000235795977,12.772894032299519
12.364999548196792,17.102010076344012
12.421000178456309,17.93067028552294
13.857999827861786,18.308375429511074
22.795999886989595,17.43677068889141
13.193000431060792,14.666326701045037
12.586000183224678,9.504669203311206
7.568000081777573,6.08257717654109
3.757000012099743,3.0719835916161538
0.2040000035613775,1.211873988583684
0.0,0.710958779975772
0.0,0.6437319830991328
0.0,0.6117098865658045
0.0,0.4901920414716005
0.0,0.5798915348295123
0.0,0.4289728350937366
0.0,0.3678947766497731
0.0,0.276969179934822
0.0,0.3227130962070077
0.0,0.4399471335299313
0.0,0.6870696904882788
0.0,1.633548405505717
2.4439999243617057,7.209662134796381
12.429000415205955,19.274407611489295
24.729999096393584,32.37905318140984
38.4920001912117,44.56234568357468
49.11999942779541,49.827959787845614
54.36799863338471,50.25993354678154
49.2499996805191,47.19372933030129
39.36699810028076,40.34224647283554
32.23999900221825,25.46482854425907
17.069000113606453,13.482315282821654
9.401000153422356,5.722451756894589
0.6259999756887555,2.179148890264332
0.0,0.6739313042536379
0.0,0.3545590790780261
0.0,0.33835351800080393
0.0,0.3474904279178008
0.0,0.3435547145130113
0.0,0.4254532551392912
0.0,0.3717425798624754
0.0,0.30982961161062117
0.0,0.3348557854536921
0.0,0.4910166326258331
0.0,0.7417658533900976
0.0,1.6687869964540003
0.6710000236704946,7.450934486538173
8.560999942421914,20.06431956231594
20.23299926519394,33.822966514229776
36.05100163936615,44.87406530618668
38.58599835157394,49.596113132238386
36.955001690387725,47.70765673398972
40.18300170898438,42.64802151083946
24.758000952005386,33.01461396634579
23.653000857830047,18.324488871693614
16.00100034415722,9.202070774883031
5.215000026226043,4.198009211719036
0.1999999975133687,1.607869019135833
0.0,0.5217507898900658
0.0,0.3664631399628706
0.0,0.3609708140627481
0.0,0.36866670825518666
0.0,0.36861993030644946
0.0,0.3839875506982207
0.0,0.30722435158677397
0.0,0.2581208766531199
0.0,0.3047655737539753
0.0,0.37501634551212193
0.0,0.6014879377279431
1.7689999748766423,1.4775335190072656
12.980000032782556,6.752943099290133
27.596000212430955,18.253395625352862
34.42799905300141,30.63982738673687
34.84100023508072,43.37867009043694
46.44999897718429,49.77563680171967
26.95499947190285,51.14116527318955
36.83400196075439,50.712315611839294
33.5909997010231,46.17530021905899
16.793000161647797,29.516693764925005
9.749000182151796,16.408706375956537
0.3570000062324107,7.2977543437480925
0.0,2.9126818299293515
0.0,0.7574834237806499
0.0,0.36640112012159076
0.0,0.36077316745417193
0.0,0.36827105322387066
0.0,0.35632716860622166
0.0,0.3670349951088428
0.0,0.28896425569895656
0.0,0.24609908315353096
0.0,0.3054840882774442
0.0,0.39301425068173557
0.0,0.6399042382463813
0.7909999804571272,1.7031383339315653
11.1330000603199,8.025068293213844
27.218000836372376,22.02191998362541
39.78100162267685,36.72188567757607
43.88600012302399,49.68639975786209
47.070998098850254,55.09539782285691
46.91800153017044,55.31648164391518
40.63400144815445,52.951788302659985
38.6349980044365,46.2630091047287
24.043999848365782,29.348032547831536
8.932000395059585,15.364310385882854
0.5220000110007823,6.522711382359267
0.0,2.509680622853339
0.0,0.6075745267048478
0.0,0.3562930743349716
0.0,0.35008758557960384
0.0,0.3581906523392535
0.0,0.35767149180639535
0.0,0.4756342465966008
0.0,0.4646525045251474
0.0,0.41080231759231534
0.0,0.4479010916315019
0.0,0.6048603257164359
0.0,0.8914706045016647
0.064000000488013,1.596952393129468
5.868999867737293,5.585065406262875
25.32799984812737,15.034820275902748
32.80199971556664,25.986050643920898
37.27200003147125,33.377055500745776
34.29000061750412,34.65858045935631
36.02300183773041,29.43259474217892
11.024999945163728,21.954369845986363
12.357000338435173,14.175234376192094
4.369999924004078,7.725578044056892
2.100000014007092,4.923254550546408
0.4279999892227352,2.4465985250100495
0.0,0.9107127978093922
0.0,0.5380400716792791
0.0,0.40899902268080035
0.0,0.3487336557009257
0.0,0.3567434869264252
0.0,0.4241868147626519
0.0,0.3462097318470478
0.0,0.27158950372599067
0.0,0.22959075605031098
0.0,0.29753985446877773
0.0,0.371643489501439
0.0,0.6041185515187681
1.493000022917986,1.640030176267028
12.572000282406806,8.132755177021027
26.993000082969665,21.669179378151895
39.956998615264894,36.40271833777428
47.4539989066124,49.82963583230973
47.706001229286194,55.94337978482247
46.451999549865725,57.01722927808761
47.4780016708374,55.72426778078079
39.39699847459793,50.57422474741936
24.68799939393997,32.91116238117218
9.506999695897102,17.733901433050633
0.4169999846257269,7.4056692188978195
0.0,2.8101938162744045
0.0,0.6375725902989506
0.0,0.34996346282074225
0.0,0.3440552462823689
0.0,0.35157703612698243
0.0,0.3462728595174849
0.0,0.3276891901902855
0.0,0.2701425658492371
0.0,0.22966469116508959
0.0,0.3003888476360589
0.0,0.34860046369954945
0.0,0.5522115757782012
1.7710000340640546,1.5142433344945312
12.493999514579771,7.628659129738808
26.88499996781349,20.215390528440473
41.1520018863678,34.724155699014666
50.14299863576889,48.79189934611321
53.01999879360199,55.615920543670654
51.91500075340271,57.13000077962876
47.9889980506897,55.9275929248333
39.23599961519241,50.406096537113186
24.53599900364876,32.67253555059433
9.258999545574188,17.47005383044481
0.3729999983310699,7.346428441405296
0.0,2.8715129607915877
0.0,0.6449472950585187
0.0,0.34766929044388234
0.0,0.34195653867209325
0.0,0.34908045222982764
0.0,0.3470688554737717
0.0,0.3585144926421344
0.0,0.28601879786700013
0.0,0.24154427089262748
0.0,0.30259521909058096
0.0,0.35463225323706865
0.0,0.5683820236846804
1.4079999465495348,1.485798911228776
11.758000327348707,7.4437673938274385
25.905998980998994,19.96898939847946
37.07299850702286,34.428815508484846
44.127001349926,48.3323180949688
51.64800029754639,54.94211164355278
50.895000350475314,56.06391736984253
47.88799993991852,54.84370975852012
39.2260008597374,49.170562156438834
24.20500076174736,31.607112494111064
9.000000353455544,16.89105954617262
0.323999992441386,7.179849442541599
0.0,2.813399302661419
0.0,0.6357525428570807
0.0,0.3470241814944893
0.0,0.3526374310743995
0.0,0.34869945571757854
0.0,0.34653506239876153
0.0,0.3744442965276539
0.0,0.2988216077396646
0.0,0.25197213885374364
0.0,0.31118006877601145
0.0,0.3660823995247483
0.0,0.5657394151296467
0.5279999960027635,1.3457438038289549
10.5839999884367,6.571781640648842
13.996999576687813,17.099646463394166
38.199998738765714,29.37563798606396
45.39999819993973,42.86048684835434
45.59600091934204,50.40614994049072
41.00499881982803,53.03988538980484
45.97900172710419,52.60720711708069
38.05900149822235,46.99589241027832
23.514000082015997,29.886574800610546
8.400000056028366,16.212679008841516
0.2430000023543835,7.170383693873882
0.0,2.88574213668704
0.0,0.6968453007005155
0.0,0.36019107102183623
0.0,0.3550092799263075
0.0,0.36142198923509566
0.0,0.34398363901302215
0.0,0.3366703609749675
0.0,0.29089271456468846
0.0,0.2517785355634987
0.0,0.31203930472955105
0.0,0.38678557303501293
0.0,0.6381937575899065
1.5590000505000354,1.738528598174453
11.11600032746792,7.980213307291269
26.149999012947085,22.287655190229415
38.64099972248078,36.81119050264358
48.2570008468628,49.698255307674415
50.31199978590012,55.227893656492235
49.50500080823898,55.90846013784409
45.73599992752075,54.32227918028832
37.08899898052216,47.878036102056505
22.86100001335144,29.274745655059817
8.142999896109105,15.060076479017734
0.1699999922700226,6.3898689402639866
0.0,2.5162769027799365
0.0,0.6039487454667688
0.0,0.36279550899984314
0.0,0.35683386365650216
0.0,0.36324080954305826
0.0,0.35111724228598173
0.0,0.3427804583497346
0.0,0.3020047170203179
0.0,0.2669246914191171
0.0,0.3063692556787282
0.0,0.41410621852846813
0.0,0.5830180346081033
1.1370000141859056,1.2704492136463523
7.638000099360943,5.962613677829505
15.34599970281124,16.369106231033804
25.61399958252907,29.525010313987735
24.513000633716583,42.187704936265945
40.088999440670015,49.409948958158495
47.22799992084504,50.637782982587815
37.37499871492386,48.525202878713614
35.786001756191254,39.39528956651688
12.375000357627869,20.893297110795974
6.386000019609928,10.2122251868248
0.0839999986346811,4.538047900870442
0.0,1.92302173435688
0.0,0.5097382392827421
0.0,0.31808097902685406
0.0,0.32172176391817625
0.0,0.3176897768210619
0.0,0.31629868944175543
0.0,0.42934389868518336
0.0,0.42834869930520647
0.0,0.3893184850923717
0.0,0.3656392060499638
0.0,0.430944460183382
0.0,0.5534386018197983
0.0,0.9120836342684925
0.1439999930746853,2.6792945639044046
3.420000052154064,7.577645296603441
7.339000236988068,13.40177939504385
17.521999398469926,19.747493755221367
21.51400045990944,23.623390738964083
26.872000353336336,24.91496169447899
29.29199905395508,24.86454069018364
15.951000404953955,21.099057243466376
12.662000378370283,12.587454911768436
5.375000139772892,7.00064619332552
0.0,3.5301108844578266
0.0,1.6696080733835696
0.0,0.6639775597583503
0.0,0.5218365594372153
0.0,0.47110222751274705
0.0,0.37727411815430967
0.0,0.42074203423922885
0.0,0.3440673706308007
0.0,0.2850016625039279
0.0,0.24614090884570028
0.0,0.3013481828290969
0.0,0.3894651518203318
0.0,0.6224962936993689
1.1720000229775906,1.5702836963534357
11.499000108242036,7.396353923976422
25.74899921298027,20.833277876377107
39.21299919128418,35.182599047422414
44.77800084590912,48.30141397118568
49.238998584747314,54.124853055477146
47.02300078630447,54.84685028791428
42.88600133895874,53.085779430866246
32.6190007185936,46.33102857589722
20.886999620199205,27.47611373782158
4.695000042319298,13.892872746884823
0.0,5.8429128313064576
0.0,2.345435839407146
0.0,0.590917422734201
0.0,0.3553209442296065
0.0,0.34948366892291227
0.0,0.3570530860940926
0.0,0.338837803164497
0.0,0.42341353842755775
0.0,0.3870685147866606
0.0,0.31385652795434
0.0,0.35153389453887934
0.0,0.4798975134640932
0.0,0.7713779941387475
0.7629999862611294,1.5653561436012389
10.581000156402588,5.991841500401497
25.31399994730949,16.946182615160943
37.11800112247467,29.91059502363205
40.31499842643738,38.047554689645764
36.71400046348572,40.394791288375856
25.74099897623062,40.00144254922867
20.166000620126724,35.878156473040576
30.606999714374545,30.30455071270466
13.594999490380289,15.716052758991719
2.3430000163614757,7.839768072813749
0.0939999977080151,3.7089590525627134
0.0,1.654193368181586
0.0,0.5998994760867209
0.0,0.3813637413713149
0.0,0.34241070016985753
0.0,0.35034467846853656
0.0,0.35629392236936835
0.0,0.336269089244306
0.0,0.31659577782265846
0.0,0.2770895220711827
0.0,0.3208614207431674
0.0,0.454257335467264
0.0,0.6594278141623362
0.1830000079143792,1.45232821598649
9.019999918341638,7.732512780725957
13.479000165462494,21.10900362253189
39.97400142908096,36.30870785355568
48.775001285076144,47.24163832187653
52.1879988193512,52.4832126903534
43.80499952316284,50.89686125278473
35.64799921274185,46.007248005867005
26.175000009536745,33.26086104810238
18.89199937582016,16.260974661409858
3.4110000425577165,6.820792090445757
0.0629999989760108,2.5720522375404835
0.0,1.033298100680113
0.0,0.37579358228482307
0.0,0.28505957500077783
0.0,0.2854582870565354
0.0,0.28568486629053946
0.0,0.2806873499788344
0.0,0.5128792500775308
0.0,0.48508417208679017
0.0,0.41428310045739636
0.0,0.38447351908311245
0.0,0.39977302555227656
0.0,0.5233641720376909
0.0,0.7076677326485514
0.7340000266581774,2.195438204146922
3.6149999177455903,5.7237981382012375
2.581999900341034,9.374825823009013
0.1889999929163605,11.955516827106475
2.2860001267492773,12.138044436573981
4.557999839186668,12.73297808855772
4.871000115871429,12.875657535493374
7.509000132977962,12.190667303204535
0.6430000294744969,7.076232512295246
0.0,4.222008894979954
0.0,2.293307916820049
0.0,0.957959253732115
0.0,0.6003408402390777
0.0,0.5547143616527319
0.0,0.5284979728702456
0.0,0.5329910775925965
0.0,0.511051773019135
0.0,0.3886595118045807
0.0,0.31955839758738874
0.0,0.28370526663027706
0.0,0.3167208136152476
0.0,0.45360262913396576
0.0,0.6939173417817801
0.9070000114291906,1.6709940579161047
11.371000428199768,7.912170728892088
26.19900071978569,22.560727199316027
39.56700196504593,37.221065533161166
49.5969983959198,49.15052972793579
50.481999168396,53.244697612524035
43.62100023984909,52.142766158580784
37.843001267910005,48.484770359992986
20.153001005649568,39.90387868642807
15.295000504255295,20.975896731019024
3.451999972164631,9.791876418888569
0.0,4.114502889439464
0.0,1.7216255947574972
0.0,0.4696173953823745
0.0,0.3553943195194006
0.0,0.3476394155318848
0.0,0.3571445684158243
0.0,0.3425718193128705
0.0,0.3364587853942066
0.0,0.28894340302795174
0.0,0.2462807798013091
0.0,0.28565245198085903
0.0,0.30262087774463
0.0,0.4645309945987538
0.0129999995976686,1.0190416133217512
1.3819999473541975,4.235657437518239
5.298999944627285,11.84194170743227
18.65200048923493,21.886504423022274
39.14700083255768,33.10804009437561
51.97399916172028,41.500534921884544
50.56299976825714,46.5404704606533
45.7319987821579,47.07338071107864
36.2639989566803,40.327770049572
21.71699902176857,24.360162221193317
6.7869998195767405,13.239405912160874
0.0320000002440065,5.914518031179905
0.0,2.121673248447478
0.0,0.6714311339892447
0.0,0.4309450528468005
0.0,0.3058163991384208
0.0,0.3000730809103697
0.0,0.30167588829062875
0.0,0.3485337736643851
0.0,0.26840154032222924
0.0,0.23096062970813358
0.0,0.2981972391344606
0.0,0.382865692905616
0.0,0.6024092422705143
1.0269999682158233,1.58939183562994
11.044000250697136,8.167630663514137
24.45699897646904,22.68630216062069
38.54700156211853,37.43146251678466
47.99700034141541,50.28590196609497
50.24600142717362,55.652058198451996
49.51200075864792,55.87517134785652
44.95700075149536,53.708826366662976
35.80799983978272,46.53428183078766
21.37700025677681,27.390000791549685
6.526000054776668,13.53000347197056
0.0320000002440065,5.436420314237475
0.0,2.150205671750009
0.0,0.5395370992925018
0.0,0.32183100976981227
0.0,0.32052899129455903
0.0,0.3233363656140864
0.0,0.31992893165908753
0.0,0.3369314726814628
0.0,0.271780082215555
0.0,0.23374181759543716
0.0,0.29977612090297046
0.0,0.36619581751525404
0.0,0.573892352161929
0.9759999994188548,1.53544601585716
11.07000050663948,7.318806057870388
25.359000508785247,20.623172557353975
38.82999838352203,34.770318810939784
48.08399855136872,47.830079869031906
51.0040007519722,53.57506528377533
50.13700102567673,54.01570682168007
45.61000082015991,52.119182405471804
36.15199975013733,45.289564123153696
21.59900015115738,26.828439629077913
6.426000176370144,13.571690970063209
0.0320000002440065,5.612680087387562
0.0,2.247719147950411
0.0,0.6015116547327488
0.0,0.33559893881203606
0.0,0.3270620875433087
0.0,0.33726455721538506
0.0,0.33237670023459936
0.0,0.3237116334587335
0.0,0.2671822808776051
0.0,0.23160936520900577
0.0,0.29828669941984115
0.0,0.37974119813414287
0.0,0.6067228808347136
0.1069999973056838,1.6143023288995029
7.636999813020229,7.702719857990742
22.82800083398819,21.854719143509868
37.7530001449585,36.28842483997345
46.93599846839905,48.854841388463974
49.80399810314179,53.95764502644539
44.669998676776885,53.96542548775673
39.482000219821934,51.982325980663305
35.41799908161163,45.38763531804085
21.085000858306884,26.3904292345047
6.051999891698361,13.123809166550636
0.0320000002440065,5.35948966793716
0.0,2.1643346521258353
0.0,0.5827071348391474
0.0,0.33718993698479605
0.0,0.32871205489849675
0.0,0.3391011490160599
0.0,0.328758750082925
0.0,0.3169619792886078
0.0,0.2653766915015876
0.0,0.23080776093527675
0.0,0.2984201115835458
0.0,0.3659107320569456
0.0,0.575382073323708
0.9169999864324928,1.5505723299831153
9.928000087738038,8.046953151375057
24.69800020337105,22.43696897983551
38.88299918174744,37.42793583989143
48.39299870967865,50.40694072127343
50.91500196933747,55.80207033991814
49.12100176811219,55.7772932267189
44.29299958705902,53.63680164217949
35.08400203466415,46.50607868552208
20.734000997543337,27.105159499645232
5.816999869346619,13.224881733953953
0.0129999995976686,5.222083932906389
0.0,2.1196044452488425
0.0,0.5239279403258115
0.0,0.3153506029769778
0.0,0.32307921743951734
0.0,0.3170030267164111
0.0,0.3139499517716467
0.0,0.3109509862586856
0.0,0.2782582344487309
0.0,0.24391737545840442
0.0,0.3064803148061037
0.0,0.37218558077700437
0.0,0.5859191201347858
0.740999977067113,1.5454314846545458
10.137000367641448,7.456162369102239
23.875998984575272,20.76190118134022
37.063997983932495,34.97351455450058
45.94999958515167,47.798801921606064
48.66400031089783,53.03338455557823
47.76099849224091,53.1925492143631
42.20399912834168,51.27682422995567
34.16700031518936,43.86760060548782
19.9809989964962,24.732409437298777
5.352000229358673,12.141413984298705
0.0,5.084869987890125
0.0,2.1429963441565634
0.0,0.5541338245756924
0.0,0.34883443939266723
0.0,0.34116151613648976
0.0,0.35037641332717606
0.0,0.330155742643401
0.0,0.332456661183387
0.0,0.2817956064594909
0.0,0.24519886395893992
0.0,0.29598035709932446
0.0,0.3620697326399386
0.0,0.5726430693641305
0.6199999906867742,1.5319870559871196
9.17500014066696,7.651581502556801
23.051001014709477,21.64291518628597
37.34400010824204,37.058265336751944
46.951000709533695,49.64853676319123
49.6659996676445,54.64108091235161
48.19799833059311,54.257153761386874
43.52599973917008,52.080043891668325
33.41799945950508,44.579615514278416
18.79299978375435,25.23789808034897
4.674000191092492,12.505044770836829
0.0,4.970348883867263
0.0,2.0344603979960083
0.0,0.5201854194328189
0.0,0.3360074562486261
0.0,0.33471437768777834
0.0,0.3374177194200456
0.0,0.3172099327109754
0.0,0.3584473212063312
0.0,0.2906919303815812
0.0,0.2546435994887724
0.0,0.3187555657420307
0.0,0.4210014802566729
0.0,0.6583966821525246
0.6179999956861139,1.7724374963715674
9.15300000309944,8.18333587795496
22.14000101327896,23.748610362410545
35.35499952793121,38.892307801246645
44.03700022697449,51.04639276385308
47.08600033998489,55.54852548122406
46.17799914360047,55.12271775841713
41.68799926280976,52.23776255130768
33.07199897646904,43.9687240087986
18.75100008130073,24.15374173521996
4.693999755978584,11.397738575041295
0.0,4.729547662883997
0.0,1.9443151757866146
0.0,0.49669468897394836
0.0,0.3518742703855968
0.0,0.34403352707857265
0.0,0.3539341325871646
0.0,0.33278435059823097
0.0,0.3367788365855813
0.0,0.31323977350257337
0.0,0.274523167242296
0.0,0.3126876711566001
0.0,0.3542092625424266
0.0,0.5019964684615843
0.1400000030733645,1.0054234311170878
2.9240000082552435,3.5446704937517644
7.835000024139881,9.87634669780731
16.317999712228776,18.29270975410938
24.480999686717983,27.724424038529396
36.23300034999848,34.367602913975716
41.47300137281418,39.43499292373657
38.657998428344726,39.25199598073959
30.770999432802203,32.15004101276398
18.31400024294853,18.30737771064043
4.383000051975251,9.934425951838493
0.0,4.7552701185643675
0.0,2.161128523871303
0.0,0.6513731752056628
0.0,0.45761692393803965
0.0,0.3549524809420108
0.0,0.35027880284003915
0.0,0.32649339100345964
0.0,0.2913243464007973
0.0,0.26539705474860964
0.0,0.24672904402948914
0.0,0.2795258907042444
0.0,0.3885806262865662
0.0,0.5885474603972397
0.1329999965010211,1.3852454220876098
2.7450001026690005,6.7548381489515315
19.38300029873848,19.220642734169964
35.40899855852127,33.87245604038239
44.93499855995179,46.882190457582475
48.1590015411377,53.655310020446784
46.93000085830688,52.959084025621415
43.68699859857559,50.14769813299179
32.00700006604195,40.55383065462112
17.941000244617463,20.306019141077996
3.993000064045191,9.793923206031323
0.0,4.404410313293338
0.0,1.9095681269839409
0.0,0.4749321547150612
0.0,0.30393192424438886
0.0,0.309589248271659
0.0,0.30482469777576615
0.0,0.3017090086545795
0.0,0.3691134263202548
0.0,0.3048044629022479
0.0,0.25629087224137037
0.0,0.2982620356604457
0.0,0.3939219589345157
0.0,0.585376080602873
0.0570000019390136,1.2442513266950845
5.796000018119813,6.101469134837389
15.574000288248062,16.426119471490384
29.8360007750988,29.145150035619736
45.51299974679947,41.38742656826973
51.24500197887421,48.33518133759499
48.83800083875656,50.10800299167633
44.74199875354767,48.573033819198606
35.67300020933151,40.057105300426485
19.27399989724159,22.88274340391159
4.936000242233276,11.894061863422394
0.0,5.0609003440290685
0.0,1.9423266702145339
0.0,0.5523595262411982
0.0,0.3313527453318238
0.0,0.32149305047467347
0.0,0.3169176583364606
0.0,0.31618042535148555
0.0,0.3343937531672418
0.0,0.27713349801953885
0.0,0.24262511160690334
0.0,0.3076042890176177
0.0,0.4044485520897433
0.0,0.635727173043415
0.1419999980740249,1.6010132963582873
7.452000243365765,7.920409740358592
23.25499986290932,22.100170309543614
34.84000200271606,36.623317420482635
44.24699873924256,49.07582867264748
45.91900097846985,54.273460277318954
48.40899918317795,54.59782212257386
43.60799857139588,52.60266577601433
34.33499912500382,44.97217552661896
19.22000086665153,25.340348352193832
4.412000139951706,12.424538665711879
0.0,4.967352903038264
0.0,2.034951426647604
0.0,0.5425730203278363
0.0,0.3377430178783834
0.0,0.3299789505684748
0.0,0.3392700046580285
0.0,0.3202770164143294
0.0,0.39928148655686524
0.0,0.3444974539615213
0.0,0.2710320417862385
0.0,0.3308250499982387
0.0,0.34953673678217456
0.0,0.4546265955362469
0.0,0.8801463284343481
1.517999992519617,3.161463133022189
5.728999832570553,9.157125927507877
6.81700019389391,15.396657427847385
9.650999849438668,22.599360435009004
22.511000438928605,28.20131722688675
20.79499997854233,31.89897324919701
40.37200037002564,32.90996902108193
32.04099953174591,28.11029322385788
18.02800050854683,16.923307997286322
2.8470000402629374,9.132894144952298
0.0,5.0701066498458385
0.0,2.063330892920494
0.0,0.7519439305830747
0.0,0.5516059577278793
0.0,0.4543055654969066
0.0,0.34579213015735144
0.0,0.4001719842874445
0.0,0.3852871719561517
0.0,0.31336169623769816
0.0,0.27218884752132
0.0,0.3169525919761509
0.0,0.4155868546059355
0.0,0.6308046429045499
0.0389999987930059,1.4875951774790885
5.014999755918979,7.201218495965004
22.13599986791611,20.21874467134476
36.20900169372559,34.2816214221716
45.889998836517336,46.41054415106773
46.27999959468842,51.708767179250714
36.65800086021424,51.33321614265442
36.737000887393954,48.66392842173576
33.088999736309056,40.134338908195495
18.572000175714493,22.17130566239357
4.198999998420477,10.67358107328415
0.0,4.505304569900036
0.0,1.8046891568228602
0.0,0.4968142207525671
0.0,0.34765276235528286
0.0,0.34470301315188406
0.0,0.3494569396227598
0.0,0.33539951142854985
0.0,0.3939839583355933
0.0,0.3602874911949039
0.0,0.3214799563772976
0.0,0.3885098429676145
0.0,0.5055459573911503
0.0,0.7788421270903201
0.2729999915510416,1.8005021908134222
8.616000286340714,8.128002276420593
22.22400041818619,22.586888692379
36.19699825763703,38.229015258550646
45.86199903488159,47.74070520877838
45.59299800634384,51.60811208248138
43.06599947690964,48.067153893709175
35.82600088596344,40.70897157430649
31.5459995174408,28.582311300039294
13.588999826312063,13.690759448707103
4.736999744772911,5.945319456160069
0.0,2.4256832077354193
0.0,1.0186122681386767
0.0,0.4090963970776647
0.0,0.2954644239880144
0.0,0.3145246959943324
0.0,0.3476450960594229
0.0,0.34405818568775426
0.0,0.357061818074435
0.0,0.3290178880468011
0.0,0.2797664466034621
0.0,0.3252140848524868
0.0,0.3668229904933833
0.0,0.5406031931005418
0.0320000002440065,0.9570829441025853
2.761000062674284,3.4966839645802974
12.521000056862832,9.68560369759798
20.376999418735505,16.805124782323837
23.72200007557869,24.267992099523546
26.420000327825548,28.05800002038479
15.840999717116356,29.983940454721452
17.371999580860138,30.778271535038947
25.712000942230222,26.42372829437256
11.191000236272812,14.052616626918315
1.2999999597668648,7.51337587222457
0.0,3.756684470027685
0.0,1.497612739652395
0.0,0.6238425947725773
0.0,0.5022941486444324
0.0,0.439450071323663
0.0,0.35068219438893716
0.0,0.386676730287727
0.0,0.3855237322300672
0.0,0.3659944315813482
0.0,0.3205423804931342
0.0,0.3670821242313832
0.0,0.4887841532099992
0.0,0.6863221876230091
0.1830000079143792,1.3335982582718136
8.853999627232552,5.636992488503457
21.523000982999804,15.13544610351324
26.257000895738603,25.567174063324927
32.35599935412407,34.94145096123219
39.42300181150436,37.23093796908856
39.63500089645386,35.12591136217117
27.060999014377597,32.06293907701969
19.04500005245209,25.111578552722932
5.807000086903572,12.741201695203781
0.9749999698251486,6.089238477647305
0.0,2.690001235045493
0.0,1.0739687843434513
0.0,0.48575511620379985
0.0,0.37328811661340294
0.0,0.3362944758171216
0.0,0.3460112877143547
0.0,0.3507971517462283
0.0,0.3044380207359791
0.0,0.2748770849686116
0.0,0.24498146343044935
0.0,0.31150780633091923
0.0,0.4032274332828819
0.0,0.6342912833113223
0.3509999891370535,1.6490939233079551
8.605999990403653,7.39906414538622
22.414999651908875,21.964427139759067
34.86600123167038,36.38117007493973
42.930999846458434,48.31960603713989
44.66799810409546,52.80901437282562
44.96699950695038,52.56585647106171
38.42700006484986,50.47406465888024
31.8230007827282,42.37314405679703
17.321999641656877,22.157630289793016
3.6419999465346335,10.549887554049493
0.0,4.439940761402249
0.0,1.8786572635918857
0.0,0.52459857955575
0.0,0.34285730746341864
0.0,0.3367441923520528
0.0,0.3451511612604372
0.0,0.32392463719472286
0.0,0.2939785006828606
0.0,0.2745407865056768
0.0,0.2447428331337869
0.0,0.30458415792323645
0.0,0.3722325173392892
0.0,0.5754613425489515
0.3180000074394047,1.3861604684218765
8.461000064015389,6.6446117804944524
17.9070007789135,19.230553168654446
29.33099995136261,33.128572666049
43.41199995994568,45.980944788455965
46.32899924755097,51.33225077390671
44.99200050354004,51.31042727828026
40.26399820089341,48.872992374897
30.85899998307228,40.36290536403656
16.89499958574772,20.306262537240983
3.337999936193228,9.623393384218216
0.0,4.069756892621518
0.0,1.6953677573800088
0.0,0.48311986492015424
0.0,0.32332705853506916
0.0,0.3290053234901279
0.0,0.3244545148778707
0.0,0.32169605712406335
0.0,0.3738238352909684
0.0,0.3948574808426201
0.0,0.3479015662521124
0.0,0.36069687429815533
0.0,0.3996957798372023
0.0,0.5911135774478317
0.0,0.9015265182591975
1.9090000100433824,3.1874416938424117
9.18499992311001,9.176730615496634
11.019000281095504,15.176807019412518
8.470000073611736,20.442273237407207
15.739000293016431,21.4252594512701
13.355999863147735,21.43202524840832
22.912000238895416,20.392659959197047
15.90499955713749,16.96419803917408
6.21499983727932,9.067252921313047
1.7419999460875988,4.928857668861747
0.0,2.5600179918110375
0.0,1.1515184155851603
0.0,0.5834464378468692
0.0,0.5095554996002465
0.0,0.4862195073533803
0.0,0.4231106493389234
0.0,0.44140944469487287
0.0,0.2927920406684279
0.0,0.2812332984199747
0.0,0.25452141198329625
0.0,0.3147191016189754
0.0,0.3906404112465679
0.0,0.596556020276621
0.1949999939650297,1.5640455785021188
7.826000014543533,7.253254182189703
21.17199906826019,21.502765210866926
33.413000081777575,36.055974315404896
41.90300126075745,48.66125003695488
45.82400047779083,53.33961595416069
44.587999844551085,52.731166626214986
39.61099813222885,49.996712406873705
29.2569993019104,41.66434978246689
15.420999611616136,20.829165816307068
2.9379999090731146,9.565869730710984
0.0,4.034920303300023
0.0,1.7532816663384438
0.0,0.48397411035373805
0.0,0.3515561673417687
0.0,0.3512392801116221
0.0,0.3532080134004354
0.0,0.33083454963751135
0.0,0.32597248341888185
0.0,0.3318755624722689
0.0,0.3162501161172986
0.0,0.3358373453095555
0.0,0.411094045380596
0.0,0.5286125905928202
0.0,1.0335685515590012
3.633999966531992,4.07596837297082
14.566999499797822,11.768511036336424
13.443000127077102,21.168095486760137
29.79699987769127,28.520646830797197
33.630000598430634,32.168276212215424
23.16300022125244,31.219881522655488
16.08600003540516,28.17671059370041
10.001000450849531,20.34217528164387
6.320000120401383,9.112135122418405
1.0220000128075482,4.425900936424732
0.0,2.0043954518064857
0.0,0.7695083945244551
0.0,0.3984058368112892
0.0,0.37831800407730043
0.0,0.3780931180343031
0.0,0.31037338572554285
0.0,0.3350053887255489
0.0,0.3841697117080911
0.0,0.3671751789748669
0.0,0.3005150869302451
0.0,0.33429563416633756
0.0,0.35402045621303835
0.0,0.473615074660629
0.0,0.7388028003647924
0.457000013012439,2.5022786708176135
1.8249999632686376,7.180160876661539
2.980999897867441,11.583774889111517
10.048999817371367,15.774028287231921
8.115000094473363,18.12077501267195
14.2570000821352,20.13508109152317
25.482999043464662,21.210980452895164
21.150000984668733,18.807628201246263
9.814999567866325,9.858068364858628
0.4870000022090971,5.347002905607224
0.0,3.321423065662384
0.0,1.3687370388209819
0.0,0.6833828355558217
0.0,0.5583234543353319
0.0,0.5064818688482047
0.0,0.47482667983509597
0.0,0.4370759931695647
0.0,0.3325444044731557
0.0,0.26853065999690445
0.0,0.23671235640067606
0.0,0.3014864731859416
0.0,0.39460953742032867
0.0,0.6006006948160939
0.2280000077560544,1.5842755738273264
7.079000245034695,7.518807868659496
20.53000009536743,21.93591897904873
34.300999659299855,38.0550455403328
43.41199995994568,50.06154205322266
47.59900140047073,54.21969950795174
46.25499859809876,52.59759450912476
40.79099916219712,49.31962125301361
28.409000908136367,40.2079493021965
13.297999687194825,20.5854348552227
2.5069999915361403,9.556294607818126
0.0,3.500345690399409
0.0,1.4230270279571413
0.0,0.43932676857337355
0.0,0.3102655198890716
0.0,0.3129846414783969
0.0,0.3119458809122443
0.0,0.30744744868949053
0.0,0.3771737389871851
0.0,0.3779932141304016
0.0,0.3481282417662442
0.0,0.3936416316591203
0.0,0.5022406814643181
0.0,0.7543506449367852
0.024999999689171,1.6729927049949764
3.7670000512897968,7.263550507426262
18.701000142097477,20.54730484366417
33.318999867439274,35.90300034046173
42.226001319885256,45.28205889463425
46.577998657226566,48.503293116092685
40.19099989175797,44.7534681558609
39.86099988222122,36.852500069141385
24.795999509096145,24.916752761602403
8.199000012874604,11.40607771784067
1.6509999489039182,4.721534332036972
0.0,1.7776233366131782
0.0,0.7698622881807387
0.0,0.3854265374410897
0.0,0.27522334040142593
0.0,0.2972663386724889
0.0,0.3265869567519985
0.0,0.3191065760306082
0.0,0.3135099194943905
0.0,0.26733498918358234
0.0,0.23892837993800636
0.0,0.30389597966335713
0.0,0.40942948868731033
0.0,0.6399828538042494
0.1199999969033524,1.5967290232330562
6.752000067532062,7.8806303860247136
20.19899979948997,23.0993136125803
34.037000062465665,38.52462349295617
43.05800129413605,50.358144412040716
47.11699894666672,54.547485331296926
45.4540013384819,53.638783729076394
39.23599961519241,50.78447384476662
30.635999802351,41.57042556524277
15.634000009894372,21.058342303037644
2.726000053882599,9.761084750294684
0.0,3.7800168678164483
0.0,1.5964942922815681
0.0,0.44520818459801376
0.0,0.3093930293712765
0.0,0.3172324622608721
0.0,0.3113861724361777
0.0,0.30711184825748206
0.0,0.3297635776363313
0.0,0.2820312600955367
0.0,0.25185581641271704
0.0,0.3124387870263309
0.0,0.40931735900929195
0.0,0.6305054316204042
0.1270000034756958,1.549245397262275
6.845999768376351,7.767812413275243
19.77399928927421,22.279761760234834
33.41199979543686,38.188475933074955
42.17300052165985,50.14707783222199
46.16599981546402,54.280230182409284
44.1769992351532,52.669791767597204
36.79799986839294,49.34307765960694
28.989000613689424,39.19066014766693
14.35000001013279,19.5100263941288
2.7860000322759157,9.063544210791587
0.0,3.4665656150132422
0.0,1.4706636109575628
0.0,0.4238887314870953
0.0,0.31160376552492375
0.0,0.31906605310738084
0.0,0.3135393972601741
0.0,0.3095367916487157
0.0,0.3114094722270966
0.0,0.2809126454778016
0.0,0.2532580482168123
0.0,0.3136641281656921
0.0,0.4075621650344692
0.0,0.6252243919530883
0.1140000038780272,1.5706762625277042
6.634999942779541,7.691687182337046
19.900000450611117,22.277814590930937
33.612999838590625,37.970399132966996
42.23899888038636,49.50419770359993
46.45499835491181,53.454655045270925
44.95200137376786,52.21913915038109
39.575998380184174,49.12795653104783
30.11999993681908,39.41318380594254
15.28799952685833,19.31329451322556
2.641000105887652,8.88779574930668
0.0,3.5105607552081346
0.0,1.49494545917958
0.0,0.436870004599914
0.0,0.323357306541875
0.0,0.32418536378070717
0.0,0.3252759448345751
0.0,0.3125677703041584
0.0,0.327389020845294
0.0,0.27649471948854626
0.0,0.2476418839441612
0.0,0.3073861984815448
0.0,0.4069600913440808
0.0,0.6102713080821558
0.0890000021830201,1.578620785176754
5.958999963700771,7.388396820724011
19.85499988913536,22.0664132130146
33.300000588893894,38.045911508798596
41.6710005569458,49.282419638633726
45.86399960756302,53.6912381696701
44.462000737190245,51.49022618055344
38.945000503063206,47.84180191040039
29.270999202728277,38.26468255281448
11.990000004172323,18.62943550825119
2.266000048369169,8.518478786796333
0.0,3.022879185974598
0.0,1.2808930400386451
0.0,0.41426757064647973
0.0,0.3122704251762479
0.0,0.31604922265280033
0.0,0.31373638640157875
0.0,0.3087596826441586
0.0,0.3504061012156307
0.0,0.3050573907978833
0.0,0.2621492051053792
0.0,0.329849282996729
0.0,0.4324871748499572
0.0,0.6470017525181173
0.0129999995976686,1.5975797544419765
6.23699997484684,7.493481830358506
19.271999324560166,21.642055597305298
32.10800023078919,37.562695155143736
36.62399934053421,47.64349052190781
36.15199975013733,51.84203530788422
41.00899996519089,48.9311589229107
26.18500081896782,43.9698249399662
23.86499994277954,33.73539524495602
9.387999511957169,16.34398148238659
0.5200000160001218,7.1716992655396465
0.0,2.5373541632294656
0.0,1.0665741495974363
0.0,0.40093992977403103
0.0,0.3039965763501823
0.0,0.31260822971351443
0.0,0.31516812004148953
0.0,0.30926244142465287
0.0,0.45563129260437557
0.0,0.46012222309829665
0.0,0.41858381890226154
0.0,0.4255434980429709
0.0,0.4658626629598439
0.0,0.5889041089825333
0.0,0.8271022041514515
0.3670000133290887,3.05231843970716
4.717000179886818,9.15012032866478
12.607000034451485,16.170759924948214
10.657000351548197,20.113209327459337
10.371999876499176,19.46159928709269
7.19300002425909,17.68266654074192
10.037000489234924,14.999391756355763
7.145999917089939,11.450603810846806
2.003999997228384,6.22894222676754
0.0510000008903443,3.448438249304891
0.0,1.6429794933274389
0.0,0.6566902934014798
0.0,0.46146760350093247
0.0,0.457494732402265
0.0,0.4560207959730178
0.0,0.487672920068726
0.0,0.49039456672035164
0.0,0.40606085976585743
0.0,0.41744319348130376
0.0,0.3539676957018673
0.0,0.35152753278380255
0.0,0.3703198205120861
0.0,0.472077898234129
0.0,0.6858949766494333
0.0190000006463378,2.341392009854317
0.662999979481101,7.224247932285071
6.5390001827478414,12.375241699814797
14.563000408411026,15.885981279313565
16.256999704241753,16.09853185683489
12.478000068068503,15.976294093132019
9.897999713420868,15.100600913167002
7.794000094532967,13.299257234036922
3.101000111401081,7.327849714457988
0.3320000045374036,4.005844603329897
0.0,2.2108808947727088
0.0,0.912362621985376
0.0,0.5713210629764944
0.0,0.5266087642032653
0.0,0.5058883339539171
0.0,0.5130302654579282
0.0,0.491530993161723
0.0,0.41366371911484745
0.0,0.3770098089054227
0.0,0.3014264104329049
0.0,0.33419856125488867
0.0,0.39977898531826206
0.0,0.5871875145379454
0.0,1.053012836854905
3.3099998778104784,4.36991673797369
11.808999525904657,11.938658818602562
26.416999468803407,20.565943649411203
34.300999659299855,28.71627059161663
26.41599918246269,31.697886939048765
19.73999982357025,32.67619470894337
21.65100066304207,31.086361781954764
18.25900092601776,25.72433506846428
10.266999593377111,13.68102514266968
1.9759999388456344,7.115521993339062
0.0,3.4620724140107635
0.0,1.342517649307847
0.0,0.5926564344018699
0.0,0.4963912621513009
0.0,0.3918777392618358
0.0,0.3449153952533379
0.0,0.40416390775004396
0.0,0.39806726538576187
0.0,0.366845836751163
0.0,0.30249654800631104
0.0,0.33193742245435714
0.0,0.39562685295939437
0.0,0.5528251369390637
0.0,1.0697979613021016
2.4480000427365303,4.2472272279113525
12.048000180125236,12.35301665186882
13.810000461339952,20.67360588550568
38.13800152540207,28.94959405601025
37.0029990029335,31.77490077137947
31.41400074601173,32.123678230047226
27.678999330997467,30.804818148612977
24.347000342607497,23.92553472518921
14.240999608635905,12.221947818100453
1.975000037625432,6.344719722270966
0.0,3.2757744747400284
0.0,1.2682892010733486
0.0,0.5503416231367737
0.0,0.452870879266411
0.0,0.3792996391840279
0.0,0.35672342376783484
0.0,0.3890798321133479
0.0,0.28137718104757364
0.0,0.272708030086942
0.0,0.25330695049837226
0.0,0.29881291845813396
0.0,0.4010852204170078
0.0,0.5977676548878662
0.0320000002440065,1.482849658355117
6.0159998533129695,7.219065493941307
18.625000973939898,21.640921802520754
31.473999440670013,37.935015287399295
40.2140003156662,49.54606389760971
44.53499904632569,54.1664152610302
43.23700119972229,52.23956183433533
36.98100091934205,48.60980409860611
28.3630000603199,37.79903385639191
14.040999851822852,17.05152488529682
2.078000004813075,7.500489996671677
0.0,3.2190045020729308
0.0,1.4549437619373204
0.0,0.4230457187350839
0.0,0.31109468434937293
0.0,0.3163868499454111
0.0,0.31233183585107327
0.0,0.2993279208615422
0.0,0.3978484436962753
0.0,0.4165298638469539
0.0,0.3661013667099178
0.0,0.358967511835508
0.0,0.3765196749474853
0.0,0.4797566556371748
0.0,0.69473086072132
1.0449999874085187,2.324830287396908
5.423999792635441,7.487816964387894
4.033999993652105,12.64995637625456
4.557999839186668,15.96232910990715
8.03499978095293,15.645943880677223
7.821999896168709,15.255820397436619
11.52500036418438,14.124910422265529
18.59600088596344,11.692336253225804
5.6980001989007,6.262651568353176
0.6430000294744969,3.3660153993964195
0.0,1.7284769528359176
0.0,0.7179438711516559
0.0,0.4808231987524778
0.0,0.46064360607415433
0.0,0.44798143739812074
0.0,0.4600637108646334
0.0,0.45135833450593055
0.0,0.3519548633508384
0.0,0.3683738986589014
0.0,0.3295449896529317
0.0,0.35524953722953795
0.0,0.3912511160969734
0.0,0.5034794693440199
0.0,0.8959823875688018
1.8920000204443927,3.443718854188919
8.350999889671803,9.74746688902378
5.732000178098679,17.027619684934617
18.31899962067604,23.02831382215023
20.18299932599068,24.124655380249024
23.462999856472017,23.498924924731256
16.920999841690065,21.900500215888023
16.723999916911126,17.48315306276083
7.769000124931336,8.299807103872299
0.9500000002235176,4.220288946777583
0.0,2.1277849825844166
0.0,0.8001332738436759
0.0,0.44175455222837623
0.0,0.3991652784124017
0.0,0.3925619539897889
0.0,0.3885346043854952
0.0,0.3892559892963618
0.0,0.3238917414844036
0.0,0.3037641240283847
0.0,0.2789547409396619
0.0,0.323119318112731
0.0,0.44088524884311486
0.0,0.6291758725582622
0.0,1.4569895220920444
2.771000101864338,6.517720477283001
13.609999677538871,19.435783375501632
26.60700047016144,33.9452653837204
30.594000099897382,43.873877556324
38.51500061511994,48.096618180274966
36.519998316764834,45.48789194345474
28.87099968910217,41.515935634374614
23.266000958681108,30.967954170107845
11.282999877929688,14.561644784212112
2.2130000203847886,6.597097922563553
0.0,2.5946330084651708
0.0,1.0827287033945323
0.0,0.41774845029227436
0.0,0.32277736319229006
0.0,0.3327911223005503
0.0,0.33334320859983557
0.0,0.3283567003160715
0.0,0.2909982135146856
0.0,0.2821795475389808
0.0,0.2609423738205805
0.0,0.30664249868132176
0.0,0.4293657953455112
0.0,0.6334867722378112
0.0,1.446376820355654
3.9899999752640727,6.93099073022604
15.97099996984005,21.352384380698204
29.390000413656235,36.325950982570646
38.17300127744675,48.05484236121178
42.24599883079529,52.871798259019855
37.5730020070076,50.791537468433376
35.231000993251804,46.34226793289184
27.267000489234924,35.05556679010391
10.251000146865843,15.432003788352013
1.1739999537914991,6.846344322860241
0.0,3.030452324077487
0.0,1.405116998590529
0.0,0.4148426358029247
0.0,0.30431396379135545
0.0,0.30847777443006635
0.0,0.3095410119276494
0.0,0.3023475705552846
0.0,0.2683591850893572
0.0,0.2655505974823609
0.0,0.24441585779655722
0.0,0.30925883091986184
0.0,0.3960464441403746
0.0,0.5777993911644443
0.0129999995976686,1.454638618119061
5.183000106215477,6.628130933344364
17.422999806404114,20.542914469838145
29.385999268293386,34.6985415905714
37.91300077199936,46.57124312996864
41.9360004401207,50.73582747578621
40.57200012683869,49.53312795639039
34.84100023508072,46.35095625162124
26.594999088048937,36.23705900669098
13.204999759197236,16.309365823864937
1.7989999640733003,7.273961598575116
0.0,3.1996556624770163
0.0,1.4922241976484658
0.0,0.4437275566998869
0.0,0.32253218584693966
0.0,0.3225503506977111
0.0,0.32958425589837137
0.0,0.31011554754339155
0.0,0.3281426695920527
0.0,0.3537004541605711
0.0,0.3315587848052382
0.0,0.34745278852991757
0.0,0.40259669554885474
0.0,0.5033971058577299
0.0,0.9332394593022764
1.7129999864846468,3.480086811035872
7.966999822556973,10.370852217376232
15.933999645113946,18.188929532766345
17.003999987244608,24.119835725426668
17.593999475240707,24.39625674247742
15.388000432252884,22.469730924963955
15.12099997639656,20.193612220287324
2.9369998794794085,15.262694028317927
0.3170000099390745,6.5879320544004445
0.0,3.3428729943931104
0.0,1.7347478059306742
0.0,0.6546538403257728
0.0,0.3768248708266765
0.0,0.3717761984048411
0.0,0.35798402685904873
0.0,0.3822945542493834
0.0,0.36819342200877136
0.0,0.3528908666595817
0.0,0.3877638498693704
0.0,0.3518423439748585
0.0,0.3574636542564258
0.0,0.36801597204059366
0.0,0.4511263475380838
0.0,0.6638687150739133
0.0,2.0895990001782776
0.2810000036470592,6.6476529487967495
1.6259999793022872,11.17094572752714
9.288999919891358,14.002594093978406
7.6330002081394195,13.443494621813297
1.2139999821782113,12.73778901398182
1.0330000174045564,11.910126523673533
0.6470000194758176,10.085069690942763
4.01000005364418,5.481754004955292
2.407000113129616,2.9065779265761376
0.0,1.6111732889339327
0.0,0.6965459176432341
0.0,0.4847275986336172
0.0,0.4645329702086747
0.0,0.4492050775885582
0.0,0.46037455125711857
0.0,0.44711095271632073
0.0,0.3677522499673069
0.0,0.3365056898631156
0.0,0.2776129650324583
0.0,0.3174295637290925
0.0,0.3754110934305936
0.0,0.5087094861175865
0.0,1.021479554530233
2.062000044807792,4.342503346502781
10.41700043797493,13.05320938795805
9.419000172615052,21.853809232115744
20.62699911475181,30.694109866023062
14.340000227689744,34.520103447437286
19.309999935626983,35.036105366945264
34.319000705480576,33.9168280851841
27.579999738931654,26.386469168663027
13.422000275850296,13.43506459057331
1.8389999924600124,6.522256683409214
0.0,3.3642510339617733
0.0,1.2313133956864477
0.0,0.5046660416852683
0.0,0.41072406077757473
0.0,0.3655600156448781
0.0,0.3280335681606084
0.0,0.3426378674805164
0.0,0.3085393215017393
0.0,0.3008882205653935
0.0,0.27200620411895216
0.0,0.2967928009107709
0.0,0.3996630497882142
0.0,0.5399809803790413
0.0,1.1295770730823278
1.3469999385625124,4.921711244285107
6.78399998754263,14.751742322444917
18.31899962067604,26.47722718179226
23.05199924707413,37.273174905776976
30.039999623298645,42.399899148941046
30.78499933362007,40.0101596236229
24.480999686717983,35.278299953937534
15.10700007557869,25.855066536664964
8.515999894440174,11.613106694221496
1.2869999601691962,5.607864540517331
0.0,2.248481301441789
0.0,0.8569965098612011
0.0,0.3704208302218467
0.0,0.35789800587343046
0.0,0.28160077559761704
0.0,0.2762393204029649
0.0,0.2943519712984562
0.0,0.2837360120844096
0.0,0.2831896063126624
0.0,0.2611348939593881
0.0,0.2999862201884389
0.0,0.4038881580531597
0.0,0.5426610158057883
0.0,1.1068207192979753
1.5070000521093607,4.708674131184816
6.838000045120716,14.407852299809457
9.954999603033066,26.30162044465542
22.152000341415405,36.97925914764404
31.60000060200691,42.6917219054699
36.53900170326233,39.88644453763962
27.70899970531464,35.00316986083985
13.396000019907952,25.20577594876289
9.85499972462654,10.299515061378479
0.8259999892488122,4.781343033909797
0.0,2.1540472488477826
0.0,0.8866163530200721
0.0,0.3687531114066951
0.0,0.32861096008680757
0.0,0.27894662933889774
0.0,0.2623959149094298
0.0,0.2761172211542725
0.0,0.3169421134889126
0.0,0.3453587759844959
0.0,0.3277755213715136
0.0,0.3654029053589329
0.0,0.4097444664966315
0.0,0.5322335455473512
0.0,0.9698300158046185
1.2070000317692755,3.998961472809315
5.863000203669071,12.366825019419192
16.413000212907793,23.036791608333587
22.31700034618378,30.002237273454668
14.340999487042428,31.016175366044045
10.711000409126282,26.589032287597657
9.864000247716904,21.605552334785457
2.423000073134899,14.320856657326221
1.5500000409036876,6.7786283266544345
0.1219999999273568,3.2658892014622687
0.0,1.3618883765861391
0.0,0.53462870628573
0.0,0.3771523100510239
0.0,0.3907328589307144
0.0,0.37522129963850603
0.0,0.3634315694449469
0.0,0.3745391943235882
0.0,0.3555236467532813
0.0,0.3837622231058776
0.0,0.3427112008444965
0.0,0.3535256451996974
0.0,0.3734485529665835
0.0,0.47013902506791055
0.0,0.7346850276738406
0.0129999995976686,2.4556621436774733
1.040999997407198,7.564504984766245
4.160999900847673,13.084996721446515
6.851000173091888,17.305871821641922
8.975000383853912,18.14365476548672
13.953000328540805,17.38977623015642
13.251999866366386,16.37337131232023
14.979999654889108,13.715313192009926
5.477999850213528,6.788532342463732
0.1259999979520216,3.5856444919109345
0.0,2.166345879808069
0.0,0.8655325134284795
0.0,0.5050058944895863
0.0,0.4536376060638577
0.0,0.4360105921328068
0.0,0.4332642014883459
0.0,0.41263307105749847
0.0,0.3601743620447815
0.0,0.3754909577965736
0.0,0.3328721741214395
0.0,0.35621681091375645
0.0,0.3963606382906437
0.0,0.5143143856152892
0.0,0.920406794566661
0.5319999860040844,3.472535368055105
5.9950000020861625,9.89961516559124
14.033999901413916,17.153571037352087
12.10099995136261,23.00121982395649
10.976000292301178,23.943438207507135
19.57100072741509,23.240524466633797
13.007999834418298,20.99937573134899
8.587999971210957,17.000622223615647
3.648000124096871,8.390362800359727
0.1730000008177012,4.281885121315717
0.0,2.0890870466455818
0.0,0.7899779669009149
0.0,0.4524482255522162
0.0,0.41274347227066754
0.0,0.40461409177631136
0.0,0.3968351821764372
0.0,0.39208775831386444
0.0,0.3140416264999658
0.0,0.3063502403534949
0.0,0.28830140713602304
0.0,0.3330738328490406
0.0,0.44903779911575836
0.0,0.6431792346877045
0.0,1.4450052778422833
4.100999922454357,6.549557106196881
16.047000164985658,19.85811987876892
27.531000086069103,35.76745229840279
36.00399845123291,46.34344280719757
39.67000064849854,50.24101437330246
33.71000091195106,47.43264577150345
25.55200031518936,41.5711896443367
19.930000824928285,29.89248922467232
8.33499992966652,12.518907055258753
1.0879999762028456,5.470963441729546
0.0,2.3035117489472032
0.0,1.0044909580796957
0.0,0.39066330987028774
0.0,0.2842564703617245
0.0,0.2977815817762166
0.0,0.3076621373277157
0.0,0.30013312761671834
0.0,0.30554078122600914
0.0,0.3071533289458603
0.0,0.2992776305414736
0.0,0.36331708983518185
0.0,0.4623482147301547
0.0,0.6448489178693854
0.0,1.3511974632926287
4.106000070422888,6.200344718098641
15.754999739527705,18.195880187749864
27.934000458717342,33.44162429213524
34.913000311851505,43.49433564424515
27.505000857114798,46.98334672451019
32.05900057792664,43.33572350502014
22.66300082921982,36.787808039188384
6.3389999124407765,24.853059991002084
0.8660000176355243,9.761395927667618
0.0629999989760108,4.180758893787861
0.0,1.6025218775868417
0.0,0.7094057173281909
0.0,0.3577356131165288
0.0,0.2692541570169851
0.0,0.27983913809992367
0.0,0.2899150139372796
0.0,0.28489151803776624
0.0,0.2656057659955695
0.0,0.2656258805189281
0.0,0.24649648740421978
0.0,0.2991093649715185
0.0,0.4019145169877447
0.0,0.5742418262804858
0.0,1.3665810058265924
4.282999916821718,6.446296540796757
15.481000360250473,19.63607890486717
27.698000663518908,34.20944881141186
36.35300184726715,46.54928201794624
41.03699976682663,51.144106566905975
39.77099875926972,49.01235875844956
34.87399941444397,44.96912742614746
26.41500095009804,34.27532701253891
12.934000211954118,14.878033094406128
1.6519999784976245,6.482643701136112
0.0,2.9621730249375102
0.0,1.315170241817832
0.0,0.4051949497871101
0.0,0.29941170061938466
0.0,0.3053855937067419
0.0,0.30006399848498405
0.0,0.2967280525248498
0.0,0.4157937608216889
0.0,0.4209969755029306
0.0,0.38649965045507995
0.0,0.4042067305557429
0.0,0.47467319326475266
0.0,0.6129545158240944
0.0,1.0756217215768993
1.3789999869465828,3.951191252991557
9.017000086307526,11.746692162156105
26.932999334335328,21.568368179202082
34.66800204753876,28.320690207481384
22.55799951910973,29.429034174680712
1.6679999385029078,24.776112912893296
1.8630000608414408,18.825199966430667
0.6290000002831221,12.006874444484708
0.4109999996237456,5.811591750383377
2.5989998899400235,2.996066967621446
0.0,1.2973666982725263
0.0,0.4985506809968501
0.0,0.41141037827124816
0.0,0.4341404332988895
0.0,0.40977875845506784
0.0,0.3730612288578413
0.0,0.4258292895555496
0.0,0.3010744423791766
0.0,0.2660119959246367
0.0,0.24209078096784648
0.0,0.284881825838238
0.0,0.3942237008549273
0.0,0.5641321618412621
0.0,1.2803757269121707
2.492000061124563,5.920963408052922
9.588000295758247,17.97809813320637
21.41599910020828,32.13838675260544
35.87700111150742,44.24331390619278
39.46800031900406,49.35246022224426
39.16100073337555,47.41407988190652
26.55800081729889,42.81102710485459
23.853000614643097,32.079041222333906
9.846000228524208,14.081330698728562
1.2689999409765005,6.419017171263695
0.0,3.0095043357461693
0.0,1.2089158137515188
0.0,0.4043954556528479
0.0,0.2918464093469083
0.0,0.2904895976930857
0.0,0.2854817794077098
0.0,0.2828288767673075
0.0,0.30813312366604806
0.0,0.2763334984146058
0.0,0.2489600952900946
0.0,0.29288015303201975
0.0,0.4097944227675907
0.0,0.5923380881058984
0.0,1.3749279794096947
3.6949999745190154,6.41647948384285
15.148999778032303,19.674522147774695
28.1710005402565,35.03743326246739
37.89799853086472,46.56097324967385
42.393001897335054,50.96736192703247
40.67100177288056,48.84849871039391
35.405001521110535,43.801396849155424
27.685999281406403,32.76670008301735
13.110999544858933,14.490880174040797
1.7599999652802945,6.47447093039751
0.0,2.9294779624044898
0.0,1.18691676735878
0.0,0.3872959444951266
0.0,0.28741445855237535
0.0,0.2937755582202225
0.0,0.2887990791164339
0.0,0.2851669433899223
0.0,0.31169073055032637
0.0,0.30669351110234855
0.0,0.2879414478316903
0.0,0.346398344617337
0.0,0.4343155827955343
0.0,0.604318322900217
0.0,1.2516615909151734
0.7129999828711152,5.6352774184942245
9.907999495863915,17.25609165787697
24.617999889850616,31.263312846422195
27.84700019478798,40.78268877506257
39.77099875926972,43.93587476968765
35.04399879693985,40.7473727107048
19.120999220609665,35.30395411491394
3.7510000912845136,23.664634578228
2.131000032797456,10.545835572779179
0.1009999962570145,4.448736913874746
0.0,1.6752013069391252
0.0,0.6449194059148431
0.0,0.34921445758081965
0.0,0.31034222305752335
0.0,0.27288837881293143
0.0,0.2726753429835662
0.0,0.2926390515454113
0.0,0.32293102627620096
0.0,0.299585967650637
0.0,0.27369595245458184
0.0,0.3210772807896137
0.0,0.43026923302793874
0.0,0.6181966885668226
0.0,1.365484182611108
3.2269999890029437,6.5239152690768245
14.129000402092936,19.90143823385239
23.977999435663225,34.948362590670584
32.89000026583672,46.57522578954697
30.96900067090988,50.61145306348801
33.57699980020523,48.31955674171448
24.263999170064928,42.749896669387816
16.643999603390693,31.483244386911394
12.021999924182891,14.007684360146524
1.549000011309981,6.253309571743012
0.0,2.820564469769597
0.0,1.1794680231809616
0.0,0.3867140113562345
0.0,0.29272637762129305
0.0,0.2993598377238959
0.0,0.29387374790385357
0.0,0.2906762848608196
0.0,0.32931738343089817
0.0,0.32217736148275433
0.0,0.31741220121271907
0.0,0.3763732929737307
0.0,0.4655795807950198
0.0,0.6502726330864242
0.0,1.3948516755551101
4.063000081628561,6.5157376201450825
15.614000445008278,19.27773299872875
25.281999000310897,34.84149318933487
26.422000900506973,44.47339208841324
34.28900033116341,47.66156140327454
31.05300007581711,44.07683093070984
21.42700019598007,37.59164389371872
13.362999813556671,25.78966588497162
5.474000245332718,10.54385091841221
0.3859999979287386,4.534437139332295
0.0,1.705144362486899
0.0,0.7287819967605174
0.0,0.35720394007628786
0.0,0.26683604951482265
0.0,0.28165620085783305
0.0,0.2938436443172395
0.0,0.28815934580750757
0.0,0.3215068024862558
0.0,0.2890178917534649
0.0,0.24868522354867306
0.0,0.2972770418133587
0.0,0.40947447590064256
0.0,0.5843492139666342
0.0,1.3529637864232062
3.821999881714583,6.315098306536675
15.369000126719476,19.97454437673092
27.820000679492956,34.977776554822924
36.93500007152557,46.74463773488999
42.05900074243546,51.207915387153626
41.19999919891357,48.93909343242645
35.863001210689546,43.51012250423432
27.578999452590946,32.311058357954025
13.414000039100648,14.578112537264824
1.7999999936670066,6.567570989727974
0.0,2.9522962243109943
0.0,1.1869349963963032
0.0,0.38576834794133896
0.0,0.2894339823722839
0.0,0.29195457204710695
0.0,0.2863517024554312
0.0,0.2831544640660286
0.0,0.32021393688395616
0.0,0.3125694070663303
0.0,0.29407011122442783
0.0,0.3287432008422911
0.0,0.41368270437233146
0.0,0.5465124720265158
0.0,1.0858796631358565
1.302000018954277,4.501814351081848
5.405999773442745,13.64248176842928
19.793000621795656,24.447661601305008
19.185999346971517,33.11326232850552
34.449999190568924,37.05221021533012
25.832000385522843,35.539434254169464
31.13799976706505,31.10763173103333
15.39800021469593,22.502468222379687
6.6500001299381255,9.832164645791051
0.5039999918080866,4.679994720220566
0.0,2.1395022099465133
0.0,0.8281843927875161
0.0,0.36390053136274214
0.0,0.35653567719040435
0.0,0.3240694746002555
0.0,0.28314353627152733
0.0,0.32566586330533026
0.0,0.3685665551945567
0.0,0.3661176220048219
0.0,0.34324578020721674
0.0,0.3477604516781866
0.0,0.41165997812990096
0.0,0.5206273219035938
0.0,0.9590627844631672
1.4580000141263008,3.766932270079851
11.675000181794166,11.287857017815114
12.6080003207922,20.337731504440306
13.658000071048736,27.062576467990873
23.28399995088577,28.652368315458297
21.250999095439912,27.009496591687203
19.868999789953232,24.386640026569367
10.062000458836556,17.92319021821022
5.977999755740166,8.18175328940153
0.6409999702870846,4.151558029651642
0.0,2.0660623601451515
0.0,0.7645970168337226
0.0,0.40800371390767387
0.0,0.38649612637236713
0.0,0.3795755900465883
0.0,0.3527729235030711
0.0,0.37473191668046635
0.0,0.35646112635731697
0.0,0.35019446144811806
0.0,0.307322541270405
0.0,0.3231632860377431
0.0,0.3830224707908928
0.0,0.49776926250196996
0.0,0.9321310182847082
2.459999884366989,3.806575676873326
9.470999657511712,11.412790625095367
11.012999590039254,20.53835464298725
26.657000409364706,27.738157949447633
36.52199888944626,30.57406523525715
28.10000074982643,29.029713500142094
17.326999019384385,26.288159712553025
7.744000155329704,19.566108156442642
11.404999893903732,9.274327341914177
1.8379999628663064,4.676154555231333
0.0,2.0607197116687894
0.0,0.7732403085567057
0.0,0.4226013057120145
0.0,0.3998878167313523
0.0,0.3923244319902732
0.0,0.33123380728065965
0.0,0.38502420237055046
0.0,0.33081832643598313
0.0,0.31929054627194997
0.0,0.3029215124435723
0.0,0.3486151945590973
0.0,0.44228935034945605
0.0,0.6067554131476208
0.0,1.2646184891089796
3.5479999889433387,5.67374787658453
14.997999674081802,17.511888701319695
27.56800041079521,31.699130621552467
30.483999412059784,41.27518293857575
36.6639984703064,44.21090627193451
31.10799939274788,40.66929697275162
18.640999393463137,34.67801312685013
15.635000296235084,24.281977622509004
8.128000222444534,10.264721733927727
2.2899999883770943,4.701200482547283
0.0,1.9739858869463205
0.0,0.792565366961062
0.0,0.36559095365926625
0.0,0.3074933582637459
0.0,0.30175276797264816
0.0,0.30054607308469716
0.0,0.29655153895728287
0.0,0.3920771354064345
0.0,0.4060099289752543
0.0,0.3732314236648381
0.0,0.3903931394894607
0.0,0.45157356873154636
0.0,0.5819762884359807
0.0,0.9965777264721691
3.830000118464232,4.0330977846682075
10.44200040757656,11.966270932257174
15.18099969804287,21.700660669207572
25.93099997758865,28.36344988107681
26.14299906253815,28.380998025536538
12.177000146508217,25.01179023385048
0.6450000244751573,19.423726536035538
4.073000120818615,13.410370663404464
3.613999888151884,6.535111235827207
1.3389999585598709,3.3168708128482107
0.0,1.4406591286882757
0.0,0.5637682560272514
0.0,0.4050549424346537
0.0,0.42560105659533287
0.0,0.40889347210759297
0.0,0.37832938203820954
0.0,0.3995256228372454
0.0,0.29990855421870943
0.0,0.3090946733020246
0.0,0.28901631917804477
0.0,0.3327496416121721
0.0,0.4145386693486943
0.0,0.5412657423270866
0.0,1.0639980464056134
0.0389999987930059,4.219473646655679
4.446999891996383,12.888223761022092
14.764999710917474,23.897228881120682
31.238999931812288,32.12254648923874
41.07899946928024,36.6379581618309
35.28900116920471,33.487534765005115
31.473999440670013,29.61352641224861
25.769000831842423,21.41728899717331
10.303999918103218,8.887777263522148
2.4140000635385515,4.182846375331282
0.0,1.849048364274204
0.0,0.6974348560161889
0.0,0.36369091347791255
0.0,0.3614728159317746
0.0,0.3437623872794211
0.0,0.2722147067589685
0.0,0.3071571320109069
0.0,0.2890715037379413
0.0,0.2691831744927913
0.0,0.24155947512947018
0.0,0.26667858336586503
0.0,0.3167234613187611
0.0,0.464686171002686
0.0,0.9472026773914695
4.588000213503838,4.142401276007295
10.08499985575676,12.693456508219242
15.536999963521955,21.780715413093567
21.19599977850914,31.288273790478705
25.404999302625654,38.174317876100545
37.39399799346924,39.76579809188843
34.92299906730652,36.03859973192215
25.168999507427216,27.326822541952133
13.540000173449515,13.413625701963902
1.6660000076889991,6.221416715234518
0.0,3.3987417850643395
0.0,1.1955565609037877
0.0,0.4571673639211803
0.0,0.4093982205539941
0.0,0.3238694365881383
0.0,0.26513052728492764
0.0,0.2867633641883731
0.0,0.3315828548371792
0.0,0.3345961339958012
0.0,0.2836019420064986
0.0,0.34527841099072243
0.0,0.36213803757214913
0.0,0.4726006351411342
0.0,0.7700748105160893
0.7050000028684735,3.0081638596206908
8.002000088095665,9.264099054634572
10.776999794840814,15.445475303828717
15.413000401854516,20.475078829526904
20.533999186754222,21.54713212072849
19.656000418663027,21.33879116714001
8.810999638438226,19.98827007174492
5.185000165402889,17.26029511988163
4.105000040829181,8.582163598239422
0.7129999828711152,4.525407347083092
0.0,2.4812275985628367
0.0,0.9719415994733572
0.0,0.5598031354788691
0.0,0.5006302996631712
0.0,0.4799271356500685
0.0,0.4796425476390868
0.0,0.45035445370711386
0.0,0.41163121260004115
0.0,0.4326150798681192
0.0,0.3851586379855871
0.0,0.37692593337502334
0.0,0.39932408452266827
0.0,0.5098067105002702
0.0,0.7341808086447418
0.4330000088177621,2.599243029356003
2.7719998747110366,7.622969102561473
3.71299999371171,12.532517727613449
3.8949999880790713,15.688203411102295
5.405000000596047,15.534984499514103
5.102000019848347,15.362400188148023
4.239999928027392,14.38380075365305
2.537000109106302,12.244204702675344
1.490000062510371,6.463307570517063
0.1990000000130385,3.450057937800884
0.0,1.8767113780230287
0.0,0.7747822348028421
0.0,0.5033629382960498
0.0,0.4761165928468108
0.0,0.46336226804181935
0.0,0.4782135258894413
0.0,0.46361553291790186
0.0,0.3896714159473777
0.0,0.416939649078995
0.0,0.3787692640535534
0.0,0.38293577988399197
0.0,0.41282857974525533
0.0,0.5262472644168883
0.0,0.8122987814806402
0.4509999959170818,3.0047324358671905
3.0849998946487904,9.379638802409172
18.39799964785576,16.70477778196335
23.55800035715103,20.72342404782772
25.89399965286255,20.617810652852057
12.58900001525879,18.786125639379023
3.986999886482954,16.462801943421365
2.350999996364117,12.630722944438457
0.28499999364838,6.383923449814319
0.0320000002440065,3.289030836224556
0.0,1.5975968281179667
0.0,0.6229095761477947
0.0,0.41708164622075855
0.0,0.42190928193973376
0.0,0.41123837317340073
0.0,0.44290741047821935
0.0,0.437658570939675
0.0,0.3975954106380232
0.0,0.40675640485249454
0.0,0.3681648103147745
0.0,0.3615198447369039
0.0,0.3922721668519079
0.0,0.4900555483438075
0.0,0.8330169170536101
0.1410000005736947,2.9484782679378987
2.929999929070473,8.45927395388484
6.50300014436245,15.259008168280126
15.363999722003935,20.1266864913702
14.642999694943429,20.763760029673577
17.700999304056168,19.69009847521782
9.362999542355537,18.230169264078143
8.702000263929367,14.546459225714207
4.625999797582627,7.086164513528347
0.3300000095367432,3.77391039699316
0.0,1.9551353291049602
0.0,0.7527540476247668
0.0,0.4428832441661507
0.0,0.41256018974818287
0.0,0.4057292118296027
0.0,0.42315315851243207
0.0,0.3956793964724056
0.0,0.3986470024846494
0.0,0.4211822970956564
0.0,0.365410941913724
0.0,0.3599581433529966
0.0,0.3731516804592684
0.0,0.4558588046580553
0.0,0.6759219279885292
0.0,2.1478824964538217
0.1020000017806887,6.581953957080842
1.1909999433904888,12.070751045942309
7.568999854624272,15.0219777905941
8.366000076830387,14.553731841444968
4.105000040829181,14.0205766543746
2.1999998924136164,12.868094282150269
1.4030000553280115,10.777558989822865
1.0079999836161733,5.957172438502312
0.3150000149384141,3.2317826722562315
0.0,1.7203190092369915
0.0,0.7232093350589275
0.0,0.4954813507571817
0.0,0.4741455460712314
0.0,0.4585137933678925
0.0,0.46823022339493037
0.0,0.4548485693708062
