y_true_kw,y_pred_kw
0.0,0.3191480471232595
0.0,0.30605133703056103
0.0,0.278712090421468
0.0,0.3247338443404684
0.0,0.41218833349412304
0.0,0.5800462650080832
0.0,1.184352434075748
3.681000073701144,5.828963422483454
16.693000283241272,16.805855321151515
30.51199921369553,28.64418693938603
39.95899918794632,37.28268249792358
42.5400008559227,39.739680216312415
25.41500011205673,37.357117456955216
25.4489995777607,33.465032751088344
23.15899907588959,25.88166188366711
10.220999772548677,13.086090662370745
2.3890000939369203,5.755313028823585
0.0,2.437433702891382
0.0,1.1205072248676637
0.0,0.48928887241752816
0.0,0.3573178339058844
0.0,0.3130534120742231
0.0,0.2931211337679997
0.0,0.3160922884816924
0.0,0.28824494484889635
0.0,0.2739774754286433
0.0,0.24758028380805627
0.0,0.29607906892973307
0.0,0.3833100787589016
0.0,0.5565694224454152
0.0,1.2042241517617367
3.6749998961389063,6.308705627915139
16.58299959540367,18.441840254403655
29.825999965667727,31.508038141280412
39.04000100374222,40.99268425854544
44.29700073242188,44.242064223364004
44.86100201845169,42.70169228989631
39.50900178909302,38.988084808314845
29.945999408960343,30.928636110369116
14.926999883651732,15.847039235858247
2.0360000456124543,6.61647606041593
0.0,2.6611772771552205
0.0,1.1477426365173111
0.0,0.43447797051475695
0.0,0.3044956227609266
0.0,0.26633083222433923
0.0,0.25314054522197693
0.0,0.27543130328413096
0.0,0.34444273535006986
0.0,0.3313385580464576
0.0,0.29770309597176187
0.0,0.3411457511169526
0.0,0.4253066285800499
0.0,0.5895262307689215
0.0,1.1118575030813616
1.0220000128075482,5.14566874883448
10.6799997484684,15.046310062979662
16.715000420808792,26.123146077208222
30.85300031900406,34.02829417400062
37.613001136779786,35.24146057854096
38.601998825073245,31.788611026518044
18.77099964618683,26.70667930047959
12.088000336885452,18.91789120715732
13.181000075936318,9.138086275331057
2.156999903619289,4.278027496946355
0.0,2.0074257866921834
0.0,1.0032975135568993
0.0,0.49241165843093765
0.0,0.37551957058254626
0.0,0.3327545524745558
0.0,0.3188289365172386
0.0,0.35078695383310937
0.0,0.30604148745614407
0.0,0.29828356234434367
0.0,0.2732742901938036
0.0,0.32272860437165946
0.0,0.4098117374799524
0.0,0.587895527931396
0.0,1.1885973250873698
2.8419998922944067,5.739308060019588
16.294000028967858,16.712256886698306
28.90200034976005,29.192874966474875
37.232999134063725,38.35193391126891
30.11600084543228,40.840753444135196
44.4180004620552,38.37237686182062
33.64699930429459,32.92619346131261
24.50500039696693,23.5978515465868
9.108000468611715,10.811617572292064
1.9280000588297843,4.593677884854066
0.0,1.971801272671825
0.0,0.8948297084615722
0.0,0.39927807175709557
0.0,0.2997432061098516
0.0,0.27154618638645234
0.0,0.26584309713449333
0.0,0.29384482509844617
0.0,0.3448529744342279
0.0,0.34106142653462784
0.0,0.3040676747332327
0.0,0.3273614092799834
0.0,0.3743180168086353
0.0,0.4652403013315052
0.0,0.7420062587720652
2.2359999307990077,2.7927132836760333
7.416999977827072,8.281829170721272
5.97099980533123,14.612602305077013
18.544000374078752,19.76275504053881
6.456000037193299,21.260233959245184
17.088999678492545,20.67471354743466
32.318999029397965,20.79469244911025
14.085000126957894,17.510818802465995
8.398999769687652,9.314234063796079
0.4330000088177621,4.650971236786185
0.0,2.173705921803291
0.0,1.1587308730639052
0.0,0.6427025659071902
0.0,0.4944063462006549
0.0,0.43876825214286025
0.0,0.37971889486070726
0.0,0.36902564193354914
0.0,0.31357844967783116
0.0,0.31026913536014034
0.0,0.2854593308634745
0.0,0.3247793783899397
0.0,0.4020098511960047
0.0,0.5594348455313594
0.0,1.0794636933722845
3.176000020205975,4.843059112873548
15.72999976992607,14.213899727699657
29.41499935626984,24.817818186605972
26.13400059342385,32.76708126264314
40.706999757289886,34.67673135176301
39.93799933671952,32.258746344583734
34.79799819231033,28.26135159485663
14.83299966931343,21.00158057484776
12.50700015604496,10.103426945578926
3.168000040203333,4.620271043040169
0.0,2.044503445253552
0.0,0.9794877617949775
0.0,0.47552130964584644
0.0,0.3593886758891555
0.0,0.32257978346664457
0.0,0.3026710952779588
0.0,0.3274343503002698
0.0,0.29016040648877
0.0,0.2816294612471635
0.0,0.2581545627776843
0.0,0.2993114593826855
0.0,0.37915244713348023
0.0,0.5383419914427213
0.0,1.1432350973024343
3.848999910503626,5.5775795717258
17.303000363111497,16.474936825223267
29.85600033998489,28.54816109846036
38.3859985947609,37.694279691278936
31.69499904870987,41.06922979547331
27.534000945091247,40.01165440710883
31.780999026298524,36.96472237093995
19.93099905729294,29.687564839714526
13.805000056624412,15.381786134292682
2.1100000531971457,6.722198283139925
0.0,2.7375944657290048
0.0,1.193628163402512
0.0,0.46836691830850524
0.0,0.32988954212361327
0.0,0.28893394295902297
0.0,0.2676129662447298
0.0,0.2877481322820919
0.0,0.2718729161828135
0.0,0.26653860879751545
0.0,0.2456313627709945
0.0,0.2881302278271565
0.0,0.3663459499979702
0.0,0.5193241652466045
0.0,1.1268880463585569
3.917000125646591,5.710486223247522
15.713000037074089,17.183471721981963
28.198000055551528,29.844372926826278
38.220998589992526,39.27181196977695
44.33099814414978,42.78913267763952
43.5119998383522,41.67477227660516
39.145998492240906,38.46040585551412
29.52500004410744,30.831488277322304
15.2610000115633,15.669176010172814
2.2689998804032805,6.623995751179755
0.0,2.686652352833189
0.0,1.1713860415356854
0.0,0.45772505294453975
0.0,0.32147915462497617
0.0,0.28067844913806766
0.0,0.259914516894302
0.0,0.274056566300181
0.0,0.327353389247631
0.0,0.3051238124072551
0.0,0.2680221488482008
0.0,0.3064550643515152
0.0,0.38455569564752895
0.0,0.5370062214066275
0.0,1.0398666260476845
4.505999840795994,4.7380887135025125
10.50499996125698,13.859908576955398
12.148000058531762,24.66051453022907
34.100999902486805,33.66738144593935
41.99600118875504,37.48858958989382
34.22299991846085,37.0960849142323
38.175001850128176,34.41717500471821
21.65200094938278,27.382496349383146
6.347000149190426,14.369674103756745
0.4730000051110983,6.390911721605808
0.0,2.6897696399207542
0.0,1.2013792245167618
0.0,0.4800861601935078
0.0,0.33850109066581346
0.0,0.29247626291277506
0.0,0.2714394377544522
0.0,0.3035203556794052
0.0,0.33756082882250965
0.0,0.32712154181906955
0.0,0.292961704316549
0.0,0.32240718130487944
0.0,0.381438920898363
0.0,0.49633120172734674
0.0,0.8761957202168801
0.1650000047683716,3.5966517982880277
4.6909999239444735,10.613943168756863
10.923999780416487,18.87120114794622
16.795999993681907,25.89499422346552
35.21599875211716,28.487429095481833
20.05100055456161,27.891622865019986
14.889999558925629,27.36522605326648
29.942000317573548,23.063212097945314
12.148000058531762,12.62857575358823
1.99399995803833,5.858830183992784
0.0,2.4794641895413707
0.0,1.199857485614096
0.0,0.5647623422198619
0.0,0.41879669786818946
0.0,0.3690249555480356
0.0,0.3283508639635207
0.0,0.3429348712794793
0.0,0.3658556852210313
0.0,0.3783784586703404
0.0,0.35076901948622735
0.0,0.3755739516066387
0.0,0.43065806702555465
0.0,0.5430017573642544
0.0,0.7802986563144562
0.0950000032316893,2.4731835884476703
3.854000058472157,6.892765344704191
5.680000179708004,11.67450218723466
3.247000067383051,14.787057058873279
3.815999960899353,13.921025646080574
4.003999876081943,11.652381041292102
1.964999998435378,10.987127650262169
3.960999887287617,8.79993280903126
3.101000111401081,4.639234256971006
0.4320000113174319,2.5789282503987976
0.0,1.3986011267212841
0.0,0.9282125511295938
0.0,0.7023975309364808
0.0,0.6186502473964356
0.0,0.6044773582695052
0.0,0.5261911166839611
0.0,0.4498797848207565
0.0,0.36346864185684047
0.0,0.37115522740952045
0.0,0.3401637844803433
0.0,0.35873966461901236
0.0,0.40107776031286146
0.0,0.4853030912120206
0.0,0.6696315339657789
0.0,2.1184248419012874
0.0950000032316893,6.037759902489682
0.5439999881014228,10.322257887671391
2.563999881148338,13.266359491497278
5.35099994301796,12.89529591144373
6.57300016194582,11.30083134646217
7.7769998481869695,11.4423588665016
7.514999797046185,9.755976043380798
2.7469999051094054,5.278985723250856
0.0380000012926757,2.930163413936583
0.0,1.557776939343506
0.0,1.0175629159055337
0.0,0.7514160490827635
0.0,0.6463653363877286
0.0,0.6228349135171932
0.0,0.5273427397750007
0.0,0.4365408622931379
0.0,0.28833724154625084
0.0,0.27595196339922645
0.0,0.2515321116646131
0.0,0.29223551429032035
0.0,0.3713448519639981
0.0,0.5366102344969598
0.0,1.1623075456280885
2.946999918669462,5.8581820994553455
15.549999577999117,17.063988137394187
30.71299925684929,29.56468718926112
28.88700016260147,39.173185154398276
29.959999309778212,42.72111774556339
47.07999862194061,41.49570355957996
40.37099802970887,38.296352084254224
29.52299947142601,30.841301553330073
10.38700006365776,16.1192758104112
1.9960000172257424,6.848839067403848
0.0,2.734608395028238
0.0,1.1762105486448855
0.0,0.44868801918889706
0.0,0.3131035844205568
0.0,0.2740941816374349
0.0,0.2553275501340006
0.0,0.2794417680256689
0.0,0.2928183554601855
0.0,0.2765593411812248
0.0,0.2494727443515633
0.0,0.2924851701851003
0.0,0.3751287909147019
0.0,0.5390752717099773
0.0,1.1715905234085706
4.239999928027392,6.181881816626215
17.353000302314758,18.12064112588763
31.679000629186632,31.161964311686656
41.257999374866486,40.739056196610136
46.77299903631211,44.05016388634841
46.68899963140488,42.5567938067019
41.77300100803375,38.918380338077746
31.849000011682516,30.98280685880532
16.703000065684318,16.0557691648261
2.8799999898672106,6.719922078588667
0.0,2.688988537054975
0.0,1.1633933451810543
0.0,0.4417052527990502
0.0,0.30835378777779016
0.0,0.26860464952808494
0.0,0.2521865850919857
0.0,0.27459351183613756
0.0,0.2852328945028906
0.0,0.27232631266427537
0.0,0.246551056553144
0.0,0.29015259377968805
0.0,0.3739389859062309
0.0,0.5373483621802492
0.0,1.184306368844894
4.30199996560812,6.356811803613478
17.697000212669373,18.802562605502704
31.859000821113582,32.096928782314066
40.93499931573868,41.59104981809855
45.92600092887879,44.874173479154706
45.4139981007576,43.45237403078625
40.17799822330475,39.9691156018277
30.769999146461487,32.05411941836278
16.353000491261483,16.649701734237993
2.8689999210834505,6.949910447148917
0.0,2.78443415208254
0.0,1.192937197140806
0.0,0.44627813443153475
0.0,0.30992779667489234
0.0,0.26801452073501414
0.0,0.25034071675424147
0.0,0.2696693390390525
0.0,0.28281431586636846
0.0,0.2669708693066301
0.0,0.2398103963102524
0.0,0.28007821801817046
0.0,0.36063593233159436
0.0,0.5247951243716913
0.0,1.1628556195708615
4.399000011980534,6.153931180868917
17.74800043821335,18.141098616309467
31.83100101947785,31.23527112621814
40.939000461101536,40.90445080876351
46.26199854850769,44.44617291964591
46.96200180530548,43.22334076886376
41.45200152158737,40.052388050742444
31.503999814987186,32.47208206183588
16.69199999690056,17.11798967101301
2.920999919474125,7.181042471711215
0.0,2.8719509703495234
0.0,1.2308353242972712
0.0,0.45005482690098386
0.0,0.3062076022196561
0.0,0.2636215381192354
0.0,0.24544303540838877
0.0,0.26798648388435437
0.0,0.2976616717611129
0.0,0.2899674400524236
0.0,0.2618690881552175
0.0,0.30242499118127547
0.0,0.3720263812636646
0.0,0.5095085312317436
0.0,0.9768456067168153
2.088000044003129,4.5587567643603935
12.759999684095384,13.736917664557696
20.676000821590424,24.547243119068444
17.84200065255165,33.30257753180961
34.04000092148781,36.51403730245928
34.41599972486496,35.183586749148866
29.22700098156929,32.12156217638404
30.303999220132827,24.91565932693581
12.688999893665311,12.219611550203213
2.009000016823411,5.141027972428128
0.0,2.1450359943237465
0.0,1.0064243591561293
0.0,0.45148653649181747
0.0,0.33183276676805684
0.0,0.2930654778766135
0.0,0.2717114904662594
0.0,0.29153750260826194
0.0,0.3177566003488998
0.0,0.30568298491571716
0.0,0.27718919074783716
0.0,0.3260608892010835
0.0,0.41417236267200974
0.0,0.5894146734949511
0.0,1.1676163058619324
4.539000047147274,5.72643841059568
17.471999459266662,16.789153229258954
31.81799935102463,29.273639688218633
41.0139993429184,38.25337743548055
45.81999933242798,40.46043450944126
44.96800184726715,37.658118952239555
38.83399952888489,31.923805215582252
14.495000450015068,22.507067162481448
9.13600027024746,10.379957340493178
0.4460000084154308,4.442319828793407
0.0,1.9322346813914677
0.0,0.889645157616275
0.0,0.40296833438954005
0.0,0.3050590417215911
0.0,0.2753247713320888
0.0,0.2704597079800442
0.0,0.3028065808800359
0.0,0.33798016338919595
0.0,0.3316239139608418
0.0,0.3062303611597356
0.0,0.3598046928861489
0.0,0.461217258196945
0.0,0.6651061038145175
0.0,1.3024284412735143
4.286000005602837,6.23662045314908
17.74499957919121,17.640714780216417
32.10599965810776,29.865900006207326
41.12999969482422,37.881052331104875
46.881001205444335,38.59384522477786
35.32799795866013,33.96706538564215
23.405999966859817,26.680875098481774
12.070000317692758,17.410416490236916
9.449999806284906,7.815762348246451
0.0,3.509211949924939
0.0,1.6172724140125017
0.0,0.7878134915523697
0.0,0.4083482113759966
0.0,0.32591684158348166
0.0,0.30063445084883517
0.0,0.30101909224487217
0.0,0.34022783976979554
0.0,0.3435426372475922
0.0,0.3384452413247587
0.0,0.30041922820343947
0.0,0.3260163697220075
0.0,0.383749313435983
0.0,0.49999970958335327
0.0,0.8458116254148385
0.2350000063050538,3.4280440932326015
4.568999907970428,10.023120547917983
8.764999817609787,17.617083802235623
19.926999965906145,23.70023692401747
23.15399969816208,24.935208535815278
38.51599884748459,23.062127435430885
36.667001383304594,20.923446732188268
8.867000268697739,15.886887771332015
6.293999864459038,7.974765375433489
0.5419999931007624,3.9128233062180997
0.0,1.8837390256936972
0.0,1.027319960319437
0.0,0.5761033975651177
0.0,0.4491041633649729
0.0,0.40226424658748633
0.0,0.36211356341217954
0.0,0.376982092334268
0.0,0.36704585625945274
0.0,0.37198589707103874
0.0,0.3377919128288825
0.0,0.3609440099494532
0.0,0.41985341869682696
0.0,0.5340360223501921
0.0,0.8417531261593103
0.8239999942481518,3.0717811776945987
4.814000226259232,8.800895339002214
12.448999980092047,15.090791520190736
16.697000401616098,19.69230636946857
19.177000877857207,19.742742081669473
22.45500083565712,17.628193094047408
16.95599959373474,16.457702528306594
13.739999930262568,13.004344587804129
7.215000161826611,6.8247131413469715
0.6820000282675028,3.5635789709615833
0.0,1.7684635321617437
0.0,1.0095952161909858
0.0,0.641811630257095
0.0,0.5308746742915053
0.0,0.4875524762078809
0.0,0.4268004313196676
0.0,0.418332068019857
0.0,0.36643117462750524
0.0,0.36216989918301506
0.0,0.3296553179427671
0.0,0.36783505236497144
0.0,0.44931248215415204
0.0,0.6057594498083927
0.0,1.0717942832775105
2.829000021070242,4.4304647728304065
9.735999540686608,12.771769301829238
22.52500033974648,21.949016437170403
24.528999053239826,28.70317538474997
23.897999122142792,29.82602992024273
18.86199900150299,27.397501509226856
13.605999559164047,24.61846670653671
21.654999754428864,18.81964152329912
12.05999950826168,9.598184404224156
0.740999977067113,4.532781586647034
0.0,2.0143144915578883
0.0,0.986675004955614
0.0,0.5090132999621952
0.0,0.4025605159571084
0.0,0.36423989258396133
0.0,0.33883703137204674
0.0,0.3715954669339892
0.0,0.35157170380698516
0.0,0.33733981498827537
0.0,0.2989873630972579
0.0,0.32590055165967596
0.0,0.38945392548494656
0.0,0.5109049342238964
0.0,0.8956290629366412
1.108999955803156,3.728827911457047
8.07999982893467,10.968576997046668
9.234999862313272,19.231392383066318
25.475999093055727,25.853816023270287
20.56499984741211,27.909151090569793
22.96499898314476,26.93100400029992
16.791999875307084,25.812220575859147
21.623000861406325,21.13304926807061
6.293999864459038,11.45946098339744
1.1259999454021454,5.581886974888232
0.0,2.4998293297248892
0.0,1.2368367630813737
0.0,0.5979065319717242
0.0,0.44260727077101664
0.0,0.38259237752296027
0.0,0.3410567732015624
0.0,0.3641788130408774
0.0,0.263788252993642
0.0,0.2552214701543562
0.0,0.23103688454876337
0.0,0.26765600562871744
0.0,0.33855465536471446
0.0,0.481575062724296
0.0,1.0553353928006255
2.09200003400445,5.391239643907174
12.361999716162682,16.431559826222557
31.40600050926209,28.79142581010858
42.59800103187561,38.533467358586684
47.96600173473358,42.67373177972933
47.72500050783157,42.15239865609755
43.221000726223,39.86051854407415
32.76800024986267,33.02300428063299
18.07200078368187,17.59311707424931
3.6669999161362647,7.543831845535897
0.0,3.0533433980455933
0.0,1.3152359362559705
0.0,0.48847654499579224
0.0,0.32804710344954696
0.0,0.27757168408716093
0.0,0.25172171554062517
0.0,0.2674027257730874
0.0,0.3077256380448428
0.0,0.31074888493788116
0.0,0.2911875589735185
0.0,0.33809270018866905
0.0,0.42091636806959287
0.0,0.5898700298601761
0.0129999995976686,1.1378077957895585
3.6380000849068166,5.319977089964475
18.454999537467955,15.56076114694278
30.68000007748604,26.936400451014435
42.01399812698365,34.97824450885256
32.19500049471855,36.21358274237563
28.578000004291532,32.42343467004597
15.868999518752098,26.629784037185214
5.380000030994416,18.237283522238332
4.6770000231266025,8.125128376067927
4.158000068813562,3.592241726705494
0.0,1.6252909373592896
0.0,0.7942643205188991
0.0,0.4209438816915887
0.0,0.33385621830044937
0.0,0.30632654856114333
0.0,0.295433498659792
0.0,0.32094086156847573
0.0,0.29556475822037703
0.0,0.27356818951821577
0.0,0.24400490631892655
0.0,0.28608061995590106
0.0,0.3705124813923612
0.0,0.5394068498482617
0.0129999995976686,1.1833035855228082
5.334000210165978,6.323007706229885
19.06399933099747,18.314712548653286
33.30700053930283,31.291646753090124
43.30299955844879,40.936781335920095
47.33799855470657,44.52066752222678
48.43800132513047,43.32310299067448
40.751998264789584,40.103510215083766
23.914999881982805,32.559346607644116
11.90900043129921,17.53242167630854
3.370000112950802,7.522223801668734
0.0129999995976686,3.0232614967475335
0.0,1.279099194363613
0.0,0.461681980676949
0.0,0.31416978962797043
0.0,0.26916056282818307
0.0,0.25172094053976857
0.0,0.27669117721185704
0.0,0.293658174900338
0.0,0.2714682821052459
0.0,0.24133140540060896
0.0,0.2832328355506372
0.0,0.3670918688092691
0.0,0.534939621311302
0.0190000006463378,1.1916389190452172
5.6620001605153085,6.470938291441029
19.478000799417497,18.85030943625917
33.83900087833405,32.05285564288497
43.67299869775772,41.687187066053355
48.8290003156662,45.16811112292111
48.99100151538849,43.98334036234766
43.21600134849548,40.695432909727096
27.89800042033196,33.097732322340214
12.214999730587008,17.930061451662333
2.7430000434815884,7.730606261321033
0.0,3.122420680247403
0.0,1.3171347430173774
0.0,0.4654955135472119
0.0,0.313521120675529
0.0,0.26811307192236805
0.0,0.2512115464266389
0.0,0.27707370483238875
0.0,0.32350418960132327
0.0,0.3038269783098561
0.0,0.2737320610221165
0.0,0.31951480363185203
0.0,0.4127802958308408
0.0,0.5916167085392711
0.024999999689171,1.245793704832128
5.936000053286553,6.460160425435752
20.46899906039238,18.471314212394258
33.85300077915192,31.114762344385188
43.42300105571747,39.967321712498865
48.07899917364121,42.50417367145419
43.30900127649307,40.361152300288275
27.31299928307533,35.98595204406728
13.501999562382698,27.70931541405618
18.44300020933151,14.207498985789718
3.891000126451254,6.197181468615309
0.0,2.580016365317473
0.0,1.1383257230053037
0.0,0.4595465756355164
0.0,0.33048131394355246
0.0,0.29020513644597185
0.0,0.2759059669535297
0.0,0.3069131901937847
0.0,0.2978862715372816
0.0,0.2755403704157409
0.0,0.24572395755210888
0.0,0.28954884487747523
0.0,0.3811316462350078
0.0,0.5631152985974526
0.0129999995976686,1.2670122694922612
6.031000040471554,6.98744636931767
20.588000271320343,20.079520546756687
34.77899891376495,33.594447257705035
45.01799973249435,43.07046603908142
50.05800099849701,46.41081915842991
49.31200100183487,45.125322779094176
46.14700053691864,41.730947821885344
33.56299989938736,33.911659996751695
19.853999602794648,18.304023543897397
4.95200020223856,7.795097504596536
0.0,3.1036215655280586
0.0,1.281549826429303
0.0,0.44951025117809573
0.0,0.3059678830788471
0.0,0.26236958650173614
0.0,0.2473282340005971
0.0,0.2716483450432618
0.0,0.3328059104915398
0.0,0.31900513881351794
0.0,0.2829696624407855
0.0,0.3141369948668095
0.0,0.38653105061423654
0.0,0.5295539543203388
0.0,1.0001924902906951
4.399999784827233,4.663053513073051
15.6609995251894,13.701950438966355
29.4560008263588,23.76890113744885
32.93500082731247,31.51808754786849
25.104999667406084,33.70139975283295
23.473000665903093,31.76068769930551
22.969000128507616,28.62318291731179
16.284000246524812,21.963647973388433
15.33499963402748,11.257526193397743
4.928999778330327,5.279836355211834
0.0,2.3771037593476163
0.0,1.1450006739240293
0.0,0.5378900122665801
0.0,0.3935950425329307
0.0,0.33676241242714844
0.0,0.30775721997721117
0.0,0.3394950914825312
0.0,0.31234841758307685
0.0,0.283964277865986
0.0,0.24946436730213462
0.0,0.29277233439730477
0.0,0.38458232980842394
0.0,0.5674148665321991
0.0,1.2428878326923585
6.2070001140236855,6.651656036771214
21.157999167442323,19.026389062739906
34.936000735759734,32.11603740533193
43.17099873304368,41.59768579651912
49.58499906778336,45.07879087505242
44.39999941587448,44.01758308937153
32.43000000357628,40.69992618845155
24.706000440120697,33.00819263822088
17.462000703811647,18.08356857551883
4.356999796032905,7.921638273702314
0.0,3.2093941786543776
0.0,1.3292666169772078
0.0,0.4637744691416932
0.0,0.31413817967598634
0.0,0.2685868331611467
0.0,0.2542730472896558
0.0,0.284697815181377
0.0,0.31839976127026604
0.0,0.29236841533876334
0.0,0.26058214270199337
0.0,0.3130668640586858
0.0,0.4183312746711696
0.0,0.6262991175148637
0.0,1.364998461692594
6.254999994039536,7.315116243259982
21.194999492168428,20.607582504302265
35.51599838733673,34.19983817122876
45.72499883174896,43.4439035072426
50.37499933958054,46.45465996665259
50.1670013999939,44.947077450764674
46.3359991979599,40.991919227826095
34.506999080181124,32.58087921984494
19.66099979639053,17.254822290378314
2.22100000038743,7.207389022274874
0.0,2.8306216454164432
0.0,1.1606138817597336
0.0,0.4089771527742656
0.0,0.2875580357573926
0.0,0.25387932684117304
0.0,0.24584895126055925
0.0,0.2787424812815152
0.0,0.3000467068337214
0.0,0.28475369946953527
0.0,0.2564968650586282
0.0,0.3078306122419114
0.0,0.40032739514019333
0.0,0.5826706062940259
0.0,1.20401489858826
2.0000000072270634,6.378681438115116
16.03399952352047,18.640814520046117
27.4530003452301,31.916083889789878
43.83400166511536,41.27673907138407
48.00699909687042,44.01714000898102
39.21999914169312,41.74775315145652
46.26399912118912,36.698564565914374
22.88300015091896,27.225942846089595
6.4380000180006025,12.946657831445338
5.083000227808952,5.224523108007076
0.0,2.135995228199754
0.0,0.9358767246020337
0.0,0.38281057151577746
0.0,0.2795304772234522
0.0,0.24834973961425322
0.0,0.24241700210220488
0.0,0.27311547396937386
0.0,0.3047894119983539
0.0,0.27736161956408373
0.0,0.245503429096813
0.0,0.2895589112793095
0.0,0.3819476076052524
0.0,0.5657707224468081
0.0830000011343509,1.287207896565863
6.799000174701214,7.251396545978885
20.92399994492531,20.75235170391699
35.631998739242555,34.46948142488798
45.18399796962738,43.919369843974714
49.551001656055455,47.113310546576976
50.20200115203858,45.78520115543157
45.808000004291536,42.31423236497988
35.113998301029206,34.50790008461724
20.148999860286715,19.102937275127818
4.857000215053558,8.294288066088532
0.0129999995976686,3.336715896225845
0.0,1.367331650617998
0.0,0.45657580771250644
0.0,0.30596563418162986
0.0,0.2615532918212314
0.0,0.24703666537767274
0.0,0.276736410666878
0.0,0.3002363923098892
0.0,0.27216789749140535
0.0,0.23991959534740692
0.0,0.28223177049929893
0.0,0.3711002319011216
0.0,0.5482887001762476
0.1080000028293579,1.2528764907643197
6.625999933183193,7.074096538266166
20.82799915790558,20.250291048387684
35.70199824333191,33.8851327530543
46.34900086641312,43.557501931538184
51.17499836683273,47.03155047371984
51.23299854278565,45.81271728493274
46.53300014972687,42.55027538739145
35.450998260974885,34.90381314344704
19.979000477790837,19.353948527431736
4.95200020223856,8.379270884295305
0.0,3.3714229726900036
0.0,1.3827616899615773
0.0,0.46310361922330534
0.0,0.3071024848443145
0.0,0.2600199740186023
0.0,0.24376575302643075
0.0,0.2699750468740239
0.0,0.3139162301675727
0.0,0.2839077409620708
0.0,0.24925101514672857
0.0,0.29481438580124325
0.0,0.3902708866470493
0.0,0.5737727195490152
0.1020000017806887,1.2905260743635398
6.537999896407127,7.238316314369439
21.12199912905693,20.538188248090446
36.10099952459336,34.13839936885983
46.526998431682586,43.73469245567918
51.120001103878025,47.19480427920819
51.25099958896637,46.07444779365014
46.995000984668735,42.92241098511963
36.47200100421906,35.35703034752979
21.131999938488008,19.910092149951183
5.217000085413456,8.68958479394981
0.0129999995976686,3.471770439980707
0.0,1.397369641091985
0.0,0.4644394569890573
0.0,0.3116670363031638
0.0,0.26467082295411576
0.0,0.24932048793183637
0.0,0.27670302564976734
0.0,0.3037254260030264
0.0,0.27356907931078844
0.0,0.2398497300144906
0.0,0.28337410467521595
0.0,0.376073501748809
0.0,0.5620193218626082
0.1640000072680413,1.2901797333848661
7.681999861001969,7.299697403584918
22.38100018620491,20.692105261012912
36.54400108098984,34.36984202461938
46.73000110149383,43.98643757956723
50.74600081920624,47.39867342844605
50.54999809980393,46.261811370303235
46.658001024723056,43.14699844346692
36.40700087785721,35.71184526462108
21.197000064849853,20.18651230215716
5.258000015020371,8.834107488592466
0.0129999995976686,3.533949651562143
0.0,1.4257687802965908
0.0,0.4656730756877611
0.0,0.30728895791185395
0.0,0.26019115193048487
0.0,0.24545663867689047
0.0,0.27219000988562275
0.0,0.2922609465755522
0.0,0.264067408889532
0.0,0.23209863255498928
0.0,0.27612719381460915
0.0,0.3692610187983761
0.0,0.5580144575114052
0.1569999926723539,1.3090273473442842
7.471000035405159,7.501554999910295
22.414999651908875,21.247488962635398
37.19999995470047,34.967799416631465
47.94500188350678,44.55797064850728
52.38900091648102,48.06769292583068
52.05200095653534,47.03537423240642
47.78399891614914,44.17713236169269
37.31399973392487,37.013727146554736
21.592000200748444,21.213300872985275
5.443999871015549,9.349345749397763
0.0129999995976686,3.744607542078787
0.0,1.4928386456554292
0.0,0.47646739320751896
0.0,0.3089510236478721
0.0,0.2597294160087282
0.0,0.24420070328594498
0.0,0.2693653726810589
0.0,0.39308306255765874
0.0,0.3601874793359699
0.0,0.2995412470105414
0.0,0.3137355017910401
0.0,0.361203180347414
0.0,0.4370224528713152
0.0,0.7078883471797841
0.0,3.014250554523121
0.7629999862611294,9.049676440668604
3.6259999865293504,15.37436174052457
14.23200011253357,20.49839360182484
14.262999746203423,22.72094735001524
17.106999697685243,23.31767325705538
37.193000004291534,25.83445728514344
30.77899966955185,24.489819133679074
22.454000549316408,15.630724221303439
3.587000116109848,8.152114285522451
0.0449999998416751,3.7587190581788303
0.0,1.982163731405744
0.0,0.9639592496166006
0.0,0.6648720252001659
0.0,0.5111799587123096
0.0,0.39912393412087116
0.0,0.41021484514853607
0.0,0.46645185969614733
0.0,0.44839024836663155
0.0,0.39431824668931453
0.0,0.4219786381123898
0.0,0.5073147125317095
0.0,0.669358197018349
0.0259999991953372,1.048055607547673
7.713999781012535,3.833263670823847
12.184000096917153,10.60525926788648
27.23000016450882,17.784457293512922
33.51999991059304,22.195409077480434
11.664000113010406,20.765587200994293
12.949000399112702,17.13334310124318
23.33399989008904,14.708985798694194
12.30700039923191,11.028048219028861
7.500000123381615,6.29649689314266
1.1410000041872264,3.482820782284252
0.0,1.8492497812646131
0.0,1.1076268830918707
0.0,0.6862643220120419
0.0,0.5802978364091056
0.0,0.5268009054358117
0.0,0.4856245575511518
0.0,0.5132618360081688
0.0,0.40013902551106484
0.0,0.39337162598889935
0.0,0.3457560944828825
0.0,0.3645387242866369
0.0,0.4166610901073242
0.0,0.5176281467964873
0.0,0.7902313380331423
1.2089999625831842,2.911956094723816
5.314000131785869,8.485268979581695
5.796999790966511,14.674995118727287
11.396999657154083,19.07589845556766
15.473000123500825,19.153155995135506
32.92299944519997,17.346998430335272
23.19300059556961,16.335453735695534
20.81200073838234,13.003117870067555
8.11300003528595,7.071146562059099
2.2920000475645064,3.7481273517726614
0.0,1.9072987888124768
0.0,1.1027244395250453
0.0,0.6685159133397974
0.0,0.5453806304691049
0.0,0.4928906425492217
0.0,0.43690783181460574
0.0,0.4427832808741368
0.0,0.4350205007529196
0.0,0.441526768883535
0.0,0.4073164261473963
0.0,0.43640512718353425
0.0,0.5120822499451848
0.0,0.6590937965402068
0.0,1.0285910452498743
6.983999744355679,3.753431512424722
21.265999282598496,10.46104725316167
31.178000950813296,17.399176200553775
27.56800041079521,21.65293039513131
16.471000388860702,20.52786923384915
18.28299958229065,17.412800146676602
21.15500036239624,15.38029596126949
8.059999750554562,11.778454691718023
2.4300000235438346,6.341528230234981
0.2389999963063746,3.350354502430806
0.0,1.627628826830381
0.0,0.8976492060375557
0.0,0.5841676567611284
0.0,0.5115602807009902
0.0,0.4851064610287237
0.0,0.449008573135361
0.0,0.46949738043282796
0.0,0.33179127787239854
0.0,0.3098492284398526
0.0,0.27479411176949115
0.0,0.31236675958226745
0.0,0.39787041804209977
0.0,0.5624653931714906
0.0439999983296729,1.1500048425397835
4.185000097602606,5.629625854867822
21.898999786376955,16.206470506514112
29.176000756025317,27.74819759643326
43.12899903059006,36.6978421313564
42.963999025821686,40.344654417485
43.73500001907349,39.798386732178436
42.53300090551377,37.32990768226485
33.180999377965925,30.58946179804082
19.815000759363176,16.887932056924328
5.757999920547008,7.573789923752969
0.024999999689171,3.082462268348318
0.0,1.31026320096571
0.0,0.4940196962227734
0.0,0.34496290290572995
0.0,0.2944927926439171
0.0,0.27062890139175577
0.0,0.30270539349953957
0.0,0.3127875548112206
0.0,0.3000937057364111
0.0,0.27411898910533633
0.0,0.32847310536541047
0.0,0.4327741839954009
0.0,0.6417463720566593
0.3550000112317502,1.34856983915049
9.126000487804411,6.8653264738029485
23.16099964857101,19.31524858345588
29.489000005722048,32.02293120698382
46.163001010417936,40.73725886536142
48.79299822330475,43.29349723830819
46.07900160551071,41.1910870840773
30.41700076699257,36.4820808663716
22.5719994199276,27.571819028866788
13.107999712824824,13.543676384262119
1.897999941259623,5.696751738303962
0.0,2.318866134115184
0.0,0.9942497238827249
0.0,0.4058267818073121
0.0,0.2997465014030846
0.0,0.2696903749920117
0.0,0.26369154772876446
0.0,0.2987472778613058
0.0,0.3293147475807927
0.0,0.3048148293777679
0.0,0.27282112331207214
0.0,0.3256914017954841
0.0,0.43601674178227157
0.0,0.6588588123458127
0.3420000116340816,1.4365534609020687
6.729000157117844,7.767147994389138
22.511000438928605,21.37239299442619
33.17900085926056,34.84898435689509
44.93800147294999,43.74379275309543
46.39199880123139,46.011063951700926
26.539999771118165,43.418768838544686
28.273000991344453,37.85687748809656
14.391999712586404,28.042029320138198
6.4449999684095385,14.046573704558734
7.132999789118767,6.107376617497454
0.0380000012926757,2.573077807573136
0.0,1.0687261819164269
0.0,0.4137441297876648
0.0,0.2988308019796386
0.0,0.2646667632980582
0.0,0.2627726530283689
0.0,0.30183772161680583
0.0,0.34839648890309033
0.0,0.30733686962941037
0.0,0.2675848786206915
0.0,0.3161354655912145
0.0,0.41963343734154473
0.0,0.6187960457134372
0.3700000058300793,1.3793160574549497
9.014000254273414,7.433042226281638
23.632999238967894,20.61592673049619
37.53099819660187,33.97017991133034
47.43700020074844,43.320058721726134
51.9229989361763,46.685664257804554
51.53999812841416,45.77471645269543
47.43499962806702,42.621690037883816
31.222999458312987,35.25267001048972
19.82399922847748,20.573741147831708
5.873999758958817,9.50247889594951
0.0190000006463378,3.908517450250996
0.0,1.5500180438417008
0.0,0.4889491461690825
0.0,0.3279003142534444
0.0,0.2808608786645345
0.0,0.2675401515645596
0.0,0.3020408699467468
0.0,0.3037940550184188
0.0,0.27956308037585886
0.0,0.25125111963056646
0.0,0.3070385105814784
0.0,0.4172883899269315
0.0,0.637078347435842
0.4779999926127493,1.4462137365263577
9.492999795079232,7.974432873958722
24.08900040984154,22.09067188619326
38.50300128698349,35.798716953073935
48.64199811935425,44.947026201660435
53.33399832963944,48.02967543601989
53.99000131130219,46.578377821967
49.56599978923798,42.89307144474239
34.94899829626083,34.706963230433566
13.574999925494197,18.745310921395816
2.7330000042915343,7.892999075773793
0.0,3.092765584132479
0.0,1.2360092768953959
0.0,0.4146172181392709
0.0,0.28706599944969635
0.0,0.25314255378907546
0.0,0.24539952412868538
0.0,0.27582679980434477
0.0,0.3410789278297064
0.0,0.30156944783559686
0.0,0.26299950316858783
0.0,0.3128248824963036
0.0,0.4186505375624013
0.0,0.6254983554400192
0.4960000118054449,1.4106043956785772
8.380999750494958,7.796631757517656
25.015000598430635,21.707678321736555
40.10900105953217,35.369685149230065
50.500998446941374,44.559736642912036
55.61799916744232,47.665883297920224
54.920998823642734,46.46257132665565
41.232998378276825,43.018486822992564
37.82999959945679,35.33112732100611
23.185000358819963,20.302566147893668
7.107999819517135,9.111922034995322
0.0380000012926757,3.6970896721018174
0.0,1.4646561747362528
0.0,0.46284930224918447
0.0,0.3122868081337462
0.0,0.2690550535443859
0.0,0.25808317569705347
0.0,0.29516049050493165
0.0,0.32270641647900145
0.0,0.29391111551085486
0.0,0.26137480651726946
0.0,0.3062246030879517
0.0,0.4045808711034867
0.0,0.5978176665476834
0.5710000168904662,1.3823829792253672
9.710999571084976,7.587042464014765
24.688999680280688,21.02652500598381
39.326000738143925,34.389629181164004
48.87399882316589,43.73162071739634
50.32700202703476,47.088202484597765
43.01400101900101,46.118542073530456
35.70899819374085,42.92318209573626
26.2289990401268,35.51829826747999
17.70199959039688,20.397331658778715
6.872000024318695,9.328083287190337
0.0439999983296729,3.80970224589187
0.0,1.5199996822796917
0.0,0.49216805640530464
0.0,0.330091664364251
0.0,0.2830534983822144
0.0,0.26706739836372434
0.0,0.29556649486068637
0.0,0.3131439372974758
0.0,0.2881515729846433
0.0,0.2524821393548821
0.0,0.2893534255190752
0.0,0.3693684131853903
0.0,0.518434083747367
0.721999992467463,1.1243552859988994
12.096999832987786,5.9326539087605985
25.695000182390213,17.505306415123243
36.888000991344455,29.58710546428959
34.92700021266938,38.88357697238525
48.84700136184693,43.0065071994563
51.77300117254257,43.026258775653936
47.7800018787384,41.19549525916577
38.05000097513199,35.07214804527039
22.81499916553497,20.780630676224828
6.621999814808369,9.866576663920034
0.0510000008903443,4.151287558114467
0.0,1.7195885699537274
0.0,0.5733623948561338
0.0,0.37291455053336303
0.0,0.30324134733450286
0.0,0.27426520645230384
0.0,0.29973895320047933
0.0,0.28851975801633667
0.0,0.26803409908975784
0.0,0.2402166896383278
0.0,0.2825696433149278
0.0,0.37324288550221046
0.0,0.5528636860963888
0.4149999896250665,1.3129396772570907
5.52799978941679,7.481342391859119
22.719000432491303,21.37127230603248
39.01700057983398,34.87386887062342
49.670999045372014,44.28631879401704
54.17499882698059,47.82636190108955
52.52400054693222,47.03346393056214
46.56500109672547,44.32949997286002
36.34000017881394,37.41964048890397
18.531000759601596,21.72964405565523
5.54999992698431,9.817432756995162
0.064000000488013,3.9826324536550484
0.0,1.5811914050582951
0.0,0.49821385693115494
0.0,0.32498238983098415
0.0,0.2738591939032388
0.0,0.25526914369004466
0.0,0.27871008536700775
0.0,0.32820087804536646
0.0,0.2996082858950831
0.0,0.25822270672690745
0.0,0.29283787779587633
0.0,0.3648966317026255
0.0,0.49764873250154773
0.0629999989760108,1.0010461310103225
7.043000206649304,4.9212521862797445
14.510999896526338,14.658323204492527
17.085999846458435,25.69227047638347
30.53499963760376,34.954948967297874
48.16799795627594,39.51254064875344
49.86799999713898,39.97665245465935
46.20500071287155,38.564466980596386
35.68200073242188,32.64951815688362
18.58499979019165,18.952410448618856
4.052000012844801,8.730782361480717
0.0439999983296729,3.6544378422891413
0.0,1.5744459471979646
0.0,0.5596759449931171
0.0,0.37346045846507575
0.0,0.30608729531522844
0.0,0.2743801919394172
0.0,0.30376838094322006
0.0,0.3195067582054374
0.0,0.29204432862810786
0.0,0.2605051755687843
0.0,0.30985436976266406
0.0,0.4127385846222751
0.0,0.6201972663697476
0.5230000085011125,1.368440044670521
9.606000314950943,7.147685549582046
21.903999164104462,19.919425713034965
35.057998697757725,33.06470763793836
46.59500147104264,42.42423760486146
43.41800167798996,45.741796595330044
49.30199813842773,44.54032320828487
41.77199866771698,40.64386993061752
27.9790010201931,32.211748150947194
19.5400000667572,17.304583485766003
2.3020000867545605,7.751450241757557
0.0,3.215303940540956
0.0,1.3070204969425685
0.0,0.45047955699420217
0.0,0.312188813185785
0.0,0.273322413940914
0.0,0.26462033293287573
0.0,0.29855432411966226
0.0,0.3238228597103929
0.0,0.2886332252784632
0.0,0.2547394725059469
0.0,0.2990024138723189
0.0,0.4060482332808897
0.0,0.626046051629819
0.8079999700561166,1.4861508074480418
11.449000169038772,8.450203086324036
27.78400064110756,22.730250308699905
42.61700031042099,36.217716166377066
52.7759987616539,45.46060270451009
57.48300121307373,48.719449283977355
56.08299880743027,47.63195746832837
51.34899889469147,44.73830345507711
40.96000031232834,37.73551602811242
23.852000328302385,22.55339013659395
7.561999904215336,10.466890185042285
0.0779999975860119,4.1983214443642645
0.0,1.599728348997111
0.0,0.4916667723081385
0.0,0.32265048114815725
0.0,0.27421381733147426
0.0,0.25936405525154743
0.0,0.29213184673261516
0.0,0.3454937812748054
0.0,0.31122207052462425
0.0,0.2743178208979467
0.0,0.3261060310799318
0.0,0.4428713826408299
0.0,0.6744563373069589
0.8999999968335033,1.533663383455326
11.39099999308586,8.425715566404785
26.36599924325943,22.869491547408206
40.83200063228608,36.367821421921256
51.18500123023987,45.13719344529013
55.53699856758118,47.71439823297163
53.54799798727036,46.03267492425939
40.61199925661087,41.599304514254136
29.03399912118912,32.83445363546411
17.34299949288368,18.23054518870078
4.701000219881535,8.395305447819021
0.0700000015366822,3.533088851399565
0.0,1.3765062125834326
0.0,0.45851694002204263
0.0,0.31636017560958857
0.0,0.27555544386540226
0.0,0.269317381097159
0.0,0.3099061940462949
0.0,0.33971374326851217
0.0,0.3186303673180131
0.0,0.28453286600143957
0.0,0.33615699461350834
0.0,0.44397821078076966
0.0,0.6473280558843787
0.6560000290721655,1.3678625835478304
7.862999825775623,7.163289674657086
26.851000502109528,20.27291390589128
35.47899806261063,33.08810504915814
45.66399985074997,41.70624783034126
37.16500020265579,44.24010087110102
32.22200001001358,42.420966261501114
37.22899798870087,38.312538492083554
36.47599804162979,30.008055613301693
15.186000102758408,15.89620582757828
3.9779998768866074,6.899629126784082
0.0439999983296729,2.823126288141745
0.0,1.184308608756789
0.0,0.44224187543693305
0.0,0.318040936239219
0.0,0.2784685882149885
0.0,0.2681809028967594
0.0,0.31014154238936803
0.0,0.3504127174941823
0.0,0.30825786814481637
0.0,0.2563733891351148
0.0,0.28654898310701044
0.0,0.3574463947303593
0.0,0.4800043473773015
0.7059999682754279,0.9807493106881157
11.001999521255494,4.959825753920402
10.884999909996989,14.638995483840509
11.36300019145012,25.475602247181033
35.342001967430114,34.928231705526514
49.59899896860123,40.237798044010994
42.5610007071495,41.762058985481666
48.24300094604492,41.34055802959949
39.96799971103668,36.46904691593721
23.74099935412407,23.240843116386486
7.907999873757363,11.528604404134676
0.0960000007320195,4.938014098273901
0.0,2.0496509937387115
0.0,0.6683002459785591
0.0,0.4188343088973003
0.0,0.32344192392425614
0.0,0.2805607585135536
0.0,0.30862577417554954
0.0,0.30318863163003695
0.0,0.28503392823350926
0.0,0.2588197746376196
0.0,0.3170540337047229
0.0,0.4324867275729775
0.0,0.6593777553620749
1.2070000317692755,1.5000907967099921
12.346999529004098,7.992124950389068
27.24600063800812,22.171551595355073
41.33400059700012,35.724865096708136
50.16599905967713,44.70532609572013
54.239000720977785,47.82006518068413
52.22200033903122,46.82456489390383
45.93899848937989,43.082037916195894
35.67300020933151,34.745664666444064
19.92599967956543,18.752886659940703
8.535000199973583,8.15065245180701
0.4970000093057752,3.2552168811593827
0.0,1.277285669806879
0.0,0.42068626582700136
0.0,0.29552983548880246
0.0,0.2646986318294269
0.0,0.26006728866913664
0.0,0.28914362415748956
0.0,0.34075960999277105
0.0,0.33075059686166547
0.0,0.3062381620076485
0.0,0.3636098984070122
0.0,0.48550776518881317
0.0,0.7211210212445197
1.1309999649971725,1.528003359065236
11.78000046491623,7.523241532718142
26.679000546932222,20.69837003258367
40.30499967098236,33.12079221864541
45.34899797439575,41.12195984167358
37.34300187587738,43.01168071392923
42.90999999523163,40.63438042316586
29.59100045681,35.485417115638654
25.34300003528595,26.596680435345817
8.796999737620354,13.525774461744973
2.240000049173832,6.125035666103163
0.0770000000856816,2.6109983281053917
0.0,1.0878251708512352
0.0,0.44424759606908387
0.0,0.3332459293150653
0.0,0.30025557103489214
0.0,0.2957316893261547
0.0,0.33965072810727487
0.0,0.3204551963508129
0.0,0.28500918595663577
0.0,0.24784768677859872
0.0,0.2934037811285816
0.0,0.39595895257079977
0.0,0.6006672056384074
1.1319999945908783,1.383768906778035
10.524999526143077,7.664252682200943
24.11999901652336,20.997666679993273
38.20499811649323,34.412553288141886
51.07699906110764,44.26360170610249
54.92200116395951,48.08516834455232
53.89000143289566,47.397134412204224
49.39399983406067,44.65626965788504
40.08800120830536,37.57303368596981
21.855999797582623,22.23274083292422
5.357000120580197,10.121635685854903
0.2189999981597066,4.058442290010862
0.0,1.564496560729264
0.0,0.4781040709970208
0.0,0.3136790414364077
0.0,0.2663256189537545
0.0,0.25323568951260916
0.0,0.2864064028960031
0.0,0.35698582208560153
0.0,0.33245283586205915
0.0,0.30242975283026075
0.0,0.37356338180368764
0.0,0.5201733651167403
0.0,0.8040880213732211
0.6649999744817615,1.7326388964390693
13.178999503254891,9.250228927886736
29.226000695228574,24.480323974254233
43.51699921607971,38.00766347711285
53.01400118350983,45.94407379259666
56.61900029182434,47.52122781942288
53.13899795055389,44.60487802264591
43.1569988322258,38.32586577138553
33.55100057125092,27.733389715452986
5.005999746322632,13.651675962846104
5.881999995708465,5.810763667927435
0.0129999995976686,2.382467920162405
0.0,0.9573180702871954
0.0,0.3731789694431549
0.0,0.2830563831143081
0.0,0.26000339091445007
0.0,0.2671231682761572
0.0,0.316260272245078
0.0,0.35353230478242037
0.0,0.3061851440983203
0.0,0.2682329073532795
0.0,0.3297971140484636
0.0,0.46599761893739927
0.0,0.736063944081931
1.521999982520938,1.7010669212198506
14.330000445246696,9.556079135177034
30.54299987435341,25.19903563709309
45.15499993562698,39.274398372769355
54.727999017238616,47.892497374291224
57.413001708984375,50.45901669154565
55.670001733303074,49.11874413025876
48.25200146913529,45.18984204395364
39.75300182104111,36.70465584180007
19.258999710083007,20.928556634004536
4.763999773561955,9.281830475754104
0.0709999990370124,3.6878386883685987
0.0,1.3876433455381385
0.0,0.40754530378617343
0.0,0.2804140194909026
0.0,0.25039462376153093
0.0,0.24872711340198292
0.0,0.2878629903572922
0.0,0.33178175647122166
0.0,0.2945238045929
0.0,0.25753013531134156
0.0,0.2988580789556727
0.0,0.40023964187052724
0.0,0.6058647666017836
1.473999974131584,1.4529086706391536
14.003999527096749,8.02870321279702
29.6280007815361,21.79866337607304
43.713001935482026,35.26812861889601
52.44999989748001,44.80818880617619
53.34499942541122,48.47994799757998
52.74500015497208,47.99331224960586
50.50499959230423,45.401771213449535
41.35399810791016,38.71791623324156
24.429999461174013,23.758729704081393
8.588999744057656,11.38054320907686
0.2529999934043735,4.670075697870149
0.0,1.769305050658683
0.0,0.5118158713037458
0.0,0.32990446470134577
0.0,0.279277812714378
0.0,0.2630150031857192
0.0,0.294096153389352
0.0,0.3084899835001367
0.0,0.2765982513874769
0.0,0.2438224151924563
0.0,0.28556105205711596
0.0,0.38269294805359094
0.0,0.575329033449913
2.0360000456124543,1.4085900687915274
14.211999520659448,8.127527028790986
30.0280002951622,22.328830902266006
44.09200159788132,36.02923220255723
52.01700120449066,45.60890916002293
55.238001272678375,49.267946420907975
54.38599967956543,48.70250423952937
49.81999857664108,46.16583566902826
40.72300023078918,39.54198100684832
24.322999632358552,24.313386937954153
8.845000131130218,11.656944461685294
0.2790000086463988,4.826655946138005
0.0,1.8336701529030688
0.0,0.5306080992644032
0.0,0.3367182040571545
0.0,0.2810380844593358
0.0,0.26331574737249563
0.0,0.2866209722822532
0.0,0.31789791726740074
0.0,0.2844627196039073
0.0,0.2527482508410078
0.0,0.3010748100273001
0.0,0.4130541664695678
0.0,0.6371946257267458
2.1909998828172683,1.5629100073711015
14.760999592542648,8.980182576179503
29.48500091433525,24.19560312267393
41.47199903249741,37.93168205303451
51.28099996328354,46.91781196648876
55.433999884128575,50.060178997665645
54.06000081539154,49.22402221011618
49.38099816560745,46.42921865921468
39.81499903440476,39.59606021578734
21.769999819993973,24.278837164072318
8.52299984484911,11.591819776908183
0.3119999903440476,4.745007211798026
0.0,1.770857844509495
0.0,0.4979032973300976
0.0,0.32238060725231965
0.0,0.2762623709238445
0.0,0.26355234902507313
0.0,0.2922642583190463
0.0,0.31166629494943965
0.0,0.27669585720480727
0.0,0.24216660425066946
0.0,0.2883750418542573
0.0,0.393387085647167
0.0,0.6073061165811183
2.329000115543604,1.4906838311868098
14.678000473976136,8.4877831866468
30.32099997997284,22.88861612765739
44.36400143146515,36.53533116374165
53.00599889278412,46.12531137386958
56.05699957847595,49.797764753823486
54.36900097370148,49.27109710379193
49.94499945163727,46.943839682179195
40.2830015873909,40.6035112213778
23.271000336408616,25.460454806704078
8.072000105679036,12.265400984343144
0.2780000111460686,5.022667106395432
0.0,1.8615779451141135
0.0,0.5174722571965927
0.0,0.32646636630330855
0.0,0.2743047694419511
0.0,0.25973970359967397
0.0,0.287086616846888
0.0,0.3672721190711794
0.0,0.3118607518224355
0.0,0.26415057772460077
0.0,0.3103714784560725
0.0,0.42191508412749196
0.0,0.6402463862602599
1.8790000208467248,1.4700085472331075
13.594999490380289,8.051758528451122
29.85000067591667,21.65209898778548
44.29599839210511,34.907501834308114
53.33599890232086,44.50821786003809
56.72800069332123,48.27868312147756
55.545000858306885,47.79752667947363
50.832999029159545,45.42952561289072
40.973001980781554,38.97996373737852
24.083000745773315,24.66047118468831
8.871999646425248,12.089234296260402
0.4200000092200935,5.015287577267736
0.0,1.8744109857443254
0.0,0.5283556412137113
0.0,0.33871742700071383
0.0,0.28211834442879385
0.0,0.266888550708536
0.0,0.30783356761870284
0.0,0.3656453826309492
0.0,0.329745803665525
0.0,0.292245796934391
0.0,0.3532762694793443
0.0,0.4963419928999307
0.0,0.7825644983382275
2.482000021934509,1.7443258976944103
14.57499973654747,9.46106189465771
30.676000986099243,24.48606629407654
45.863001375198365,37.95977899541458
54.61100043296814,46.32899732155104
56.595001635551455,48.21719944626093
54.05100029230118,45.4355573061357
33.88599995851517,39.375657903030515
7.880000072121621,29.0579122259592
5.389000040590763,15.452436856922382
8.511000003218651,7.108863072500874
0.4750000001117587,3.000963409505008
0.0,1.142751927312541
0.0,0.41597109369079893
0.0,0.30252552357579887
0.0,0.27004346245511746
0.0,0.2761535152172048
0.0,0.3268405863565082
0.0,0.3526403843370887
0.0,0.30216738088366885
0.0,0.26111785076480976
0.0,0.3147303675332417
0.0,0.44142029825209955
0.0,0.6969665394707892
2.7270000834763053,1.6810839187454742
15.428999848365784,9.54981013239051
32.05399914622307,24.93695877292504
46.6059984588623,38.7861160475264
55.00600056886673,47.750592344651615
57.91800047874451,50.75230491032204
57.14900005817413,49.80450888380409
51.8249996304512,46.84893262668203
42.27700154542923,39.77688014735779
24.713000390529636,24.659535514637824
9.115000419020651,11.72912883903676
0.5439999881014228,4.754896747868043
0.0,1.721592645191122
0.0,0.4694504476004901
0.0,0.30698382635290417
0.0,0.26611041523360957
0.0,0.25798932321059204
0.0,0.29539929931284853
0.0,0.35737487951371194
0.0,0.3118108480672041
0.0,0.27339689935945594
0.0,0.3231077179661952
0.0,0.44566802883598333
0.0,0.6882262169810321
2.8910000586509703,1.6631103595742023
15.689999613165856,9.297783976374195
31.443999066352845,24.419540852544213
45.0509989118576,38.11069254240642
53.03199812173843,46.993753650461635
57.19300033330917,49.99768399568895
56.24500000715256,49.18319033270081
51.13900038242341,46.19121763130028
41.26499932527543,39.12412713774791
24.25400041460991,24.23386421846226
8.64800020635128,11.786996738508654
0.2449999973550438,4.8481446343117085
0.0,1.7802136853608925
0.0,0.49308064680468916
0.0,0.3241900583736909
0.0,0.2810595301399007
0.0,0.27019023870350795
0.0,0.3050310639757663
0.0,0.3180050701578147
0.0,0.28592710472100097
0.0,0.2534489917832737
0.0,0.29849993893721444
0.0,0.40463838271098207
0.0,0.6143899027413379
3.2329999098181728,1.5131114862556572
16.051999542713165,8.379765276542555
31.69099995732308,22.605776283865172
45.65400109529495,36.056756109111014
53.31100201368332,45.51553149263065
57.23299946308136,49.35078847762198
56.21200082778931,49.284867071099576
51.020001225471496,47.14780402903756
41.5489984869957,41.12987216301263
24.676000065803528,26.36685247639815
9.046000174283982,13.258051900599774
0.5169999914057553,5.515911049144343
0.0,2.0232530280745897
0.0,0.5452740881304877
0.0,0.34521618875985344
0.0,0.2917875842222323
0.0,0.2749341185709151
0.0,0.29830643509592236
0.0,0.3754775752685964
0.0,0.3399186189627896
0.0,0.29209744456534587
0.0,0.32421946661624435
0.0,0.40676851712167256
0.0,0.5566409046016634
0.2739999890513718,1.1095906041469423
3.722000003308058,5.073943372654418
14.2180002117157,14.599714736255509
30.667000463008883,24.619511278544863
36.03500116586685,32.97536188756427
37.74899899959564,37.22500630459438
49.67999956846237,38.49402004271746
49.18000017642975,38.48767995536328
39.55100149154663,34.19544359934827
23.832998995780944,22.006252764991178
8.933999940752983,11.5523666094228
0.5930000260844827,4.997349901131044
0.0,2.0575853522921292
0.0,0.6702548172852646
0.0,0.4357650904140124
0.0,0.3497421157181573
0.0,0.31169658586460475
0.0,0.36013079531646014
0.0,0.33040911229637754
0.0,0.29400560781126833
0.0,0.2550770210303987
0.0,0.2931579365984847
0.0,0.3872617410612293
0.0,0.5751210969383828
1.2389999517798425,1.3241884940195208
8.907999684810639,6.824577138060704
18.85599933743477,18.93376078112672
30.15800054788589,31.499274996481834
48.80199874639512,41.44367517452687
55.30800077676773,46.136745970733465
53.46000154495239,46.82923266281685
49.48299861669541,45.12235480883469
40.29899795293808,39.27928108935554
23.63399952530861,24.96897614767465
8.37099996805191,12.632496338452524
0.2670000065490603,5.361784403396304
0.0,2.0250876397825777
0.0,0.5665862678868386
0.0,0.3575632937454308
0.0,0.29591336746932934
0.0,0.27422978436419115
0.0,0.30522665253141895
0.0,0.45219398507693165
0.0,0.4466036901607489
0.0,0.42342487260311223
0.0,0.4992813276437422
0.0,0.6742687335074878
0.0,1.024057723993125
3.202000019401312,1.9745932031438373
16.962999544143678,8.184862922653556
31.150999381542206,20.250116863225898
42.39199955701828,31.34486518683533
48.5270001077652,37.448597076659404
36.3989985871315,35.90198560126126
15.172000201940536,29.20163537704696
6.096999939680099,20.94982460882515
1.7750000240653754,13.002911882698536
1.2800000097602606,6.37169435594231
0.0380000012926757,3.166119283526205
0.0,1.5301606206254412
0.0,0.7359152144166486
0.0,0.42517525645516185
0.0,0.37068345142761244
0.0,0.3508677235672561
0.0,0.3666908614616841
0.0,0.4544754634370716
0.0,0.3351878269257334
0.0,0.2891986282022359
0.0,0.25147880454702914
0.0,0.2988069997487279
0.0,0.41647438207641246
0.0,0.6595354758125419
4.128999980837107,1.632655148173993
18.381000941991807,9.360570160013934
34.962998197078704,24.551935044291117
48.78200123548508,38.296936622497945
56.433998668193816,47.407584543575844
58.59200039863587,50.73389299737911
57.72399833202362,50.168068139416484
52.852998216152194,47.69938498665889
42.59699869155884,41.29581200543792
25.30699999690056,26.417040794563167
9.776999983787537,13.06121452975397
0.7710000304505229,5.359223028230481
0.0,1.9172085625177715
0.0,0.5038859992505361
0.0,0.3202690989819044
0.0,0.2728183011586467
0.0,0.26131892956638086
0.0,0.2927397617627866
0.0,0.3552969882676067
0.0,0.31019489161514985
0.0,0.2724967477113629
0.0,0.3207980393028507
0.0,0.4437935047162076
0.0,0.6941740622146367
4.383000051975251,1.6947273700288497
16.841999814510345,9.376875609622028
32.45500100016594,24.453502149445313
45.51799912452698,37.90443364615242
52.47300032138825,46.622535352185366
57.19300033330917,49.62012139506638
52.264998273849486,48.910991627946494
47.53799831151962,45.894263622959464
35.59800132751465,38.90539815224087
25.63599972009659,24.427310344241562
9.410999935865403,12.326266127720785
0.5919999964907765,5.194219674978716
0.0,1.8893038043243966
0.0,0.5179354942605521
0.0,0.3372568660438992
0.0,0.2919340933455775
0.0,0.2823386685775282
0.0,0.32006265161869424
0.0,0.33013673990576836
0.0,0.29317322708355886
0.0,0.25775263887442024
0.0,0.29859602351905773
0.0,0.39949604419991375
0.0,0.6019799612873854
2.8959999498724938,1.464514826387167
16.606000019311907,7.993383688352381
34.08700000166893,21.66136120282113
46.44200079441071,34.76809246050815
47.78399891614914,44.29511315728228
54.73699954032898,48.34894541867078
51.65999962568283,48.557102966085075
44.93600090026855,46.584424024869996
42.47300015687943,40.780031635072085
25.59299973130226,26.5003257719148
9.713000143766404,13.686694745663553
0.7239999874681234,5.804942925339565
0.0,2.13418105509559
0.0,0.5644177140706841
0.0,0.3534092194664602
0.0,0.2957121412479319
0.0,0.2766476966890817
0.0,0.3047390315743784
0.0,0.38653194626017157
0.0,0.3632832367407779
0.0,0.3223345328137899
0.0,0.36138179970439516
0.0,0.46552096095634626
0.0,0.6639093774006081
1.398999936953187,1.2947248160171634
11.690999628305436,5.851841102959589
22.92900099873543,16.205069703496992
28.653000940084457,26.863204544583954
29.34399956583977,34.69314548648894
33.81399988174439,37.09950024084498
35.19200009584427,35.75385480588303
31.44100026130676,31.947538565695286
24.62100074887276,24.403037455777326
16.540999892950058,13.28484686454137
5.11500014781952,6.625326995827879
0.0449999998416751,2.9763478417803224
0.0,1.2703686982261326
0.0,0.520567046936291
0.0,0.3841892316758943
0.0,0.33304302384688833
0.0,0.31904979707285136
0.0,0.37534131248869623
0.0,0.34283676625074194
0.0,0.30738811552058903
0.0,0.2751323969631146
0.0,0.33117427007372796
0.0,0.4639731845189818
0.0,0.7366656366828831
3.925999878495932,1.7315037100645714
19.09199913263321,8.990648493176948
34.018999016284944,23.40864161302646
45.99300162792206,36.822331888986135
53.61899983167648,45.76793545725445
57.04800194740296,49.05057332283507
55.27699806213379,48.52721731821696
50.676999547481536,45.384588644914324
41.93899924516678,37.88489094367251
25.441999627351763,22.4815876440114
5.752000256478786,10.690443711501237
0.2230000042077154,4.334094402563448
0.0,1.584377369809663
0.0,0.45261690564220763
0.0,0.30975450327231857
0.0,0.2768535114444482
0.0,0.2715111243592886
0.0,0.3066022594777556
0.0,0.3382232551517275
0.0,0.2949142308742739
0.0,0.2603675909689628
0.0,0.31048273213673383
0.0,0.43534718771853176
0.0,0.6977385490123803
4.498999890387059,1.731816021395692
18.43000059485436,9.462464151410385
34.47899927854538,24.3971833094582
46.61200017690658,38.00504973549396
54.39900134801865,47.082528748959305
52.89600025892258,50.51780387462427
53.88699851989746,50.18769835217546
45.69100142002106,47.7247063543275
42.696998569965366,41.30146421891327
26.12199921131134,26.38889531277741
10.33999995648861,13.226983153754846
0.8339999692514539,5.436579812401905
0.0,1.9188406178436708
0.0,0.4943447782704607
0.0,0.32008037799193206
0.0,0.2790962647165482
0.0,0.2687341138596336
0.0,0.2987301503835867
0.0,0.3485818225750699
0.0,0.3138254056273338
0.0,0.28086661647073924
0.0,0.34537688320890686
0.0,0.4932388195884414
0.0,0.7854916484258139
2.165999913215637,1.795957326233232
19.091000900268558,9.255951082181804
33.39599932193756,23.953121245962876
44.1110008764267,37.42216758865864
50.73799852848053,46.246812576875094
56.44099861860276,49.37750849420826
56.2729998087883,48.7747327003628
50.895998582839965,45.36733651049435
39.47700084209442,37.41067014280086
20.32799976587296,21.737947728512808
9.448999519944191,9.967700008206691
1.452999994531274,3.9478842325306807
0.0,1.4320894646601907
0.0,0.41641283234270904
0.0,0.29190803946849575
0.0,0.264774704570882
0.0,0.2629060070697839
0.0,0.3008903678886902
0.0,0.3931418298417702
0.0,0.34628585337195544
0.0,0.2884632618236355
0.0,0.3083851867394211
0.0,0.3772819576730641
0.0,0.49821091033363096
2.1040000040084124,0.9526257790221523
9.336000027060509,4.324851411571726
13.276999835968018,12.44559338706235
25.240999584198,21.01206592574716
26.491000118255617,28.663569240967433
31.6399997317791,33.20387836607794
28.301000792980197,35.27147038354227
34.769000158309936,36.68858517558625
38.78799868106842,33.65023812371617
24.097000646591187,22.707769454748682
8.0099998113513,12.45838151365829
0.6320000248774886,5.621865060371346
0.0,2.424138146767703
0.0,0.8286041823859946
0.0,0.5189859095510717
0.0,0.3891173191756631
0.0,0.3255036582976269
0.0,0.38077085266898697
0.0,0.3622731364518404
0.0,0.3141659004109291
0.0,0.27693700284697115
0.0,0.32981647814391174
0.0,0.4659296153850543
0.0,0.748449474859517
3.3410000249743463,1.8552715749448785
18.31899962067604,10.009392541842534
35.69800120592117,25.331494647401076
47.40600159406662,38.82579612232744
54.1830011177063,47.59949733818571
54.62500033378601,50.75785445553561
54.34499820947647,50.33895758764198
52.28000051498413,47.73118023410439
42.56399951219559,41.21357889028266
26.3959996175766,26.629900188424315
10.689999530911448,13.610520390408736
0.9030000214278698,5.656565627509263
0.0,1.9832665559812448
0.0,0.5000715763036472
0.0,0.32660668102558704
0.0,0.28760047639409697
0.0,0.27817322388679405
0.0,0.3140512911851207
0.0,0.31622105472643547
0.0,0.27999504158661387
0.0,0.24734511785519617
0.0,0.28857371402361115
0.0,0.39443667021036766
0.0129999995976686,0.6191862520117624
4.410000080764294,1.5891010391688907
18.8330009675026,8.856001009726898
36.207999353408816,23.437772160681586
49.082999103069305,37.06241003962855
56.34400165319443,46.69879327287276
58.345999794006346,50.60436706801256
55.95099798202515,50.5001559310779
49.63500106096268,48.55324841586253
39.87000040531159,42.856804254377884
25.05200092315674,28.0848341461954
10.38400023162365,14.180020437693846
0.9539999902248384,5.877361606559717
0.0,2.0999427179425645
0.0,0.5269450824622376
0.0,0.3265172731666825
0.0,0.2762562582758255
0.0,0.25950366761845844
0.0,0.2864333355263807
0.0,0.37111764449315765
0.0,0.3104419543780386
0.0,0.2683850823404888
0.0,0.32373399043145273
0.0,0.46802267006986464
0.0439999983296729,0.759223775829499
5.635000131726265,1.8844202773746417
19.242001004219052,10.683575456111383
36.91100141525269,26.64536294514934
50.33799901485443,40.404659043538075
57.46099902153015,49.15180235852798
59.70300015687943,52.18641279550891
58.00699926137924,51.526615682976946
52.64200147151947,48.98484359315287
42.26199930429459,42.51358565602451
26.120000692605974,27.807511967315033
10.571000373959542,13.998105811076238
1.070000021196902,5.717314446272795
0.0,1.9497612998048621
0.0,0.4850329356904452
0.0,0.31554129544800763
0.0,0.27533139304801196
0.0,0.26738418184220786
0.0,0.30026005259482186
0.0,0.46704134985338897
0.0,0.41567968037677927
0.0,0.3374422891321592
0.0,0.3545839577207031
0.0,0.417724588860292
0.0,0.515531334069868
1.7519999852776529,0.852801278293288
5.4569999989867215,3.501688417621578
5.789999840557575,10.024148479290307
6.417000166773796,17.10297426170359
9.0149995136261,23.27922807159523
19.696999834775927,26.6908157828326
44.0629994559288,28.859301561638713
42.25999873161316,30.853501208337644
23.73599997639656,28.40376753482347
21.991999714374543,18.717156947369997
8.799999569654466,9.760470218270397
0.1629999937210232,4.292447005511106
0.0,1.9282385268628905
0.0,0.7568577337947985
0.0,0.5232552518920662
0.0,0.4141123190180709
0.0,0.3515829618632172
0.0,0.4118911309982651
0.0,0.39188603794590254
0.0,0.32770486207756516
0.0,0.2780555533012375
0.0,0.32156923385880265
0.0,0.4450537382485345
0.0,0.6952619111910462
2.2029999811947345,1.657983329682611
19.06700019001961,8.752400354746108
33.9450004208088,22.514775235392154
34.36399921298027,35.54946548522761
37.307998015880585,44.96694597947101
58.91999983549118,48.919424707181754
59.08299926757813,49.15847022856275
53.58199950695038,47.079997169536846
43.28300204753876,41.21030228054151
26.80200084924698,27.846908278502525
10.969999601244927,15.052364217623449
0.9949999840185046,6.47861724439698
0.0,2.268632060990591
0.0,0.5662936618016102
0.0,0.35710353531098615
0.0,0.3029242144082673
0.0,0.28986051403451707
0.0,0.3320241770567372
0.0,0.3730488425625178
0.0,0.331361827266713
0.0,0.2961299371696077
0.0,0.36309026954074697
0.0,0.5310474540448437
0.1009999962570145,0.8790695822743388
6.178999798893929,2.043231585354855
19.624999758005146,10.234930211125564
32.94700015544891,25.383893649366996
36.19600002527237,38.76210493452847
48.48099925994873,47.26038396125039
55.86199919939041,50.093477715713284
53.43799935340881,49.27685628219197
44.51300096273423,45.56732174263646
35.67799958705902,37.21480255126952
16.03700038254261,21.645216617813958
5.192999888658524,10.085127228973432
0.5139999989047647,4.033930205443563
0.0,1.4164978957428442
0.0,0.4077204292073535
0.0,0.288094305168682
0.0,0.26499510487463945
0.0,0.26509771548522015
0.0,0.30799330436546973
0.0,0.34113461551334084
0.0,0.3060687778517604
0.0,0.2752053049315387
0.0,0.34097769726533445
0.0,0.4990828650421462
0.0129999995976686,0.823940757793995
5.909000024497509,1.97014885051564
18.057000596523284,10.382676921713477
34.04000092148781,26.038448120728134
45.47700176239014,39.49412396617234
51.99400078058243,48.10505663692951
52.75900005578995,51.047393475795786
49.44700063228607,50.126260814319046
45.205001928806304,46.8517698882396
32.90700102567673,39.10529360577465
19.944000725746157,23.0982429988496
4.760000168681144,10.65905701630128
0.2189999981597066,4.201845540790043
0.0,1.4904910700915692
0.0,0.4171564650970201
0.0,0.287990833929119
0.0,0.2611888215434737
0.0,0.2603836650176284
0.0,0.29859669583073506
0.0,0.35875659473628424
0.0,0.3155264521956754
0.0,0.262775290797775
0.0,0.28581863521443057
0.0,0.35771306757194293
0.0,0.49568651319248597
0.8869999972358347,1.0336452677287162
10.01900047004223,4.90725300798503
21.122999415397643,13.84336364048223
29.852999480962755,23.45375036602219
33.02800075531006,32.673136453802385
40.00900118112564,38.477712418834365
46.8530014038086,40.82010760481159
50.16300025463104,41.62842357487728
33.74099951863289,38.01700443196421
25.669000953435894,25.747997045603892
6.851999945938587,13.744285322027283
0.801000019647181,5.99424514854094
0.0,2.4093943826675726
0.0,0.7419033145369031
0.0,0.4502002700138837
0.0,0.3400396766800744
0.0,0.2902151184886073
0.0,0.3382379195389027
0.0,0.379611379803003
0.0,0.3188232877734117
0.0,0.2749042010602231
0.0,0.33218070261801275
0.0,0.4830892696216082
0.3700000058300793,0.7813396191860861
8.248000179231168,1.940059674005024
23.537000505924222,11.026853581145408
40.64800134897232,27.43286500830203
52.43599999666214,40.926967576046785
58.87399898767472,49.370604993104934
61.71100001573563,52.1966921697557
59.47799940347672,51.47345255929977
53.94100165843964,49.06431188280384
43.463000185489655,42.957642901508756
27.576000647544863,28.72019693644717
11.260999740362168,14.700721357685204
1.0590000165998936,6.017856063536214
0.0,2.0524196449597363
0.0,0.49561403360450645
0.0,0.31948306444877134
0.0,0.27734107585235807
0.0,0.2676053747488185
0.0,0.30478599956647173
0.0,0.3943593617272563
0.0,0.33626807963242755
0.0,0.29146623279976963
0.0,0.34097347935739286
0.0,0.4812073552887887
0.181999994367361,0.7594572157738732
3.778999892920256,1.8453404278440093
19.7480000603199,9.829404661046963
36.962001640796665,24.677669475326937
47.84600023746491,37.69698834416767
42.675000486373904,46.469340824484824
59.87999948978424,49.84038766791423
57.66400169134141,49.65358879828205
51.11100058078766,47.499072306392094
43.45399966239929,41.73286158302799
27.396000455617905,28.3287668829939
11.786000128984451,15.253939038530612
1.4249999361485244,6.435860238062062
0.0,2.22994826811327
0.0,0.5565583130748323
0.0,0.35647665649186816
0.0,0.3064097808037574
0.0,0.2934069132183989
0.0,0.33375521534510577
0.0,0.3346358594073293
0.0,0.2885576985613443
0.0,0.2486478582692022
0.0,0.29215628117478143
0.0,0.4072332221564526
0.0,0.6475774669018575
3.867999959290028,1.6594105651928113
13.813999552726743,9.276803157149503
30.53200083255768,24.084317552770177
49.370001177787785,37.72541513325026
58.99100167989731,47.31620555241903
61.84899845123291,51.17956259294103
60.0560005903244,51.295948252590996
54.67899936437607,49.46766783701877
44.42500041246414,44.0471552689063
27.79700025558472,30.00867890438065
11.984999599456788,15.856793329035861
1.481999954134226,6.710700254590872
0.0,2.3147701106457195
0.0,0.5454682620777749
0.0,0.33383127271973834
0.0,0.28210744733534127
0.0,0.26975933167462546
0.0,0.2981004037971919
0.0,0.3227095325027282
0.0,0.2833303095276157
0.0,0.25198386553830154
0.0,0.30504416006384416
0.0,0.44404967991402367
0.4440000134147703,0.7402092087726729
8.70299952328205,1.9862417351423451
23.69999993801117,11.347404464579498
40.3970013666153,28.033506522948542
51.164001379013065,41.50667255387952
57.409998795986176,50.02861178574463
59.79100070714951,53.037710337887205
57.87499843597412,52.55470512788744
53.014999415874485,50.56793499770263
42.75899989128113,45.18493421683709
27.294000004529952,30.91043094792714
11.25099995791912,16.228441095156597
1.4999999733269216,6.698098765570514
0.0,2.240534519896998
0.0,0.5136277616474157
0.0,0.3208112943676921
0.0,0.27981003629354134
0.0,0.2690072718739975
0.0,0.2942981499697392
0.0,0.3547988662480687
0.0,0.29575921250584847
0.0,0.2563847358711064
0.0,0.313850006063003
0.0,0.4692255260143429
0.4129999946244061,0.8030429890681989
8.544000209569932,2.1165615859922644
23.43100096344948,12.022978674154729
40.32399894952774,28.70991330585132
52.4610009932518,42.19959705705444
58.69999845981598,50.708999976937974
60.3869988322258,53.57652305722237
57.29099963903428,52.856631045515336
50.73999910116196,50.69523870263249
42.25299878120423,45.03300027505805
26.330999491214754,30.97918945559611
11.31399951159954,16.43371595010472
1.4339999457448722,6.806224167297285
0.0,2.213765957469198
0.0,0.4987653765656675
0.0,0.3126723864224429
0.0,0.27349544798877706
0.0,0.2657495460038383
0.0,0.2977797810694513
0.0,0.40167086847281713
0.0,0.32888431451050565
0.0,0.2852793712619071
0.0,0.3551183236894819
0.0,0.540844134275491
0.4649999930150807,0.9156562927163515
8.832999776005746,2.269438533506667
23.57900020837784,12.503605417056631
39.53300044536591,29.48362995654345
50.27200065612793,43.002638822471106
56.05900015115738,51.055197053278484
57.55199837684631,53.47140533568958
54.9299993467331,52.4666924593846
49.67000081300736,49.586896862487
40.307998476028445,42.61559876559923
24.528999053239826,27.669581765271726
10.424000388383863,13.937470994079485
1.120000024586916,5.673669506161629
0.0,1.8796405393191769
0.0,0.4473069010434361
0.0,0.2984028689842671
0.0,0.26958122063505774
0.0,0.26774029745875544
0.0,0.30789755618122094
0.0,0.5490939556380424
0.0,0.506485426131015
0.0,0.418958215204378
0.0,0.4257102297440481
0.0,0.5055546151303375
0.0,0.636456099068746
1.438999965339899,0.9792832866148093
8.1609999153018,3.6040839742713917
13.793999987840651,9.678525962233543
15.983000324964523,15.800599720999598
17.537999871969223,20.419405155231555
19.94799981713295,21.403535110813877
26.59900023341179,21.466324194346868
32.09799942135811,21.49129644965132
23.904000840187077,18.417881993968038
8.95499979197979,11.769918271520487
1.2500000205636024,6.53424354682987
0.0439999983296729,3.119786348994822
0.0,1.4836339068668896
0.0,0.7057275384734384
0.0,0.5449180445012947
0.0,0.4588929593462187
0.0,0.4097297829560315
0.0,0.5175276411829205
0.0,0.36955744212260466
0.0,0.3044491031183861
0.0,0.2627082227760305
0.0,0.31403331638080995
0.0,0.45678839204910515
0.0,0.7616354821824158
0.2329999952577054,1.9795696087135004
9.473000230193138,11.141429476058109
24.963000086545943,27.13040002182126
41.63199965953827,40.789473576011765
53.91600066184998,49.60055495036145
60.57900040626526,52.804543555925285
63.71999810695648,52.411467680546146
61.85599840164185,50.26290812143435
56.12400027751923,44.539917370937765
45.61900134325028,30.566234201397744
28.512999877929687,16.37616112077919
12.479000354409218,6.863281034570342
1.6970000264793634,2.2644039613586693
0.0,0.5111545208538882
0.0,0.32166494240518656
0.0,0.2805660602962598
0.0,0.2711695826488236
0.0,0.30253132941434163
0.0,0.4241392832024333
0.0,0.37742913480071966
0.0,0.32084161893154184
0.0,0.3637777849651562
0.0,0.4909318971020791
0.0,0.729696637542608
0.0380000012926757,1.4731465269175048
1.6209999597072602,6.992246885815014
4.828000127077103,18.547207574546338
16.65700024485588,30.134354196637872
38.51700118780136,38.716237199803196
52.482999076843264,41.57380350260686
44.3970006108284,40.356540672344465
36.737999119758605,35.82073597514381
38.8229984331131,27.245298271570352
18.70400100111961,15.641576730251934
13.074000247120855,7.896167618790642
5.972000091671944,3.4938087236384554
0.6049999960884452,1.3693461208123094
0.0,0.49526109600905327
0.0,0.35513300330378117
0.0,0.3057213397153343
0.0,0.30430298542138184
0.0,0.37371889627383403
0.0,0.38671654017564533
0.0,0.31927088530501346
0.0,0.258584936800568
0.0,0.2870909384304347
0.0,0.3738145813990074
0.0,0.5363402828527615
0.333999999538064,1.1706424680383256
5.052999853491784,5.8726590534703185
8.542999923229218,16.193495744392276
22.62399993181229,27.316559460908177
44.92799860954285,37.45794630159934
50.82900199174881,43.449476989271744
45.489001090526585,45.56943739044169
58.62400134563446,45.43373737206062
55.25499997854233,41.31839172507947
45.11599903821946,29.285763110353923
26.51699934720993,16.361945608571794
12.239000440835952,7.2935345741943465
1.738999985679984,2.7344980310904794
0.0,0.7157223521910298
0.0,0.4200845024408772
0.0,0.31992372472770514
0.0,0.2837624824334246
0.0,0.32939213986896604
0.0,0.3650896177021787
0.0,0.30142120909256237
0.0,0.2622791467327624
0.0,0.3201239863325221
0.0,0.4719539900318099
0.0,0.7863221370894462
0.8290000138431788,2.0176075372821654
10.876999673247338,11.26153784241838
25.94600016474724,27.3712348012502
41.43600104808807,40.96613515228033
51.775001745224,49.56603381494681
57.72399833202362,52.631794186731184
60.27900077104569,52.172927778400485
58.44399909973145,49.878175425368056
53.08400068759919,43.94216848029444
43.80499952316284,29.96697857310996
27.363999508619308,16.11222711708707
11.661000280976296,6.8065399344288755
1.6569999980926513,2.2338617545133457
0.0,0.5084159986511804
0.0,0.3240975585331519
0.0,0.28559643923615413
0.0,0.27822675523775003
0.0,0.30847858274433143
0.0,0.5612244214179615
0.0,0.5281817687667596
0.0,0.43016952382633455
0.0,0.4140284149185754
0.0,0.4622124946621868
0.0,0.5481867358981012
0.0320000002440065,0.7356008044218956
0.1730000008177012,2.353765605734661
1.0420000270009042,6.168075958353778
4.276999996006489,9.815208686937888
5.979000042080879,12.379022387141982
5.167000146210194,12.304154670561353
9.544000020623209,11.884897702808182
8.845000131130218,12.946497882641852
10.31300044119358,11.936099195803207
11.617000005841255,8.182388157211244
9.446999974250794,4.8323304316432525
3.855000088065863,2.5717846739152446
2.0939999648183583,1.5407595019795313
0.0,0.9624147603528884
0.0,0.7944956737034955
0.0,0.6820224105737482
0.0,0.5643243621732108
0.0,0.6178285757948955
0.0,0.627101665426356
0.0,0.5930467315103548
0.0,0.5302902401331812
0.0,0.5887319109619905
0.0,0.7956426176498644
0.0,1.1562448091354842
1.13000006377697,1.9084026862587782
11.628000074625016,6.199529197138424
27.7999990606308,15.03681183774024
38.626999821662906,22.614758786844714
17.18599972486496,26.284442707598213
16.662999908924103,24.421554531132184
12.433999792933465,21.087235242320844
7.312000208199024,18.6504978016826
14.735000363588334,14.841022933280717
19.72100054502487,9.735678019588812
17.87399954557419,5.622798130388062
9.878000148534776,2.744807451254067
3.087999983429909,1.3030026933112338
0.0,0.7004174245971565
0.0,0.5907040883484296
0.0,0.5151646596294207
0.0,0.49209658972298104
0.0,0.6366749936155975
0.0,0.35542182045911125
0.0,0.29971125154135125
0.0,0.2622149325464852
0.0,0.3154926487236904
0.0,0.460757068725458
0.0,0.7742265723498227
1.090000035390258,2.0371208807313814
11.56899961233139,11.441137170450142
26.97799989581108,27.874062682824828
43.10099922895432,41.41055988773704
53.65399958372116,49.88587754885356
59.429997982978826,52.79260593280196
51.87899866104126,52.28080123695235
51.32900138378143,49.96373982127756
55.53699856758118,44.08880348706617
45.22499943971634,29.955160889684535
28.79899961233139,15.97946788602664
12.65500042796135,6.7188053876184854
1.8540000512450932,2.22016461228913
0.0,0.5029238437931054
0.0,0.3181133118093324
0.0,0.2805243827689749
0.0,0.2736571253021247
0.0,0.3053112026133264
0.0,0.34141754527964313
0.0,0.2913623905694112
0.0,0.24868574947584418
0.0,0.2873009687794062
0.0,0.39285472066452104
0.0,0.609049510861126
0.3119999903440476,1.5381933974878244
8.253000070452691,8.40038767682078
17.193999961614608,22.149619923743114
32.9459998691082,35.52642234771202
51.40199969291688,45.67467626333237
54.94899862527848,50.178900702968235
60.09899852514267,50.75554310819755
61.327000975608826,49.29168714617689
55.30199905872345,44.324018702736744
44.89700000286103,30.979059890176476
28.79099937558174,17.002510656903805
12.595999965667724,7.377100962410526
2.003999997228384,2.5568167801597155
0.0,0.5917112232993046
0.0,0.35362284184899173
0.0,0.2918634450164002
0.0,0.2747992996242829
0.0,0.3029087489075027
0.0,0.3357016722143938
0.0,0.290466802752732
0.0,0.2561906416489122
0.0,0.30656477599870413
0.0,0.44237632227440676
0.0,0.7271060365702335
1.3640000565350057,1.9522933397535238
11.765999537110329,11.075516534221046
27.17500084757805,27.262178150465093
42.85199981927872,40.88609754679104
53.26199825286865,49.76375523229441
59.377001292705536,52.99740165067215
61.055001142025,52.663936101011934
59.30800002098084,50.68913718226056
53.97400083780289,45.32685159383963
44.36299909114837,31.44033123501266
28.12700026512146,16.941348439877235
12.095999546647072,7.144775820416399
1.867000050842762,2.3636410631662392
0.0,0.5324562902228597
0.0,0.3315137938184974
0.0,0.2880841036637624
0.0,0.2775571514557426
0.0,0.30044731693652765
0.0,0.35771828731677174
0.0,0.30606935193374135
0.0,0.2704833536377797
0.0,0.3382062246867766
0.0,0.520661354129358
0.0,0.9142993837726924
1.1789999733865262,2.3521904654956116
11.15500019788742,12.7734953799285
25.40900044798851,29.869854895596706
38.24599958658219,43.2193444095552
51.57500198841095,51.270483763789144
57.65000179052353,53.80968873778979
59.59100095033646,52.922647326625885
56.84900042295456,50.29285116773099
50.62199817657471,43.702724981345234
37.94899875640869,28.396351068895314
26.548000007867813,14.1296565371193
9.631000284552574,5.6236415517865685
1.6159999401122331,1.8235497228758568
0.0,0.4333768037559154
0.0,0.2882944394896428
0.0,0.26210266587014003
0.0,0.2610120064586711
0.0,0.29469895240385086
0.0,0.45631692076567565
0.0,0.37854639255053674
0.0,0.3232956268001968
0.0,0.3748034867978034
0.0,0.5327543437511969
0.0,0.8418976305557105
0.5900000014901161,1.9542908801681678
11.195000354647636,9.78465845445171
26.45100098848343,24.090021792041757
37.02300062179565,36.53099602811039
51.3060009598732,45.04791350054245
55.64500073671341,48.336676805814115
48.31099987745285,48.265730072495835
43.195999729633336,46.09362025664498
42.53300090551377,40.401897461495054
37.80999798059464,28.108114199492462
25.709000083208085,16.068806691598144
11.521000245809557,7.045938653586588
2.076999975219369,2.3916790528591565
0.0,0.5972422500047833
0.0,0.38751787757035344
0.0,0.33327496918772037
0.0,0.3229426634614356
0.0,0.3794454374560155
0.0,0.4022394200523074
0.0,0.32494615176459773
0.0,0.2649840919215542
0.0,0.2964133085062106
0.0,0.3974961074946137
0.0,0.5945574448381862
0.0499999993783421,1.3770068007218652
2.892000088244677,7.124422027878464
12.02099963784218,18.90839253462851
32.146000841856,31.060259323989353
44.62500016927719,41.389184956774116
48.00299795150757,46.743867314880085
50.45800051212311,48.12270393626144
57.73600176811218,47.18171259086579
53.90099842071533,42.572538321067896
43.65699822425842,30.665352251480027
28.107000700235368,17.942579645744214
12.364000288844109,8.254439066598811
1.875000030845404,2.956311801094562
0.0,0.7109622540767305
0.0,0.4133583540601346
0.0,0.32325426496332504
0.0,0.29616713128595923
0.0,0.34112943142962954
0.0,0.3977731762011536
0.0,0.3286829314714608
0.0,0.27087568051647387
0.0,0.30375006585614756
0.0,0.4082788673858158
0.0,0.6069942454403887
0.2149999921116978,1.3759734013226506
10.522999980449676,6.949707871749997
22.55600100040436,18.500630111185213
33.35700047850609,30.215301836654543
49.02400069475174,40.23261203862727
55.38900137662888,45.54564835621665
58.46200014591217,47.005442072153095
55.96399965047837,46.33663114537796
49.12999818325043,41.918138623933
40.26000116348267,30.003548800821108
25.088999193906783,17.25434604527429
10.004999542236328,7.7833159425668414
1.7739999944716691,2.8105371892161206
0.0,0.6997220898450663
0.0,0.4146600865603735
0.0,0.3256651756943513
0.0,0.2949711703850577
0.0,0.3419031458868023
0.0,0.4187432107507872
0.0,0.3475567331056421
0.0,0.3058161327328222
0.0,0.3729793199175037
0.0,0.5663970340563295
0.0,0.9736820063833148
1.5710000205039978,2.405601716119951
10.664999561309816,12.55865194770818
24.36100024342537,29.10933095213026
41.47600017786026,42.290749454982574
51.57199907541275,50.259996159275374
57.07099826335907,52.698759956260524
58.67100042581559,51.62601013934861
56.60900153636933,48.2477795974662
53.044001557827,40.70445479700964
43.91100111961365,25.97243671931947
28.13099935650825,13.47970655259987
11.630999906659127,5.620260855195423
1.7469999656826258,1.870636228539903
0.0,0.4615557716817906
0.0,0.3134616435746041
0.0,0.28633956589037546
0.0,0.2858397192166497
0.0,0.3319902368285693
0.0,0.5865565303278466
0.0,0.5617003244712638
0.0,0.48670122718128067
0.0,0.5132184230318914
0.0,0.6460678203077986
0.0,0.875570969611872
0.6929999686777591,1.3418584199164372
7.941999852955342,4.315167354683702
20.560000469684603,10.794072142007451
33.03899979710579,16.821349037997425
20.63399906516075,20.291318104068438
9.28399951517582,18.891018631073333
7.591999765038491,16.50076992576321
7.053999761939049,14.88362515255809
5.6859998437762265,11.834755039028826
12.876000036001203,7.742111207271616
13.149000155925751,4.499437669351077
5.825999878942967,2.293936352729798
1.2850000293552877,1.182305824169501
0.0,0.6767474028375
0.0,0.5748015515413135
0.0,0.5058061447584381
0.0,0.4749522809816214
0.0,0.6062982104501377
0.0,0.6135146648941251
0.0,0.5423906083063533
0.0,0.4415198949918462
0.0,0.4414807513495907
0.0,0.5349915434094145
0.0,0.6836687416583299
0.962999999821186,1.0249262917911015
9.829000495672226,3.57891412574177
24.478000881671907,9.339602734831471
29.62199906349182,14.733916332945228
25.89199908018112,18.66523196828862
6.098999998867512,19.215813469973703
17.213999526500704,19.071651649698612
20.655000970363616,20.097939406832058
12.812000195980072,18.622857518432042
24.616999603509903,14.203711977017422
24.958000708818435,9.09964892392978
13.877000133395196,4.798631949207436
2.6429999083280564,2.434835044682259
0.0,1.1917152396364445
0.0,0.8637532791518606
0.0,0.6415275575305958
0.0,0.5264631007635034
0.0,0.6413341569861707
0.0,0.42853883687717215
0.0,0.34972631831963863
0.0,0.28920575215248384
0.0,0.3290730204697077
0.0,0.4626870030909776
0.0,0.7368519036091553
0.5970000160858036,1.7290191283527143
8.029999889731407,8.951674781146771
27.79200087785721,22.51104064267129
32.90700102567673,34.80473640306543
52.88799796819687,43.92911103978753
61.96800171613693,47.88805521264672
59.470001220703125,48.201821975211296
52.31500026702881,46.33183471092334
48.21799994945526,40.82411111913622
38.513000042438506,28.636849105084934
24.03200052022934,16.481127080119524
10.529999930858612,7.35875898691127
3.043999965041876,2.5108472065763396
0.0,0.6189331621614595
0.0,0.38201940190512684
0.0,0.31505555120684825
0.0,0.3012432190302449
0.0,0.35741798608253394
0.0,0.4254972199141048
0.0,0.34063599019854635
0.0,0.2867870719754137
0.0,0.3341145736801749
0.0,0.4816012992655548
0.0,0.7812294070391607
1.5750000105053186,1.9513793246052231
12.55100043118,10.355467996423444
27.542999414205557,25.096362183131276
42.131999051570894,38.00106038231402
54.127001514434816,47.086210037916906
60.19199845314026,50.80509125456214
62.59600078821183,50.99779582218577
62.04599940299988,49.3442818304648
55.8070019364357,44.49433031496903
45.801998286247255,32.701941030068944
29.865000863075256,19.620223872037602
13.458000314235688,8.869960580049083
2.6060000970959663,2.91167698339792
0.0,0.6283769202783395
0.0,0.38078060341222836
0.0,0.32142416174601146
0.0,0.30487901449669147
0.0,0.3464688993703264
0.0,0.38118475068515795
0.0,0.31969399455934755
0.0,0.2746156711410731
0.0,0.317502894817541
0.0,0.4485165648418479
0.0,0.7304003502203461
1.8880000304430724,1.8620497178519144
12.579000232815742,9.845810557532433
28.122000887393952,24.37816733895491
42.93000161409378,37.295027641989286
52.6939999294281,46.606987381627164
57.88500129938126,50.5033491278564
59.0199997138977,50.70315415561199
54.71899849414826,49.16337086163461
50.16599905967713,44.30944143220782
39.22100148200989,31.738949925098566
24.42199922442436,18.21368006845005
10.74600016117096,7.994998006358121
1.8270000224560496,2.6614943745247244
0.0,0.5964069292407173
0.0,0.36173356989320987
0.0,0.3054585477057844
0.0,0.2886779803433455
0.0,0.32617386139386023
0.0,0.4911371902228954
0.0,0.43403887526753043
0.0,0.3803481229697354
0.0,0.451796730249965
0.0,0.668345174753728
0.0,1.0863202465348878
1.494000052511692,2.22216892527882
11.00100026190281,9.721500555832561
18.656999866962437,23.126127800668282
31.45999953985214,34.907815332127115
46.68600082635879,42.49945346506933
52.65400079965592,44.282413659257195
39.21299919128418,42.14786759889375
48.66800145626068,36.01024231287341
40.71300147533417,26.395309008651722
23.86399965643883,15.263541541233039
10.751999825239182,7.883275594084214
6.7819999283552175,3.381471153713452
0.740999977067113,1.1910272929177153
0.0,0.431426562659132
0.0,0.3312567767803557
0.0,0.3038562926199908
0.0,0.3171933839633129
0.0,0.40507752911653366
0.0,0.45209275366971274
0.0,0.3630320442584343
0.0,0.30723738150826346
0.0,0.3534857284215589
0.0,0.512492607034122
0.0,0.8471872699058925
0.721999992467463,2.0790613286189426
13.254000439047816,10.931687996480614
29.576000269651413,26.093789288364352
44.68500091791153,38.852344234685106
55.294999108314514,47.3505123970906
61.85799897432327,50.37937537727257
64.00200080394745,49.82794805664569
60.58800092935562,47.11605058065305
52.5910012459755,40.886981647660335
38.03699930667877,28.69216931270746
27.257999966144563,16.913510071986046
13.608000131845474,7.637811749042789
2.754000112265349,2.4886823221773375
0.0,0.5944483338684464
0.0,0.37664513250114395
0.0,0.3232040226498308
0.0,0.31267665785582116
0.0,0.3665775105380453
0.0,0.444274996270736
0.0,0.35578798792557786
0.0,0.280576617945917
0.0,0.30455823493578155
0.0,0.39996700742359576
0.0,0.5770969706013178
1.2839999997615814,1.2304814136074855
5.289999935030937,6.0729980918547755
15.754999739527705,16.231544345567624
33.881000580787656,26.855814767380554
26.92799995660782,36.538363724946976
47.262001440525054,42.256788540755714
58.02799911260605,44.47296947754919
61.31899868488312,44.273785899902386
55.34300052881241,40.02880404476698
43.58399991512299,28.717474089190365
29.573999696969988,16.67023620473842
13.594999490380289,7.67095406769775
2.852999961078167,2.834323494753335
0.0129999995976686,0.7495758060575465
0.0,0.44238571238781627
0.0,0.33385600919136776
0.0,0.29686600491870196
0.0,0.3551035694630505
0.0,0.4327979418084336
0.0,0.3492073182210636
0.0,0.28588418009846156
0.0,0.31850656512115766
0.0,0.42827019357665747
0.0,0.632329793597261
1.979000027626753,1.4424431320497144
6.78399998754263,7.388540527081737
17.069000113606453,19.32238359859834
32.49000075221062,30.986028355434538
38.19200055599213,40.64962232964734
46.20000133514405,45.79856463443488
54.27299813270569,47.41113191590955
50.762001292705534,46.960084735949835
50.91500196933747,43.092455620989206
43.41999814271927,32.21349165986603
29.158999996185305,19.648687951344375
13.649999834299088,9.106527113819029
2.1909998828172683,3.2130005000640325
0.0,0.7598056326899677
0.0,0.4427155798611542
0.0,0.3440804188155259
0.0,0.3109116717109767
0.0,0.3576279558505242
0.0,0.48167794085883847
0.0,0.397688877133963
0.0,0.3270876219216734
0.0,0.36539243154305345
0.0,0.5056434115899416
0.0,0.7715031645749696
1.5190000221133233,1.5999683285093245
8.885999547243118,7.430245787259192
16.944000265598298,18.93102991408358
27.71499936938286,30.022093363888562
40.28800096511841,38.59767463428279
41.32400184154511,42.34463209219277
29.376000512838363,42.87185926102102
42.24700117111206,40.702350050422055
45.0509989118576,34.57637689818939
30.96300100684166,23.04221353593593
24.938999376297,12.854415862491976
10.39500030040741,5.709644087109094
2.4140000635385515,2.040440428260481
0.0,0.5859250452268558
0.0,0.3877550183981657
0.0,0.324491275359566
0.0,0.3119996233571631
0.0,0.3891409707573863
0.0,0.409729649797082
0.0,0.3385323698252129
0.0,0.2959450894516582
0.0,0.35543023002489155
0.0,0.533668080525628
0.0,0.9130643421621062
2.46500003233552,2.3406475512015943
13.063000178337097,12.02909713790752
27.663999143838883,27.774433555106324
41.07400009155273,40.69602213335534
51.039998736381534,49.11434039411446
56.85300156831742,52.230086471065874
59.71499948501587,52.01210838075727
58.21000193119049,49.96522473062078
55.18500047445298,44.58268375674883
43.89200184106827,31.730572767723356
30.31500031590462,18.331819848579666
14.399999949336053,7.971531999101863
3.2319998802244663,2.5441995618046107
0.0259999991953372,0.5562363150149273
0.0,0.35793678600573914
0.0,0.31871777277517443
0.0,0.30902927778700046
0.0,0.34461630606635785
0.0,0.5068020558543503
0.0,0.449669944148045
0.0,0.3999676968630714
0.0,0.4784255230869167
0.0,0.7314392560270303
0.0,1.229500588612476
2.5289998723566534,2.5522092247343
13.39300018787384,10.82514036689885
27.74600003004074,24.699341660887
34.680999608039855,35.980868876613684
47.06000111103058,42.8758705377082
54.07999832630158,43.84639455852409
48.09700021982193,40.56055478512
42.48000010728836,34.56013062357902
21.995000573396684,25.71248605083674
29.148999186754228,15.166890903661647
4.80100009828806,7.888223470688487
0.3420000116340816,3.3344129526087394
0.0259999991953372,1.1759115774576396
0.0,0.44445264389505607
0.0,0.34415751922021925
0.0,0.31476845881125576
0.0,0.32471515623386943
0.0,0.4244260030891746
0.0,0.5299793305348915
0.0,0.42890805688531447
0.0,0.3382721995647686
0.0,0.3622950173223702
0.0,0.4747562542092055
0.0,0.6696186155049751
0.1840000054147094,1.292165309365373
3.611000056117773,5.89352264162153
19.40700100898743,15.6232958712553
24.76699942111969,25.262758463434874
24.87800039529801,33.26324106176694
32.02900020360947,37.33321018988887
45.250998668670654,38.77126816780616
42.38000022888184,38.47656296233337
52.82600075483322,34.2446539658246
40.444998679161074,24.275539382323625
22.74999903917313,14.122793507991977
11.819999594688417,6.5073695035814305
3.5809999385476114,2.5048372616797376
0.0259999991953372,0.7573502489575187
0.0,0.4838894309064683
0.0,0.3743914994814743
0.0,0.33845977474314465
0.0,0.4321524259005673
0.0,0.5873362293311706
0.0,0.5023448964968944
0.0,0.41050230499046547
0.0,0.4377996224871215
0.0,0.5823272409817825
0.0,0.8387480999312054
1.031000022403896,1.5031234410979477
4.559000125527382,6.211344168096159
15.855999904274942,15.854567147990068
30.53200083255768,25.07595084865888
49.06499805688858,31.549837338874738
47.87400003910065,32.5114760705332
32.0930000436306,30.80342259182284
21.579000586271288,27.229212500490252
33.40499984502792,21.176494335755706
24.39999908685684,14.027486244092385
16.478000339269638,8.204783253778395
11.984000340104105,3.95701782938869
2.3399999275803567,1.6165193018262896
0.0,0.629278014144705
0.0,0.4615318960820635
0.0,0.38416454905256003
0.0,0.37556386564159766
0.0,0.5134020675811917
0.0,0.4405397059256211
0.0,0.3487278726549508
0.0,0.2924751756060868
0.0,0.3326922841828006
0.0,0.4683279888774268
0.0,0.7521935325760084
1.2150000117719173,1.8907783488160927
9.10599989593029,9.783189922962338
31.668999819755555,23.694915494074422
43.6919979763031,36.624080176663895
51.7189980340004,46.17122781333824
57.93400095224381,50.267566034570336
64.84699833869934,50.73240420425932
63.365999441146855,49.05710282972703
57.58500166416168,44.10948455800613
47.59900140047073,32.45015596289809
31.984999928474423,19.898002092701695
15.545000200271607,9.241459483890793
3.734000101685524,3.0403195754283416
0.0320000002440065,0.6521221490336272
0.0,0.39323631457130737
0.0,0.3323458941699937
0.0,0.31593644968932494
0.0,0.3569027480095004
0.0,0.46669448741401237
0.0,0.37302817783628894
0.0,0.3169322211318649
0.0,0.3676321089399668
0.0,0.5424044795241206
0.0,0.9131177032366397
3.2400001169741155,2.2109337545690746
14.447000056505203,10.844941492180032
29.28400087118149,25.04887405138463
42.70500086069107,37.76093133815874
53.01999879360199,46.644127669148155
59.96899827241898,49.961576358862224
62.64999981880188,49.59770425252617
61.52200135469437,46.34167355188479
55.359999234676366,39.244637304171924
39.79399918317795,27.307803287456434
32.54700064182281,16.60096433524974
15.676999998688698,7.646768403717627
3.598999957740307,2.365657480673399
0.0,0.5704260670486837
0.0,0.3727651678351685
0.0,0.32895200977955635
0.0,0.3268762359958297
0.0,0.3751068529587549
0.0,0.4813331226663043
0.0,0.38994635801762345
0.0,0.3299029520813686
0.0,0.379480170563329
0.0,0.5516865330546473
0.0,0.9031138195454455
1.3240000281482935,2.087772491159849
12.64400035917759,9.925088619745027
29.0810002553463,23.45591630646338
42.73500123500824,35.645936174951494
53.12499804973602,44.435783835873
60.532001326084135,48.01040729466826
52.41700071811676,48.09444723498077
59.92399976491928,45.64171575271835
55.68900101184845,39.57612224792441
46.1689986205101,27.545815783217552
29.06999915957451,16.097717961948366
13.330999893546103,7.142673939213467
2.920999919474125,2.3476568841243477
0.0,0.5847490833451351
0.0,0.3841058072719412
0.0,0.3363203973633548
0.0,0.3280226883594877
0.0,0.3872935746222114
0.0,0.5622364089568145
0.0,0.4871765457536094
0.0,0.39643023853888737
0.0,0.41903823042986915
0.0,0.543025085045956
0.0,0.7587517376958083
0.0389999987930059,1.3121201174760548
6.056000010073185,5.207652455090234
15.901999725103378,13.331868129310509
22.867999963760376,21.892511966849366
18.761999123096462,28.881859315832457
38.08000134944916,31.11470833506435
39.9440010547638,30.77793975990266
37.90800139427185,27.745063783538836
31.74699956059456,21.416518742367625
19.038000102043156,13.447774442229418
10.938999967575072,7.505648618818571
4.489999880790711,3.5356493600877
0.8409999838471413,1.4485245399014095
0.0,0.5698829721659422
0.0,0.42103054459129147
0.0,0.35702943403196213
0.0,0.3460361405485309
0.0,0.4637804470513947
0.0,0.5638957306354617
0.0,0.47719020242337146
0.0,0.40652588434051723
0.0,0.453031409312971
0.0,0.6338044281040008
0.0,0.9780447103905802
2.419999984353781,1.9039276965521277
5.536000026166439,8.00870540077177
22.728000955581667,19.51507585514337
40.262999968528746,30.386016832118234
49.881001665592194,37.66111514441669
51.8859986114502,38.917728958924606
28.35600010991097,36.44996076226235
24.120999302864075,31.090373118730884
32.014000016450886,23.144172836362074
35.31799920320511,14.24057999977221
21.267999855279925,8.018985498814532
8.725999947190285,3.71182631394205
1.45400002412498,1.4061088503334516
0.0,0.5240900282445363
0.0,0.39422151987673715
0.0,0.3495996148441918
0.0,0.35728708105937884
0.0,0.4667416975678254
0.0,0.48251168773121506
0.0,0.4240488256025128
0.0,0.36085976971158135
0.0,0.39710868751086914
0.0,0.5404475922160782
0.0,0.8149165326620763
0.840000018440187,1.592648072049487
6.408999930024147,6.795372026811044
18.10299939036369,17.28991963153084
32.125999222993855,27.59919619729121
31.45299958944321,35.373809346134465
54.72299963951111,37.892612023937204
52.9090019273758,37.079390276720126
43.36599911212921,33.23742559930931
39.89800020694733,25.952054623731723
18.761999123096462,16.05094242580235
19.829000660181045,8.912078194428856
13.354000317454338,4.0826533207468065
2.6869999267160893,1.5409711475701382
0.0,0.5498212382864828
0.0,0.395802831943923
0.0,0.34045922835357484
0.0,0.3350883546929495
0.0,0.4255620049731807
0.0,0.692230758968896
0.0,0.6314708566603561
0.0,0.49874319338938217
0.0,0.4740410359576344
0.0,0.5472384730718719
0.0,0.6641192066941101
0.5370000055991113,0.9003173347399569
1.2139999821782113,2.87650988483491
1.9870000076293943,7.291216760041813
3.5780001065135,11.435944378798206
8.094000243246555,14.133595610310635
7.409000254571438,13.763711673853296
24.082000459432603,13.297100872633358
16.506000140905382,13.592428806188204
16.67100014567375,12.017949314949412
7.34499990105629,8.85812129341066
5.086999832689762,5.485480863613387
1.521999982520938,2.9599460243309537
0.3099999953433871,1.632816404605207
0.0,0.9177332225084927
0.0,0.7514432024381433
0.0,0.6271593073165665
0.0,0.5389470556820742
0.0,0.6947695638999964
0.0,0.4640010698675177
0.0,0.3623124848864972
0.0,0.30116396124474704
0.0,0.3505506628286093
0.0,0.5208214462082833
0.0,0.8790813883044758
4.117999912053347,2.199202568822851
16.421999709010123,11.151316587633142
30.872999883890152,25.79556487316886
45.9969986653328,38.34792756253233
50.69300002098083,47.35725613301
63.93099895954132,51.21916072584688
67.05800086736679,51.61302961539477
65.20399991750718,50.28003169851999
59.91600158214569,45.97021725706136
50.0530016207695,34.79563073011736
35.09900016784668,21.578226248398423
18.468999438285827,9.80491950055662
5.391000099778175,3.1100825246497212
0.1510000076703727,0.6363669611404961
0.0,0.38771567101745563
0.0,0.3286020658848186
0.0,0.3075261395513856
0.0,0.3504081575362943
0.0,0.4374840799199106
0.0,0.3511862101118701
0.0,0.304030828170944
0.0,0.37276941726993146
0.0,0.586227484580595
0.0,1.040070069724073
4.288000064790249,2.665890496369296
16.525999705791474,13.390555080684523
32.137000318765644,29.523363439453146
47.34199970006943,42.343047843289874
58.95499958753586,50.42651081457734
64.98000150442124,53.288890365411845
67.71100093603134,52.94247328174612
66.12999805212021,50.81576203990728
59.86500135660172,45.38612414934983
49.76199840068817,32.5130992330052
34.58599910736084,18.775300780373314
15.799000014662743,8.056918706192326
5.075999763906002,2.4831577549847617
0.0570000019390136,0.5290965242699409
0.0,0.3479324018900904
0.0,0.31575460407494876
0.0,0.30969763822116264
0.0,0.34453794775608304
0.0,0.39841077123147745
0.0,0.33628369511570777
0.0,0.29246522032500555
0.0,0.35416034114236633
0.0,0.5322296882599282
0.0,0.9172180435325329
1.537000041306019,2.1934583926728615
8.432999748885631,10.761655102996157
21.18199987769127,25.637430284234387
43.61800143480301,38.90986141937475
56.70799907445908,47.67952360207837
63.37400173187256,50.73000479393949
65.05099924087524,50.11805166199804
62.76699840307236,46.35845543760806
49.74700026750565,38.00988586690898
30.87199959754944,23.443229314240938
15.484000192284585,12.189566020108758
10.90500050187111,5.156048764254277
3.3209999465942386,1.6637610443650435
0.0,0.44258341703020654
0.0,0.3075088366299557
0.0,0.281807463436077
0.0,0.28962734586481625
0.0,0.3319233753074271
0.0,0.6571062193616914
0.0,0.5867601610828812
0.0,0.4714924077223986
0.0,0.47397127060685307
0.0,0.5830552221066319
0.0,0.7566864229979303
2.6889999859035014,1.1410320001545673
3.5279999105632305,3.950457186838612
5.608999875783921,10.025775796249508
8.296999832093716,16.141715698180096
13.945000091791153,20.59692408230156
29.39999916911125,20.873426136734583
20.95199974656105,20.122789006357394
15.065000373125075,18.75028163496405
24.220000948905945,15.07087167598307
17.592999188899995,10.27624965208893
7.679000028967858,6.052112007895484
4.209000037610531,3.0472447469333814
0.1799999993667006,1.4326642206590623
0.0,0.6821559063935032
0.0,0.5392068038120246
0.0,0.4542628804648605
0.0,0.424648316729969
0.0,0.5831956768664531
0.0,0.44881197483434027
0.0,0.3553137109025071
0.0,0.2916666975128464
0.0,0.33738271735530967
0.0,0.48400083941873157
0.0,0.7797197744979835
1.6549999389052392,1.7511903419198156
5.135999999046326,8.327782560316846
13.085999575257302,20.557640031725168
33.163000385761265,33.019277006809915
44.8820018696785,43.0529554435114
48.32400154590607,47.829266836792236
49.67599842309952,48.76227794387688
57.04600137472153,46.82722294685741
55.51299991130829,40.86824893525492
39.09100122928619,27.967758671914538
23.1189999461174,15.615108538599065
16.997000036835672,6.855276277389688
7.240000131428242,2.276031084554658
0.0449999998416751,0.5397687424059646
0.0,0.3472016732914684
0.0,0.298853802238591
0.0,0.28957669808063663
0.0,0.3381422802301434
0.0,0.7166109945780287
0.0,0.6675173929853675
0.0,0.5478037963093568
0.0,0.534363769137611
0.0,0.6286550628704329
0.0,0.7860379413639506
0.6860000182688236,1.057867697220451
1.6899999476969243,3.055896214805544
5.414000010192394,7.461394820132603
22.87100082278252,11.613943326783678
22.418000510931016,14.023092078790066
7.346000187397004,12.934272678258518
8.913000089526177,11.73622835914294
7.622000139355659,11.315584292995434
6.777999809980392,9.628201334693781
5.658999814987183,7.0941747571186475
4.686000032722951,4.480420888327061
2.4879999427497386,2.457984744512166
0.7940000050514937,1.3659769519170126
0.0,0.8203261213912629
0.0,0.7122194230897972
0.0,0.6278006936330348
0.0,0.5755710557483447
0.0,0.735023993481882
0.0,0.6189020781149156
0.0,0.5242296200385317
0.0,0.4157826936850324
0.0,0.42827854231776047
0.0,0.5410690163339799
0.0,0.7194659861557495
1.9499999396502967,1.1919878594375526
8.89500007033348,4.672793880874912
14.272000269293786,12.16422028907885
17.82800075173378,19.40088030979037
29.900000615119936,25.07887653556963
28.852000410556798,27.375494951779643
27.91400089383125,28.542013461093106
29.435999207496643,29.235243775447213
37.91700191736221,26.356225595021
46.969001755714416,18.643024558915446
23.115000854730607,10.863015373991802
9.40999964952469,5.055350644056065
1.628000038489699,2.1025353182964803
0.0,0.7756842268475642
0.0,0.5421264953748323
0.0,0.43035947499331084
0.0,0.3836851973040029
0.0,0.5230784824932925
0.0,0.5237907834327779
0.0,0.3937483361945487
0.0,0.30052884593605994
0.0,0.3156799144561713
0.0,0.399602352992321
0.0,0.5450417659478263
0.1710000058170408,1.1099199366010724
4.580999749600887,5.056370496237651
13.807999888658523,13.288408998164037
29.15799970984459,22.358585729437568
32.04899976849556,31.751264737496772
36.17099902868271,38.75765760380775
45.601998529434205,43.06000922191888
48.22000052213669,44.971102762222294
57.365000288486485,42.87273421884825
48.0450017619133,34.12653430384274
35.05200108766556,22.512456572515266
17.70400016307831,11.221247048485095
6.379999842047692,4.215638634136801
0.0259999991953372,1.0227911661813656
0.0,0.5614046163562064
0.0,0.3958295900460022
0.0,0.32995532416350515
0.0,0.39789974554519475
0.0,0.6081920290777149
0.0,0.4774199235610042
0.0,0.4011783636097486
0.0,0.4510114361524271
0.0,0.6613162171204263
0.0,1.0725383149840249
3.30900010496378,2.313952541889933
16.70899972975254,10.117022231947631
32.10800023078919,23.093822858879964
45.93300087928772,34.61659775747607
56.547998447418216,42.563098899424084
62.5120013833046,44.83898043756684
26.566999286413196,43.01343219485134
27.667000002861023,38.781615593743815
21.682999556064605,31.833680754372228
28.80699984908104,22.62805080622435
33.15199928998947,14.426621272449074
19.958000626564026,6.982632069969548
6.329999902844429,2.3408358323515857
0.1150000013783574,0.6847245621192269
0.0,0.466930068921453
0.0,0.3972531586862169
0.0,0.3947928166684384
0.0,0.4844674016977661
0.0,0.4430729712173343
0.0,0.34070595444412904
0.0,0.2615989840418721
0.0,0.27966419919937224
0.0,0.3581905843193333
0.0,0.4998029300725708
1.0860000453889371,1.0582559334804926
4.548000056743622,5.069935018094257
12.816000314354897,13.562528354364138
27.65199981570244,22.973537611762683
29.990999970436096,32.884364657650394
31.5459995174408,40.3710820789511
44.91199813604355,44.42810101624578
48.527998340129855,45.978947441453734
35.17399904966354,43.54932127002005
43.14200069904327,33.88953821080426
34.05499905467033,21.65794538978177
18.383999747037887,10.7379605721465
7.1009998691082,4.066659718802742
0.1600000012200325,1.0410350118903444
0.0,0.5576184868207201
0.0,0.38543938347604123
0.0,0.31767620333159957
0.0,0.36405097466815883
0.0,0.5024280458409339
0.0,0.3920128663101545
0.0,0.3244410870643332
0.0,0.3636073874860691
0.0,0.5152185697023136
0.0,0.8213948221535733
4.381999765634537,1.9133974675834178
17.17000027835369,9.401714871575434
30.65300056219101,22.417187486179174
41.257999374866486,34.51318299648663
47.63299881219864,43.70632318429649
48.22299932718277,47.5251232345899
58.4480002450943,47.495114772406716
46.4659994506836,44.656857403715456
30.90699934959412,38.43688048827152
29.676000148057938,28.187526633348316
37.88300039768219,18.531759542456516
20.05100055456161,9.265351556271005
6.074999802112579,3.0404246321398145
0.0939999977080151,0.7394073103329477
0.0,0.45482646121565873
0.0,0.3751325373056655
0.0,0.3605350283447963
0.0,0.418090065146486
0.0,0.5278334869995402
0.0,0.45663826985517514
0.0,0.3785296973104899
0.0,0.413213192607897
0.0,0.5624543649222081
0.0,0.8367228499807728
0.2839999961480498,1.5557598266649684
2.7270000834763053,6.489353707460687
10.43599971652031,16.462615145233773
21.735000067949297,26.44962760604918
32.15399902462959,34.002238254000744
50.925998957157134,36.263927773671846
49.67599842309952,35.11540351082881
37.45199816942215,30.896626539615294
30.01400039434433,23.472630594378955
27.2649999165535,14.358735907816637
14.37499997973442,7.855490567485493
6.914000240266323,3.620338628681687
2.1909998828172683,1.4149910770601128
0.0320000002440065,0.5289837597520091
0.0,0.38887375287634013
0.0,0.33438803240113574
0.0,0.33228589985053986
0.0,0.44271762969437983
0.0,0.5479134519561194
0.0,0.4682751450835107
0.0,0.3893615316910048
0.0,0.43074231633838894
0.0,0.591605830079255
0.0,0.8810931168698395
0.7830000004544855,1.6428620267667189
5.079000109434128,6.780562393482154
13.26400022149086,17.086794245205823
30.374000778198244,26.956559183299543
44.20800194978714,34.32117207127313
35.71999928951264,36.972834287708004
36.41400082826615,36.99234897181392
43.03900201559067,34.593830934775376
46.82899863958359,28.408114614648127
34.46799818277359,18.158917511866118
14.236000230908394,9.961566009136538
5.47999990940094,4.4200002554742
1.1359999845921993,1.628004588385035
0.0,0.5420303886329444
0.0,0.38947204665358487
0.0,0.3349414538002262
0.0,0.3286456411735465
0.0,0.434172362377091
0.0,0.47384934561482317
0.0,0.36412445970733337
0.0,0.29723474857242155
0.0,0.3317810383586523
0.0,0.4599597099081923
0.0,0.7213896777876653
1.7809999448806049,1.7282096161623484
9.387000252604484,8.58558152804772
24.6490005505085,21.110368834286927
31.344999474287032,33.1758456752946
28.693000069856645,43.05740936890245
41.98500009298325,48.11153040034075
40.95300036191941,49.610061596942444
53.26799997091293,48.97913808496048
54.753998246192936,45.30585049315045
47.33400151729584,35.101717800473175
34.11600008964539,22.855441372155525
18.799999734163286,11.105466811386869
6.094999880492687,3.72250714600125
0.2579999969527125,0.7624013790550331
0.0,0.43928417466580866
0.0,0.35374462015305946
0.0,0.32274759805761283
0.0,0.3718893195556787
0.0,0.4007431000455593
0.0,0.3225486740826939
0.0,0.2782030475558713
0.0,0.3243945193306232
0.0,0.4665362535137683
0.0,0.7740052342500228
3.076999914646149,2.081475586299008
14.040999851822852,10.97271805225561
29.368000276088715,25.867028724116583
43.16700169563293,39.28506812827041
53.0120006108284,48.81195455382268
57.98300060510636,52.65735387044648
53.70700038194656,52.86005962924411
46.61600132226944,51.3641508844619
56.72399954795838,46.873246151891856
46.40200166463852,35.06754658237721
32.555000878572464,21.79750473684321
18.74299984455109,10.207374478528898
5.382000090181828,3.2773913292625614
0.1830000079143792,0.6489965582778678
0.0,0.3896580818349806
0.0,0.3338401688759525
0.0,0.31402597535789634
0.0,0.3374551364453509
0.0,0.44524657143124685
0.0,0.37462837643300495
0.0,0.3326025414870431
0.0,0.41741016867881015
0.0,0.6566440223987836
0.0129999995976686,1.174979090326621
3.0980000226199627,2.637308186922843
9.645000185370446,11.52819099796936
21.015999586582183,25.95206026973203
41.513000502586365,39.15001172204812
46.59199855804444,47.71644940226029
49.92600017309189,50.34291928876192
58.46699952363968,49.154767001519595
58.54700189113617,43.44681834052006
48.60300132989884,32.5518124975947
16.83300031840801,18.21277660384774
4.747999813556671,9.139280938891073
2.662999986708164,3.793050528742994
0.1530000026710331,1.185220024774705
0.0,0.36557045944190275
0.0,0.27749402743376167
0.0,0.26743393169017504
0.0,0.28591093775389403
0.0,0.33639306137338276
0.0,0.5451213910671262
0.0,0.4546339556730042
0.0,0.3942609489701378
0.0,0.4572906195977702
0.0,0.68150788330473
0.0439999983296729,1.1334676869182536
4.989999786317348,2.4076229445644035
14.541000270843506,10.232412339014312
30.888000071048737,23.327366100326184
36.44000005722046,35.18570156656205
44.5270008635521,43.03391195600232
45.64900171756744,45.01474416938921
44.27400030851364,43.02211230059464
44.71000191450119,37.12992126569152
25.63900057911873,28.005423010991265
25.98799986720085,17.192013008582098
13.404999516010284,9.625301230770225
5.9119998565316205,4.2910568596981475
0.7129999828711152,1.4487447117641568
0.0,0.4847645473627684
0.0,0.36355109889448306
0.0,0.33441662015160545
0.0,0.34846845852288727
0.0,0.43427947041811416
0.0,0.5592416516334439
0.0,0.46618180846640217
0.0,0.3659118514787405
0.0,0.3745083793144052
0.0,0.46232617503032086
0.0,0.6036670822269904
1.4349999753385785,1.0161063116602598
4.311999748051167,3.911906368810063
6.456000037193299,10.259716211433211
9.53400023818016,17.076178826888402
19.8210004234314,23.470035966907943
28.89299982666969,27.49135185558349
26.759999092817303,30.51790527451783
24.382000094652177,32.229880928527564
42.96899840354919,29.539498711091777
34.70400003194809,20.861405773581936
19.6130004298687,12.264649592923623
12.97300008237362,5.852589345946908
4.171999969631433,2.4103113884746565
0.0,0.8262620250702216
0.0,0.5445704205473886
0.0,0.419172907525984
0.0,0.36235494769566384
0.0,0.46115622256106387
0.0,0.4471017065093232
0.0,0.3418826577890044
0.0,0.2760075715417042
0.0,0.3041542035643942
0.0,0.4037174292731409
0.0,0.5952012201615919
0.9559999852254988,1.3996402289896894
7.245999795496464,6.879289669801171
17.188000297546388,17.597048758082092
31.381999799013137,29.32925932339082
45.97099943637848,40.31397047186891
38.44300053834915,46.65811280187219
50.04099818468094,48.95708970086028
61.97300109386444,48.92747910153121
56.31200070619583,45.769974144411584
47.63400115251541,35.99951581240942
34.8759999871254,23.879763911133633
19.73700101852417,11.974769865482424
6.5390001827478414,4.19824069635477
0.4149999896250665,0.8866547262412497
0.0,0.4833393429204201
0.0,0.3691078708126831
0.0,0.32809922045251977
0.0,0.36720431401937575
0.0,0.46331590125647676
0.0,0.36630022057720146
0.0,0.31651267138464995
0.0,0.40123481931630517
0.0,0.6542139002804955
0.0320000002440065,1.2103649370543037
4.787999970316887,2.8564925387687983
15.563000219464302,12.728320157667623
28.646999222040176,27.564060152893266
42.25200054883957,40.66738406045983
51.43499887228012,49.22899052939067
56.19899915933609,52.24640817582607
60.59500087976456,51.8824435666576
58.815998811721805,48.58127252690494
50.24600142717362,40.702651307992646
41.87300088644028,25.973028510796528
20.245000647306444,13.754634390731033
7.495000232160091,5.6589381010908015
1.4339999457448722,1.7064549734738346
0.0,0.4189421016916943
0.0,0.2998253987000013
0.0,0.28620870016980915
0.0,0.29482422149119275
0.0,0.3393001622015921
0.0,0.7300203379445399
0.0,0.6097391977083558
0.0,0.4696568120170073
0.0,0.4598293276201002
0.0,0.5536134461429901
0.0,0.6909149326904056
0.2220000067073851,1.0116701903721939
3.588999918550253,3.4013191290448113
5.004000200629235,8.54519497188429
17.489000219106675,13.635046343641974
26.467999694347384,17.789464618874096
33.00899942278862,19.127675103731452
9.829999755024913,20.355318448108935
26.070998985767364,21.72983105679353
21.95599967598915,20.15953389753898
22.96200017809868,15.409690515007824
18.25299920797348,9.897486245219286
13.067999556064606,5.081764017074989
2.261999929994345,2.3224014866716853
0.1009999962570145,0.9803446521105555
0.0,0.7042520780830334
0.0,0.5480025846953503
0.0,0.47361346321258074
0.0,0.6413521110638976
0.0,0.5671796392013008
0.0,0.4860194367341076
0.0,0.3927577366470359
0.0,0.406737733783666
0.0,0.5116741347460386
0.0,0.6879831940238365
0.1020000017806887,1.1619259041850456
1.5630000405013562,4.381965408201019
6.003000238835812,11.298104143384846
19.372999489307404,18.79726606654624
19.27399989724159,25.444978939828772
27.75999993085861,28.486134699669975
31.32800076842308,29.75076299659287
31.76400032043457,29.108896726518868
39.486001365184784,24.570128897738954
30.852000032663344,15.980769857211662
16.850000051259993,9.01177375321587
7.023000128269196,4.247029460826889
0.9440000152215362,1.7445408386628454
0.0259999991953372,0.6519935225361647
0.0,0.4654313356980371
0.0,0.38425408343241235
0.0,0.353771520225952
0.0,0.4587209619690354
0.0,0.6644637815173094
0.0,0.5582862725628851
0.0,0.4225628894932258
0.0,0.39928163095843044
0.0,0.45255674301724264
0.0,0.5260558644651124
0.0259999991953372,0.7113382701575756
0.7389999820664526,2.353206170148527
3.316000055372715,6.108577202459177
6.46999993801117,9.869505669338007
6.379999842047692,13.166685406714677
8.332999870479107,14.7974192973723
19.507999119758605,16.62813029024129
22.649000928401943,19.50653416680793
36.7040017080307,19.332126356208075
23.416000776290893,15.143332050622751
28.440999801158902,9.961194983124733
15.674000166654588,5.450813756998008
7.412000086605549,2.8007451049874845
1.8020000528544189,1.3305791576493842
0.0,0.9301695679042798
0.0,0.6738649721443654
0.0,0.5205336413827414
0.0,0.6209556722276224
0.0,0.43862115218459313
0.0,0.336821866571748
0.0,0.2862960572796874
0.0,0.3388543316667589
0.0,0.5145178088142226
0.0439999983296729,0.9015569636846582
4.643000043928623,2.409956591667918
16.191000318527223,12.46684475058069
31.08300045013428,27.856070391970377
45.39699939489365,41.03088510197898
56.65400004386902,50.02700892001391
63.358001258373264,53.524376269727945
65.50500189304351,53.509181548791624
63.64200042009354,52.14565300387641
59.06100118398667,48.065408255370954
50.05499808549881,36.90375028199207
36.981999151706695,23.275547768588485
21.538999402523043,10.79633816019011
7.83200019210577,3.3511095360561733
0.7519999816641212,0.6504798688623122
0.0,0.39412814915568256
0.0,0.3385632237698883
0.0,0.31461675914043247
0.0,0.34162837433395904
0.0,0.4540399666324568
0.0,0.33666381794105593
0.0,0.28308699380373575
0.0,0.3475803420203738
0.0,0.5588797222264111
0.0380000012926757,1.028497383047361
4.726999962329865,2.6968520950347497
16.526999992132186,14.134767070015274
32.24899952530861,30.833427544074755
47.65300043106079,43.992867775857455
58.88400185108185,52.11702230585118
65.40699847936631,54.80192620600263
66.20300046920777,54.18879404615611
61.933001964092256,52.27868188075721
59.640998835563664,47.26039642017335
45.4490019607544,34.76440988889585
34.08700000166893,20.71566876566969
19.172999732494358,9.275950764375738
5.739000128507614,2.759472785544349
0.3970000025257468,0.5313776971197998
0.0,0.33415236330591136
0.0,0.29731861541823795
0.0,0.287049075923472
0.0,0.3207689227807956
0.0,0.4515761025653531
0.0,0.34014960154037294
0.0,0.2850232453815018
0.0,0.3384166494384408
0.0,0.5105718574238319
0.0320000002440065,0.8796365925995633
4.613000183105469,2.322965476936661
16.13799952030182,12.21759888915345
31.08599925518036,27.75784897826612
43.300998985767365,41.165871235542
54.44100105047226,50.18153905915718
63.884998111724855,53.56230353064836
66.56800023078918,53.50124518435448
65.08099961519241,52.00302968408912
59.796000084877015,47.70577243118237
50.713001639842986,36.443895028773696
37.048001618385314,22.932196080603948
21.26400076389313,10.744974593147637
7.28599995225668,3.334490450533728
0.6170000302791595,0.63014155299558
0.0,0.38070109529498347
0.0,0.3286170043959283
0.0,0.31027757414616647
0.0,0.33964536019135266
0.0,0.5727595595316962
0.0,0.46343632304575294
0.0,0.37159753043359767
0.0,0.40154193479024497
0.0,0.5476284042963137
0.0,0.8153320092203405
2.190000109970569,1.5669072409742508
9.233999575972556,6.761308405175804
15.780999995470047,16.986317486700916
20.543999996185303,27.34888590289901
40.618999207019804,35.53557970148822
44.831999876499175,38.36495999650409
48.15299982309342,37.86094019354632
40.51899932861328,34.071082666876414
34.906998593807224,26.9563651453952
21.800000194311146,18.01346565835799
11.80699998021126,10.77788657145885
10.395999559760094,5.2075764031040785
5.73500001013279,1.9085514924213447
0.2820000011473894,0.6104582230413022
0.0,0.4183821991210182
0.0,0.3472985008972076
0.0,0.34414832006053375
0.0,0.4500178684845257
0.0,0.46895039156001683
0.0,0.3525802203593775
0.0,0.2891902694556241
0.0,0.3357171515615968
0.0,0.4927608186906824
0.0,0.8286748175827476
2.3309999179840086,2.0603604123089463
12.674999992847445,10.14542453217941
26.55399967193604,23.742632440452777
42.651001830101016,37.02755852352828
49.826000294685365,47.0928225529939
59.08799864530563,51.4507663102448
64.02899826526642,52.071521426575885
63.953001151084905,50.531286427490414
58.50300161600113,45.71778204931567
49.25299848556519,33.9536173595426
35.805001034736634,20.85152191425053
19.057999666929245,9.667786957219553
1.77799998447299,3.0808558798503753
0.0,0.6105567680260476
0.0,0.37454458241739
0.0,0.3232625037175603
0.0,0.30793713323888366
0.0,0.3458783984735298
0.0,0.5768643616473613
0.0,0.4815853696479462
0.0,0.42135464928656186
0.0,0.5002249612053856
0.0,0.755480341501534
0.0,1.2701458041043954
1.8140000228583808,2.6487802932139797
6.729000157117844,11.048852435161047
28.38999957561493,24.48104348694285
42.12099795579911,36.89900186870247
52.93599938869477,44.77749867734809
59.603000278472905,46.18685936655849
59.802001802921296,43.03482797730714
24.537999576330183,34.33099692194412
11.116999586820604,23.19135776820282
7.192000251412392,13.280997512576482
4.137999990433455,7.212257052417844
0.8079999700561166,3.2119260362597806
0.0,1.0713630655838642
0.0,0.40931796696657935
0.0,0.32838043580918264
0.0,0.31390144760565203
0.0,0.3432845140721959
0.0,0.43242474566136174
0.0,0.703910878796596
0.0,0.6265534328568416
0.0,0.4939285265770741
0.0,0.4709208851866425
0.0,0.5479857024915206
0.0,0.6682959049264902
0.0,0.9207833493128419
0.447000005915761,2.924700476458917
1.7219999960809946,7.351785439290107
3.5829999977350235,11.824016663916408
11.006999925971032,15.088928781722982
13.749999712705613,15.255971491895615
18.625999206304552,15.005379738447568
22.063999791145324,14.948953906769555
15.839000171422958,12.8215901757963
14.035000187754632,9.292863952132564
10.546999663710594,5.798484981680911
5.750999970138073,3.1455508779028123
0.6589999894797802,1.6369389660900922
0.0,0.8606653621544441
0.0,0.689413556639726
0.0,0.5681087928645624
0.0,0.49671812758392964
0.0,0.6394826917264921
0.0,0.617914985807923
0.0,0.5249492956472871
0.0,0.41146337211597706
0.0,0.4097190950826431
0.0,0.5014167085988447
0.0,0.6519215138334161
0.0449999998416751,1.025751117571102
1.2919999797642232,3.7045212484958276
3.315000025779009,9.542914772257207
9.398999580740927,15.612648883958656
26.434000228643416,20.71818115654091
50.23799913644791,22.656256601698697
45.70700189352036,23.53817659005523
37.11399997711182,23.667515168450773
27.26899900794029,20.520548891176777
31.20600075244904,14.459980946521584
23.450000241994857,8.87450786050409
13.767999731898309,4.54287481406238
4.380999992787838,2.042520791940236
0.4340000063180924,0.8435171471520637
0.0,0.5976548163010739
0.0,0.46821262981276957
0.0,0.41493627967468155
0.0,0.548453137530014
0.0,0.48078023915567125
0.0,0.3537465150980279
0.0,0.2911682471889071
0.0,0.3372540641056063
0.0,0.5009988682034116
0.0380000012926757,0.8580773480058026
4.371000210344792,2.269216491820601
15.650999742746354,11.504497912706187
30.570999675989157,25.882044000849124
45.43699852466583,39.090268654276926
56.43099986314774,48.74340762548149
63.002002019882205,52.808129631206405
65.49999840736389,53.28852124854922
64.28100058794021,52.211726166221005
59.26300151348114,48.58648833212133
50.81800089597702,38.50759743126731
37.97399975299835,25.55611162823625
22.92399956703186,12.462640763654685
8.913000089526177,3.901672132080421
1.0779999370127915,0.714252914256261
0.0,0.41779727467801414
0.0,0.3525356444281836
0.0,0.32520310986748274
0.0,0.35506577682215723
0.0,0.4749155702185817
0.0,0.3531402210161711
0.0,0.2928878255592038
0.0,0.341559500338044
0.0,0.5059564248363798
0.0320000002440065,0.8538495595660062
4.649999994337559,2.250097431332494
15.690999899506568,11.44923695980261
30.367000827789308,25.953735497556625
44.25599926233292,39.217722622354835
55.94500037193298,48.79945353684326
62.95400059938431,52.80151773232967
65.94799934148789,53.279930556764214
64.75099960565568,52.21551539232333
60.25600034713745,48.60599724050612
51.46099810123444,38.51175593049576
38.69600109338761,25.557622332535686
23.416000776290893,12.50363321436569
9.146000052690509,3.937623411012659
1.1120000445842744,0.7199697305619096
0.0,0.42241014547878875
0.0,0.35690376579063016
0.0,0.32910222491676294
0.0,0.35762166310955457
0.0,0.5271054598658035
0.0,0.3957868172119681
0.0,0.324341925207215
0.0,0.38021372908648726
0.0,0.5753517350461334
0.024999999689171,0.9801150054189688
4.274999936819077,2.289553055755484
15.23300020992756,10.60666048004292
29.809999492168423,23.947782671290142
44.19099913597107,36.6730934327965
54.8979983997345,46.129241854672635
48.68400192975998,50.047057232434554
46.89300053358078,50.29028460248063
53.346999998092656,47.84458644361546
55.5710000872612,41.65715864396344
37.72200153827667,29.74817549369608
34.07799947857857,18.168726588816693
19.118000415563586,8.365498193746122
3.361999876201153,2.5709233020998847
0.2160000056587159,0.5719069434888661
0.0,0.3725523988902569
0.0,0.3306995277603467
0.0,0.32524534879873196
0.0,0.3766570183138052
0.0,0.8500498715772603
0.0,0.7494005943353598
0.0,0.6014016193508481
0.0,0.5976057109989535
0.0,0.7470235505599218
0.0,0.9823100747843273
0.7620000208541751,1.394713905796719
6.752999840378761,4.151164812343196
21.115999464988708,9.793899612588186
34.9419983458519,15.015714165692529
39.95899918794632,17.984222859069707
30.15100059747696,16.564375142045318
19.061000525951385,14.960746510600051
5.800999909341336,13.4557510584717
5.752000256478786,10.91101208008205
6.686000168323517,8.457589163401476
3.473000080138445,5.499328350909054
3.2660001161694527,2.957508329334669
1.13999997459352,1.4516746545978823
0.0510000008903443,0.7608480107683379
0.0,0.6429988192083935
0.0,0.5555652678959692
0.0,0.5391987825161777
0.0,0.7864833268833658
0.0,0.496702804788171
0.0,0.3830357739942458
0.0,0.3244533333826499
0.0,0.38721420955145724
0.0,0.595883310767822
0.0,1.0409095915663056
3.874999909698963,2.543063076292164
14.553999885320664,11.98143765840369
28.960000525712967,26.53131579692165
42.59499811887741,39.758723776116966
53.0810018825531,48.73971231025954
58.68900147199631,51.949010412481925
60.97499877452851,51.56541545746227
55.99800117015839,48.51738199052712
32.87399979233742,41.45416079940895
44.631001887321474,28.36443035044397
20.560000469684603,16.515792412596443
15.487000024318696,7.40815308933612
6.295000150799751,2.268021390439632
0.5080000139027834,0.5263873841194436
0.0,0.3554484174121171
0.0,0.3252221653975235
0.0,0.32300851146574133
0.0,0.3648749137421448
0.0,0.5701234135652582
0.0,0.44167896002841484
0.0,0.326343763845507
0.0,0.32040460452204567
0.0,0.3803641282177219
0.0,0.476343025494522
0.112999998354353,0.7993061630094114
2.028999966830016,3.26218314973327
7.7769998481869695,8.700194293372334
12.408999823331833,14.64461541370799
16.434000064134597,20.862931162690124
31.614000502824783,25.625244511080282
43.54699959039688,29.389022905938333
41.93899924516678,32.14832266020279
34.174000265598295,30.404806662350893
29.411000264883043,23.368898841980847
28.626999657154084,15.518753178312132
14.559999549388886,8.408081576076027
9.38000030219555,3.745729787407521
0.8519999884441495,1.3182511409985211
0.0,0.7701158578088507
0.0,0.5081917061804172
0.0,0.3981718094709019
0.0,0.4867232270577612
0.0,0.45893479378350693
0.0,0.335011919112876
0.0,0.2586085127689875
0.0,0.28011569707188755
0.0,0.3658418160700239
0.0,0.5214318666816689
2.24900005877018,1.1848895241126107
9.50900026857853,5.861213085226094
20.378999991416933,15.370120161312322
31.09399949193001,26.363676058650018
42.32900000333786,37.6764128298685
49.744001462459565,45.20746060879281
62.73199865102768,48.37931327724209
61.52299958705903,48.99335777084033
58.04100078105927,46.38708455948159
50.79500047206879,37.24936668460568
37.69700054168701,25.041745555751646
22.89599976539612,12.944838978095602
9.190999587178233,4.721332692710761
1.1139999753981829,1.0488851979863831
0.0,0.5461017985626434
0.0,0.3850975321209989
0.0,0.32128582484166446
0.0,0.35532430628935496
0.0,0.4897687843581661
0.0,0.36943191141200554
0.0,0.3014204729674384
0.0,0.3501027169070827
0.0,0.5178416262318691
0.0,0.857149039194919
3.5369999201595785,2.0298637078795583
14.269000437259674,9.447651148637137
23.883000988960266,22.068398205544796
30.41999957203865,34.912054953550296
53.40000079631805,45.295978393691286
61.06299932479858,50.28185596663505
64.01199955940247,51.364483865573995
64.14800153017045,50.2087891683355
59.34500034570694,45.86331677404544
49.78999820232392,34.559445117184275
35.87200173377991,21.297420468979208
20.781000077724457,9.787004219462785
6.793999769985676,3.1510462888167243
0.8310000088438392,0.6377514288683112
0.0,0.39453767897017916
0.0,0.33650788382704677
0.0,0.3136456729712275
0.0,0.3525986102200113
0.0,0.6668294420558958
0.0,0.5240120288341616
0.0,0.39197563715977596
0.0,0.3832976421682785
0.0,0.4593342191221503
0.0,0.5743501245525354
0.8770000222325325,0.9119986161255899
10.632000381946565,3.53031607148548
19.82399922847748,9.238419043831527
20.091999970674514,15.484134559681019
8.615,21.455192783301076
10.496999724507331,24.95262398595612
14.846999570131302,27.693970791697506
19.90100073695183,29.91069160004456
46.52500196695328,28.012802252018208
27.09299996137619,20.829857973704737
15.541000081896785,12.92971783302414
16.62299975216389,6.501927988571114
8.35700006723404,2.7724539834000943
0.447000005915761,0.9697813183069229
0.0,0.6257518319312173
0.0,0.45857751479993264
0.0,0.38237007950665425
0.0,0.5050443968720113
0.0,0.7088761636490624
0.0,0.5637267538292023
0.0,0.4207645517393636
0.0,0.4093007985618897
0.0,0.4946611137144888
0.0,0.622231053324261
0.3820000079274178,0.9571893478122849
2.476999873965979,3.5041311267235624
7.0930001458525656,8.994616917148234
10.086000142097474,14.647380452714863
22.428999552726747,19.67761705038448
28.342000209093094,22.174224342194695
25.2249991106987,24.15616344715158
29.199999412298205,25.925825985769432
31.754999797344208,24.213025499631964
29.88400014162064,18.70713475819677
29.43799978017807,12.209539134151614
12.461999594569209,6.399317729345834
4.790999802350998,2.8721726121540025
0.2149999921116978,1.104271878062282
0.0,0.7332572433468886
0.0,0.5328675533404263
0.0,0.4457225003892866
0.0,0.5967402366618626
0.0,0.6199030259430098
0.0,0.4520029681944288
0.0,0.3265245170200554
0.0,0.3250757498480379
0.0,0.3823000041046179
0.0,0.4614360354809712
0.3749999933317304,0.7923692431324162
2.2860001267492773,3.09134759228987
7.516999856233597,8.154911551332722
14.046000256538392,13.855029076114297
22.82700054764748,20.662536683678628
26.670000023841855,27.327542905447384
22.331000247001647,34.10279286053032
43.93799858093262,40.00595444899053
57.67899982452393,40.84898600449165
48.41700147390366,34.72051632737741
36.349000701904295,24.784274094436938
22.9840003156662,13.477768635585283
9.539999902248384,5.770718298020462
0.9350000056251884,1.6837722203841745
0.0,0.8831483271104905
0.0,0.5455823793673578
0.0,0.4014035551669075
0.0,0.4947855678612056
0.0,0.48946265704774605
0.0,0.3699580903638464
0.0,0.3072925142128951
0.0,0.35793310842864834
0.0,0.5316711241868325
0.0129999995976686,0.895549272360125
3.334000074565411,2.2401715331392675
13.354000317454338,10.721438127293561
27.317000428438188,24.41305338418732
41.16000006914139,37.82450769516329
51.77800055027008,47.84954456058642
58.44899847745896,52.0667973745366
62.796998777389526,52.55713256252309
62.40300098180771,51.008479846678675
58.40399996995926,46.308925308647254
49.72199927091599,34.57375673302139
35.512999582290654,21.21051218175019
17.440000566244127,9.729484694184116
4.0329999640584,3.1112205114898583
0.5430000226944686,0.6174680726819982
0.0,0.386654681172998
0.0,0.338923893016763
0.0,0.31996924065907173
0.0,0.352869393225604
0.0,0.4590791024865272
0.0,0.34926028992592667
0.0,0.2879525650797101
0.0,0.33646711188290884
0.0,0.49203533183084797
0.0129999995976686,0.8099125631549396
3.680000044107437,1.9405266800414147
5.621000230908394,9.237068087877706
25.78300073266029,21.872535320445895
40.02399931430817,35.27653475631029
51.83800129890442,45.99629486873746
59.05299889326096,50.82570841196924
60.26900201559067,51.57446157919864
59.22699942111969,49.93583705794067
56.29899903774262,44.71909564297647
48.5270001077652,32.122585558189705
32.63900028347969,18.83945371628118
12.465999712944033,8.448239644040974
3.406999924182892,2.7296920797779847
0.28499999364838,0.588541633321438
0.0,0.3729733311097758
0.0,0.32418902421137313
0.0,0.3093440352259979
0.0,0.3392000115018648
0.0,0.8290181664889679
0.0,0.7685355790308678
0.0,0.6203340081761902
0.0,0.5776319749172156
0.0,0.6520414069325974
0.0,0.7752120042700942
1.954999959245324,0.9669081546055773
12.469999831318855,2.567849012085547
13.308999755978585,6.0331336566309135
10.168000001311302,9.274691698513925
9.015999799966812,11.143409594322245
9.344999523162842,10.15175305289527
6.220000241994858,9.343245136216284
9.2760003054142,9.294065710517268
5.536000026166439,8.179781167066347
1.2370000209659338,6.340035798459624
0.2890000157430768,4.194508604286239
0.1140000038780272,2.3962205887089176
0.0,1.3848586537006
0.0,0.8672278752635855
0.0,0.7755764969065786
0.0,0.6971202184810924
0.0,0.6286325210883903
0.0,0.7971837494382634
0.0,0.7036398435228816
0.0,0.5873065378656611
0.0,0.4442413610670095
0.0,0.4222143354437624
0.0,0.4907878684469809
0.0,0.5919760152014593
0.0,0.8337924573671384
1.5540000309050084,2.790468781637028
7.278000229001045,7.13377883454164
14.046999515891075,11.47152868103236
21.09900075912476,15.183676086924969
28.33999963641167,16.675088597871362
32.07099990606308,18.05065594465782
35.0270000910759,20.174051172571875
18.47300058364868,19.42593890205026
23.38500011563301,15.12248608513425
24.67700035214424,9.855669708003601
15.5649997651577,5.28737994955387
6.333000248372555,2.6299400785918507
0.8039999800547958,1.2081542470042284
0.0,0.8543092279539755
0.0,0.635115728712796
0.0,0.5143567960484264
0.0,0.6562171515030787
0.0,0.4950897340336815
0.0,0.3686012457745771
0.0,0.2898528003785759
0.0,0.3181702881104624
0.0,0.4222711138768742
0.0,0.6143993824425463
3.4429999625682832,1.4040720168307113
13.881999511122704,6.798071792600677
21.48099922657013,17.27286646164954
39.82600013017655,28.369436574851477
47.876998844146726,38.97027667962015
41.661001801490784,45.75231290339182
58.86199965953827,48.68519655437519
62.47599929094315,49.426995481140914
59.69899901151657,47.19077861541262
52.09400065898895,38.643907296446464
35.213998179435734,26.67864188172544
24.16200077295304,13.757463968169565
9.908999782204628,4.877141681891323
1.5569999913126231,1.0252110101049767
0.0,0.547863837738211
0.0,0.39978086732250323
0.0,0.33862641233950846
0.0,0.3807052188840074
0.0,0.5217141998295362
0.0,0.40087617058074104
0.0,0.33897880316479134
0.0,0.4108063938856746
0.0,0.6372901465852434
0.0,1.1112954655553524
1.6500000476837158,2.524103861538849
14.336000109314918,11.514877845818797
28.2119999563694,25.749308344088494
42.287000300884245,39.25615966436764
53.66399833917618,48.23742024066548
60.60000025749207,50.86012123531352
62.452000634670256,49.38612956615787
56.72199897527695,43.54366482429207
28.85499921560288,32.97590733982623
23.56799911260605,20.412016740329566
11.99100029051304,11.581310362778604
22.4330006980896,5.264735055980274
9.460999875068664,1.5795717007593095
0.8620000276342035,0.434401224963367
0.0,0.31380220310452084
0.0,0.29438507888543725
0.0,0.31142747039285795
0.0,0.3677368283512381
0.0,0.4858540617170122
0.0,0.362149344086647
0.0,0.2900860247396243
0.0,0.31806223621591917
0.0,0.420908770840615
0.0,0.6218222769559361
2.218999941200018,1.4853577525874913
11.999999786615373,7.345023485093068
25.0899994802475,18.481975758584838
33.54099976181984,30.131579398103057
37.17999833583832,40.817901972755784
38.26699943780899,47.00902493464449
41.12599854946136,49.28357854797195
53.8810009098053,49.556554584031296
59.94400138378143,47.05500066364805
52.163001930713655,38.35064526709418
39.716001496315,26.725390916069347
24.706000440120697,13.962255956954323
10.399000418782236,4.920861868429541
1.5800000301003456,1.0045329779510697
0.0,0.5318814554414711
0.0,0.3960389947293636
0.0,0.3430626929885086
0.0,0.385533942389302
0.0,0.4559473562279406
0.0,0.3439696937651994
0.0,0.28531452804182966
0.0,0.3298000362003222
0.0,0.4809027613947789
0.0,0.8135557131422683
2.7839999730885028,2.109298901762813
12.701000248789788,10.68305343790911
26.8240009868145,24.748409275201464
42.6910009598732,38.28092520017177
54.77600043773651,48.154234263822445
61.92000029563904,52.08840883536885
64.17200018644333,52.26148355601976
58.48599880218506,50.222292405118544
49.212999355793,44.81893050447106
37.03799875497818,33.01197086469581
28.654999458789828,20.889412960549816
20.944999796152118,10.11845385514976
12.611000152826309,3.1172887695887286
1.9859999780356885,0.6315334609996838
0.0,0.3850656197561571
0.0,0.33291603264942143
0.0,0.3201970928856948
0.0,0.34866868370367826
0.0,0.47378913457350186
0.0,0.3497464282865015
0.0,0.286400027370546
0.0,0.3243202697532251
0.0,0.45834898010749986
0.0,0.733851533892254
2.837000001072884,1.926313882289299
12.978999746441842,9.875346506874388
27.33699999332428,23.19410987141232
41.66699941158295,36.44709439934542
52.94000053405762,47.045150112733246
59.96399889469147,51.925461124653616
63.02300187110901,52.76394147879134
62.45700001239777,51.91592960868031
58.8689996099472,48.54154953521987
51.09299953460693,38.88241329386209
38.76600059747696,26.391434961842993
23.679000086784363,13.402776816040278
10.026000420451163,4.388046358595602
1.5360000117123127,0.8277428224449978
0.0,0.4653961710810351
0.0,0.3757961280178279
0.0,0.3377170879405457
0.0,0.3607307415517668
0.0,0.43783634375392766
0.0,0.3356731949156771
0.0,0.2827947279353005
0.0,0.33733231239874534
0.0,0.5164748874516226
0.0,0.9235728022859743
2.658000095486641,2.3508429761293037
12.457000216841696,11.456216965761657
26.14599992156029,25.919169989588358
40.32100014448166,39.53585647462557
51.96100160121918,49.05818973439435
58.682001521587374,52.54793507921199
60.80099824666977,52.282236222562695
60.470998237133024,49.71021643508226
53.683999958038335,43.28319896162799
29.74699993848801,30.02567612058172
21.233000103235245,17.601425148065513
19.328999214172363,7.993289067133641
10.56199985086918,2.386563976026761
1.2190000017732383,0.518457885235548
0.0,0.33429076316145556
0.0,0.299822391596778
0.0,0.2949397156868751
0.0,0.3267359362216666
0.0,0.49275472790934144
0.0,0.39254020078728596
0.0,0.3234310311024698
0.0,0.3754879362679397
0.0,0.5482704551812881
0.0,0.8912684807926418
1.99399995803833,1.8979026773478838
12.985999696850778,8.05464084757492
24.811999982595445,19.091180430203675
31.9259994661808,30.367093280069525
38.039998111724856,40.04122005316119
42.35299865961075,45.43771009091288
49.88699927568436,47.27893511626869
51.908000802993776,46.2169560379535
52.33100074052811,41.24981425134465
38.34000185489655,29.020134611458833
20.6989991915226,16.623783716466278
9.043999601602554,7.239664303025541
2.180000070780516,2.4046847248787526
0.1140000038780272,0.5741124650510029
0.0,0.37577268662784863
0.0,0.3228354736751256
0.0,0.3041141718517368
0.0,0.35828537593052406
0.0,0.4796773451124318
0.0,0.3571051630789103
0.0,0.27520646783756086
0.0,0.2906264573785786
0.0,0.370040672045822
0.0,0.5178505018656141
0.5319999860040844,1.1347217998591563
7.471999808251858,5.470493023420374
15.790999777913092,14.380194436075788
25.423000348806383,24.51635930735618
40.42799997329712,35.10724589874348
51.01300127506256,42.12256317408134
41.06799837350845,45.20642251638074
46.844999113082885,45.53322225257754
56.29899903774262,42.247101195001356
46.81499873876572,33.15577206028626
38.86199933052063,22.835853168349715
24.65899930596352,12.378446678440087
10.578999583721162,4.6640716047953665
1.4770000629127027,1.1325728115222107
0.0,0.5890836818803412
0.0,0.40716372764358916
0.0,0.34511085558061794
0.0,0.39246187347918743
0.0,0.4802047869415644
0.0,0.346756092805105
0.0,0.281789587692668
0.0,0.320733972932212
0.0,0.4541351286368444
0.0,0.7311143863992765
2.607999899536371,1.917664194732594
12.673999706506727,9.781129479821152
27.05200054526329,22.91190412182361
42.01900161266327,36.22099418113629
53.75699826717377,46.949227734978
61.74500153541565,51.9403763525188
65.46400042295456,52.89856006337951
65.40699847936631,52.19250906114777
61.08699798107148,49.05447834526499
53.058999691009525,39.80230733154341
40.569999554157256,27.489139910123
25.12800009131432,14.164483221772437
10.633999927639962,4.640438322539752
1.6829999972879888,0.8569975384751646
0.0,0.477361179246412
0.0,0.38338186126745616
0.0,0.34242781155121826
0.0,0.36491504552618914
0.0,0.49090697880058237
0.0,0.34979991577488057
0.0,0.28432884741419306
0.0,0.3229877799819223
0.0,0.4653708075553489
0.0,0.7697389388945884
2.678999946713448,2.0446967988228426
12.86099984884262,10.370347846110041
27.10599957585335,23.87954353775829
41.94000158548355,37.248335935870806
53.144999668598174,47.70504261088868
60.007000937461854,52.390747019524376
63.38100168228149,53.20503706956904
63.43700128555298,52.42087626653413
59.65699930906296,49.23122727730621
51.83400015354157,40.027141601586095
39.7980003285408,27.744923826834807
25.02499935388565,14.218934629200959
10.643999710083008,4.59679955662073
1.7559999752789737,0.833741512799946
0.0,0.4659366215214444
0.0,0.3772352038339401
0.0,0.3352911256696098
0.0,0.3613635431610358
0.0,0.4728209508862346
0.0,0.34303447894907246
0.0,0.279676174413568
0.0,0.31334338825894514
0.0,0.440114447833815
0.0,0.709268114785664
2.579000068306923,1.8836772222615157
12.44399957537651,9.539206367274746
26.45899917125702,22.44739988634984
41.3030019903183,35.81629965337614
52.68699997901917,46.72773201880356
60.47499938249588,51.83668862916529
64.54199932575226,52.888703091604015
64.5410010933876,52.22816569693387
60.55800055503845,49.111435067877174
52.40700196266175,39.78117133362219
40.24699949502945,27.364919793459894
25.013000025749207,13.960254728041278
10.607999671697616,4.590914248610692
1.7660000144690275,0.8486570659846379
0.0,0.4682450668358553
0.0,0.3742460648956088
0.0,0.3309534812877731
0.0,0.3534836016704017
0.0,0.42169457711279396
0.0,0.32379258124856275
0.0,0.26750416709110136
0.0,0.2967772549895259
0.0,0.40343888656624277
0.0,0.6232716844424916
1.7710000340640546,1.6335773828796423
8.918000494241715,8.316710271630436
24.115999925136567,20.447266971146068
37.08300137042999,33.51350878042479
50.872998158931736,44.917951929618916
58.91200165271759,50.63693613813569
62.910998556613926,52.022688375984636
61.92200086832047,51.53597358449051
57.32799996376038,48.48146340184534
50.40400148153305,38.8737451574641
38.92299831151962,26.301621752105035
24.28499902129173,13.34708112031687
10.41399957895279,4.490509544044422
1.749000024870038,0.8911504972850283
0.0,0.4834850172667453
0.0,0.3761226345435716
0.0,0.33065959466233225
0.0,0.34626371723987787
0.0,0.39853507057297977
0.0,0.3068958480865694
0.0,0.2594025696441531
0.0,0.297149879487697
0.0,0.4211877737341759
0.0,0.7007959736565438
2.159999992400408,1.9550891170821465
11.852999801039696,10.335279319832722
25.84299942731857,24.375402671732008
40.53099865674972,37.853028274911146
52.43599999666214,48.426162471969924
59.917998046875,53.08568802145621
61.92099852800369,53.562556307849796
60.277998430728914,52.8958374006177
56.17399816274643,49.90139145024121
48.78299946784973,40.15462988742937
37.49900135755539,27.109473466286435
20.877000864744183,13.599869189861542
8.547000041604042,4.432541157894303
2.1909998828172683,0.8253759847038115
0.0,0.44865078937339903
0.0,0.35716878106429545
0.0,0.31560806178837075
0.0,0.3318110910849646
0.0,0.781921457981225
0.0,0.6361751981824635
0.0,0.5134060131339356
0.0,0.5422031744926546
0.0,0.7268067532436301
0.0,1.0239864619922203
0.6349999852851034,1.7060093706877282
11.27300009548664,6.110045962001507
22.86200029969216,14.624768870932362
30.98200028538704,22.740929210347435
44.69000029563904,28.69038169513146
33.42800026893616,30.305004384778442
33.97799960017204,30.167596545169754
40.56700074911117,28.81126736293237
29.652999724149705,24.67009283418457
28.99299970507622,17.956704539929827
25.28100076794624,11.321134288050233
14.513000469207764,5.450947090016368
2.2459999699890614,2.050881208529463
0.0879999966593459,0.7384618183706576
0.0,0.5448585524743733
0.0,0.4564779244588377
0.0,0.43910219474307577
0.0,0.5996426276358156
0.0,0.7989263506140559
0.0,0.659028896188053
0.0,0.4977382921303312
0.0,0.4721418436601137
0.0,0.5597597815546517
0.0,0.6860006082919425
0.1289999984763562,0.9446596775374686
3.651999985724688,3.030101318315914
14.6160001796484,7.556973407690724
19.33900002360344,12.057104512018462
25.18600026726723,15.515306951378781
17.777000526189806,16.106642609387634
19.765000820159912,16.582762165789806
19.845999366045,17.43388781478008
26.59699966073036,16.005009645620984
26.27700046062469,12.67293087630843
21.28099946975708,8.386031342906255
8.047000136077404,4.552229187805206
3.06500007301569,2.2623730450321458
0.922999971434474,1.0600590312023026
0.0,0.7885990272035514
0.0,0.6114235738571733
0.0,0.5241272387048229
0.0,0.7069370195285107
0.0,0.4428904150496236
0.0,0.32511177550380427
0.0,0.2641758975378858
0.0,0.2940257061412557
0.0,0.40096839015527314
0.0,0.6191833948592346
0.8640000226348639,1.5959233328358584
9.484000298976898,8.277428067550064
24.719000054597856,20.284758262634277
39.17700120687485,33.388711037958664
51.1920011806488,44.776238563023504
58.9170010304451,50.31598303609838
63.35600068569183,51.43577028557659
62.62600116252899,50.43694157509754
58.527998504638674,46.55071940511465
49.86300061941147,36.751399837825446
41.764998717308046,25.362311283930513
25.197999595403672,13.468848765625928
10.270000452399254,4.558043182205875
1.4699999841302631,0.9318600536075731
0.0,0.5024657742803296
0.0,0.38969106380206836
0.0,0.34703945590183133
0.0,0.3652462226400773
0.0,0.6094061531638727
0.0,0.5019029285836344
0.0,0.4290238173057635
0.0,0.48698937179753554
0.0,0.6874332721019164
0.0,1.0466265427266868
1.7679999452829362,2.0173485691822135
10.785000031590462,8.079865618757905
22.654000306129458,19.483582763435944
34.3659997856617,30.23459427893161
46.67599796295166,38.06391841048996
20.511999049186706,40.57655243821443
14.417999968528749,40.17607544692854
18.83399919986725,38.15615584027022
43.85399917602539,32.724905583858494
48.652000982761386,21.954830786560976
19.578000677824026,12.684090465061987
20.46000059127808,5.60732385438867
4.289000094383956,1.9719578500515003
0.1510000076703727,0.5817497918723772
0.0,0.4124160569851907
0.0,0.36551545405605185
0.0,0.3560420465756518
0.0,0.45446818052480614
0.0,0.5157444817914317
0.0,0.4139017634924191
0.0,0.33592018222048253
0.0,0.36850994878603766
0.0,0.5041885961266236
0.0,0.7612057626557847
0.2699999990500509,1.4869195975805634
4.758999882340431,6.172004438303411
12.801000127196312,15.409008098418516
17.8219990336895,25.937544016887745
35.41000089883804,35.43751865765701
42.04799964666367,40.12550307148447
45.97300000905991,41.01530772554378
53.4490004491806,37.78989071965218
38.36600108385086,30.161110870260746
39.62499803304672,18.904250873631486
16.64600017607212,10.682350912336261
2.697999995499849,4.981769274394028
0.2110000021103769,1.8036800312875616
0.0,0.5533306100933503
0.0,0.3784991506836377
0.0,0.32363292873449007
0.0,0.31449315620275836
0.0,0.38554969698345903
0.0,0.44340030139933034
0.0,0.32740451849376156
0.0,0.24982649458882702
0.0,0.26154021440073844
0.0,0.32449586501189814
0.0,0.4327342801021102
0.0950000032316893,0.9333894760200443
3.3510000641644,4.357166629719238
6.7580002450943,11.856718446426092
14.685999683737757,21.053118695368372
34.524001893997195,31.975223996465406
46.19800076246262,40.671345892436804
56.6230014371872,45.35960304747025
56.14799893379212,47.6108859998857
62.389999313354494,46.168181052270036
53.7300008058548,38.000631177624065
41.95000034093857,26.37564796040145
25.3919996881485,14.147354126853559
10.99300002515316,5.609938834475664
1.9899999680370093,1.3862580631898407
0.0,0.6734145909555567
0.0,0.4248077226709574
0.0,0.32832590223600466
0.0,0.363445514331106
0.0,0.47150949311132223
0.0,0.34006705298243706
0.0,0.26598654016464324
0.0,0.2905884426366538
0.0,0.38485310371732334
0.0,0.5625400582025758
1.359999938160181,1.340528352368468
14.23699949026108,6.725701186222335
22.606000939607625,17.212346138991418
29.557000991106037,29.0130407418559
50.927999529838566,40.49273473868767
54.494001848697664,47.38256618561844
54.56499958515168,49.88803493993978
55.433999884128575,50.23505664916089
40.10299934148789,47.748650854118175
52.74700072765351,39.189123827690885
38.98499963283539,27.40838602015128
25.388000596761703,14.450527246060473
11.091999617218972,5.144435334142764
1.772999964877963,1.0610997297746751
0.0,0.5463518887129611
0.0,0.39304564170616985
0.0,0.3321229733309398
0.0,0.3624416195965993
0.0,0.4364297911990434
0.0,0.33233144370373335
0.0,0.2776565896486863
0.0,0.3212172635652435
0.0,0.4638318612224733
0.0,0.7684345014486462
1.8150000524520875,1.9816498841283223
11.439000386595726,9.86619729879933
24.263999170064928,23.41626642855505
38.74399840593338,37.01317347748826
50.451000561714174,47.407931311801086
58.02000092983246,51.95159597435346
61.55599876642227,52.6239695659404
61.82099864959717,51.52472118419905
56.69100036859513,47.5674623625353
52.364998152256014,36.48283969109878
39.14700083255768,23.126683821252858
20.46899906039238,10.9281538601111
6.9870000898838045,3.5323219455099513
1.0890000057965517,0.6905653318987849
0.0,0.40989225988431527
0.0,0.34465099409843486
0.0,0.3159043343745482
0.0,0.3375967213100133
0.0,0.4148484685140041
0.0,0.31365690513591593
0.0,0.25661169538119183
0.0,0.2852612460094193
0.0,0.3820907309170192
0.0,0.5746097445542303
1.5760000400990248,1.4621089990600014
11.310000420212743,7.406688401189943
24.485000832080843,18.735629519609112
35.31999977588654,31.580687262974678
48.06799807786942,43.42974879935384
57.620999648571015,49.73308821933964
61.37899943351746,51.46305177286268
62.30800048112869,51.18925372468928
58.589001593589785,48.25507394338647
51.369998745918274,38.80601540521408
39.47799907445908,26.470422099046406
24.02099942445755,13.675955890549039
9.872000484466552,4.729436396447321
1.3529999877512455,0.9613127868211206
0.0,0.5097100979811512
0.0,0.385305675539809
0.0,0.3325194965644429
0.0,0.3467326411736818
0.0,0.4258785192055317
0.0,0.3219738008485486
0.0,0.26409978932002554
0.0,0.29740947639336807
0.0,0.4157439713630205
0.0,0.6621424536996832
1.3160000481456515,1.7112877682813756
9.684000055789948,8.743039585491642
22.5680003285408,21.42782029474775
36.47000043153763,34.90003464113922
47.50900027751923,46.245954687769206
55.31799953222275,51.556262405912086
58.26699976682663,52.38673761575172
56.93799920558929,51.553294659381116
51.45999986886978,47.86730937146893
42.0420020365715,37.255385673052324
24.251999841928484,24.047218901167312
14.236000230908394,11.703415628192014
6.752000067532062,3.8941363864399805
0.0259999991953372,0.7813681023117777
0.0,0.4385631832007008
0.0,0.349487010454759
0.0,0.3109442026377655
0.0,0.3339177853202757
0.0,0.671721436405399
0.0,0.5649119544960558
0.0,0.4361772143056926
0.0,0.42320922945082806
0.0,0.5034380295989104
0.0,0.6360901947963672
0.2690000015497207,0.9520615377890257
5.4909999781847,3.298367012363548
10.05000010371208,8.38505681515982
7.669000246524811,13.97000836080561
12.51500039279461,18.759510842027762
19.49300098657608,20.22636874274661
22.95899931907654,20.677646602727474
36.12499818086624,19.933126019500197
22.85199949026108,16.366528110522776
16.761999500989916,11.254547384791076
10.8879997420311,6.96300866143157
6.679999990761281,3.6946017638671527
0.8420000134408474,1.7423560728330632
0.0,0.7762703753945729
0.0,0.5751442109979689
0.0,0.46753674786925936
0.0,0.4227650597024088
0.0,0.5661757664048733
0.0,0.7531227790618625
0.0,0.6568465215518761
0.0,0.5045772963451843
0.0,0.4626314615520339
0.0,0.5162018157634884
0.0,0.5944941455094764
0.0449999998416751,0.7416940152412281
0.4149999896250665,2.1419460882556938
1.0079999836161733,5.296692277230323
5.988000051677227,8.377218756489455
11.402000061869622,10.67899946320802
6.872999797165394,10.790863701067863
6.77599975079298,11.072811277651539
9.04799971997738,12.226665937118232
8.449999995231629,11.63908848470077
13.53499976873398,9.259858067395788
9.684000055789948,6.3006772289673485
6.094999880492687,3.644167830462878
2.496999952346086,2.076494548049135
0.1270000034756958,1.1839083152124659
0.0,0.9406858559426231
0.0,0.760625994084403
0.0,0.62125791482705
0.0,0.7366640168544837
0.0,0.42898555376411723
0.0,0.3248775136331096
0.0,0.26188414853842307
0.0,0.2829877499700523
0.0,0.3728045709617436
0.0,0.5553520349436439
0.3889999904297292,1.3439414891786872
6.04900005966425,6.693511170952891
16.521999587416648,17.09224948162834
32.10200056672096,29.327651987696687
48.23400042295456,40.99398158079634
48.76400018930436,47.221851025174054
56.79700196504593,48.79250685360284
62.26100140094757,47.5270688386634
43.581001110076905,42.77409172880153
34.72299931049347,32.26809941322853
28.94400005221367,21.51947219514909
24.01000038266182,11.268088485964887
10.717000073194503,3.927314153279489
1.551999971717596,0.8998362804289597
0.0,0.48905312392239764
0.0,0.3719476308603771
0.0,0.3325749673803026
0.0,0.35599497016752135
0.0,0.4309380416680748
0.0,0.34441008751901486
0.0,0.30090015214945504
0.0,0.3785741226452713
0.0,0.6073175815360932
0.0,1.1304329686875765
1.932000048831105,2.672320973109454
10.26300050199032,11.615958334629736
24.471999163627626,25.77092703552296
38.76800117015839,39.30944909693053
50.50499959230423,48.47589618723839
58.95900073289872,51.71350278490534
62.615998299121856,51.27275755296151
62.17399908304215,47.407804516404866
58.10800148010254,38.56091799265395
39.82600013017655,23.353822596352547
12.17800043284893,12.284904386596756
0.1780000043660402,5.172986536985263
0.0760000025853514,1.5789114845590666
0.0,0.4106791886454448
0.0,0.29479277697003753
0.0,0.27973033747791004
0.0,0.2868141546286643
0.0,0.32315835901147993
0.0,0.6576727863859074
0.0,0.5767887919326312
0.0,0.470052144296933
0.0,0.4700264331807072
0.0,0.5790828146964001
0.0,0.7604333992186003
0.6790000036731363,1.1534250938954453
11.449000169038772,3.7713057331461464
21.162000312805176,9.402027090899647
24.300999494791032,15.15309143530826
31.18400061488152,19.60690804300209
16.98899980008602,20.241329392914974
15.230000377893449,19.870757592363905
24.17099924206734,19.265273971644543
18.648999630212785,16.337465265703695
14.144999848604202,11.5659471099327
15.25500034749508,7.334675658950583
5.020000160634518,3.8217027431648845
1.5920000001043082,1.7508785935631022
0.0,0.805387813531949
0.0,0.6127922643053655
0.0,0.5036639563948847
0.0,0.46096578627514345
0.0,0.6074558946086716
0.0,0.48483636904507876
0.0,0.37014252924670776
0.0,0.2852004584600217
0.0,0.2913975973900718
0.0,0.35526216647665326
0.0,0.46787600009314095
0.9500000002235176,0.9204948731899881
5.556000104546548,3.9992694926789647
9.771999579071998,10.710265106745064
18.332999521493917,18.55240492782245
11.78300029695034,27.479984069007134
39.55499852895737,34.420018169321125
62.01000141859055,38.6091894663622
53.10900168418885,40.32736731869479
41.41500119686127,37.878048491956044
44.476998870372775,29.787961584981534
37.3740004825592,20.943564780745653
23.7590004003048,11.693788486382303
10.53200050354004,4.8611490140350835
1.1290000341832638,1.4094859892719738
0.0,0.7314481148946409
0.0,0.47382631057019653
0.0,0.37729177554681265
0.0,0.4350367607106455
0.0,0.4447679993727555
0.0,0.3371769733416537
0.0,0.27942206485507387
0.0,0.31237761703863115
0.0,0.42676668220432473
0.0,0.6603992866771295
1.23800005055964,1.6970595992628175
10.209000444412233,8.403007709787538
22.85600063562393,20.505149620777615
33.52200048327446,33.519934746362274
45.66199927806854,44.66364687430362
56.74799820423127,50.22677073133489
58.68700089931488,51.60696780793369
62.95200002670288,51.06155155478666
59.50899801015854,47.937822981085624
52.05200095653534,38.39735978171851
40.42500116825104,26.17642983470112
24.62499984025955,13.364023208864964
10.32899988770485,4.512903159152096
1.506000022515655,0.8926843578888414
0.0,0.4924411246087402
0.0,0.3890786063841854
0.0,0.3422357404666642
0.0,0.36233291226361564
0.0,0.5644093432021328
0.0,0.4395391680214864
0.0,0.36519569899576404
0.0,0.3947381198654572
0.0,0.5353959202642242
0.0,0.8147175906645133
1.108999955803156,1.8079019933962268
10.205000326037409,7.949111667334411
23.266000958681108,18.98153731704379
37.281000554561615,30.53135326093684
47.876998844146726,40.225340955356764
54.11699865102768,44.40662970582645
62.77500069379807,44.56820124704391
31.50199924230576,41.80259900301695
41.350001070499424,35.98825420622404
38.53600046634674,26.437415019329638
33.043000942468645,17.658246878969177
22.273000071048735,9.009568944253648
12.415999773740769,3.136148901626779
0.2969999957457185,0.8478388198053776
0.0,0.5304883843373197
0.0,0.43666240787676847
0.0,0.4126134716936698
0.0,0.4762298478845817
0.0,0.8015872944922497
0.0,0.7301494967805532
0.0,0.5787659907511746
0.0,0.5270011811121368
0.0,0.5827577868748146
0.0,0.6712164304195903
0.0,0.8091812775074505
0.3690000083297491,2.119116281842192
3.511999950557948,5.076026677240928
4.744000208675861,7.865206792888542
4.398000239133835,9.675016353031
8.641999515295028,9.098078803047539
6.896999993920327,8.741110457790395
5.2120001941919325,9.310511969005068
6.9820001986622815,8.733667999524625
7.464999857842923,7.016940932441503
8.663000393509865,4.848624565840389
3.610000026524067,2.859483332466334
1.9700000180304047,1.7070278451809038
0.0749999970616772,1.089600446581996
0.0,0.9457360679477764
0.0,0.8235903044712419
0.0,0.6975578948056015
0.0,0.8112276197046352
0.0,0.8275388054122838
0.0,0.7407819919241594
0.0,0.5778065714108137
0.0,0.5174924531710955
0.0,0.5634293304903742
0.0,0.6406666246762809
0.0,0.7571498017307992
0.1520000051707029,1.9342403548831737
1.3550000469386578,4.549720717507104
2.187000021189452,7.070417394861579
2.1819998732209207,8.787386849236986
2.763000121861696,8.314857343621552
3.22200009778142,8.046251419174174
2.0409999368339777,8.644878345740338
1.71900003567338,8.12659142628933
1.9870000076293943,6.593773932376255
1.4339999457448722,4.573591113112246
0.9359999710321426,2.742069160970859
0.1199999969033524,1.705757847443844
0.0,1.1119740451010875
0.0,0.9695585368348597
0.0,0.8524540012516081
0.0,0.7215164969318235
0.0,0.8141867914702745
0.0,0.6481537068037627
0.0,0.5015076589599873
0.0,0.37864067289745434
0.0,0.365758505417034
0.0,0.42719502136344084
0.0,0.5248830479608538
0.0,0.8188468511573349
1.5209999529272318,2.907984250678371
12.627999885678292,7.467907312152286
17.68500088453293,12.511993953809144
13.458000314235688,17.887189246018732
42.40500122547149,21.28843898882469
40.56599840879441,23.862762428671118
27.83400058031082,26.291686543325586
12.136999989748002,25.28019890860965
23.30800066113472,20.83869762087241
28.28299974679947,15.215653978446497
25.09599914431572,8.802810403406621
10.41399957895279,4.248160072284517
1.4500000341236592,1.6709730405298373
0.0,0.9924867176256765
0.0,0.6532465837158573
0.0,0.5104189296773014
0.0,0.6266716252251839
0.0,0.5137310451858987
0.0,0.4091539377129327
0.0,0.3198702942160889
0.0,0.33140326086043687
0.0,0.4141829371258306
0.0,0.5546990801603533
0.0449999998416751,1.0210217700324333
4.13399987205863,4.078970475376894
11.984999599456788,10.740131873947881
14.869999994039537,18.48346800584346
19.868999789953232,26.617673225179317
24.278999357223512,32.53607342107842
31.056999167203905,36.47405935291201
40.18100113630295,38.297300321025155
39.38099800109863,35.69028130610163
39.414001288414,26.288169332810984
29.315999764204022,16.29254338236215
14.494000163674356,7.959436208231686
7.909000160098076,3.139152158996634
2.02200001642108,0.9375631453904014
0.0,0.5634629812200244
0.0,0.41716620316185676
0.0,0.3520469852513633
0.0,0.4197157772739107
0.0,0.45440873806752885
0.0,0.33431512116221707
0.0,0.2624184805930902
0.0,0.2827417047872829
0.0,0.3662834648694843
0.0,0.519692087310832
0.8100000292435289,1.198788577852926
9.88500009894371,5.637076272356015
22.96200017809868,14.525881232656538
31.96500036358833,25.27936496168375
41.676998167037965,36.984464636221524
53.16500128746033,45.022374831189715
61.78399832487106,48.5232285505409
63.73099920272827,49.39209406288962
60.209999499320986,47.19812108151615
52.626000998020174,38.747389349248266
40.53999917984009,27.234651707119
23.769999442100527,14.503838552491118
9.76400036931038,5.343532421865966
1.3280000181496143,1.2006490670843049
0.0,0.6131195674603805
0.0,0.42622487507372475
0.0,0.34455360984119277
0.0,0.3668876293930225
0.0,0.7514758287928999
0.0,0.6846656380112593
0.0,0.5878997260401958
0.0,0.6033643706391255
0.0,0.7554280988103711
0.0,1.022151651911748
0.3720000008307397,1.533506106152199
7.871000062525272,4.425991441756487
17.003999987244608,10.295920310225338
33.39599932193756,16.08558796353638
25.781000159978863,19.624993392514686
7.136000134646893,18.137084310663244
22.805000410079955,15.82814617658034
15.046000067591669,13.766606773808599
4.067999972850084,10.820864326134322
7.141000025868416,7.5804591492284095
2.91900011703372,4.925078171221539
0.1329999965010211,2.628785496945493
0.0700000015366822,1.2577003859293958
0.0,0.6960581185847211
0.0,0.5991565251280554
0.0,0.5371317543710271
0.0,0.5300287326130395
0.0,0.6984165222578061
0.0,0.6342134314527115
0.0,0.5453922072122804
0.0,0.41823580138385297
0.0,0.3919164709203566
0.0,0.4350277747400105
0.0,0.49945164107872797
0.0,0.6547294830127308
0.0,2.0287199350167064
0.6750000136718154,5.257181213789931
1.0590000165998936,8.518776491334041
2.858000109046697,11.418372890800237
6.480000233948231,12.604154247120027
9.774000151753423,13.932077417342617
24.14999939084053,16.782154729496686
24.751999233961104,17.135958665888754
30.453999037742616,13.119883723504222
20.72400018811226,8.565895137970026
14.901999914050103,4.68130698289567
8.045000076889991,2.538296253151882
0.4190000117197633,1.3138815884618087
0.0,0.9469161733092429
0.0,0.7213851791286531
0.0,0.5587555037920053
0.0,0.6429913364762129
0.0,0.4004055765651477
0.0,0.3060602413552503
0.0,0.24718617678775137
0.0,0.2672533885816422
0.0,0.33879238685670615
0.0,0.47841641561593856
0.0,1.1690317914316741
1.9540000580251216,5.878203277075663
9.197000278234482,15.9320489581426
32.37300011396408,27.83580110723774
36.500999038219454,39.786848625540735
45.07599990844727,46.97977655060589
57.23200123071671,49.40766858552893
62.76300136566162,49.643029262945056
55.44300040721893,46.928467619338385
48.10600074291229,37.570865559565526
30.51500007271767,25.751370071529724
15.581000238656998,13.710363884163089
9.795000002980233,5.0735362098726915
1.2060000021755697,1.1038354977034033
0.0,0.5500856478566615
0.0,0.3834158882366803
0.0,0.31945211053127426
0.0,0.33859575273158643
0.0,0.4358047006504299
0.0,0.3338118653488345
0.0,0.2598036389099434
0.0,0.27551374352925145
0.0,0.34954765992239106
0.0,0.48475523868420467
0.1270000034756958,1.0140957124220829
5.37300008058548,4.546845027689511
10.226000177264211,12.130620751480263
17.117999766469,21.574007518179716
19.07199956774712,32.1087937986354
47.93699959278107,39.87611809274802
65.9930019569397,43.797464386411015
61.30499878406525,44.664673546565076
49.2660001540184,41.39610352158547
37.8380018901825,31.06054354093348
27.637999914884567,19.802297160814827
17.77600023984909,10.013798554913762
7.794999867379666,3.7936351575601535
0.505999986808747,0.9989018280625653
0.0,0.5429419044312089
0.0,0.38495732740499083
0.0,0.3208184347806188
0.0,0.3512419157327773
0.0,0.3917657269048504
0.0,0.30331121428714436
0.0,0.2497737047891132
0.0,0.2764279524842277
0.0,0.364937169800202
0.0,0.5440744352232044
0.2059999985620379,1.411835496115964
6.8859999251365664,7.2673373376764365
17.747000151872637,18.760800447762012
28.382999625205997,31.784054594698052
49.76199840068817,43.68845096660158
58.41500106573105,49.91825398884714
60.70600185394287,51.55694182322671
63.69700179100037,51.24512998336306
54.14199964761734,48.29781482073167
52.84900117874145,38.72257823553558
40.62799973011017,26.319186712329586
23.85400090098381,13.60542429497
10.072999500632289,4.755427183753345
1.2150000117719173,0.9738191537605599
0.0,0.507002176916382
0.0,0.37758597341055666
0.0,0.3241824479680508
0.0,0.3353563745195667
0.0,0.4307317340901742
0.0,0.32461298874501754
0.0,0.26797792439737045
0.0,0.3001224187707218
0.0,0.4112251159191753
0.0,0.6425005836606336
0.6400000048801303,1.7022343453687305
8.878000337481499,8.714540249317263
22.2129993224144,21.279656638440986
37.30900035619736,34.699213504754006
50.432999515533446,46.00577221599718
58.86100142717362,51.394418879772225
63.29399936437607,52.54416819028557
63.91699905872345,52.004574011266236
60.72300055980683,49.04994971997416
52.63100037574768,39.76738632038856
40.962000885009765,27.303594492760798
24.00300043225289,13.954540690730019
9.445000428557396,4.682633024073051
1.183999992981553,0.9003411499822201
0.0,0.4867020495895606
0.0,0.3791993632299515
0.0,0.3301080170137962
0.0,0.34448544433728484
0.0,0.4529826590768062
0.0,0.3299601724324748
0.0,0.2686897131055593
0.0,0.3017293738690205
0.0,0.41392579725788287
0.0,0.6415681777397791
0.6219999856874346,1.6825419639058723
8.857000486254693,8.59967562771092
22.59999922156334,20.91059974958499
38.57800016880036,34.242687201251584
51.906998462677,45.652973477542396
59.05000008821487,51.274156737749784
63.76599895477296,52.567373104703925
65.91500016212464,52.13762542470048
62.027998356819154,49.30556761345516
54.09700114011765,40.41096840931103
41.91399824857712,28.296825144924224
23.919999259710316,14.781932619237343
9.31999955356121,5.017857226934285
1.0539999970048666,0.9569187842860508
0.0,0.5110112927310789
0.0,0.3930239963065832
0.0,0.3387385659959788
0.0,0.3541743262701979
0.0,0.4038660950881119
0.0,0.31076847451816625
0.0,0.25994697207119316
0.0,0.29391612836625425
0.0,0.39807348429535816
0.0,0.6085215801590433
0.7530000112578273,1.620423434189676
8.085000233650208,8.370685933552062
22.52600062608719,20.88025499568631
38.38099921703338,34.374968605811404
51.22299978733063,45.825346421152354
58.96400011062622,51.38014223452657
63.365999441146855,52.616411197669805
62.78099830389023,52.1548964953671
58.95799839258194,49.313926634453246
51.53999812841416,40.01309609280899
39.70999977827072,27.561407317658887
22.48300063729286,14.222063967338764
8.781000291109086,4.8524358253914395
0.8230000288411975,0.9373845320117349
0.0,0.5024998141708784
0.0,0.3879514447824719
0.0,0.3356536690560945
0.0,0.3430567984104467
0.0,0.4420070594161129
0.0,0.33880375892389564
0.0,0.28226967167031636
0.0,0.3236863643932156
0.0,0.4608398289505082
0.0,0.7538856637245046
0.5210000135004521,1.9136145261698403
8.950999673604965,9.250195727292448
23.16300022125244,22.174525917818148
38.96199920892715,35.5846171560511
51.88099923372269,46.31224240181347
56.97200072526932,51.21971857223661
57.56400181293488,52.11709381908179
61.09299969911576,51.007865190555655
59.208998374938965,46.96437837154915
52.16800130844116,35.82817150156945
40.22899844884873,22.735417564293993
16.000000057816507,10.770307822641916
5.796999790966511,3.5610699435005273
0.6519999748840928,0.7056692897054987
0.0,0.4181553070860293
0.0,0.34975103213063746
0.0,0.31916056817785526
0.0,0.3447481868710989
0.0,0.4272137777903117
0.0,0.3404337509535253
0.0,0.29267723675041146
0.0,0.34922321884116775
0.0,0.5187784969356531
0.0,0.8912844286913363
0.1590000037197023,2.1493023349538753
7.710999948978424,9.897653385220716
20.894999856948854,23.227063300857946
35.693001828193665,37.11778995988269
48.513000206947325,47.26024959294747
47.08100096225738,51.10224435170491
60.80499939203263,51.061361062203844
60.621998341083525,47.91983142279088
56.57200121164322,40.384914093799885
25.847000572681427,26.113272071586298
17.51499944806099,14.474189636719723
15.28799952685833,6.407415013012167
6.399999920427799,2.0273961563745977
0.1580000062193721,0.4833671755576506
0.0,0.32565632447057086
0.0,0.2974917452068378
0.0,0.29457549849292264
0.0,0.32455528779576226
0.0,0.6365668539586476
0.0,0.569079075891835
0.0,0.45984793076214064
0.0,0.44343456844100726
0.0,0.5147744836953159
0.0,0.6295444849909594
0.0570000019390136,0.8683436547995855
5.692000021338463,2.6352838694676755
9.972999622225762,6.622337844446302
16.414000499248505,10.805662454292177
15.3179999011755,14.177244588422278
23.48800085306168,14.570409987295667
25.303999137878417,14.397268283745895
19.2130009162426,14.665271726014714
9.63199954390526,12.948475522796315
9.41300050854683,9.408167688219498
19.44800042510033,6.221945395125076
9.13600027024746,3.525430022133514
3.5490000185370447,1.891727914354221
0.1910000039637089,1.0224084480882931
0.0,0.7919209981515695
0.0,0.6399123674825145
0.0,0.5399940132877479
0.0,0.6309816775727085
0.0,0.5904427477841576
0.0,0.520318500768238
0.0,0.42371493149160716
0.0,0.42332066712978605
0.0,0.5168683059257456
0.0,0.6810303643920147
0.1270000034756958,1.0686373672393772
8.38200003683567,3.578134197707598
10.45300047636032,9.062248664144427
14.906000032424927,15.006282028059166
23.309999179840087,20.028581837788224
42.36399975538254,20.82518392271052
41.50899935722351,20.051858529460926
24.52000058412552,18.79569163742165
13.599999895095824,15.481803781483322
11.56400023460388,10.834726370666175
16.773999856114386,6.937601961037145
10.687999985218047,3.7725174469516305
5.0000000822544095,1.8335205858080492
0.1739999983180314,0.8760352875098274
0.0,0.6509656965460938
0.0,0.5264802547357976
0.0,0.47664105558845526
0.0,0.5947318602570643
0.0,0.473320314794934
0.0,0.3452466396226858
0.0,0.2554123192171876
0.0,0.2655038373164522
0.0,0.3271478300495073
0.0,0.42681618070773153
0.2139999946113676,0.8621719350487305
9.197000278234482,3.7906743437175954
5.730999891757965,10.220463497464857
7.123000006675721,18.492988387631875
20.903000093698505,28.823386914730076
41.294001467227936,37.782898007209106
55.65999886989594,43.4420934636891
62.66199914693833,46.19101170480252
58.73199940681457,44.683524968934556
51.15900200128556,36.24358278617884
40.71100090265274,24.39957444627459
21.14299898028374,12.705132344790423
6.759999790787697,5.108822443548902
0.5580000172927976,1.3545330726991718
0.0,0.6874344092894656
0.0,0.4392333690379746
0.0,0.3325342713172237
0.0,0.36568291035636014
0.0,0.40306014436607557
0.0,0.3060816766950301
0.0,0.24584471954653653
0.0,0.2725473534998794
0.0,0.35918465192196886
0.0,0.5244026882240239
0.0449999998416751,1.283186989631504
4.4620000791549685,6.427488365601747
12.50400032401085,17.12369900426517
31.135999194383626,29.961875875952344
48.23899980068207,42.26524728628496
59.1789980006218,48.914352638510366
63.84200017690659,50.82654586486519
64.1650002360344,50.52030871166537
60.979998152256016,47.23912921323131
43.95000201702118,37.003100074964266
33.63700054883957,24.160382525656996
19.724999636411667,12.221128648708884
6.831000094711781,4.344191841643769
0.3649999862350523,0.9062597160902804
0.0,0.4776887350195709
0.0,0.3540233976525875
0.0,0.3056345633789897
0.0,0.32412864757779364
0.0,0.5381099052222756
0.0,0.4246205126532974
0.0,0.325250762590052
0.0,0.32788228528496494
0.0,0.39843631297117094
0.0,0.5176980573520995
0.0449999998416751,0.919649107172154
1.3049999793618918,3.5721416078166417
6.811999789178372,9.35850153266142
15.481000360250473,16.188460645849506
19.362000447511672,23.729375596207877
32.299999750852585,29.210274719099203
35.12400116443634,33.09983839049935
36.56700150489807,35.11651905138046
34.88900165557862,32.71982948655263
32.381000350713734,24.477158943309135
26.56799957275391,15.8553761974598
12.142999653816224,8.163350145777999
3.3219999761879446,3.392536720007192
0.2249999992083758,1.0951098370730568
0.0,0.6493370273484227
0.0,0.46300967952314137
0.0,0.3825867130910046
0.0,0.45924646518581236
0.0,0.42350902287599945
0.0,0.322517251225654
0.0,0.26478909078597396
0.0,0.29367866164927053
0.0,0.39246679356476916
0.0,0.5966995551988172
0.2600000080000609,1.5328932746127248
7.477999985814095,7.672255616694069
18.390999697446823,19.361340610248345
30.02499943614006,32.385498268840216
48.45400179862976,44.02535921084384
59.38700004816055,49.974454318657514
62.477999863624575,51.5139788799733
62.43600016117096,51.09820806281021
59.54799890756608,48.02660651441664
49.57999969005585,38.412857724086685
33.205000088214874,26.097586490853377
20.053999359607698,13.326438948491898
7.222999885082245,4.591525460493673
0.4259999942220747,0.9037046687716308
0.0,0.4818473121454008
0.0,0.36933391871086
0.0,0.32113871470714606
0.0,0.3428604169966032
0.0,0.5408066503664789
0.0,0.435974214670714
0.0,0.3611273140429208
0.0,0.38140584934502836
0.0,0.4861565759576236
0.0,0.6874935854272918
0.2529999934043735,1.4238823164037118
7.712000235319138,6.104642357323319
20.98300040721893,15.433824822405976
35.03499827384949,25.334405338789026
40.000998890399934,34.557957129329445
22.7760003221035,39.50997595440597
43.333998165130616,41.1357452660799
57.283001456260685,40.73730025899907
44.01100099802017,37.06480870005985
37.60100180864334,28.425089290409037
36.89799974679947,19.699224288603293
19.326000409126284,10.337182675842195
7.898999864161015,3.793220736376243
0.634000019878149,1.0280954090598973
0.0,0.5998606659223636
0.0,0.4540995983988978
0.0,0.40348454989492893
0.0,0.468177594228182
0.0,0.39933283830760047
0.0,0.32139944184416286
0.0,0.26940941460275397
0.0,0.30200282665280004
0.0,0.4105718281841837
0.0,0.6336956105994371
0.0190000006463378,1.540591247648311
4.918000223040581,7.72564874034996
19.94500101208687,19.758176451126737
36.45600053071976,33.290862213770545
49.78499882459641,44.47782114841044
59.09199979066849,49.175700033592676
63.93099895954132,49.36008463617415
64.00999898672104,46.31581493537873
40.22000203371048,39.2088452769816
36.093999574184416,26.81109795315191
30.55699977517128,16.215698542138565
13.53000039100647,7.890847572324177
3.6130001153051854,2.6480630750562226
0.2339999927580356,0.6560547159705311
0.0,0.39818152413858726
0.0,0.3302109892774994
0.0,0.31663603362316883
0.0,0.3393714804396344
0.0,0.41504575236079594
0.0,0.32342555448102456
0.0,0.2690968986786902
0.0,0.2989841342352641
0.0,0.3956019218475557
0.0,0.589195204540932
0.0510000008903443,1.4789674406079574
7.082000077068806,7.278389256531373
20.62600088238716,18.59014459792525
35.830002031326295,31.29088686662416
49.077001492977146,42.80599178331594
57.51899919748306,48.94335651827355
61.72299934387207,50.71076304327696
63.05400047779084,50.4226698516806
59.50799977779389,47.41746245021621
51.91599898576737,37.67801930371672
39.18400115728378,25.45442186698628
21.097000186443328,12.95046575733771
7.444999779462814,4.530749655447823
0.4529999909177423,0.9311475166887976
0.0,0.502601021558512
0.0,0.38462634263637785
0.0,0.33436604793493935
0.0,0.35218245229761425
0.0,0.4235805776854977
0.0,0.34330428610400604
0.0,0.2919613513125417
0.0,0.3308780902942332
0.0,0.45514961123311265
0.0,0.71055075612152
0.0,1.715172616294585
5.676999834179878,7.985462772749986
20.217999078035355,19.9297783295624
33.263000264167786,32.77640137692293
48.92800196170807,43.47320060833047
58.99699928998948,48.66760898184032
57.077998213768005,49.857242937348786
60.50499975681305,48.76224567861607
48.43400017976761,44.46075841543575
47.67699908733368,32.584381734027225
37.86699992418289,19.80722933171938
18.337000666856767,9.156822475829783
4.0329999640584,3.143299993084511
0.068999996013008,0.6874496041735013
0.0,0.41557448101152356
0.0,0.34837558313583333
0.0,0.3203370710229501
0.0,0.35079401889272654
0.0,0.41073480825483183
0.0,0.3215203791344538
0.0,0.2693783421356541
0.0,0.30102628275131177
0.0,0.40890019936719907
0.0,0.6403842440076793
0.1009999962570145,1.6404804138055382
6.36300010919571,8.106852531582115
19.615001002550127,20.145751140080392
32.80400028824806,33.39350414631268
39.88499853849411,44.65553787990163
53.92599941730499,50.019339740698534
59.16100106239319,51.10619114826124
58.46800186395645,50.03084676564981
58.53499845504761,45.94867428338776
29.879998996257783,35.00603183922669
19.091000900268558,22.749000715827574
18.21400036454201,11.255452508009038
4.649999994337559,3.764956453816655
0.8750000272318721,0.782758222319341
0.0,0.4409968856722117
0.0,0.35436920853098847
0.0,0.3194400771528792
0.0,0.3403317492222413
0.0,0.5556182478554548
0.0,0.4853154747467488
0.0,0.40138576351727046
0.0,0.41857314829326536
0.0,0.5307939586718567
0.0,0.7320700650475919
0.0,1.2396993830737968
2.135000022798777,4.49038200541089
13.527999818325045,11.393331247406701
24.14199915409088,19.137307154797018
25.806999388933185,25.94850837633014
40.19300046443939,28.287411464092628
34.73499863862991,28.21884760507693
37.83699954986572,25.560934536345304
21.40800091743469,19.90256986685718
7.299000080227852,12.556852426336457
3.208999969810248,7.512333178181823
1.566000000908971,3.7758176578519254
0.1460000041220337,1.5714926733041652
0.0,0.6351234119206978
0.0,0.46591905820261065
0.0,0.3925407036292987
0.0,0.37444208069937296
0.0,0.47902136238912735
0.0,0.59921901118864
0.0,0.5462908763259959
0.0,0.4493324020411819
0.0,0.44258545773103825
0.0,0.511365604509289
0.0,0.6239713048779716
0.0,0.870340167763643
0.1140000038780272,2.6236766963948805
1.7710000340640546,6.702074451806645
6.677999931573868,10.955732027105988
11.027999777197838,14.45151591733098
12.46299988090992,15.26591187251111
4.939000074267388,15.672560866276422
27.718000228405,16.537124003625163
26.829000364542008,14.985553072734426
9.545999566316604,10.464939533956349
14.56399966776371,6.8107119866988315
3.41599993377924,3.689005047809333
0.0,1.834427946067881
0.0,0.9322857208681913
0.0,0.7142501938925125
0.0,0.591126905864415
0.0,0.509660263028151
0.0,0.608749669205863
0.0,0.4370373079017736
0.0,0.36059159227336446
0.0,0.3091633118813237
0.0,0.35876472503490126
0.0,0.512743016157765
0.0,0.8296308210748248
0.0129999995976686,1.8743010189865406
5.307000181376934,8.18175174261133
16.051999542713165,19.950997670503956
31.30600063085556,32.7212560061117
48.77399894475937,43.100124897621576
55.771998076438905,47.742992394467194
52.33399954557419,48.35860212328533
56.75600049495697,45.64886290023725
56.76399867773056,38.752336581001686
51.23800202846528,25.1322845847408
20.1800005209446,13.966664965531479
2.454999993145466,6.209899575995903
2.435999944359064,2.100227371798828
0.0629999989760108,0.5320749800489285
0.0,0.35551197547543173
0.0,0.3160630354130019
0.0,0.3060903426050208
0.0,0.3460237798700108
0.0,0.4908080234114702
0.0,0.3907474489106486
0.0,0.32135053860178836
0.0,0.3484614055619264
0.0,0.4600423495393868
0.0,0.6690932599773319
0.1510000076703727,1.449982168770706
6.033000099658966,6.232472850515818
19.886000549793245,15.730220925323666
29.586999311447144,26.450738621068496
27.749999121427532,36.78065235105654
39.01799881219864,43.091956138387324
38.71399803161621,45.85398116653164
48.34800020217896,46.18568248300503
55.90000186443329,43.04103794919948
51.01500184774399,32.913266673007364
37.41300137996674,21.15885714449299
16.313000334501268,10.13880941782457
5.452000107765198,3.614177151055386
0.0629999989760108,0.826827201338019
0.0,0.486132221892476
0.0,0.38348189973815655
0.0,0.33605676311456284
0.0,0.38261828197709596
0.0,0.5837972592251996
0.0,0.48050643104671803
0.0,0.39239238531561565
0.0,0.4076750885772829
0.0,0.5064137197968861
0.0,0.673808262651631
0.0380000012926757,1.2072760701288159
5.924000211656094,4.543850072240457
19.64100023150444,11.623213682149846
35.075001511573795,19.260317505734662
45.44399847507477,26.698791444338855
22.53900024056435,31.18923498466611
34.38499906420708,33.93617652572692
31.86600077152252,35.66242598266651
31.36900018453598,33.67459505838653
32.68400084495544,25.691306713173788
28.80699984908104,17.167530046136427
12.851000066399576,8.648347524801892
4.525999919176102,3.3994941988207095
0.1319999990006908,1.0457028328122882
0.0,0.6501832335108582
0.0,0.495152532911549
0.0,0.4287241294040965
0.0,0.5169709073170088
0.0,0.4107365373126231
0.0,0.3125031992909498
0.0,0.24738364210274688
0.0,0.26736723879895474
0.0,0.3403141834051348
0.0,0.4731327575848749
0.0,1.0767958467764158
2.75100002348423,5.009299546489492
8.027999830543996,13.423986399645608
16.234000307321548,24.120286960614227
33.550000284910205,36.16465371793757
52.00300130367279,44.383827058734994
59.6720015501976,47.852752241504696
63.04799875974656,48.605696456482015
58.29000019073487,45.98796482751768
43.38400015830994,36.48744802954297
37.32799963474274,24.55325641647292
18.73000023007393,12.74369544991292
3.4679999321699144,4.799235134002909
0.0510000008903443,1.1215087170906677
0.0,0.5747484172989304
0.0,0.3988231987125861
0.0,0.32649209985043853
0.0,0.3465708996192552
0.0,0.4432872770121321
0.0,0.3786147807150458
0.0,0.32034073272331925
0.0,0.3539855505549348
0.0,0.47260633129238466
0.0,0.7065416459987562
0.1009999962570145,1.4108226600491134
4.34999984562397,5.831280138154203
12.263000124096871,15.092519762950639
28.83999902844429,25.79678874877592
40.40099840402603,35.344712654290106
45.24300048589706,39.668702097199855
41.34199877977371,40.02660162473718
40.269999918937685,36.99616601806134
38.21000160217285,29.72051515173167
23.63999918937683,17.94005574953432
15.31299949645996,9.803638340476901
4.864999938309193,4.517136328287113
0.4929999872110784,1.7006515537144151
0.0,0.5468303587458406
0.0,0.3741389385075308
0.0,0.320143642181841
0.0,0.30686738999405255
0.0,0.3676286663301289
0.0,0.593320749923587
0.0,0.5525028211258661
0.0,0.4552409330786516
0.0,0.4374739391248052
0.0,0.4903360546007752
0.0,0.5828184166441982
0.0,0.7677524340501987
0.0,2.193121792702004
0.1980000025127083,5.531501402811458
2.53500004991889,9.038024719667932
4.063000081628561,11.81185831391563
6.567999757230282,11.938881489783526
8.933999940752983,11.726952952103069
11.580999967455863,12.330652663012344
10.547999950051308,11.11320928564916
10.1290001308918,7.696128753020119
5.796000018119813,4.977947429794198
2.2459999699890614,2.792976876402584
0.166999999769032,1.5865457906764153
0.0,0.9497058191165949
0.0,0.7757374733531227
0.0,0.6732533753888372
0.0,0.574504248240652
0.0,0.6325498130948594
0.0,0.5799394082689348
0.0,0.5364348798446977
0.0,0.4407637991841571
0.0,0.428863210483299
0.0,0.48789153367280963
0.0,0.5879418058918479
0.0,0.7977554087045914
0.0389999987930059,2.3856040439382196
1.5150000321120023,6.142945391337077
4.0790000416338446,10.04925669139872
5.101000247001648,13.081447882838546
8.468999787271024,13.35216604123513
9.403999985456467,13.212065886979303
10.71000012278557,13.780214850232005
10.052999935746191,12.331521173696965
6.01200024843216,8.483864760460953
5.93399999409914,5.4673935705019785
2.979000095427036,3.049327046805993
0.6959999932721257,1.6754112293384968
0.0,0.9468945384623172
0.0,0.7497970907956671
0.0,0.6322876436798833
0.0,0.5374571268050932
0.0,0.6139568443208313
0.0,0.43120515358711903
0.0,0.3695330637173417
0.0,0.311167849797445
0.0,0.3366802524713179
0.0,0.44005742723820734
0.0,0.646844243380086
0.0,1.3579638971108945
1.7790000140666962,5.8782110894192
6.627999992370605,15.385743569657208
21.278000664711,26.365038573828837
36.393000977039335,36.31403846169511
49.14900156974792,40.87217203086863
49.619998819828034,41.25666209522635
38.942999930381774,38.030340265966956
28.9549990940094,30.80784017824257
30.52400059580803,19.441196555265535
21.336999073028565,11.225366617205244
8.232000219225883,5.394738466230532
2.8810000194609167,2.03040619808094
0.0449999998416751,0.643704794049263
0.0,0.4223328438579726
0.0,0.34994044014175113
0.0,0.3312919546617195
0.0,0.38369116559081395
0.0,0.3950990123720839
0.0,0.32015632885663453
0.0,0.2692690816444034
0.0,0.3092781919046926
0.0,0.4299767746551273
0.0,0.6778912164488187
0.0,1.6348370680453568
2.520000119507313,7.82257276686219
10.879999505281448,19.88770403272162
33.320000153779986,33.36353978584211
47.68800018310547,44.596248557642106
58.390998301506045,49.81263713513812
60.15300166368485,50.70680524884413
57.6769992518425,49.15826172647377
53.98600016593933,44.007774175728365
47.53299893379212,30.899869392967474
34.91199797153473,17.67666188463569
16.463000152111054,7.930810116291979
3.388999904990196,2.690261640883982
0.0,0.6010984091119219
0.0,0.3686472338150876
0.0,0.3108018311602063
0.0,0.2910170664987527
0.0,0.31523405433865254
0.0,0.4021833532792516
0.0,0.31930465263780206
0.0,0.2675920253247022
0.0,0.2985245211329311
0.0,0.4001661176164634
0.0,0.6110516039561481
0.0129999995976686,1.5570856919582001
3.5230000193417075,7.741515973309677
15.955999782681465,19.666696037401756
35.94200123786926,32.69304359124353
49.23800035238266,44.00369784238438
59.34200154066086,49.66702618648608
54.58199829101563,51.020738102383916
53.31999842882156,50.36832624482613
54.18599992275238,46.858706579109025
48.71200173139572,36.30164923644935
35.342001967430114,23.70687685935758
18.385000033378603,11.670844676472868
5.640000022947788,4.026388254175739
0.0749999970616772,0.8403873806097545
0.0,0.4645076511280301
0.0,0.3639803769703333
0.0,0.3223650210676714
0.0,0.3425606384081766
0.0,0.4246991081861779
0.0,0.3310252414884356
0.0,0.27194365013157945
0.0,0.29924956357960275
0.0,0.39575037499036014
0.0,0.5863068254742151
0.0,1.4165933721776431
6.392000197172165,6.781258538458498
17.070000399947165,17.41605437046538
20.984000693559647,29.612000925963127
46.56599932909012,41.13343092871209
55.31099958181381,47.542325955281655
56.31000013351441,49.59151424812774
59.39699880361557,49.41879038772236
57.58500166416168,46.24045801629623
49.25400082588196,36.21468535445631
35.938998324871065,23.95504210677308
18.648999630212785,11.905950230599073
5.402000168561935,4.208645053353782
0.0439999983296729,0.9022927334237223
0.0,0.491408432170283
0.0,0.373512119736988
0.0,0.3234828488303659
0.0,0.3502627333525257
0.0,0.3888672422803938
0.0,0.31229469321202485
0.0,0.2652869625055852
0.0,0.30124429402484865
0.0,0.40966704194744424
0.0,0.6339112713870904
0.0,1.64892301700466
5.581000074148179,8.271069296809534
19.236999572515487,20.774366857434313
34.725998115539554,34.164560205700504
49.1599985575676,45.35446228315433
55.33199943304062,50.695246358203384
58.42000044345856,51.82901178453118
62.807999873161314,51.07775494083762
58.60100092172623,47.58954761048159
49.82699852705002,36.913939322146284
35.331000871658325,23.99524346638471
18.31299995660782,11.686535097961313
5.26600025177002,3.9753796713554763
0.0380000012926757,0.8058993175711172
0.0,0.45237486656910425
0.0,0.36163914787117385
0.0,0.3219346026649388
0.0,0.336456196460252
0.0,0.4635052417358383
0.0,0.37352874537309005
0.0,0.3135136375483126
0.0,0.34169551986036817
0.0,0.4509045821901721
0.0,0.6711861855365956
0.0,1.5417891222851663
5.427999911010265,7.082873007968689
17.915001015663147,17.88825782449295
32.2479992389679,29.45582981538028
38.538999271392825,39.66746961283187
43.74999815225601,44.95069395041714
47.37400064706802,46.4154165714855
50.11999821186066,45.51484278372178
46.30599882364273,41.31128082261731
47.48300104856492,30.861116644311696
27.84399933576584,20.11461651413391
13.993000485301016,9.927602485253788
3.4010000033676624,3.5017174804998406
0.0,0.8437890110405473
0.0,0.4919030458092068
0.0,0.39003088844552014
0.0,0.351814379026182
0.0,0.395241462837439
0.0,0.46210606155917056
0.0,0.3770048149737219
0.0,0.31314622118603436
0.0,0.3404494402340303
0.0,0.43304025494881593
0.0,0.6045818074489944
0.0,1.2965824535908175
2.5620000787079333,5.566156163960695
14.59400004208088,14.641952613542479
27.9669996380806,24.919733019011716
41.51199816226959,35.10932427051167
26.76199966549873,41.42223920746397
34.29499999523163,44.52989209552606
38.86800104856491,45.498670565808816
43.40400177717209,42.92886537612727
48.07499802827835,33.13996094486366
34.15900007843971,21.881187969713164
15.534000131487849,10.827787116131125
4.206999978423119,3.9879770115475797
0.0,0.9316482865422344
0.0,0.5290021652899061
0.0,0.40429904944030565
0.0,0.3518448954013486
0.0,0.3982250233118733
0.0,0.40572734663495796
0.0,0.3258181146703039
0.0,0.27500947455409913
0.0,0.3127087881144446
0.0,0.42929797591719154
0.0,0.6696109820250422
0.0190000006463378,1.6698010606295426
4.961999984681606,8.093134952740122
13.907999767065048,20.344966779040796
34.10799985289574,33.77303559495757
47.232999298572544,44.882881210371856
53.67600177526474,50.02478551735481
61.664000935554505,50.99017664658527
58.33899984359741,49.657886307400965
55.97200194120407,45.06136471403141
47.95000126123429,32.93456465534245
34.5789991569519,19.955042508142068
14.72300000846386,9.266396849414646
5.954999845325947,3.168988070646689
0.0,0.6788452698305871
0.0,0.4045335132046603
0.0,0.3364424322848208
0.0,0.3094856975786388
0.0,0.3330473866740552
0.0,0.38969580183736974
0.0,0.31188340207561843
0.0,0.25798607442217564
0.0,0.28396475974082325
0.0,0.37071270648855714
0.0,0.5407657931325958
0.0,1.3135787052521481
1.4330000445246698,6.3441354658765094
16.945999811291696,16.732295442136625
22.13599986791611,29.09716725341976
40.72000142574311,40.98567372692128
52.308998548984526,47.58974763387193
54.70699916601181,49.594498473045725
47.70999826669693,49.26003075400988
56.79100024700165,45.7571356463184
49.551999888420106,34.859304964958376
27.232000737190248,22.11255263805079
15.707999632358552,10.733912176665228
2.8689999210834505,3.8246644408174326
0.0,0.844914270711597
0.0,0.46384874300643175
0.0,0.35369659655028957
0.0,0.30829810570925475
0.0,0.3277766091089385
0.0,0.4032964020431973
0.0,0.32412862166529527
0.0,0.2738968542823567
0.0,0.3065532643992143
0.0,0.4130720036569982
0.0,0.6336517230491153
0.0,1.6072360877358973
4.412000139951706,7.909461243484789
17.60799937605858,19.975449573683242
33.66099920511246,33.08491039192925
45.35499969244003,44.23934723248084
55.278000402450566,49.62649079147726
41.68000108003616,50.820577339145046
47.70499888896942,50.002263730925826
55.289999730587006,46.252783934089045
45.88700003147125,35.251074276467165
33.023999609947204,22.424594006290036
16.81299972653389,10.74697902259417
4.387000170350075,3.6974405357167903
0.0,0.7759483274545831
0.0,0.43939922130123393
0.0,0.3527552108544236
0.0,0.3160539923243535
0.0,0.33916225161869074
0.0,0.3588611882381762
0.0,0.29872818424444025
0.0,0.25681943720749884
0.0,0.2917788773045564
0.0,0.3927057575729365
0.0,0.6007577922071019
0.0,1.5443131556439527
4.864000165462494,7.781846509187793
18.195999318361284,20.15744764668246
34.59799843549728,33.4962055058529
48.50899906158448,44.6946109581987
52.81700023174286,50.07124410815536
58.27300148487091,51.11698968874912
56.570998871326445,50.20160789417724
56.07799942970276,46.27815016663323
50.1350004529953,34.57556353151177
34.26599990725517,21.42438469082428
17.166000159978868,10.143282726382216
4.090999883264304,3.5070345590834044
0.0,0.7550074078515171
0.0,0.42947449016151945
0.0,0.3438583471152621
0.0,0.30771331617841496
0.0,0.3224761094789331
0.0,0.38651736875064674
0.0,0.32417298341092343
0.0,0.2827129019439841
0.0,0.33174241255347925
0.0,0.4681369456276297
0.0,0.7581221804496211
0.0,1.8097780254917841
4.177000117599964,8.543057274864987
14.864000329971311,21.52482153600703
32.21999943733216,35.193975633966424
47.36299955129624,45.421301392503075
55.5789982700348,49.532741231434045
59.1980013871193,49.63985554130127
58.84399861335755,46.9116152568534
53.41900007486343,40.09532916067789
28.695000642538076,25.700519434046
22.4330006980896,13.810569647780312
5.461000117361546,6.056120302767183
1.0829999566078186,2.0783249662820404
0.0,0.5116688406172518
0.0,0.33568871110522497
0.0,0.29828424239686374
0.0,0.2892757812251026
0.0,0.31926947430164243
0.0,0.5419493816094473
0.0,0.5060448442399502
0.0,0.42677622055712466
0.0,0.4257473940782559
0.0,0.4936022189081026
0.0,0.6098946024252413
0.0,0.877561354372495
0.280000006146729,2.7034851411978402
6.9800001394748685,6.983994797437141
7.939999793767929,11.57895126540214
17.556000918149948,15.418623051481944
10.944000372290612,16.127045285391308
16.93899986088276,16.06191379558916
21.588999341726304,16.53266044963151
11.14100029706955,14.592611547944443
23.55200069308281,9.678477179203183
11.855999633073807,6.070825999431933
4.363999746441841,3.220389652952241
0.8180000092461706,1.6380068659821214
0.0,0.865700113386071
0.0,0.6722445381114571
0.0,0.5670132847921924
0.0,0.48961200734289984
0.0,0.5568096993560904
0.0,0.3550558332113239
0.0,0.3008458555870068
0.0,0.2588383202254772
0.0,0.2914271393852929
0.0,0.3847782071664308
0.0,0.5779341027326882
0.0,1.4415052017235819
3.851999999284745,7.009360313418632
16.73399969935417,18.561825418708228
32.45699951887131,31.354778966767096
40.80400083065033,42.613218221850694
43.388999536037446,48.337195992929246
58.72499945640564,49.75455761253833
58.471000669002535,48.96507752774904
55.10600044727325,44.95571364972741
46.12899949073792,32.873428037700556
30.829999895095828,19.966123955144237
15.33700020670891,9.404725874147067
2.962000105828047,3.3227386645778707
0.0,0.7416585867844212
0.0,0.42539658180515594
0.0,0.3397231257411961
0.0,0.3023958126245997
0.0,0.3211897031512732
0.0,0.39699550452331706
0.0,0.3239709839504212
0.0,0.27311801703491556
0.0,0.2981461742271979
0.0,0.3830278777563944
0.0,0.5532000903009128
0.0,1.3184192974073812
3.8509999696910384,6.3252604762930424
15.000999506115914,16.873826593818766
29.26499953866005,28.950242095229527
45.0299990606308,40.170465590854484
48.19999890327454,46.303557476413744
60.05300178527832,48.13702884490291
62.87599880456924,47.94115945936492
60.43099910736084,44.504244202263656
50.89299977779388,33.474963976337264
34.73400040626526,21.07776784987499
17.30099979043007,10.07641882719472
3.620000065714121,3.6476414828448713
0.0,0.8276043527084402
0.0,0.4610673968098127
0.0,0.35414243673440066
0.0,0.30901696446894983
0.0,0.33805126895274346
0.0,0.37977853463186567
0.0,0.32303640338204176
0.0,0.2795020825245107
0.0,0.3084584685019217
0.0,0.40249200075243907
0.0,0.5941876239321816
0.0,1.4560418125249754
3.735999904125929,7.151289716589575
17.690000262260437,18.853486740216614
33.624000934362414,31.426850334790846
48.87599939584732,42.108776977136735
54.56299901247025,47.26487690847367
53.34799823045731,48.14213411472738
44.1929997086525,46.99857928220183
47.33099860429764,42.6029677583091
41.73499834299088,30.672238361503304
32.72600054740906,18.608595712824414
16.754000291228294,8.785135653388377
2.3409999571740627,3.1675751174850544
0.0,0.7850034338328987
0.0,0.45473671005805955
0.0,0.35988346763886514
0.0,0.3239911913871765
0.0,0.34797497746767475
0.0,0.37059325684948513
0.0,0.3100056087629248
0.0,0.2658257757639512
0.0,0.3006468361911053
0.0,0.403289974607372
0.0,0.6156364140970011
0.0,1.553045257210421
3.1600000602006912,7.754888367733607
17.26000037431717,20.207797221429647
32.93599905967712,33.424505312107506
42.3039990067482,44.2830791413784
48.45299945831299,49.38760113428037
54.64699841737748,50.39380273070186
59.570999331474304,49.407354665262005
55.89400014638901,45.30785926435763
47.56200107574463,33.287784844047074
31.63500035405159,20.09701210002415
15.599000257849694,9.302202517287805
3.1889998914301394,3.2416956156406864
0.0,0.7080603980901651
0.0,0.40909311475077015
0.0,0.331753873625615
0.0,0.3004581211421949
0.0,0.32271607033209876
0.0,0.37998094710366176
0.0,0.31099207867868245
0.0,0.26447596092786013
0.0,0.30042966879516214
0.0,0.40787473429537696
0.0,0.6306493766318696
0.0,1.602201370911983
2.4390000331401827,7.9737118602606145
17.02899995684624,20.381016357963286
31.767999411821368,33.777051219145456
46.60500022649765,44.812042482569815
52.30399917125702,49.94749964776139
53.64200025558472,50.95434862988691
55.1839981341362,49.84272895568361
52.645998508930205,45.6308377351674
43.66700108766556,33.7847013109612
29.999000207185745,20.685049658939242
14.43799953341484,9.673516288747392
2.728000113070012,3.318245835906516
0.0,0.7088501098550236
0.0,0.4093221211254907
0.0,0.33454421533349277
0.0,0.30500780085722606
0.0,0.3262301033417074
0.0,0.37951954138542837
0.0,0.3252713492140174
0.0,0.2864537467070234
0.0,0.3454487631842494
0.0,0.5085617806855589
0.0,0.8612214461651941
0.0,2.023571169678277
3.562999919354916,9.550139905068404
15.678000285029412,23.522535957507788
30.967000098228457,37.456927683030564
44.80100126981736,47.10552187706034
52.54599863052368,50.34140390049666
55.49299829244614,49.497836793971565
52.74599838733673,45.06532623555512
44.60600089073181,35.76476041154316
35.05999927043915,20.652635498512538
21.46199994802475,10.320675546039515
11.525999623537064,4.403371536657215
0.94299998562783,1.4761832192823447
0.0,0.41933034104838346
0.0,0.2924605879598918
0.0,0.2686527810548432
0.0,0.2721523537991258
0.0,0.30877468912318967
0.0,0.3502729142263221
0.0,0.3065628363805202
0.0,0.26966503403382375
0.0,0.3178322915725099
0.0,0.4453632195270621
0.0,0.7227778862641814
0.0,1.6781633988007283
1.6320000284910203,7.8090798257632805
11.650000212192536,20.280983480947715
22.910999952554704,33.90518697767208
41.45200152158737,44.52656051126619
51.513000667095184,48.68837691798806
55.44700155258179,48.36459647409618
50.12300112485886,44.92601233580461
35.068999793529514,36.779014498249936
19.76699933886528,21.35344019245977
8.687000076770783,10.507027335601549
4.20100005760789,4.488316461442349
0.2100000046100467,1.5969417480693664
0.0,0.4443349156614082
0.0,0.29832824850454925
0.0,0.26580662461851406
0.0,0.26135047062532973
0.0,0.29519104592114065
0.0,0.38450911042901376
0.0,0.33898681615479287
0.0,0.2973667407881779
0.0,0.34811173231030496
0.0,0.4819151104288175
0.0,0.7516808520707613
0.0,1.6203596468774293
1.5079999533295632,7.260685580903665
11.289999828338622,18.993983367619418
25.60599934577942,31.84808261839052
34.34499993443489,41.95333625348906
48.57800033330918,45.726417814406254
51.66499900341034,45.19337736186882
42.76199869632721,40.67343111752223
44.43200036287308,31.49090898112704
28.07999913096428,17.618630867321045
10.62800026357174,8.96546516783846
7.973999772965908,3.9972011614233884
2.7780000522732737,1.4689975509326905
0.0,0.46236953871014214
0.0,0.3241494051537787
0.0,0.2888054547389038
0.0,0.28607321317074813
0.0,0.32986506057282283
0.0,0.35448456765462955
0.0,0.29974882167686395
0.0,0.25767595308832825
0.0,0.2870432137465104
0.0,0.37642678020754833
0.0,0.5672857155984579
0.0,1.4194127706803072
1.738999985679984,6.7948647399432955
14.22399987578392,18.006539527600008
28.059999566078183,31.011054175098735
40.88199851751328,42.62784984300534
46.7840001320839,48.45214883978168
42.48799829006195,49.784368773313865
43.39500125408173,48.86927396208048
47.30799818038941,44.55197797137003
39.80799908399582,31.954964449691275
27.330000042915344,18.92782832691446
12.837000165581705,8.780690331910737
2.1819998732209207,3.1012948826033004
0.0,0.6951808797606889
0.0,0.4009869888448156
0.0,0.3238129757763818
0.0,0.29056069117272265
0.0,0.3113220373510072
0.0,0.37792001177401585
0.0,0.3156817278630721
0.0,0.27091900683396186
0.0,0.3039563091774471
0.0,0.40535806829109783
0.0,0.6112684147618711
0.0,1.4764551987615413
1.4919999933242798,7.117239976081376
14.004999813437465,18.774220822999876
28.791999661922457,31.753737921006977
40.806999635696414,42.72502733553449
48.42700022935868,48.092797616335254
54.706000933647154,49.214403839645286
53.83400182962418,48.04144262574613
49.98299800872803,43.39373805885514
41.92600168466568,30.765568133157988
27.929999313354493,18.09094671191337
13.132999682426451,8.295950049705183
2.1419999732077124,2.947588823108623
0.0,0.6794255167610633
0.0,0.40291195618299147
0.0,0.3278713947123227
0.0,0.2967494214970308
0.0,0.32164083171247815
0.0,0.3731469656170035
0.0,0.3297633955115452
0.0,0.28280550410039723
0.0,0.3155584274472979
0.0,0.41227818964747703
0.0,0.5973593164949368
0.0,1.271470973624382
1.111000014990568,5.436164943519979
6.591999953985215,14.72687784321606
15.585999616384507,25.72078167837113
37.37699928760529,36.28658483650535
42.72899951696396,42.165288062753774
49.7140010881424,43.960933055753515
37.7690006184578,42.979361888033644
48.27100074768067,37.832543097399174
37.97499798536301,24.764980684823044
18.079000734090805,13.489372182128333
6.451999918818474,6.006248449914469
0.4460000084154308,2.2648324569031444
0.0,0.6313988405551451
0.0,0.4021302659452582
0.0,0.33146605942398305
0.0,0.3000851108917656
0.0,0.3356230912691292
0.0,0.39594570476561786
0.0,0.32621082397721085
0.0,0.2780895058314005
0.0,0.31154862296224256
0.0,0.4177042943611741
0.0,0.6379425821655119
0.0,1.5460755334484082
2.69200007468462,7.294098870518307
13.892999579906464,18.665139938481154
28.681998974084856,31.364050414400797
42.00699817657471,42.350085557984805
49.38099816560745,47.7232303559656
52.163001930713655,48.88936818269392
50.97100157260895,47.60371150580545
46.86700130462646,42.88371841270477
38.79199982643127,30.72631780919309
26.44800012946129,18.575740994466468
12.010999855399133,8.692390721766278
1.7360000252723695,3.0634539231405746
0.0,0.711550026499511
0.0,0.4206183102447539
0.0,0.3446044715726748
0.0,0.3147283043231194
0.0,0.34383204700658093
0.0,0.35948274857907864
0.0,0.31181932355122016
0.0,0.2747077463862176
0.0,0.328840966024436
0.0,0.47106590877597526
0.0,0.7766485867951997
0.0,1.8144590175477788
2.435999944359064,8.385234615936255
11.970000439286231,21.395475377030674
25.94900102376938,35.11099333137275
39.83500065326691,45.45522837189336
48.26900017499924,49.62137713345388
52.41099900007248,49.562080242497224
51.08199843883514,46.60746328717719
47.51300142288208,39.17314940332125
38.49699956893921,23.630725583117457
13.082000483870509,11.687540789864336
6.494000134766102,4.891228134748526
0.3580000037327409,1.7099018487330369
0.0,0.44244785124824065
0.0,0.29708479503557705
0.0,0.26760816579141344
0.0,0.2622302400724341
0.0,0.2949536202669454
0.0,0.4018179821937034
0.0,0.36734907108359033
0.0,0.3301428530341945
0.0,0.37189461894643805
0.0,0.49886274090890453
0.0,0.7565819416039933
0.0,1.6143352575413885
2.1859999915957453,7.103234845666836
14.319000376462936,18.539168565807245
30.09300042152405,30.113657513397442
42.74000061273575,38.83677917733789
51.209998118877415,41.76067720009635
38.09999886035919,40.607285110714535
39.08099836587906,37.14633618892481
35.738998568058015,30.12993768446768
21.660999418497084,17.73471270926297
24.772999085187912,9.381813596592595
7.204999865889549,4.155571113016146
0.6669999694824219,1.6006925365646991
0.0,0.5610159450365851
0.0,0.3937313869471352
0.0,0.3421008753908487
0.0,0.3296004878877041
0.0,0.3802909741046217
0.0,0.36316685493181766
0.0,0.31961894184506184
0.0,0.2815384039181905
0.0,0.3292045886993098
0.0,0.448918528695746
0.0,0.6919890473332878
0.0,1.6463916980979654
2.6990000250935555,7.890988208840913
14.229999539852145,20.723333161783714
29.23900030970573,33.98855991673966
41.69299864053726,44.16775688452025
47.77499839305878,48.42854579145709
51.201001703739166,48.73124954706679
53.56799960613251,46.53507657739024
43.51899978876114,40.516137094553564
41.71200202703477,26.347000222212326
27.104999289512637,14.187780795255676
10.56199985086918,6.224800169450852
1.9280000588297843,2.232584486122554
0.0,0.5545706403697842
0.0,0.35709619466137754
0.0,0.30951796137184523
0.0,0.2939580156630836
0.0,0.32293357811402523
0.0,0.39886434307244295
0.0,0.3764020016634215
0.0,0.3255384224808464
0.0,0.346800093424196
0.0,0.4158220062560091
0.0,0.5433308474587587
0.0,0.9406093569146471
0.6719999890774488,3.636872879682729
3.692999915331602,10.254433858344953
3.7240000624954703,17.941638485255343
8.681000412702561,24.922490805437167
12.623999767303468,27.61303568149606
30.20999900579453,27.572274485851327
30.17599954009056,26.020153598027928
24.165999864339827,20.81200108560423
14.741000027656556,11.73382044609636
6.358999990820885,6.281426842988779
0.6230000152811408,3.0664179574752537
0.17700000686571,1.414109912275259
0.0,0.631060506105423
0.0,0.4617970099160447
0.0,0.3879964830431466
0.0,0.34670170709878817
0.0,0.39105206946997595
0.0,0.40340423237609985
0.0,0.37315549368349216
0.0,0.32611081741905457
0.0,0.36162507508338115
0.0,0.45081961055829495
0.0,0.6081357013783418
0.0,1.1172564893673795
1.4060000157356265,4.286500669208666
13.3080004966259,11.82818892693768
26.788000948429108,20.52088782199969
13.782999919056891,28.637581578704218
22.14400010466576,33.32984470512718
39.44700046777725,35.509425225555894
29.875999904870987,36.00855305736264
28.14300073862076,32.04634799661115
40.43900106906891,20.312258467643215
15.39199952363968,10.83436786940011
5.86399997651577,4.739120437474922
1.806999944075942,1.8821399653858195
0.0,0.6129850447930706
0.0,0.42035909300670027
0.0,0.35281873085846494
0.0,0.3151333450168992
0.0,0.35597073620340475
0.0,0.3267825436056591
0.0,0.2842097810368674
0.0,0.24760915442913148
0.0,0.28342128459131344
0.0,0.3745605603194175
0.0,0.5636370218878922
0.0,1.3934739186234462
2.222000029981136,6.9596633653218545
13.490000234246256,18.900374655301373
28.52400097370148,32.02604908455163
42.7070014333725,43.056760588834685
50.88199868202209,48.371711494848135
53.151001386642456,49.30548297531903
51.21199869155884,48.07842416983098
48.41199798822403,43.34425001563505
41.439998085498814,29.854403574845445
26.307000834941864,16.83184869716565
11.50600005865097,7.575653630616144
1.217999972179532,2.7285019647194226
0.0,0.6497466814673195
0.0,0.3832698494498618
0.0,0.3121410931483842
0.0,0.2849681959984203
0.0,0.3030135739819767
0.0,0.507081111765001
0.0,0.4971972291326771
0.0,0.4336112172001352
0.0,0.44145646609598765
0.0,0.5091415795831321
0.0,0.6308892314958697
0.0,0.8896126945138287
2.5080000211298468,2.661407509082928
5.319000023007393,6.951011200596889
4.210000067204237,11.45687124819805
2.140999943614006,14.837898597170911
3.1639999218285086,14.625807160188755
4.891999967098236,13.59624811778466
15.359000344276428,13.417330239340663
11.834999781847,11.399603531838705
7.8500002112984655,7.146260750340297
7.523999806642532,4.388173274723813
1.7410000448673963,2.3795323256364402
0.1520000051707029,1.3160545538001072
0.0,0.8044581501092761
0.0,0.6702790084263931
0.0,0.5964789034348602
0.0,0.5225826896067399
0.0,0.5591542349259058
0.0,0.4546616644241537
0.0,0.4447908762446604
0.0,0.3884768460419339
0.0,0.40147130689583715
0.0,0.46853148215683177
0.0,0.5870651692679772
0.0,0.8720834037545138
1.4550000537186862,2.7696547354074816
2.916000028252601,7.440223595922191
13.759000235795977,12.352794036306442
12.364999548196792,16.37676807530224
12.421000178456309,16.98965817244103
13.857999827861786,16.555690152098737
22.795999886989595,16.900452804528175
13.193000431060792,14.717281433790923
12.586000183224678,9.11723061359798
7.568000081777573,5.494790748190135
3.757000012099743,2.8793398419612397
0.2040000035613775,1.508025331328002
0.0,0.8540405069780537
0.0,0.6697760593697119
0.0,0.572976186844365
0.0,0.49071773583923156
0.0,0.5226828086554693
0.0,0.39951529390799506
0.0,0.34961194370718046
0.0,0.29939964671929675
0.0,0.33612313881438843
0.0,0.4457136456738226
0.0,0.6607019222799377
0.0,1.435188716937943
2.4439999243617057,6.520782873046895
12.429000415205955,17.335205574209493
24.729999096393584,29.107610554111506
38.4920001912117,38.94453262758751
49.11999942779541,43.23769106437763
54.36799863338471,43.49613020343085
49.2499996805191,40.97735466667762
39.36699810028076,34.461312394496055
32.23999900221825,21.672569958722836
17.069000113606453,11.78883833286042
9.401000153422356,5.33205273544571
0.6259999756887555,2.0344046302326024
0.0,0.6146801409226222
0.0,0.40187015050556507
0.0,0.3360960887481148
0.0,0.31689977492981897
0.0,0.36223249000341945
0.0,0.3802477696631103
0.0,0.3531924515714248
0.0,0.3156469446894092
0.0,0.3595228546236952
0.0,0.47812830118152
0.0,0.7216693013588277
0.0,1.5317507472711924
0.6710000236704946,6.6408788565049575
8.560999942421914,17.611549742023147
20.23299926519394,29.349654379524292
36.05100163936615,38.54893784657121
38.58599835157394,41.75067663083474
36.955001690387725,40.89515948972355
40.18300170898438,36.6667336422205
24.758000952005386,28.500899309397983
23.653000857830047,15.85906178754444
16.00100034415722,8.213041083455707
5.215000026226043,3.7185793490971744
0.1999999975133687,1.4441080257622525
0.0,0.5060802318761126
0.0,0.35930566946743053
0.0,0.317693576788685
0.0,0.31118971740361295
0.0,0.3604668035109837
0.0,0.35940715913039933
0.0,0.31920883989427234
0.0,0.2786112391638259
0.0,0.3091922536864877
0.0,0.39666962281800805
0.0,0.5754242900945246
1.7689999748766423,1.3176729274665318
12.980000032782556,6.068606375946353
27.596000212430955,16.49584337782115
34.42799905300141,28.149775207825
34.84100023508072,38.45194335199893
46.44999897718429,43.64567615558704
26.95499947190285,44.75465203738461
36.83400196075439,43.558999001259615
33.5909997010231,38.53735042769462
16.793000161647797,25.52736562732297
9.749000182151796,14.401158688347786
0.3570000062324107,6.572567948199964
0.0,2.484388684458487
0.0,0.6856407891532096
0.0,0.4198852116412794
0.0,0.34035285360878337
0.0,0.3077145022821302
0.0,0.336848649950698
0.0,0.3382015412153365
0.0,0.3022589150443673
0.0,0.2676666057606538
0.0,0.30744998567349585
0.0,0.41147673760695996
0.0,0.6283115247637033
0.7909999804571272,1.5112780558069547
11.1330000603199,7.323571516582743
27.218000836372376,19.521697605339188
39.78100162267685,32.67368406578898
43.88600012302399,43.10906560597321
47.070998098850254,47.62137748998901
46.91800153017044,47.873969715908174
40.63400144815445,45.55172132831067
38.6349980044365,39.22611412479232
24.043999848365782,24.778981332068017
8.932000395059585,13.12914384392711
0.5220000110007823,5.762957506641591
0.0,2.0969331875881956
0.0,0.5660525579137418
0.0,0.3611130254017189
0.0,0.3077825099152202
0.0,0.29045030133100225
0.0,0.31297862832589696
0.0,0.4565859927974331
0.0,0.4500640817110737
0.0,0.41826104740612213
0.0,0.467774065574631
0.0,0.6018960498040543
0.0,0.8665834367950448
0.064000000488013,1.5772679116584671
5.868999867737293,5.682138464531551
25.32799984812737,14.561615946789582
32.80199971556664,23.822840635329484
37.27200003147125,30.33427658236275
34.29000061750412,30.2418291984126
36.02300183773041,26.60946608978013
11.024999945163728,21.686351153391104
12.357000338435173,15.37319952710221
4.369999924004078,8.226883717974028
2.100000014007092,4.612992887850851
0.4279999892227352,2.2997255886136556
0.0,1.0422340614228354
0.0,0.5463827526615933
0.0,0.44954556588005895
0.0,0.41027522036572917
0.0,0.4092782338126562
0.0,0.47965804030420256
0.0,0.32902843956137073
0.0,0.29134866313776003
0.0,0.25607989888871086
0.0,0.29447375879234944
0.0,0.3918992304382845
0.0,0.5949536521174014
1.493000022917986,1.4682359156229843
12.572000282406806,7.2892673107236625
26.993000082969665,19.623902717828752
39.956998615264894,32.95569670372953
47.4539989066124,43.724391746719675
47.706001229286194,48.55829338678469
46.451999549865725,49.22140355015795
47.4780016708374,47.554707826226945
39.39699847459793,42.214212532819566
24.68799939393997,28.130305728949605
9.506999695897102,15.312853365975123
0.4169999846257269,6.7612665220582855
0.0,2.432376341703736
0.0,0.5948625508781212
0.0,0.3635513799924714
0.0,0.30497921632447583
0.0,0.2836918462727529
0.0,0.3040475195553153
0.0,0.31844882329537844
0.0,0.2845378158078528
0.0,0.24967280376081666
0.0,0.2874628573454295
0.0,0.3779335710103624
0.0,0.5596883974433876
1.7710000340640546,1.3610575465663957
12.493999514579771,6.753458340366682
26.88499996781349,18.74953421129535
41.1520018863678,31.998433309694132
50.14299863576889,43.00999222546816
53.01999879360199,48.129122048479815
51.91500075340271,48.94152036073307
47.9889980506897,47.44651163332164
39.23599961519241,42.26867960702628
24.53599900364876,28.129993708642825
9.258999545574188,15.225102021483087
0.3729999983310699,6.76278170889942
0.0,2.482097480484129
0.0,0.6081328897092803
0.0,0.36852590891222153
0.0,0.304456783835
0.0,0.280689301500873
0.0,0.29909276789907985
0.0,0.330649878787032
0.0,0.29499569078596927
0.0,0.25696961456056056
0.0,0.2929731026602288
0.0,0.38552199993127334
0.0,0.5732080170388022
1.4079999465495348,1.369153859812456
11.758000327348707,6.636727047593642
25.905998980998994,18.16581231088688
37.07299850702286,31.05996675038089
44.127001349926,42.03517873677115
51.64800029754639,47.187138006550576
50.895000350475314,48.030624028158684
47.88799993991852,46.482215101917575
39.2260008597374,41.068633004706356
24.20500076174736,26.98638317012539
9.000000353455544,14.484661091398445
0.323999992441386,6.384656762685626
0.0,2.3492424218628245
0.0,0.6063658238116961
0.0,0.3716316421361019
0.0,0.30766843223866697
0.0,0.2840012452472001
0.0,0.3071803877603573
0.0,0.34532697800236445
0.0,0.3070300872344523
0.0,0.2658648349173988
0.0,0.30010741437009225
0.0,0.3877645914512686
0.0,0.5617622408495905
0.5279999960027635,1.2744748016322653
10.5839999884367,5.892777226070563
13.996999576687813,16.377926838162043
38.199998738765714,28.182170307015383
45.39999819993973,38.722248643090325
45.59600091934204,44.18807527475059
41.00499881982803,45.656044753765066
45.97900172710419,44.63254416675618
38.05900149822235,39.70524558203916
23.514000082015997,26.352091836569212
8.400000056028366,14.567174852223447
0.2430000023543835,6.581306881313213
0.0,2.4810886412311812
0.0,0.6471540310125178
0.0,0.3938850316149183
0.0,0.3197486557206139
0.0,0.28925395097273093
0.0,0.3197798711472812
0.0,0.33407617449294774
0.0,0.3029123159288428
0.0,0.2717518847101989
0.0,0.31334852770746996
0.0,0.4143793069004702
0.0,0.6220689664959598
1.5590000505000354,1.5090635878934215
11.11600032746792,7.317782571644831
26.149999012947085,19.73672491627435
38.64099972248078,32.936148303163556
48.2570008468628,43.32963131385545
50.31199978590012,47.818737201529245
49.50500080823898,48.125043539442125
45.73599992752075,46.07909563822051
37.08899898052216,40.20455138014009
22.86100001335144,25.691481795789056
8.142999896109105,13.650990954783433
0.1699999922700226,6.001864688748804
0.0,2.2065970398896995
0.0,0.5697355770180003
0.0,0.3624057719181292
0.0,0.3099321996971654
0.0,0.2891782842987838
0.0,0.31116383275327575
0.0,0.32213102014968176
0.0,0.30051970499179637
0.0,0.26908880745526403
0.0,0.3107971223335092
0.0,0.401549927679977
0.0,0.5790723712012792
1.1370000141859056,1.2337861066451297
7.638000099360943,5.553682665200905
15.34599970281124,15.85117187873771
25.61399958252907,27.70790861727049
24.513000633716583,37.882679501871266
40.088999440670015,42.69561271642646
47.22799992084504,43.15311815931151
37.37499871492386,40.88844638723881
35.786001756191254,34.15905047547072
12.375000357627869,19.630634871820607
6.386000019609928,9.56967392249033
0.0839999986346811,4.137357608402769
0.0,1.6221973151864948
0.0,0.5060826680677322
0.0,0.3416729357497146
0.0,0.29282491461373866
0.0,0.2729309174395166
0.0,0.2990803495119326
0.0,0.43068925878886755
0.0,0.4084139473208537
0.0,0.3543421114329249
0.0,0.3729856595994594
0.0,0.4303811188616478
0.0,0.5318072439411966
0.0,0.8310457830666564
0.1439999930746853,2.8250720908927422
3.420000052154064,7.859548242185265
7.339000236988068,13.674536365990837
17.521999398469926,19.00714786871026
21.51400045990944,21.295027483192584
26.872000353336336,22.305690357287727
29.29199905395508,23.808880046612273
15.951000404953955,21.690654962093877
12.662000378370283,13.397980893636122
5.375000139772892,7.289848712828632
0.0,3.363298842503379
0.0,1.5547159011363207
0.0,0.6992690178627768
0.0,0.5204596326445851
0.0,0.44789137633129333
0.0,0.38994802482270946
0.0,0.4212744779939142
0.0,0.3273316989536397
0.0,0.29826438127784055
0.0,0.2660659726825542
0.0,0.3072206928006684
0.0,0.40638135621013743
0.0,0.6122891760679583
1.1720000229775906,1.4305403322959318
11.499000108242036,6.767902460312471
25.74899921298027,18.503346011874577
39.21299919128418,31.304916779659692
44.77800084590912,41.67237320555996
49.238998584747314,46.33784558811536
47.02300078630447,46.768357145984965
42.88600133895874,44.78409117052953
32.6190007185936,38.778516234842435
20.886999620199205,24.11621071124139
4.695000042319298,12.42827985229281
0.0,5.351695683987345
0.0,1.999615504650089
0.0,0.5471710789677066
0.0,0.3520377014492017
0.0,0.300954994688897
0.0,0.28230459718033674
0.0,0.30825662833948925
0.0,0.40590827505181853
0.0,0.3847853972987892
0.0,0.3516482837956088
0.0,0.39624281961781277
0.0,0.5078515592473559
0.0,0.7226745550978618
0.7629999862611294,1.409278696879434
10.581000156402588,5.720012561939657
25.31399994730949,15.430180090591312
37.11800112247467,25.733768945050738
40.31499842643738,33.67652039219936
36.71400046348572,35.90554455187172
25.74099897623062,34.41871503151954
20.166000620126724,31.498681997992104
30.606999714374545,25.31126787381247
13.594999490380289,14.386604599126926
2.3430000163614757,7.627370994746065
0.0939999977080151,3.4479478904387606
0.0,1.4387120853659388
0.0,0.5734949451770323
0.0,0.42169848717671504
0.0,0.3713235171410876
0.0,0.3533678611329136
0.0,0.4024605842943613
0.0,0.32664309582828227
0.0,0.30265237963913627
0.0,0.2698231030705695
0.0,0.3192165909109948
0.0,0.4295320328138768
0.0,0.6620826879221325
0.1830000079143792,1.4314719562605023
9.019999918341638,6.8033228222839535
13.479000165462494,18.58475132298966
39.97400142908096,31.71065202534199
48.775001285076144,41.86447043344379
52.1879988193512,45.27191733608643
43.80499952316284,43.75319474784036
35.64799921274185,38.426628142098586
26.175000009536745,28.469519207260262
18.89199937582016,14.418461289467913
3.4110000425577165,6.6580075098636256
0.0629999989760108,2.874694232566593
0.0,1.1259260086195233
0.0,0.41066280628554525
0.0,0.29378665692871436
0.0,0.2623484721508187
0.0,0.26489203422718366
0.0,0.3014053749549202
0.0,0.46963692015813047
0.0,0.4641178683517501
0.0,0.40816032845449324
0.0,0.4205178500339388
0.0,0.47115758687956255
0.0,0.5629077965680821
0.0,0.7541879984045711
0.7340000266581774,2.1910926799320927
3.6149999177455903,5.911424747450898
2.581999900341034,9.87132936457793
0.1889999929163605,12.753515782058239
2.2860001267492773,12.512603842603662
4.557999839186668,11.639201544448733
4.871000115871429,12.00534388359636
7.509000132977962,10.576981484784433
0.6430000294744969,6.431831639446319
0.0,3.8623876619432127
0.0,2.08366697443882
0.0,1.2184867251055158
0.0,0.7911662982497365
0.0,0.6683758805886222
0.0,0.6167997410179427
0.0,0.538000838601341
0.0,0.5231543150163875
0.0,0.33992884872481227
0.0,0.3168529145644667
0.0,0.28765017484237126
0.0,0.337333986427014
0.0,0.4534013041535703
0.0,0.6933956236710462
0.9070000114291906,1.551611803222137
11.371000428199768,7.27478690155161
26.19900071978569,19.662437109251815
39.56700196504593,32.568567745226126
49.5969983959198,42.05067511615654
50.481999168396,45.43356940817088
43.62100023984909,44.50952580665549
37.843001267910005,40.62632073142877
20.153001005649568,32.47012189000845
15.295000504255295,17.81947928546307
3.451999972164631,8.508310079841564
0.0,3.6127599347499206
0.0,1.3932912936236244
0.0,0.4597226361565603
0.0,0.3228270360641181
0.0,0.28761419569219776
0.0,0.27934794549752645
0.0,0.3125032146383698
0.0,0.3294391825725324
0.0,0.29494659750567126
0.0,0.24999993866464743
0.0,0.27414210240279013
0.0,0.33645067771508663
0.0,0.45439057487839213
0.0129999995976686,0.9209305982477963
1.3819999473541975,4.000993037233129
5.298999944627285,11.671148042355975
18.65200048923493,21.156691624509794
39.14700083255768,30.90536276248594
51.97399916172028,37.08487648462256
50.56299976825714,39.35264039496581
45.7319987821579,39.798262290110195
36.2639989566803,35.62128391865641
21.71699902176857,22.569369651225088
6.7869998195767405,11.69768802764515
0.0320000002440065,5.212770591901305
0.0,2.1737768689151076
0.0,0.7051441508826488
0.0,0.433245544184465
0.0,0.33344356201433883
0.0,0.2840469595642449
0.0,0.3064042309562986
0.0,0.3135817220186194
0.0,0.28133907179192946
0.0,0.2497899334264608
0.0,0.29385577209526664
0.0,0.39468928422701227
0.0,0.6033668633915173
1.0269999682158233,1.4390620674953487
11.044000250697136,7.341867740216354
24.45699897646904,20.238545395980278
38.54700156211853,33.89640396552782
47.99700034141541,44.211425781746705
50.24600142717362,48.3348226758341
49.51200075864792,48.059940468991805
44.95700075149536,45.51147355126838
35.80799983978272,38.82260992537563
21.37700025677681,23.48729140632165
6.526000054776668,11.50272192680277
0.0320000002440065,4.835517884756749
0.0,1.8135516687870645
0.0,0.501953448196873
0.0,0.32326334281514085
0.0,0.276647760013584
0.0,0.262019635962788
0.0,0.28544551581144323
0.0,0.3176365554278406
0.0,0.2887096579784217
0.0,0.25542083769260593
0.0,0.2955874232870216
0.0,0.38960246938979254
0.0,0.5797122708071644
0.9759999994188548,1.347984628973063
11.07000050663948,6.654914320850125
25.359000508785247,18.552056053206325
38.82999838352203,31.47896680398534
48.08399855136872,41.848116857384646
51.0040007519722,46.308948869680364
50.13700102567673,46.38805484266331
45.61000082015991,44.14242655335615
36.15199975013733,37.806173401816444
21.59900015115738,23.084683716905612
6.426000176370144,11.643249195888638
0.0320000002440065,5.010757069661437
0.0,1.9185472324133543
0.0,0.553880512174995
0.0,0.3542733687759998
0.0,0.2972458690870553
0.0,0.27739641077350824
0.0,0.3008988112785543
0.0,0.3154219910549
0.0,0.2884267766851311
0.0,0.2576495100938094
0.0,0.2996961231273599
0.0,0.3979033408725324
0.0,0.6017984577602086
0.1069999973056838,1.4185331336059608
7.636999813020229,7.060164291700349
22.82800083398819,19.505072341312967
37.7530001449585,32.608012208131456
46.93599846839905,42.661553346167004
49.80399810314179,46.791515324550375
44.669998676776885,46.67166604690254
39.482000219821934,44.191799020220834
35.41799908161163,37.62876772163436
21.085000858306884,22.658634139631562
6.051999891698361,11.306162463299309
0.0320000002440065,4.815617233437176
0.0,1.8278096781123896
0.0,0.5303710851787279
0.0,0.34338685209009173
0.0,0.29269933650347707
0.0,0.2762322263109187
0.0,0.3002107447191762
0.0,0.30037605680059637
0.0,0.27587591262534256
0.0,0.24599432660887632
0.0,0.2890985763686088
0.0,0.38636397302461173
0.0,0.5820891484051632
0.9169999864324928,1.3904209485665586
9.928000087738038,7.213362945442399
24.69800020337105,20.315622619179386
38.88299918174744,33.99158771894872
48.39299870967865,44.24088873746495
50.91500196933747,48.29253321319819
49.12100176811219,48.00300156344971
44.29299958705902,45.489145290466645
35.08400203466415,38.79790948328873
20.734000997543337,23.2403522841384
5.816999869346619,11.208080050017065
0.0129999995976686,4.702088272205244
0.0,1.7893356457911436
0.0,0.5080142643201786
0.0,0.3263313714182004
0.0,0.27702919310269253
0.0,0.2610267021080168
0.0,0.28322208363252377
0.0,0.3119562999593715
0.0,0.28879243525986864
0.0,0.25919285088855154
0.0,0.3002919409004971
0.0,0.39442435086239125
0.0,0.5891963087767362
0.740999977067113,1.375110298851505
10.137000367641448,6.74027537361098
23.875998984575272,18.914418730412923
37.063997983932495,31.873650517265006
45.94999958515167,41.943123425294964
48.66400031089783,46.02400519470373
47.76099849224091,45.82385522343218
42.20399912834168,43.215489679674306
34.16700031518936,36.45643581709515
19.9809989964962,21.512355654525262
5.352000229358673,10.712119286687424
0.0,4.622366024775741
0.0,1.7891866489612347
0.0,0.5300005718879403
0.0,0.3442833212538001
0.0,0.29368709019230055
0.0,0.27586603916793434
0.0,0.30152217423931377
0.0,0.3091274575741651
0.0,0.28212629439076403
0.0,0.2520269534682545
0.0,0.2910473105606312
0.0,0.38377252632053577
0.0,0.5797720324341208
0.6199999906867742,1.3825436725614904
9.17500014066696,7.0312823999673135
23.051001014709477,19.490373070016503
37.34400010824204,32.80396348387003
46.951000709533695,43.09727239919206
49.6659996676445,47.14344821492832
48.19799833059311,46.62255717622738
43.52599973917008,43.97916614210855
33.41799945950508,37.166339842832336
18.79299978375435,21.93061196014906
4.674000191092492,10.64453515544068
0.0,4.476529834074123
0.0,1.738563094221366
0.0,0.5161138797497067
0.0,0.3323651908966712
0.0,0.281627703163928
0.0,0.2639038824064967
0.0,0.28817202391102903
0.0,0.32879213708142435
0.0,0.30141929352112734
0.0,0.2724169976155584
0.0,0.32218634458181133
0.0,0.43347185540866723
0.0,0.6579193618342591
0.6179999956861139,1.5407898649705263
9.15300000309944,7.626350879709547
22.14000101327896,20.843215208984912
35.35499952793121,34.55792409391453
44.03700022697449,44.39180884150168
47.08600033998489,47.982901328442004
46.17799914360047,47.391372948984305
41.68799926280976,44.167802910134206
33.07199897646904,36.620503987353295
18.75100008130073,21.141618936362992
4.693999755978584,10.195885908861333
0.0,4.309863550852364
0.0,1.6366221988007117
0.0,0.4758556839598653
0.0,0.3210360814266217
0.0,0.28316239879078536
0.0,0.27274522180901833
0.0,0.2978549773649623
0.0,0.3402680124513184
0.0,0.3219422212367256
0.0,0.282996491039327
0.0,0.31004714906060443
0.0,0.37488903362148746
0.0,0.4978235313226469
0.1400000030733645,0.9337271378523049
2.9240000082552435,3.6217234700731935
7.835000024139881,10.46151314270993
16.317999712228776,18.507078029053904
24.480999686717983,26.36405636945118
36.23300034999848,31.09257954422384
41.47300137281418,33.21446838026866
38.657998428344726,34.18660518815741
30.770999432802203,30.502902016459654
18.31400024294853,18.604677155421427
4.383000051975251,9.908048175331206
0.0,4.461063758465461
0.0,1.9021656350678924
0.0,0.6835518612712622
0.0,0.45322539741251
0.0,0.3691629911361572
0.0,0.3188819568837062
0.0,0.34408169691838936
0.0,0.2864601307176053
0.0,0.27252996389288453
0.0,0.247855967975532
0.0,0.2905049093998968
0.0,0.37992496591915065
0.0,0.5676079948052454
0.1329999965010211,1.2878888672171163
2.7450001026690005,6.019496329861383
19.38300029873848,17.213282334282994
35.40899855852127,29.983053406563897
44.93499855995179,40.536503953350085
48.1590015411377,45.1785330207646
46.93000085830688,45.161335839368405
43.68699859857559,42.614384038348994
32.00700006604195,35.56520697054764
17.941000244617463,19.79852886703176
3.993000064045191,9.172914037189136
0.0,3.82943021932384
0.0,1.512807584600135
0.0,0.4685068318356449
0.0,0.31323799218051135
0.0,0.272753710297402
0.0,0.25701023101961856
0.0,0.2792604751558974
0.0,0.3360376073008713
0.0,0.3059435450378805
0.0,0.26635252360564965
0.0,0.3024076011101715
0.0,0.39066100125589104
0.0,0.5687870437100839
0.0570000019390136,1.2156541750735292
5.796000018119813,5.5828151760591815
15.574000288248062,15.775950107301277
29.8360007750988,27.341100690116487
45.51299974679947,37.30712695452075
51.24500197887421,42.07274816714227
48.83800083875656,42.651395482954875
44.74199875354767,40.8538628725335
35.67300020933151,34.707924697951725
19.27399989724159,20.718048109949258
4.936000242233276,10.344824386804055
0.0,4.450270111064116
0.0,1.7665529618257034
0.0,0.5557635744614527
0.0,0.36278945571665333
0.0,0.3011102671610812
0.0,0.27758897808458033
0.0,0.3109793848001087
0.0,0.316326770139082
0.0,0.292571242422952
0.0,0.26247168281658856
0.0,0.30958447443088516
0.0,0.4151578241633252
0.0,0.6290113308063398
0.1419999980740249,1.4593251373323923
7.452000243365765,7.192766583217307
23.25499986290932,19.869793233498932
34.84000200271606,32.99773989651352
44.24699873924256,42.89001720711588
45.91900097846985,46.938873284757136
48.40899918317795,46.850468247185155
43.60799857139588,44.44306940638771
34.33499912500382,37.88130696563672
19.22000086665153,22.64443354361691
4.412000139951706,10.985002157771959
0.0,4.552227095200215
0.0,1.7245905599254183
0.0,0.4965221345502262
0.0,0.3275122440971123
0.0,0.2830487679767732
0.0,0.26791651873694106
0.0,0.294318244276413
0.0,0.3821365966787562
0.0,0.3521529324624377
0.0,0.298532551167688
0.0,0.3187816824989083
0.0,0.3721547861762034
0.0,0.4607599210351085
0.0,0.7825879266547661
1.517999992519617,3.066032160315663
5.728999832570553,9.028585389914612
6.81700019389391,15.857042117081582
9.650999849438668,22.22916134809454
22.511000438928605,25.672419316371286
20.79499997854233,27.41000312428922
40.37200037002564,29.608856463780004
32.04099953174591,27.483707558835548
18.02800050854683,17.54041835266476
2.8470000402629374,9.570413215927159
0.0,4.386544974519251
0.0,2.0378512806002984
0.0,0.8333774347067809
0.0,0.5577097697532736
0.0,0.43712920160498464
0.0,0.3596980152186006
0.0,0.38225824756314974
0.0,0.3402337144385092
0.0,0.3139776906883344
0.0,0.27860876329708845
0.0,0.3212309045678315
0.0,0.4216235454085593
0.0,0.6257168178407785
0.0389999987930059,1.379938363842666
5.014999755918979,6.503550504722322
22.13599986791611,18.041262466895084
36.20900169372559,30.536845632009214
45.889998836517336,40.31500623345375
46.27999959468842,44.19756739473592
36.65800086021424,43.75103439788023
36.737000887393954,40.69167345652978
33.088999736309056,33.36417442090809
18.572000175714493,18.998759968318044
4.198999998420477,9.236349527714774
0.0,3.953329175638501
0.0,1.5585418543743437
0.0,0.5051192825419518
0.0,0.3422794290538877
0.0,0.29472800975665453
0.0,0.2802000927358555
0.0,0.3140526824980043
0.0,0.3403428043145686
0.0,0.33122796200603866
0.0,0.309426057121406
0.0,0.371907999360313
0.0,0.4998966008222972
0.0,0.7604069209316124
0.2729999915510416,1.605280014019615
8.616000286340714,7.303505827865254
22.22400041818619,19.78008534430216
36.19699825763703,32.69989301394671
45.86199903488159,41.482506947716075
45.59299800634384,43.63506223832567
43.06599947690964,41.045283771405614
35.82600088596344,34.72046664495021
31.5459995174408,24.578242210329822
13.588999826312063,11.57399591513599
4.736999744772911,5.258364649855842
0.0,2.2869635382900015
0.0,0.9409588274282094
0.0,0.3937821374189419
0.0,0.30209418875242894
0.0,0.27857442130955556
0.0,0.2814415055365922
0.0,0.3193927990373534
0.0,0.36408935592044145
0.0,0.3515044902288355
0.0,0.31211444428889085
0.0,0.3387063320524369
0.0,0.4044761986463952
0.0,0.5243164194763327
0.0320000002440065,0.9011132407234982
2.761000062674284,3.3881536792560163
12.521000056862832,9.798881436971326
20.376999418735505,16.9214389962703
23.72200007557869,23.141002685030305
26.420000327825548,25.69052969511598
15.840999717116356,26.07370971810073
17.371999580860138,26.904141847603025
25.712000942230222,23.80461848622188
11.191000236272812,14.007128034618994
1.2999999597668648,7.477548489098748
0.0,3.4138709740876223
0.0,1.5801346536869338
0.0,0.7031782362408315
0.0,0.5004576648531172
0.0,0.4163679995589578
0.0,0.3591237031039782
0.0,0.38365847438185785
0.0,0.3594256772403605
0.0,0.3555124374005633
0.0,0.3279060654163671
0.0,0.374684646022506
0.0,0.47358572897346063
0.0,0.6653425465966576
0.1830000079143792,1.2397153640150405
8.853999627232552,4.965234201118972
21.523000982999804,13.887225264757872
26.257000895738603,23.673955125535528
32.35599935412407,31.192930678551402
39.42300181150436,33.042815039431055
39.63500089645386,31.334467378631235
27.060999014377597,27.790720238077146
19.04500005245209,21.0374650378339
5.807000086903572,10.755470975140732
0.9749999698251486,5.393050972477844
0.0,2.4628120773852182
0.0,1.0874255011843827
0.0,0.49789226888135696
0.0,0.38150616696725287
0.0,0.3414490460899348
0.0,0.32652270470590644
0.0,0.365622712985302
0.0,0.3124294156418182
0.0,0.29509485798189417
0.0,0.26857238675855716
0.0,0.316135446174691
0.0,0.4197400339297019
0.0,0.6296941026393325
0.3509999891370535,1.4364346597910236
8.605999990403653,6.892949010611822
22.414999651908875,19.176328491667906
34.86600123167038,31.9667155953
42.930999846458434,41.559872200737395
44.66799810409546,45.387727704246835
44.96699950695038,45.14507217320303
38.42700006484986,42.461904996509354
31.8230007827282,35.577528957352044
17.321999641656877,20.397751067690553
3.6419999465346335,9.774985591865455
0.0,4.0651935882749966
0.0,1.5828139784346178
0.0,0.4903857982026724
0.0,0.33122340953520807
0.0,0.29041007584504164
0.0,0.2759078564502609
0.0,0.3022015431585411
0.0,0.2984154254981937
0.0,0.28289731038346266
0.0,0.2558664130233228
0.0,0.29875352437763164
0.0,0.3890135241431805
0.0,0.5745536714078238
0.3180000074394047,1.2811190391859661
8.461000064015389,6.070654140148933
17.9070007789135,17.305452386078738
29.33099995136261,29.85405192433546
43.41199995994568,39.81413142556946
46.32899924755097,43.92684167915335
44.99200050354004,43.65636353099097
40.26399820089341,40.765360844557485
30.85899998307228,33.485952540741614
16.89499958574772,18.38589598041959
3.337999936193228,8.605818373089036
0.0,3.6346984540267537
0.0,1.4642121674101025
0.0,0.48731634677542995
0.0,0.3291436742735095
0.0,0.2854753425973467
0.0,0.2694394046332066
0.0,0.2917621035276291
0.0,0.38868526352259014
0.0,0.3952203162340447
0.0,0.3637162862640495
0.0,0.39170462128939104
0.0,0.4574447462762085
0.0,0.5796564725452725
0.0,0.9107460582186468
1.9090000100433824,3.054902722624441
9.18499992311001,8.641233091279865
11.019000281095504,14.574441902761661
8.470000073611736,19.1188323715205
15.739000293016431,19.58985611533125
13.355999863147735,18.50858745567501
22.912000238895416,18.7473564060467
15.90499955713749,16.318857349927228
6.21499983727932,9.339753436322013
1.7419999460875988,5.155140771117682
0.0,2.440756530739988
0.0,1.218314293799146
0.0,0.6804784331781168
0.0,0.5469325100840069
0.0,0.4959774548901865
0.0,0.43455688178073615
0.0,0.44039239454005524
0.0,0.299746771925129
0.0,0.2877391210454516
0.0,0.26391506902330236
0.0,0.3102971603356612
0.0,0.40718864312550673
0.0,0.6044282570038922
0.1949999939650297,1.3885034025142282
7.826000014543533,6.685010148858031
21.17199906826019,18.864944661644596
33.413000081777575,31.874183357432486
41.90300126075745,41.70409006093939
45.82400047779083,45.50714167432238
44.587999844551085,45.057506161021685
39.61099813222885,41.78304607854535
29.2569993019104,34.168066512619454
15.420999611616136,18.70578689313804
2.9379999090731146,8.777482053578522
0.0,3.7129017831066933
0.0,1.464414061901625
0.0,0.4740888881636784
0.0,0.3243540803001573
0.0,0.2858307048608549
0.0,0.27184103777787333
0.0,0.293188966140151
0.0,0.318609596795092
0.0,0.32345471011474725
0.0,0.29955817074514923
0.0,0.3364027819340117
0.0,0.4031468669177654
0.0,0.5374640585117353
0.0,0.9492060552421027
3.633999966531992,3.6634115960448983
14.566999499797822,10.692645382148525
13.443000127077102,19.06692925464362
29.79699987769127,26.137818987083932
33.630000598430634,28.119846411570904
23.16300022125244,26.43263506283363
16.08600003540516,23.561121332272887
10.001000450849531,17.453816737836846
6.320000120401383,8.306378106654932
1.0220000128075482,4.031830587331206
0.0,1.9128890069853517
0.0,0.9511021248844919
0.0,0.5050332035357132
0.0,0.3965931725067397
0.0,0.3591504647520681
0.0,0.32874434854757656
0.0,0.3403363747064334
0.0,0.3833153867023065
0.0,0.37352645535565293
0.0,0.3293258537522827
0.0,0.34675895330340906
0.0,0.39581100145277254
0.0,0.4831144024136787
0.0,0.7247473006842968
0.457000013012439,2.477780596703912
1.8249999632686376,7.069805281832814
2.980999897867441,12.070513764607407
10.048999817371367,16.247777769081296
8.115000094473363,17.539375286884603
14.2570000821352,17.527607388099035
25.482999043464662,18.97513829311977
21.150000984668733,17.28844346420839
9.814999567866325,10.201133542827641
0.4870000022090971,5.643611726801222
0.0,2.7345718310656957
0.0,1.4529768057202455
0.0,0.8103530091652648
0.0,0.6163403931974124
0.0,0.528369180149554
0.0,0.43703761074148734
0.0,0.4241004024267507
0.0,0.3026776089922835
0.0,0.2812512295157649
0.0,0.25427835153881456
0.0,0.30251532619663823
0.0,0.4021292387344874
0.0,0.6096404129258978
0.2280000077560544,1.3906056948766734
7.079000245034695,7.095419924920424
20.53000009536743,19.856508349652092
34.300999659299855,33.34710443839432
43.41199995994568,43.068613648836816
47.59900140047073,46.39911173502603
46.25499859809876,45.05388498524825
40.79099916219712,41.24796948786825
28.409000908136367,33.076960044999915
13.297999687194825,17.700451768770193
2.5069999915361403,7.914632712750074
0.0,3.2668788265173014
0.0,1.3138374154324024
0.0,0.44464422601197534
0.0,0.305051827650362
0.0,0.2676503207379331
0.0,0.2588857515257162
0.0,0.28493666864388306
0.0,0.33845457520180694
0.0,0.33120540639152746
0.0,0.3113135560640754
0.0,0.3793302162612478
0.0,0.5064028229913674
0.0,0.7641190148548535
0.024999999689171,1.5558471669419667
3.7670000512897968,7.099516414736087
18.701000142097477,19.304944606907664
33.318999867439274,32.02703625870248
42.226001319885256,40.53942782315115
46.577998657226566,42.02016338753204
40.19099989175797,38.390267906611165
39.86099988222122,31.468598676001033
24.795999509096145,21.43892591000224
8.199000012874604,9.71737039757582
1.6509999489039182,4.2964899795409295
0.0,1.8691424158743273
0.0,0.8096812243678141
0.0,0.37306838553088406
0.0,0.2939759890804998
0.0,0.2732114882604219
0.0,0.27847799835959447
0.0,0.32014663340446226
0.0,0.29677557016567635
0.0,0.27938480953841155
0.0,0.2546390046691522
0.0,0.306292743658026
0.0,0.4120417327131145
0.0,0.6350135938210103
0.1199999969033524,1.4620394679709958
6.752000067532062,7.325710388791438
20.19899979948997,20.415429351739586
34.037000062465665,33.7982205395028
43.05800129413605,43.390511143555244
47.11699894666672,46.925006472120685
45.4540013384819,45.90865677126994
39.23599961519241,42.67603102609516
30.635999802351,35.07827241076156
15.634000009894372,19.118012867163248
2.726000053882599,8.480481515872913
0.0,3.4058230900221194
0.0,1.344069521020865
0.0,0.4386804733991933
0.0,0.30068428124145913
0.0,0.26507909010552494
0.0,0.255193271342044
0.0,0.28137114618284004
0.0,0.3031379782633545
0.0,0.2848513919929973
0.0,0.2582589463486025
0.0,0.30918686163922154
0.0,0.4115235973824747
0.0,0.6259176545993737
0.1270000034756958,1.4212950313533657
6.845999768376351,7.143223007504518
19.77399928927421,20.019777037886282
33.41199979543686,33.447091007977725
42.17300052165985,43.05920378160974
46.16599981546402,46.32869552016259
44.1769992351532,45.04620386307439
36.79799986839294,41.27090263705701
28.989000613689424,33.11206968280798
14.35000001013279,17.603271133483698
2.7860000322759157,7.77507467050571
0.0,3.1713464645963785
0.0,1.2748666024537911
0.0,0.43202844994220263
0.0,0.29925501985708247
0.0,0.2647748638309227
0.0,0.25643756103391446
0.0,0.2845472004932041
0.0,0.3005814408293615
0.0,0.28584790314935765
0.0,0.2612513337253282
0.0,0.31188368804364774
0.0,0.41457178102107717
0.0,0.6276335822899515
0.1140000038780272,1.426594080221063
6.634999942779541,7.148199983149147
19.900000450611117,20.08123366657644
33.612999838590625,33.288753418823084
42.23899888038636,42.69135387246808
46.45499835491181,45.940082652966176
44.95200137376786,44.61674783787379
39.575998380184174,41.031678282332926
30.11999993681908,33.13768321219832
15.28799952685833,17.60108762735501
2.641000105887652,7.769749355407742
0.0,3.1520082394646796
0.0,1.2777396792821432
0.0,0.4426093857968227
0.0,0.3077544260987391
0.0,0.2712655486181999
0.0,0.26053512630208087
0.0,0.2863536047454302
0.0,0.3011600291465098
0.0,0.28523419794160876
0.0,0.2606391626076462
0.0,0.31084267544560135
0.0,0.4126451240805909
0.0,0.6218541557512557
0.0890000021830201,1.402208042484708
5.958999963700771,7.107633311608807
19.85499988913536,19.945374151120582
33.300000588893894,33.34123690600196
41.6710005569458,42.80212266050279
45.86399960756302,45.88759198519091
44.462000737190245,44.20343787007034
38.945000503063206,40.00381548163792
29.270999202728277,31.399006729026638
11.990000004172323,16.097855979396652
2.266000048369169,7.036321826096004
0.0,2.903442751745073
0.0,1.1965030606711904
0.0,0.4340885641907031
0.0,0.3056210848037153
0.0,0.26993504574677596
0.0,0.26130565800160793
0.0,0.2859169654284293
0.0,0.31011895600318284
0.0,0.2976970796450041
0.0,0.27425302466998497
0.0,0.3299239272632015
0.0,0.4406752794515341
0.0,0.6669867143648056
0.0129999995976686,1.4530851445859299
6.23699997484684,7.153079666101064
19.271999324560166,19.87215410668403
32.10800023078919,32.9881040314585
36.62399934053421,42.07040488056839
36.15199975013733,44.5896167550981
41.00899996519089,42.245685644745826
26.18500081896782,37.13363600643972
23.86499994277954,27.87096237519756
9.387999511957169,13.676886073024946
0.5200000160001218,5.984353491016663
0.0,2.514279633366192
0.0,1.0593289474137901
0.0,0.41865584343438966
0.0,0.30558435400249434
0.0,0.27476786776445805
0.0,0.2702870069940885
0.0,0.30205742182442913
0.0,0.4201206608884968
0.0,0.42788308575516565
0.0,0.3933448030613363
0.0,0.4290592506232982
0.0,0.5074453854413393
0.0,0.658638196552638
0.0,0.9923281015727361
0.3670000133290887,3.221983471413454
4.717000179886818,8.814012344380222
12.607000034451485,14.841473800614475
10.657000351548197,18.798549085035923
10.371999876499176,17.829440423958
7.19300002425909,15.150990251203377
10.037000489234924,13.474089614556483
7.145999917089939,10.287548108380287
2.003999997228384,5.549585082099463
0.0510000008903443,3.0813440464685358
0.0,1.6086781035518893
0.0,0.929095207315792
0.0,0.6084873925048547
0.0,0.5285934552643448
0.0,0.499321618314522
0.0,0.46045300547887263
0.0,0.46790266231400895
0.0,0.39486485917897274
0.0,0.3972184084247176
0.0,0.35823818137248353
0.0,0.3800392393077103
0.0,0.4370213262643665
0.0,0.5427030614755737
0.0,0.7842947581309515
0.0190000006463378,2.4960206544771792
0.662999979481101,6.91905006095767
6.5390001827478414,11.728117263143261
14.563000408411026,15.304806179851292
16.256999704241753,15.269702725273868
12.478000068068503,13.915363025441765
9.897999713420868,13.803180732813976
7.794000094532967,11.621737216804176
3.101000111401081,6.557881897113596
0.3320000045374036,3.7266982557966064
0.0,1.9455072081430504
0.0,1.147931384255644
0.0,0.7554127863251293
0.0,0.6286282257107088
0.0,0.5792813238028128
0.0,0.4988466012865926
0.0,0.46734347641778484
0.0,0.38217752754843487
0.0,0.36612361785257236
0.0,0.3254174548767817
0.0,0.35719320811796934
0.0,0.4346697687706909
0.0,0.5784191399052119
0.0,1.0178540074825286
3.3099998778104784,3.959273421267669
11.808999525904657,11.292643658705055
26.416999468803407,19.396527832212552
34.300999659299855,26.08189650312066
26.41599918246269,28.350936257367334
19.73999982357025,27.874334149919452
21.65100066304207,27.275638714060182
18.25900092601776,23.03835219130541
10.266999593377111,13.239448628090324
1.9759999388456344,6.910393404671922
0.0,3.135732702931079
0.0,1.4465894614769301
0.0,0.6458324068738147
0.0,0.4711507159673298
0.0,0.4010370486664275
0.0,0.3588272711029276
0.0,0.3969173907620522
0.0,0.3651195626938715
0.0,0.351891601961106
0.0,0.3140683118618714
0.0,0.34497993991865467
0.0,0.41739116999010234
0.0,0.5572226869834898
0.0,0.999351402084964
2.4480000427365303,3.9243143257560824
12.048000180125236,11.21213385557135
13.810000461339952,19.46947590522468
38.13800152540207,26.391677701051037
37.0029990029335,28.668614022992553
31.41400074601173,27.99939237061888
27.678999330997467,26.91419987494747
24.347000342607497,22.299120882277688
14.240999608635905,12.439168378819403
1.975000037625432,6.35085146356374
0.0,2.88624023285772
0.0,1.3523612278789126
0.0,0.6125325742891677
0.0,0.44812086799725265
0.0,0.3861200267852594
0.0,0.3469297782455882
0.0,0.37817495135745655
0.0,0.27961779655345403
0.0,0.2717237733964187
0.0,0.25181235739107555
0.0,0.3006215360426965
0.0,0.39473962992740175
0.0,0.5901885705837048
0.0320000002440065,1.3546728429819146
6.0159998533129695,6.876822890850406
18.625000973939898,19.64599692379435
31.473999440670013,33.082110673847296
40.2140003156662,42.728095373089126
44.53499904632569,46.05300880047182
43.23700119972229,44.740823685315746
36.98100091934205,41.012767557501796
28.3630000603199,32.83369883472721
14.040999851822852,16.86466323350246
2.078000004813075,7.188114866645385
0.0,2.881229243600586
0.0,1.18938311913788
0.0,0.42267025232082234
0.0,0.2962666494981385
0.0,0.26381451763135066
0.0,0.2519173758950395
0.0,0.27161391498210524
0.0,0.3853421655017882
0.0,0.39396445559260124
0.0,0.36065070899746693
0.0,0.3873473651474341
0.0,0.4464545188471674
0.0,0.5571952276878679
0.0,0.8065134952651958
1.0449999874085187,2.5525138734901947
5.423999792635441,7.123013607747853
4.033999993652105,12.165388901333015
4.557999839186668,15.706528483877582
8.03499978095293,15.311598588873943
7.821999896168709,13.484475925142569
11.52500036418438,12.89453548565507
18.59600088596344,10.435648630298674
5.6980001989007,5.595757618350908
0.6430000294744969,3.1050651635710778
0.0,1.6367808008318148
0.0,1.0011548441427294
0.0,0.6919543172162957
0.0,0.5936250130816673
0.0,0.5602618380566128
0.0,0.4861521376296878
0.0,0.4400459705207808
0.0,0.3445755894179456
0.0,0.35174634514919795
0.0,0.322166387734469
0.0,0.3544189404936817
0.0,0.41843149049518
0.0,0.540219115302122
0.0,0.8780525678892931
1.8920000204443927,3.162415508758277
8.350999889671803,9.185732587774595
5.732000178098679,15.966242810015878
18.31899962067604,21.258362926033637
20.18299932599068,22.110816472408672
23.462999856472017,20.659270510971545
16.920999841690065,19.445311922046045
16.723999916911126,15.299575871632747
7.769000124931336,7.8232296558811
0.9500000002235176,4.028988808132708
0.0,1.9513045651496697
0.0,1.022873999994481
0.0,0.5852470392958882
0.0,0.4691663166740909
0.0,0.4259422768334238
0.0,0.37971366900019343
0.0,0.3853552600710342
0.0,0.31181284501217305
0.0,0.3091312965890392
0.0,0.2864598812907934
0.0,0.33601545130601157
0.0,0.4345261270234672
0.0,0.6348872093538133
0.0,1.3261949896711547
2.771000101864338,6.027248436793063
13.609999677538871,17.041698680122693
26.60700047016144,29.054470674743257
30.594000099897382,38.02662567758312
38.51500061511994,40.76189997933805
36.519998316764834,38.905038737915454
28.87099968910217,34.27608351769547
23.266000958681108,25.62862461247171
11.282999877929688,12.45830290220057
2.2130000203847886,5.636828761383271
0.0,2.436309921373613
0.0,1.048901344293651
0.0,0.4432680100699266
0.0,0.32888073773666593
0.0,0.29658323350052035
0.0,0.286450613469351
0.0,0.31694374668567127
0.0,0.2889291459182277
0.0,0.2831374565907754
0.0,0.26307889335167906
0.0,0.3161169760650955
0.0,0.41413182913868996
0.0,0.6161947184374245
0.0,1.3513419141046084
3.9899999752640727,6.441883030024669
15.97099996984005,18.51084973470618
29.390000413656235,31.528104924373327
38.17300127744675,41.0102520672977
42.24599883079529,44.37168353537718
37.5730020070076,43.239563780886435
35.231000993251804,39.4755414729317
27.267000489234924,31.222312071919443
10.251000146865843,15.76648275528724
1.1739999537914991,6.734340057891482
0.0,2.726037860289216
0.0,1.1302651471718368
0.0,0.40945550439413636
0.0,0.29350821093888946
0.0,0.26547870972348997
0.0,0.2555005053849891
0.0,0.2798192309549388
0.0,0.28915290690725665
0.0,0.2833769397716969
0.0,0.263179264862556
0.0,0.3125057936289037
0.0,0.405999231218205
0.0,0.5931969963184868
0.0129999995976686,1.2997381393782172
5.183000106215477,6.241807922304918
17.422999806404114,18.12994941578557
29.385999268293386,30.717515238411725
37.91300077199936,39.94970001978179
41.9360004401207,43.26678911322107
40.57200012683869,42.214666133200126
34.84100023508072,38.863252523876724
26.594999088048937,31.212188417247187
13.204999759197236,16.20344939413791
1.7989999640733003,7.225697789099068
0.0,2.9872360281374615
0.0,1.249651821682152
0.0,0.4565876236317368
0.0,0.32247622473087784
0.0,0.28617024297205107
0.0,0.27112310688709834
0.0,0.2931728206621483
0.0,0.3264588261597479
0.0,0.33772987566267454
0.0,0.31654002047376706
0.0,0.3530103980377317
0.0,0.4148230726846183
0.0,0.5430240513229122
0.0,0.8979757694154978
1.7129999864846468,3.2603511403252683
7.966999822556973,9.53890569563955
15.933999645113946,16.696880280561746
17.003999987244608,22.118738219738006
17.593999475240707,22.51414441994081
15.388000432252884,20.106609625046456
15.12099997639656,18.074249301130575
2.9369998794794085,13.579500850761931
0.3170000099390745,6.505849878353377
0.0,3.2841887616971506
0.0,1.6097296159621326
0.0,0.8729278102396831
0.0,0.531880272969914
0.0,0.4371848248147096
0.0,0.40994124637683854
0.0,0.37441728772440297
0.0,0.37147965503002817
0.0,0.36831531254574656
0.0,0.38215908678636573
0.0,0.3547502358700148
0.0,0.37932131660015633
0.0,0.43092082166423396
0.0,0.534250585255213
0.0,0.7575203106979219
0.0,2.2863821411753693
0.2810000036470592,6.327363233988483
1.6259999793022872,10.757099040870864
9.288999919891358,13.928240297498805
7.6330002081394195,13.466706097039085
1.2139999821782113,11.64452091190964
1.0330000174045564,11.25644116786619
0.6470000194758176,9.188230715903144
4.01000005364418,4.843776812935248
2.407000113129616,2.735317859658972
0.0,1.4770659237269623
0.0,0.9298947533848696
0.0,0.6915648865738574
0.0,0.6053323462279514
0.0,0.5883028193431286
0.0,0.5095119175943545
0.0,0.4419431993667968
0.0,0.33884883250420295
0.0,0.32625978228248037
0.0,0.290736212588381
0.0,0.32435757983243085
0.0,0.39400552043148007
0.0,0.5229553218535148
0.0,0.9544738246904064
2.062000044807792,4.034735132915278
10.41700043797493,11.908476301319896
9.419000172615052,20.801437016737957
20.62699911475181,28.16396212041378
14.340000227689744,31.036587472433848
19.309999935626983,30.606510657370094
34.319000705480576,29.89534855184456
27.579999738931654,25.185661639639488
13.422000275850296,13.926889651843036
1.8389999924600124,6.624238028895732
0.0,2.8596019929562075
0.0,1.3379975157820931
0.0,0.5897370573404866
0.0,0.424414063860507
0.0,0.35960633156122634
0.0,0.3169212190201506
0.0,0.3382780685415492
0.0,0.30796063999024526
0.0,0.29987802426330745
0.0,0.2703884332231246
0.0,0.310933681318226
0.0,0.383444472978202
0.0,0.5292368846099513
0.0,1.0130932942304451
1.3469999385625124,4.49541418256859
6.78399998754263,13.453763313678403
18.31899962067604,24.186315304997066
23.05199924707413,32.94514166978499
30.039999623298645,35.82436234028389
30.78499933362007,34.150848772016666
24.480999686717983,30.272031709713243
15.10700007557869,22.510281626606982
8.515999894440174,10.76116896031114
1.2869999601691962,4.834545842926017
0.0,2.1755012146383526
0.0,1.0303411679299705
0.0,0.4651669604137229
0.0,0.34275304622870556
0.0,0.3019910037207107
0.0,0.28421820559694116
0.0,0.30715230421706413
0.0,0.2804773029397863
0.0,0.2813997677108273
0.0,0.2597344892192631
0.0,0.303227434627867
0.0,0.371815269482322
0.0,0.5121172929756964
0.0,0.9868220303324052
1.5070000521093607,4.298719254027431
6.838000045120716,13.07837731551379
9.954999603033066,23.787993406554065
22.152000341415405,32.738784091323616
31.60000060200691,36.0080618760859
36.53900170326233,34.688876871230704
27.70899970531464,31.223526515358444
13.396000019907952,23.55830792279914
9.85499972462654,10.920443755518646
0.8259999892488122,4.636100084610905
0.0,1.9940995660983027
0.0,0.9332448008066664
0.0,0.4274555616818058
0.0,0.3194710085478922
0.0,0.28828116737771775
0.0,0.27054612609713025
0.0,0.2848041007132269
0.0,0.3164914871348689
0.0,0.3315216171997599
0.0,0.3163979405731273
0.0,0.36403685427115606
0.0,0.4462486330761264
0.0,0.6149215087100554
0.0,1.0874913222179747
1.2070000317692755,4.196141397347675
5.863000203669071,12.08701732377211
16.413000212907793,20.9111447266986
22.31700034618378,27.19929952457547
14.340999487042428,27.08659164237479
10.711000409126282,23.020738768291967
9.864000247716904,18.89524495615313
2.423000073134899,13.070185571586094
1.5500000409036876,5.917864186742032
0.1219999999273568,2.8972358638669053
0.0,1.4305820640859508
0.0,0.7815189485057878
0.0,0.48997980481324094
0.0,0.41028508848665907
0.0,0.3874597940213668
0.0,0.3651224607524151
0.0,0.3726885687878045
0.0,0.36101026276669773
0.0,0.3697377631580457
0.0,0.33936842513115456
0.0,0.36569820024305955
0.0,0.4176139153827292
0.0,0.5176150395038227
0.0,0.7707649006469485
0.0129999995976686,2.559601615875339
1.040999997407198,7.276172755410275
4.160999900847673,12.453480694107713
6.851000173091888,16.353576017431916
8.975000383853912,16.51291048342983
13.953000328540805,15.113718084761251
13.251999866366386,15.19015102473398
14.979999654889108,12.855368638994792
5.477999850213528,6.950861789643144
0.1259999979520216,3.6859390148256588
0.0,1.8095170162501748
0.0,1.036465944222485
0.0,0.6741506834475635
0.0,0.5626562876588044
0.0,0.5293025296484121
0.0,0.4573266566024783
0.0,0.4191182583314366
0.0,0.3533741026790813
0.0,0.35938366223825136
0.0,0.3275143371359445
0.0,0.3590717390862604
0.0,0.423540412299335
0.0,0.547940339060345
0.0,0.8905845867500951
0.5319999860040844,3.214968740316108
5.9950000020861625,9.256337471442919
14.033999901413916,15.915512635285657
12.10099995136261,21.066336614886918
10.976000292301178,21.748084409373504
19.57100072741509,20.22312848194192
13.007999834418298,19.013066752937934
8.587999971210957,15.013692081862443
3.648000124096871,7.7331667470155905
0.1730000008177012,3.994133198885247
0.0,1.9370542282455911
0.0,1.0262712839358332
0.0,0.5969606460700744
0.0,0.47920696227733667
0.0,0.4358811553552126
0.0,0.3900878900809524
0.0,0.3994882290973328
0.0,0.30289522081070264
0.0,0.2983618734730407
0.0,0.27815404228710877
0.0,0.3331266287093362
0.0,0.42982221106610563
0.0,0.6265976438803288
0.0,1.3137961515202188
4.100999922454357,6.197903606733308
16.047000164985658,17.791773333102466
27.531000086069103,30.70425574214508
36.00399845123291,40.01093155503273
39.67000064849854,42.68174248417219
33.71000091195106,40.51420996658504
25.55200031518936,35.16062172625214
19.930000824928285,25.65846171354254
8.33499992966652,11.848949237642811
1.0879999762028456,5.013998982847358
0.0,2.1132595981882574
0.0,0.920382611186554
0.0,0.3888427314387324
0.0,0.2918784854165278
0.0,0.2677914854558185
0.0,0.26161443533996737
0.0,0.28782382584642613
0.0,0.2953363978583365
0.0,0.29791474163066595
0.0,0.2838335094647482
0.0,0.34336304524137323
0.0,0.4375824030232615
0.0,0.6320089806142885
0.0,1.2702907871998226
4.106000070422888,5.846533320434392
15.754999739527705,16.87229292926689
27.934000458717342,29.474945444762707
34.913000311851505,38.475300220611196
27.505000857114798,40.536344775917634
32.05900057792664,37.27781634955978
22.66300082921982,30.810982683369264
6.3389999124407765,20.870653988582394
0.8660000176355243,8.809145002877338
0.0629999989760108,3.676363693669748
0.0,1.592258669737106
0.0,0.7328000295724874
0.0,0.3591926532991541
0.0,0.2835404620389454
0.0,0.2655395057533557
0.0,0.2641893557311656
0.0,0.28776269326219334
0.0,0.2807836433422441
0.0,0.2766682099977818
0.0,0.2568956475130592
0.0,0.3062184113357216
0.0,0.39448375603572156
0.0,0.5708291762686956
0.0,1.2305286767628665
4.282999916821718,5.966669744638106
15.481000360250473,17.541016573881112
27.698000663518908,30.14907490973671
36.35300184726715,39.56043979143103
41.03699976682663,42.95440675725539
39.77099875926972,41.76465034523358
34.87399941444397,38.22803594061484
26.41500095009804,30.328910874674722
12.934000211954118,15.32022334405221
1.6519999784976245,6.547613263471674
0.0,2.662094711830529
0.0,1.1325542585749644
0.0,0.4334944428293966
0.0,0.31039435014904787
0.0,0.27684284162630013
0.0,0.2619170051945063
0.0,0.2816013498154158
0.0,0.3685274914427039
0.0,0.37436547840634987
0.0,0.3538456923266251
0.0,0.4030075409550529
0.0,0.4986701018285628
0.0,0.7012062117829919
0.0,1.2228927641230014
1.3789999869465828,4.489994186957677
9.017000086307526,12.206805534201365
26.932999334335328,20.882822693263492
34.66800204753876,26.87589313026518
22.55799951910973,26.083855920943122
1.6679999385029078,21.388520478668312
1.8630000608414408,16.708722924850882
0.6290000002831221,11.168766187236955
0.4109999996237456,5.262816842133179
2.5989998899400235,2.7080293992549804
0.0,1.379418500205502
0.0,0.761876907744833
0.0,0.4842304617593376
0.0,0.4131055237981491
0.0,0.39435272426344453
0.0,0.3863914342744586
0.0,0.411796886990002
0.0,0.2902601767634041
0.0,0.27850005248716714
0.0,0.2553736499433095
0.0,0.3026393233301739
0.0,0.3870903483917936
0.0,0.5596747429288613
0.0,1.1721327520317089
2.492000061124563,5.545592856165022
9.588000295758247,16.169537807392576
21.41599910020828,28.341128540920717
35.87700111150742,37.844370898418134
39.46800031900406,41.424164568459
39.16100073337555,40.2277953079467
26.55800081729889,36.741006485906745
23.853000614643097,28.95685012066116
9.846000228524208,14.647571391379463
1.2689999409765005,6.338365692910739
0.0,2.607190468197223
0.0,1.1306489677218876
0.0,0.43949295295169577
0.0,0.3126949493812087
0.0,0.27714732499094674
0.0,0.26291047012899066
0.0,0.2849839117005467
0.0,0.2908394173967342
0.0,0.280543507473388
0.0,0.2586846953607164
0.0,0.3087290341616608
0.0,0.398819240538869
0.0,0.5838308696658351
0.0,1.248621174690003
3.6949999745190154,6.0936031497363
15.148999778032303,17.709394001041847
28.1710005402565,30.50773188223442
37.89799853086472,39.969634266719225
42.393001897335054,43.244169064934056
40.67100177288056,41.6099543498084
35.405001521110535,37.71043892581016
27.685999281406403,29.53052562017615
13.110999544858933,14.762109605114285
1.7599999652802945,6.238320635757408
0.0,2.5342903355540085
0.0,1.0906795499586346
0.0,0.4228552316136968
0.0,0.3034575333702378
0.0,0.2706195733471152
0.0,0.25872030905059845
0.0,0.2826352841189752
0.0,0.3085268965891252
0.0,0.3049442453659139
0.0,0.2805405726105285
0.0,0.3318118054186925
0.0,0.4174458479702783
0.0,0.5933752799367843
0.0,1.151739157975341
0.7129999828711152,5.282779962758844
9.907999495863915,15.480705316253006
24.617999889850616,27.182394954524934
27.84700019478798,35.99891287187736
39.77099875926972,38.096109689821795
35.04399879693985,35.061321283740305
19.120999220609665,29.24390723407269
3.7510000912845136,20.15248404081911
2.131000032797456,8.995998419458045
0.1009999962570145,3.9442946916290875
0.0,1.767294780559217
0.0,0.8340356292540673
0.0,0.4047746280115097
0.0,0.31174594912522785
0.0,0.28448838465847076
0.0,0.2794339633492442
0.0,0.311047893508027
0.0,0.3072686262304584
0.0,0.2959278105952156
0.0,0.271222322229296
0.0,0.32362487101616955
0.0,0.4163072335355294
0.0,0.6014385382000668
0.0,1.265720929906238
3.2269999890029437,6.181984123069172
14.129000402092936,17.881106435731056
23.977999435663225,30.715326816812155
32.89000026583672,40.07345473413667
30.96900067090988,43.17376541259389
33.57699980020523,41.48012322970976
24.263999170064928,37.34878461552163
16.643999603390693,28.96783826881399
12.021999924182891,14.477004232068237
1.549000011309981,6.078314091204665
0.0,2.461739485745008
0.0,1.0593419207585977
0.0,0.4142201197861384
0.0,0.3014430127091085
0.0,0.27011330344326173
0.0,0.258874212365287
0.0,0.28458144994530205
0.0,0.3040819722064771
0.0,0.3045842792163603
0.0,0.28882040524777647
0.0,0.3504704939054015
0.0,0.45052378820876277
0.0,0.6520714187226258
0.0,1.3134201335674152
4.063000081628561,6.209800961467747
15.614000445008278,17.874327764473858
25.281999000310897,30.575025346403322
26.422000900506973,39.238631502091884
34.28900033116341,41.11208447008083
31.05300007581711,37.7070872968932
21.42700019598007,31.47136377338941
13.362999813556671,21.78067492046083
5.474000245332718,9.491872301250696
0.3859999979287386,3.9308285744953904
0.0,1.6720023085246796
0.0,0.7652554108415885
0.0,0.3698294042958878
0.0,0.2913912903618378
0.0,0.2710956902227675
0.0,0.268421189977477
0.0,0.29489054464269426
0.0,0.2995043554032843
0.0,0.28622585331400235
0.0,0.2612822266225703
0.0,0.3122450263348097
0.0,0.40242696391108135
0.0,0.5813747320316422
0.0,1.229998548926475
3.821999881714583,6.142029618322851
15.369000126719476,17.958847730048003
27.820000679492956,30.917691498299444
36.93500007152557,40.293902886485064
42.05900074243546,43.40023669357101
41.19999919891357,41.739696580469605
35.863001210689546,37.77023973451306
27.578999452590946,29.55623932973171
13.414000039100648,14.95937599504677
1.7999999936670066,6.298903557235996
0.0,2.5531081575069887
0.0,1.1029959776850107
0.0,0.422817736819076
0.0,0.30323939336153366
0.0,0.2697244958928786
0.0,0.2584772178414277
0.0,0.28340130661924684
0.0,0.31470751533440006
0.0,0.3124707479014372
0.0,0.28507758683525025
0.0,0.32667442368809135
0.0,0.3970562793966383
0.0,0.5378807888560307
0.0,0.9829256886639633
1.302000018954277,4.14738720887651
5.405999773442745,12.400456543217103
19.793000621795656,22.15325261838734
19.185999346971517,30.0029705426842
34.449999190568924,32.42219760965556
25.832000385522843,30.751562938131396
31.13799976706505,27.728029741210246
15.39800021469593,21.057616510906566
6.6500001299381255,10.137629078608006
0.5039999918080866,4.51276847062322
0.0,1.985318418865403
0.0,0.9604665464682814
0.0,0.46623267368956783
0.0,0.355594219393873
0.0,0.3203774582734331
0.0,0.29906225167602923
0.0,0.320122136529535
0.0,0.3441634433289679
0.0,0.34432503164047373
0.0,0.3130503196362406
0.0,0.34795971767200773
0.0,0.4121378148704147
0.0,0.5400490397044148
0.0,0.9139598677804072
1.4580000141263008,3.6018746482022106
11.675000181794166,10.546787429203592
12.6080003207922,18.544891510158777
13.658000071048736,24.765015102699394
23.28399995088577,25.955175624924397
21.250999095439912,23.976934624438485
19.868999789953232,21.738927805839726
10.062000458836556,16.558364961221816
5.977999755740166,8.23489966980492
0.6409999702870846,3.9778484391126163
0.0,1.8590468662604689
0.0,0.9691030975054796
0.0,0.5343987450407197
0.0,0.4248939805850387
0.0,0.3872698458881738
0.0,0.35554008583072577
0.0,0.3679363533908812
0.0,0.33474586580879984
0.0,0.3314482542771536
0.0,0.2994238677543277
0.0,0.33342671759504205
0.0,0.39848914570640775
0.0,0.5277006072783843
0.0,0.9097614632733165
2.459999884366989,3.6421429769912113
9.470999657511712,10.668918811616798
11.012999590039254,18.88107184516887
26.657000409364706,25.416281470879913
36.52199888944626,26.893499691088994
28.10000074982643,24.927296030595897
17.326999019384385,22.33647927540044
7.744000155329704,16.768893394048014
11.404999893903732,8.284645509695013
1.8379999628663064,4.071542290112315
0.0,1.9473464563993428
0.0,1.018514451275502
0.0,0.5511895132188995
0.0,0.4277192537835799
0.0,0.3822814992861822
0.0,0.349024693830094
0.0,0.3620486110285856
0.0,0.31441366242555274
0.0,0.3107618927893539
0.0,0.2875215006728346
0.0,0.3382708646232883
0.0,0.42467186673233903
0.0,0.6006573790979262
0.0,1.1793668181169779
3.5479999889433387,5.3992351578144975
14.997999674081802,15.72798422155281
27.56800041079521,27.555586233884096
30.483999412059784,36.218251986826466
36.6639984703064,38.2453579213346
31.10799939274788,35.480084123325845
18.640999393463137,29.951451491527262
15.635000296235084,21.128596711239467
8.128000222444534,9.642797480331113
2.2899999883770943,4.223333233725279
0.0,1.8533821786715026
0.0,0.863461102997341
0.0,0.4097191794550357
0.0,0.3157711015897803
0.0,0.2906843843295549
0.0,0.2845573914485673
0.0,0.3134992318289976
0.0,0.3597845040191896
0.0,0.3693770685101238
0.0,0.3481194512732327
0.0,0.39137765214856096
0.0,0.4714906920841894
0.0,0.6343669384353173
0.0,1.0818446684038887
3.830000118464232,4.0669393408329535
10.44200040757656,11.403171656007567
15.18099969804287,19.721762966960668
25.93099997758865,25.627965301896136
26.14299906253815,25.346343631632624
12.177000146508217,21.556125511036566
0.6450000244751573,17.58988066788142
4.073000120818615,12.21200827317933
3.613999888151884,5.7469679752209535
1.3389999585598709,2.928885609717108
0.0,1.4570306898886338
0.0,0.793845851183869
0.0,0.5048509112993876
0.0,0.4281816481224571
0.0,0.4065206046037686
0.0,0.38659949878929184
0.0,0.39781782747013494
0.0,0.30301120688052224
0.0,0.30557500636748347
0.0,0.28215512437590706
0.0,0.32206003969457614
0.0,0.38766658753001443
0.0,0.5236555229034274
0.0,0.9514806357057144
0.0389999987930059,3.9563354688634473
4.446999891996383,11.6690341035525
14.764999710917474,21.004638216272
31.238999931812288,28.807936713807283
41.07899946928024,31.261595628534753
35.28900116920471,29.37981275981913
31.473999440670013,25.964431946029265
25.769000831842423,18.99971118899683
10.303999918103218,8.71474566928111
2.4140000635385515,3.9030348783172664
0.0,1.7567255502745198
0.0,0.8742040335910861
0.0,0.45865761937340727
0.0,0.35726648422734186
0.0,0.32568986402979744
0.0,0.302637350713679
0.0,0.31345887922759474
0.0,0.2978254720832531
0.0,0.28505264013462384
0.0,0.25253656233660876
0.0,0.2858828790586752
0.0,0.34179396941947443
0.0,0.4493127572350204
0.0,0.8457055411239466
4.588000213503838,3.783080348186195
10.08499985575676,11.698000727084775
15.536999963521955,21.29449056447794
21.19599977850914,29.664865218525133
25.404999302625654,33.64850950970004
37.39399799346924,33.73618676621467
34.92299906730652,32.8065350972116
25.168999507427216,27.438304466518264
13.540000173449515,14.70939306791251
1.6660000076889991,6.555116402275549
0.0,2.7618316136385936
0.0,1.2976939350230774
0.0,0.5489778352427918
0.0,0.3835126066176841
0.0,0.3243016414212373
0.0,0.2865405401665097
0.0,0.29499387204103794
0.0,0.358352661144454
0.0,0.3588551823647382
0.0,0.32674106358705707
0.0,0.3549909384440009
0.0,0.4178561002334269
0.0,0.5338900482111301
0.0,0.8451652947627007
0.7050000028684735,2.9879990687035023
8.002000088095665,8.642456158064306
10.776999794840814,14.84188837034007
15.413000401854516,19.47258294268201
20.533999186754222,20.036956503875555
19.656000418663027,18.46661916822816
8.810999638438226,17.932422958339256
5.185000165402889,14.777014193957049
4.105000040829181,7.959272154116381
0.7129999828711152,4.308154727509245
0.0,2.160077173389339
0.0,1.217391715393557
0.0,0.7359931478377741
0.0,0.5826387418177911
0.0,0.519802211788483
0.0,0.44644076334079724
0.0,0.42854289449906596
0.0,0.3944755484264654
0.0,0.4037703726370819
0.0,0.36848374177624166
0.0,0.39575939045753333
0.0,0.45495235669504225
0.0,0.5674111357455452
0.0,0.8160410804363588
0.4330000088177621,2.5835153089712066
2.7719998747110366,7.154645266421141
3.71299999371171,12.093348479109506
3.8949999880790713,15.522442290857436
5.405000000596047,15.286342311116556
5.102000019848347,13.746547227998574
4.239999928027392,13.252616846710444
2.537000109106302,10.758909636009486
1.490000062510371,5.830201956490055
0.1990000000130385,3.2472371958879136
0.0,1.6846761574277964
0.0,0.9955756644656262
0.0,0.6743958641084221
0.0,0.5773483444905528
0.0,0.548271328927173
0.0,0.48455011171832063
0.0,0.4589898677232365
0.0,0.3662990435484486
0.0,0.379317009599569
0.0,0.35335422738300015
0.0,0.38917099240158365
0.0,0.45593081010971215
0.0,0.5886353770814214
0.0,0.9117939252732321
0.4509999959170818,3.0979889281559743
3.0849998946487904,8.759473866273959
18.39799964785576,15.073527169848482
23.55800035715103,19.536833069212733
25.89399965286255,19.118785224171976
12.58900001525879,16.590333555707087
3.986999886482954,14.834648287178327
2.350999996364117,11.191149315399429
0.28499999364838,5.651351562536632
0.0320000002440065,2.995528103428272
0.0,1.5238233817904259
0.0,0.8696459972773057
0.0,0.5741295865364374
0.0,0.4927777050381216
0.0,0.47052147692457463
0.0,0.4307532559102401
0.0,0.4232259672825845
0.0,0.3779996367396476
0.0,0.3777667371408702
0.0,0.339614581267039
0.0,0.3641591688470604
0.0,0.4176752646740836
0.0,0.5249356589419767
0.0,0.8074088095990012
0.1410000005736947,2.826545340428129
2.929999929070473,8.035259488920369
6.50300014436245,14.017355643038949
15.363999722003935,18.639421716940898
14.642999694943429,19.042571764141325
17.700999304056168,17.533803804082176
9.362999542355537,16.382572391474
8.702000263929367,12.842102720104158
4.625999797582627,6.704429762971898
0.3300000095367432,3.5560168388579037
0.0,1.7791498921384725
0.0,0.9925441305044417
0.0,0.6068843202005761
0.0,0.49639723778391875
0.0,0.46169861817422014
0.0,0.4187547993326249
0.0,0.41802910293995704
0.0,0.3883944138007549
0.0,0.39737501639717565
0.0,0.36250335764372726
0.0,0.38379106782920047
0.0,0.43638898132834586
0.0,0.5395042439014651
0.0,0.7674095391489876
0.0,2.405394121172528
0.1020000017806887,6.619461311325431
1.1909999433904888,11.188228511859974
7.568999854624272,14.391634062516195
8.366000076830387,13.95147523600608
4.105000040829181,12.241202940127502
2.1999998924136164,11.814786042136449
1.4030000553280115,9.64593812211727
1.0079999836161733,5.233577940507481
0.3150000149384141,2.966527391298053
0.0,1.5891834381416752
0.0,1.0004940868192351
0.0,0.724202637008081
0.0,0.6264727650016235
0.0,0.6007661228386375
0.0,0.5196340496450041
0.0,0.45937425713132446
