y_true_kw,y_pred_kw
0.0,0.33383775549717476
0.0,0.31145501467252834
0.0,0.3094435660664504
0.0,0.34188753679412703
0.0,0.42205336622666834
0.0,0.5892993792151692
0.0,1.272107473201524
3.681000073701144,6.86641891014788
16.693000283241272,19.29736235771146
30.51199921369553,33.23071927513074
39.95899918794632,42.788771862467236
42.5400008559227,45.83251379171906
25.41500011205673,43.291748375783406
25.4489995777607,38.14121205199515
23.15899907588959,29.418048940059034
10.220999772548677,15.198508017813623
2.3890000939369203,6.779951242547374
0.0,2.894291880900048
0.0,1.2542019960466837
0.0,0.48885856331680616
0.0,0.3555867382188849
0.0,0.3165828635478996
0.0,0.324933771648851
0.0,0.34025853219645774
0.0,0.3227465953233934
0.0,0.2955001624322978
0.0,0.29004089997362414
0.0,0.3269767784354603
0.0,0.4013483185072009
0.0,0.5733385339995669
0.0,1.3030301497613521
3.6749998961389063,7.327309474425443
16.58299959540367,20.793215881003828
29.825999965667727,35.913453192987625
39.04000100374222,46.41335906121645
44.29700073242188,50.652151496796535
44.86100201845169,49.54843210485403
39.50900178909302,44.955847889126886
29.945999408960343,35.650117707480526
14.926999883651732,18.517942678321603
2.0360000456124543,7.7962842283968525
0.0,3.1624124353930814
0.0,1.3013155318717013
0.0,0.4463916070672038
0.0,0.3136523927802655
0.0,0.28512760555517885
0.0,0.30290842313864597
0.0,0.3185784274431646
0.0,0.3311495420169597
0.0,0.3154375879780517
0.0,0.31652116315218154
0.0,0.3438618809307148
0.0,0.41107803423157363
0.0,0.565505051480237
0.0,1.141620105317884
1.0220000128075482,5.889734487206014
10.6799997484684,16.83986108970849
16.715000420808792,29.861777805107803
30.85300031900406,38.677705745694844
37.613001136779786,40.386848951049956
38.601998825073245,36.361274935460855
18.77099964618683,29.709693207925092
12.088000336885452,20.68966443593352
13.181000075936318,10.010314865424334
2.156999903619289,4.702784870307231
0.0,2.2373478098328192
0.0,1.0736389916560363
0.0,0.469147121861317
0.0,0.34550626328711104
0.0,0.310772135749946
0.0,0.3157869055321312
0.0,0.33596153545570345
0.0,0.31024137820077596
0.0,0.29677827362099507
0.0,0.3028409031523373
0.0,0.3363075044327388
0.0,0.4024284140690482
0.0,0.5688378167717227
0.0,1.227817948739701
2.8419998922944067,6.424931369719314
16.294000028967858,18.34416996737514
28.90200034976005,32.80920007194007
37.232999134063725,43.13598092281001
30.11600084543228,46.53708091124243
44.4180004620552,44.1673370779314
33.64699930429459,37.32850917487059
24.50500039696693,26.256776054488554
9.108000468611715,12.039682704128092
1.9280000588297843,5.145243052893503
0.0,2.281808095509577
0.0,1.0122676184093786
0.0,0.39856708662195034
0.0,0.2884396443676783
0.0,0.2666634520174295
0.0,0.28260750460264966
0.0,0.297132631282486
0.0,0.3936503206872566
0.0,0.36601521319009184
0.0,0.33914077635635936
0.0,0.33214560845437774
0.0,0.36825739096692245
0.0,0.4691522769194193
0.0,0.7884755692295526
2.2359999307990077,3.0228587955660733
7.416999977827072,8.663733366430037
5.97099980533123,15.680716750297407
18.544000374078752,21.09260934869723
6.456000037193299,22.897122437100784
17.088999678492545,22.810834713019773
32.318999029397965,23.462625635164883
14.085000126957894,20.104684748870085
8.398999769687652,10.89321044445038
0.4330000088177621,5.3036690830667546
0.0,2.518609820932241
0.0,1.2603570182043775
0.0,0.6072577893361337
0.0,0.45991284660363874
0.0,0.4136295407508556
0.0,0.3894447677082568
0.0,0.38284496609353613
0.0,0.3141094239011418
0.0,0.30645700992385866
0.0,0.31131879279558106
0.0,0.33611401941232544
0.0,0.4008195576262308
0.0,0.5561123932964561
0.0,1.1382750364500298
3.176000020205975,5.494507523790796
15.72999976992607,15.720862904074767
29.41499935626984,27.983420832175497
26.13400059342385,36.76169448938501
40.706999757289886,39.215511389401705
39.93799933671952,36.79603518083965
34.79799819231033,31.84037768967672
14.83299966931343,23.433782684471904
12.50700015604496,11.362733074040653
3.168000040203333,5.209992462657107
0.0,2.3557011725595367
0.0,1.0758744807574174
0.0,0.4557373388771171
0.0,0.32877633105911785
0.0,0.3020562184725736
0.0,0.3055849002240425
0.0,0.323529900043575
0.0,0.3268070148685804
0.0,0.3012395671464179
0.0,0.29408388419803566
0.0,0.3198567192665385
0.0,0.3886101706691386
0.0,0.5475358651063392
0.0,1.23405400547345
3.848999910503626,6.3890682963588645
17.303000363111497,18.316858875191972
29.85600033998489,32.20627185036393
38.3859985947609,42.39833002882991
31.69499904870987,46.67544746671255
27.534000945091247,46.17242817142485
31.780999026298524,42.524884350131906
19.93099905729294,34.16248437552412
13.805000056624412,18.04615704181312
2.1100000531971457,7.965505546929167
0.0,3.293607207430392
0.0,1.3616452500066718
0.0,0.47342434847319137
0.0,0.3293348938256883
0.0,0.2980134079950986
0.0,0.3082184720213805
0.0,0.32358354323066585
0.0,0.3045827965301483
0.0,0.2829635791141614
0.0,0.27988584090545005
0.0,0.3077563383624667
0.0,0.37583381113558734
0.0,0.5254743958531616
0.0,1.2195166115992897
3.917000125646591,6.531452164440589
15.713000037074089,19.068948932507208
28.198000055551528,33.66755980923167
38.220998589992526,44.291917400885936
44.33099814414978,48.8521112552845
43.5119998383522,48.370750328597325
39.145998492240906,44.47845826382894
29.52500004410744,35.597139779125435
15.2610000115633,18.51974755574961
2.2689998804032805,7.8873554376954855
0.0,3.2429711568076454
0.0,1.3459667991942617
0.0,0.4652925843059532
0.0,0.3248898312997796
0.0,0.28977218829848345
0.0,0.29756145470298373
0.0,0.3056754467945146
0.0,0.3453909639321091
0.0,0.31333908321735815
0.0,0.29844079373310245
0.0,0.3173293210944732
0.0,0.37577280405124386
0.0,0.518996711771654
0.0,1.076140067655595
4.505999840795994,5.221889419835203
10.50499996125698,15.01320177419251
12.148000058531762,27.443705363161172
34.100999902486805,37.47999118309946
41.99600118875504,42.333429308525815
34.22299991846085,42.710777871228636
38.175001850128176,39.826098803543154
21.65200094938278,31.753738024220095
6.347000149190426,16.599143399240244
0.4730000051110983,7.182489279361447
0.0,3.032469022434323
0.0,1.3038776458189694
0.0,0.46207840835668407
0.0,0.32030926088066347
0.0,0.2843051597685282
0.0,0.2907275605711188
0.0,0.31306970201547746
0.0,0.3944226748367273
0.0,0.35711590090886786
0.0,0.3296644989296446
0.0,0.3338173328946627
0.0,0.3833098686281507
0.0,0.5039915302929405
0.0,0.9424141224530141
0.1650000047683716,4.040809802201149
4.6909999239444735,11.58726448076104
10.923999780416487,21.01039909854747
16.795999993681907,28.713833594244146
35.21599875211716,31.984264223024077
20.05100055456161,32.113479746651066
14.889999558925629,32.03448518306281
29.942000317573548,27.5203063763681
12.148000058531762,15.357332253762003
1.99399995803833,7.027476236376754
0.0,3.0056820241199302
0.0,1.346209022225647
0.0,0.5509405189821684
0.0,0.40645377560402274
0.0,0.3663391660812669
0.0,0.3630756811774674
0.0,0.37945102937051634
0.0,0.3787826781373925
0.0,0.3830957178719241
0.0,0.386953281202961
0.0,0.37344371589022884
0.0,0.41965426272088674
0.0,0.5365945569464815
0.0,0.7976178197789913
0.0950000032316893,2.6346348896619483
3.854000058472157,7.145288562974364
5.680000179708004,12.352416988314538
3.247000067383051,15.220499615364211
3.815999960899353,14.049160905139985
4.003999876081943,11.735724183012703
1.964999998435378,11.116017358178217
3.960999887287617,8.978999046584779
3.101000111401081,4.907319679400845
0.4320000113174319,2.701562557070416
0.0,1.5179777563325048
0.0,0.953210917201687
0.0,0.6303928676518558
0.0,0.5375552083525547
0.0,0.5279982054059505
0.0,0.48394478215964776
0.0,0.42365612683095877
0.0,0.39684514018430683
0.0,0.39207474821838406
0.0,0.3844722985081095
0.0,0.3622646356755764
0.0,0.3972418773754359
0.0,0.49268837407022426
0.0,0.701441761307083
0.0,2.2285580021728433
0.0950000032316893,6.117058191798553
0.5439999881014228,10.651180598788324
2.563999881148338,13.311841711535157
5.35099994301796,12.707152830653795
6.57300016194582,11.279671589713876
7.7769998481869695,11.73946417104806
7.514999797046185,10.240078229746183
2.7469999051094054,5.724838300543049
0.0380000012926757,3.096484572333348
0.0,1.696199065158904
0.0,1.0427565358679602
0.0,0.6744902987415842
0.0,0.565027196899431
0.0,0.5491311900820867
0.0,0.4946689172274743
0.0,0.4248446481811181
0.0,0.3218599299440064
0.0,0.29670277851905313
0.0,0.28800493326595683
0.0,0.317886563783316
0.0,0.38514398708392605
0.0,0.5487164471539127
0.0,1.261148135617683
2.946999918669462,6.785022880426539
15.549999577999117,19.250002466224913
30.71299925684929,33.74400558582712
28.88700016260147,44.55920659070163
29.959999309778212,49.11740843441245
47.07999862194061,48.38577489238613
40.37099802970887,44.53163646960283
29.52299947142601,35.911611586364664
10.38700006365776,19.022743558594023
1.9960000172257424,8.161450385315637
0.0,3.31466422441179
0.0,1.3504364287899948
0.0,0.45906035764869046
0.0,0.3155223613211328
0.0,0.28700971587541124
0.0,0.298413434457521
0.0,0.3167687982282146
0.0,0.32852592970445416
0.0,0.297805505683427
0.0,0.28826627245236
0.0,0.3194103909944613
0.0,0.39123659618137335
0.0,0.5533472034841563
0.0,1.2816970844826285
4.239999928027392,7.24830885487235
17.353000302314758,20.5541877885576
31.679000629186632,35.635195348528406
41.257999374866486,46.31060004383489
46.77299903631211,50.62678307233364
46.68899963140488,49.64920229800108
41.77300100803375,45.25014503326995
31.849000011682516,36.04647202788214
16.703000065684318,18.973718160881663
2.8799999898672106,8.062263623727446
0.0,3.2743016750206446
0.0,1.3413270857484785
0.0,0.458139654508454
0.0,0.31980485064792924
0.0,0.2896742699619277
0.0,0.3046438005990904
0.0,0.32077437256391006
0.0,0.31845885928364465
0.0,0.2904011969780248
0.0,0.28631756431503785
0.0,0.3174539458541294
0.0,0.39148257888063487
0.0,0.5517580927738112
0.0,1.2951974485534261
4.30199996560812,7.443716426058102
17.697000212669373,21.233440675981072
31.859000821113582,36.58935427259024
40.93499931573868,47.157107691069996
45.92600092887879,51.484330119491254
45.4139981007576,50.57863017564716
40.17799822330475,46.2650236911576
30.769999146461487,37.051584903532245
16.353000491261483,19.544407318817466
2.8689999210834505,8.210088729725918
0.0,3.310332112963428
0.0,1.3555077903386437
0.0,0.45840739220905763
0.0,0.3208811269249107
0.0,0.2868447076565587
0.0,0.30119293336560093
0.0,0.3139685282901887
0.0,0.3218526869260068
0.0,0.28905212209684655
0.0,0.27995452265885584
0.0,0.3087907524483905
0.0,0.3779540640449603
0.0,0.5406384758011447
0.0,1.2729750092944156
4.399000011980534,7.186427365740837
17.74800043821335,20.5022723250101
31.83100101947785,35.61117441192249
40.939000461101536,46.369128530816106
46.26199854850769,50.99098195564831
46.96200180530548,50.32797597595054
41.45200152158737,46.492320806044496
31.503999814987186,37.7987620617164
16.69199999690056,20.254948708426557
2.920999919474125,8.566500539382604
0.0,3.4458571873163506
0.0,1.4014829787010499
0.0,0.46531235002860283
0.0,0.3200956092456203
0.0,0.28547577826595505
0.0,0.30173160068404126
0.0,0.31732410882114487
0.0,0.3165870303098291
0.0,0.3000755319066794
0.0,0.29551795578600143
0.0,0.3181285806112101
0.0,0.37174497397908524
0.0,0.504267355058038
0.0,1.0326932207285844
2.088000044003129,5.121758482890111
12.759999684095384,15.03489289168083
20.676000821590424,27.469088275415135
17.84200065255165,37.24947810482616
34.04000092148781,41.45287257321508
34.41599972486496,40.72628182384171
29.22700098156929,37.34351392530496
30.303999220132827,29.02480232692131
12.688999893665311,14.273376876969035
2.009000016823411,5.9085675256456245
0.0,2.5038136028390263
0.0,1.119706021973734
0.0,0.43949974834986527
0.0,0.31549802821566975
0.0,0.28640840610118623
0.0,0.2922016093210584
0.0,0.3050387895231808
0.0,0.31147742085028773
0.0,0.2973530617850038
0.0,0.3028212105423882
0.0,0.3357598338913086
0.0,0.40195986298368835
0.0,0.5608171401410328
0.0,1.1980098633387983
4.539000047147274,6.488343371239653
17.471999459266662,18.632111475999512
31.81799935102463,33.229063458771506
41.0139993429184,43.40254445637434
45.81999933242798,46.408603236962
44.96800184726715,43.553057852572394
38.83399952888489,36.30573900862506
14.495000450015068,25.119529571982433
9.13600027024746,11.502269493697222
0.4460000084154308,4.9042969307967015
0.0,2.1927638543752863
0.0,0.9862241656127977
0.0,0.3952668298970644
0.0,0.2876567938835094
0.0,0.26640167758455197
0.0,0.2822411669623833
0.0,0.2987801838177718
0.0,0.3117384365020587
0.0,0.3077229100880885
0.0,0.32480299184833133
0.0,0.3655768263432648
0.0,0.4503868480174671
0.0,0.6374303003154767
0.0,1.3282039986164753
4.286000005602837,7.227147427732442
17.74499957919121,20.019648553533244
32.10599965810776,34.46902461401432
41.12999969482422,43.405470606113525
46.881001205444335,44.466384120712476
35.32799795866013,39.06563007587235
23.405999966859817,29.514394057620798
12.070000317692758,18.580279896446307
9.449999806284906,8.298140562250598
0.0,3.773949780221522
0.0,1.7992700137524893
0.0,0.8580604695975841
0.0,0.3934035695208893
0.0,0.2990513095028761
0.0,0.2810407876413452
0.0,0.299777008558727
0.0,0.3224973074916409
0.0,0.3324569810501886
0.0,0.3258263721105168
0.0,0.3183526609167296
0.0,0.3244479359125804
0.0,0.36675165629219697
0.0,0.478923694933328
0.0,0.8675507798986546
0.2350000063050538,3.773229305577343
4.568999907970428,10.809228303819404
8.764999817609787,19.580809323628763
19.926999965906145,26.18015738476542
23.15399969816208,27.71856712129265
38.51599884748459,25.880141933978585
36.667001383304594,23.388370340828782
8.867000268697739,17.605914516182597
6.293999864459038,8.7942077719285
0.5419999931007624,4.219693811160282
0.0,2.0617414122647175
0.0,1.0686858453129666
0.0,0.5267751188912657
0.0,0.39520829939633495
0.0,0.35971985561309977
0.0,0.34289807728707855
0.0,0.3517512711351159
0.0,0.37576549348674276
0.0,0.3719487383050102
0.0,0.36492903562683443
0.0,0.35927864172444807
0.0,0.4104781167654844
0.0,0.53188939263441
0.0,0.883154456949906
0.8239999942481518,3.4226715318335375
4.814000226259232,9.50688199995716
12.448999980092047,16.6086683668388
16.697000401616098,21.228258864564268
19.177000877857207,21.129504289924952
22.45500083565712,18.979496884300023
16.95599959373474,17.65840763652462
13.739999930262568,13.921888461996963
7.215000161826611,7.4569522396410814
0.6820000282675028,3.860411436227828
0.0,1.9687100808969253
0.0,1.0675071328597379
0.0,0.5918795729102624
0.0,0.4744048529436935
0.0,0.44227870438365946
0.0,0.4160956598480505
0.0,0.40807631055031773
0.0,0.37379290180793456
0.0,0.357594234690678
0.0,0.3505140098951438
0.0,0.36372215690014953
0.0,0.42999551802738195
0.0,0.5804217901913932
0.0,1.096949086231363
2.829000021070242,4.963593827937755
9.735999540686608,14.016221514257433
22.52500033974648,24.71106949641379
24.528999053239826,32.204493148796644
23.897999122142792,33.69974640692539
18.86199900150299,31.270595112466765
13.605999559164047,27.833100336846407
21.654999754428864,21.28648749894746
12.05999950826168,11.016861688302416
0.740999977067113,5.176780641189152
0.0,2.3481869316026547
0.0,1.0971154092381536
0.0,0.492363648893914
0.0,0.3805380481137668
0.0,0.35111532853893496
0.0,0.3567690398168136
0.0,0.3761984413196923
0.0,0.39086864643372893
0.0,0.35671505137105497
0.0,0.33266202477850015
0.0,0.33407395012972096
0.0,0.387298555460094
0.0,0.5145388977134291
0.0,0.9558934788074973
1.108999955803156,4.216526022076329
8.07999982893467,11.991790042298836
9.234999862313272,21.4017693748045
25.475999093055727,28.539091504517522
20.56499984741211,31.0065128757485
22.96499898314476,30.376113316442336
16.791999875307084,29.333826487181327
21.623000861406325,24.2775294144631
6.293999864459038,13.351815769207693
1.1259999454021454,6.420442678420245
0.0,2.886498691071937
0.0,1.3378587484595965
0.0,0.5713894132932232
0.0,0.4176560586980361
0.0,0.36982075491136923
0.0,0.3636903560626587
0.0,0.385175863307415
0.0,0.3085892755900464
0.0,0.2794366135581733
0.0,0.26870023328584747
0.0,0.29040608124631384
0.0,0.3455316058617364
0.0,0.48374237152789634
0.0,1.1412597165195806
2.09200003400445,6.192102061231909
12.361999716162682,18.265273276775407
31.40600050926209,32.54063644085374
42.59800103187561,43.52888836579631
47.96600173473358,48.77061879793477
47.72500050783157,48.889019286535245
43.221000726223,46.167476095405036
32.76800024986267,38.339843487829796
18.07200078368187,20.799536525657853
3.6669999161362647,8.916173839389145
0.0,3.6247529655699666
0.0,1.4831538024370092
0.0,0.49321545262587757
0.0,0.3330797370121069
0.0,0.2910072257075457
0.0,0.2965278519138901
0.0,0.3051772421523456
0.0,0.29636904412063936
0.0,0.2994605735559542
0.0,0.3152963317539296
0.0,0.34685570906752144
0.0,0.41479446325379765
0.0,0.5731572117037984
0.0129999995976686,1.1710502161447025
3.6380000849068166,6.052732905212132
18.454999537467955,17.319925774354115
30.68000007748604,30.62313053386484
42.01399812698365,39.646265494253434
32.19500049471855,41.207787248003754
28.578000004291532,36.90272764283656
15.868999518752098,29.44331358241712
5.380000030994416,19.59043851129605
4.6770000231266025,8.719968306957684
4.158000068813562,3.8598239311106957
0.0,1.8152520975396569
0.0,0.8683340784638075
0.0,0.4044370854488518
0.0,0.3075146678214263
0.0,0.28931102838808087
0.0,0.3009568737262808
0.0,0.3128396446603324
0.0,0.3330305639806585
0.0,0.2961008986456394
0.0,0.28284121158867415
0.0,0.31290894412020165
0.0,0.38674108110951383
0.0,0.5531230369998804
0.0129999995976686,1.28978376795705
5.334000210165978,7.433501473762934
19.06399933099747,20.877780110115435
33.30700053930283,35.92253257200486
43.30299955844879,46.618884677720374
47.33799855470657,51.15598028926833
48.43800132513047,50.46099552257191
40.751998264789584,46.52366810278216
23.914999881982805,37.81376489189989
11.90900043129921,20.607594124256646
3.370000112950802,8.869387262064178
0.0129999995976686,3.5762196511140933
0.0,1.440650158432941
0.0,0.47571188053292757
0.0,0.32859180975634134
0.0,0.2942065274169761
0.0,0.310906759962541
0.0,0.3278188427006466
0.0,0.3277883675324515
0.0,0.29416568479276456
0.0,0.2826585026681533
0.0,0.31613951056804235
0.0,0.3888005138738567
0.0,0.5562040314888385
0.0190000006463378,1.3129036887652277
5.6620001605153085,7.673055846811882
19.478000799417497,21.536945651633374
33.83900087833405,36.7674972546224
43.67299869775772,47.387973280363205
48.8290003156662,51.827540604019255
48.99100151538849,51.16096676997485
43.21600134849548,47.08662288284845
27.89800042033196,38.22457103793847
12.214999730587008,20.795704055057648
2.7430000434815884,8.996956035230834
0.0,3.6436990089029986
0.0,1.4693924907355937
0.0,0.47690241936836913
0.0,0.32204106823703316
0.0,0.2924340933597885
0.0,0.30923079793306335
0.0,0.32780966947058765
0.0,0.3296370040265368
0.0,0.30607986638458884
0.0,0.3050445472626462
0.0,0.34073129012059916
0.0,0.4226386164700587
0.0,0.5963217740533849
0.024999999689171,1.3397532267622665
5.936000053286553,7.679091969620107
20.46899906039238,21.27229604443298
33.85300077915192,36.02352125984266
43.42300105571747,45.750456957885575
48.07899917364121,48.93257435273111
43.30900127649307,46.887642961982685
27.31299928307533,41.25962747832045
13.501999562382698,31.565298426943453
18.44300020933151,16.292978552157752
3.891000126451254,7.164392399728909
0.0,2.996696921704086
0.0,1.261225899693052
0.0,0.45777811463213136
0.0,0.3228654831382031
0.0,0.2942025340192795
0.0,0.30872088502613615
0.0,0.3293029998767831
0.0,0.3331348950999181
0.0,0.2954414424126977
0.0,0.2854452064601
0.0,0.3173927305239853
0.0,0.40033093656670665
0.0,0.5781915669015837
0.0129999995976686,1.3822390513414016
6.031000040471554,8.176825242191539
20.588000271320343,22.66689957702604
34.77899891376495,38.23184405522801
45.01799973249435,48.75298935992116
50.05800099849701,53.19874755763617
49.31200100183487,52.567768168378294
46.14700053691864,48.4263654758702
33.56299989938736,39.308812806361615
19.853999602794648,21.47337577569626
4.95200020223856,9.187523082808084
0.0,3.6682165499541086
0.0,1.4573575932388738
0.0,0.46906408446837405
0.0,0.3255712688680851
0.0,0.2887213948152702
0.0,0.305719455117997
0.0,0.32370250656969013
0.0,0.3368474247889709
0.0,0.3167703200530151
0.0,0.3086697548015508
0.0,0.32239220865761536
0.0,0.3844896070846194
0.0,0.5279922327764422
0.0,1.0607034602212029
4.399999784827233,5.359668443304139
15.6609995251894,15.233481711347046
29.4560008263588,26.89407899452748
32.93500082731247,35.35028829224756
25.104999667406084,38.06849680817466
23.473000665903093,36.105445382845154
22.969000128507616,32.11145673618635
16.284000246524812,24.32437518558696
15.33499963402748,12.42356449284307
4.928999778330327,5.753562110307916
0.0,2.6143292004920284
0.0,1.2141500382343902
0.0,0.5116429646845836
0.0,0.36662256153561534
0.0,0.32373487842150056
0.0,0.3238777912587126
0.0,0.3457651517941937
0.0,0.34247069908746874
0.0,0.30054441774008656
0.0,0.2870966334103782
0.0,0.3184295402496783
0.0,0.3976125201260532
0.0,0.5762292910144394
0.0,1.342791606187799
6.2070001140236855,7.80820753833018
21.157999167442323,21.608844692498877
34.936000735759734,36.76322852568494
43.17099873304368,47.228650318714976
49.58499906778336,51.72953118736862
44.39999941587448,51.1974675702018
32.43000000357628,47.107855456034834
24.706000440120697,38.15621111440203
17.462000703811647,20.978296126737874
4.356999796032905,9.162876754693082
0.0,3.6939486421765015
0.0,1.4693943651656023
0.0,0.4710983234393147
0.0,0.32175621073827715
0.0,0.2873161587974632
0.0,0.30608310434802016
0.0,0.3285807402534639
0.0,0.3427882787345341
0.0,0.308072440418753
0.0,0.30374275200939
0.0,0.34614672494808013
0.0,0.43663394793166505
0.0,0.6363433897301691
0.0,1.4655595067421918
6.254999994039536,8.590440217055797
21.194999492168428,23.435301617445973
35.51599838733673,39.148298463204476
45.72499883174896,49.36301724288957
50.37499933958054,53.389167583852895
50.1670013999939,52.39810992889669
46.3359991979599,47.558619265997706
34.506999080181124,37.76606421514337
19.66099979639053,20.054201840072402
2.22100000038743,8.361291666209636
0.0,3.290141997565977
0.0,1.3072852590708794
0.0,0.42230554858161784
0.0,0.2972490923115703
0.0,0.27616646859191285
0.0,0.30271565743993123
0.0,0.32561633291135283
0.0,0.30347527192397616
0.0,0.28455828005263045
0.0,0.2867291560734831
0.0,0.3242209617874868
0.0,0.3956630682742399
0.0,0.563102048918165
0.0,1.2545680164231254
2.0000000072270634,7.346669294830097
16.03399952352047,20.87227079529149
27.4530003452301,36.28793126373927
43.83400166511536,46.751033821266944
48.00699909687042,50.46398157418607
39.21999914169312,48.479159368081994
46.26399912118912,42.181502165671
22.88300015091896,30.87157537991693
6.4380000180006025,14.540446087899813
5.083000227808952,5.840850576210333
0.0,2.4394336880570795
0.0,1.0459889553507438
0.0,0.38468253676073894
0.0,0.27466804426109265
0.0,0.2544870416135539
0.0,0.27471202963371205
0.0,0.2891662106770464
0.0,0.33408848823843285
0.0,0.2970668156217711
0.0,0.2880075099923852
0.0,0.32744952778722963
0.0,0.40932391603382745
0.0,0.5931825321851542
0.0830000011343509,1.426051480427729
6.799000174701214,8.703984503653516
20.92399994492531,23.862921312399916
35.631998739242555,39.638998565070686
45.18399796962738,49.99165314295998
49.551001656055455,54.184279339945206
50.20200115203858,53.38961120376566
45.808000004291536,49.06513639998627
35.113998301029206,39.91473877032608
20.148999860286715,22.06904565550016
4.857000215053558,9.591021591466584
0.0129999995976686,3.8335717718934603
0.0,1.5089929871159988
0.0,0.46806661827976026
0.0,0.31437691784943117
0.0,0.2879049673847429
0.0,0.30922168181662946
0.0,0.33206508523078965
0.0,0.3349219080670174
0.0,0.294487376478966
0.0,0.28181961454476706
0.0,0.31515525269039
0.0,0.3944851717727632
0.0,0.5700252389657775
0.1080000028293579,1.3880248067651608
6.625999933183193,8.496543868742725
20.82799915790558,23.325673960466812
35.70199824333191,39.05281907465653
46.34900086641312,49.67488029818968
51.17499836683273,54.10639473895483
51.23299854278565,53.42558790174288
46.53300014972687,49.336444242519306
35.450998260974885,40.32399958756693
19.979000477790837,22.401556460545393
4.95200020223856,9.725164930973705
0.0,3.9064588730024217
0.0,1.5437094510089762
0.0,0.4821737687683794
0.0,0.325927736379024
0.0,0.2924802248600206
0.0,0.31248238836975467
0.0,0.33083242080507935
0.0,0.35068804568130924
0.0,0.3052814978075504
0.0,0.2917263262640885
0.0,0.32587185797652185
0.0,0.41227754137053285
0.0,0.5922348740296753
0.1020000017806887,1.4199039776062736
6.537999896407127,8.721380999959846
21.12199912905693,23.724229684167902
36.10099952459336,39.47563491882706
46.526998431682586,50.003433885575696
51.120001103878025,54.41642589326045
51.25099958896637,53.80919942185053
46.995000984668735,49.80001468242561
36.47200100421906,40.87435556963257
21.131999938488008,23.075248813104675
5.217000085413456,10.0421079558403
0.0129999995976686,3.991693774110362
0.0,1.5557217742561351
0.0,0.4827015449504046
0.0,0.3343827886348086
0.0,0.29820048359541185
0.0,0.32000784441488034
0.0,0.33931086339957206
0.0,0.3476332489569544
0.0,0.3003261388872755
0.0,0.2840990915855479
0.0,0.31839642699191933
0.0,0.4033801001765199
0.0,0.5884065615751414
0.1640000072680413,1.430607597925677
7.681999861001969,8.755938274366644
22.38100018620491,23.79902629900218
36.54400108098984,39.504846250657444
46.73000110149383,49.99438861206349
50.74600081920624,54.450561452788214
50.54999809980393,53.951801401044435
46.658001024723056,50.07443948397977
36.40700087785721,41.41773566080217
21.197000064849853,23.579661922748052
5.258000015020371,10.368465161300376
0.0129999995976686,4.1289346036036445
0.0,1.601514835283368
0.0,0.491315839871617
0.0,0.33436322798132595
0.0,0.29803555969840045
0.0,0.3187361061703962
0.0,0.34055889019127283
0.0,0.33398059716673134
0.0,0.29110385835821295
0.0,0.27785795934939367
0.0,0.31317056255637754
0.0,0.39811314938434517
0.0,0.5856121287057291
0.1569999926723539,1.4500703789693632
7.471000035405159,8.991638295593361
22.414999651908875,24.398759520095787
37.19999995470047,40.18529444135109
47.94500188350678,50.65999621421361
52.38900091648102,55.19097338409393
52.05200095653534,54.76772570160395
47.78399891614914,51.088478616587494
37.31399973392487,42.641187622274245
21.592000200748444,24.491542114404606
5.443999871015549,10.766961281361764
0.0129999995976686,4.283497624918428
0.0,1.657166979286449
0.0,0.4999252465993135
0.0,0.33570095722744075
0.0,0.29944233385619307
0.0,0.3217098744633543
0.0,0.3397913398054071
0.0,0.5287350767118553
0.0,0.43278948523886107
0.0,0.354240299323555
0.0,0.33496406845322974
0.0,0.3875131468853167
0.0,0.4904622127242552
0.0,0.8235992710271284
0.0,3.5916420466952625
0.7629999862611294,10.058578793662061
3.6259999865293504,17.048768040732313
14.23200011253357,22.115830992826318
14.262999746203423,24.58059934166682
17.106999697685243,25.6300015400599
37.193000004291534,28.961814688639432
30.77899966955185,28.250183012973135
22.454000549316408,18.39556642726076
3.587000116109848,9.462585152094338
0.0449999998416751,4.27213698840053
0.0,2.064464380657237
0.0,0.9175658597924093
0.0,0.6551652676055789
0.0,0.5315137648206522
0.0,0.4840788688426032
0.0,0.5186352938356396
0.0,0.44394218285165676
0.0,0.42250422060763804
0.0,0.4099697075331739
0.0,0.4123463965129406
0.0,0.491104576920901
0.0,0.6524756143787611
0.0259999991953372,1.0770935409966524
7.713999781012535,4.434672769613188
12.184000096917153,11.911136330597753
27.23000016450882,20.245832523456997
33.51999991059304,24.728143662081276
11.664000113010406,23.024470629051265
12.949000399112702,18.661607438621505
23.33399989008904,15.563141320894514
12.30700039923191,11.594059220087198
7.500000123381615,6.693164723904496
1.1410000041872264,3.7074375476585635
0.0,1.9808594685053693
0.0,1.125664554369923
0.0,0.6243019807386432
0.0,0.5120430983742273
0.0,0.47266503269369176
0.0,0.45995157564637723
0.0,0.4824718918785116
0.0,0.40230148438090874
0.0,0.38991785182227046
0.0,0.37260537712873226
0.0,0.36290947369449633
0.0,0.40408931559595557
0.0,0.509809695829228
0.0,0.8216105046561204
1.2089999625831842,3.187338046195496
5.314000131785869,8.957549786676891
5.796999790966511,15.777037545514348
11.396999657154083,20.257193637468735
15.473000123500825,20.352242288134452
32.92299944519997,18.65465817902135
23.19300059556961,17.720166425035156
20.81200073838234,14.138079152801236
8.11300003528595,7.681288453886031
2.2920000475645064,3.9645256833028912
0.0,2.0456343465001803
0.0,1.1243975301354894
0.0,0.6040765011486907
0.0,0.4761834032583151
0.0,0.43805880936902664
0.0,0.4121761439547806
0.0,0.41857254149803325
0.0,0.4363726127688155
0.0,0.4358608951462674
0.0,0.43704343918982236
0.0,0.44007318967019354
0.0,0.5150465696730613
0.0,0.681392048365159
0.0,1.1017241245255696
6.983999744355679,4.287319355601832
21.265999282598496,11.506674838409033
31.178000950813296,19.342291911069676
27.56800041079521,23.481873785252553
16.471000388860702,22.126493863146425
18.28299958229065,18.93821134909787
21.15500036239624,16.65846686126742
8.059999750554562,12.782111069932492
2.4300000235438346,6.990669401881062
0.2389999963063746,3.677178173457306
0.0,1.8305036386846458
0.0,0.9581922258004878
0.0,0.5433709485031633
0.0,0.45934237470338035
0.0,0.4477278861742199
0.0,0.44956014894480817
0.0,0.46806778392684417
0.0,0.3623035265744276
0.0,0.3258042093315176
0.0,0.31137647133497603
0.0,0.3330278477057565
0.0,0.41018271704980713
0.0,0.5767678899650949
0.0439999983296729,1.2474560131656542
4.185000097602606,6.4859581459011615
21.898999786376955,18.062641630406613
29.176000756025317,31.32046683640792
43.12899903059006,41.20313086994006
42.963999025821686,45.8857816402071
43.73500001907349,46.12674835973689
42.53300090551377,43.399551919897284
33.180999377965925,35.63244444703522
19.815000759363176,19.750289709757833
5.757999920547008,8.729988626542115
0.024999999689171,3.5471292595219577
0.0,1.4490248280581313
0.0,0.4906125899300976
0.0,0.3433433774679885
0.0,0.30401545065778723
0.0,0.3161362297728617
0.0,0.34288184476139444
0.0,0.3146325411019758
0.0,0.3020163172117156
0.0,0.30927483840343895
0.0,0.3507340164584636
0.0,0.4369775638381126
0.0,0.6379874401887072
0.3550000112317502,1.4113631999285117
9.126000487804411,7.857304865633015
23.16099964857101,21.538439971942783
29.489000005722048,36.269027603326606
46.163001010417936,45.98865811780908
48.79299822330475,49.38496296119483
46.07900160551071,47.50683056502789
30.41700076699257,41.61222647179719
22.5719994199276,31.034056523656222
13.107999712824824,15.218937349025502
1.897999941259623,6.374983007374702
0.0,2.636262164627593
0.0,1.109937536854169
0.0,0.4059245860550781
0.0,0.2908815325742972
0.0,0.2694100395086471
0.0,0.2904683155798461
0.0,0.3127637723866074
0.0,0.32375985548787783
0.0,0.3007352328303832
0.0,0.3051747904799748
0.0,0.34887354681987964
0.0,0.4408083501041666
0.0,0.649766056139069
0.3420000116340816,1.5043277286665826
6.729000157117844,9.129904114271854
22.511000438928605,24.36107216336866
33.17900085926056,40.06897580268927
44.93800147294999,49.873461702628816
46.39199880123139,52.88371803371834
26.539999771118165,50.21901588058081
28.273000991344453,42.75625998142623
14.391999712586404,30.808438031718307
6.4449999684095385,15.207367078750288
7.132999789118767,6.6259995954009145
0.0380000012926757,2.8431725990810524
0.0,1.1773718823546886
0.0,0.4208745717765246
0.0,0.29773947963571173
0.0,0.2719439924858187
0.0,0.29457819571070337
0.0,0.3167127622409258
0.0,0.38379365945534477
0.0,0.3301800650018903
0.0,0.31274563980593045
0.0,0.352766807936729
0.0,0.44562388534814884
0.0,0.6447565483478531
0.3700000058300793,1.5091830522370249
9.014000254273414,8.842684307709293
23.632999238967894,23.657059991360466
37.53099819660187,39.075528664313254
47.43700020074844,49.37122385852029
51.9229989361763,53.698260179029816
51.53999812841416,53.27438151412604
47.43499962806702,49.28615475167798
31.222999458312987,40.65187657726696
19.82399922847748,23.660997919686654
5.873999758958817,10.840790426650555
0.0190000006463378,4.401605930403654
0.0,1.6937514008538344
0.0,0.5029136161172515
0.0,0.3443588018826705
0.0,0.31094341538420256
0.0,0.3342502953601901
0.0,0.36204172839537496
0.0,0.3305493472954334
0.0,0.30009427640462194
0.0,0.29794274787273933
0.0,0.34569701719878354
0.0,0.43963441007607645
0.0,0.6526388123635396
0.4779999926127493,1.5526781393824098
9.492999795079232,9.354510346240527
24.08900040984154,25.111679352467974
38.50300128698349,40.97844398396715
48.64199811935425,51.11711857015381
53.33399832963944,55.1377663548324
53.99000131130219,54.184880104187705
49.56599978923798,49.59262240087462
34.94899829626083,39.97907261438857
13.574999925494197,21.633368562135697
2.7330000042915343,9.077010201772032
0.0,3.561239601102554
0.0,1.3909982437866557
0.0,0.433450984925559
0.0,0.30320018282055566
0.0,0.2816702989934875
0.0,0.31044804843789015
0.0,0.3290102707584601
0.0,0.37325508222562614
0.0,0.3242567515454319
0.0,0.3086957924531217
0.0,0.35385190396333943
0.0,0.44757077945813395
0.0,0.6555122948314364
0.4960000118054449,1.5545158417939104
8.380999750494958,9.320581529470777
25.015000598430635,24.898494478953697
40.10900105953217,40.60146817008977
50.500998446941374,50.757406287271245
55.61799916744232,54.91631133656114
54.920998823642734,54.275457164581965
41.232998378276825,50.04297447575679
37.82999959945679,41.044956688557676
23.185000358819963,23.46464082246165
7.107999819517135,10.517132774538439
0.0380000012926757,4.22858192577086
0.0,1.6210821408377567
0.0,0.48002190251197946
0.0,0.3252742604228175
0.0,0.2981723481025575
0.0,0.32241204439449866
0.0,0.35391509129558657
0.0,0.34985575634883803
0.0,0.31123701791134406
0.0,0.3009291677410236
0.0,0.33954385286950767
0.0,0.42742194807204226
0.0,0.618965860253618
0.5710000168904662,1.5164527627317457
9.710999571084976,9.021283171615211
24.688999680280688,24.135441187832605
39.326000738143925,39.59927866870496
48.87399882316589,49.88689385708024
50.32700202703476,54.16173226137839
43.01400101900101,53.71136355237272
35.70899819374085,49.62040443227811
26.2289990401268,40.79967897498605
17.70199959039688,23.44317430685506
6.872000024318695,10.730160757427715
0.0439999983296729,4.3555727728351465
0.0,1.6828035281094813
0.0,0.5050123348315204
0.0,0.34073009773240115
0.0,0.306782327115775
0.0,0.3233180538330556
0.0,0.3438811463920682
0.0,0.36925263850595863
0.0,0.31660348201533534
0.0,0.2890814551318239
0.0,0.3085776159007153
0.0,0.37542814756243165
0.0,0.5237573691231218
0.721999992467463,1.2177920443463635
12.096999832987786,6.882025801045378
25.695000182390213,19.506752772393106
36.888000991344455,33.434050476134516
34.92700021266938,43.7727947974285
48.84700136184693,48.946728410114396
51.77300117254257,49.69677383104366
47.7800018787384,47.53186242823633
38.05000097513199,40.53048913673629
22.81499916553497,24.219802009061876
6.621999814808369,11.39019630853447
0.0510000008903443,4.7035691977291325
0.0,1.8601017464219523
0.0,0.5722141569796138
0.0,0.38376125865847377
0.0,0.3267045131463387
0.0,0.33337042177647597
0.0,0.3528011292775641
0.0,0.3295422821267963
0.0,0.29447024401501765
0.0,0.28368581170152884
0.0,0.3199083999952405
0.0,0.3996399963620466
0.0,0.5780686604681233
0.4149999896250665,1.444550533296968
5.52799978941679,8.831664048124763
22.719000432491303,24.245358433112635
39.01700057983398,39.839119833659446
49.670999045372014,50.266351269680186
54.17499882698059,54.806298521316634
52.52400054693222,54.63580584319825
46.56500109672547,51.20440510364419
36.34000017881394,43.07874873392496
18.531000759601596,25.180094882734252
5.54999992698431,11.370618896102423
0.064000000488013,4.558260753536726
0.0,1.7453822577566531
0.0,0.5132438392093758
0.0,0.341911663163498
0.0,0.30169833604054064
0.0,0.315518947451721
0.0,0.33310310896796363
0.0,0.36734192370821805
0.0,0.32283254192543615
0.0,0.2984367856454974
0.0,0.3156320658021784
0.0,0.3673722246280619
0.0,0.4975376539404327
0.0629999989760108,1.0752234081755256
7.043000206649304,5.579617716402957
14.510999896526338,16.082526484026396
17.085999846458435,28.731298567575877
30.53499963760376,39.06366373599404
48.16799795627594,44.85567554008377
49.86799999713898,46.301328853916786
46.20500071287155,45.07463095104521
35.68200073242188,38.44226170518276
18.58499979019165,22.240874482234485
4.052000012844801,9.94137399577104
0.0439999983296729,4.0880236221006205
0.0,1.6855198729790828
0.0,0.539669247916511
0.0,0.3613473379398792
0.0,0.3095355701509344
0.0,0.3128824868644628
0.0,0.3349671758367551
0.0,0.3291367243324537
0.0,0.2963238934274849
0.0,0.28914420230517734
0.0,0.32759993029338963
0.0,0.41108384104537365
0.0,0.6047567346327243
0.5230000085011125,1.4271119350508135
9.606000314950943,8.193116966582197
21.903999164104462,22.335608461098623
35.057998697757725,37.67717020844035
46.59500147104264,48.23671309935804
43.41800167798996,52.524184924324665
49.30199813842773,51.77426305970675
41.77199866771698,46.93702647422802
27.9790010201931,37.016912315393625
19.5400000667572,19.891929833808447
2.3020000867545605,8.862649485462056
0.0,3.6554953296098414
0.0,1.4335514505146505
0.0,0.44792708555902616
0.0,0.30584153745975723
0.0,0.2756315898447028
0.0,0.29344893438731934
0.0,0.3150885335026541
0.0,0.35704326924059504
0.0,0.3105568715575524
0.0,0.297651150567297
0.0,0.3377524175782981
0.0,0.43856866713392806
0.0,0.6622226355680519
0.8079999700561166,1.64384469161204
11.449000169038772,10.226653739093775
27.78400064110756,26.363719311991144
42.61700031042099,41.90403616759416
52.7759987616539,51.87611150854365
57.48300121307373,56.0459466603446
56.08299880743027,55.45881974924289
51.34899889469147,51.61462780970334
40.96000031232834,43.25156406627909
23.852000328302385,25.750989551921574
7.561999904215336,11.896296698512103
0.0779999975860119,4.720233247833272
0.0,1.7618703687290669
0.0,0.5149482234780686
0.0,0.34759626056683884
0.0,0.31228010989091504
0.0,0.3362219534895989
0.0,0.3623532497208948
0.0,0.3498279515826335
0.0,0.31538916387528604
0.0,0.31246943459712556
0.0,0.36044360637810446
0.0,0.4613072352932316
0.0,0.6845761731170692
0.8999999968335033,1.6409652651590207
11.39099999308586,9.991335240954658
26.36599924325943,26.14898021073705
40.83200063228608,41.82246002577314
51.18500123023987,51.4282086470201
55.53699856758118,54.818171531101264
53.54799798727036,53.36401241637794
40.61199925661087,47.44496320946146
29.03399912118912,36.71657233357062
17.34299949288368,19.96803831456049
4.701000219881535,9.146058498232913
0.0700000015366822,3.8356463035098867
0.0,1.4788093249409449
0.0,0.46147639056044
0.0,0.31272145560908093
0.0,0.28787176556491273
0.0,0.3104110643533157
0.0,0.3390001481926467
0.0,0.34703721752374794
0.0,0.32231485810208027
0.0,0.318394508155243
0.0,0.3580087319797882
0.0,0.4443820503912739
0.0,0.6355630954646354
0.6560000290721655,1.4359880317801255
7.862999825775623,8.372370353718866
26.851000502109528,22.8841655531521
35.47899806261063,37.806844127130255
45.66399985074997,47.41556065618712
37.16500020265579,50.80239962748067
32.22200001001358,49.230556014264536
37.22899798870087,43.99196972928981
36.47599804162979,34.225967548220844
15.186000102758408,18.05178889164233
3.9779998768866074,7.84595344161335
0.0439999983296729,3.215955827957525
0.0,1.3099203622735855
0.0,0.4447499222435312
0.0,0.31396543991388304
0.0,0.28718851127165573
0.0,0.30572846482338795
0.0,0.332947947307733
0.0,0.403982120305513
0.0,0.3354821513259587
0.0,0.2943644579755853
0.0,0.30763932232213814
0.0,0.3676249433207849
0.0,0.4936931042531464
0.7059999682754279,1.0892948274461733
11.001999521255494,5.782602853857099
10.884999909996989,16.365490830002507
11.36300019145012,28.839424556588106
35.342001967430114,39.25271996994997
49.59899896860123,45.877818779165814
42.5610007071495,48.58977589926524
48.24300094604492,48.464344804901046
39.96799971103668,43.00533139525053
23.74099935412407,27.339630378565538
7.907999873757363,13.16076093176285
0.0960000007320195,5.451835029109323
0.0,2.1620889623813864
0.0,0.6442085589652907
0.0,0.41557518229360213
0.0,0.3355956629859864
0.0,0.32810987172667017
0.0,0.3556560704714869
0.0,0.32153865745406773
0.0,0.2983008128055149
0.0,0.30093968685072453
0.0,0.35002254809871497
0.0,0.44283505682943225
0.0,0.6538071007158549
1.2070000317692755,1.5761344893556068
12.346999529004098,9.145478794106788
27.24600063800812,24.718046558743964
41.33400059700012,40.49537515216668
50.16599905967713,50.65660762967327
54.239000720977785,54.793328763102096
52.22200033903122,54.387176026822495
45.93899848937989,49.68539377343635
35.67300020933151,39.730664837258246
19.92599967956543,21.441299007992452
8.535000199973583,9.273211011072924
0.4970000093057752,3.7076328846773654
0.0,1.4329033545671777
0.0,0.4299459680489977
0.0,0.2972205878793081
0.0,0.2781728255204258
0.0,0.30256703674739377
0.0,0.31819819269878014
0.0,0.3323469229458339
0.0,0.32447472418011375
0.0,0.3367947058358963
0.0,0.3848797050629167
0.0,0.4879459574519835
0.0,0.7095713853481646
1.1309999649971725,1.5744850499965297
11.78000046491623,8.569488298671414
26.679000546932222,23.078517312361246
40.30499967098236,37.650360167012
45.34899797439575,46.63415837416225
37.34300187587738,49.081922734983635
42.90999999523163,46.64568355669905
29.59100045681,39.81784983132585
25.34300003528595,29.180886242767112
8.796999737620354,14.779260820549808
2.240000049173832,6.686096532932732
0.0770000000856816,2.8830853384062225
0.0,1.1866106321903716
0.0,0.4370037651596468
0.0,0.3171551781899065
0.0,0.29789404803189695
0.0,0.3202102061952213
0.0,0.34590190493507694
0.0,0.3543608710576161
0.0,0.3071636593419033
0.0,0.2895542140119815
0.0,0.3257692167193728
0.0,0.4084148800668272
0.0,0.6026580680762492
1.1319999945908783,1.4867923735448556
10.524999526143077,9.078164024382488
24.11999901652336,24.10021121003833
38.20499811649323,39.74535842498731
51.07699906110764,50.584833825877425
54.92200116395951,55.39627324983979
53.89000143289566,55.33635857150037
49.39399983406067,51.87246435455357
40.08800120830536,43.513038754080256
21.855999797582623,25.68452864687344
5.357000120580197,11.596606170912946
0.2189999981597066,4.60758961334213
0.0,1.7327852859876813
0.0,0.4959122031414258
0.0,0.33346348111933777
0.0,0.29710716991892194
0.0,0.3182726726828848
0.0,0.33767070836080626
0.0,0.34154063358543246
0.0,0.3236014391189246
0.0,0.33895983757127107
0.0,0.40355101763441614
0.0,0.5263243497423242
0.0,0.787456184946706
0.6649999744817615,1.7838914784755628
13.178999503254891,10.787164604188996
29.226000695228574,27.763033737315745
43.51699921607971,43.56563807365343
53.01400118350983,52.33802376527484
56.61900029182434,54.62014447987167
53.13899795055389,51.70527194395599
43.1569988322258,43.49370284245553
33.55100057125092,30.79254235622396
5.005999746322632,14.973377500283608
5.881999995708465,6.3780906406290026
0.0129999995976686,2.6435300771934305
0.0,1.0628516931755339
0.0,0.37889638498600714
0.0,0.27692535226491194
0.0,0.264367544331023
0.0,0.2959429726447787
0.0,0.3265321223376209
0.0,0.36964175818219724
0.0,0.31842112589258686
0.0,0.31092594655464867
0.0,0.37108766273649524
0.0,0.4885683907502774
0.0,0.7485149027581165
1.521999982520938,1.8258437908542116
14.330000445246696,11.303941911047913
30.54299987435341,28.747937849166696
45.15499993562698,44.88543247720333
54.727999017238616,54.298617921448766
57.413001708984375,57.94699404228786
55.670001733303074,57.32016206112676
48.25200146913529,52.587002900801906
39.75300182104111,42.65138529983397
19.258999710083007,24.157009259376196
4.763999773561955,10.69254351557074
0.0709999990370124,4.176113161377648
0.0,1.538151925573018
0.0,0.42184730243581825
0.0,0.2861644346253985
0.0,0.27441836520873314
0.0,0.30761799486931846
0.0,0.3381618055475803
0.0,0.3629775336815509
0.0,0.3148152839193544
0.0,0.2999373355837999
0.0,0.3350005795381456
0.0,0.4218200232403247
0.0,0.6227091546740893
1.473999974131584,1.5911759841792796
14.003999527096749,9.524348522751904
29.6280007815361,24.981651971587006
43.713001935482026,40.61675851808184
52.44999989748001,51.15935022814249
53.34499942541122,55.83413251416912
52.74500015497208,55.95060728683804
50.50499959230423,52.6026862938907
41.35399810791016,44.54773201888233
24.429999461174013,27.138675294239935
8.588999744057656,12.915389958878686
0.2529999934043735,5.241837781981829
0.0,1.946511371723222
0.0,0.5294378419497558
0.0,0.34649477677431156
0.0,0.3086357331449832
0.0,0.3273117760752493
0.0,0.3487842921808995
0.0,0.33664333579444955
0.0,0.29219752493376144
0.0,0.2800938871889582
0.0,0.3144152062785246
0.0,0.39901464478167137
0.0,0.5844076540711132
2.0360000456124543,1.5387979144339525
14.211999520659448,9.645249374777263
30.0280002951622,25.567012203026724
44.09200159788132,41.48623437034468
52.01700120449066,52.04359464562143
55.238001272678375,56.69839511752748
54.38599967956543,56.755453094106244
49.81999857664108,53.42159393976245
40.72300023078918,45.39387573219694
24.322999632358552,27.792550547225883
8.845000131130218,13.184843968375857
0.2790000086463988,5.360009368608453
0.0,1.9912925532468522
0.0,0.5421050424561848
0.0,0.3533881791756167
0.0,0.3072627502173271
0.0,0.3208351059453506
0.0,0.3338550603202837
0.0,0.35287021326339985
0.0,0.3086684919872847
0.0,0.3002413830596257
0.0,0.3455174643266912
0.0,0.4470107768025946
0.0,0.6695770111213692
2.1909998828172683,1.7199790183133759
14.760999592542648,10.65294124579363
29.48500091433525,27.588802123160693
41.47199903249741,43.41623860104927
51.28099996328354,53.25801248197841
55.433999884128575,57.41211025798268
54.06000081539154,57.25067863219181
49.38099816560745,53.64666754192199
39.81499903440476,45.442478141273895
21.769999819993973,27.711536753369256
8.52299984484911,13.097000075038205
0.3119999903440476,5.260484279895507
0.0,1.9286596339194055
0.0,0.5153070236268621
0.0,0.34056217577341014
0.0,0.3111126558025276
0.0,0.3371293533066434
0.0,0.35879930065410043
0.0,0.34792560877490225
0.0,0.3010416111217444
0.0,0.28541898157245765
0.0,0.32447100654773575
0.0,0.4150971955201696
0.0,0.620307692662145
2.329000115543604,1.6225447309144534
14.678000473976136,10.099044550425084
30.32099997997284,26.268685887056705
44.36400143146515,42.12223752436138
53.00599889278412,52.68986072196014
56.05699957847595,57.34808512088661
54.36900097370148,57.44803379918558
49.94499945163727,54.29020031246195
40.2830015873909,46.5805381295424
23.271000336408616,28.970861022698955
8.072000105679036,13.775224108882526
0.2780000111460686,5.555545977204835
0.0,2.030984231028426
0.0,0.537418065064297
0.0,0.34943393942276263
0.0,0.3102405118384112
0.0,0.3299461196963626
0.0,0.34692593196753196
0.0,0.4083147315160211
0.0,0.33825263191572086
0.0,0.30855611611386613
0.0,0.34379994227164773
0.0,0.43911689411226484
0.0,0.6484076913918702
1.8790000208467248,1.5883811075812464
13.594999490380289,9.566273116545645
29.85000067591667,24.82425787185494
44.29599839210511,40.228879414174884
53.33599890232086,50.82892813919097
56.72800069332123,55.62455419227709
55.545000858306885,55.79340617659865
50.832999029159545,52.757180814767665
40.973001980781554,45.181471804724154
24.083000745773315,28.364970374754822
8.871999646425248,13.713286369673366
0.4200000092200935,5.574180437227801
0.0,2.035575424880779
0.0,0.5444930158962868
0.0,0.36033991791832687
0.0,0.31565640969438485
0.0,0.3364494853509446
0.0,0.3691281874642445
0.0,0.35005079248494636
0.0,0.3195854153130271
0.0,0.3251371111869578
0.0,0.3779437718918871
0.0,0.4987655981906141
0.0,0.7617719139654606
2.482000021934509,1.796080216708641
14.57499973654747,11.183170803335887
30.676000986099243,28.042230115512584
45.863001375198365,43.79236082710407
54.61100043296814,52.909418899422505
56.595001635551455,55.46950086619715
54.05100029230118,52.58055973658057
33.88599995851517,44.24981757251179
7.880000072121621,31.425625765371898
5.389000040590763,16.229507565050998
8.511000003218651,7.450294381176751
0.4750000001117587,3.1909257068516874
0.0,1.2321610581389322
0.0,0.4209875870211618
0.0,0.29913343123205555
0.0,0.27625918003490135
0.0,0.30685602000939155
0.0,0.33853375454075935
0.0,0.3826303312813434
0.0,0.32604966794807017
0.0,0.3109508292429721
0.0,0.36268518515012876
0.0,0.47505379435078265
0.0,0.7255166397853695
2.7270000834763053,1.8433219432536427
15.428999848365784,11.478397956816242
32.05399914622307,28.77974936893716
46.6059984588623,44.70007960716756
55.00600056886673,54.456918902878975
57.91800047874451,58.43542522411248
57.14900005817413,58.148623846028016
51.8249996304512,54.363337147718426
42.27700154542923,45.85809085945259
24.713000390529636,28.037568186667336
9.115000419020651,13.200493543572703
0.5439999881014228,5.272279455378479
0.0,1.8921556381567437
0.0,0.4933256456425354
0.0,0.3256153222385204
0.0,0.3019745976211949
0.0,0.3311765765087364
0.0,0.3619109855756198
0.0,0.38397030311840497
0.0,0.3299875884826604
0.0,0.31698150732403024
0.0,0.3633079088286013
0.0,0.47599971296523996
0.0,0.7162114839636814
2.8910000586509703,1.8260585636654487
15.689999613165856,11.089274409746015
31.443999066352845,28.00605865881157
45.0509989118576,43.78304302511565
53.03199812173843,53.54291889262191
57.19300033330917,57.52557697597602
56.24500000715256,57.31441387143145
51.13900038242341,53.46900969183963
41.26499932527543,44.926663267603345
24.25400041460991,27.567952606106594
8.64800020635128,13.336369129289409
0.2449999973550438,5.409758843374221
0.0,1.9579466146268327
0.0,0.5126325413221131
0.0,0.3393425519516609
0.0,0.3111539563023341
0.0,0.3354178030481584
0.0,0.3650175697264228
0.0,0.3590992362356197
0.0,0.30893965937846146
0.0,0.2932601224850828
0.0,0.3277246413912368
0.0,0.41998064449231826
0.0,0.621015803335024
3.2329999098181728,1.638790480129273
16.051999542713165,9.781950501434359
31.69099995732308,25.551076909253734
45.65400109529495,41.23081443621651
53.31100201368332,51.84075917088278
57.23299946308136,56.740107334342845
56.21200082778931,57.38491764286725
51.020001225471496,54.56356473893808
41.5489984869957,47.2046712637774
24.676000065803528,30.140601537773364
9.046000174283982,15.010061693960669
0.5169999914057553,6.142764983185778
0.0,2.212158172578487
0.0,0.5580794666457057
0.0,0.36187080773351915
0.0,0.3186141726403321
0.0,0.33514014351031896
0.0,0.35173234929895475
0.0,0.4640548722490845
0.0,0.3856658315550059
0.0,0.33301869583314003
0.0,0.3409060689410764
0.0,0.40527229658016806
0.0,0.5561128297697523
0.2739999890513718,1.1843154336489221
3.722000003308058,5.72372170851572
14.2180002117157,15.91026036765722
30.667000463008883,27.307803630668236
36.03500116586685,36.561740884867625
37.74899899959564,41.82791284106496
49.67999956846237,44.16149075063735
49.18000017642975,44.558266748468455
39.55100149154663,40.09075608968197
23.832998995780944,26.083358537864434
8.933999940752983,13.53407958940887
0.5930000260844827,5.738498338298195
0.0,2.2312726334198265
0.0,0.6650759049524658
0.0,0.44600914828291127
0.0,0.3802573772922078
0.0,0.3864076690480728
0.0,0.4286052829735464
0.0,0.36671862400536165
0.0,0.3136987736583983
0.0,0.2899749408764942
0.0,0.31555218931048784
0.0,0.3879305770532875
0.0,0.5634514982516735
1.2389999517798425,1.406768542629294
8.907999684810639,7.722534769995282
18.85599933743477,20.94649522463335
30.15800054788589,35.606241402610365
48.80199874639512,46.94090006654191
55.30800077676773,52.93852057717103
53.46000154495239,54.5339791186992
49.48299861669541,52.515696498200896
40.29899795293808,45.59622930285327
23.63399952530861,28.795629651723043
8.37099996805191,14.27810152293095
0.2670000065490603,5.949872631804588
0.0,2.192826541748228
0.0,0.5606959841444356
0.0,0.35524946824500536
0.0,0.3059971761590995
0.0,0.31438169837048147
0.0,0.3351485682869779
0.0,0.40074350372520195
0.0,0.4021054897447129
0.0,0.4296104148621619
0.0,0.4977834084253917
0.0,0.6569211069755844
0.0,0.9815136775410924
3.202000019401312,1.9575946709977916
16.962999544143678,9.483611261289065
31.150999381542206,23.36788769756995
42.39199955701828,36.67894228301937
48.5270001077652,43.357680859580604
36.3989985871315,41.62461783526819
15.172000201940536,33.52884352819265
6.096999939680099,22.748987623818845
1.7750000240653754,13.468167577461564
1.2800000097602606,6.572622298155778
0.0380000012926757,3.390163030562639
0.0,1.6950190592214494
0.0,0.794446994140823
0.0,0.40688871485733513
0.0,0.336085247341592
0.0,0.32487794809349124
0.0,0.35972965912839167
0.0,0.4213667372664801
0.0,0.37055896694974216
0.0,0.3118664809348152
0.0,0.2947465317602912
0.0,0.33566083141552067
0.0,0.43756917032987697
0.0,0.6706565483870097
4.128999980837107,1.7629056773542204
18.381000941991807,11.003700304995924
34.962998197078704,27.9074359108167
48.78200123548508,43.82505990890504
56.433998668193816,53.901613963729744
58.59200039863587,58.31691307201586
57.72399833202362,58.45878486112598
52.852998216152194,55.30112010268712
42.59699869155884,47.62768144400763
25.30699999690056,30.206532889999156
9.776999983787537,14.721455726984873
0.7710000304505229,5.907772491727634
0.0,2.087321191352005
0.0,0.5233049094065515
0.0,0.3403775125057016
0.0,0.30441113556600574
0.0,0.32677866999698724
0.0,0.351287380730873
0.0,0.3771886695369389
0.0,0.3244810180740252
0.0,0.310809282357598
0.0,0.3562045266950368
0.0,0.4669961970438682
0.0,0.7136465410840801
4.383000051975251,1.8392264004937733
16.841999814510345,11.037416529099966
32.45500100016594,27.814495991710746
45.51799912452698,43.37185456889679
52.47300032138825,53.055666901879036
57.19300033330917,57.08005181428706
52.264998273849486,56.9558533516278
47.53799831151962,53.05606647901575
35.59800132751465,44.5866707523056
25.63599972009659,27.685888155242523
9.410999935865403,13.902006473530644
0.5919999964907765,5.751707326990277
0.0,2.0534856252113665
0.0,0.5278188032160317
0.0,0.3398791082170722
0.0,0.3084926232343098
0.0,0.32898368447348086
0.0,0.3624724052609709
0.0,0.37402676726068484
0.0,0.3203967083566671
0.0,0.2978439231972269
0.0,0.3299109378574689
0.0,0.4188555641509954
0.0,0.6182764710846315
2.8959999498724938,1.5986853341401956
16.606000019311907,9.294408942279924
34.08700000166893,24.364727359679925
46.44200079441071,39.55549538553117
47.78399891614914,50.25038850113357
54.73699954032898,55.41525315766941
51.65999962568283,56.43621455880669
44.93600090026855,53.97606552841259
42.47300015687943,46.972507768907775
25.59299973130226,30.367606513523608
9.713000143766404,15.532031599485448
0.7239999874681234,6.467741121120057
0.0,2.320034043381691
0.0,0.5727741910583309
0.0,0.36305686877691995
0.0,0.3192182008703791
0.0,0.33252247113423805
0.0,0.35729690182703916
0.0,0.3773236710758193
0.0,0.3514480231170155
0.0,0.3413663522656722
0.0,0.3592713562632536
0.0,0.4393772467821189
0.0,0.622838442663895
1.398999936953187,1.3043731864303985
11.690999628305436,6.467466202191625
22.92900099873543,17.568785597272846
28.653000940084457,30.027294662046618
29.34399956583977,38.996228633567746
33.81399988174439,42.0312158263391
35.19200009584427,40.72710202564621
31.44100026130676,35.98220648231835
24.62100074887276,27.083512922805266
16.540999892950058,14.582266753735896
5.11500014781952,7.175878359905568
0.0449999998416751,3.2391867230445173
0.0,1.3491130515094403
0.0,0.4931550432891672
0.0,0.35242401135521134
0.0,0.3129461374140512
0.0,0.32460937259508066
0.0,0.3626337160477653
0.0,0.3604538147645828
0.0,0.3196934214858012
0.0,0.31473381443025383
0.0,0.36191577912078726
0.0,0.47109653767489584
0.0,0.7231735553071584
3.925999878495932,1.8045286498662099
19.09199913263321,10.170971041795335
34.018999016284944,26.04423307995571
45.99300162792206,41.73386913570628
53.61899983167648,51.96844680555725
57.04800194740296,56.350712598549656
55.27699806213379,56.47289784417949
50.676999547481536,52.53319140774553
41.93899924516678,43.517022254035936
25.441999627351763,25.6581453773115
5.752000256478786,12.075165526363618
0.2230000042077154,4.872938551921087
0.0,1.7657571012283624
0.0,0.4608614722697656
0.0,0.30926666379216244
0.0,0.2885870018900922
0.0,0.3140271591669956
0.0,0.33663391236748214
0.0,0.3727024268347133
0.0,0.3177602580821363
0.0,0.3045858202818655
0.0,0.3484297278867117
0.0,0.4577543422304725
0.0,0.7074372561510113
4.498999890387059,1.8547010878764365
18.43000059485436,10.93260235431026
34.47899927854538,27.506188268556393
46.61200017690658,43.357987113649564
54.39900134801865,53.62296266884672
52.89600025892258,58.152482148663815
53.88699851989746,58.512732065276026
45.69100142002106,55.39330369647443
42.696998569965366,47.61817528822656
26.12199921131134,30.200226411481424
10.33999995648861,14.963017176432237
0.8339999692514539,6.054204756734988
0.0,2.113384408024367
0.0,0.5106890768881064
0.0,0.33185502395292354
0.0,0.29995753744639364
0.0,0.3206089332431819
0.0,0.34651972358149147
0.0,0.3638453000616429
0.0,0.3255447410657308
0.0,0.32284434085550356
0.0,0.3770153649350012
0.0,0.49720647748391933
0.0,0.765477107189741
2.165999913215637,1.855953240007139
19.091000900268558,10.430759895738868
33.39599932193756,26.52948454625719
44.1110008764267,42.29553467573668
50.73799852848053,52.40018016143413
56.44099861860276,56.66442536774093
56.2729998087883,56.74252609110816
50.895998582839965,52.55972752838428
39.47700084209442,43.00155608819154
20.32799976587296,24.773913927891183
9.448999519944191,11.262574111068774
1.452999994531274,4.4620071602903275
0.0,1.6132478798498973
0.0,0.4250206356517127
0.0,0.2897546554891966
0.0,0.27391760470810167
0.0,0.3022334892296224
0.0,0.32796685957297445
0.0,0.49044499349853077
0.0,0.3999748562098371
0.0,0.3313054653042025
0.0,0.3261316515916718
0.0,0.38179866472481594
0.0,0.5074521177489008
2.1040000040084124,1.0298124639970527
9.336000027060509,4.886465046429657
13.276999835968018,13.539713248761801
25.240999584198,23.24046972852116
26.491000118255617,31.66572646569751
31.6399997317791,37.01129225155559
28.301000792980197,40.001250130192254
34.769000158309936,42.19606396846856
38.78799868106842,39.33618525149843
24.097000646591187,26.710700323193702
8.0099998113513,14.3581249283976
0.6320000248774886,6.275476951624543
0.0,2.5297413001089155
0.0,0.79439457458048
0.0,0.5138621821573843
0.0,0.4049778808919574
0.0,0.38304684755097496
0.0,0.44027223823898554
0.0,0.3917032447723674
0.0,0.33491867460629215
0.0,0.3202745540831358
0.0,0.3710485694756141
0.0,0.492238485012749
0.0,0.7645805885598804
3.3410000249743463,1.997054865212112
18.31899962067604,11.626403878144218
35.69800120592117,28.669703349978903
47.40600159406662,44.367375802389155
54.1830011177063,54.27905655969148
54.62500033378601,58.5270663760642
54.34499820947647,58.789740651268694
52.28000051498413,55.481291352098495
42.56399951219559,47.58397110995447
26.3959996175766,30.439238528621924
10.689999530911448,15.445535473847455
0.9030000214278698,6.329657046001337
0.0,2.1945038936178
0.0,0.5176592607460533
0.0,0.333994776373291
0.0,0.308661102843297
0.0,0.33106918105392474
0.0,0.3639666794661486
0.0,0.3572164031105052
0.0,0.3089608134827911
0.0,0.29254387792480274
0.0,0.32731343516598294
0.0,0.4149939035179474
0.0129999995976686,0.6270287246367569
4.410000080764294,1.7273448933043762
18.8330009675026,10.233149178383702
36.207999353408816,26.384209119469162
49.082999103069305,42.30960613311557
56.34400165319443,53.288065832563674
58.345999794006346,58.29601389142024
55.95099798202515,58.93953068958493
49.63500106096268,56.43242436584789
39.87000040531159,49.428895463766864
25.05200092315674,32.07144870804676
10.38400023162365,15.982934447664894
0.9539999902248384,6.588210710349079
0.0,2.3414372138688515
0.0,0.5517564699261998
0.0,0.34775898728986654
0.0,0.31013045706272063
0.0,0.32731408987139277
0.0,0.34331526759986847
0.0,0.40444234323182593
0.0,0.33303346099411035
0.0,0.3144377951849968
0.0,0.3631547193167108
0.0,0.491908979807389
0.0439999983296729,0.7663541761644376
5.635000131726265,2.0253211657070866
19.242001004219052,12.523963053140559
36.91100141525269,30.33101218667585
50.33799901485443,46.31758585576219
57.46099902153015,56.022624993192125
59.70300015687943,60.11263377106376
58.00699926137924,60.21713220712796
52.64200147151947,57.05085852582319
42.26199930429459,49.28120209909498
26.120000692605974,31.97201427684726
10.571000373959542,15.879189530169667
1.070000021196902,6.361271190223035
0.0,2.165746238210941
0.0,0.5135071836280578
0.0,0.34225715757625497
0.0,0.3081728795024945
0.0,0.33419237752080283
0.0,0.36188403137970765
0.0,0.5361736391032151
0.0,0.458557236014626
0.0,0.3874023233013816
0.0,0.3734305268160191
0.0,0.4180106881113025
0.0,0.5249172568710214
1.7519999852776529,0.9132071991758185
5.4569999989867215,3.836141236147377
5.789999840557575,10.573435680419642
6.417000166773796,18.353868425676016
9.0149995136261,24.772710616849846
19.696999834775927,28.81467701402609
44.0629994559288,32.27176543603324
42.25999873161316,35.68388148956773
23.73599997639656,33.51931518801786
21.991999714374543,21.868149509645775
8.799999569654466,10.979516661871413
0.1629999937210232,4.700610342600007
0.0,1.993639048736291
0.0,0.70175897156777
0.0,0.4881029042616759
0.0,0.4076078674962082
0.0,0.3924737855084877
0.0,0.4513441203944335
0.0,0.4220218841170512
0.0,0.3470323436202579
0.0,0.31730653721457197
0.0,0.3512499028465587
0.0,0.45669184892310366
0.0,0.6954042908002795
2.2029999811947345,1.7668086559311393
19.06700019001961,10.061323776113422
33.9450004208088,25.2863946213926
34.36399921298027,40.534252051000415
37.307998015880585,51.15288725607407
58.91999983549118,56.28229121422461
59.08299926757813,57.29520604203133
53.58199950695038,54.69196205733162
43.28300204753876,47.639293897234204
26.80200084924698,31.778606932990645
10.969999601244927,16.875067520892866
0.9949999840185046,7.08822931248266
0.0,2.447136527308415
0.0,0.5717907070065168
0.0,0.3631099918432575
0.0,0.3186925729968864
0.0,0.3367528922380358
0.0,0.37302158048603606
0.0,0.37350486160477414
0.0,0.3342104403580431
0.0,0.33543405486086236
0.0,0.3951060592969167
0.0,0.5377797841093249
0.1009999962570145,0.8569887016384162
6.178999798893929,2.0986961919953857
19.624999758005146,11.50912851329213
32.94700015544891,28.21728128630316
36.19600002527237,43.9730853894049
48.48099925994873,53.74630011859415
55.86199919939041,57.59541322560482
53.43799935340881,57.27569261140355
44.51300096273423,52.5034804141203
35.67799958705902,42.23227545685467
16.03700038254261,24.12601696031478
5.192999888658524,11.092113787707811
0.5139999989047647,4.464768230431633
0.0,1.5908701530513287
0.0,0.41697082441320604
0.0,0.2836667888842583
0.0,0.2721881217391555
0.0,0.30224891107551977
0.0,0.3318664556025556
0.0,0.3561460344698328
0.0,0.3217472884776972
0.0,0.32270309887653287
0.0,0.3826301946463704
0.0,0.514789943111283
0.0129999995976686,0.8108955937850455
5.909000024497509,2.0481308213927627
18.057000596523284,11.810608725793148
34.04000092148781,29.10877546868538
45.47700176239014,44.95278849730068
51.99400078058243,54.76685233034715
52.75900005578995,58.69199425667106
49.44700063228607,58.418158470606265
45.205001928806304,54.25647700498483
32.90700102567673,44.89018931303386
19.944000725746157,26.340300859603367
4.760000168681144,12.10387764748043
0.2189999981597066,4.795451968829171
0.0,1.7078084155271458
0.0,0.43941070039769814
0.0,0.297343863635578
0.0,0.28068454512030233
0.0,0.31020289957463965
0.0,0.3350461959595425
0.0,0.4291174419180359
0.0,0.3598287009185768
0.0,0.3050727655017839
0.0,0.3087460344945939
0.0,0.36255217255136274
0.0,0.4993641787005737
0.8869999972358347,1.1216884821909057
10.01900047004223,5.497870081442356
21.122999415397643,15.052082489736925
29.852999480962755,26.05886146998953
33.02800075531006,36.409322127446735
40.00900118112564,43.559855183399726
46.8530014038086,47.199573467503185
50.16300025463104,48.664500577046326
33.74099951863289,44.791190615065275
25.669000953435894,30.145025884058715
6.851999945938587,15.638795626994348
0.801000019647181,6.668214460678316
0.0,2.5649655444785853
0.0,0.7136648850604395
0.0,0.4392892756338094
0.0,0.3525642000062277
0.0,0.33911901451483234
0.0,0.38546736300915235
0.0,0.4188109005191158
0.0,0.3468897855310802
0.0,0.32429004543996476
0.0,0.37779305577021594
0.0,0.5202172912681278
0.3700000058300793,0.8127904540684885
8.248000179231168,2.1318762579792265
23.537000505924222,13.125100249742502
40.64800134897232,31.343880424949976
52.43599999666214,46.802147871574185
58.87399898767472,56.00699236185356
61.71100001573563,59.89601859840278
59.47799940347672,60.012755898266086
53.94100165843964,57.06359424222034
43.463000185489655,49.79189855309194
27.576000647544863,33.02258425376957
11.260999740362168,16.785041619686613
1.0590000165998936,6.733523504448572
0.0,2.287462553370215
0.0,0.5298118411819217
0.0,0.3460994118017411
0.0,0.31470280764818787
0.0,0.33872304697855493
0.0,0.3785458377708166
0.0,0.4324148184645019
0.0,0.35748310993805904
0.0,0.33099241738323526
0.0,0.36975619188589853
0.0,0.500517112444487
0.181999994367361,0.7737632373552192
3.778999892920256,1.9931067824434492
19.7480000603199,11.461200065094465
36.962001640796665,27.930760574292897
47.84600023746491,43.041385462666945
42.675000486373904,52.80135745559997
59.87999948978424,57.271555297526305
57.66400169134141,57.81734182338659
51.11100058078766,55.08498516720729
43.45399966239929,48.12289531101432
27.396000455617905,32.3806942295515
11.786000128984451,17.210158838649168
1.4249999361485244,7.113163184204479
0.0,2.445899246583913
0.0,0.57700419308804
0.0,0.3770166588950649
0.0,0.33753231078183
0.0,0.36153944037119995
0.0,0.4001781710175266
0.0,0.3771672151273233
0.0,0.3163018716113568
0.0,0.29407729478962114
0.0,0.3311133943685205
0.0,0.42665808436740316
0.0,0.6522764456234762
3.867999959290028,1.800994431149693
13.813999552726743,10.72128580898472
30.53200083255768,27.071717832230206
49.370001177787785,42.99345372772197
58.99100167989731,53.842105843869945
61.84899845123291,58.98137241201252
60.0560005903244,59.970540363766304
54.67899936437607,57.70511774928953
44.42500041246414,51.154012172227674
27.79700025558472,34.62005514552525
11.984999599456788,18.09568703195088
1.481999954134226,7.50712994596854
0.0,2.574300854298604
0.0,0.5709097657335584
0.0,0.3544699578870276
0.0,0.3080794695096592
0.0,0.3220031186124086
0.0,0.345236526577303
0.0,0.3661176936791481
0.0,0.3147424300780039
0.0,0.3042780670123662
0.0,0.3564332079826286
0.0,0.48602151751236444
0.4440000134147703,0.7709936375805029
8.70299952328205,2.172892136912583
23.69999993801117,13.2811140880449
40.3970013666153,31.779179721690653
51.164001379013065,47.42281483700739
57.409998795986176,56.887730548915215
59.79100070714951,60.93899695597488
57.87499843597412,61.25066941337253
53.014999415874485,58.66926258699031
42.75899989128113,52.04797775426858
27.294000004529952,35.314486602552826
11.25099995791912,18.343074852790235
1.4999999733269216,7.435563172632807
0.0,2.49970497491037
0.0,0.5479369162373803
0.0,0.3471457594210061
0.0,0.31508442053515745
0.0,0.33625663698510827
0.0,0.3628202316453549
0.0,0.3863917872085244
0.0,0.3212959071942093
0.0,0.3066072511540073
0.0,0.36278958300957725
0.0,0.5068038595271295
0.4129999946244061,0.825911458369076
8.544000209569932,2.3018508352441116
23.43100096344948,14.27176833061984
40.32399894952774,32.966751059164174
52.4610009932518,48.5492138816183
58.69999845981598,57.74816318649677
60.3869988322258,61.55208049059953
57.29099963903428,61.63366008711749
50.73999910116196,58.8215917476407
42.25299878120423,51.84504857055633
26.330999491214754,35.171803375861266
11.31399951159954,18.364285211104292
1.4339999457448722,7.451992717166978
0.0,2.45690207068082
0.0,0.5381604018330015
0.0,0.344330715310923
0.0,0.3142873000685612
0.0,0.34166410520972357
0.0,0.3705873787337514
0.0,0.4229209785271378
0.0,0.34850591856564717
0.0,0.33589935477185445
0.0,0.4069500610639269
0.0,0.577161239891851
0.4649999930150807,0.9299941321775457
8.832999776005746,2.4295498655162406
23.57900020837784,14.70071732866419
39.53300044536591,33.719773356329675
50.27200065612793,49.344750566012586
56.05900015115738,58.1161975268461
57.55199837684631,61.47714822202643
54.9299993467331,61.26868194029055
49.67000081300736,57.72488645353094
40.307998476028445,49.43868532922404
24.528999053239826,31.901956331638537
10.424000388383863,15.976616330738782
1.120000024586916,6.384772314425439
0.0,2.121818916099776
0.0,0.4799485857860495
0.0,0.3195605502512357
0.0,0.30068517131758515
0.0,0.33209891137901265
0.0,0.3693802657236904
0.0,0.5400545164877631
0.0,0.499885194178422
0.0,0.44739731089148477
0.0,0.42745176236222754
0.0,0.48544023445323553
0.0,0.6205926943871023
1.438999965339899,0.9976356876815806
8.1609999153018,3.8443717710547856
13.793999987840651,10.076768003048004
15.983000324964523,16.86654202763772
17.537999871969223,21.544803411481407
19.94799981713295,22.70450975687054
26.59900023341179,23.239248261145544
32.09799942135811,23.782806875642546
23.904000840187077,20.57043343348661
8.95499979197979,12.954069171282745
1.2500000205636024,7.038722756825628
0.0439999983296729,3.3380534579372094
0.0,1.5065571492692853
0.0,0.6358383234926898
0.0,0.4751418386120895
0.0,0.41045993272577597
0.0,0.39388593352190504
0.0,0.4850057088244629
0.0,0.40031308295677476
0.0,0.328439319769401
0.0,0.31007170836961606
0.0,0.3584553448168779
0.0,0.48670575940948757
0.0,0.7775824902477452
0.2329999952577054,2.152304414180036
9.473000230193138,13.025779103584355
24.963000086545943,30.86408208137706
41.63199965953827,46.755298743569455
53.91600066184998,56.57547528248588
60.57900040626526,60.827399744763326
63.71999810695648,61.23718898783041
61.85599840164185,58.573221838114
56.12400027751923,51.60298629723167
45.61900134325028,34.963278707670696
28.512999877929687,18.47300786735397
12.479000354409218,7.600648772931711
1.6970000264793634,2.523368669301297
0.0,0.5396766545558235
0.0,0.34048510789716024
0.0,0.308917841417881
0.0,0.33187277541342336
0.0,0.36139417312869276
0.0,0.3924597904403715
0.0,0.35144662070074956
0.0,0.3324318572214227
0.0,0.3560905267191959
0.0,0.4483217603175912
0.0,0.6549411617506778
0.0380000012926757,1.4415346494483716
1.6209999597072602,7.715443693943515
4.828000127077103,20.28549556358754
16.65700024485588,34.21043457137612
38.51700118780136,44.19388112359388
52.482999076843264,47.783580035625135
44.3970006108284,46.503275685566955
36.737999119758605,40.44328067368012
38.8229984331131,29.974981063145712
18.70400100111961,16.68320754167719
13.074000247120855,8.303528470436774
5.972000091671944,3.6850128905267523
0.6049999960884452,1.435986257883931
0.0,0.4718097474315791
0.0,0.3273765212976902
0.0,0.2868771040714517
0.0,0.3036794029700099
0.0,0.34753364340684173
0.0,0.4451946388515019
0.0,0.3519916709532077
0.0,0.2934494319221022
0.0,0.3022198580095621
0.0,0.36561964625035914
0.0,0.517220691955527
0.333999999538064,1.2446545014467947
5.052999853491784,6.547786653159681
8.542999923229218,17.65177054286525
22.62399993181229,30.555856816175815
44.92799860954285,42.154823667058224
50.82900199174881,49.66648186936114
45.489001090526585,52.99413514907013
58.62400134563446,53.22012122699763
55.25499997854233,48.65415855499779
45.11599903821946,34.20564236202953
26.51699934720993,18.559768122604726
12.239000440835952,8.00105368811108
1.738999985679984,2.9003909113217676
0.0,0.6982477377776986
0.0,0.4199560873108226
0.0,0.3294430350344122
0.0,0.32009812348212224
0.0,0.36101634688745443
0.0,0.3901902772893696
0.0,0.32044482636648314
0.0,0.30497577619294525
0.0,0.3573433486657747
0.0,0.490623968491138
0.0,0.7857384664729785
0.8290000138431788,2.143585745381925
10.876999673247338,12.976263313262372
25.94600016474724,30.91599358437977
41.43600104808807,46.82643767825096
51.775001745224,56.49530218207235
57.72399833202362,60.58236505549336
60.27900077104569,60.85306247986672
58.44399909973145,57.95265327516269
53.08400068759919,50.700679912405846
43.80499952316284,34.15833577682537
27.363999508619308,18.093129718463487
11.661000280976296,7.465607591712919
1.6569999980926513,2.4481987791672535
0.0,0.5263673729845342
0.0,0.3344499081066202
0.0,0.30169348972170856
0.0,0.3233094833202488
0.0,0.35148231161911087
0.0,0.5625033300315783
0.0,0.5278245941319022
0.0,0.4658153514911021
0.0,0.4097429055992613
0.0,0.44207658108281256
0.0,0.536679432563936
0.0320000002440065,0.7500296611991191
0.1730000008177012,2.4719358036947465
1.0420000270009042,6.296198888612999
4.276999996006489,10.182758921726968
5.979000042080879,12.419667660920027
5.167000146210194,12.198118027964238
9.544000020623209,11.933967853445552
8.845000131130218,13.361265066021407
10.31300044119358,12.606166021981693
11.617000005841255,8.726599985287338
9.446999974250794,5.066979043988212
3.855000088065863,2.688558575882068
2.0939999648183583,1.517644713227079
0.0,0.8526844281230868
0.0,0.6884684383186045
0.0,0.5956032485974608
0.0,0.5209107932077651
0.0,0.5685113609889797
0.0,0.6098582062254493
0.0,0.5735210944922364
0.0,0.5621706379293888
0.0,0.5971282205738602
0.0,0.8248742208841785
0.0,1.2321497450960104
1.13000006377697,2.0554524274051267
11.628000074625016,7.115497764484479
27.7999990606308,16.680940167876773
38.626999821662906,25.083578337000493
17.18599972486496,28.3059103679908
16.662999908924103,26.09508383262913
12.433999792933465,22.33019935770366
7.312000208199024,19.38129519338829
14.735000363588334,15.520325826219759
19.72100054502487,10.370344794236708
17.87399954557419,6.068541323490024
9.878000148534776,2.962352328617645
3.087999983429909,1.3580681787259323
0.0,0.6609024431812481
0.0,0.5436147913900461
0.0,0.4962656150802855
0.0,0.5179853717773684
0.0,0.6522075871755239
0.0,0.3822609773253831
0.0,0.32327420483510444
0.0,0.31172457998782277
0.0,0.3667332722872026
0.0,0.49791444326599893
0.0,0.7984881666664148
1.090000035390258,2.2125390077504967
11.56899961233139,13.317959177654815
26.97799989581108,31.575534454612107
43.10099922895432,47.292409894871895
53.65399958372116,56.761611484405535
59.429997982978826,60.71625282451993
51.87899866104126,60.948439507616975
51.32900138378143,57.97301648760259
55.53699856758118,50.70229571296761
45.22499943971634,33.91900582234408
28.79899961233139,17.89451572564924
12.65500042796135,7.408569525742345
1.8540000512450932,2.468809573161594
0.0,0.5311850804985437
0.0,0.3313338922738868
0.0,0.30564712603602223
0.0,0.3268834742374458
0.0,0.35685344194005486
0.0,0.3896476262904972
0.0,0.32255452584166655
0.0,0.29240285159034524
0.0,0.3190771300934463
0.0,0.3987943829372621
0.0,0.595642448013055
0.3119999903440476,1.6603281796783829
8.253000070452691,9.57964165751595
17.193999961614608,24.656354581088276
32.9459998691082,40.364312662618225
51.40199969291688,52.025782507797466
54.94899862527848,57.88174941769071
60.09899852514267,59.39575809450106
61.327000975608826,57.62584551425001
55.30199905872345,51.61051913025318
44.89700000286103,35.76400994340367
28.79099937558174,19.43282221508267
12.595999965667724,8.30492960501733
2.003999997228384,2.8500929356564564
0.0,0.6104962618122614
0.0,0.36807720429424967
0.0,0.311385199502267
0.0,0.31768009377023687
0.0,0.33939623588804674
0.0,0.36893918269804665
0.0,0.31557214143070433
0.0,0.30419561242999915
0.0,0.35085579929956906
0.0,0.47234128960307215
0.0,0.7377207160365818
1.3640000565350057,2.1199526252481995
11.765999537110329,12.828387935369664
27.17500084757805,30.818626124329832
42.85199981927872,46.773149284819006
53.26199825286865,56.74724685287424
59.377001292705536,61.0248815955676
61.055001142025,61.4912324944558
59.30800002098084,58.93279072332557
53.97400083780289,52.21407458638464
44.36299909114837,35.80456282195846
28.12700026512146,19.031298300562536
12.095999546647072,7.921708000598786
1.867000050842762,2.6501469926979446
0.0,0.5630869336679166
0.0,0.35320616974959584
0.0,0.3152533353431064
0.0,0.33147251682275997
0.0,0.35034576833744213
0.0,0.37113291813213833
0.0,0.3239387345835747
0.0,0.3276560044075733
0.0,0.3976580505723297
0.0,0.5575810706890237
0.0,0.918590786439895
1.1789999733865262,2.4870078874295225
11.15500019788742,14.77634601791545
25.40900044798851,33.84839002364818
38.24599958658219,49.46425061158379
51.57500198841095,58.33672452693038
57.65000179052353,61.767117911514106
59.59100095033646,61.59338564811622
56.84900042295456,58.11199593854154
50.62199817657471,49.914444758664025
37.94899875640869,31.902150448987065
26.548000007867813,15.663136698806843
9.631000284552574,6.206030579084518
1.6159999401122331,2.0730628035090035
0.0,0.46268161544392655
0.0,0.30185123609709985
0.0,0.28975431824851827
0.0,0.32195236099671226
0.0,0.34596142671775465
0.0,0.47932918614743314
0.0,0.3930031926860862
0.0,0.3632065743814419
0.0,0.4036903137456753
0.0,0.5449748414903887
0.0,0.8428838602208097
0.5900000014901161,2.065444935768909
11.195000354647636,11.24180021266379
26.45100098848343,27.047870090750777
37.02300062179565,41.634476715599355
51.3060009598732,51.269426581948125
55.64500073671341,55.60287311220016
48.31099987745285,56.051051523008184
43.195999729633336,53.16174635072051
42.53300090551377,46.28391366688633
37.80999798059464,31.753687453367338
25.709000083208085,17.97583421548249
11.521000245809557,7.715346955319523
2.076999975219369,2.5848642046118777
0.0,0.6007909369859364
0.0,0.3869889571668287
0.0,0.3449035663005231
0.0,0.36652914334482295
0.0,0.41981827823933565
0.0,0.4323597177284635
0.0,0.3406474593693371
0.0,0.2929095891938738
0.0,0.3094870883829072
0.0,0.3856898966830351
0.0,0.5647097910646081
0.0499999993783421,1.4544926349552256
2.892000088244677,7.988729310724194
12.02099963784218,20.82425380191428
32.146000841856,35.12873305407236
44.62500016927719,46.9730026029065
48.00299795150757,53.75333353701642
50.45800051212311,56.115595987999924
57.73600176811218,55.03933851017806
53.90099842071533,49.64944772923672
43.65699822425842,35.27437168034438
28.107000700235368,20.132474928914206
12.364000288844109,8.955565943673207
1.875000030845404,3.130077675741776
0.0,0.6926989157489848
0.0,0.40619978530747525
0.0,0.32479954394281835
0.0,0.32051328587678846
0.0,0.3566272414225477
0.0,0.43246305929372375
0.0,0.3465090901177711
0.0,0.29692698336302387
0.0,0.31319274615291665
0.0,0.39392230565360037
0.0,0.5768311645697569
0.2149999921116978,1.4442777307105794
10.522999980449676,7.752119263675287
22.55600100040436,20.28003743618622
33.35700047850609,34.036994409699005
49.02400069475174,45.55507739746463
55.38900137662888,52.2306603018039
58.46200014591217,54.63576635639633
55.96399965047837,53.94026734895449
49.12999818325043,48.854790425986664
40.26000116348267,34.637462387563886
25.088999193906783,19.51948172159904
10.004999542236328,8.56072583945742
1.7739999944716691,2.998695340977578
0.0,0.683664458993352
0.0,0.40900588267492677
0.0,0.32745937505513195
0.0,0.3218109938655783
0.0,0.36077235459924895
0.0,0.41612166228650843
0.0,0.3547589629422225
0.0,0.352926900527912
0.0,0.4264940724492632
0.0,0.6006708419191175
0.0,0.9816281241360131
1.5710000205039978,2.536345588055066
10.664999561309816,14.449952859481224
24.36100024342537,32.96255693623001
41.47600017786026,48.376980929772856
51.57199907541275,57.18167039379192
57.07099826335907,60.471205541883585
58.67100042581559,60.08142637913091
56.60900153636933,55.82983400573607
53.044001557827,46.680079363051824
43.91100111961365,29.355350602310832
28.13099935650825,15.165943960287025
11.630999906659127,6.2812535503386195
1.7469999656826258,2.1037536322208306
0.0,0.478363262095277
0.0,0.3108126354304783
0.0,0.30014506009167624
0.0,0.3292535156060584
0.0,0.36760642032308705
0.0,0.5559880099533412
0.0,0.5360860126384333
0.0,0.510656928672739
0.0,0.5046983259626571
0.0,0.6238586320902146
0.0,0.8595657420170626
0.6929999686777591,1.344657885274362
7.941999852955342,4.702935878914592
20.560000469684603,11.54804862098117
33.03899979710579,18.262934136790445
20.63399906516075,21.350273711560916
9.28399951517582,19.517288739938227
7.591999765038491,16.84865886375887
7.053999761939049,14.896983962450552
5.6859998437762265,11.700321005434542
12.876000036001203,7.737608250695433
13.149000155925751,4.593276186941613
5.825999878942967,2.4052461050386005
1.2850000293552877,1.1993400258516431
0.0,0.6189023569100681
0.0,0.5077935958564653
0.0,0.45394600960893294
0.0,0.4542924564465756
0.0,0.5622098631500289
0.0,0.6233049425549128
0.0,0.537848536707015
0.0,0.46583026489759294
0.0,0.434732903953175
0.0,0.5289307104386967
0.0,0.6983902643277502
0.962999999821186,1.0996290186259539
9.829000495672226,4.094621322468371
24.478000881671907,10.291077554904462
29.62199906349182,16.325429748775797
25.89199908018112,19.900488613203233
6.098999998867512,20.081842027276902
17.213999526500704,19.7098794725493
20.655000970363616,20.59616318235835
12.812000195980072,19.175606432709547
24.616999603509903,14.759434441843247
24.958000708818435,9.486542387218803
13.877000133395196,4.943174781577106
2.6429999083280564,2.3906551539743828
0.0,1.0822303512791285
0.0,0.7831437704735991
0.0,0.5987287546400019
0.0,0.534045591942255
0.0,0.6325655041954582
0.0,0.4382577343933869
0.0,0.3565510108066904
0.0,0.32113862161942225
0.0,0.34784371048740986
0.0,0.458860289169173
0.0,0.7116262803333696
0.5970000160858036,1.7975981241931016
8.029999889731407,10.100647956140966
27.79200087785721,24.90917236694798
32.90700102567673,39.37722288470969
52.88799796819687,49.68003424739362
61.96800171613693,54.790502638442405
59.470001220703125,55.74465677106307
52.31500026702881,53.29939187135882
48.21799994945526,46.63111092312151
38.513000042438506,31.99735921772298
24.03200052022934,18.005540597258896
10.529999930858612,7.820077335715461
3.043999965041876,2.6485537519475906
0.0,0.607560969659718
0.0,0.37126627613461693
0.0,0.3142740421862405
0.0,0.32367507120378763
0.0,0.3710885611799648
0.0,0.4502567963833376
0.0,0.35505559933350495
0.0,0.3184351598661183
0.0,0.3570235439717569
0.0,0.49081864858221214
0.0,0.7770584083390236
1.5750000105053186,2.0843799314773666
12.55100043118,11.93956169883149
27.542999414205557,28.33273313942654
42.131999051570894,43.43236808534406
54.127001514434816,53.587127026876225
60.19199845314026,58.38626944418843
62.59600078821183,59.288409633390444
62.04599940299988,57.186643978587924
55.8070019364357,51.309941605339034
45.801998286247255,37.19426850223696
29.865000863075256,21.93428795627173
13.458000314235688,9.6132943389718
2.6060000970959663,3.1309588661969023
0.0,0.6363357793086803
0.0,0.3858993080723225
0.0,0.33173246963438374
0.0,0.3408077061271371
0.0,0.38303778641726927
0.0,0.4063327253463887
0.0,0.33773845215716397
0.0,0.3117272295713139
0.0,0.34733995458849404
0.0,0.4644617334072429
0.0,0.7322109489796187
1.8880000304430724,1.9905726739278482
12.579000232815742,11.240295295968362
28.122000887393952,27.34012274965258
42.93000161409378,42.545855754477
52.6939999294281,53.14749167683146
57.88500129938126,58.116487580259324
59.0199997138977,58.94930920405917
54.71899849414826,56.81993662745377
50.16599905967713,50.801162193580986
39.22100148200989,35.73426598562526
24.42199922442436,20.060455859404094
10.74600016117096,8.655644345278107
1.8270000224560496,2.885256794706316
0.0,0.6057554365560158
0.0,0.36812664517153
0.0,0.3232384176263783
0.0,0.33673929273991193
0.0,0.36903371273634833
0.0,0.44431317181978186
0.0,0.3991678663074125
0.0,0.3922189257734019
0.0,0.4474267261397057
0.0,0.6265534268242389
0.0,0.9969361589474883
1.494000052511692,2.150039745815449
11.00100026190281,10.626292769312128
18.656999866962437,25.376340179240557
31.45999953985214,39.60171890372784
46.68600082635879,48.389951185350405
52.65400079965592,50.71401382373801
39.21299919128418,48.1855436058724
48.66800145626068,40.06907889096895
40.71300147533417,28.329115278381877
23.86399965643883,15.900363792804331
10.751999825239182,8.200421089741479
6.7819999283552175,3.580831013538144
0.740999977067113,1.2731216473432547
0.0,0.4115121661882318
0.0,0.29644361731330904
0.0,0.27819886979377084
0.0,0.30989750427724494
0.0,0.3744327639397732
0.0,0.4475843678340927
0.0,0.36307147596193406
0.0,0.33929682340265466
0.0,0.3847568033291445
0.0,0.5348036627316215
0.0,0.8613453613858459
0.721999992467463,2.232577024080742
13.254000439047816,12.818737542618397
29.576000269651413,29.80802546094436
44.68500091791153,44.6939082176417
55.294999108314514,54.01205524884827
61.85799897432327,57.920361825821246
64.00200080394745,57.78387438782434
60.58800092935562,54.14237260756973
52.5910012459755,46.3204327907222
38.03699930667877,31.636153051903925
27.257999966144563,18.278010548703318
13.608000131845474,8.043853267426465
2.754000112265349,2.6268285685318724
0.0,0.589744692703399
0.0,0.3629516966993813
0.0,0.32350007690171867
0.0,0.338394308364151
0.0,0.3899059804294371
0.0,0.46459284277149204
0.0,0.37013566854597396
0.0,0.3135819184321526
0.0,0.3207834644201993
0.0,0.3938469721741527
0.0,0.5593210147814776
1.2839999997615814,1.309987704520154
5.289999935030937,6.74111490999925
15.754999739527705,17.622555145597325
33.881000580787656,29.94518517916119
26.92799995660782,40.87491953435218
47.262001440525054,48.058005566474094
58.02799911260605,51.38075012053658
61.31899868488312,51.43527565140968
55.34300052881241,46.51444264560583
43.58399991512299,32.608317099869396
29.573999696969988,18.344857219971793
13.594999490380289,8.188750472542992
2.852999961078167,2.9580989813579195
0.0129999995976686,0.7107851708153581
0.0,0.4170645548091912
0.0,0.32545470219521977
0.0,0.31278886316868226
0.0,0.3645739983276258
0.0,0.47803751368608993
0.0,0.37493553252686
0.0,0.3205201093608108
0.0,0.33618233370132816
0.0,0.43364037702207975
0.0,0.634727979317655
1.979000027626753,1.5666467831258049
6.78399998754263,8.419998348834014
17.069000113606453,21.39450791637373
32.49000075221062,34.931619077469065
38.19200055599213,45.82842641259871
46.20000133514405,52.29783744471408
54.27299813270569,54.89206454099517
50.762001292705534,54.49643075634789
50.91500196933747,49.946164196349386
43.41999814271927,36.87368797606762
29.158999996185305,22.016806106125987
13.649999834299088,9.869104726210082
2.1909998828172683,3.3919761542778
0.0,0.741395944230831
0.0,0.4391335255586178
0.0,0.3505148457118781
0.0,0.34647085695423807
0.0,0.3949515195290366
0.0,0.47341889356837435
0.0,0.3950388953811842
0.0,0.35606337466984367
0.0,0.3750285629211628
0.0,0.48503401213326297
0.0,0.7279110408137575
1.5190000221133233,1.6073874721479469
8.885999547243118,8.069330282787377
16.944000265598298,20.35875219307462
27.71499936938286,33.310594131220306
40.28800096511841,43.03327550415276
41.32400184154511,47.720368249465785
29.376000512838363,48.703710737870985
42.24700117111206,46.04166741425026
45.0509989118576,38.768310547011176
30.96300100684166,25.243252312119417
24.938999376297,13.875681088620237
10.39500030040741,6.084429641222478
2.4140000635385515,2.136992160994464
0.0,0.556812379425466
0.0,0.3578638886156678
0.0,0.3067909380585085
0.0,0.31818907209468095
0.0,0.37969000378100126
0.0,0.42682355695747065
0.0,0.3522636415311307
0.0,0.3348861398342577
0.0,0.39067973607198003
0.0,0.5540517051412864
0.0,0.9118538850941756
2.46500003233552,2.466794918082936
13.063000178337097,13.664263545231462
27.663999143838883,31.19712935549009
41.07400009155273,46.4481286406718
51.039998736381534,56.00785419503223
56.85300156831742,60.17907163351828
59.71499948501587,60.63672016269812
58.21000193119049,57.99104503473612
55.18500047445298,51.3466137915977
43.89200184106827,36.1136684335694
30.31500031590462,20.666477927944598
14.399999949336053,8.835939701777258
3.2319998802244663,2.8250455000619135
0.0259999991953372,0.5696186053149475
0.0,0.357171456900749
0.0,0.3230210972245968
0.0,0.3390986530913081
0.0,0.3764964083296451
0.0,0.46370966500474364
0.0,0.4207153845511289
0.0,0.42054577385531255
0.0,0.48551374264772895
0.0,0.714801722740099
0.0,1.179832483847599
2.5289998723566534,2.5131884402747517
13.39300018787384,12.048246818325385
27.74600003004074,27.480835451001827
34.680999608039855,40.906025630708555
47.06000111103058,48.41405538522161
54.07999832630158,49.64597644351941
48.09700021982193,45.80511494488893
42.48000010728836,37.814122291775504
21.995000573396684,27.261300420111798
29.148999186754228,15.812030002625658
4.80100009828806,8.275227862682284
0.3420000116340816,3.553599134540245
0.0259999991953372,1.2609605335527359
0.0,0.43054368157712464
0.0,0.31585476110043925
0.0,0.296121987575498
0.0,0.33004765860596014
0.0,0.4101075078422535
0.0,0.5413746408504814
0.0,0.43788550168700635
0.0,0.3716191009747221
0.0,0.3730303802945207
0.0,0.46421823810691687
0.0,0.650494906182633
0.1840000054147094,1.3423986158759458
3.611000056117773,6.4766214976976935
19.40700100898743,16.8066756760651
24.76699942111969,27.898716167532676
24.87800039529801,36.8432323978699
32.02900020360947,41.99811468680882
45.250998668670654,44.170627509550215
42.38000022888184,44.06080851425204
52.82600075483322,39.366602930894004
40.444998679161074,27.34299273302851
22.74999903917313,15.517928243278535
11.819999594688417,6.942433200353266
3.5809999385476114,2.5781882268851106
0.0259999991953372,0.7079914511964772
0.0,0.44810585868100355
0.0,0.35850377375298625
0.0,0.35214499245718583
0.0,0.4345000468474716
0.0,0.5382779810398562
0.0,0.46924673189175464
0.0,0.4274757879834662
0.0,0.43542252439133283
0.0,0.5515456134781208
0.0,0.7904825962488897
1.031000022403896,1.4868185342660183
4.559000125527382,6.840883854098995
15.855999904274942,17.235712925623766
30.53200083255768,27.986198614952215
49.06499805688858,34.9445115500275
47.87400003910065,36.00460659990846
32.0930000436306,33.72157471754398
21.579000586271288,28.99783684589358
33.40499984502792,21.98387468046766
24.39999908685684,14.223583526299159
16.478000339269638,8.343872268231307
11.984000340104105,4.022818180363163
2.3399999275803567,1.6071496745404033
0.0,0.5751271107457349
0.0,0.40423337200619636
0.0,0.3431106984954388
0.0,0.35324243991162324
0.0,0.46493348067708823
0.0,0.45634779637040146
0.0,0.3607104535247098
0.0,0.3254231842982785
0.0,0.35703921801823907
0.0,0.473171695936273
0.0,0.7386292883852472
1.2150000117719173,2.0111894004219555
9.10599989593029,11.087902090387757
31.668999819755555,26.527341293126995
43.6919979763031,41.79897906072766
51.7189980340004,52.7011933962819
57.93400095224381,57.96601864052208
64.84699833869934,59.1307458256231
63.365999441146855,56.951855973283855
57.58500166416168,50.790942088255065
47.59900140047073,36.65112097953747
31.984999928474423,22.13382660785364
15.545000200271607,10.084235612048145
3.734000101685524,3.296190362517157
0.0320000002440065,0.6522689062840631
0.0,0.38764636961644494
0.0,0.33256249473589583
0.0,0.3401720715823036
0.0,0.37692018898266216
0.0,0.44536356720579995
0.0,0.35802917671651907
0.0,0.3363585694687183
0.0,0.3734981590692274
0.0,0.5227331713018629
0.0,0.8553294275125307
3.2400001169741155,2.228700520097958
14.447000056505203,12.02525501695204
29.28400087118149,27.74332627242308
42.70500086069107,42.9688606100407
53.01999879360199,53.18626294058418
59.96899827241898,57.388019388485745
62.64999981880188,57.1908130841733
61.52200135469437,52.63890301632205
55.359999234676366,43.2218104204352
39.79399918317795,29.029594077294842
32.54700064182281,17.240166397421422
15.676999998688698,7.889077457044695
3.598999957740307,2.4938369568528076
0.0,0.5592647837589984
0.0,0.35337538203743296
0.0,0.3123161772048135
0.0,0.32968209973981116
0.0,0.3652645653775913
0.0,0.4738324354552659
0.0,0.38797543918700705
0.0,0.35898314387241986
0.0,0.3973900321814334
0.0,0.5456405427002142
0.0,0.8718154317541414
1.3240000281482935,2.130862599540355
12.64400035917759,10.980470131004637
29.0810002553463,25.906610662039935
42.73500123500824,40.3763151662247
53.12499804973602,50.398407663297185
60.532001326084135,54.942594486567586
52.41700071811676,55.50482326423718
59.92399976491928,52.27816020056737
55.68900101184845,44.81733584948993
46.1689986205101,30.557363526675402
29.06999915957451,17.651791470089172
13.330999893546103,7.755113639956758
2.920999919474125,2.5298850508667803
0.0,0.5702002250652864
0.0,0.3624118379550655
0.0,0.32405022028683983
0.0,0.3419549090956013
0.0,0.3914465018632665
0.0,0.5142282209525202
0.0,0.4550567726356367
0.0,0.4119676157762689
0.0,0.41021024926754207
0.0,0.4985163480593612
0.0,0.6913375149186153
0.0389999987930059,1.2676122036124733
6.056000010073185,5.425969135696285
15.901999725103378,13.860887970800778
22.867999963760376,23.73436825182441
18.761999123096462,31.601612650418744
38.08000134944916,34.32150540432396
39.9440010547638,33.981631328881925
37.90800139427185,30.352748164830988
31.74699956059456,22.844806447251983
19.038000102043156,13.817160225345624
10.938999967575072,7.569755977469121
4.489999880790711,3.606828552018203
0.8409999838471413,1.4579336904556646
0.0,0.5159668190431266
0.0,0.3638153241085906
0.0,0.3121814006707482
0.0,0.319766023004883
0.0,0.41164449761903116
0.0,0.5067606752741829
0.0,0.438134591062843
0.0,0.41961089208308255
0.0,0.45167303582025203
0.0,0.6002293750492183
0.0,0.9135924319840805
2.419999984353781,1.8626961385342278
5.536000026166439,8.774625328752412
22.728000955581667,21.43047555784454
40.262999968528746,34.41154121423213
49.881001665592194,42.613049552546144
51.8859986114502,44.127859801146016
28.35600010991097,40.94062070196216
24.120999302864075,33.85884701663266
32.014000016450886,24.49527917902767
35.31799920320511,14.789226958728813
21.267999855279925,8.423847975718376
8.725999947190285,3.9298338079236235
1.45400002412498,1.4533897620211356
0.0,0.48879921444980357
0.0,0.3487645882150925
0.0,0.31281457586974354
0.0,0.33896318701832945
0.0,0.4223922181363357
0.0,0.44505249707275185
0.0,0.39785164499533665
0.0,0.3766670802359297
0.0,0.39292472519331767
0.0,0.5029187474385376
0.0,0.7490139927808307
0.840000018440187,1.5544290587455578
6.408999930024147,7.197018639665523
18.10299939036369,18.27291001187673
32.125999222993855,30.354053224881646
31.45299958944321,39.311745138096725
54.72299963951111,42.40965345345177
52.9090019273758,41.40324401354065
43.36599911212921,36.50447430474663
39.89800020694733,27.796066396763777
18.761999123096462,16.77048656728103
19.829000660181045,9.263888383766268
13.354000317454338,4.29506085333986
2.6869999267160893,1.5985791868342596
0.0,0.5088677335572125
0.0,0.347347964892984
0.0,0.3023668891543631
0.0,0.3152099809026944
0.0,0.38355034352741896
0.0,0.6544539242072227
0.0,0.606701365605743
0.0,0.5304046787775263
0.0,0.4722789843177615
0.0,0.526006013258106
0.0,0.6485730790899331
0.5370000055991113,0.9039197536096103
1.2139999821782113,2.975125693317329
1.9870000076293943,7.371181646733088
3.5780001065135,11.755652133916216
8.094000243246555,13.988292814568606
7.409000254571438,13.501641825477801
24.082000459432603,13.29076001774839
16.506000140905382,13.797686164767676
16.67100014567375,12.315535486635774
7.34499990105629,9.023847496686823
5.086999832689762,5.539278682408535
1.521999982520938,2.9812142375765163
0.3099999953433871,1.5666386031985011
0.0,0.8021776160298959
0.0,0.6374134004022293
0.0,0.5388330364925402
0.0,0.48343467924205663
0.0,0.6183442250252823
0.0,0.49397578949183746
0.0,0.38499986723765867
0.0,0.34307296326084413
0.0,0.38505323516648077
0.0,0.5449788344801716
0.0,0.8886037535766548
4.117999912053347,2.3719861111451497
16.421999709010123,12.703023981894747
30.872999883890152,28.91476329179462
45.9969986653328,43.56576853535476
50.69300002098083,53.66288795834447
63.93099895954132,58.76402012253171
67.05800086736679,60.032711502914054
65.20399991750718,58.504734457559096
59.91600158214569,53.342559015733684
50.0530016207695,39.86933247248529
35.09900016784668,24.378246010938426
18.468999438285827,10.846326883203025
5.391000099778175,3.466417109198382
0.1510000076703727,0.656420356800422
0.0,0.39483640450656354
0.0,0.33996306648529634
0.0,0.34344203681600355
0.0,0.3943073119773895
0.0,0.4440505987028736
0.0,0.3600675346636389
0.0,0.3435216630519474
0.0,0.40716297952024993
0.0,0.6023777212967879
0.0,1.0201626109069917
4.288000064790249,2.781734355028091
16.525999705791474,15.137993324767695
32.137000318765644,33.207818607080256
47.34199970006943,48.398886939014275
58.95499958753586,57.52392723632627
64.98000150442124,61.38452975252783
67.71100093603134,61.727939655098716
66.12999805212021,59.015772229331176
59.86500135660172,52.26914115605026
49.76199840068817,36.982751293925475
34.58599910736084,21.160454337132045
15.799000014662743,8.99546639313312
5.075999763906002,2.832841500499856
0.0570000019390136,0.5530201445323241
0.0,0.3520966919030954
0.0,0.3222649732136143
0.0,0.34051707051382346
0.0,0.37507990650608947
0.0,0.37685299820695073
0.0,0.3270613551672265
0.0,0.3282489421454407
0.0,0.3818833855142276
0.0,0.5205332177384636
0.0,0.8551952030916254
1.537000041306019,2.1895366075715588
8.432999748885631,11.66708328381143
21.18199987769127,27.912596135529313
43.61800143480301,43.877996916536425
56.70799907445908,54.256355448329714
63.37400173187256,58.42653857027541
65.05099924087524,58.22725868397358
62.76699840307236,53.23390105694725
49.74700026750565,42.63920246800033
30.87199959754944,25.537467562906983
15.484000192284585,13.096438498832782
10.90500050187111,5.606860377008592
3.3209999465942386,1.8627803172098276
0.0,0.4417598037753372
0.0,0.2863494405293283
0.0,0.2669409276344298
0.0,0.29081198976782213
0.0,0.3174289992809167
0.0,0.603045092655224
0.0,0.5487587886263984
0.0,0.48866417027971476
0.0,0.4611763745678583
0.0,0.5392286124819221
0.0,0.7010575312043704
2.6889999859035014,1.105774468532039
3.5279999105632305,4.102441337260907
5.608999875783921,10.34972452248839
8.296999832093716,17.24175739245673
13.945000091791153,21.840425599853127
29.39999916911125,22.10628304277341
20.95199974656105,21.298077291940277
15.065000373125075,19.741854757913647
24.220000948905945,15.66506778166781
17.592999188899995,10.460768451711582
7.679000028967858,6.124515775136877
4.209000037610531,3.108550438500295
0.1799999993667006,1.4154174227239391
0.0,0.6078243590584302
0.0,0.4618800516793726
0.0,0.39322810015670095
0.0,0.3853979872367298
0.0,0.5140340077791946
0.0,0.4581294585343619
0.0,0.3681249476306282
0.0,0.33248780408705897
0.0,0.3597449516776847
0.0,0.46545948715474195
0.0,0.7243150763997463
1.6549999389052392,1.7644837788380816
5.135999999046326,8.903559216143362
13.085999575257302,22.02203229940874
33.163000385761265,36.738801832539345
44.8820018696785,48.492775689416355
48.32400154590607,54.69514403060467
49.67599842309952,56.489418187853325
57.04600137472153,54.275273492058744
55.51299991130829,47.05206944211398
39.09100122928619,31.400176006474176
23.1189999461174,17.133887665255127
16.997000036835672,7.483785219036763
7.240000131428242,2.490980787678952
0.0449999998416751,0.5288472740328397
0.0,0.32892857741286874
0.0,0.2882004554584426
0.0,0.3014204434073662
0.0,0.3374832571249611
0.0,0.6720920446402573
0.0,0.637165861591305
0.0,0.5830312019987877
0.0,0.5298478923388282
0.0,0.6044222125487517
0.0,0.7665025712976555
0.6860000182688236,1.0474279892783624
1.6899999476969243,3.157007542753873
5.414000010192394,7.5843602696108015
22.87100082278252,12.052408961385861
22.418000510931016,14.031671878152943
7.346000187397004,12.663721397884542
8.913000089526177,11.493620890464493
7.622000139355659,11.075150876384194
6.777999809980392,9.408591845399084
5.658999814987183,6.987992225253282
4.686000032722951,4.457487941063305
2.4879999427497386,2.4906929776935436
0.7940000050514937,1.3280337010766072
0.0,0.7235425844756604
0.0,0.6082303244736044
0.0,0.5398631883757369
0.0,0.5173347163105142
0.0,0.6510307043020155
0.0,0.6254442184212701
0.0,0.5372564916146259
0.0,0.46247883963740544
0.0,0.4466081910393324
0.0,0.5350651006264096
0.0,0.714750769876653
1.9499999396502967,1.2260921725800553
8.89500007033348,5.007379901951676
14.272000269293786,12.792995874319814
17.82800075173378,20.83705198607724
29.900000615119936,26.629410122004742
28.852000410556798,29.212087064944768
27.91400089383125,30.864995536008156
29.435999207496643,32.17372592616959
37.91700191736221,29.4476099660792
46.969001755714416,20.642989249006863
23.115000854730607,11.955720715443354
9.40999964952469,5.465079420969207
1.628000038489699,2.1471501761165346
0.0,0.7095282633991737
0.0,0.4838136927817738
0.0,0.3976516410868113
0.0,0.3849160956125331
0.0,0.508700418147
0.0,0.6110884576105848
0.0,0.44531023375733036
0.0,0.34281561857898346
0.0,0.3343513235408487
0.0,0.39825214084308147
0.0,0.5415549834967975
0.1710000058170408,1.2115923147148102
4.580999749600887,5.545468977843075
13.807999888658523,14.314244773487852
29.15799970984459,24.731243688921513
32.04899976849556,35.36469677396946
36.17099902868271,43.97820593801864
45.601998529434205,49.87987466762607
48.22000052213669,52.80504467608867
57.365000288486485,50.67218555599611
48.0450017619133,39.76143544763867
35.05200108766556,25.403447776825164
17.70400016307831,12.212275797324992
6.379999842047692,4.389535698520408
0.0259999991953372,0.9637058789849577
0.0,0.5426411557572243
0.0,0.40034660696670965
0.0,0.3702505434784318
0.0,0.4402699215521445
0.0,0.5535196384484171
0.0,0.4397760340203214
0.0,0.41184256997409824
0.0,0.45140487710980537
0.0,0.647409490347171
0.0,1.0265101491332025
3.30900010496378,2.340609237575228
16.70899972975254,11.667410724461051
32.10800023078919,26.556964960173254
45.93300087928772,40.28256456268154
56.547998447418216,48.922592271991626
62.5120013833046,51.55285669862169
26.566999286413196,49.10539729500249
27.667000002861023,42.81831274261219
21.682999556064605,33.94447423246895
28.80699984908104,23.662333918223336
33.15199928998947,15.018179721037006
19.958000626564026,7.1454586375311475
6.329999902844429,2.3781262479604344
0.1150000013783574,0.6505339101111062
0.0,0.43117326437740544
0.0,0.36922357592094246
0.0,0.38464154023814356
0.0,0.4588037963320793
0.0,0.4871203727470539
0.0,0.36979885347669644
0.0,0.2971067513115189
0.0,0.2975402427094255
0.0,0.35588988796145327
0.0,0.4904330583157767
1.0860000453889371,1.1561041265312733
4.548000056743622,5.503461742673585
12.816000314354897,14.531472841276988
27.65199981570244,25.453828002029802
29.990999970436096,36.744048586177
31.5459995174408,46.06141578421547
44.91199813604355,51.77749979025858
48.527998340129855,54.157486778189636
35.17399904966354,51.53231566725306
43.14200069904327,39.55958419700706
34.05499905467033,24.347863727679496
18.383999747037887,11.56096506118016
7.1009998691082,4.225439095695271
0.1600000012200325,0.9692673471657525
0.0,0.5261996670908439
0.0,0.371478333444979
0.0,0.3294698092949219
0.0,0.3744589422714355
0.0,0.4740228830642076
0.0,0.372956091286711
0.0,0.3391420712740412
0.0,0.3682470542630941
0.0,0.5027669164095345
0.0,0.7846421702493638
4.381999765634537,1.97230790186129
17.17000027835369,10.650888349047277
30.65300056219101,25.206477767736864
41.257999374866486,39.65418416826339
47.63299881219864,49.98666706366262
48.22299932718277,54.60334934317966
58.4480002450943,54.613706857366715
46.4659994506836,50.55024538551895
30.90699934959412,42.374274155066196
29.676000148057938,30.099778324079473
37.88300039768219,19.318895045431415
20.05100055456161,9.412595473990244
6.074999802112579,3.0736800681278185
0.0939999977080151,0.6971606983529667
0.0,0.41726502415461875
0.0,0.34616406261281674
0.0,0.34874931705431145
0.0,0.39631559718261805
0.0,0.47448424855619864
0.0,0.42125862794071306
0.0,0.3946487264190068
0.0,0.41087747202162117
0.0,0.5232577336416284
0.0,0.7648426413052746
0.2839999961480498,1.5064040193623591
2.7270000834763053,6.815547717948491
10.43599971652031,17.322981531944574
21.735000067949297,29.046732585318257
32.15399902462959,37.73835813366694
50.925998957157134,40.64680272903727
49.67599842309952,39.30319622400845
37.45199816942215,34.04234411540008
30.01400039434433,25.278110861696394
27.2649999165535,14.992720530004217
14.37499997973442,8.117347273968887
6.914000240266323,3.7768579775734428
2.1909998828172683,1.4571853806873136
0.0320000002440065,0.4856747972109319
0.0,0.33684234552528725
0.0,0.29325816267726856
0.0,0.30584352286642097
0.0,0.39099714878833525
0.0,0.5334003785291116
0.0,0.46353423810842276
0.0,0.426128551324215
0.0,0.44177172842465323
0.0,0.5654371164217293
0.0,0.8302557656105449
0.7830000004544855,1.6154722959535415
5.079000109434128,7.090325777977018
13.26400022149086,17.814266136369838
30.374000778198244,29.14177120189689
44.20800194978714,37.33340085487445
35.71999928951264,40.74528222775515
36.41400082826615,41.23970309324906
43.03900201559067,38.62815371850908
46.82899863958359,31.59269652021429
34.46799818277359,19.810098676682248
14.236000230908394,10.747051541642401
5.47999990940094,4.77263333410914
1.1359999845921993,1.725418338936298
0.0,0.5105637705892646
0.0,0.3523875826360968
0.0,0.313940296748818
0.0,0.33476985434608997
0.0,0.4186526850942171
0.0,0.5174157815601481
0.0,0.396334770155738
0.0,0.34161254307238087
0.0,0.3678485898330398
0.0,0.4806747063279865
0.0,0.7352660704222799
1.7809999448806049,1.878846658071398
9.387000252604484,9.616320484063536
24.6490005505085,23.284268770126456
31.344999474287032,37.35637790078426
28.693000069856645,48.63402752240492
41.98500009298325,55.170769875196086
40.95300036191941,57.641284504955195
53.26799997091293,56.99319040175679
54.753998246192936,52.62987660738051
47.33400151729584,40.0987576856238
34.11600008964539,25.630817172051596
18.799999734163286,12.13122742873737
6.094999880492687,4.00307602161523
0.2579999969527125,0.751836698346803
0.0,0.42974901395492854
0.0,0.3547891860302038
0.0,0.349988201549954
0.0,0.40382014800537724
0.0,0.43415688795804586
0.0,0.35115868769401964
0.0,0.3262643893846991
0.0,0.36868008549054776
0.0,0.49372603396803527
0.0,0.7792136157901093
3.076999914646149,2.2553114091369495
14.040999851822852,12.432608147126977
29.368000276088715,29.017065967377558
43.16700169563293,44.86068315164588
53.0120006108284,55.76975820358138
57.98300060510636,60.75620383481932
53.70700038194656,61.74305014265511
46.61600132226944,59.83376983346637
56.72399954795838,54.219583674876915
46.40200166463852,40.02968549828418
32.555000878572464,24.58430011019533
18.74299984455109,11.371991117469234
5.382000090181828,3.6704315773913785
0.1830000079143792,0.6681737750430958
0.0,0.3939366037944432
0.0,0.33944476232025206
0.0,0.34105398601099873
0.0,0.3672088161888821
0.0,0.41544134013239076
0.0,0.35927763255402523
0.0,0.36526170150466997
0.0,0.4336200533895849
0.0,0.6231864415081457
0.0129999995976686,1.0679290900121627
3.0980000226199627,2.5361477568525737
9.645000185370446,12.210431545410884
21.015999586582183,28.005140938625864
41.513000502586365,44.11945799393178
46.59199855804444,54.461384303603076
49.92600017309189,58.02285296159597
58.46699952363968,56.99418368570409
58.54700189113617,49.450034570775934
48.60300132989884,35.346520150293955
16.83300031840801,18.917652977336214
4.747999813556671,9.3677964242443
2.662999986708164,4.070408922735661
0.1530000026710331,1.3498595694659297
0.0,0.370222047022505
0.0,0.26054121480242404
0.0,0.2554409077351503
0.0,0.29323909529109476
0.0,0.32179938881392656
0.0,0.4881584071607684
0.0,0.416585320695893
0.0,0.40926061005109665
0.0,0.4625077041497293
0.0,0.6494977334632646
0.0439999983296729,1.050793108221024
4.989999786317348,2.3402306498963026
14.541000270843506,11.088686333005544
30.888000071048737,25.70838186987309
36.44000005722046,40.08541960860677
44.5270008635521,49.105622319577684
45.64900171756744,51.61249421967122
44.27400030851364,49.18899527470278
44.71000191450119,41.23368526990344
25.63900057911873,30.040233125223345
25.98799986720085,18.059589618284033
13.404999516010284,10.254755060462967
5.9119998565316205,4.666347365542241
0.7129999828711152,1.5642751695051174
0.0,0.4625964345563054
0.0,0.32423439624221095
0.0,0.30077257056219836
0.0,0.330683103281806
0.0,0.39391596824683167
0.0,0.5829246191662364
0.0,0.4917409175973335
0.0,0.41566651797161497
0.0,0.3912770398933918
0.0,0.4476010581031101
0.0,0.5808956522774366
1.4349999753385785,1.0334219997642864
4.311999748051167,3.996406930839207
6.456000037193299,10.375737092744265
9.53400023818016,17.864936019920176
19.8210004234314,24.744253001419743
28.89299982666969,29.358525040216918
26.759999092817303,33.41245217643982
24.382000094652177,36.30413867582694
42.96899840354919,33.639531006958045
34.70400003194809,23.340920859816055
19.6130004298687,13.383116284361858
12.97300008237362,6.317674590263621
4.171999969631433,2.4811448982887825
0.0,0.753457212175241
0.0,0.4874701397429247
0.0,0.38525696930829595
0.0,0.35964586547548616
0.0,0.444987169392528
0.0,0.5227688106412901
0.0,0.3886109970325685
0.0,0.3188906364965029
0.0,0.3278085166885081
0.0,0.40269979188176985
0.0,0.5818782558889045
0.9559999852254988,1.5165811829649112
7.245999795496464,7.683127794306142
17.188000297546388,19.42393915512263
31.381999799013137,33.23384653558253
45.97099943637848,45.91404934400458
38.44300053834915,53.7420340364268
50.04099818468094,57.07779576148434
61.97300109386444,57.15107967178326
56.31200070619583,53.45391051891396
47.63400115251541,41.663607088784694
34.8759999871254,27.108517265175777
19.73700101852417,13.194179351775016
6.5390001827478414,4.48027969063836
0.4149999896250665,0.8684884495414857
0.0,0.4859290072319058
0.0,0.3755586776931599
0.0,0.3609365829997927
0.0,0.3994359387691505
0.0,0.43970114783611003
0.0,0.36161669898053894
0.0,0.3608683220183784
0.0,0.43712913220293953
0.0,0.6426653413763291
0.0320000002440065,1.1284844672807919
4.787999970316887,2.8143509136216456
15.563000219464302,13.67546668086107
28.646999222040176,30.18021765626059
42.25200054883957,46.08906555089233
51.43499887228012,56.18036863879804
56.19899915933609,60.20396511453498
60.59500087976456,60.23936649439168
58.815998811721805,55.856374828416456
50.24600142717362,45.84322304670284
41.87300088644028,28.52353663404795
20.245000647306444,14.961140883264106
7.495000232160091,6.323010381694222
1.4339999457448722,1.9977374744976992
0.0,0.4272922257816626
0.0,0.28248344897748484
0.0,0.2741332162542252
0.0,0.3059337948922598
0.0,0.3344560579249386
0.0,0.7133627288229104
0.0,0.6080824874660161
0.0,0.5081675921626615
0.0,0.46408688646054425
0.0,0.5315302555484905
0.0,0.6698495152852767
0.2220000067073851,1.0183474115301105
3.588999918550253,3.5463555897568093
5.004000200629235,8.806652966665956
17.489000219106675,14.3900536772016
26.467999694347384,18.404925881934204
33.00899942278862,19.669609060376338
9.829999755024913,21.112682578022028
26.070998985767364,23.04790542754164
21.95599967598915,21.784116475680527
22.96200017809868,16.568147202386942
18.25299920797348,10.645563721168966
13.067999556064606,5.397949528476494
2.261999929994345,2.2911378893963255
0.1009999962570145,0.8688641053617312
0.0,0.609151448001809
0.0,0.4815800903082709
0.0,0.44136386959097823
0.0,0.5864238169394081
0.0,0.5445288204941493
0.0,0.4788741804580327
0.0,0.4275395307314147
0.0,0.41367938064371557
0.0,0.48495452121476834
0.0,0.64758855054526
0.1020000017806887,1.1581241151308823
1.5630000405013562,4.491802202627628
6.003000238835812,11.534212383554602
19.372999489307404,19.945248359263978
19.27399989724159,27.25602623592451
27.75999993085861,30.835122806628238
31.32800076842308,32.66085236090671
31.76400032043457,32.43341933323288
39.486001365184784,27.33022043856933
30.852000032663344,17.44857708949868
16.850000051259993,9.749336684329274
7.023000128269196,4.666790215353173
0.9440000152215362,1.8398762007676221
0.0259999991953372,0.5974290903431357
0.0,0.4081896021948881
0.0,0.34411051544504395
0.0,0.3383051117053149
0.0,0.42250130904386607
0.0,0.6632322249232641
0.0,0.5623554756295338
0.0,0.4596554776682153
0.0,0.39568951048446105
0.0,0.42731444843619126
0.0,0.50327408004299
0.0259999991953372,0.7202022358070749
0.7389999820664526,2.3521974138745856
3.316000055372715,6.003893332315912
6.46999993801117,10.002427317037832
6.379999842047692,13.218787669998832
8.332999870479107,14.788935883070573
19.507999119758605,16.912315431454484
22.649000928401943,20.57765696919706
36.7040017080307,20.713231321548054
23.416000776290893,16.044354712891337
28.440999801158902,10.278247401070102
15.674000166654588,5.5393245923210275
7.412000086605549,2.6827356246804595
1.8020000528544189,1.1643267498021337
0.0,0.8054629684523691
0.0,0.5880043087237559
0.0,0.4793206692033996
0.0,0.5640199456136203
0.0,0.4677130088187287
0.0,0.3625350849281837
0.0,0.3310416999111091
0.0,0.3830779158903951
0.0,0.5487227005895919
0.0439999983296729,0.9136656456830676
4.643000043928623,2.6077224448146787
16.191000318527223,14.235180487670721
31.08300045013428,31.62237748395558
45.39699939489365,47.1615154586652
56.65400004386902,57.33263276225816
63.358001258373264,61.88663510335022
65.50500189304351,62.61050515757315
63.64200042009354,60.8893326520643
59.06100118398667,55.8675576125144
50.05499808549881,42.4413114855244
36.981999151706695,26.319465484475632
21.538999402523043,11.955876420507371
7.83200019210577,3.7597667891643853
0.7519999816641212,0.6809117253942586
0.0,0.4084204243934969
0.0,0.3491316904299721
0.0,0.34746435846732676
0.0,0.3817211815821075
0.0,0.4595376730552863
0.0,0.3525017861523459
0.0,0.3326768857792356
0.0,0.4012206181286089
0.0,0.5986901241551533
0.0380000012926757,1.0342421514338345
4.726999962329865,2.871597963817688
16.526999992132186,16.22900936553734
32.24899952530861,35.01106660667837
47.65300043106079,50.37559107406544
58.88400185108185,59.281430966792826
65.40699847936631,62.911999986272356
66.20300046920777,63.096858388262646
61.933001964092256,60.726719008914706
59.640998835563664,54.555456425158
45.4490019607544,39.43614592129441
34.08700000166893,22.907097476053664
19.172999732494358,9.98288039493135
5.739000128507614,3.066633569134117
0.3970000025257468,0.5630464508088583
0.0,0.34500793536963753
0.0,0.309058215313167
0.0,0.32022929136141226
0.0,0.3586583659513057
0.0,0.47639302003730666
0.0,0.3641007569264804
0.0,0.3325123243559551
0.0,0.38564795519300554
0.0,0.5470383040086525
0.0320000002440065,0.8961272018511302
4.613000183105469,2.532767664391541
16.13799952030182,14.06925190827496
31.08599925518036,31.567376983407236
43.300998985767365,47.24687618210939
54.44100105047226,57.301327833684645
63.884998111724855,61.7547528001207
66.56800023078918,62.47368541460028
65.08099961519241,60.60640778718186
59.796000084877015,55.31605653301806
50.713001639842986,41.679108168274
37.048001618385314,25.715444933874462
21.26400076389313,11.726166823629606
7.28599995225668,3.696418697669556
0.6170000302791595,0.6574939681264038
0.0,0.3922670848511667
0.0,0.3417518647248843
0.0,0.34565455284881474
0.0,0.38197050262021126
0.0,0.5238579646896661
0.0,0.43275282277344085
0.0,0.3879443417015649
0.0,0.3963088742881126
0.0,0.505083424290148
0.0,0.7390941205445244
2.190000109970569,1.5204485230799203
9.233999575972556,7.1713771297801525
15.780999995470047,18.030933438503972
20.543999996185303,30.24102481259998
40.618999207019804,39.578899633811055
44.831999876499175,43.00207665700898
48.15299982309342,42.20941915796195
40.51899932861328,37.13397010183419
34.906998593807224,28.489288397705124
21.800000194311146,18.363984223002795
11.80699998021126,10.836423408312855
10.395999559760094,5.234504807923552
5.73500001013279,1.9078231005801276
0.2820000011473894,0.5613388034552668
0.0,0.3686321139630335
0.0,0.3107551480643176
0.0,0.32259120050321
0.0,0.40436437319911933
0.0,0.4860584508841998
0.0,0.3733531723626591
0.0,0.3355415689092246
0.0,0.3757385948715324
0.0,0.4980335736265989
0.0,0.7984476726568083
2.3309999179840086,2.164547723672553
12.674999992847445,11.199341288706636
26.55399967193604,26.31313009767989
42.651001830101016,42.153633260596735
49.826000294685365,53.800720015715875
59.08799864530563,59.48938243413507
64.02899826526642,60.924683130201934
63.953001151084905,59.07083915422046
58.50300161600113,53.289687908909634
49.25299848556519,38.88479359907682
35.805001034736634,23.55651153159945
19.057999666929245,10.835422500870473
1.77799998447299,3.482710195135342
0.0,0.6171184983716619
0.0,0.3645603057715531
0.0,0.32141738900564165
0.0,0.33003102114664895
0.0,0.36245876259299875
0.0,0.5030278161351496
0.0,0.42968072214524694
0.0,0.42876347772756757
0.0,0.5020176908766472
0.0,0.71936648024565
0.0,1.173689410198682
1.8140000228583808,2.5667173535710344
6.729000157117844,12.301570802124658
28.38999957561493,27.779479235087962
42.12099795579911,43.00225725833278
52.93599938869477,51.97700827025158
59.603000278472905,53.71183737787534
59.802001802921296,49.7512021029338
24.537999576330183,37.80269082516447
11.116999586820604,23.838969602809566
7.192000251412392,13.127788863978589
4.137999990433455,7.27700239130132
0.8079999700561166,3.3940896976206143
0.0,1.1530458392062775
0.0,0.3933514738458441
0.0,0.2906227384356931
0.0,0.28128652782264035
0.0,0.3230834662492198
0.0,0.3877779007291563
0.0,0.6593757582108335
0.0,0.5973934518999889
0.0,0.5217058549152687
0.0,0.4616051497817731
0.0,0.5126526538198384
0.0,0.6280796181302172
0.0,0.9012149278289568
0.447000005915761,2.9117032257205473
1.7219999960809946,7.261560910111406
3.5829999977350235,12.077434932408124
11.006999925971032,15.247637336694703
13.749999712705613,15.375044980342462
18.625999206304552,15.336413831790296
22.063999791145324,15.444251403459797
15.839000171422958,13.185606857831097
14.035000187754632,9.412706656375638
10.546999663710594,5.813571990950488
5.750999970138073,3.201431620513242
0.6589999894797802,1.6016649423446077
0.0,0.7614327593174393
0.0,0.5918548433138673
0.0,0.49024304165444516
0.0,0.4470070163776703
0.0,0.5641380044526462
0.0,0.5898953916146235
0.0,0.5116020261301656
0.0,0.4435814848064135
0.0,0.41077770256398327
0.0,0.4724464940950604
0.0,0.6128483985296203
0.0449999998416751,1.0166361767186687
1.2919999797642232,3.768127749170333
3.315000025779009,9.651064717914869
9.398999580740927,16.363444037952245
26.434000228643416,21.716786609042966
50.23799913644791,23.831187192041963
45.70700189352036,24.962654825057513
37.11399997711182,25.3807911471957
27.26899900794029,22.07394839517646
31.20600075244904,15.333958872813398
23.450000241994857,9.292100274673729
13.767999731898309,4.736625637434494
4.380999992787838,2.0326306967935737
0.4340000063180924,0.7546856891552567
0.0,0.5185152865864774
0.0,0.41092760354888497
0.0,0.38288279501477684
0.0,0.4927834967106804
0.0,0.5186336505601989
0.0,0.3850812302817699
0.0,0.3392067232599837
0.0,0.38067674767434034
0.0,0.5295582684334552
0.0380000012926757,0.8642971954757631
4.371000210344792,2.471432744903612
15.650999742746354,13.025033090150737
30.570999675989157,29.18712114361116
45.43699852466583,44.76269395478253
56.43099986314774,55.74323605105124
63.002002019882205,61.04812534652062
65.49999840736389,62.326590781783224
64.28100058794021,61.03047354397047
59.26300151348114,56.602014729403294
50.81800089597702,44.354343741359806
37.97399975299835,28.955557424366127
22.92399956703186,13.79761103914903
8.913000089526177,4.379477723642142
1.0779999370127915,0.7452855704755661
0.0,0.4332707318179748
0.0,0.36236992552985514
0.0,0.3562317672753649
0.0,0.3937438217338675
0.0,0.5103928058940868
0.0,0.38176236678241504
0.0,0.3380858907961461
0.0,0.3822717864609094
0.0,0.5330314009138158
0.0320000002440065,0.8614013723033964
4.649999994337559,2.4584946959309804
15.690999899506568,13.009557186349939
30.367000827789308,29.322320078091167
44.25599926233292,44.96340267089759
55.94500037193298,55.898650682189704
62.95400059938431,61.12884436971828
65.94799934148789,62.370856027904
64.75099960565568,61.05651339118144
60.25600034713745,56.62305401174838
51.46099810123444,44.36371315673857
38.69600109338761,28.95763443892735
23.416000776290893,13.831040892349538
9.146000052690509,4.403695705013617
1.1120000445842744,0.7463088636067413
0.0,0.433775844814626
0.0,0.3637713825521091
0.0,0.35767574664011176
0.0,0.3941378400763316
0.0,0.511852570202782
0.0,0.39175666680476295
0.0,0.3560184206578303
0.0,0.4000070735134807
0.0,0.56222075681626
0.024999999689171,0.9261447100565775
4.274999936819077,2.314159694608342
15.23300020992756,11.53986383436076
29.809999492168423,26.366593375805326
44.19099913597107,41.6228405600017
54.8979983997345,52.48494325640885
48.68400192975998,57.55190089946657
46.89300053358078,58.3275446420029
53.346999998092656,55.204206392057756
55.5710000872612,47.417831838132805
37.72200153827667,32.88228630773815
34.07799947857857,19.595588653914614
19.118000415563586,8.941367679805152
3.361999876201153,2.79116189269541
0.2160000056587159,0.5597844418182872
0.0,0.3495574322654824
0.0,0.31508276029595333
0.0,0.3335706638408662
0.0,0.3759488162101426
0.0,0.7738212893945093
0.0,0.6985764367196069
0.0,0.6212681136779903
0.0,0.5874242101363667
0.0,0.7129283958778786
0.0,0.945912764406831
0.7620000208541751,1.3607135566814927
6.752999840378761,4.364288874540077
21.115999464988708,10.28674648838245
34.9419983458519,16.242587423819476
39.95899918794632,18.861628128555715
30.15100059747696,16.946446420173462
19.061000525951385,14.937133400874009
5.800999909341336,13.009748843317956
5.752000256478786,10.372895459138064
6.686000168323517,8.031120482066038
3.473000080138445,5.358542974198004
3.2660001161694527,2.9560806303246956
1.13999997459352,1.402159523205689
0.0510000008903443,0.6748316052108313
0.0,0.5502866482889155
0.0,0.4818596225804114
0.0,0.4892369028985458
0.0,0.694323034264878
0.0,0.4680889030155953
0.0,0.3737634688398264
0.0,0.35963062788447464
0.0,0.42300922910246846
0.0,0.6035941613579142
0.0,1.001714477408681
3.874999909698963,2.60428644020046
14.553999885320664,13.292813675547109
28.960000525712967,29.845467582217978
42.59499811887741,45.769984533797796
53.0810018825531,56.05719612944011
58.68900147199631,60.12061834192626
60.97499877452851,60.10163437768515
55.99800117015839,55.95668166416274
32.87399979233742,46.85987391263284
44.631001887321474,31.09381260586811
20.560000469684603,17.862894164840384
15.487000024318696,8.101947975361766
6.295000150799751,2.54345374201433
0.5080000139027834,0.5240992015726318
0.0,0.3316501563195507
0.0,0.30900280317907247
0.0,0.327358425439181
0.0,0.3595322309643095
0.0,0.5688930138624898
0.0,0.4455362425479514
0.0,0.3541561348772224
0.0,0.31837037602942686
0.0,0.35586364626075034
0.0,0.4449408085608708
0.112999998354353,0.820230627102121
2.028999966830016,3.3184495889158634
7.7769998481869695,8.77482478287397
12.408999823331833,15.428528575910413
16.434000064134597,22.325028650783107
31.614000502824783,27.757746086787172
43.54699959039688,32.15553478712446
41.93899924516678,35.683587162627674
34.174000265598295,33.639821824120666
29.411000264883043,25.0024646702278
28.626999657154084,15.86991708756355
14.559999549388886,8.387478725591519
9.38000030219555,3.5906371463444096
0.8519999884441495,1.1643667812275804
0.0,0.678315665581149
0.0,0.4528749242697988
0.0,0.37443012757423705
0.0,0.44772047002093934
0.0,0.5192153267236801
0.0,0.3771476984678097
0.0,0.30129219761787646
0.0,0.30590256370039887
0.0,0.3679661851891712
0.0,0.5116664270163657
2.24900005877018,1.31132812425536
9.50900026857853,6.41785692556877
20.378999991416933,16.691648152035725
31.09399949193001,29.600429407203265
42.32900000333786,42.75769642991375
49.744001462459565,52.1546376446661
62.73199865102768,56.64827867745899
61.52299958705903,57.711003764128144
58.04100078105927,54.78145189115087
50.79500047206879,43.47001173928158
37.69700054168701,28.32048612993874
22.89599976539612,14.104946743136608
9.190999587178233,4.983038234429849
1.1139999753981829,0.9948435902595332
0.0,0.5275958520952824
0.0,0.37442000114386503
0.0,0.3328519615464354
0.0,0.36858099682939316
0.0,0.5144659000783581
0.0,0.3900248378932003
0.0,0.33959696645296783
0.0,0.3741477141545876
0.0,0.5054768824916017
0.0,0.804538570903588
3.5369999201595785,2.0977625567764893
14.269000437259674,10.123540471046548
23.883000988960266,23.93501200170203
30.41999957203865,39.25910169517406
53.40000079631805,51.55867636714864
61.06299932479858,58.1134388784331
64.01199955940247,60.13489716436594
64.14800153017045,58.920884421842956
59.34500034570694,53.88307022727074
49.78999820232392,40.166038494367605
35.87200173377991,24.401297967317255
20.781000077724457,11.204366061713484
6.793999769985676,3.6365281970129577
0.8310000088438392,0.6423977504877769
0.0,0.3849839435066244
0.0,0.33052032039510976
0.0,0.33055534427834715
0.0,0.3645988517905753
0.0,0.6561966472133104
0.0,0.5246096482304831
0.0,0.42692698474057206
0.0,0.39433325521141394
0.0,0.44719875114788454
0.0,0.5622243917433052
0.8770000222325325,0.9429281212003652
10.632000381946565,3.5979684435477686
19.82399922847748,9.316895806276007
20.091999970674514,16.23070118717679
8.615,22.534629074389745
10.496999724507331,26.728403466373194
14.846999570131302,30.454489113216354
19.90100073695183,33.809947805660265
46.52500196695328,31.77390556254045
27.09299996137619,22.722752572789894
15.541000081896785,13.432558396832468
16.62299975216389,6.64316966560869
8.35700006723404,2.725381975553372
0.447000005915761,0.8664354073689633
0.0,0.5526687632015571
0.0,0.4183447418561968
0.0,0.37785265949446634
0.0,0.48114982150634944
0.0,0.6997157737262975
0.0,0.5612121108030123
0.0,0.44949784514781077
0.0,0.40645871936667766
0.0,0.46830204514242163
0.0,0.592666982065411
0.3820000079274178,0.9693154946107947
2.476999873965979,3.629478043618625
7.0930001458525656,9.237032060208804
10.086000142097474,15.545429028234294
22.428999552726747,20.787641833874005
28.342000209093094,23.58197167263803
25.2249991106987,25.90905786556939
29.199999412298205,28.323399709759865
31.754999797344208,26.82840226810781
29.88400014162064,20.388968167993543
29.43799978017807,13.077827743052143
12.461999594569209,6.689372956003467
4.790999802350998,2.8175651105367985
0.2149999921116978,0.9838390536295126
0.0,0.644636018805297
0.0,0.47576682322036584
0.0,0.4220804957964286
0.0,0.5521935923541711
0.0,0.7823237277860138
0.0,0.5487610292657209
0.0,0.38274146090448313
0.0,0.34802393626758155
0.0,0.3832259085654229
0.0,0.4691138048595743
0.3749999933317304,0.8807504747225267
2.2860001267492773,3.2803195535496963
7.516999856233597,8.480356417965039
14.046000256538392,14.852317686959303
22.82700054764748,22.377354202183803
26.670000023841855,30.29252223844631
22.331000247001647,39.119019079654734
43.93799858093262,47.328709103098745
57.67899982452393,48.98989180175724
48.41700147390366,41.21415921490681
36.349000701904295,28.606549316899113
22.9840003156662,14.920552115930995
9.539999902248384,5.868110217745417
0.9350000056251884,1.5289107966189588
0.0,0.8286723116839279
0.0,0.5338428551845014
0.0,0.4346546291506453
0.0,0.5384217002304551
0.0,0.5075569337756026
0.0,0.39333319855738325
0.0,0.35819756756322074
0.0,0.40576426600476484
0.0,0.5525478069468918
0.0129999995976686,0.8831940041465471
3.334000074565411,2.392917437237894
13.354000317454338,11.90442007124556
27.317000428438188,27.32025701613764
41.16000006914139,43.26524424080649
51.77800055027008,54.81371331155097
58.44899847745896,60.26858893960569
62.796998777389526,61.55550295484001
62.40300098180771,59.67416954365884
58.40399996995926,53.986305940356324
49.72199927091599,39.77479162283302
35.512999582290654,24.210469437253863
17.440000566244127,11.218180795386308
4.0329999640584,3.6567373027720795
0.5430000226944686,0.6385132624640597
0.0,0.3845016097712444
0.0,0.3432686981371047
0.0,0.3503462809604081
0.0,0.3808346642310357
0.0,0.4712495151693664
0.0,0.3684037244834722
0.0,0.3393789062190477
0.0,0.3759516280884807
0.0,0.49129361565572344
0.0129999995976686,0.7677979733800274
3.680000044107437,2.0195560680118314
5.621000230908394,10.056762816440525
25.78300073266029,24.10936915831679
40.02399931430817,40.210581355132305
51.83800129890442,52.723107044657574
59.05299889326096,58.87907475914611
60.26900201559067,60.40624949568316
59.22699942111969,58.36864333343027
56.29899903774262,52.00062787757855
48.5270001077652,36.75387667487028
32.63900028347969,21.262337421072843
12.465999712944033,9.63757336012003
3.406999924182892,3.159669395968974
0.28499999364838,0.5922830046212764
0.0,0.36330859638962637
0.0,0.3198607378876986
0.0,0.33028858422516394
0.0,0.3486172817924578
0.0,0.7785514318359937
0.0,0.7380180188588708
0.0,0.6623806445336534
0.0,0.575985473387233
0.0,0.6294026135295466
0.0,0.760001894405201
1.954999959245324,0.9525117118652
12.469999831318855,2.542375460927048
13.308999755978585,5.895475308684422
10.168000001311302,9.307904032828242
9.015999799966812,10.722324048105227
9.344999523162842,9.562032250796404
6.220000241994858,8.952665419058334
9.2760003054142,9.019710768117664
5.536000026166439,7.999250668189236
1.2370000209659338,6.245655753251075
0.2890000157430768,4.1487630936552256
0.1140000038780272,2.4292665581802604
0.0,1.3364871111678227
0.0,0.7577705403537326
0.0,0.6570618422145309
0.0,0.5950951306902946
0.0,0.558570959383884
0.0,0.7032544107193998
0.0,0.7060089280565315
0.0,0.5968759240997106
0.0,0.4904361570978714
0.0,0.4291488545764612
0.0,0.4773962985842229
0.0,0.5817700616097065
0.0,0.853031556431351
1.5540000309050084,2.821381364299204
7.278000229001045,7.103027622328883
14.046999515891075,11.741473456224545
21.09900075912476,15.257792473573648
28.33999963641167,16.766439535624837
32.07099990606308,18.517278183637192
35.0270000910759,21.302869020058278
18.47300058364868,21.04436724587717
23.38500011563301,16.3216623756788
24.67700035214424,10.476927974680086
15.5649997651577,5.528501249965463
6.333000248372555,2.567674982676784
0.8039999800547958,1.0694341473460345
0.0,0.7462174229919148
0.0,0.5635474471691425
0.0,0.48453190743449914
0.0,0.6076686091076552
0.0,0.5810194996835529
0.0,0.42662843233965125
0.0,0.3444901958213753
0.0,0.3576521599498165
0.0,0.4492161614650931
0.0,0.6416177646708385
3.4429999625682832,1.5831810827229185
13.881999511122704,7.608990969208142
21.48099922657013,19.057332401526537
39.82600013017655,32.00886836069978
47.876998844146726,44.10779281567644
41.661001801490784,52.66208841864097
58.86199965953827,56.9340342996956
62.47599929094315,58.08928834173953
59.69899901151657,55.618661214797214
52.09400065898895,45.16098806099758
35.213998179435734,30.366601632891673
24.16200077295304,15.083941481314778
9.908999782204628,5.199049382797368
1.5569999913126231,0.9967023614750068
0.0,0.5503652059519325
0.0,0.41075227621576615
0.0,0.37955142734296077
0.0,0.43382682929541716
0.0,0.46764440642530386
0.0,0.3707526523258757
0.0,0.3635343106213856
0.0,0.4292511983339528
0.0,0.6177463932920385
0.0,1.0294675434471445
1.6500000476837158,2.485666020013289
14.336000109314918,12.725368271030266
28.2119999563694,28.918115861110756
42.287000300884245,45.28206271400341
53.66399833917618,55.49214142208738
60.60000025749207,58.69487998470488
62.452000634670256,57.02091631215692
56.72199897527695,49.00143736538367
28.85499921560288,35.20645545650536
23.56799911260605,20.71889491000727
11.99100029051304,11.53258261497297
22.4330006980896,5.335401642637827
9.460999875068664,1.6725124043427766
0.8620000276342035,0.4238967596472515
0.0,0.2844872124597079
0.0,0.2694644466931877
0.0,0.29923129096172196
0.0,0.34006150553992626
0.0,0.581266888571371
0.0,0.4290372843190055
0.0,0.35031801119515527
0.0,0.3638377793969868
0.0,0.4525020074498778
0.0,0.6541027410304653
2.218999941200018,1.6768255449936473
11.999999786615373,8.371785501388871
25.0899994802475,20.685005559627474
33.54099976181984,34.306468022815
37.17999833583832,46.41264756814871
38.26699943780899,53.99574716775933
41.12599854946136,57.28519678125758
53.8810009098053,57.703981279851085
59.94400138378143,54.827324064330654
52.163001930713655,44.20476916330562
39.716001496315,30.272618199635843
24.706000440120697,15.314581276470095
10.399000418782236,5.225723545330297
1.5800000301003456,0.9877174367416552
0.0,0.5388706733211085
0.0,0.4132914325365132
0.0,0.3905413657993976
0.0,0.4455038677742394
0.0,0.4564779339308726
0.0,0.354737887568616
0.0,0.33045990478480475
0.0,0.3685277512969572
0.0,0.49148738408325676
0.0,0.7881209367811347
2.7839999730885028,2.2187096144605976
12.701000248789788,11.78542391022205
26.8240009868145,27.429378012670085
42.6910009598732,43.63168103296416
54.77600043773651,55.06351942753985
61.92000029563904,60.13051780112577
64.17200018644333,60.843615694730175
58.48599880218506,58.0776722468141
49.212999355793,50.956999869198064
37.03799875497818,36.29909874750898
28.654999458789828,22.37524011851639
20.944999796152118,10.767783101863124
12.611000152826309,3.408061839864428
1.9859999780356885,0.6326658758169633
0.0,0.37080303817801763
0.0,0.32208110695677394
0.0,0.3268902019281364
0.0,0.35086783373234665
0.0,0.5180500119014696
0.0,0.3847590202125152
0.0,0.33376035243652824
0.0,0.3646507206935276
0.0,0.4868101906569899
0.0,0.7451421609855127
2.837000001072884,2.1344746933700773
12.978999746441842,11.160666967931084
27.33699999332428,26.141557862999026
41.66699941158295,41.84575297389436
52.94000053405762,53.9325941413554
59.96399889469147,60.03727830284963
63.02300187110901,61.71373227883288
62.45700001239777,60.651992758879615
58.8689996099472,56.497495810219355
51.09299953460693,44.718326266926
38.76600059747696,29.700208326427152
23.679000086784363,14.739582794767468
10.026000420451163,4.835143507294042
1.5360000117123127,0.8400045289220046
0.0,0.4781658592670794
0.0,0.3846510466370556
0.0,0.36881075635138083
0.0,0.3981041628803343
0.0,0.4275001131866817
0.0,0.34045700511314286
0.0,0.3291196540684087
0.0,0.37859422303235113
0.0,0.5226601117445593
0.0,0.8798754255513075
2.658000095486641,2.398504664191344
12.457000216841696,12.369529465368391
26.14599992156029,28.41686540927356
40.32100014448166,44.830361969525235
51.96100160121918,56.007026620257776
58.682001521587374,60.61104053840345
60.80099824666977,60.80123409689886
60.470998237133024,57.281215753117294
53.683999958038335,48.77911106091954
29.74699993848801,32.58190754054209
21.233000103235245,18.544376807931336
19.328999214172363,8.505936827213272
10.56199985086918,2.661377590514191
1.2190000017732383,0.5272802044935387
0.0,0.32229195752477247
0.0,0.2890023782793506
0.0,0.30231006486653195
0.0,0.32494812532677797
0.0,0.5155036751898963
0.0,0.4187757397044536
0.0,0.3768411282526115
0.0,0.40396314491444263
0.0,0.5344327688237922
0.0,0.8373800738737087
1.99399995803833,1.8969510462525667
12.985999696850778,8.243264534913049
24.811999982595445,19.77365757692148
31.9259994661808,32.88865915502458
38.039998111724856,44.21805885856765
42.35299865961075,51.302084646814365
49.88699927568436,54.30369715510702
51.908000802993776,53.488231299639764
52.33100074052811,47.8270971933972
38.34000185489655,33.10098168935028
20.6989991915226,18.596279885829112
9.043999601602554,8.212637350098415
2.180000070780516,2.7515824602384695
0.1140000038780272,0.5619683647099334
0.0,0.3536319011910784
0.0,0.31326957133746525
0.0,0.3235094208113218
0.0,0.36882906463164145
0.0,0.5024987927296903
0.0,0.37503949380282514
0.0,0.3060086278085504
0.0,0.3006497480033737
0.0,0.35545896055202836
0.0,0.4875405729211295
0.5319999860040844,1.2078453376409997
7.471999808251858,5.911225316610391
15.790999777913092,15.432936619594901
25.423000348806383,27.43628298999311
40.42799997329712,39.81362301074493
51.01300127506256,48.26052383955026
41.06799837350845,52.03346023105045
46.844999113082885,52.33147861202143
56.29899903774262,48.157944280141024
46.81499873876572,36.63083155283866
38.86199933052063,24.25816319301301
24.65899930596352,12.72108623626567
10.578999583721162,4.65396411511385
1.4770000629127027,1.039707301231905
0.0,0.5434026147004911
0.0,0.37860676044711344
0.0,0.3364187230707079
0.0,0.3774187562755076
0.0,0.5295365228071226
0.0,0.38549868191177483
0.0,0.33132483606837654
0.0,0.3630757178074563
0.0,0.48010365035875086
0.0,0.7403605240024891
2.607999899536371,2.1229723322393843
12.673999706506727,11.014111178180098
27.05200054526329,25.753685251829353
42.01900161266327,41.49722111767281
53.75699826717377,53.78514659136673
61.74500153541565,60.12067789946433
65.46400042295456,61.938721651861364
65.40699847936631,61.0736571231958
61.08699798107148,57.256821474760905
53.058999691009525,45.93001651072138
40.569999554157256,31.086416982471185
25.12800009131432,15.597607439731433
10.633999927639962,5.101303592761203
1.6829999972879888,0.8639025858384587
0.0,0.4841930565339537
0.0,0.386361883453981
0.0,0.368138436748855
0.0,0.3988274434831704
0.0,0.5361707704650143
0.0,0.3887231847472576
0.0,0.3348506174697079
0.0,0.36917930572209984
0.0,0.49655825135352205
0.0,0.7806434358285208
2.678999946713448,2.2716622922856593
12.86099984884262,11.701541115782677
27.10599957585335,26.892557159060143
41.94000158548355,42.66584301167459
53.144999668598174,54.6348586043291
60.007000937461854,60.610737795587866
63.38100168228149,62.27466975824619
63.43700128555298,61.32630315146868
59.65699930906296,57.456640417421
51.83400015354157,46.15499750472609
39.7980003285408,31.504669481418635
25.02499935388565,15.851365820143398
10.643999710083008,5.147263594539512
1.7559999752789737,0.8503335056547453
0.0,0.4713719323732675
0.0,0.3826332708540516
0.0,0.3632387286497615
0.0,0.3985306132864028
0.0,0.524226225809512
0.0,0.3838427676369679
0.0,0.330590052182696
0.0,0.3561196833690887
0.0,0.4663133392180684
0.0,0.7157106851193475
2.579000068306923,2.1064687172686156
12.44399957537651,10.693515038762197
26.45899917125702,25.113197306265178
41.3030019903183,40.9000137058675
52.68699997901917,53.49924077191041
60.47499938249588,60.01501811035003
64.54199932575226,61.96134536631437
64.5410010933876,61.17965338539824
60.55800055503845,57.37820625440041
52.40700196266175,45.98823557340501
40.24699949502945,31.181039211495758
25.013000025749207,15.726548152871898
10.607999671697616,5.200633801004751
1.7660000144690275,0.8681034849205324
0.0,0.4790461525127387
0.0,0.3825019279226496
0.0,0.36200439188312156
0.0,0.3906562381939275
0.0,0.4847650868130788
0.0,0.36845125243849236
0.0,0.3193155920027048
0.0,0.3370976599790609
0.0,0.42801259281227544
0.0,0.6313966942920984
1.7710000340640546,1.8362650617395961
8.918000494241715,9.349154650888782
24.115999925136567,22.872084929961677
37.08300137042999,38.404842222946556
50.872998158931736,51.636715510958275
58.91200165271759,58.79103338909019
62.910998556613926,61.07504884654506
61.92200086832047,60.442138168761204
57.32799996376038,56.62464908341003
50.40400148153305,44.90050785990238
38.92299831151962,29.778910793928894
24.28499902129173,14.882494157407216
10.41399957895279,4.99018984999492
1.749000024870038,0.8931525319838205
0.0,0.49209387448176944
0.0,0.3825769540794228
0.0,0.3601650366136089
0.0,0.38136383399397417
0.0,0.4571042640332252
0.0,0.35232319255950834
0.0,0.3128060972835953
0.0,0.3458181059175601
0.0,0.46406529512973943
0.0,0.7292730471143778
2.159999992400408,2.2048046837808517
11.852999801039696,11.789442915052998
25.84299942731857,27.54530864330239
40.53099865674972,43.41420781740893
52.43599999666214,55.38512427447009
59.917998046875,61.209668379192465
61.92099852800369,62.57371683844375
60.277998430728914,61.637319219470974
56.17399816274643,57.903706941320394
48.78299946784973,46.06841797898394
37.49900135755539,30.388595763239795
20.877000864744183,14.929624270319382
8.547000041604042,4.913114925382728
2.1909998828172683,0.8529122176767894
0.0,0.47513795057607067
0.0,0.3840857297246906
0.0,0.3696132178828195
0.0,0.3949856518479986
0.0,0.7447368173283164
0.0,0.6186233427747349
0.0,0.5513790854249131
0.0,0.5525093736422938
0.0,0.7186557123423866
0.0,1.0097550513739233
0.6349999852851034,1.7281718746337125
11.27300009548664,6.459991374607286
22.86200029969216,15.512469865815847
30.98200028538704,24.8980165542849
44.69000029563904,31.281770589175842
33.42800026893616,33.209561127462266
33.97799960017204,33.18425136506717
40.56700074911117,31.664597380381615
29.652999724149705,27.24449135594672
28.99299970507622,19.569836889605543
25.28100076794624,12.211377024537283
14.513000469207764,5.85891464275177
2.2459999699890614,2.1143259222701007
0.0879999966593459,0.67872661143437
0.0,0.48687028231840307
0.0,0.42025395917821157
0.0,0.436213623355791
0.0,0.5755460051881057
0.0,0.763179804292063
0.0,0.6434785246419028
0.0,0.5346363670491406
0.0,0.4699877960820275
0.0,0.5349745195441507
0.0,0.6593329004939196
0.1289999984763562,0.9372670674221457
3.651999985724688,3.054973498908878
14.6160001796484,7.5652405036590284
19.33900002360344,12.470183461217552
25.18600026726723,15.7084020923192
17.777000526189806,16.16328664300181
19.765000820159912,16.760965159337633
19.845999366045,17.865399345724352
26.59699966073036,16.645899943918312
26.27700046062469,13.078540314076344
21.28099946975708,8.602156789171767
8.047000136077404,4.636826146810622
3.06500007301569,2.167820855010539
0.922999971434474,0.9292743650811763
0.0,0.6777179681074156
0.0,0.5314509896119277
0.0,0.47943967958271183
0.0,0.6345725682483024
0.0,0.4657351673962356
0.0,0.3461796368903178
0.0,0.30237020951225096
0.0,0.32170762693198207
0.0,0.40809972482015333
0.0,0.6049534063472326
0.8640000226348639,1.7364677043563814
9.484000298976898,9.290763719470041
24.719000054597856,22.794712117271867
39.17700120687485,38.55147187393644
51.1920011806488,51.67659025626834
58.9170010304451,58.39182499882867
63.35600068569183,60.13718106268479
62.62600116252899,58.64785980500896
58.527998504638674,53.53522545268791
49.86300061941147,41.19762380439432
41.764998717308046,27.566121756026966
25.197999595403672,14.230174463375475
10.270000452399254,4.751960823816557
1.4699999841302631,0.8919756729839574
0.0,0.48103524154057536
0.0,0.37201770734897543
0.0,0.34974117718626224
0.0,0.3672885724936501
0.0,0.6067328694400335
0.0,0.513215293223296
0.0,0.4841225275585005
0.0,0.5299723609211503
0.0,0.7055422448888637
0.0,1.0491762910198557
1.7679999452829362,2.067867541688208
10.785000031590462,8.821664137227147
22.654000306129458,21.332713431144832
34.3659997856617,33.83496448146352
46.67599796295166,42.38053317235262
20.511999049186706,45.43750108834717
14.417999968528749,45.30399895404117
18.83399919986725,42.711813828742876
43.85399917602539,36.63108030780229
48.652000982761386,24.530682093034123
19.578000677824026,14.367446205532675
20.46000059127808,6.45108855312718
4.289000094383956,2.169203790512379
0.1510000076703727,0.5671829637263393
0.0,0.3886944486781115
0.0,0.3628684667578242
0.0,0.3905482305537756
0.0,0.47570177831840216
0.0,0.48452166858156787
0.0,0.40077922877559113
0.0,0.36474443890767955
0.0,0.3741044804393835
0.0,0.46614266391289993
0.0,0.6858178175045013
0.2699999990500509,1.449541535885759
4.758999882340431,6.284920686277057
12.801000127196312,15.90811617635811
17.8219990336895,28.31159893923253
35.41000089883804,39.53736908755169
42.04799964666367,45.43244528876085
45.97300000905991,46.87119105847305
53.4490004491806,43.19888538901782
38.36600108385086,33.92228503069509
39.62499803304672,20.376787329109003
16.64600017607212,11.254881986702793
2.697999995499849,5.364087150892968
0.2110000021103769,1.920812109400909
0.0,0.5115891448167077
0.0,0.32955798658010843
0.0,0.28724401664057864
0.0,0.29621063965747735
0.0,0.3497533348176494
0.0,0.568204608035157
0.0,0.3981267723538042
0.0,0.29612850690530124
0.0,0.2814511537453393
0.0,0.3258894946711159
0.0,0.4263332070502451
0.0950000032316893,1.0606298215194998
3.3510000641644,4.786971853956067
6.7580002450943,12.840204165651622
14.685999683737757,23.61393753756562
34.524001893997195,36.36822148600592
46.19800076246262,46.82931374503445
56.6230014371872,52.979530787723334
56.14799893379212,55.96567256985657
62.389999313354494,54.54021337869811
53.7300008058548,44.694444566091605
41.95000034093857,30.191165164101648
25.3919996881485,15.61212973708693
10.99300002515316,5.860614456228812
1.9899999680370093,1.3103616813976688
0.0,0.6760914830232777
0.0,0.4370378465804669
0.0,0.36683478636266365
0.0,0.4092556664896403
0.0,0.5691151435373393
0.0,0.3997706254107883
0.0,0.3153619248251921
0.0,0.3186785226059969
0.0,0.3908214866671098
0.0,0.5545283549254044
1.359999938160181,1.4818326087160867
14.23699949026108,7.467602921863224
22.606000939607625,18.933654477722897
29.557000991106037,32.84039723346349
50.927999529838566,46.06642232505592
54.494001848697664,54.55141189160957
54.56499958515168,58.20286275560698
55.433999884128575,58.78898889097973
40.10299934148789,55.972657250087885
52.74700072765351,45.46165814724666
38.98499963283539,30.970095086059832
25.388000596761703,15.728932224219994
11.091999617218972,5.415024793951175
1.772999964877963,1.023400937659372
0.0,0.5466533866914693
0.0,0.3985342924556182
0.0,0.36333104955104795
0.0,0.4018275095352952
0.0,0.4772946781394074
0.0,0.36571270951671614
0.0,0.3296487667114824
0.0,0.3666994949253185
0.0,0.4887737957603137
0.0,0.7665579722511005
1.8150000524520875,2.1407196186714357
11.439000386595726,10.944847642457558
24.263999170064928,26.067905494719717
38.74399840593338,42.187392844406965
50.451000561714174,54.20984911592673
58.02000092983246,60.09307741802681
61.55599876642227,61.61884317963482
61.82099864959717,60.25852972371765
56.69100036859513,55.50207971852389
52.364998152256014,42.09559558474182
39.14700083255768,26.253817511692045
20.46899906039238,12.306066231909877
6.9870000898838045,3.9971204519313175
1.0890000057965517,0.6974184955714113
0.0,0.40778613646297457
0.0,0.34920304398763113
0.0,0.3478821695952462
0.0,0.37389696530781125
0.0,0.4849206071734192
0.0,0.3623690551331875
0.0,0.30674488056565863
0.0,0.3223067353042729
0.0,0.399367685376303
0.0,0.5763077454190807
1.5760000400990248,1.636199685348246
11.310000420212743,8.291328462680369
24.485000832080843,20.89207024864787
35.31999977588654,36.162743562807336
48.06799807786942,49.91803596065058
57.620999648571015,57.70176046865661
61.37899943351746,60.37624890020829
62.30800048112869,60.01516855388111
58.589001593589785,56.43633125726093
51.369998745918274,44.93957980838751
39.47799907445908,30.01601416185233
24.02099942445755,15.159814006224899
9.872000484466552,5.136252770605697
1.3529999877512455,0.9400259340724664
0.0,0.5068109817308166
0.0,0.3838036123901982
0.0,0.354380817981517
0.0,0.3748884449812985
0.0,0.4850120778361845
0.0,0.3670647571693432
0.0,0.31874575145532724
0.0,0.3420546903370654
0.0,0.43650470618274484
0.0,0.6577805292923736
1.3160000481456515,1.8749683648927546
9.684000055789948,9.810313248445778
22.5680003285408,24.048636598911322
36.47000043153763,40.12100487922375
47.50900027751923,53.12010512240041
55.31799953222275,59.63636706200432
58.26699976682663,61.33646879713902
56.93799920558929,60.278234118335796
51.45999986886978,55.91381388926176
42.0420020365715,43.10766709682998
24.251999841928484,27.27807286350872
14.236000230908394,13.093556532769897
6.752000067532062,4.324038860233059
0.0259999991953372,0.7833310674257676
0.0,0.44532393602017145
0.0,0.36029858482519067
0.0,0.3499744568463561
0.0,0.3757235463884055
0.0,0.6223935372272739
0.0,0.5374797302213097
0.0,0.46019360126372305
0.0,0.41826060751927996
0.0,0.46559716766808396
0.0,0.5839883585046504
0.2690000015497207,0.9193514864592252
5.4909999781847,3.222897578439907
10.05000010371208,8.219414434338951
7.669000246524811,14.4202757058438
12.51500039279461,19.591756888105206
19.49300098657608,21.349749393915104
22.95899931907654,22.122262307598017
36.12499818086624,21.490298984100708
22.85199949026108,17.362372635160735
16.761999500989916,11.43118095313404
10.8879997420311,6.889890537601983
6.679999990761281,3.7164262604955214
0.8420000134408474,1.6942053968506032
0.0,0.6838610637249193
0.0,0.48865907483032867
0.0,0.40271297709936227
0.0,0.38025562757736847
0.0,0.4977279620125703
0.0,0.7316102557704781
0.0,0.6521393824812506
0.0,0.5552961659175736
0.0,0.464543289791686
0.0,0.49316035715447826
0.0,0.5719943606212853
0.0449999998416751,0.7335860109484452
0.4149999896250665,2.0671903232210327
1.0079999836161733,5.042024805567769
5.988000051677227,8.237677889439711
11.402000061869622,10.176744570121883
6.872999797165394,10.143017835776533
6.77599975079298,10.66375384090776
9.04799971997738,12.06319984532482
8.449999995231629,11.621486929925638
13.53499976873398,9.280666720084858
9.684000055789948,6.327388151841607
6.094999880492687,3.7072697430037285
2.496999952346086,1.9788475835888795
0.1270000034756958,1.0298039853524654
0.0,0.8013729106126373
0.0,0.6520825406600353
0.0,0.5551653650912565
0.0,0.6545335518939621
0.0,0.43848480561435205
0.0,0.3360905415128838
0.0,0.2956805655653405
0.0,0.30104128771968425
0.0,0.36597674658514273
0.0,0.5259051382693095
0.3889999904297292,1.4289730211438325
6.04900005966425,7.2869870467758435
16.521999587416648,18.706442878890325
32.10200056672096,33.443246379584785
48.23400042295456,47.11101166013135
48.76400018930436,54.621676261652745
56.79700196504593,56.76430897186696
62.26100140094757,54.91738583146676
43.581001110076905,48.56637604516768
34.72299931049347,35.333845940184325
28.94400005221367,22.721551719869122
24.01000038266182,11.713245031729443
10.717000073194503,4.031994519852966
1.551999971717596,0.8439310178686111
0.0,0.45597097098953676
0.0,0.34535787602346374
0.0,0.3241171097178666
0.0,0.3410736823500572
0.0,0.4090133165753886
0.0,0.339800335021833
0.0,0.34579219559168284
0.0,0.41284102348044943
0.0,0.5935625205689682
0.0,1.0414374185954351
1.932000048831105,2.6030588880831345
10.26300050199032,12.150326532404414
24.471999163627626,27.75149339071163
38.76800117015839,44.31152879931991
50.50499959230423,55.341606430194894
58.95900073289872,59.66021283878611
62.615998299121856,59.57105959385661
62.17399908304215,54.40857175721061
58.10800148010254,43.01121918471935
39.82600013017655,25.11885027583604
12.17800043284893,12.967505227628727
0.1780000043660402,5.687106329346759
0.0760000025853514,1.8293681104713706
0.0,0.41255815412903024
0.0,0.2725045330329354
0.0,0.2640972009575474
0.0,0.2927735917035565
0.0,0.31320768293861734
0.0,0.6271991006370912
0.0,0.5592750372202498
0.0,0.5009655774178835
0.0,0.46689325086107186
0.0,0.5514887369724515
0.0,0.7234465099281565
0.6790000036731363,1.1355655992016036
11.449000169038772,3.812818996696983
21.162000312805176,9.519856867286977
24.300999494791032,15.959387830039002
31.18400061488152,20.5183964118657
16.98899980008602,21.0533625723337
15.230000377893449,20.649245322124003
24.17099924206734,19.960037307190934
18.648999630212785,16.91546583746451
14.144999848604202,11.930258764385878
15.25500034749508,7.585425102670446
5.020000160634518,4.03286856911214
1.5920000001043082,1.7558834344221086
0.0,0.7236053851450596
0.0,0.5334573226628656
0.0,0.4440564144703201
0.0,0.42931393986651206
0.0,0.5487595477938937
0.0,0.5050443169677525
0.0,0.3829175837285159
0.0,0.3083680676176417
0.0,0.2902662792441797
0.0,0.33336371744822785
0.0,0.4343764083944849
0.9500000002235176,0.9673458016640064
5.556000104546548,4.187337270632013
9.771999579071998,11.185644882033225
18.332999521493917,20.357919017021683
11.78300029695034,30.782434364632717
39.55499852895737,38.885908842194205
62.01000141859055,43.70711063927798
53.10900168418885,45.697481016759916
41.41500119686127,42.605110648718664
44.476998870372775,32.571549547439865
37.3740004825592,22.099767574032292
23.7590004003048,12.01694520013962
10.53200050354004,4.7537766778255195
1.1290000341832638,1.2593626416891162
0.0,0.6557260956408933
0.0,0.42767212994404946
0.0,0.3564336855169866
0.0,0.4056612604252334
0.0,0.5043926118832125
0.0,0.37772061902241433
0.0,0.3245643871844926
0.0,0.34685513557858555
0.0,0.44627601019755764
0.0,0.6641925462443258
1.23800005055964,1.8704636148077947
10.209000444412233,9.321717872270394
22.85600063562393,22.80134607596128
33.52200048327446,38.23389312784486
45.66199927806854,51.22901470234394
56.74799820423127,58.2380746713677
58.68700089931488,60.510173201368
62.95200002670288,59.80873770884306
59.50899801015854,55.94559152770243
52.05200095653534,44.31755771122756
40.42500116825104,29.629870721155392
24.62499984025955,14.875215751093107
10.32899988770485,4.9558814134563285
1.506000022515655,0.8837467945823808
0.0,0.4911391561845319
0.0,0.38829213276312957
0.0,0.36565741965579324
0.0,0.3930241020577555
0.0,0.5299331508787798
0.0,0.41895475960961664
0.0,0.3818441140901216
0.0,0.40618985321088674
0.0,0.5320075579793658
0.0,0.7880862563365971
1.108999955803156,1.8757842023980977
10.205000326037409,9.016852917794424
23.266000958681108,21.776985043871786
37.281000554561615,35.836419644492075
47.876998844146726,46.764385685245344
54.11699865102768,51.456835235644014
62.77500069379807,51.311320979678534
31.50199924230576,46.979472353883324
41.350001070499424,39.56523332453211
38.53600046634674,28.54737997684755
33.043000942468645,19.248570334776993
22.273000071048735,9.774421365094616
12.415999773740769,3.245773565103809
0.2969999957457185,0.7864466923568804
0.0,0.47552003810549726
0.0,0.3923290198240387
0.0,0.38672120595985343
0.0,0.44007863465772185
0.0,0.7750118279764355
0.0,0.7207969045227076
0.0,0.632560105664964
0.0,0.5301781889692723
0.0,0.5661870684062241
0.0,0.6583330757795544
0.0,0.8024603070985589
0.3690000083297491,2.071707580298624
3.511999950557948,4.8919752360533835
4.744000208675861,7.8056824171498675
4.398000239133835,9.188849092143572
8.641999515295028,8.393079313561023
6.896999993920327,8.197466008668103
5.2120001941919325,8.863815082182299
6.9820001986622815,8.443114832149522
7.464999857842923,6.928459736400794
8.663000393509865,4.876100253796943
3.610000026524067,2.9583862555534597
1.9700000180304047,1.6425737452948146
0.0749999970616772,0.9498613754930363
0.0,0.8050248323603678
0.0,0.704695727470983
0.0,0.6209542977474387
0.0,0.7202609461810611
0.0,0.7946398534757914
0.0,0.7282220698884843
0.0,0.6322248637304647
0.0,0.5176931447768485
0.0,0.5438766963416508
0.0,0.6235686481520964
0.0,0.7449839107164965
0.1520000051707029,1.862648330762716
1.3550000469386578,4.324660574183764
2.187000021189452,6.968675890116036
2.1819998732209207,8.31234878156201
2.763000121861696,7.639960907849809
3.22200009778142,7.551544711159373
2.0409999368339777,8.256364677840445
1.71900003567338,7.852968860480188
1.9870000076293943,6.47705427567997
1.4339999457448722,4.527699329856789
0.9359999710321426,2.7910488609013098
0.1199999969033524,1.6335526208730018
0.0,0.9681844572766385
0.0,0.826473914978383
0.0,0.7275558645756309
0.0,0.6393912279316137
0.0,0.7192473184721325
0.0,0.6553456686886541
0.0,0.5013052877770271
0.0,0.39539383570301806
0.0,0.34999004240248527
0.0,0.39373502360095214
0.0,0.4854808783624723
0.0,0.8303035962086368
1.5209999529272318,3.0307259797686648
12.627999885678292,7.791568566055513
17.68500088453293,13.627256221920526
13.458000314235688,19.52334059961756
42.40500122547149,23.038251794624482
40.56599840879441,25.3393480377234
27.83400058031082,27.705622193893653
12.136999989748002,26.531723922944828
23.30800066113472,21.62753943513403
28.28299974679947,15.62261554512573
25.09599914431572,8.928844930623296
10.41399957895279,4.04692880502017
1.4500000341236592,1.479984333110299
0.0,0.883419153288368
0.0,0.5845872831090585
0.0,0.48023578108951126
0.0,0.574480879979331
0.0,0.561439606243228
0.0,0.44586504500217533
0.0,0.3641534420806025
0.0,0.34544404981857557
0.0,0.4004410307482423
0.0,0.5301803875088182
0.0449999998416751,1.0537999472477761
4.13399987205863,4.154314533098961
11.984999599456788,10.935038341609847
14.869999994039537,19.712269311075733
19.868999789953232,28.939567966855492
24.278999357223512,36.046889875306945
31.056999167203905,41.3689842409553
40.18100113630295,44.35947915841014
39.38099800109863,41.75919246862198
39.414001288414,30.186343881158884
29.315999764204022,18.19042656641663
14.494000163674356,8.804678574570087
7.909000160098076,3.284674710361661
2.02200001642108,0.8578792661803678
0.0,0.5121146041877216
0.0,0.38899059132502567
0.0,0.35607828750338505
0.0,0.4185375134345876
0.0,0.5331132907946431
0.0,0.3820973593549375
0.0,0.30136476951053015
0.0,0.30220916649517193
0.0,0.36495307771218294
0.0,0.5055555160712296
0.8100000292435289,1.3253499080186033
9.88500009894371,6.082324386267106
22.96200017809868,15.696301033550796
31.96500036358833,28.411243639024306
41.676998167037965,42.12821037393815
53.16500128746033,52.04585964374903
61.78399832487106,56.90401207894064
63.73099920272827,58.17382463532589
60.209999499320986,55.68301265046529
52.626000998020174,45.31817216773166
40.53999917984009,30.995583995268674
23.769999442100527,16.064805089798046
9.76400036931038,5.698968406283283
1.3280000181496143,1.1323121486771615
0.0,0.5926113454181509
0.0,0.41427073557986394
0.0,0.3582501228978308
0.0,0.38596160443156313
0.0,0.703863944543817
0.0,0.6493995327484087
0.0,0.6191804519098595
0.0,0.6060069472390728
0.0,0.7545894328995554
0.0,1.038940249024707
0.3720000008307397,1.5683490787236962
7.871000062525272,4.695059336249103
17.003999987244608,10.852909769607907
33.39599932193756,17.445186874372485
25.781000159978863,20.78573355092739
7.136000134646893,18.885402225431292
22.805000410079955,16.283255444075706
15.046000067591669,13.845120741630677
4.067999972850084,10.75542570282307
7.141000025868416,7.597941685215446
2.91900011703372,5.0421622429250705
0.1329999965010211,2.803957059666377
0.0700000015366822,1.2837514293727303
0.0,0.6366009672610503
0.0,0.5303456765647281
0.0,0.48817900563806055
0.0,0.5175682275507639
0.0,0.6564654219690527
0.0,0.6771104778149281
0.0,0.5837646138459782
0.0,0.47385934449561323
0.0,0.4007022146493095
0.0,0.42110540066675844
0.0,0.48991812027395376
0.0,0.6677646858057489
0.0,1.95090447126531
0.6750000136718154,4.9679482888738695
1.0590000165998936,8.331769354020674
2.858000109046697,11.001760194055144
6.480000233948231,12.155749132194828
9.774000151753423,13.94027413858268
24.14999939084053,17.695438844489356
24.751999233961104,18.799272886935242
30.453999037742616,14.411329202894457
20.72400018811226,9.213979184200106
14.901999914050103,5.0183074742587275
8.045000076889991,2.499384007837374
0.4190000117197633,1.162096561778567
0.0,0.8285928015300196
0.0,0.6437252540731814
0.0,0.532951129831926
0.0,0.6080895330112657
0.0,0.481891157220394
0.0,0.3573863128181305
0.0,0.29313194536431764
0.0,0.29582242902723715
0.0,0.3508438491595606
0.0,0.480925420993028
0.0,1.3335951216943251
1.9540000580251216,6.557632276822713
9.197000278234482,17.51420259608484
32.37300011396408,31.542258010691633
36.500999038219454,45.45514684827199
45.07599990844727,54.276377389449735
57.23200123071671,57.775840041290934
62.76300136566162,58.10972006499307
55.44300040721893,54.87255121021059
48.10600074291229,43.370225815159365
30.51500007271767,28.911986253950847
15.581000238656998,14.954577675974969
9.795000002980233,5.357562311486657
1.2060000021755697,1.0614951310486274
0.0,0.5465937852658761
0.0,0.3897899047166005
0.0,0.34854162434227154
0.0,0.3741019574991338
0.0,0.46286707805435806
0.0,0.3556091102226564
0.0,0.2959236299255622
0.0,0.2888915473584085
0.0,0.33763375080253033
0.0,0.45726911592621816
0.1270000034756958,1.0773373069738692
5.37300008058548,4.699503915752245
10.226000177264211,12.580963644294986
17.117999766469,23.566385623490856
19.07199956774712,35.85396039210883
47.93699959278107,45.419476850002276
65.9930019569397,50.76732934059929
61.30499878406525,52.1950337057352
49.2660001540184,48.279456730005364
37.8380018901825,35.32164607300463
27.637999914884567,21.546560761075742
17.77600023984909,10.718945074010511
7.794999867379666,3.9595805786664906
0.505999986808747,0.9227100188709099
0.0,0.5021890549258963
0.0,0.35799959221673433
0.0,0.3160556665973411
0.0,0.34240524686683
0.0,0.46764183323914343
0.0,0.35112395355635834
0.0,0.2976076867406466
0.0,0.3103484614554037
0.0,0.3800054424972755
0.0,0.544115759150536
0.2059999985620379,1.5868817284871395
6.8859999251365664,8.125575995116899
17.747000151872637,20.846834801647237
28.382999625205997,36.30742030949111
49.76199840068817,50.102987901501535
58.41500106573105,57.85879751385613
60.70600185394287,60.46627211497505
63.69700179100037,60.066177538624885
54.14199964761734,56.48713299632693
52.84900117874145,44.844143352018044
40.62799973011017,29.80842099705866
23.85400090098381,15.013311628120558
10.072999500632289,5.1383885291063285
1.2150000117719173,0.9534917449103972
0.0,0.5080481386788799
0.0,0.38032637031708005
0.0,0.3488653709634083
0.0,0.3672914201675647
0.0,0.5003216937362462
0.0,0.3693926382050381
0.0,0.31544737000467044
0.0,0.3384622462518639
0.0,0.4379856950614633
0.0,0.6562118428901442
0.6400000048801303,1.9122933500308101
8.878000337481499,9.84536818205517
22.2129993224144,23.94752196149174
37.30900035619736,39.79803720493808
50.432999515533446,52.73645355702098
58.86100142717362,59.502781797773636
63.29399936437607,61.55559816796159
63.91699905872345,60.885929033328786
60.72300055980683,57.28363726873592
52.63100037574768,46.017523718002984
40.962000885009765,31.00188805897185
24.00300043225289,15.48215285552531
9.445000428557396,5.139729306445885
1.183999992981553,0.9049647419437263
0.0,0.49946145423073607
0.0,0.3889281550827201
0.0,0.3629417798528572
0.0,0.38938915060966295
0.0,0.52387756087908
0.0,0.375513277360111
0.0,0.3142107805304507
0.0,0.33540794054594597
0.0,0.43414957545603844
0.0,0.6476198026625241
0.6219999856874346,1.8818158828381817
8.857000486254693,9.702595410973757
22.59999922156334,23.547992646593322
38.57800016880036,39.333462201283986
51.906998462677,52.38830291078049
59.05000008821487,59.349607048516276
63.76599895477296,61.54403847437267
65.91500016212464,61.00311456406959
62.027998356819154,57.60412757418999
54.09700114011765,46.85290433095944
41.91399824857712,32.169717741214164
23.919999259710316,16.33420060117255
9.31999955356121,5.449894811176109
1.0539999970048666,0.9518650183363945
0.0,0.5217836762840408
0.0,0.4004195083327012
0.0,0.37074440882675447
0.0,0.3980398004878189
0.0,0.48444497877327647
0.0,0.3634127092209733
0.0,0.31110989288558255
0.0,0.3346696652397481
0.0,0.4268790107334255
0.0,0.6239440721502307
0.7530000112578273,1.8307158585698582
8.085000233650208,9.43901847707605
22.52600062608719,23.40583088535649
38.38099921703338,39.333143746750515
51.22299978733063,52.51669831816142
58.96400011062622,59.46524764194194
63.365999441146855,61.665801969292886
62.78099830389023,61.07404793893591
58.95799839258194,57.60137481202696
51.53999812841416,46.41478068309148
39.70999977827072,31.386977031570925
22.48300063729286,15.820959456520985
8.781000291109086,5.3136506710884674
0.8230000288411975,0.9345361127785206
0.0,0.5126443304933093
0.0,0.39774950767792044
0.0,0.3686786542009459
0.0,0.389647641331373
0.0,0.49466575147606523
0.0,0.3816076400785452
0.0,0.3387547989030613
0.0,0.37254256536836844
0.0,0.4855731877000413
0.0,0.7514647836398369
0.5210000135004521,2.0618936661022524
8.950999673604965,10.197115940374404
23.16300022125244,24.600245901960964
38.96199920892715,40.517698502385514
51.88099923372269,52.889239209238696
56.97200072526932,59.12938801987721
57.56400181293488,60.94641954168628
61.09299969911576,59.604027761238505
59.208998374938965,54.83381624170906
52.16800130844116,41.429593055348185
40.22899844884873,26.025919923851504
16.000000057816507,12.338281694760973
5.796999790966511,4.0638588746351125
0.6519999748840928,0.7149443104259616
0.0,0.41818761033110113
0.0,0.36003841548797727
0.0,0.3588535546676922
0.0,0.3885746294198962
0.0,0.4233652288548587
0.0,0.34538703306823987
0.0,0.3331949395472436
0.0,0.37807829361299583
0.0,0.5106884155763187
0.0,0.8330397864149658
0.1590000037197023,2.1673990842673434
7.710999948978424,10.520512374690012
20.894999856948854,25.19518540450679
35.693001828193665,41.915390012713594
48.513000206947325,53.97178448903174
47.08100096225738,59.00601399774915
60.80499939203263,59.499537706944864
60.621998341083525,55.39261645972589
56.57200121164322,45.66164663947003
25.847000572681427,28.518452883368646
17.51499944806099,15.549173195299826
15.28799952685833,7.111430514096415
6.399999920427799,2.32366102412582
0.1580000062193721,0.4881167923478833
0.0,0.30823149045804393
0.0,0.28533419618498346
0.0,0.30231268910321685
0.0,0.32272596614682436
0.0,0.6210618953121226
0.0,0.5580264369008195
0.0,0.4917587283646332
0.0,0.4358995493559048
0.0,0.4892965187704957
0.0,0.5992048761385074
0.0570000019390136,0.8599087496313582
5.692000021338463,2.6316080213141575
9.972999622225762,6.5938515205742165
16.414000499248505,11.19883462264167
15.3179999011755,14.470490988067796
23.48800085306168,14.634845247620468
25.303999137878417,14.457309588520994
19.2130009162426,14.70383485859588
9.63199954390526,12.986233271507748
9.41300050854683,9.528148867068472
19.44800042510033,6.345993280283098
9.13600027024746,3.669860933671802
3.5490000185370447,1.8530526214693337
0.1910000039637089,0.9064544654675992
0.0,0.6881784383503304
0.0,0.5599175171102495
0.0,0.4952664478375878
0.0,0.5705227430438102
0.0,0.55053034416895
0.0,0.492152981186983
0.0,0.4435497015261006
0.0,0.41496104426076674
0.0,0.4838126871745817
0.0,0.6316311324859454
0.1270000034756958,1.0410684276066438
8.38200003683567,3.7190031043527174
10.45300047636032,9.512076016930902
14.906000032424927,16.522652778256507
23.309999179840087,21.93716136182756
42.36399975538254,22.407099715576607
41.50899935722351,20.949258183998147
24.52000058412552,18.90106436496181
13.599999895095824,15.199188670637419
11.56400023460388,10.60455114998317
16.773999856114386,6.905052106486251
10.687999985218047,3.843695054375159
5.0000000822544095,1.7886096973667613
0.1739999983180314,0.7819526764417332
0.0,0.5654614798614473
0.0,0.4597218228675274
0.0,0.4330491659773008
0.0,0.5257432116694122
0.0,0.5768248262732513
0.0,0.4068049661257219
0.0,0.3049046938670646
0.0,0.29222872163501096
0.0,0.33168118806270613
0.0,0.42450127440671404
0.2139999946113676,0.9695396058880944
9.197000278234482,4.041777970432287
5.730999891757965,10.857655132965638
7.123000006675721,20.56150382281401
20.903000093698505,32.37070783626281
41.294001467227936,43.40200288000301
55.65999886989594,51.13856394536989
62.66199914693833,54.9903532523675
58.73199940681457,53.654290535404975
51.15900200128556,43.25505074904709
40.71100090265274,28.070225403723487
21.14299898028374,14.00604179511738
6.759999790787697,5.331032149060097
0.5580000172927976,1.243583228031126
0.0,0.654881380839847
0.0,0.43588221356278983
0.0,0.3634973814002165
0.0,0.4047477916048008
0.0,0.47459498843116593
0.0,0.3488543344736056
0.0,0.2886265983603693
0.0,0.3010754726022457
0.0,0.3661305533979971
0.0,0.5142491558852446
0.0449999998416751,1.4326072077698773
4.4620000791549685,7.181320638880973
12.50400032401085,19.03991096037679
31.135999194383626,34.30243636960341
48.23899980068207,48.508704679435915
59.1789980006218,56.75414911451788
63.84200017690659,59.70723405759884
64.1650002360344,59.354187004554056
60.979998152256016,55.543970482690206
43.95000201702118,43.22068983581573
33.63700054883957,27.575682093863072
19.724999636411667,13.556307425460464
6.831000094711781,4.691323691474355
0.3649999862350523,0.8856795268238205
0.0,0.4793195178744845
0.0,0.3620527866779611
0.0,0.33489955187536824
0.0,0.35725194822155565
0.0,0.5634918241070391
0.0,0.4417912262099089
0.0,0.35411078972594356
0.0,0.32896505819250865
0.0,0.3767977157114255
0.0,0.48770970809645703
0.0449999998416751,0.9472138235100225
1.3049999793618918,3.660826633582788
6.811999789178372,9.616541419479443
15.481000360250473,17.501398434869305
19.362000447511672,26.047607102725458
32.299999750852585,32.48771987940726
35.12400116443634,37.376437656752465
36.56700150489807,40.16468621207266
34.88900165557862,37.573682329507115
32.381000350713734,27.421269653720454
26.56799957275391,17.186503583084342
12.142999653816224,8.710587187271859
3.3219999761879446,3.42419750122691
0.2249999992083758,0.9890107021004009
0.0,0.5854459494136003
0.0,0.4268236918613038
0.0,0.3780858779161963
0.0,0.44431527494606105
0.0,0.5011589367482344
0.0,0.3721904133378135
0.0,0.3133822715706436
0.0,0.33022053583793437
0.0,0.4109424179351421
0.0,0.6006651701526785
0.2600000080000609,1.7114852003109073
7.477999985814095,8.586562422510895
18.390999697446823,21.57396157922389
30.02499943614006,36.96116193283813
48.45400179862976,50.33246490508809
59.38700004816055,57.72915637011431
62.477999863624575,60.23300478492666
62.43600016117096,59.742603784497526
59.54799890756608,56.089055719468874
49.57999969005585,44.4159867990799
33.205000088214874,29.66667230654481
20.053999359607698,14.852374535116068
7.222999885082245,5.019542659510266
0.4259999942220747,0.900367827175182
0.0,0.48852983807439543
0.0,0.3804576614706907
0.0,0.35615718423237974
0.0,0.38654165471843704
0.0,0.555083389511304
0.0,0.44174852125325936
0.0,0.38510818974695815
0.0,0.3871495420747184
0.0,0.48303480963763135
0.0,0.6785616133692263
0.2529999934043735,1.5054082419439467
7.712000235319138,6.675976425618867
20.98300040721893,16.854635798024784
35.03499827384949,28.54745736999336
40.000998890399934,38.87183704156129
22.7760003221035,44.66877868083278
43.333998165130616,46.63128906669467
57.283001456260685,45.72186308843472
44.01100099802017,41.0795368275211
37.60100180864334,30.830453715012133
36.89799974679947,20.94316125079817
19.326000409126284,10.83955347533261
7.898999864161015,3.8472003214199733
0.634000019878149,0.9591295444376573
0.0,0.5603137930370201
0.0,0.4328008034654335
0.0,0.40944981230137484
0.0,0.4705963516187828
0.0,0.3968914139312192
0.0,0.32190307406859836
0.0,0.30221803652894635
0.0,0.32093535623837366
0.0,0.4020690726682894
0.0,0.5923750590144269
0.0190000006463378,1.5925614307376916
4.918000223040581,8.419413845486158
19.94500101208687,21.707961602932944
36.45600053071976,38.04547580541564
49.78499882459641,51.05166387112899
59.09199979066849,56.78793741842141
63.93099895954132,57.31381865609675
64.00999898672104,52.92360104864045
40.22000203371048,43.35932214830431
36.093999574184416,28.434627818021713
30.55699977517128,16.75181573579012
13.53000039100647,8.17655174336584
3.6130001153051854,2.758499449954096
0.2339999927580356,0.6275429206707362
0.0,0.37255348826597573
0.0,0.31147254034321664
0.0,0.31377075393579323
0.0,0.32710189560831654
0.0,0.5035259711914883
0.0,0.3763601346200158
0.0,0.3157451840725384
0.0,0.3302243531975194
0.0,0.4118703430635715
0.0,0.5931479436069457
0.0510000008903443,1.6319737881726541
7.082000077068806,8.059040111581767
20.62600088238716,20.531786868041728
35.830002031326295,35.53837630468167
49.077001492977146,48.90215779582909
57.51899919748306,56.56000228401929
61.72299934387207,59.35985383019427
63.05400047779084,59.00671983000205
59.50799977779389,55.41454996587763
51.91599898576737,43.78433132318994
39.18400115728378,29.058302692298902
21.097000186443328,14.457974536481252
7.444999779462814,4.903740869733071
0.4529999909177423,0.9156640158955701
0.0,0.5080416300196093
0.0,0.392999010634927
0.0,0.36823853358669834
0.0,0.3971886791221848
0.0,0.4753532386845446
0.0,0.3825865897047559
0.0,0.34491389428743074
0.0,0.370915307612876
0.0,0.47394810365629314
0.0,0.7076314417185529
0.0,1.8290300760698286
5.676999834179878,8.678895455195889
20.217999078035355,21.805276782227185
33.263000264167786,36.991075609003545
48.92800196170807,49.483038024456235
58.99699928998948,56.07358087964684
57.077998213768005,58.16782374408389
60.50499975681305,56.79113319048865
48.43400017976761,51.66928081249204
47.67699908733368,37.58675554358621
37.86699992418289,22.62312425821222
18.337000666856767,10.549623197891913
4.0329999640584,3.5679793991437867
0.068999996013008,0.6920251311018565
0.0,0.41658947751677666
0.0,0.3573544233985078
0.0,0.3587467351713203
0.0,0.38883951592481164
0.0,0.45647556352897856
0.0,0.3495312805100475
0.0,0.3072193126902601
0.0,0.32625579096171803
0.0,0.41529725182797433
0.0,0.625077625698412
0.1009999962570145,1.7600609296396232
6.36300010919571,8.83019232580139
19.615001002550127,22.097254208279512
32.80400028824806,37.85438910351128
39.88499853849411,51.012818504802965
53.92599941730499,57.82865278221528
59.16100106239319,59.73885488232475
58.46800186395645,58.29657783800225
58.53499845504761,53.1305248355203
29.879998996257783,39.69926097400271
19.091000900268558,25.123882878763048
18.21400036454201,12.283240695745167
4.649999994337559,4.0860410025971685
0.8750000272318721,0.7713384587501005
0.0,0.4351760909020417
0.0,0.3522291708278755
0.0,0.34007408901756236
0.0,0.36237973348443714
0.0,0.5253636844094103
0.0,0.46421408271632686
0.0,0.4201805559973595
0.0,0.4086585734725259
0.0,0.4883367855573563
0.0,0.6649941669800145
0.0,1.1899580215411691
2.135000022798777,4.452180459540679
13.527999818325045,11.432318723103643
24.14199915409088,20.32506517656233
25.806999388933185,28.066383311069217
40.19300046443939,30.93667831493672
34.73499863862991,31.085379976688035
37.83699954986572,27.93297344340288
21.40800091743469,21.262219451509687
7.299000080227852,12.975122930468482
3.208999969810248,7.6111200985627665
1.566000000908971,3.934251900409274
0.1460000041220337,1.6021592730959753
0.0,0.5769808653653885
0.0,0.40658116132191535
0.0,0.34730984791150643
0.0,0.3491138446376333
0.0,0.4307919771648258
0.0,0.6050646040054217
0.0,0.5545695513542538
0.0,0.4889888833676491
0.0,0.44175869465052264
0.0,0.48377035876465835
0.0,0.5918096820329362
0.0,0.8556080168208242
0.1140000038780272,2.5426101537513284
1.7710000340640546,6.469803041527872
6.677999931573868,11.063944331520881
11.027999777197838,14.59025575077193
12.46299988090992,15.377038807414946
4.939000074267388,16.146876092120635
27.718000228405,17.50362194246993
26.829000364542008,16.16307430083057
9.545999566316604,11.281369925001842
14.56399966776371,7.2655011977569375
3.41599993377924,4.030632634243072
0.0,1.8579756515110424
0.0,0.8301177442394561
0.0,0.6192495434331384
0.0,0.5203626113115751
0.0,0.47482891902180924
0.0,0.5568595909851312
0.0,0.441348946094669
0.0,0.37000329813731414
0.0,0.3487347317401242
0.0,0.3802412968662585
0.0,0.495064141193475
0.0,0.7689165990629203
0.0129999995976686,1.8735093956747086
5.307000181376934,8.528574614862396
16.051999542713165,21.206428212926756
31.30600063085556,36.51339466905578
48.77399894475937,48.89218120610336
55.771998076438905,54.803011272604905
52.33399954557419,56.07175977454581
56.75600049495697,52.595332016808165
56.76399867773056,43.96952271353361
51.23800202846528,27.825523804209947
20.1800005209446,15.341385290189686
2.454999993145466,7.086592800873659
2.435999944359064,2.403751029636257
0.0629999989760108,0.5273540345181437
0.0,0.33555495946386993
0.0,0.3040747520181892
0.0,0.3181163984538658
0.0,0.343944522043703
0.0,0.5993542093605269
0.0,0.45434470585379005
0.0,0.37485229355416283
0.0,0.37847364932798344
0.0,0.4748267229960234
0.0,0.6755601247861974
0.1510000076703727,1.5595565062474015
6.033000099658966,6.7242228834220965
19.886000549793245,16.992767732848954
29.586999311447144,29.484228029004747
27.749999121427532,41.31989717958147
39.01799881219864,49.09782099902805
38.71399803161621,53.23219109082702
48.34800020217896,54.00027469582425
55.90000186443329,50.64450572898777
51.01500184774399,38.70285326220537
37.41300137996674,24.54438331068931
16.313000334501268,11.760124993995346
5.452000107765198,4.025362696940387
0.0629999989760108,0.8151189733846727
0.0,0.49413124818720705
0.0,0.40399632300677196
0.0,0.39804344233530703
0.0,0.45445702036086405
0.0,0.6668628709247333
0.0,0.5260448097094075
0.0,0.4333687613859462
0.0,0.4196705715268327
0.0,0.5065344535706303
0.0,0.6775992754027608
0.0380000012926757,1.276526615997031
5.924000211656094,4.895263321927998
19.64100023150444,12.470747555433379
35.075001511573795,21.35122763452385
45.44399847507477,29.55646748745322
22.53900024056435,34.71401634498181
34.38499906420708,38.31907094323514
31.86600077152252,40.61774114786631
31.36900018453598,38.85884916333485
32.68400084495544,29.658983772895994
28.80699984908104,19.66459450412842
12.851000066399576,9.797464357268867
4.525999919176102,3.5718858490355414
0.1319999990006908,0.9837409225577962
0.0,0.6228806620333414
0.0,0.4896167765505465
0.0,0.4670329387562018
0.0,0.5555287444612516
0.0,0.5003098415056887
0.0,0.36124122092814726
0.0,0.2835193119254823
0.0,0.2828093322199239
0.0,0.3331625415806301
0.0,0.4520879081668471
0.0,1.1796379117301585
2.75100002348423,5.426301489479078
8.027999830543996,14.58488713546566
16.234000307321548,27.3605324228766
33.550000284910205,41.42704763308083
52.00300130367279,51.370856058838044
59.6720015501976,56.1272657418673
63.04799875974656,57.15560510462732
58.29000019073487,54.25974533063798
43.38400015830994,42.93727259432282
37.32799963474274,28.206372546030114
18.73000023007393,14.208901343658457
3.4679999321699144,5.089209167249238
0.0510000008903443,1.062446642052591
0.0,0.564974007025833
0.0,0.39728299114861043
0.0,0.34896224800438924
0.0,0.37300234166012186
0.0,0.4303543760154772
0.0,0.37179737914356864
0.0,0.3445752465049878
0.0,0.3548500430692215
0.0,0.4373688937068668
0.0,0.6397087726505287
0.1009999962570145,1.376720059997422
4.34999984562397,5.921520747860581
12.263000124096871,15.571748005706304
28.83999902844429,28.193781651040926
40.40099840402603,39.52806790587812
45.24300048589706,45.00684659069266
41.34199877977371,45.74066018400087
40.269999918937685,42.05543743474243
38.21000160217285,33.35777935771025
23.63999918937683,19.567920066412505
15.31299949645996,10.495207170695632
4.864999938309193,4.964645993806163
0.4929999872110784,1.8289175859369704
0.0,0.5135883494860458
0.0,0.3354706086212643
0.0,0.29080824558499174
0.0,0.2975082103099315
0.0,0.3418436684283512
0.0,0.5904769852380672
0.0,0.5522299300853817
0.0,0.4941310911181793
0.0,0.43306500228817485
0.0,0.46462842426510637
0.0,0.5559518869965968
0.0,0.7562767443942986
0.0,2.113047190148322
0.1980000025127083,5.291891920073296
2.53500004991889,9.043528162206092
4.063000081628561,11.680205181350306
6.567999757230282,11.71791506690838
8.933999940752983,11.78648459991374
11.580999967455863,12.709979978724448
10.547999950051308,11.6687207185722
10.1290001308918,8.172028147127037
5.796000018119813,5.231285662260863
2.2459999699890614,3.009453942719238
0.166999999769032,1.5870264572521504
0.0,0.8401870825181009
0.0,0.6689838587899223
0.0,0.5849830336969865
0.0,0.5235514255456148
0.0,0.5716838257236251
0.0,0.5798768453480666
0.0,0.541512601509063
0.0,0.48521810699900186
0.0,0.4324571025389457
0.0,0.46812749447262875
0.0,0.5665843707733502
0.0,0.7910183313520389
0.0389999987930059,2.3153329289654847
1.5150000321120023,5.908461779708791
4.0790000416338446,10.063570863345802
5.101000247001648,12.906316652543936
8.468999787271024,13.064248428359912
9.403999985456467,13.19348281170905
10.71000012278557,14.031048639036149
10.052999935746191,12.745411996677788
6.01200024843216,8.834197591625173
5.93399999409914,5.659980211712668
2.979000095427036,3.234862874778065
0.6959999932721257,1.6623812968572667
0.0,0.8393024079968441
0.0,0.6470240440906772
0.0,0.5524212389822097
0.0,0.4934775695122693
0.0,0.5581759383263921
0.0,0.4166416641295102
0.0,0.3598582880627233
0.0,0.33299123154514865
0.0,0.34043108393149274
0.0,0.4142093236135349
0.0,0.593628811989887
0.0,1.3587999634172239
1.7790000140666962,6.165684599480331
6.627999992370605,16.333680450418694
21.278000664711,29.48510267792296
36.393000977039335,41.194532560871494
49.14900156974792,46.68149183376732
49.619998819828034,47.206281754392805
38.942999930381774,42.77674070273471
28.9549990940094,33.789229223260016
30.52400059580803,20.668183325976475
21.336999073028565,11.829601122487952
8.232000219225883,5.818510489775574
2.8810000194609167,2.1425977139802317
0.0449999998416751,0.6030576171916121
0.0,0.3804548125940397
0.0,0.31997164457457217
0.0,0.3193381810219918
0.0,0.3567978664988078
0.0,0.43562846960978174
0.0,0.34891412055287085
0.0,0.3165748334685306
0.0,0.34121027595836756
0.0,0.4333873273379003
0.0,0.6501385883892813
0.0,1.7218345874009482
2.520000119507313,8.455398582169737
10.879999505281448,21.687300461475903
33.320000153779986,37.76109070520325
47.68800018310547,50.898012320853866
58.390998301506045,57.57120489060343
60.15300166368485,59.379243974748974
57.6769992518425,57.471470426142126
53.98600016593933,51.267055860619756
47.53299893379212,35.585114322755366
34.91199797153473,19.995817839632632
16.463000152111054,9.042485020035013
3.388999904990196,3.0668904714438505
0.0,0.6083050175787725
0.0,0.3703640616268519
0.0,0.31715498589566543
0.0,0.3220074323333516
0.0,0.3413768880938233
0.0,0.4741890769567622
0.0,0.3605051395442127
0.0,0.30961950011781697
0.0,0.3277865972990499
0.0,0.41483814614411574
0.0,0.6114962050366378
0.0129999995976686,1.701631928817552
3.5230000193417075,8.595169790080538
15.955999782681465,21.809718348009774
35.94200123786926,37.26637578419416
49.23800035238266,50.293387441487084
59.34200154066086,57.37357349938536
54.58199829101563,59.6555837158236
53.31999842882156,58.787586738559654
54.18599992275238,54.589403349750825
48.71200173139572,42.04509521106553
35.342001967430114,27.040394714339214
18.385000033378603,13.052575331469793
5.640000022947788,4.383332489818379
0.0749999970616772,0.8327498887666962
0.0,0.4710083273944246
0.0,0.37365457564360227
0.0,0.35777260061930877
0.0,0.3863626478072804
0.0,0.5097963653094374
0.0,0.3745886469138783
0.0,0.3069094195315895
0.0,0.3163358383614376
0.0,0.3944555116443216
0.0,0.5694485910758232
0.0,1.5297337755139593
6.392000197172165,7.441488417676968
17.070000399947165,19.155033933074453
20.984000693559647,33.64878700359344
46.56599932909012,46.98601758646418
55.31099958181381,54.90043628105707
56.31000013351441,57.96130607058211
59.39699880361557,57.76115311693127
57.58500166416168,54.10616911337743
49.25400082588196,42.24553338616257
35.938998324871065,27.519421815681287
18.648999630212785,13.387795849643169
5.402000168561935,4.553062148252742
0.0439999983296729,0.885980031325531
0.0,0.4988107972090612
0.0,0.38297251076794386
0.0,0.3586298246483325
0.0,0.39162308606346874
0.0,0.4678528848181567
0.0,0.3591948058152827
0.0,0.3122062579484696
0.0,0.33632033049509363
0.0,0.43150806498726446
0.0,0.6407177227472204
0.0,1.8076934337388235
5.581000074148179,9.21287048592995
19.236999572515487,23.112247867855512
34.725998115539554,38.96489302262519
49.1599985575676,51.83086701387906
55.33199943304062,58.569134988195785
58.42000044345856,60.65669398173091
62.807999873161314,59.66805766058271
58.60100092172623,55.43023861544005
49.82699852705002,42.75502261351427
35.331000871658325,27.360124083529957
18.31299995660782,13.085190412714606
5.26600025177002,4.357459616826779
0.0380000012926757,0.804976806137902
0.0,0.4614139082651462
0.0,0.37430083970799355
0.0,0.361137797057873
0.0,0.38694870180294594
0.0,0.514213024079998
0.0,0.40090969098449375
0.0,0.3475021979599099
0.0,0.35898178680737264
0.0,0.4560832356947985
0.0,0.6677174612873803
0.0,1.6328866618372628
5.427999911010265,7.769294394273452
17.915001015663147,19.645282920484615
32.2479992389679,33.370552284053595
38.538999271392825,44.98479980440707
43.74999815225601,51.39892384692849
47.37400064706802,53.5589014314004
50.11999821186066,52.241066890037395
46.30599882364273,47.1437069114323
47.48300104856492,34.71185091908758
27.84399933576584,22.21702547359799
13.993000485301016,10.781067429643967
3.4010000033676624,3.671557810442052
0.0,0.8120722432446086
0.0,0.48011158175156304
0.0,0.39008652922023546
0.0,0.3833814004064802
0.0,0.4300556657891931
0.0,0.6003522696765354
0.0,0.4547386808844024
0.0,0.36748275491632454
0.0,0.37252528564182014
0.0,0.44874122547109613
0.0,0.6174093952480971
0.0,1.4112241018911473
2.5620000787079333,6.135782874964474
14.59400004208088,16.02253403796368
27.9669996380806,27.99907468315874
41.51199816226959,39.47113544735368
26.76199966549873,47.14034088220839
34.29499999523163,51.585897481408594
38.86800104856491,52.94889440864028
43.40400177717209,50.37003193865815
48.07499802827835,39.09416064117415
34.15900007843971,25.6625350713923
15.534000131487849,12.511125943654523
4.206999978423119,4.333045387162459
0.0,0.9148213114654009
0.0,0.5415567850153753
0.0,0.43924886274455155
0.0,0.428259488832687
0.0,0.48669987812521615
0.0,0.4542351615113759
0.0,0.35880983613085965
0.0,0.3203675001135147
0.0,0.3468830873672964
0.0,0.4421123651261857
0.0,0.6600236759654828
0.0190000006463378,1.7936059772937976
4.961999984681606,8.941259740602671
13.907999767065048,22.591966547192435
34.10799985289574,38.5732451344651
47.232999298572544,51.36981153461203
53.67600177526474,57.84276729035137
61.664000935554505,59.682339791503075
58.33899984359741,57.9753703144705
55.97200194120407,52.41980974587208
47.95000126123429,37.97742133560214
34.5789991569519,22.783519601982047
14.72300000846386,10.590793817475033
5.954999845325947,3.5627295985345118
0.0,0.6829790651075944
0.0,0.40585588500025394
0.0,0.34517681815316825
0.0,0.3454128443712115
0.0,0.36951379825886554
0.0,0.472975103909807
0.0,0.3572137094215292
0.0,0.29873094016298074
0.0,0.30664043464849733
0.0,0.37555274352929674
0.0,0.5314201585175937
0.0,1.4367683922524412
1.4330000445246698,6.966556473893027
16.945999811291696,18.37418273739311
22.13599986791611,33.05031319194183
40.72000142574311,46.82594141088014
52.308998548984526,54.97980189664456
54.70699916601181,58.06137318632528
47.70999826669693,57.68829137126281
56.79100024700165,53.560181546755544
49.551999888420106,40.681264050693436
27.232000737190248,25.373979175728525
15.707999632358552,12.14780329452457
2.8689999210834505,4.189735587126441
0.0,0.83484190633892
0.0,0.47494342083260477
0.0,0.36598714327889637
0.0,0.34623150638038896
0.0,0.36981729454252615
0.0,0.47978137565498225
0.0,0.36743115321986314
0.0,0.31683965575630757
0.0,0.3374990235222926
0.0,0.43186522011144235
0.0,0.6405612786868411
0.0,1.753254893867811
4.412000139951706,8.829924765434608
17.60799937605858,22.29539560031515
33.66099920511246,37.817835679984825
45.35499969244003,50.58229545196203
55.278000402450566,57.3168044345144
41.68000108003616,59.40110247361985
47.70499888896942,58.304461628614696
55.289999730587006,53.81025408067745
45.88700003147125,40.82338008094836
33.023999609947204,25.631504091732452
16.81299972653389,12.090484762675588
4.387000170350075,4.0467867742898695
0.0,0.7789456038258288
0.0,0.4532257280781578
0.0,0.3697342571976022
0.0,0.36169546555753634
0.0,0.3939060783291079
0.0,0.42470558898822636
0.0,0.33707272582788783
0.0,0.2978784698395141
0.0,0.32043677361521283
0.0,0.40516402495176357
0.0,0.5967439004404703
0.0,1.6727006370755249
4.864000165462494,8.600006190234811
18.195999318361284,22.285150869939134
34.59799843549728,38.144172336618084
48.50899906158448,51.09979505662749
52.81700023174286,57.840728301285104
58.27300148487091,59.79150391446019
56.570998871326445,58.59436062628482
56.07799942970276,53.86784297503651
50.1350004529953,40.0582691925339
34.26599990725517,24.42544422925691
17.166000159978868,11.389789585942546
4.090999883264304,3.838523332096829
0.0,0.7496419384070715
0.0,0.4331294545088831
0.0,0.3521501612366985
0.0,0.34169583562108785
0.0,0.3623029124568151
0.0,0.40309197132739544
0.0,0.33946493121168364
0.0,0.32459596761367593
0.0,0.3634395608998069
0.0,0.4743148784810259
0.0,0.7324173492315196
0.0,1.8606506334873274
4.177000117599964,9.19980886263941
14.864000329971311,23.478659437152864
32.21999943733216,39.76154612306946
47.36299955129624,51.75487652933519
55.5789982700348,57.068461991739596
59.1980013871193,57.79652082405713
58.84399861335755,54.21667886884228
53.41900007486343,45.84167040644292
28.695000642538076,28.90439836929969
22.4330006980896,15.306330755721635
5.461000117361546,6.811949179131284
1.0829999566078186,2.329493479784579
0.0,0.5133403276337438
0.0,0.32696421749271853
0.0,0.2984816451978199
0.0,0.3151339975686989
0.0,0.3374217457881801
0.0,0.546994939752775
0.0,0.5068076979525333
0.0,0.4572959906366374
0.0,0.42068524291765336
0.0,0.4712634765880381
0.0,0.5863126073181832
0.0,0.8786452092810954
0.280000006146729,2.717811692846855
6.9800001394748685,6.995221497756069
7.939999793767929,12.140106590265445
17.556000918149948,16.071154781818322
10.944000372290612,16.70442098716085
16.93899986088276,16.76250461738082
21.588999341726304,17.476662463778556
11.14100029706955,15.652717347183165
23.55200069308281,10.496276711629722
11.855999633073807,6.5496856425116174
4.363999746441841,3.5465086487979756
0.8180000092461706,1.6704290411563023
0.0,0.7765855443666474
0.0,0.5882449453708506
0.0,0.5018398221432191
0.0,0.4590535846217866
0.0,0.5158047349080009
0.0,0.42361286704759
0.0,0.34453517212596235
0.0,0.3044951434444788
0.0,0.32602709723291073
0.0,0.40270853903636167
0.0,0.5822796073342855
0.0,1.5699454129627555
3.851999999284745,7.693382177565569
16.73399969935417,20.348219609743893
32.45699951887131,35.44098407779498
40.80400083065033,48.51525960890287
43.388999536037446,55.72719336294981
58.72499945640564,58.146680085121545
58.471000669002535,57.15082374938167
55.10600044727325,52.351978140255284
46.12899949073792,38.04905593092092
30.829999895095828,22.78264696126362
15.33700020670891,10.686763516175887
2.962000105828047,3.6756154309552773
0.0,0.7338248019720076
0.0,0.4223228071925055
0.0,0.3482901903093103
0.0,0.33827326909534566
0.0,0.3618373626400867
0.0,0.49734008740146723
0.0,0.3772521873043954
0.0,0.313940801590825
0.0,0.32137706171172603
0.0,0.3945821196173859
0.0,0.559795034734397
0.0,1.4536571085752439
3.8509999696910384,7.042966375104037
15.000999506115914,18.6195760759465
29.26499953866005,32.76462754750046
45.0299990606308,45.619809554124714
48.19999890327454,53.18280603119582
60.05300178527832,56.04551106823297
62.87599880456924,55.868811114492786
60.43099910736084,51.972156216290614
50.89299977779388,39.07873497841609
34.73400040626526,24.309284043732042
17.30099979043007,11.471723922004434
3.620000065714121,3.982874027106193
0.0,0.827979357465218
0.0,0.4812236561814296
0.0,0.3825378624409663
0.0,0.36974162800604465
0.0,0.4073101334810154
0.0,0.42686106902208176
0.0,0.34746216787036677
0.0,0.3132522437231337
0.0,0.33045250683794947
0.0,0.41800594234526767
0.0,0.6004833331360057
0.0,1.5849456405377897
3.735999904125929,8.104715136530453
17.690000262260437,21.25024408188513
33.624000934362414,36.239193641140304
48.87599939584732,48.39404223109245
54.56299901247025,54.587051696182805
53.34799823045731,55.98963368478354
44.1929997086525,54.14259025101827
47.33099860429764,48.77257488334006
41.73499834299088,35.02329400673592
32.72600054740906,21.13564597315381
16.754000291228294,9.849854996045432
2.3409999571740627,3.407427340818132
0.0,0.7735170299634468
0.0,0.4584400558853917
0.0,0.36763097009859186
0.0,0.3565538223492995
0.0,0.3841870435196567
0.0,0.44189287005574435
0.0,0.3504636108321265
0.0,0.308858858280438
0.0,0.3323395914057963
0.0,0.4250379169243205
0.0,0.6276795070238854
0.0,1.6979541038974444
3.1600000602006912,8.636989470093367
17.26000037431717,22.381868284188702
32.93599905967712,37.922136057802206
42.3039990067482,50.35595741563513
48.45299945831299,56.87702955023155
54.64699841737748,58.824587292138474
59.570999331474304,57.55107339315578
55.89400014638901,52.67823118162761
47.56200107574463,38.55352686423135
31.63500035405159,22.947569415402597
15.599000257849694,10.477208366182092
3.1889998914301394,3.5638763956172412
0.0,0.7143186673050452
0.0,0.4224680821937839
0.0,0.3525251559601633
0.0,0.3500782285165538
0.0,0.3796522429059258
0.0,0.44214873675425376
0.0,0.3473848554877631
0.0,0.3069854351813008
0.0,0.33139994472291334
0.0,0.4242109106176553
0.0,0.6319272801954587
0.0,1.7342408183944902
2.4390000331401827,8.852027746939529
17.02899995684624,22.632898560729934
31.767999411821368,38.49930412829841
46.60500022649765,51.15903005612387
52.30399917125702,57.6629240549651
53.64200025558472,59.55245798667643
55.1839981341362,58.07769110636829
52.645998508930205,52.96708165461643
43.66700108766556,38.928690591559864
29.999000207185745,23.471561976267676
14.43799953341484,10.830002492654968
2.728000113070012,3.639531771568178
0.0,0.7117559511180642
0.0,0.417756410744204
0.0,0.3470606881404302
0.0,0.34419292157671594
0.0,0.3705635929279287
0.0,0.3698562790017735
0.0,0.3219204689107367
0.0,0.3238464225848897
0.0,0.3731089173955034
0.0,0.5012635042682295
0.0,0.8060866947738135
0.0,2.0126335949309233
3.562999919354916,10.212846930020351
15.678000285029412,25.59026573776314
30.967000098228457,42.45895835173784
44.80100126981736,53.76877122479116
52.54599863052368,58.022257029326084
55.49299829244614,57.48713480418505
52.74599838733673,51.432361915215225
44.60600089073181,39.51853945338918
35.05999927043915,22.02694272586846
21.46199994802475,10.86306024088926
11.525999623537064,4.7688486915741075
0.94299998562783,1.6330593391449764
0.0,0.4168238124271722
0.0,0.2754160933683898
0.0,0.2581079209150882
0.0,0.2820311469318455
0.0,0.3056493391706758
0.0,0.358043793957109
0.0,0.31492462401796195
0.0,0.3080612616767642
0.0,0.3425660770510102
0.0,0.4349866713454121
0.0,0.6728422221140676
0.0,1.6880047360411958
1.6320000284910203,8.258138267486304
11.650000212192536,21.774757596141857
22.910999952554704,38.123365455158584
41.45200152158737,50.71517114769549
51.513000667095184,56.13865219317423
55.44700155258179,56.361849147283024
50.12300112485886,51.80703140251411
35.068999793529514,41.65105544861326
19.76699933886528,23.615183764591873
8.687000076770783,11.439089749966366
4.20100005760789,5.0559653933919035
0.2100000046100467,1.816744806716592
0.0,0.4504571665725684
0.0,0.2910052513331166
0.0,0.2657533438892426
0.0,0.2833088963686176
0.0,0.3011352050652641
0.0,0.3697023706055777
0.0,0.33024293780385877
0.0,0.3237661902615555
0.0,0.3604871059926076
0.0,0.4565438860654678
0.0,0.6858491006566622
0.0,1.5987500205713343
1.5079999533295632,7.624095357413797
11.289999828338622,20.24917386984126
25.60599934577942,35.72892521395318
34.34499993443489,47.73038835512671
48.57800033330918,52.658615443145344
51.66499900341034,52.45718081092012
42.76199869632721,46.52722263252699
44.43200036287308,35.190828274332226
28.07999913096428,19.113757870309154
10.62800026357174,9.65366291103532
7.973999772965908,4.44657910729886
2.7780000522732737,1.6199421383477381
0.0,0.4448909364581815
0.0,0.2924385142727815
0.0,0.26566674465094003
0.0,0.27867229653812137
0.0,0.3082601833384538
0.0,0.4229124156050724
0.0,0.3409549348890233
0.0,0.302973674326866
0.0,0.31779777165327233
0.0,0.385228283981889
0.0,0.558625273993511
0.0,1.5360787327713377
1.738999985679984,7.4208660091560406
14.22399987578392,19.72491380639018
28.059999566078183,35.150778671571885
40.88199851751328,48.728202968779925
46.7840001320839,56.052787080575854
42.48799829006195,58.300667847188585
43.39500125408173,57.113076277077816
47.30799818038941,51.90622410831932
39.80799908399582,37.05470576154594
27.330000042915344,21.682565960391646
12.837000165581705,10.116930414099329
2.1819998732209207,3.4995890948777912
0.0,0.7009204260324481
0.0,0.4087530765699666
0.0,0.3370031559216929
0.0,0.33283422474226404
0.0,0.35176750788465266
0.0,0.43897047893666197
0.0,0.34809090217171695
0.0,0.3095204328116247
0.0,0.3278339555328648
0.0,0.4145907930109092
0.0,0.6060742335224932
0.0,1.5900079658626778
1.4919999933242798,7.800669387110047
14.004999813437465,20.53926236319611
28.791999661922457,35.83936070640058
40.806999635696414,48.60205538058108
48.42700022935868,55.4724883850246
54.706000933647154,57.53572952549439
53.83400182962418,56.13462201996131
49.98299800872803,50.64846221137684
41.92600168466568,35.802466444390944
27.929999313354493,20.723662555144475
13.132999682426451,9.447555272144841
2.1419999732077124,3.2693850722209743
0.0,0.6778267879113858
0.0,0.40694238628181023
0.0,0.3375959655798596
0.0,0.33535776124225736
0.0,0.362967739737756
0.0,0.4165026205097408
0.0,0.35640748312019105
0.0,0.32013620436130524
0.0,0.3322529382546426
0.0,0.3993093171134877
0.0,0.5627265699734538
0.0,1.308236099656208
1.111000014990568,5.687462117063428
6.591999953985215,15.558971569202088
15.585999616384507,28.562962066499196
37.37699928760529,40.941006163023275
42.72899951696396,48.36508379405515
49.7140010881424,51.34693587143951
37.7690006184578,50.35862268401608
48.27100074768067,44.47592392448605
37.97499798536301,29.009969228838703
18.079000734090805,15.546267351779251
6.451999918818474,7.034224462629933
0.4460000084154308,2.5601398536875317
0.0,0.6139236078755778
0.0,0.386458885296596
0.0,0.32846422016964755
0.0,0.3262766740702241
0.0,0.3514343480435814
0.0,0.44352119884253494
0.0,0.35226051911510486
0.0,0.31114059559099233
0.0,0.33100451291541966
0.0,0.41989879510682615
0.0,0.6218372175449725
0.0,1.6308666706758512
2.69200007468462,7.962918830864728
13.892999579906464,20.552871740902468
28.681998974084856,35.675416455652396
42.00699817657471,48.35741122639604
49.38099816560745,55.017148777828176
52.163001930713655,56.98739800470034
50.97100157260895,55.24242036858693
46.86700130462646,49.57690732675666
38.79199982643127,35.30441587165023
26.44800012946129,21.07213161427806
12.010999855399133,9.794362233213652
1.7360000252723695,3.3437632784666254
0.0,0.7027190831311997
0.0,0.41876814227339754
0.0,0.3471262842120415
0.0,0.3430875975527444
0.0,0.3715875591075714
0.0,0.3808709095017663
0.0,0.33089806272939354
0.0,0.3222525072104487
0.0,0.3626238866972705
0.0,0.4675087568002552
0.0,0.7297642352541694
0.0,1.82606078139339
2.435999944359064,8.84963310103592
11.970000439286231,22.947189100987217
25.94900102376938,39.363810154907505
39.83500065326691,51.65761230552792
48.26900017499924,57.15029421935384
52.41099900007248,57.80513660186895
51.08199843883514,54.071030218937466
47.51300142288208,45.064614588901165
38.49699956893921,26.85930277310258
13.082000483870509,13.133183235191183
6.494000134766102,5.659198251149864
0.3580000037327409,1.9851059339221941
0.0,0.4553762855887875
0.0,0.2957868995217523
0.0,0.2699128168823064
0.0,0.2879973768748672
0.0,0.3087709442647522
0.0,0.39681335966217535
0.0,0.3618658971652875
0.0,0.35818325960376957
0.0,0.3889905515416193
0.0,0.4980130826236495
0.0,0.7354401638100172
0.0,1.6433631192422768
2.1859999915957453,7.801434244282445
14.319000376462936,20.510211622599343
30.09300042152405,34.43468743131033
42.74000061273575,44.304380529644675
51.209998118877415,47.812211655494075
38.09999886035919,46.464278869410116
39.08099836587906,41.481719055289325
35.738998568058015,33.28291968145755
21.660999418497084,19.618210382589602
24.772999085187912,10.507687325620124
7.204999865889549,4.711814115266399
0.6669999694824219,1.733688230467568
0.0,0.5389616400163106
0.0,0.3670573836839289
0.0,0.3275993619117086
0.0,0.3405761533706291
0.0,0.37890977729734326
0.0,0.40339046382590055
0.0,0.34830440531572554
0.0,0.32861651885070975
0.0,0.3684789880312778
0.0,0.4669168871260307
0.0,0.6939566644976146
0.0,1.740499323584888
2.6990000250935555,8.698723004321709
14.229999539852145,22.8281290359748
29.23900030970573,38.49868727776737
41.69299864053726,50.19021471919783
47.77499839305878,55.67069660019894
51.201001703739166,56.68578355629005
53.56799960613251,53.80590351043463
43.51899978876114,46.6329048186603
41.71200202703477,30.116562712009923
27.104999289512637,16.105534773396972
10.56199985086918,7.09692967151975
1.9280000588297843,2.487169922334863
0.0,0.5564436719834654
0.0,0.35228475455075203
0.0,0.32093545998066747
0.0,0.3363268982823203
0.0,0.3624024202266012
0.0,0.4022094618572507
0.0,0.3791310574434722
0.0,0.353038914322436
0.0,0.3490760872863583
0.0,0.3935295965665788
0.0,0.5095613252368513
0.0,0.9370406993837411
0.6719999890774488,3.704303006688972
3.692999915331602,10.456089004707966
3.7240000624954703,19.311052256990543
8.681000412702561,27.26289242637014
12.623999767303468,30.516595553622125
30.20999900579453,30.705076793226073
30.17599954009056,28.90277263525247
24.165999864339827,22.92391972511373
14.741000027656556,12.70015533230844
6.358999990820885,6.6547867333351265
0.6230000152811408,3.327551123693386
0.17700000686571,1.4706853673163822
0.0,0.5798614503019759
0.0,0.4115878451760402
0.0,0.3519195377858523
0.0,0.333461796779866
0.0,0.3678262068803926
0.0,0.4713934926128895
0.0,0.4165377807638241
0.0,0.37890422369017784
0.0,0.3849692659501433
0.0,0.4543573955233157
0.0,0.6098228673952224
0.0,1.1655249014293327
1.4060000157356265,4.458596037039649
13.3080004966259,12.18606375280754
26.788000948429108,21.99353567122845
13.782999919056891,31.02056941070563
22.14400010466576,36.838353553365934
39.44700046777725,40.387100444269535
29.875999904870987,41.74587356927278
28.14300073862076,37.58498744666468
40.43900106906891,23.787990191326116
15.39199952363968,12.327447253435974
5.86399997651577,5.476813926510424
1.806999944075942,2.090244738659355
0.0,0.5907334302259154
0.0,0.40420252642734344
0.0,0.3528360375381548
0.0,0.3554475556092485
0.0,0.39432833254988287
0.0,0.3953643732979104
0.0,0.32485255750076053
0.0,0.2917307731959519
0.0,0.3143694635573107
0.0,0.38813883494249335
0.0,0.5651378730372796
0.0,1.4975325299682705
2.222000029981136,7.6719703876579874
13.490000234246256,20.756827778843522
28.52400097370148,36.2358588043142
42.7070014333725,48.94195627825925
50.88199868202209,55.59431580582125
53.151001386642456,57.37964869108511
51.21199869155884,55.77794394260749
48.41199798822403,50.173688099901604
41.439998085498814,34.57141117375157
26.307000834941864,19.266025616010687
11.50600005865097,8.580239938619915
1.217999972179532,2.992596818397795
0.0,0.6530396179106734
0.0,0.3939720110395743
0.0,0.32861579431553506
0.0,0.3285943043092287
0.0,0.3482665793541879
0.0,0.5132142302657269
0.0,0.499108859782184
0.0,0.47036433579963277
0.0,0.4397644757837391
0.0,0.4909294258746839
0.0,0.6132892105073583
0.0,0.8871667265549515
2.5080000211298468,2.6742864656363574
5.319000023007393,6.926836592861904
4.210000067204237,11.892177566007186
2.140999943614006,15.13998385094849
3.1639999218285086,14.76714893691191
4.891999967098236,13.79214992846964
15.359000344276428,13.639500885762576
11.834999781847,11.714579853139929
7.8500002112984655,7.517972205754342
7.523999806642532,4.621911882070168
1.7410000448673963,2.5842545020340517
0.1520000051707029,1.3473162514333408
0.0,0.7262571312753611
0.0,0.5885000865061524
0.0,0.527285154482954
0.0,0.4858340372929669
0.0,0.5172137469475665
0.0,0.48019231398992707
0.0,0.4580791911756009
0.0,0.42508883290544536
0.0,0.4002316859204409
0.0,0.4492791783022213
0.0,0.5678957050887383
0.0,0.8738898197450441
1.4550000537186862,2.8110735766599086
2.916000028252601,7.479727913619
13.759000235795977,12.949927780821746
12.364999548196792,16.95152938417546
12.421000178456309,17.442289011102446
13.857999827861786,17.074421923084522
22.795999886989595,17.434535265443007
13.193000431060792,15.37019736036933
12.586000183224678,9.775619095333626
7.568000081777573,5.91560786012449
3.757000012099743,3.1688578689189857
0.2040000035613775,1.5537429953873383
0.0,0.7751283928977982
0.0,0.5960208586105106
0.0,0.5165422411119313
0.0,0.4712704967385306
0.0,0.49703024099213144
0.0,0.41414653441041627
0.0,0.35684753159876564
0.0,0.331261554219063
0.0,0.35450432482430516
0.0,0.4420051265732861
0.0,0.6386145482954259
0.0,1.4805783915707256
2.4439999243617057,7.172742222092188
12.429000415205955,19.142847888691406
24.729999096393584,33.284826321444605
38.4920001912117,44.47586399304252
49.11999942779541,49.74422986068958
54.36799863338471,50.35211923861884
49.2499996805191,46.850026339832496
39.36699810028076,39.20158535057961
32.23999900221825,24.527836494470357
17.069000113606453,13.328384748676221
9.401000153422356,6.008813089097135
0.6259999756887555,2.19361462109932
0.0,0.5942400424916987
0.0,0.3833670543564798
0.0,0.32659620260730865
0.0,0.33089985986456344
0.0,0.36783277847139323
0.0,0.37277492791042066
0.0,0.3452374010535754
0.0,0.33795368330567194
0.0,0.36741487988869587
0.0,0.45531718863018356
0.0,0.6730258444113952
0.0,1.5217266578797226
0.6710000236704946,7.038290345341304
8.560999942421914,18.87652020463757
20.23299926519394,32.92613784340275
36.05100163936615,43.6216260453227
38.58599835157394,47.68607004226391
36.955001690387725,46.86542691896792
40.18300170898438,41.16604423022046
24.758000952005386,31.42630142883305
23.653000857830047,17.29956603136799
16.00100034415722,9.02505837500113
5.215000026226043,4.200099746297575
0.1999999975133687,1.5863582851923592
0.0,0.4893171573221916
0.0,0.3310093857713957
0.0,0.29892064416539077
0.0,0.3120879835887801
0.0,0.34566114385320873
0.0,0.40405175130391263
0.0,0.34452399949234885
0.0,0.3138647732083808
0.0,0.32980816395475687
0.0,0.402680822474591
0.0,0.5748153967571946
1.7689999748766423,1.4051954551021955
12.980000032782556,6.67056247291473
27.596000212430955,18.065879972363607
34.42799905300141,31.809091269749068
34.84100023508072,43.58650652976151
46.44999897718429,49.927081981751925
26.95499947190285,51.67133264748581
36.83400196075439,50.006456313045646
33.5909997010231,44.10793882818292
16.793000161647797,29.210247770501432
9.749000182151796,16.411836209872487
0.3570000062324107,7.496660786772416
0.0,2.7130440868473946
0.0,0.6736642942807024
0.0,0.4136651674367079
0.0,0.3430160954411328
0.0,0.3382251611877363
0.0,0.3659560485619662
0.0,0.3726077583261816
0.0,0.3198382918202789
0.0,0.30221905713185193
0.0,0.327935125941388
0.0,0.41222557872596294
0.0,0.611706776707323
0.7909999804571272,1.581139847079768
11.1330000603199,7.991867788868996
27.218000836372376,21.355754280324902
39.78100162267685,36.969438687917766
43.88600012302399,49.04075081904311
47.070998098850254,54.79436622954451
46.91800153017044,55.68307963563985
40.63400144815445,52.581123105427935
38.6349980044365,44.90538782820306
24.043999848365782,28.27460179513176
8.932000395059585,14.880980077904828
0.5220000110007823,6.568420605141132
0.0,2.3334123744920667
0.0,0.5656548722223975
0.0,0.35942716591509066
0.0,0.31093366830524033
0.0,0.3199344334165568
0.0,0.33698855220954693
0.0,0.43313514479224036
0.0,0.42424129164796476
0.0,0.4309632834590249
0.0,0.45993112126801416
0.0,0.5763036880466551
0.0,0.8231868648075059
0.064000000488013,1.549705097825941
5.868999867737293,6.085432445911225
25.32799984812737,15.75962944774301
32.80199971556664,26.842535716430497
37.27200003147125,34.102475269385195
34.29000061750412,33.89801590781855
36.02300183773041,29.36667755756857
11.024999945163728,22.887373958369302
12.357000338435173,15.833761839271485
4.369999924004078,8.608164199213295
2.100000014007092,4.9707629627175125
0.4279999892227352,2.575016189631117
0.0,1.1187888134495236
0.0,0.513555648955892
0.0,0.405097630386428
0.0,0.37521402657534514
0.0,0.3950598473391004
0.0,0.447598145350684
0.0,0.3803615644169913
0.0,0.32252948361311395
0.0,0.2988250566745632
0.0,0.32782849751638465
0.0,0.4098228819008506
0.0,0.6023961249776641
1.493000022917986,1.5769113711128857
12.572000282406806,8.070073848812859
26.993000082969665,21.630012390456297
39.956998615264894,37.3324858465762
47.4539989066124,49.66866854608355
47.706001229286194,55.834089669294215
46.451999549865725,57.30758513720897
47.4780016708374,55.0924582064521
39.39699847459793,48.64846028423459
24.68799939393997,32.34260658725479
9.506999695897102,17.431958066133863
0.4169999846257269,7.654970241451197
0.0,2.683597516504957
0.0,0.5985426920085979
0.0,0.3678992151544029
0.0,0.31607067042213083
0.0,0.3213077984188511
0.0,0.3417337993529776
0.0,0.38219622555881794
0.0,0.3229155719348228
0.0,0.2938012055845513
0.0,0.3206705365260116
0.0,0.3934418120094226
0.0,0.5619441375943129
1.7710000340640546,1.4676312806333727
12.493999514579771,7.467161389325435
26.88499996781349,20.600673413605985
41.1520018863678,36.181423779026076
50.14299863576889,48.851887261589695
53.01999879360199,55.368789495370976
51.91500075340271,57.12756560624504
47.9889980506897,55.22043069347066
39.23599961519241,49.077125816427554
24.53599900364876,32.74318815726241
9.258999545574188,17.52730127376009
0.3729999983310699,7.729176208169367
0.0,2.7534620159310195
0.0,0.6153496664248642
0.0,0.37852639804934185
0.0,0.32397978189427934
0.0,0.32545535474975523
0.0,0.3428167771850333
0.0,0.383385409396783
0.0,0.3238024988253897
0.0,0.29599208491685364
0.0,0.3201230002945719
0.0,0.39328249626014394
0.0,0.5694040817595606
1.4079999465495348,1.4646807927986791
11.758000327348707,7.339715351270924
25.905998980998994,20.01446546977135
37.07299850702286,35.274386879220906
44.127001349926,47.88039625481261
51.64800029754639,54.41186583356028
50.895000350475314,56.04275729628926
47.88799993991852,53.96966350060701
39.2260008597374,47.51848048099878
24.20500076174736,31.243178219543008
9.000000353455544,16.666877135248804
0.323999992441386,7.335937955984667
0.0,2.6165795809638874
0.0,0.6113024025536845
0.0,0.37860189444464487
0.0,0.3196146707449914
0.0,0.3224929405888066
0.0,0.34164579727021677
0.0,0.4103310433761637
0.0,0.3460233862335019
0.0,0.3073076188506537
0.0,0.32775799832781116
0.0,0.39769279373911337
0.0,0.5646242369351343
0.5279999960027635,1.3625404938160837
10.5839999884367,6.453024337389763
13.996999576687813,17.807914120281744
38.199998738765714,31.62088565614799
45.39999819993973,43.66881302464955
45.59600091934204,50.450335203909084
41.00499881982803,52.85017956705144
45.97900172710419,51.60000751243454
38.05900149822235,45.92795773203906
23.514000082015997,30.4703566998236
8.400000056028366,16.656348819967032
0.2430000023543835,7.486684106293275
0.0,2.710450316781889
0.0,0.639803954467533
0.0,0.39183373534729893
0.0,0.33343848273161814
0.0,0.33277161221844825
0.0,0.3626969606788771
0.0,0.37989155349563164
0.0,0.33106913529561105
0.0,0.31216841056709377
0.0,0.34494689468691847
0.0,0.43336322996296067
0.0,0.6323371479922231
1.5590000505000354,1.6206171151190487
11.11600032746792,8.128285996184186
26.149999012947085,21.816250774244807
38.64099972248078,37.35150841534449
48.2570008468628,49.32791575970197
50.31199978590012,55.013080547951226
49.50500080823898,56.02411129151975
45.73599992752075,53.32229496038639
37.08899898052216,46.24181356112853
22.86100001335144,29.575188863312356
8.142999896109105,15.644549035897182
0.1699999922700226,6.912594356271021
0.0,2.4668091956680427
0.0,0.5760472158750173
0.0,0.36464945427390816
0.0,0.323142581410016
0.0,0.3315769002731808
0.0,0.3528423420549373
0.0,0.3553234305048723
0.0,0.3217495763898944
0.0,0.3084948778173747
0.0,0.3310382392126197
0.0,0.3984516593894261
0.0,0.5606569698845688
1.1370000141859056,1.273757160122353
7.638000099360943,5.895873502825694
15.34599970281124,16.792138416493845
25.61399958252907,30.608477286281214
24.513000633716583,42.419285369137164
40.088999440670015,48.55586479638092
47.22799992084504,49.8344303525396
37.37499871492386,47.18375371511729
35.786001756191254,39.264752014841015
12.375000357627869,22.474546050774986
6.386000019609928,10.71678046003324
0.0839999986346811,4.7036581017372265
0.0,1.7971310452044102
0.0,0.49495491378024165
0.0,0.3290046339129332
0.0,0.29094502375522835
0.0,0.29898192938504725
0.0,0.3166109422882792
0.0,0.492403074186834
0.0,0.44826189257707294
0.0,0.40051308913793265
0.0,0.38434466864094674
0.0,0.42264216701139234
0.0,0.5286172829487746
0.0,0.8572581016812985
0.1439999930746853,2.871601232674072
3.420000052154064,7.887539548419191
7.339000236988068,14.320408283691854
17.521999398469926,20.017714150902716
21.51400045990944,22.722008764370837
26.872000353336336,24.598352229427284
29.29199905395508,27.236771986248314
15.951000404953955,25.481209930246738
12.662000378370283,15.799422272433084
5.375000139772892,8.329859160527484
0.0,3.903076997930525
0.0,1.6810337399750446
0.0,0.6518467650734959
0.0,0.47846016910376044
0.0,0.42132817605114325
0.0,0.40175902896834503
0.0,0.4334490784881943
0.0,0.378038561987432
0.0,0.32612339795109807
0.0,0.30401120877924825
0.0,0.33123076548401736
0.0,0.4112643571180049
0.0,0.60466675432455
1.1720000229775906,1.5038895250881754
11.499000108242036,7.371522157250061
25.74899921298027,20.125395339185282
39.21299919128418,35.169279453572614
44.77800084590912,47.197666823686994
49.238998584747314,53.21304502284771
47.02300078630447,54.39024204437705
42.88600133895874,51.86076806474922
32.6190007185936,44.84785344062367
20.886999620199205,28.05696743112544
4.695000042319298,14.387086307744793
0.0,6.232844104703908
0.0,2.2535262330367045
0.0,0.5544017511443966
0.0,0.3572295348766458
0.0,0.31396652716061424
0.0,0.3252738698954397
0.0,0.34597402013446565
0.0,0.42141899395588733
0.0,0.38940815978864185
0.0,0.3785846167930751
0.0,0.4049184024049517
0.0,0.5016938673934961
0.0,0.7087384002906782
0.7629999862611294,1.4433390432846787
10.581000156402588,6.296969524675647
25.31399994730949,17.00299803879829
37.11800112247467,29.26220798941992
40.31499842643738,38.260652272101204
36.71400046348572,40.86301261002234
25.74099897623062,39.032855322635264
20.166000620126724,34.981639850095235
30.606999714374545,28.10583412540443
13.594999490380289,16.267584397667765
2.3430000163614757,8.752967832481739
0.0939999977080151,4.026172996700012
0.0,1.5834603564719105
0.0,0.5587029738642079
0.0,0.40246565561614456
0.0,0.361358112959879
0.0,0.3728365879022704
0.0,0.4108594944771298
0.0,0.31903533866426986
0.0,0.2949280947306542
0.0,0.2953992809919846
0.0,0.3283827681485691
0.0,0.40530284661609806
0.0,0.6059677592426261
0.1830000079143792,1.413737669545619
9.019999918341638,7.302130138951622
13.479000165462494,20.109042661044505
39.97400142908096,35.89785057111044
48.775001285076144,47.724760127286615
52.1879988193512,52.127132197189844
43.80499952316284,50.59514007015303
35.64799921274185,43.293880201472625
26.175000009536745,30.98483927463864
18.89199937582016,15.29053070903078
3.4110000425577165,7.017754216206766
0.0629999989760108,3.133305037157595
0.0,1.2310810995002188
0.0,0.4038185161937756
0.0,0.27806435296604265
0.0,0.2530657967016971
0.0,0.2728403880360897
0.0,0.290791307791794
0.0,0.49650360948285105
0.0,0.48428615484131243
0.0,0.4553510594894982
0.0,0.42429126634953773
0.0,0.4581546810139423
0.0,0.5571048385200215
0.0,0.7616420060281999
0.7340000266581774,2.1690249285237018
3.6149999177455903,5.7251963470987635
2.581999900341034,9.896618528848407
0.1889999929163605,12.511580836386166
2.2860001267492773,12.161576800059262
4.557999839186668,11.548890722316466
4.871000115871429,12.255991063956184
7.509000132977962,11.115012495525145
0.6430000294744969,6.936852132089233
0.0,4.111635376938177
0.0,2.2857891889914432
0.0,1.246697070079981
0.0,0.7085281304487959
0.0,0.5813446101185155
0.0,0.5435894644183125
0.0,0.5006076550220802
0.0,0.4937849968652383
0.0,0.3520080832475769
0.0,0.32434730653987726
0.0,0.322780719068138
0.0,0.3612234878508536
0.0,0.45676353528940006
0.0,0.6806039398918231
0.9070000114291906,1.6001377188063413
11.371000428199768,7.940303577396432
26.19900071978569,21.460801240255403
39.56700196504593,36.724064928846914
49.5969983959198,47.66369919196699
50.481999168396,52.06274846832068
43.62100023984909,51.44318508788931
37.843001267910005,46.379506575073016
20.153001005649568,36.6600595494597
15.295000504255295,20.049762194348954
3.451999972164631,9.596857184200132
0.0,4.164761944903117
0.0,1.5660115653070452
0.0,0.45883807339918536
0.0,0.31153839812508916
0.0,0.2857716397696794
0.0,0.30349504476629585
0.0,0.3279668992153123
0.0,0.393847303836815
0.0,0.3291324946491299
0.0,0.2849028085826957
0.0,0.28799659829033947
0.0,0.3341294113832391
0.0,0.44792296400825127
0.0129999995976686,0.9827244318983192
1.3819999473541975,4.300227380524536
5.298999944627285,12.463697703346156
18.65200048923493,23.539030760306492
39.14700083255768,34.6717653019104
51.97399916172028,42.19167248934869
50.56299976825714,45.58751213221144
45.7319987821579,46.5059028087076
36.2639989566803,42.04636479660328
21.71699902176857,26.85244615186754
6.7869998195767405,13.531579700536097
0.0320000002440065,5.9666290735736345
0.0,2.353340990464232
0.0,0.679129921525882
0.0,0.4285680412554049
0.0,0.34192818188071494
0.0,0.32592053087444545
0.0,0.3451021656897633
0.0,0.35776701159493846
0.0,0.3075567635689963
0.0,0.290584933345758
0.0,0.3247074400923936
0.0,0.40891986340795056
0.0,0.6050818643581293
1.0269999682158233,1.5298615814232144
11.044000250697136,8.188804861333042
24.45699897646904,22.41104493821897
38.54700156211853,38.44403377897674
47.99700034141541,50.1956217045554
50.24600142717362,55.51513385341854
49.51200075864792,55.89379346053134
44.95700075149536,52.614837767125316
35.80799983978272,44.754218972372016
21.37700025677681,27.16393420898254
6.526000054776668,13.233234690315987
0.0320000002440065,5.551627207593509
0.0,2.0165680819403162
0.0,0.5112946205210096
0.0,0.3318321914466864
0.0,0.29469235680429423
0.0,0.3093779123085499
0.0,0.3284329021328308
0.0,0.354752079360127
0.0,0.30862139991669263
0.0,0.28935284605948025
0.0,0.3181957709403143
0.0,0.395435561332229
0.0,0.5725855912820947
0.9759999994188548,1.4234849441410535
11.07000050663948,7.38528219365086
25.359000508785247,20.479240190056462
38.82999838352203,35.75000598872015
48.08399855136872,47.58675424906205
51.0040007519722,53.21377878205763
50.13700102567673,53.88390441317453
45.61000082015991,50.90100752071114
36.15199975013733,43.483989505828696
21.59900015115738,26.685126139105567
6.426000176370144,13.409245355390016
0.0320000002440065,5.744947376522782
0.0,2.1135046372043242
0.0,0.5541279854453766
0.0,0.35513039980681127
0.0,0.3054457663692664
0.0,0.30944960036468405
0.0,0.3286487723750082
0.0,0.35490086625130673
0.0,0.31213141046321174
0.0,0.29846961194023686
0.0,0.33045922979227116
0.0,0.41505672527770765
0.0,0.6110728160075181
0.1069999973056838,1.5110249651623486
7.636999813020229,7.862686870550906
22.82800083398819,21.512933202294484
37.7530001449585,36.89575967389974
46.93599846839905,48.30905143116067
49.80399810314179,53.58823859956696
44.669998676776885,54.04610723435848
39.482000219821934,50.72303143014234
35.41799908161163,42.96168928125362
21.085000858306884,25.94257571120716
6.051999891698361,12.898344495122089
0.0320000002440065,5.483431278155213
0.0,2.012419390997561
0.0,0.5322348197473535
0.0,0.34493867816544177
0.0,0.30502434927645483
0.0,0.3179313176671749
0.0,0.3387489314495362
0.0,0.3404019398913283
0.0,0.29973855461107196
0.0,0.28794227544511036
0.0,0.32247338772419143
0.0,0.40264269299519145
0.0,0.5876707598374948
0.9169999864324928,1.4908762716497528
9.928000087738038,8.097735028871698
24.69800020337105,22.47861026430905
38.88299918174744,38.52532389386878
48.39299870967865,50.162622986490504
50.91500196933747,55.45685869198473
49.12100176811219,55.8225200289335
44.29299958705902,52.53418892479571
35.08400203466415,44.62716606045255
20.734000997543337,26.815935798585475
5.816999869346619,12.895595245622733
0.0129999995976686,5.394346959018743
0.0,1.9883324433869427
0.0,0.5145276645811162
0.0,0.33105003056869925
0.0,0.29111074511423984
0.0,0.30297426903500296
0.0,0.32079621647474116
0.0,0.3470438912236468
0.0,0.31022061048724064
0.0,0.2972837093947862
0.0,0.32930407533308015
0.0,0.40589041067221404
0.0,0.5914591532377992
0.740999977067113,1.4595900757884772
10.137000367641448,7.489031543048797
23.875998984575272,20.811766250163014
37.063997983932495,36.00375415160842
45.94999958515167,47.44100233059768
48.66400031089783,52.63920592805768
47.76099849224091,52.98585127802692
42.20399912834168,49.5189107575289
34.16700031518936,41.55701277673307
19.9809989964962,24.551058658407392
5.352000229358673,12.212652194702379
0.0,5.289500133607152
0.0,1.9747061038767662
0.0,0.5298438917620647
0.0,0.340134484967206
0.0,0.3039657060575706
0.0,0.31510686992121817
0.0,0.33483871756671013
0.0,0.35147439684343135
0.0,0.30647466766311904
0.0,0.2890440879640717
0.0,0.31747152887827906
0.0,0.39674401495073913
0.0,0.5849880871076
0.6199999906867742,1.4843104440235648
9.17500014066696,7.910749178034552
23.051001014709477,21.6536496580667
37.34400010824204,37.245815428236035
46.951000709533695,48.8881895720723
49.6659996676445,54.096446851851994
48.19799833059311,54.15769796183106
43.52599973917008,50.677285521792136
33.41799945950508,42.676112873602705
18.79299978375435,25.408586981545813
4.674000191092492,12.456011207348038
0.0,5.280871717743944
0.0,1.9670380683650308
0.0,0.5326586788951694
0.0,0.3451999126156983
0.0,0.30209720103782417
0.0,0.3130000238960094
0.0,0.33321797272212855
0.0,0.36248949077411824
0.0,0.3205977955857408
0.0,0.3135640130072623
0.0,0.35348036313646697
0.0,0.4518168916356472
0.0,0.6654969823664921
0.6179999956861139,1.6404170937402567
9.15300000309944,8.493892713986803
22.14000101327896,22.9721168793008
35.35499952793121,39.02068916885421
44.03700022697449,50.316047768248865
47.08600033998489,55.133198432006836
46.17799914360047,55.15910160842202
41.68799926280976,51.02035869408595
33.07199897646904,42.03787289550828
18.75100008130073,24.39398795269917
4.693999755978584,11.755929785961088
0.0,5.005694599790793
0.0,1.851728961127893
0.0,0.4875577858142312
0.0,0.32692659473411934
0.0,0.29705768833733304
0.0,0.31633102864955426
0.0,0.33713443835221163
0.0,0.42566314762038066
0.0,0.3696403818373752
0.0,0.3247683004526222
0.0,0.3242929725634799
0.0,0.37141430340662934
0.0,0.4942785239246211
0.1400000030733645,0.9786896466524251
2.9240000082552435,3.779044815330304
7.835000024139881,10.764893022596254
16.317999712228776,19.83151958765283
24.480999686717983,28.616588399384263
36.23300034999848,34.348474526110145
41.47300137281418,37.72808478633153
38.657998428344726,39.60523665807887
30.770999432802203,35.99137637544535
18.31400024294853,22.327879373715632
4.383000051975251,11.615331705412572
0.0,5.2526240564391085
0.0,2.1035399484759796
0.0,0.659045957063847
0.0,0.43907486290886666
0.0,0.36856571416691497
0.0,0.35375161562591323
0.0,0.38098409131128824
0.0,0.3294980482728012
0.0,0.2986657617458245
0.0,0.287059771018322
0.0,0.3149022316709826
0.0,0.3803725679378665
0.0,0.5517175961085033
0.1329999965010211,1.3420682510377466
2.7450001026690005,6.473156135665091
19.38300029873848,18.47085882528601
35.40899855852127,33.374702638533925
44.93499855995179,45.6839269064451
48.1590015411377,51.77074640010036
46.93000085830688,52.64126281332474
43.68699859857559,49.64393877755183
32.00700006604195,41.51033327680621
17.941000244617463,23.471246878456917
3.993000064045191,10.8445296524909
0.0,4.623467440672338
0.0,1.765722533272542
0.0,0.47979497497207463
0.0,0.3164870582877673
0.0,0.28170059005058734
0.0,0.2918920499682293
0.0,0.3055369383306658
0.0,0.3805643223995194
0.0,0.3279273981726703
0.0,0.2992883599561769
0.0,0.3171101996384869
0.0,0.3858053029559094
0.0,0.5521857168486706
0.0570000019390136,1.2659766908370222
5.796000018119813,6.0114660442949255
15.574000288248062,16.865757177159328
29.8360007750988,30.329321178359343
45.51299974679947,41.76136236831938
51.24500197887421,47.97893588144016
48.83800083875656,49.4663926709227
44.74199875354767,47.444972178392284
35.67300020933151,40.52472183569722
19.27399989724159,24.300473173580244
4.936000242233276,11.96461564036466
0.0,5.137185785292609
0.0,1.956261782252211
0.0,0.5467595710700895
0.0,0.35485888319204983
0.0,0.3019971996690961
0.0,0.3041187246487444
0.0,0.3338104262997659
0.0,0.3672015240255244
0.0,0.3220345572911504
0.0,0.3067069509734327
0.0,0.34231033787492643
0.0,0.43414950400633445
0.0,0.64222820392321
0.1419999980740249,1.5585114708429637
7.452000243365765,8.029826312005133
23.25499986290932,21.884363504492622
34.84000200271606,37.21889221598626
44.24699873924256,48.43538707661043
45.91900097846985,53.73765439610493
48.40899918317795,54.38232981300672
43.60799857139588,51.33931130982132
34.33499912500382,43.69298780224885
19.22000086665153,26.30061533820209
4.412000139951706,12.71961157499072
0.0,5.26717376635153
0.0,1.9310284124444106
0.0,0.5044766443539583
0.0,0.33370232813044665
0.0,0.3005611754818856
0.0,0.31921484679076056
0.0,0.3442431695472672
0.0,0.4809645247246299
0.0,0.40859915295422894
0.0,0.3449652017272177
0.0,0.3365498151608897
0.0,0.37732847881208603
0.0,0.47918826904629086
0.0,0.8517354955675869
1.517999992519617,3.307545432500191
5.728999832570553,9.43979726501828
6.81700019389391,17.080582904855785
9.650999849438668,23.884633243643577
22.511000438928605,28.086541077370793
20.79499997854233,30.908809573767527
40.37200037002564,34.223372206144695
32.04099953174591,32.54393801232177
18.02800050854683,20.940683307749328
2.8470000402629374,11.11736861188152
0.0,5.024904654866138
0.0,2.1504014450526827
0.0,0.7813599121278931
0.0,0.5278885870959245
0.0,0.4356573989103051
0.0,0.4056248440832227
0.0,0.438216711412399
0.0,0.36956020034490916
0.0,0.3275431714649621
0.0,0.3105472084319023
0.0,0.338248884812112
0.0,0.4191068294576979
0.0,0.6100543758808606
0.0389999987930059,1.4390106668422227
5.014999755918979,7.181311199954901
22.13599986791611,19.788134575447497
36.20900169372559,34.52712367575907
45.889998836517336,45.75446824595586
46.27999959468842,50.786704226559046
36.65800086021424,50.83875319743826
36.737000887393954,46.91736662431268
33.088999736309056,38.330332836133614
18.572000175714493,21.885997208854484
4.198999998420477,10.646421182173016
0.0,4.599639102669666
0.0,1.7497058812113677
0.0,0.5064957250528664
0.0,0.3379367641869922
0.0,0.30029221328416933
0.0,0.31256890988707314
0.0,0.3388135190474211
0.0,0.33143602585318854
0.0,0.320412140951895
0.0,0.3353496426151058
0.0,0.3813279018747361
0.0,0.4867571027902395
0.0,0.7234514207267038
0.2729999915510416,1.6080073268366069
8.616000286340714,7.878693994417944
22.22400041818619,21.35355573356957
36.19699825763703,36.649503480246224
45.86199903488159,46.873950560511226
45.59299800634384,49.87697792363774
43.06599947690964,47.194727381508756
35.82600088596344,38.94060518999171
31.5459995174408,26.781982322528037
13.588999826312063,12.586705289776036
4.736999744772911,5.759017756165787
0.0,2.606200073043199
0.0,1.066557156294605
0.0,0.3915027132554048
0.0,0.2862813806448985
0.0,0.26842203112653723
0.0,0.2917648479217682
0.0,0.31538482800619666
0.0,0.43985161494867797
0.0,0.39339821385010887
0.0,0.3537739727533619
0.0,0.34834018450867726
0.0,0.3993780224643799
0.0,0.5254487916278044
0.0320000002440065,0.94233606637051
2.761000062674284,3.603341783727502
12.521000056862832,10.201913412803124
20.376999418735505,18.207768284320995
23.72200007557869,24.83802460795868
26.420000327825548,27.780247322379225
15.840999717116356,28.68414564930663
17.371999580860138,30.012453132642094
25.712000942230222,27.092328065027004
11.191000236272812,16.31780151353687
1.2999999597668648,8.631591478401708
0.0,3.9758530954872047
0.0,1.7129275509843764
0.0,0.6708609301105942
0.0,0.4774565041789297
0.0,0.40793614390850214
0.0,0.39089944311274655
0.0,0.415904927215073
0.0,0.37080590038325234
0.0,0.3593791003268133
0.0,0.3601581838527983
0.0,0.3852334272865797
0.0,0.46969325967057163
0.0,0.6590934139908687
0.1830000079143792,1.2706916997874347
8.853999627232552,5.332760562081821
21.523000982999804,14.749441422795996
26.257000895738603,25.999062867920546
32.35599935412407,34.23142928616341
39.42300181150436,36.60371073190575
39.63500089645386,35.107675501891826
27.060999014377597,30.793819601144577
19.04500005245209,23.055013938105034
5.807000086903572,11.867873849452545
0.9749999698251486,5.9181966288798264
0.0,2.773834175753421
0.0,1.1869853809736834
0.0,0.4760818997291654
0.0,0.35257808953878933
0.0,0.3237348774817275
0.0,0.3363147625206892
0.0,0.3671435766840188
0.0,0.360115087777541
0.0,0.321990973638651
0.0,0.3092677076541031
0.0,0.34405699049076505
0.0,0.43524611655501877
0.0,0.6408393317709068
0.3509999891370535,1.525202785628493
8.605999990403653,7.6514555378147495
22.414999651908875,21.01226076337992
34.86600123167038,35.899720212075145
42.930999846458434,46.789457763777115
44.66799810409546,51.74304346224417
44.96699950695038,52.140378004502644
38.42700006484986,48.724252280204944
31.8230007827282,40.76753665598658
17.321999641656877,23.768156677834867
3.6419999465346335,11.485748876034004
0.0,4.81507926160359
0.0,1.7992933135778544
0.0,0.501228455620643
0.0,0.33732144585333673
0.0,0.30368997561993805
0.0,0.3196645403874242
0.0,0.34423291368190995
0.0,0.3312985678695531
0.0,0.30092039030174617
0.0,0.2926556899547635
0.0,0.32225413167231093
0.0,0.39578635880782176
0.0,0.5721889282348167
0.3180000074394047,1.3509678850767306
8.461000064015389,6.666347044750153
17.9070007789135,18.823135298392103
29.33099995136261,33.40765670278133
43.41199995994568,44.74730076655752
46.32899924755097,50.07096065469445
44.99200050354004,50.457978768150504
40.26399820089341,46.847169939607305
30.85899998307228,38.353056550216344
16.89499958574772,21.25726163407451
3.337999936193228,9.937056332656066
0.0,4.2446840541035
0.0,1.6506291736754881
0.0,0.4880560724545914
0.0,0.3241580896704675
0.0,0.2877889916275322
0.0,0.29754008485088324
0.0,0.31466696906471775
0.0,0.44187503332683625
0.0,0.4290632345798535
0.0,0.41147684250413097
0.0,0.4066691979132461
0.0,0.4596486287546547
0.0,0.5946632195138849
0.0,0.9570374215867008
1.9090000100433824,3.264852672417175
9.18499992311001,9.001400708301196
11.019000281095504,15.601304903835349
8.470000073611736,20.166215050011974
15.739000293016431,20.62091637290572
13.355999863147735,19.722207058276613
22.912000238895416,20.258719618781438
15.90499955713749,18.103403068430076
6.21499983727932,10.697676846690916
1.7419999460875988,5.913295915220962
0.0,2.8801936746450014
0.0,1.3300243383740338
0.0,0.6382416597827114
0.0,0.4988144734696415
0.0,0.4614296074298978
0.0,0.4393631596072075
0.0,0.45126675477733963
0.0,0.3333458395688421
0.0,0.30769719636771775
0.0,0.30252842766764376
0.0,0.3388871543882743
0.0,0.42208807404759985
0.0,0.6112255262080437
0.1949999939650297,1.4756212159463764
7.826000014543533,7.420285010646027
21.17199906826019,20.6954582997213
33.413000081777575,35.88835161381886
41.90300126075745,47.13697095301862
45.82400047779083,52.03562858031258
44.587999844551085,52.19119725372209
39.61099813222885,47.99815851858621
29.2569993019104,38.90818376645081
15.420999611616136,21.47946884971526
2.9379999090731146,10.128400820203545
0.0,4.356587460145859
0.0,1.665090559438232
0.0,0.47984907316656494
0.0,0.32134915338155995
0.0,0.2933259773115116
0.0,0.30590221942779683
0.0,0.32275555228306396
0.0,0.315209697533715
0.0,0.31798922778867256
0.0,0.32457526353748267
0.0,0.3377671165624703
0.0,0.38504126058396343
0.0,0.5089520459393138
0.0,0.9522394210041827
3.633999966531992,3.828513951709221
14.566999499797822,11.132822767594783
13.443000127077102,20.82327399737112
29.79699987769127,28.871324127798086
33.630000598430634,31.28564778803585
23.16300022125244,29.58463090996891
16.08600003540516,26.149902863976124
10.001000450849531,19.116642236829446
6.320000120401383,9.151004324163656
1.0220000128075482,4.35653831030469
0.0,2.1483437835510055
0.0,1.0316243540716774
0.0,0.4711730018889623
0.0,0.35540234587217195
0.0,0.32491848581550037
0.0,0.31607428094245565
0.0,0.3190619998795501
0.0,0.4562738952058755
0.0,0.4156745800958454
0.0,0.37240777262120905
0.0,0.3517592216132643
0.0,0.38770838621941944
0.0,0.4852179305513045
0.0,0.755421275420376
0.457000013012439,2.5734493824651707
1.8249999632686376,7.167712429577721
2.980999897867441,12.673902914658061
10.048999817371367,16.902216771601857
8.115000094473363,18.262584554338193
14.2570000821352,18.626169864875024
25.482999043464662,20.767469583807053
21.150000984668733,19.478613295408362
9.814999567866325,11.805808754166565
0.4870000022090971,6.392468959142291
0.0,3.1316204188243635
0.0,1.536756809505899
0.0,0.7500896975886803
0.0,0.566763700247905
0.0,0.4936520882584472
0.0,0.44720269114683947
0.0,0.4414892800975728
0.0,0.3296849908358632
0.0,0.2981059721313154
0.0,0.2942215714533097
0.0,0.3327934424279505
0.0,0.4185208272950451
0.0,0.618652591646625
0.2280000077560544,1.4798246221003293
7.079000245034695,8.040869673918987
20.53000009536743,22.205385611447156
34.300999659299855,38.014149478046285
43.41199995994568,48.99610921243403
47.59900140047073,53.33434828614807
46.25499859809876,52.29796365319659
40.79099916219712,47.31171655445863
28.409000908136367,37.680877373166346
13.297999687194825,20.28262472131959
2.5069999915361403,9.11417091239192
0.0,3.796279844511708
0.0,1.475908963294538
0.0,0.45492569666901733
0.0,0.3101471607003233
0.0,0.2819310908964296
0.0,0.30225432495798366
0.0,0.321101025569242
0.0,0.32441819246170983
0.0,0.3190095321698487
0.0,0.33871211749688884
0.0,0.3917345762472135
0.0,0.4971305802077892
0.0,0.7331968662071949
0.024999999689171,1.5640410198515036
3.7670000512897968,7.841466401025787
18.701000142097477,21.308464891917726
33.318999867439274,36.43393778124514
42.226001319885256,46.18789661375883
46.577998657226566,48.281831630470194
40.19099989175797,44.089292348452894
39.86099988222122,34.9140341530262
24.795999509096145,23.090311193835777
8.199000012874604,10.45346202522387
1.6509999489039182,4.687927830344959
0.0,2.1331753916741105
0.0,0.9159291685836761
0.0,0.37101160078605483
0.0,0.2777579184572005
0.0,0.26366401683279556
0.0,0.28950608302454023
0.0,0.3154738986354081
0.0,0.33640984597182294
0.0,0.303935225857124
0.0,0.2980505302898821
0.0,0.33877647764955354
0.0,0.4318794743677662
0.0,0.6478014530907766
0.1199999969033524,1.55265080859259
6.752000067532062,8.17821089606349
20.19899979948997,22.474347759396192
34.037000062465665,38.07132231885962
43.05800129413605,49.051744344174075
47.11699894666672,53.78945627374178
45.4540013384819,53.34316101466378
39.23599961519241,49.26327968338974
30.635999802351,40.430310349378814
15.634000009894372,22.300836511901178
2.726000053882599,9.935043017532196
0.0,4.042923965207431
0.0,1.5456329215615214
0.0,0.45649369560358527
0.0,0.31241040893747357
0.0,0.28442979535119517
0.0,0.30512858126453973
0.0,0.32743072568342635
0.0,0.333841001482236
0.0,0.3045930353339149
0.0,0.2998205093758255
0.0,0.3419661001894939
0.0,0.4285369370424933
0.0,0.6361532011770518
0.1270000034756958,1.5133579785234577
6.845999768376351,8.074278770417356
19.77399928927421,22.281580363989377
33.41199979543686,37.95344684803747
42.17300052165985,48.84322722830595
46.16599981546402,53.22039036205109
44.1769992351532,52.359911032487645
36.79799986839294,47.527252206267256
28.989000613689424,37.959626756151124
14.35000001013279,20.283134752562592
2.7860000322759157,9.041356920271005
0.0,3.74277952343714
0.0,1.453225817160784
0.0,0.44481277905307703
0.0,0.30267193104388235
0.0,0.2807282553079294
0.0,0.3024399238463475
0.0,0.32410032036891656
0.0,0.3355533112008804
0.0,0.30771226952389025
0.0,0.3037171650182412
0.0,0.34310305551909814
0.0,0.4331122362437579
0.0,0.6409916304072804
0.1140000038780272,1.52060916053506
6.634999942779541,8.036503931302358
19.900000450611117,22.18492923052122
33.612999838590625,37.57598815918103
42.23899888038636,48.25651678806055
46.45499835491181,52.60580220450645
44.95200137376786,51.74853709558282
39.575998380184174,47.16165957603302
30.11999993681908,37.9225322728036
15.28799952685833,20.37292830861066
2.641000105887652,9.099534861717522
0.0,3.759434352956972
0.0,1.4706324797744712
0.0,0.4588388619677436
0.0,0.3161615658499006
0.0,0.29009331280907624
0.0,0.31025272890720473
0.0,0.33145497675407626
0.0,0.32278194901166857
0.0,0.29662316712389986
0.0,0.2972328622683373
0.0,0.33531760915486003
0.0,0.4237611075294116
0.0,0.623174306167834
0.0890000021830201,1.480183587815654
5.958999963700771,7.980399346052944
19.85499988913536,22.10725972754928
33.300000588893894,37.80370897361736
41.6710005569458,48.568998616378344
45.86399960756302,52.71878890808749
44.462000737190245,51.373234633419855
38.945000503063206,45.964406051683326
29.270999202728277,35.837376709237525
11.990000004172323,18.605694865689955
2.266000048369169,8.199276867729782
0.0,3.4341381827244772
0.0,1.3671882408005864
0.0,0.4448940556947806
0.0,0.31058814192235956
0.0,0.2803068294023592
0.0,0.2985517797592938
0.0,0.3154022992600358
0.0,0.31420779346172095
0.0,0.29904005124447836
0.0,0.30829083230081183
0.0,0.3547077398535346
0.0,0.4497899490177607
0.0,0.6639027102976204
0.0129999995976686,1.5131734918501405
6.23699997484684,8.073511619832837
19.271999324560166,22.188389835982477
32.10800023078919,37.671023356481584
36.62399934053421,47.92914806449486
36.15199975013733,51.28932064673972
41.00899996519089,48.93561773991979
26.18500081896782,42.20020949568377
23.86499994277954,31.288179247828857
9.387999511957169,15.44262089071124
0.5200000160001218,6.820441846678651
0.0,2.9165716669514192
0.0,1.1893361410565906
0.0,0.4185409260884035
0.0,0.2962968798195751
0.0,0.27306437085211344
0.0,0.2924843512155439
0.0,0.314351099258832
0.0,0.4201969581782807
0.0,0.421923425963742
0.0,0.4222959227459571
0.0,0.4241277822804416
0.0,0.4894921404041423
0.0,0.639610636788873
0.0,0.9905736034527335
0.3670000133290887,3.409475635993037
4.717000179886818,9.218530078859906
12.607000034451485,16.08033853969429
10.657000351548197,20.10667815704835
10.371999876499176,18.94272314239133
7.19300002425909,15.939704507963757
10.037000489234924,14.05960952556427
7.145999917089939,10.810579745657439
2.003999997228384,5.946559114450639
0.0510000008903443,3.2887225576296255
0.0,1.762392397050826
0.0,0.9622720516135859
0.0,0.5504485326738352
0.0,0.4611249519059786
0.0,0.4391883187352123
0.0,0.42589138814256805
0.0,0.435791332280674
0.0,0.414192057533072
0.0,0.4055572935358809
0.0,0.39025614598690894
0.0,0.3762882782119468
0.0,0.4220299301743618
0.0,0.5355214072406237
0.0,0.8004218983684344
0.0190000006463378,2.592535142560668
0.662999979481101,7.047048119433956
6.5390001827478414,12.374228981889537
14.563000408411026,15.848098794228507
16.256999704241753,15.671532993838884
12.478000068068503,14.424252841925373
9.897999713420868,14.490391475546785
7.794000094532967,12.403084376973696
3.101000111401081,7.19766212151899
0.3320000045374036,4.017841685348123
0.0,2.1431845177041566
0.0,1.186635114606803
0.0,0.6823711220023446
0.0,0.5538145030759921
0.0,0.5156392540373794
0.0,0.4728314202935623
0.0,0.4478265810745967
0.0,0.4335315530281995
0.0,0.3893740236545768
0.0,0.35539519984074325
0.0,0.3592053576215958
0.0,0.42452135004283237
0.0,0.5728645786862021
0.0,1.0568161197353934
3.3099998778104784,4.285715828159521
11.808999525904657,11.998689550931013
26.416999468803407,21.284677158840587
34.300999659299855,28.64163451853582
26.41599918246269,31.52299744406304
19.73999982357025,31.469373138637856
21.65100066304207,30.948339953980213
18.25900092601776,26.532378302974823
10.266999593377111,15.495255092835768
1.9759999388456344,7.966877829691385
0.0,3.6313287769726963
0.0,1.5712696242818986
0.0,0.6170538090189502
0.0,0.44720743840915345
0.0,0.38952669182211663
0.0,0.38396233433819715
0.0,0.41949333151495166
0.0,0.39765107878875705
0.0,0.3663877428392399
0.0,0.34158467710895507
0.0,0.3515694865209001
0.0,0.4134339454814084
0.0,0.5574492924251034
0.0,1.0529593101341104
2.4480000427365303,4.318181611089377
12.048000180125236,12.123477693073808
13.810000461339952,21.675446181258305
38.13800152540207,29.3458154114502
37.0029990029335,32.24338348190373
31.41400074601173,31.90345795967456
27.678999330997467,30.7221559177292
24.347000342607497,25.745018138232535
14.240999608635905,14.573727981874523
1.975000037625432,7.410782930200895
0.0,3.398018994294964
0.0,1.4805520158080894
0.0,0.5848104332195552
0.0,0.4180519757445831
0.0,0.3681265373304913
0.0,0.3585490225626244
0.0,0.38922114639401195
0.0,0.3101691665181336
0.0,0.29067759354920863
0.0,0.29273286103149776
0.0,0.33231464428054597
0.0,0.4119920955588082
0.0,0.6017875535674339
0.0320000002440065,1.451176132307588
6.0159998533129695,7.747317214872301
18.625000973939898,21.749092331760032
31.473999440670013,37.37146611744594
40.2140003156662,48.29829188065902
44.53499904632569,52.75355046253493
43.23700119972229,51.978098192010705
36.98100091934205,47.29946427209843
28.3630000603199,37.71103670486336
14.040999851822852,19.689507648294715
2.078000004813075,8.525811182533577
0.0,3.493473737004261
0.0,1.3848322105039292
0.0,0.43712674612164415
0.0,0.300759511530823
0.0,0.27724364226669845
0.0,0.294435922664085
0.0,0.30788662912976156
0.0,0.402677110152201
0.0,0.4008455730618103
0.0,0.39681801908592557
0.0,0.38429136269100583
0.0,0.4312436311288293
0.0,0.5462261130910736
0.0,0.817320679450542
1.0449999874085187,2.6348770598439404
5.423999792635441,7.205472323614746
4.033999993652105,12.703640769450004
4.557999839186668,16.101626209584374
8.03499978095293,15.569089474879167
7.821999896168709,13.82062439307287
11.52500036418438,13.347387807546617
18.59600088596344,10.922747472850396
5.6980001989007,6.065391932898198
0.6430000294744969,3.3338269010032997
0.0,1.8171579675809335
0.0,1.048766988222236
0.0,0.6292589386027564
0.0,0.5245698541233673
0.0,0.4962462019475655
0.0,0.45509471265664053
0.0,0.4185046972148831
0.0,0.35919337811281116
0.0,0.3565719793064592
0.0,0.35154460556551476
0.0,0.35284467602723646
0.0,0.3975437469962025
0.0,0.5175076645567298
0.0,0.8820991749434839
1.8920000204443927,3.3031065586813457
8.350999889671803,9.449075621301999
5.732000178098679,17.079447897180113
18.31899962067604,22.708024390162024
20.18299932599068,23.72830581273954
23.462999856472017,22.379719318473516
16.920999841690065,21.112309628051026
16.723999916911126,16.664037890434635
7.769000124931336,8.656288379067743
0.9500000002235176,4.386941757584621
0.0,2.1799246204919953
0.0,1.0880759438735228
0.0,0.5396299005526922
0.0,0.4182716120055473
0.0,0.382985113592591
0.0,0.3646652069181392
0.0,0.367411940066965
0.0,0.3158566141196364
0.0,0.3053285353280364
0.0,0.3115628904204941
0.0,0.34570831366140925
0.0,0.42437330278087226
0.0,0.6115044668140502
0.0,1.355293616336318
2.771000101864338,6.617957813026754
13.609999677538871,18.57600948916006
26.60700047016144,32.718552014488544
30.594000099897382,43.001108559142075
38.51500061511994,46.61661603803636
36.519998316764834,44.83821366935067
28.87099968910217,38.846503222031956
23.266000958681108,28.63460554812817
11.282999877929688,14.041779586239233
2.2130000203847886,6.3941920652008255
0.0,2.8342283431279025
0.0,1.1796459881798327
0.0,0.4330061186911157
0.0,0.3079610843401258
0.0,0.28036869280590154
0.0,0.2917710585536814
0.0,0.31168857810830414
0.0,0.3143858629509892
0.0,0.2986010762400205
0.0,0.3035000701055146
0.0,0.34426525621342424
0.0,0.42391835989306625
0.0,0.615432841303553
0.0,1.414650784119244
3.9899999752640727,7.10343204416025
15.97099996984005,20.152697479232963
29.390000413656235,35.2322950365793
38.17300127744675,46.082261335953135
42.24599883079529,50.58497730769133
37.5730020070076,50.00756512518333
35.231000993251804,45.401478373381934
27.267000489234924,35.823997539614105
10.251000146865843,18.359770890046388
1.1739999537914991,7.861871687415277
0.0,3.2508326803636822
0.0,1.3052740302678505
0.0,0.41563932721567687
0.0,0.28914817419076194
0.0,0.2679305340642736
0.0,0.2839648302511806
0.0,0.30109682757114614
0.0,0.3214659115390463
0.0,0.3020448716981556
0.0,0.301510385367093
0.0,0.3381322382505219
0.0,0.4182964329827616
0.0,0.601509743293245
0.0129999995976686,1.3741778935387499
5.183000106215477,6.928477487985362
17.422999806404114,19.745472918264497
29.385999268293386,34.29418498955882
37.91300077199936,44.77424373617062
41.9360004401207,49.14668848541845
40.57200012683869,48.643926098607096
34.84100023508072,44.50483679448724
26.594999088048937,35.705079979775945
13.204999759197236,18.925520083809328
1.7989999640733003,8.494642181404174
0.0,3.5519505311572086
0.0,1.4179431684775359
0.0,0.45778394294358615
0.0,0.3163517306679765
0.0,0.2873795649803766
0.0,0.2989374738459869
0.0,0.3177228153258706
0.0,0.3365877489545124
0.0,0.3427228443965454
0.0,0.34889260006498757
0.0,0.3570237100553317
0.0,0.39955545788891067
0.0,0.5254908399182668
0.0,0.9054725642655587
1.7129999864846468,3.39479757432171
7.966999822556973,9.769891874679344
15.933999645113946,17.754261953823473
17.003999987244608,23.568289743597997
17.593999475240707,24.16179317614945
15.388000432252884,21.80038864228104
15.12099997639656,19.57901470908137
2.9369998794794085,14.664368285031141
0.3170000099390745,7.117481373750358
0.0,3.547184106692277
0.0,1.8163697313311773
0.0,0.9407893889114183
0.0,0.4931593020650021
0.0,0.3875993513852203
0.0,0.36989474107093945
0.0,0.3606818499628345
0.0,0.3556924782870723
0.0,0.3858246849817811
0.0,0.3906973429504159
0.0,0.3891561660854933
0.0,0.3765278106187261
0.0,0.4183265125008073
0.0,0.5280609549616773
0.0,0.7719408946634582
0.0,2.370416904617534
0.2810000036470592,6.423187545722245
1.6259999793022872,11.26792584667396
9.288999919891358,14.315455146140243
7.6330002081394195,13.602925515537354
1.2139999821782113,11.786201631757091
1.0330000174045564,11.506689753954548
0.6470000194758176,9.504746715543517
4.01000005364418,5.204090770404034
2.407000113129616,2.921714558604917
0.0,1.6543705510594773
0.0,0.9786127280435625
0.0,0.6260724476062608
0.0,0.5300069006389666
0.0,0.5170569828787797
0.0,0.4712610590198807
0.0,0.4177086639682426
0.0,0.39695980952992477
0.0,0.3580448353951447
0.0,0.3321811083357598
0.0,0.340674078798811
0.0,0.4038577659739232
0.0,0.542195281930154
0.0,1.030678977471232
2.062000044807792,4.520380866730183
10.41700043797493,12.945327911320923
9.419000172615052,23.15341164375015
20.62699911475181,31.215391671804937
14.340000227689744,34.752104565044384
19.309999935626983,34.73309082626511
34.319000705480576,34.06613299686719
27.579999738931654,29.094565279578305
13.422000275850296,16.428743112970597
1.8389999924600124,7.761107810330214
0.0,3.362810269355079
0.0,1.4714354793725726
0.0,0.574018210047381
0.0,0.41548835855375654
0.0,0.3621046414274694
0.0,0.3575178000812209
0.0,0.38193597816087516
0.0,0.3136207949438749
0.0,0.2974759140191588
0.0,0.2931034951432669
0.0,0.3143928600351836
0.0,0.3663727590649631
0.0,0.5010192208634863
0.0,1.0333743941732607
1.3469999385625124,4.861800436831677
6.78399998754263,14.374247233979926
18.31899962067604,26.79245584842424
23.05199924707413,36.76567883910933
30.039999623298645,40.56586601960615
30.78499933362007,39.070510537554604
24.480999686717983,34.39957665713732
15.10700007557869,25.398498437777786
8.515999894440174,12.147712870553859
1.2869999601691962,5.4004067160500275
0.0,2.4784409555709317
0.0,1.1272683103459713
0.0,0.4460671262572768
0.0,0.31710212246522473
0.0,0.28408099926631153
0.0,0.28591637180703516
0.0,0.29930452918738926
0.0,0.2914447867485294
0.0,0.2868627681085706
0.0,0.29254723445103115
0.0,0.3157813697649455
0.0,0.3596767041331896
0.0,0.48813972929640953
0.0,1.0072712925900136
1.5070000521093607,4.581356579286458
6.838000045120716,13.781687265029117
9.954999603033066,26.04201637358357
22.152000341415405,36.21333638101573
31.60000060200691,40.474609334932495
36.53900170326233,39.6109976058872
27.70899970531464,35.62025853821621
13.396000019907952,26.735628331317653
9.85499972462654,12.431372401814412
0.8259999892488122,5.189177460741155
0.0,2.3083012911557366
0.0,1.0489826366741197
0.0,0.4139546289410431
0.0,0.29685828078165283
0.0,0.2720926449753591
0.0,0.2754340852034347
0.0,0.2798783504767116
0.0,0.2987393668759917
0.0,0.3121663101184415
0.0,0.3325931638284258
0.0,0.3592404646025979
0.0,0.4204648559243165
0.0,0.5740721675795704
0.0,1.071715237793375
1.2070000317692755,4.528193772594444
5.863000203669071,13.007414992023145
16.413000212907793,23.456364104359537
22.31700034618378,30.612305662887472
14.340999487042428,30.558913856587175
10.711000409126282,25.73006711740146
9.864000247716904,20.37082936714213
2.423000073134899,13.75655595293191
1.5500000409036876,6.343435310513505
0.1219999999273568,3.1481938718605726
0.0,1.6273606704548
0.0,0.8496255214006039
0.0,0.45705434762360597
0.0,0.3643391533150573
0.0,0.34532309215274876
0.0,0.34134578015286193
0.0,0.3393087308678793
0.0,0.40269587986705035
0.0,0.39269782053136676
0.0,0.3777935813073601
0.0,0.3672080140099396
0.0,0.4085269188683598
0.0,0.5191574000458651
0.0,0.8005645497305471
0.0129999995976686,2.7104020211632767
1.040999997407198,7.506919154098312
4.160999900847673,13.218976304818417
6.851000173091888,17.081774343641936
8.975000383853912,17.217107560517196
13.953000328540805,15.996210330338839
13.251999866366386,16.417561415747326
14.979999654889108,14.231441114298322
5.477999850213528,7.942408048273116
0.1259999979520216,4.146085848138493
0.0,2.0879273303772763
0.0,1.1105580366253494
0.0,0.6209449905611489
0.0,0.5049362980813505
0.0,0.4792130927548496
0.0,0.4457498582906303
0.0,0.4193492563363525
0.0,0.36675830659304887
0.0,0.36358037830088635
0.0,0.3544545988456752
0.0,0.35782966729680704
0.0,0.4063025097770057
0.0,0.5320397723502797
0.0,0.9055950181917655
0.5319999860040844,3.414321999838648
5.9950000020861625,9.647606648027121
14.033999901413916,17.158373136694586
12.10099995136261,22.527420339176423
10.976000292301178,23.33104184282627
19.57100072741509,21.909556656930707
13.007999834418298,20.571140571234253
8.587999971210957,16.278118132360188
3.648000124096871,8.513679705682112
0.1730000008177012,4.347291382206516
0.0,2.1686091059850012
0.0,1.0932541877906825
0.0,0.5509802549218552
0.0,0.4265697089893273
0.0,0.39464224950253723
0.0,0.3773778139397944
0.0,0.38421332798100805
0.0,0.30889243581769577
0.0,0.29969175802063425
0.0,0.31100764145962617
0.0,0.35149670114666676
0.0,0.42635406948900084
0.0,0.6097053622820545
0.0,1.3577162704410268
4.100999922454357,6.852121069958888
16.047000164985658,19.451751630754586
27.531000086069103,34.494286489730705
36.00399845123291,45.13006306108799
39.67000064849854,48.75320756209002
33.71000091195106,46.808439884342185
25.55200031518936,40.07406566872952
19.930000824928285,28.74292319022318
8.33499992966652,13.294842313837162
1.0879999762028456,5.661217992479606
0.0,2.4782230833030385
0.0,1.0568225455809066
0.0,0.3902001947101794
0.0,0.28015540569682734
0.0,0.26393976867245345
0.0,0.2823331515509487
0.0,0.29561041877416616
0.0,0.2961287352023443
0.0,0.2942018422869722
0.0,0.3125454678780643
0.0,0.35186968225398113
0.0,0.42280384964303275
0.0,0.5999392065891869
0.0,1.2843878619596996
4.106000070422888,6.373794138644205
15.754999739527705,18.25661025278936
27.934000458717342,32.96497235198213
34.913000311851505,43.39683004740617
27.505000857114798,46.2707206542858
32.05900057792664,42.911538157869046
22.66300082921982,34.81372817866063
6.3389999124407765,23.067495098515582
0.8660000176355243,9.838945758996935
0.0629999989760108,4.160419983083151
0.0,1.9015866315649799
0.0,0.8577291989524019
0.0,0.3616157274307339
0.0,0.272236254550036
0.0,0.2570464474046342
0.0,0.276980653771006
0.0,0.28603811816413977
0.0,0.31306900770460966
0.0,0.296206341036458
0.0,0.2963315426635543
0.0,0.33304771618854867
0.0,0.4063054267957647
0.0,0.5767738131412173
0.0,1.3043648350303678
4.282999916821718,6.6773536697782925
15.481000360250473,19.254724126026797
27.698000663518908,33.87512859755646
36.35300184726715,44.583871363025466
41.03699976682663,49.011478245157676
39.77099875926972,48.30843418958636
34.87399941444397,43.978604268440016
26.41500095009804,34.865385146065414
12.934000211954118,17.96967229327473
1.6519999784976245,7.742718117359201
0.0,3.206426049765131
0.0,1.3024798837805769
0.0,0.4388233922306076
0.0,0.3079011084440236
0.0,0.2804190620068
0.0,0.29144084049774455
0.0,0.30601620029927823
0.0,0.3423979895079732
0.0,0.34762503355419594
0.0,0.3644272389303974
0.0,0.39289530793312055
0.0,0.46827574400252503
0.0,0.6529008985006104
0.0,1.1951644292694439
1.3789999869465828,4.897233086320843
9.017000086307526,13.425656608238969
26.932999334335328,23.87408320686375
34.66800204753876,30.68549446221196
22.55799951910973,29.73536036570802
1.6679999385029078,24.023079502130084
1.8630000608414408,18.05060004097309
0.6290000002831221,11.780516607420404
0.4109999996237456,5.630159779620412
2.5989998899400235,2.9602995866520847
0.0,1.580751943592233
0.0,0.8321628623751888
0.0,0.45566048770371315
0.0,0.37032896564692375
0.0,0.35412536732863853
0.0,0.3643279469485215
0.0,0.37548623153246974
0.0,0.3239332456343162
0.0,0.2975769057925994
0.0,0.2904255390395161
0.0,0.32067252828125814
0.0,0.3877832777944479
0.0,0.5533570360753276
0.0,1.2270111146556726
2.492000061124563,6.155842393120356
9.588000295758247,17.710669709001262
21.41599910020828,31.829392504366183
35.87700111150742,42.68585844044819
39.46800031900406,47.29321287936614
39.16100073337555,46.51975574741872
26.55800081729889,42.39516953723397
23.853000614643097,33.52008895714584
9.846000228524208,17.277485692037615
1.2689999409765005,7.507014100943879
0.0,3.143574918426847
0.0,1.2938756032147998
0.0,0.443905171645529
0.0,0.3112977686029897
0.0,0.281052379967001
0.0,0.2940517142368241
0.0,0.3089557626060698
0.0,0.32108713955793083
0.0,0.29891249244498813
0.0,0.2979270824743321
0.0,0.3346956547793112
0.0,0.4098880655399846
0.0,0.589999071065214
0.0,1.3234441821799996
3.6949999745190154,6.801717040741318
15.148999778032303,19.417988705208078
28.1710005402565,34.21131674906973
37.89799853086472,45.05868260800662
42.393001897335054,49.51549227993276
40.67100177288056,48.404211021558055
35.405001521110535,43.763567439432244
27.685999281406403,34.3194131151989
13.110999544858933,17.397986775869693
1.7599999652802945,7.362731742204764
0.0,3.054852015173891
0.0,1.2607315407674573
0.0,0.4322275043289904
0.0,0.30521848953156044
0.0,0.2798417303940192
0.0,0.2968521783126789
0.0,0.3138412733267722
0.0,0.3020039502384026
0.0,0.2967557483488248
0.0,0.3041832746466628
0.0,0.33740473018277695
0.0,0.3979396229956224
0.0,0.5576475689934225
0.0,1.1575885087028317
0.7129999828711152,5.803022081226998
9.907999495863915,16.80285895139081
24.617999889850616,30.49460424808924
27.84700019478798,40.58458021008489
39.77099875926972,43.420995926952855
35.04399879693985,40.09656382799033
19.120999220609665,32.70908819830493
3.7510000912845136,21.972479107809995
2.131000032797456,9.704352222188152
0.1009999962570145,4.260905336633319
0.0,1.9898146167123938
0.0,0.9175418012623855
0.0,0.38971373425189165
0.0,0.2851785095421284
0.0,0.26668273697699985
0.0,0.28053524504010574
0.0,0.2980802404766719
0.0,0.3341709634407433
0.0,0.31168572813836004
0.0,0.31070297628869176
0.0,0.3489033077696012
0.0,0.42500010782506376
0.0,0.6037556549604937
0.0,1.342483218645428
3.2269999890029437,7.0016974810914485
14.129000402092936,19.851819080183688
23.977999435663225,34.761806966998414
32.89000026583672,45.404471666035526
30.96900067090988,49.55688583352977
33.57699980020523,48.24843935282126
24.263999170064928,43.24907959322575
16.643999603390693,33.50312797715101
12.021999924182891,16.92201045827918
1.549000011309981,7.1659654898038685
0.0,2.9664882632524487
0.0,1.2236049464619205
0.0,0.42306126449010995
0.0,0.301081814571093
0.0,0.27756640416524203
0.0,0.2944141119782773
0.0,0.3132926231794129
0.0,0.3015278028080897
0.0,0.2996785672035674
0.0,0.318570958060588
0.0,0.36315389925607405
0.0,0.4447129727278724
0.0,0.6333050561852026
0.0,1.3456326071425198
4.063000081628561,6.892443296914034
15.614000445008278,19.597618570819712
25.281999000310897,34.46296374521725
26.422000900506973,44.44730720264399
34.28900033116341,47.114867818883
31.05300007581711,43.5667443538242
21.42700019598007,35.7279451248682
13.362999813556671,24.291147306926693
5.474000245332718,10.648857297772748
0.3859999979287386,4.430853065819249
0.0,1.9676644331840276
0.0,0.8836783953081144
0.0,0.3702462848613746
0.0,0.28018263121000647
0.0,0.26575653771542024
0.0,0.28722914592804855
0.0,0.2994479763945395
0.0,0.331600841587187
0.0,0.3049933822954435
0.0,0.30100540530823466
0.0,0.33891064471413124
0.0,0.4149743226182517
0.0,0.5910157140125651
0.0,1.3148232786133203
3.821999881714583,6.994041320324415
15.369000126719476,19.976985262234663
27.820000679492956,34.9703010755129
36.93500007152557,45.56613699880875
42.05900074243546,49.75553746076788
41.19999919891357,48.53976710423674
35.863001210689546,43.78336588326147
27.578999452590946,34.38309409853374
13.414000039100648,17.679014834833676
1.7999999936670066,7.493393425750841
0.0,3.0718191023059083
0.0,1.2613013313536106
0.0,0.4312330020437964
0.0,0.30593083528274845
0.0,0.28100852300564977
0.0,0.2996055153350057
0.0,0.3187398788183661
0.0,0.32825712960456926
0.0,0.31767283336228486
0.0,0.31466405999118946
0.0,0.3337591190440375
0.0,0.38503535556618945
0.0,0.5202676658979474
0.0,1.0081553009618487
1.302000018954277,4.465334159948748
5.405999773442745,13.121831180144527
19.793000621795656,24.23676590453915
19.185999346971517,33.055916260341135
34.449999190568924,36.303490906328214
25.832000385522843,35.050303462055254
31.13799976706505,31.67792297879528
15.39800021469593,24.054360332861997
6.6500001299381255,11.609635003891896
0.5039999918080866,5.064711546920964
0.0,2.286478575495065
0.0,1.0649108173807018
0.0,0.4480788952461269
0.0,0.33033154425985906
0.0,0.3035253782188444
0.0,0.30696465998365596
0.0,0.32001653711463107
0.0,0.3554274581547493
0.0,0.34453200569077946
0.0,0.33665449908052003
0.0,0.3462742445354511
0.0,0.3952394705010097
0.0,0.5216401757777432
0.0,0.9348979883592131
1.4580000141263008,3.899069628050411
11.675000181794166,11.214150828295685
12.6080003207922,20.390632209549636
13.658000071048736,27.246840978100984
23.28399995088577,28.88446601119676
21.250999095439912,27.010935071985735
19.868999789953232,24.56889169834626
10.062000458836556,18.820606024903114
5.977999755740166,9.442354994433622
0.6409999702870846,4.474727738631053
0.0,2.12537099219155
0.0,1.0457191533037042
0.0,0.49855264774146063
0.0,0.3831970345569618
0.0,0.3539993990123573
0.0,0.3477170516554695
0.0,0.3570827089529716
0.0,0.3297703079503237
0.0,0.32102846537187363
0.0,0.31742027732053246
0.0,0.3280228022433931
0.0,0.3768989011917745
0.0,0.50128638353382
0.0,0.9221339037168098
2.459999884366989,3.9417846596210815
9.470999657511712,11.374301326835162
11.012999590039254,20.85696731495564
26.657000409364706,28.114311493200486
36.52199888944626,29.963897223775742
28.10000074982643,27.840676350347856
17.326999019384385,24.729405016963927
7.744000155329704,18.39600800440239
11.404999893903732,9.137789079079836
1.8379999628663064,4.414532538500136
0.0,2.151711395575085
0.0,1.0761760882223625
0.0,0.5090746573440406
0.0,0.38100780388808286
0.0,0.34335870152311165
0.0,0.33220739953392003
0.0,0.3391049095717455
0.0,0.3127117514265037
0.0,0.3060675941415331
0.0,0.31473389390992784
0.0,0.3500067603396745
0.0,0.4152744678215999
0.0,0.5821008286098033
0.0,1.2135748748297768
3.5479999889433387,5.998804211852926
14.997999674081802,17.192416712158643
27.56800041079521,30.900342504627442
30.483999412059784,40.6770375893697
36.6639984703064,43.48456648165954
31.10799939274788,40.736505198419884
18.640999393463137,33.97743454998126
15.635000296235084,23.648640484655928
8.128000222444534,10.797758598755438
2.2899999883770943,4.752310150596374
0.0,2.1522236627509983
0.0,0.9671842089269004
0.0,0.39804763820439004
0.0,0.2904718163428314
0.0,0.2736158866884009
0.0,0.28810545962241385
0.0,0.30647191695961234
0.0,0.3444253876955812
0.0,0.3513087050476801
0.0,0.36652787346711224
0.0,0.3884659566305643
0.0,0.4579424986743005
0.0,0.619517883519804
0.0,1.105045627339254
3.830000118464232,4.5150043491093905
10.44200040757656,12.473273907654708
15.18099969804287,22.158439415362782
25.93099997758865,28.563571909033293
26.14299906253815,28.208183973916718
12.177000146508217,23.89651054556248
0.6450000244751573,19.034381932067312
4.073000120818615,12.944309875232863
3.613999888151884,6.218529534081883
1.3389999585598709,3.2119753592946427
0.0,1.666037031718364
0.0,0.8624177421800638
0.0,0.4699374380145104
0.0,0.37954489910093936
0.0,0.36318372185140546
0.0,0.3644806817867815
0.0,0.37053202819242725
0.0,0.3043010059675711
0.0,0.30080391178173604
0.0,0.30519157579384193
0.0,0.32230693691357665
0.0,0.36774545461208236
0.0,0.49367675218982265
0.0,0.9633783487261647
0.0389999987930059,4.258532094837691
4.446999891996383,12.445951098916801
14.764999710917474,23.310110191332882
31.238999931812288,32.22546359779952
41.07899946928024,35.350202354565575
35.28900116920471,33.5871351519058
31.473999440670013,29.58814483215353
25.769000831842423,21.497006849958865
10.303999918103218,9.91323278470065
2.4140000635385515,4.359792481588406
0.0,2.026332534509219
0.0,0.9707908600172757
0.0,0.43646034243930654
0.0,0.3270501125933624
0.0,0.2997543315181829
0.0,0.29787825502116505
0.0,0.29982826577214855
0.0,0.35396478275048765
0.0,0.31661479818769694
0.0,0.2922343259769658
0.0,0.3035687136217316
0.0,0.3453809163858927
0.0,0.45568654419495497
0.0,0.9114320740513909
4.588000213503838,4.182633371903115
10.08499985575676,12.54917189992047
15.536999963521955,23.399656183299392
21.19599977850914,32.6841609046352
25.404999302625654,37.73867486595409
37.39399799346924,38.76805390990044
34.92299906730652,38.3182004065464
25.168999507427216,32.57007977660906
13.540000173449515,17.714967716897554
1.6660000076889991,7.720939797903042
0.0,3.253256905833464
0.0,1.4294702966047292
0.0,0.5316522973044187
0.0,0.37080574661312077
0.0,0.32276346963905495
0.0,0.31619249761920193
0.0,0.3259905310392816
0.0,0.3883535037568822
0.0,0.3694233625491774
0.0,0.35288010355825555
0.0,0.3502133121569513
0.0,0.4046236500098713
0.0,0.5280671040607817
0.0,0.8754592696653228
0.7050000028684735,3.1915927508523256
8.002000088095665,8.96114898321726
10.776999794840814,15.80975886236512
15.413000401854516,20.616895850902825
20.533999186754222,21.292623289338724
19.656000418663027,19.901014467844394
8.810999638438226,19.515209984586274
5.185000165402889,16.302960781355903
4.105000040829181,9.074625099462983
0.7129999828711152,4.838107837489767
0.0,2.4645143196709154
0.0,1.295596619513149
0.0,0.67971737926405
0.0,0.5263104128475428
0.0,0.47420849481364885
0.0,0.43661051893470243
0.0,0.4235882203640948
0.0,0.40960579606322267
0.0,0.4089040147095013
0.0,0.40126434729439836
0.0,0.3894542659027376
0.0,0.43431552029865106
0.0,0.5505357816587797
0.0,0.8184698977486933
0.4330000088177621,2.6774632163831242
2.7719998747110366,7.262970412726474
3.71299999371171,12.635653969154001
3.8949999880790713,15.9011706329133
5.405000000596047,15.502165842369497
5.102000019848347,14.113697947585317
4.239999928027392,13.783542524173146
2.537000109106302,11.304051956272328
1.490000062510371,6.277110062164861
0.1990000000130385,3.4135159308048753
0.0,1.822648740952351
0.0,1.030632492894133
0.0,0.6077885023229547
0.0,0.5041749848014897
0.0,0.4815526158858836
0.0,0.44958654682693133
0.0,0.43014519319906014
0.0,0.363651122625553
0.0,0.37078029431194226
0.0,0.37672384357072974
0.0,0.3807992404166712
0.0,0.430972554140166
0.0,0.560872637305976
0.0,0.9089047074086087
0.4509999959170818,3.297833391484572
3.0849998946487904,9.188160172367738
18.39799964785576,16.337992018051025
23.55800035715103,20.98939927938367
25.89399965286255,20.415890981362246
12.58900001525879,17.642167449183287
3.986999886482954,15.610951660388675
2.350999996364117,11.706138706978233
0.28499999364838,6.030363247031247
0.0320000002440065,3.1665484963300434
0.0,1.671069240288926
0.0,0.9171057555586748
0.0,0.5241130511515778
0.0,0.4320765326048978
0.0,0.4147326029544986
0.0,0.4000746913847064
0.0,0.3908612511092576
0.0,0.3833975060155383
0.0,0.37718166468525705
0.0,0.36678259100094984
0.0,0.36143357813155746
0.0,0.3976846455746281
0.0,0.5086257281878434
0.0,0.8200554865842546
0.1410000005736947,2.983879738069974
2.929999929070473,8.31046199710888
6.50300014436245,14.969729891513186
15.363999722003935,19.71791590252517
14.642999694943429,20.185383938917596
17.700999304056168,18.849027537078197
9.362999542355537,17.78597308486147
8.702000263929367,13.937863063821702
4.625999797582627,7.306034809661593
0.3300000095367432,3.7825356725889634
0.0,1.947781104385046
0.0,1.038623492065513
0.0,0.5529597480549958
0.0,0.43544700477490506
0.0,0.409917828334613
0.0,0.3947805841017844
0.0,0.39243347372015286
0.0,0.40014402239799324
0.0,0.40001390582887514
0.0,0.39356447683099444
0.0,0.3778292103186166
0.0,0.4186715748849846
0.0,0.5286472952107368
0.0,0.7812293623040416
0.0,2.5432345238209986
0.1020000017806887,6.844024101278446
1.1909999433904888,11.85219711093284
7.568999854624272,14.818986281039937
8.366000076830387,14.123138642899098
4.105000040829181,12.429710816574666
2.1999998924136164,12.070821932013418
1.4030000553280115,9.918572266674678
1.0079999836161733,5.5516592540724305
0.3150000149384141,3.1197627157661594
0.0,1.7316779747737023
0.0,1.0342556464626163
0.0,0.6530185645896446
0.0,0.5475219644464553
0.0,0.5274315495672343
0.0,0.4810047520973543
0.0,0.4322383970603232
