y_true_kw,y_pred_kw
0.0,0.23504884946773558
0.0,0.2321715208701145
0.0,0.2252950912321729
0.0,0.2740400340311829
0.0,0.3356525631539492
0.0,0.42622565311698635
0.0,1.1910192009013174
3.681000073701144,7.447227305387846
16.693000283241272,20.261376175197288
30.51199921369553,33.00053123315036
39.95899918794632,41.677925236881514
42.5400008559227,44.31567744225758
25.41500011205673,41.631211059467134
25.4489995777607,35.96898714815919
23.15899907588959,27.70157362998842
10.220999772548677,14.90559678127337
2.3890000939369203,6.1506553306251694
0.0,2.185926059878087
0.0,0.8503313722563265
0.0,0.356738869492526
0.0,0.27486868517580915
0.0,0.2780151334423404
0.0,0.28136255550125494
0.0,0.2711266729988135
0.0,0.20913781226469808
0.0,0.20736970864766718
0.0,0.19870233703392257
0.0,0.2450026230776237
0.0,0.2967277252648881
0.0,0.3687124189010271
0.0,1.146095875124627
3.6749998961389063,7.627877953349025
16.58299959540367,20.98609960652404
29.825999965667727,34.780560877051634
39.04000100374222,44.819688900531155
44.29700073242188,49.21044857518545
44.86100201845169,48.43432296142268
39.50900178909302,43.59609910678346
29.945999408960343,34.59442266417028
14.926999883651732,18.677070592428155
2.0360000456124543,7.103036475124605
0.0,2.399040377855007
0.0,0.942541143445407
0.0,0.3363355992692216
0.0,0.2452691224352332
0.0,0.2486562249384514
0.0,0.2501850807700757
0.0,0.238488113164922
0.0,0.23088964051955446
0.0,0.2319921764070748
0.0,0.22388515841096224
0.0,0.27399730261519895
0.0,0.3350786605967025
0.0,0.4316555770773532
0.0,1.0858870182146245
1.0220000128075482,6.446755345899092
10.6799997484684,17.68375599340514
16.715000420808792,29.50259464801833
30.85300031900406,37.48939319563561
37.613001136779786,38.92319672900581
38.601998825073245,34.934403421517885
18.77099964618683,27.456257623267994
12.088000336885452,18.584872631268436
13.181000075936318,9.154333293165674
2.156999903619289,3.944507092651218
0.0,1.5099420984796603
0.0,0.5963451692327895
0.0,0.3149868134022446
0.0,0.25868617286766565
0.0,0.2644830357801729
0.0,0.2774996731199426
0.0,0.27059852176048627
0.0,0.20888943058232107
0.0,0.21069046750721981
0.0,0.20207449009411282
0.0,0.24550103401899886
0.0,0.2934218517940742
0.0,0.36629185367336076
0.0,1.0654020815520395
2.8419998922944067,6.716170245129387
16.294000028967858,18.75057842403855
28.90200034976005,32.073266719717886
37.232999134063725,41.91733322950974
30.11600084543228,45.412988945684695
44.4180004620552,43.62816663796415
33.64699930429459,35.9818974246033
24.50500039696693,24.71659512025318
9.108000468611715,11.660280216491914
1.9280000588297843,4.514688076826476
0.0,1.669174737383447
0.0,0.6726214908439542
0.0,0.30238865776488627
0.0,0.2326135065499632
0.0,0.2393977226783212
0.0,0.24985022218299208
0.0,0.24147691504326824
0.0,0.2642670935879043
0.0,0.25743138080852007
0.0,0.23747229228269257
0.0,0.27221038166313866
0.0,0.30709586211723366
0.0,0.3491685568525205
0.0,0.6970823163941938
2.2359999307990077,2.882862428505175
7.416999977827072,8.157871732027068
5.97099980533123,13.557091904851102
18.544000374078752,17.520780382830086
6.456000037193299,19.49022848073174
17.088999678492545,21.074070502329025
32.318999029397965,22.46817100202964
14.085000126957894,20.005212214067914
8.398999769687652,11.624284070833308
0.4330000088177621,5.364149958843605
0.0,2.1021933241710373
0.0,0.8152554460255965
0.0,0.37170879883691066
0.0,0.2917107638776079
0.0,0.28275906694841274
0.0,0.2766307586602221
0.0,0.2613392935983872
0.0,0.22955546004191446
0.0,0.22972213481163065
0.0,0.2213097904700207
0.0,0.25965977694450804
0.0,0.30855444029975965
0.0,0.3841880362338822
0.0,1.0176098751510265
3.176000020205975,5.6862869497993405
15.72999976992607,15.876388441965174
29.41499935626984,26.877414043873024
26.13400059342385,34.93915701458785
40.706999757289886,37.400508495476274
39.93799933671952,35.77454171837635
34.79799819231033,30.49267753420194
14.83299966931343,22.42122288760841
12.50700015604496,11.603466269265924
3.168000040203333,5.021413381742592
0.0,1.9212222910550405
0.0,0.7501022193337408
0.0,0.3421186802852941
0.0,0.2655508013912238
0.0,0.2676115605518664
0.0,0.2712424124126945
0.0,0.26068231546271325
0.0,0.22601633854275952
0.0,0.22433174005975612
0.0,0.21631686404100048
0.0,0.25469179113360846
0.0,0.30202629254202357
0.0,0.37032459993246764
0.0,1.1154650731780396
3.848999910503626,6.569329347378371
17.303000363111497,18.24816471398572
29.85600033998489,30.61038859717194
38.3859985947609,40.06998345557986
31.69499904870987,44.46586997304187
27.534000945091247,44.76453821283027
31.780999026298524,41.141891258133846
19.93099905729294,33.35807399555616
13.805000056624412,18.83857891387204
2.1100000531971457,7.85451869420144
0.0,2.8107235248573565
0.0,1.0821491973155715
0.0,0.37066875168466135
0.0,0.266818917443557
0.0,0.2675272079403184
0.0,0.2649647098024174
0.0,0.2532793299078928
0.0,0.21545535707161217
0.0,0.21445324672831556
0.0,0.2066308109121428
0.0,0.24573481932110114
0.0,0.2927595956479697
0.0,0.36138389255710307
0.0,1.1183002880157584
3.917000125646591,6.713668231773334
15.713000037074089,18.690581034631872
28.198000055551528,31.583521244567322
38.220998589992526,41.59511217392776
44.33099814414978,46.40211779708985
43.5119998383522,46.66849316267272
39.145998492240906,42.65930391765857
29.52500004410744,34.19460940205041
15.2610000115633,18.84301032894023
2.2689998804032805,7.515862155902926
0.0,2.6613551247383445
0.0,1.0451978788609366
0.0,0.35852027523831115
0.0,0.2577624660755958
0.0,0.25963421689360333
0.0,0.25889415270261945
0.0,0.2465635175256568
0.0,0.20973625262612372
0.0,0.20703281258412426
0.0,0.19425396305842457
0.0,0.2350942827609306
0.0,0.27811260426107026
0.0,0.3319743004399454
0.0,0.9135727944100072
4.505999840795994,5.124568517207369
10.50499996125698,14.566356688269368
12.148000058531762,25.29312117296942
34.100999902486805,34.4563275315383
41.99600118875504,39.94186627610636
34.22299991846085,41.842855297237584
38.175001850128176,39.47582728086268
21.65200094938278,31.952407213683053
6.347000149190426,17.481382022774962
0.4730000051110983,7.0011897670226375
0.0,2.473441810548488
0.0,0.9516747753618842
0.0,0.3399277104395242
0.0,0.24877382318605235
0.0,0.2472326098745563
0.0,0.24605255743684187
0.0,0.23113733409793535
0.0,0.23948062052991154
0.0,0.23415183506752418
0.0,0.22036676908451375
0.0,0.25789485515568106
0.0,0.2989290725775281
0.0,0.3500424967411547
0.0,0.8393835566323885
0.1650000047683716,4.010626099610684
4.6909999239444735,11.510233939207987
10.923999780416487,19.48307366009163
16.795999993681907,26.0375543217514
35.21599875211716,29.683995414473994
20.05100055456161,31.34391969749031
14.889999558925629,32.321932725479954
29.942000317573548,28.828365135927065
12.148000058531762,17.091481807356065
1.99399995803833,7.36537559645796
0.0,2.658953342214145
0.0,1.0054118005451722
0.0,0.37581368754590244
0.0,0.279521439132524
0.0,0.2741593089965178
0.0,0.2675159245955565
0.0,0.25310328932951576
0.0,0.27774970225159623
0.0,0.27923770060894015
0.0,0.26896091874583566
0.0,0.3163245149708975
0.0,0.3823316616157759
0.0,0.48320547223727295
0.0,0.80508615660141
0.0950000032316893,2.81469186835642
3.854000058472157,7.520077906626137
5.680000179708004,11.740509768357688
3.247000067383051,13.42918789487165
3.815999960899353,12.049912934761885
4.003999876081943,10.461586434855711
1.964999998435378,9.769484234874264
3.960999887287617,7.971117838015451
3.101000111401081,4.768882065315291
0.4320000113174319,2.568437360491292
0.0,1.1488370787809863
0.0,0.480929350943885
0.0,0.3383208893973526
0.0,0.3055294100231352
0.0,0.30265305975465284
0.0,0.31042977357178997
0.0,0.3064959137228748
0.0,0.28870210054485895
0.0,0.2856350166762322
0.0,0.2696428363244674
0.0,0.3088286686433183
0.0,0.35933652662229054
0.0,0.4278417239138065
0.0,0.6785334101063619
0.0,2.242687764669316
0.0950000032316893,6.052413385703872
0.5439999881014228,9.328432575430597
2.563999881148338,10.672091300539302
5.35099994301796,10.040009839054134
6.57300016194582,9.638474176215889
7.7769998481869695,10.358290285877791
7.514999797046185,9.44483744745901
2.7469999051094054,5.847916821834916
0.0380000012926757,3.1000320089992397
0.0,1.3693011997643543
0.0,0.5718834755686288
0.0,0.36469245274049394
0.0,0.31679991849422523
0.0,0.30787483076354843
0.0,0.3064601619405368
0.0,0.29681179105413263
0.0,0.20991012621020141
0.0,0.2087159726802226
0.0,0.20077753239894114
0.0,0.23765186877998834
0.0,0.28127467411383117
0.0,0.34503672903546767
0.0,1.1124187136388566
2.946999918669462,7.016568659427914
15.549999577999117,19.47758193607144
30.71299925684929,32.73001473300579
28.88700016260147,43.10882751072301
29.959999309778212,47.88822912265487
47.07999862194061,47.65901708345533
40.37099802970887,43.80186848719793
29.52299947142601,35.59268324285602
10.38700006365776,19.819720033167457
1.9960000172257424,7.8142433341057345
0.0,2.722320600144923
0.0,1.0581010869289689
0.0,0.3589125994421918
0.0,0.25438100486505516
0.0,0.2547126826860638
0.0,0.25136523792730453
0.0,0.23803326283813184
0.0,0.20958076566560646
0.0,0.20788102233486214
0.0,0.19992722222442655
0.0,0.24065439597002322
0.0,0.2882635418105286
0.0,0.355043364408374
0.0,1.1494074914660446
4.239999928027392,7.648905479336111
17.353000302314758,20.988885811822325
31.679000629186632,34.684025651138555
41.257999374866486,44.845433649098055
46.77299903631211,49.32974497197889
46.68899963140488,48.73096265463455
41.77300100803375,44.20592045902816
31.849000011682516,35.30539942920388
16.703000065684318,19.260857841489194
2.8799999898672106,7.425621402094805
0.0,2.5319232270736323
0.0,0.9941638551478402
0.0,0.348368014162535
0.0,0.24944649155905452
0.0,0.2513448345009111
0.0,0.24987050547599707
0.0,0.23776068373155307
0.0,0.2087249480515192
0.0,0.20726543577101392
0.0,0.20001407726675663
0.0,0.24103707438252897
0.0,0.2890891632055817
0.0,0.3586531231208127
0.0,1.1674469424208975
4.30199996560812,7.797060482207133
17.697000212669373,21.289902186333588
31.859000821113582,35.11268401385633
40.93499931573868,45.23263908524077
45.92600092887879,49.77825579550259
45.4139981007576,49.24402382957929
40.17799822330475,44.75003660445025
30.769999146461487,35.849404534961984
16.353000491261483,19.580655048480835
2.8689999210834505,7.505785778352721
0.0,2.537481197378101
0.0,1.0018871039120445
0.0,0.34824067852077994
0.0,0.24923672456992557
0.0,0.25131025591349815
0.0,0.24971184273257008
0.0,0.23763925211347264
0.0,0.20394159581070243
0.0,0.20284653169029968
0.0,0.19538138837389074
0.0,0.23381925855490787
0.0,0.27845839090375935
0.0,0.3442650487469337
0.0,1.129027160885303
4.399000011980534,7.398932555529435
17.74800043821335,20.438657875124665
31.83100101947785,34.07212305908746
40.939000461101536,44.39957726538544
46.26199854850769,49.239597353967255
46.96200180530548,48.978638338955314
41.45200152158737,45.141309640232286
31.503999814987186,36.860553528633936
16.69199999690056,20.42934502339978
2.920999919474125,7.770145424145399
0.0,2.6074682647608096
0.0,1.0258568745007983
0.0,0.3478129245539874
0.0,0.24589978973314444
0.0,0.2470551073595395
0.0,0.24416609400364597
0.0,0.23153152722181197
0.0,0.20199062496030246
0.0,0.2001178237448556
0.0,0.18792156943252883
0.0,0.22721171523576317
0.0,0.2668644653015669
0.0,0.31863875157523747
0.0,0.8793321642478591
2.088000044003129,5.114758525792476
12.759999684095384,14.688997030621026
20.676000821590424,25.491316310737616
17.84200065255165,34.58339587166293
34.04000092148781,39.41406923084876
34.41599972486496,40.02358755651152
29.22700098156929,37.036451570053515
30.303999220132827,29.15911472063852
12.688999893665311,15.057940599656344
2.009000016823411,5.68790394740643
0.0,1.9887480124850625
0.0,0.7854657576066235
0.0,0.3134550606253925
0.0,0.23368783012934966
0.0,0.23500788367945574
0.0,0.23633293009783962
0.0,0.22267869181892502
0.0,0.20224777108765113
0.0,0.203734320330441
0.0,0.19526439003809654
0.0,0.23984099854116514
0.0,0.2900669433016237
0.0,0.36632702693425306
0.0,1.0536715527330192
4.539000047147274,6.883118614215113
17.471999459266662,19.08244238541262
31.81799935102463,32.38137402822863
41.0139993429184,42.058478491454444
45.81999933242798,45.23514651393678
44.96800184726715,42.78516866482175
38.83399952888489,34.768299834339565
14.495000450015068,23.38905631735412
9.13600027024746,10.876709988337023
0.4460000084154308,4.199358328347542
0.0,1.5348958546358589
0.0,0.6165201784073203
0.0,0.2923148350439585
0.0,0.22853526522930406
0.0,0.23593236222436711
0.0,0.24810710759498855
0.0,0.2394311897976583
0.0,0.21505287236322324
0.0,0.21920101847046292
0.0,0.21586401370282282
0.0,0.2666529861945843
0.0,0.3352872369455606
0.0,0.4543032606296367
0.0,1.2324510404651101
4.286000005602837,8.071119978252222
17.74499957919121,21.510136720072904
32.10599965810776,35.02503073696096
41.12999969482422,43.259704595790545
46.881001205444335,43.83929588319422
35.32799795866013,37.965610627492644
23.405999966859817,26.77225858312047
12.070000317692758,15.695679584794753
9.449999806284906,7.0090289884801455
0.0,2.9353847300656115
0.0,1.1408219497310916
0.0,0.4684124727990685
0.0,0.28966017416962403
0.0,0.24343357271038962
0.0,0.25409163500797366
0.0,0.27486248195810997
0.0,0.27202882443433657
0.0,0.2330714253063877
0.0,0.23046500125482727
0.0,0.21564037572397748
0.0,0.25339358766756026
0.0,0.29539128365113626
0.0,0.35369164094520245
0.0,0.7865268494789415
0.2350000063050538,3.8761386386325976
4.568999907970428,10.902360967387603
8.764999817609787,18.411137875229812
19.926999965906145,23.94843380761561
23.15399969816208,25.681421387510852
38.51599884748459,25.03028141879393
36.667001383304594,22.422148280328525
8.867000268697739,16.800501339020574
6.293999864459038,8.742002205523754
0.5419999931007624,3.9189487702725114
0.0,1.5577681500031413
0.0,0.6243172113011984
0.0,0.32896376037579506
0.0,0.2673776482047996
0.0,0.2667056143341637
0.0,0.2705647637636141
0.0,0.2561081767301121
0.0,0.27141676258271913
0.0,0.26963353282572206
0.0,0.25775444267369696
0.0,0.298195331176422
0.0,0.3533450075167613
0.0,0.43351576528638675
0.0,0.8457568554876544
0.8239999942481518,3.615329186186976
4.814000226259232,9.923195684436823
12.448999980092047,16.045590636929628
16.697000401616098,19.57956583830882
19.177000877857207,19.35069603468138
22.45500083565712,17.994634715384265
16.95599959373474,16.455493370191494
13.739999930262568,12.979042057826712
7.215000161826611,7.357676413180782
0.6820000282675028,3.7127445201026275
0.0,1.5587123125160591
0.0,0.6193219647464816
0.0,0.36096193962208356
0.0,0.30755643746058414
0.0,0.30355726346668105
0.0,0.3070467209039008
0.0,0.2979375740162352
0.0,0.24796604400680053
0.0,0.24663115417593479
0.0,0.23819702862291708
0.0,0.2835005509442154
0.0,0.34244534969801843
0.0,0.4295417769833648
0.0,1.008773130595173
2.829000021070242,5.231180404799242
9.735999540686608,14.528643705331909
22.52500033974648,24.01081387227847
24.528999053239826,30.41160410318098
23.897999122142792,31.774923776298877
18.86199900150299,30.04018541556599
13.605999559164047,26.635688810011263
21.654999754428864,20.62163558847688
12.05999950826168,11.222981215701076
0.740999977067113,5.049584371829105
0.0,1.905967974846717
0.0,0.7266549449544933
0.0,0.3427786621958993
0.0,0.2770964280386535
0.0,0.2793102068326185
0.0,0.2863683283323867
0.0,0.2796622374121935
0.0,0.24712612513427115
0.0,0.2422652357008688
0.0,0.22894276664655847
0.0,0.26618597865225496
0.0,0.3098731387595373
0.0,0.36770336513447693
0.0,0.8542982611436841
1.108999955803156,4.243466023780926
8.07999982893467,11.925141441996951
9.234999862313272,19.928304449864722
25.475999093055727,25.932883574490074
20.56499984741211,28.52569514041983
22.96499898314476,29.049075396481772
16.791999875307084,28.45901675042709
21.623000861406325,24.140802568227798
6.293999864459038,14.022685642107781
1.1259999454021454,6.374075362748547
0.0,2.371000481240229
0.0,0.8907287136759923
0.0,0.3746475883093357
0.0,0.28829126185406834
0.0,0.28261819195929744
0.0,0.27887359593021516
0.0,0.2644917043990329
0.0,0.20526209438299667
0.0,0.20383394099098046
0.0,0.19457437747127115
0.0,0.23004287292421288
0.0,0.2702305666507667
0.0,0.32769064228596384
0.0,1.0359221262127656
2.09200003400445,6.243842608891155
12.361999716162682,17.56694469216997
31.40600050926209,30.066729783738488
42.59800103187561,40.547615890054495
47.96600173473358,46.19056794082775
47.72500050783157,47.07815720190202
43.221000726223,44.48794869125777
32.76800024986267,37.147376638762374
18.07200078368187,21.21463995827756
3.6669999161362647,8.403486054254794
0.0,2.9031112365613407
0.0,1.1206492904984942
0.0,0.3629505888188681
0.0,0.25476817416160363
0.0,0.2525394936413125
0.0,0.24766140948551757
0.0,0.23234065546244537
0.0,0.21445151849464705
0.0,0.21696138027259354
0.0,0.2106514899964923
0.0,0.25266086850001607
0.0,0.30521800647486214
0.0,0.3923749550961371
0.0129999995976686,1.0480249812023947
3.6380000849068166,6.496226674724149
18.454999537467955,17.920855938182534
30.68000007748604,30.172233317957854
42.01399812698365,38.62273139753966
32.19500049471855,39.972317300030696
28.578000004291532,35.66127132826701
15.868999518752098,27.010270556103233
5.380000030994416,17.101096369390802
4.6770000231266025,7.861220290018535
4.158000068813562,3.2529475873736575
0.0,1.267531990550251
0.0,0.5141259002839004
0.0,0.29458504342985936
0.0,0.24239281326581547
0.0,0.2495542577710081
0.0,0.2640278247863114
0.0,0.2564384433908115
0.0,0.2058277807699037
0.0,0.20331416612864397
0.0,0.1953217261674664
0.0,0.2370732967384086
0.0,0.28597771959228135
0.0,0.35388347013733873
0.0129999995976686,1.143084247659512
5.334000210165978,7.782364114693918
19.06399933099747,21.17744342528011
33.30700053930283,34.836072180226445
43.30299955844879,45.01222605144729
47.33799855470657,49.70228312400362
48.43800132513047,49.24891376628125
40.751998264789584,45.21464260720503
23.914999881982805,36.822145084371876
11.90900043129921,20.620181014779877
3.370000112950802,7.997567549100001
0.0129999995976686,2.672449774237105
0.0,1.0334414921081245
0.0,0.35398044264769774
0.0,0.25340708084513724
0.0,0.25348127992117336
0.0,0.2510388256131274
0.0,0.23663030382046663
0.0,0.2097418203911824
0.0,0.20757775522046779
0.0,0.19932548507116754
0.0,0.24114922503175557
0.0,0.2898229624886663
0.0,0.3570799361132567
0.0190000006463378,1.172716080432964
5.6620001605153085,8.042362423429479
19.478000799417497,21.719589329317188
33.83900087833405,35.50599718763747
43.67299869775772,45.70999543880009
48.8290003156662,50.36359459582539
48.99100151538849,49.967243848787305
43.21600134849548,45.78495556116123
27.89800042033196,37.19840081915687
12.214999730587008,20.86422837103545
2.7430000434815884,8.162151464014336
0.0,2.746738280210957
0.0,1.064106457192628
0.0,0.3599380499847221
0.0,0.2560080574880172
0.0,0.25634968180505596
0.0,0.25335127365007254
0.0,0.23949174008932234
0.0,0.2251406794659546
0.0,0.22347001160921837
0.0,0.2173673108547518
0.0,0.26352435325957113
0.0,0.3232489644046056
0.0,0.4108125668609059
0.024999999689171,1.2445312045719132
5.936000053286553,8.403394526997308
20.46899906039238,22.324330801101485
33.85300077915192,35.721257585670806
43.42300105571747,44.66778153553539
48.07899917364121,47.70520679284096
43.30900127649307,45.73283328350504
27.31299928307533,39.698325924212966
13.501999562382698,30.28608421487382
18.44300020933151,16.22596042108745
3.891000126451254,6.631179031259391
0.0,2.316557100564055
0.0,0.8960889806406285
0.0,0.3535102776989407
0.0,0.2649557975173148
0.0,0.26909252534467915
0.0,0.2719910318612715
0.0,0.2620680995514015
0.0,0.20673193144129626
0.0,0.20452685593563968
0.0,0.19781836129529545
0.0,0.23995359045870923
0.0,0.2906027198906519
0.0,0.3622272454516325
0.0129999995976686,1.2156586389137425
6.031000040471554,8.554456693275906
20.588000271320343,22.877187091092413
34.77899891376495,37.02234085889206
45.01799973249435,47.09007063349514
50.05800099849701,51.701272146917724
49.31200100183487,51.281225180285446
46.14700053691864,46.87881488055399
33.56299989938736,37.9288192858049
19.853999602794648,21.0499746949793
4.95200020223856,8.086922937798139
0.0,2.6751634244834475
0.0,1.0475165544510248
0.0,0.35467129982621615
0.0,0.2523200289079589
0.0,0.2536268692938498
0.0,0.2515462213545961
0.0,0.23839170316976194
0.0,0.2247641772757999
0.0,0.222484196132815
0.0,0.2122173732021238
0.0,0.2499294401568862
0.0,0.29437461246116603
0.0,0.35969748439167554
0.0,0.930716749067274
4.399999784827233,5.551246999327946
15.6609995251894,15.425991087551184
29.4560008263588,25.900389800166426
32.93500082731247,33.55995982378111
25.104999667406084,36.256598116410295
23.473000665903093,34.73105991713403
22.969000128507616,30.255293288253725
16.284000246524812,22.643966504999987
15.33499963402748,11.791975290858796
4.928999778330327,5.011565146245344
0.0,1.8441315901619766
0.0,0.7154208302125661
0.0,0.3382122524007813
0.0,0.2658256927664047
0.0,0.2650997213036778
0.0,0.2675314631780119
0.0,0.25308294605990206
0.0,0.20779974827087247
0.0,0.20521517173966164
0.0,0.19690417198679733
0.0,0.24057743064798465
0.0,0.2917033269282238
0.0,0.36147064945067875
0.0,1.1655010743669039
6.2070001140236855,8.09065015914554
21.157999167442323,21.759551304213833
34.936000735759734,35.51301549998353
43.17099873304368,45.468196636042016
49.58499906778336,50.14913057402535
44.39999941587448,49.9058329166007
32.43000000357628,45.63294016040813
24.706000440120697,36.904725470726156
17.462000703811647,20.679318410029854
4.356999796032905,8.12076658229722
0.0,2.698338019948972
0.0,1.0383070195404904
0.0,0.35547198919553646
0.0,0.2553817606022522
0.0,0.25593471364214504
0.0,0.2545774510200422
0.0,0.24012428067203326
0.0,0.20229011949107467
0.0,0.2013380069528657
0.0,0.1947142786632801
0.0,0.24206077149305086
0.0,0.29791848463237736
0.0,0.3760453312314599
0.0,1.241740158761721
6.254999994039536,8.958643959575996
21.194999492168428,23.805995511111018
35.51599838733673,38.197998186497614
45.72499883174896,48.05405363407368
50.37499933958054,52.34998150651771
50.1670013999939,51.65302533145771
46.3359991979599,46.778392088035666
34.506999080181124,37.33981841875079
19.66099979639053,20.37002791665969
2.22100000038743,7.654512273608484
0.0,2.496196092924189
0.0,0.9784483658960562
0.0,0.3356206633245805
0.0,0.24099806571421478
0.0,0.24546336016102407
0.0,0.24718552367353014
0.0,0.236420366544007
0.0,0.18632189766212523
0.0,0.18732191938666085
0.0,0.179398928021653
0.0,0.2245430153399016
0.0,0.27318775425435105
0.0,0.3428087462925053
0.0,1.0701822928153653
2.0000000072270634,7.782575139679603
16.03399952352047,21.32316901760015
27.4530003452301,35.395441287427204
43.83400166511536,45.49466300691201
48.00699909687042,49.51760487577317
39.21999914169312,47.9156543359081
46.26399912118912,41.17897911652327
22.88300015091896,29.715129545525112
6.4380000180006025,14.151754969463925
5.083000227808952,5.013579021880897
0.0,1.6817872334537427
0.0,0.6764054441820606
0.0,0.2855919045247838
0.0,0.2140788561944419
0.0,0.22055692660911322
0.0,0.22832031434894975
0.0,0.2190037166881328
0.0,0.2073987983935438
0.0,0.2057734907535766
0.0,0.19872439404820685
0.0,0.2419908972923715
0.0,0.2931706335515982
0.0,0.3650583479761813
0.0830000011343509,1.2568356568346253
6.799000174701214,9.147147051109
20.92399994492531,24.049516838393917
35.631998739242555,38.433889586011894
45.18399796962738,48.59130811848499
49.551001656055455,53.05377025719787
50.20200115203858,52.39694795643135
45.808000004291536,47.92717140290721
35.113998301029206,38.98389163775941
20.148999860286715,22.025834691173674
4.857000215053558,8.599067884975213
0.0129999995976686,2.8518975258711214
0.0,1.1048444141248497
0.0,0.36162683015402347
0.0,0.25413031723227897
0.0,0.25518590749165787
0.0,0.25184880230523876
0.0,0.23869693489563681
0.0,0.20753470862707793
0.0,0.2053920721930682
0.0,0.1980567816576532
0.0,0.24074871880585008
0.0,0.29105762196644314
0.0,0.36034997862813944
0.1080000028293579,1.2416808266121833
6.625999933183193,9.026774387997282
20.82799915790558,23.815764342500323
35.70199824333191,38.134979606728415
46.34900086641312,48.355408633718675
51.17499836683273,52.900659764968566
51.23299854278565,52.26700200635711
46.53300014972687,47.90429670419909
35.450998260974885,38.95689258212274
19.979000477790837,21.885475130392383
4.95200020223856,8.470795996157344
0.0,2.8057456499294
0.0,1.0933025555453935
0.0,0.3615785446256446
0.0,0.2545201405610906
0.0,0.25495661293459426
0.0,0.2512075560107622
0.0,0.23786857664567926
0.0,0.20883536705440703
0.0,0.20598785011312742
0.0,0.19845456182327254
0.0,0.2447245302015602
0.0,0.2990128785057344
0.0,0.3714930374368887
0.1020000017806887,1.2604111567749665
6.537999896407127,9.271817177354231
21.12199912905693,24.2789321383997
36.10099952459336,38.68233422265085
46.526998431682586,48.77981800490143
51.120001103878025,53.34661682849671
51.25099958896637,52.77771497863622
46.995000984668735,48.467652889930235
36.47200100421906,39.598209035562974
21.131999938488008,22.45493877701942
5.217000085413456,8.757716540511472
0.0129999995976686,2.87117514418926
0.0,1.1108949609534657
0.0,0.3635413479819724
0.0,0.2581715048688915
0.0,0.25870406056702816
0.0,0.2562424194803477
0.0,0.24205532759816956
0.0,0.20753910203722575
0.0,0.20498694286415087
0.0,0.19788426890704278
0.0,0.2420873869009883
0.0,0.2944700685245604
0.0,0.366935869926394
0.1640000072680413,1.2582881493005678
7.681999861001969,9.212490477602271
22.38100018620491,24.195383291145045
36.54400108098984,38.56111874169175
46.73000110149383,48.61335972484776
50.74600081920624,53.1758249547441
50.54999809980393,52.70754447521288
46.658001024723056,48.57753398261916
36.40700087785721,40.03175223283904
21.197000064849853,22.928403278278484
5.258000015020371,8.89884904122558
0.0129999995976686,2.890535823993036
0.0,1.1212443522244844
0.0,0.36616909279976173
0.0,0.2580815977470261
0.0,0.25813911741524737
0.0,0.25421543777622513
0.0,0.23990550696381974
0.0,0.205266597404471
0.0,0.20281963458871832
0.0,0.19580201941415723
0.0,0.24091083373160482
0.0,0.29519033008670886
0.0,0.36976639901918845
0.1569999926723539,1.2778376825765996
7.471000035405159,9.427825444357689
22.414999651908875,24.643097855129056
37.19999995470047,39.11662477739144
47.94500188350678,49.23022560445491
52.38900091648102,53.85742415874842
52.05200095653534,53.39241350085008
47.78399891614914,49.372765975725095
37.31399973392487,40.928785802914085
21.592000200748444,23.594435429322605
5.443999871015549,9.157832669680825
0.0129999995976686,2.964728180927836
0.0,1.1483208636823796
0.0,0.36984230988748446
0.0,0.2597535020632277
0.0,0.2593316657259889
0.0,0.25516565965468924
0.0,0.2403167106100747
0.0,0.2850059679389198
0.0,0.2680053691973604
0.0,0.2444899086236473
0.0,0.2828739917363237
0.0,0.3213705044034683
0.0,0.35730279998563746
0.0,0.7339264582027467
0.0,3.600361771014086
0.7629999862611294,10.058875645754656
3.6259999865293504,15.717450091510381
14.23200011253357,19.356225682200712
14.262999746203423,21.845537886566778
17.106999697685243,23.57711831213724
37.193000004291534,27.77947438267114
30.77899966955185,28.336726054521748
22.454000549316408,18.86894726623291
3.587000116109848,8.951331643200584
0.0449999998416751,3.1752152064221812
0.0,1.1984792555104744
0.0,0.48560641513572733
0.0,0.35344157303041085
0.0,0.3206667451177278
0.0,0.291397909475385
0.0,0.26853744209305763
0.0,0.287048178698239
0.0,0.28920142826770684
0.0,0.28468632882709527
0.0,0.34736332892429145
0.0,0.4388965529317648
0.0,0.587734991386348
0.0259999991953372,1.113923429624369
7.713999781012535,5.018752801013179
12.184000096917153,13.152117601854961
27.23000016450882,20.52452489189515
33.51999991059304,23.809811655969344
11.664000113010406,21.684069917202784
12.949000399112702,17.353846828812923
23.33399989008904,13.981372468139305
12.30700039923191,10.301231142685983
7.500000123381615,5.939435110035235
1.1410000041872264,3.1280729594608454
0.0,1.2941179981831035
0.0,0.5112325811445863
0.0,0.35048314670531905
0.0,0.31894837890814826
0.0,0.3204525301825915
0.0,0.33701676420806886
0.0,0.3387873354830084
0.0,0.2723441099548349
0.0,0.269460881999167
0.0,0.252914060487434
0.0,0.2926281104004746
0.0,0.3385248366347202
0.0,0.40114812107345393
0.0,0.7633796442570168
1.2089999625831842,3.233204330426525
5.314000131785869,8.861234269293272
5.796999790966511,14.303299904838486
11.396999657154083,17.66824572802383
15.473000123500825,18.038840906959575
32.92299944519997,17.46117883310193
23.19300059556961,16.703086721583475
20.81200073838234,13.449199895228915
8.11300003528595,7.546642547495282
2.2920000475645064,3.7014689768714675
0.0,1.5435215473498705
0.0,0.615239249549913
0.0,0.35284151927922464
0.0,0.2986610069438718
0.0,0.2950361673137817
0.0,0.2985796002626527
0.0,0.28718165174818827
0.0,0.29724741104927915
0.0,0.2959976456479203
0.0,0.28953635589294363
0.0,0.3383959464393765
0.0,0.4099863295549849
0.0,0.5200378909963161
0.0,1.006158197869948
6.983999744355679,4.491089258003937
21.265999282598496,12.100418522072461
31.178000950813296,18.924360387471456
27.56800041079521,22.026422881422967
16.471000388860702,20.481237140224128
18.28299958229065,17.836813564963993
21.15500036239624,15.533076548604324
8.059999750554562,12.055500424635168
2.4300000235438346,6.965337797220546
0.2389999963063746,3.5919683107866396
0.0,1.4747431386317031
0.0,0.5707519995074322
0.0,0.36308711308229674
0.0,0.32247267311312283
0.0,0.32261596730535447
0.0,0.33349086769289377
0.0,0.3321344239033984
0.0,0.22397742670810855
0.0,0.2199352927505193
0.0,0.21035802841276646
0.0,0.2485688438576616
0.0,0.29261144393686594
0.0,0.35060000234874567
0.0439999983296729,1.0517422753328176
4.185000097602606,6.441777097564774
21.898999786376955,17.647520128898535
29.176000756025317,29.360581272065826
43.12899903059006,38.60979811020061
42.963999025821686,43.72123949093832
43.73500001907349,44.9038357620669
42.53300090551377,42.543913282778625
33.180999377965925,35.43159528751543
19.815000759363176,20.41926865937147
5.757999920547008,8.42467224783289
0.024999999689171,2.920632561179495
0.0,1.1175176823081523
0.0,0.3786806255695824
0.0,0.27210352830501455
0.0,0.2694092673866901
0.0,0.2640503450629957
0.0,0.24846313668213316
0.0,0.2136637252868328
0.0,0.21301679225321524
0.0,0.20577289643470575
0.0,0.25273205816064603
0.0,0.3081833756616665
0.0,0.38894650017137566
0.3550000112317502,1.190607882079951
9.126000487804411,8.215693477504672
23.16099964857101,21.894131773992797
29.489000005722048,35.50688085342615
46.163001010417936,44.842192042288985
48.79299822330475,48.335798908085366
46.07900160551071,46.806281645828086
30.41700076699257,40.4305195951595
22.5719994199276,29.916417305252782
13.107999712824824,15.186808647293034
1.897999941259623,5.850481185602794
0.0,2.033679410303461
0.0,0.8058413554565256
0.0,0.32651692893762324
0.0,0.2471517866449616
0.0,0.25432204832891897
0.0,0.262851915435039
0.0,0.252912772178525
0.0,0.2130556035092116
0.0,0.21380964583457973
0.0,0.2081396589835114
0.0,0.2579967747503121
0.0,0.3183848741702636
0.0,0.4111633643195073
0.3420000116340816,1.309614208520101
6.729000157117844,9.885577160682141
22.511000438928605,25.38613385096706
33.17900085926056,40.090165366809345
44.93800147294999,49.49860004160948
46.39199880123139,52.25907376073598
26.539999771118165,49.2045533173229
28.273000991344453,40.47273652818015
14.391999712586404,27.921840342311015
6.4449999684095385,13.456653686505293
7.132999789118767,5.198607120889986
0.0380000012926757,1.8349021979562352
0.0,0.7308498166398353
0.0,0.32210399948689994
0.0,0.24761006328938517
0.0,0.2557897119657744
0.0,0.2675136226559592
0.0,0.2587487545806207
0.0,0.2335922698240197
0.0,0.22966595711732124
0.0,0.22111874980765922
0.0,0.27232880268160015
0.0,0.33226130855267005
0.0,0.41077068102545616
0.3700000058300793,1.330082331917481
9.014000254273414,9.17020856747346
23.632999238967894,23.692846713375793
37.53099819660187,37.66172672204858
47.43700020074844,47.611902001986905
51.9229989361763,52.148709402893246
51.53999812841416,51.85273133757997
47.43499962806702,47.74118519653248
31.222999458312987,39.35620088093085
19.82399922847748,23.153730592094547
5.873999758958817,9.655209604329594
0.0190000006463378,3.3085025743861376
0.0,1.2633531413471406
0.0,0.39646406786638133
0.0,0.28379362202982744
0.0,0.28405686489278187
0.0,0.28185106785114633
0.0,0.2675467998889649
0.0,0.20787023856126394
0.0,0.20657726466735243
0.0,0.20028236479179728
0.0,0.25167461269747743
0.0,0.313122569420577
0.0,0.3978361723438524
0.4779999926127493,1.3346246813955862
9.492999795079232,9.799723436100281
24.08900040984154,25.371493518421325
38.50300128698349,39.96290246234608
48.64199811935425,49.873868687630804
53.33399832963944,54.0710995067224
53.99000131130219,53.175442458971574
49.56599978923798,48.35540883383288
34.94899829626083,38.92800862980231
13.574999925494197,21.56291700236894
2.7330000042915343,8.17677281281914
0.0,2.690497361044609
0.0,1.0547564285837179
0.0,0.3482368327940451
0.0,0.24966866280346897
0.0,0.25456818402703946
0.0,0.2571991457052931
0.0,0.24641694250835136
0.0,0.22476423248192334
0.0,0.22206629881050527
0.0,0.21378129462037332
0.0,0.26394448136367993
0.0,0.32185120494947217
0.0,0.3983522373515578
0.4960000118054449,1.3464641058570264
8.380999750494958,9.638539604063835
25.015000598430635,24.825166909711736
40.10900105953217,39.18485696424406
50.500998446941374,49.28134199682301
55.61799916744232,53.760147984692665
54.920998823642734,53.231343438614616
41.232998378276825,48.89298492725639
37.82999959945679,40.103580614270356
23.185000358819963,23.133361974527872
7.107999819517135,9.298631547055567
0.0380000012926757,3.1429712141844592
0.0,1.213967331206831
0.0,0.38317456829021057
0.0,0.27150420262445896
0.0,0.2731761829579488
0.0,0.27147194213211984
0.0,0.2582934882424087
0.0,0.23756525768945008
0.0,0.23405119274649067
0.0,0.2269044725758252
0.0,0.27242766753431713
0.0,0.3287668590655351
0.0,0.4068139798205339
0.5710000168904662,1.3818327893916285
9.710999571084976,9.55179399176065
24.688999680280688,24.412355825375798
39.326000738143925,38.48325246181157
48.87399882316589,48.398511119869966
50.32700202703476,52.754873929199846
43.01400101900101,52.40971402925021
35.70899819374085,47.992061798740885
26.2289990401268,39.23357493794129
17.70199959039688,23.043582078480828
6.872000024318695,9.798388868507377
0.0439999983296729,3.4374869496669147
0.0,1.319352906841539
0.0,0.4113352385264231
0.0,0.29126973012783547
0.0,0.29145313081167373
0.0,0.2879695318451948
0.0,0.27341718143966737
0.0,0.23602430871975333
0.0,0.2300322595872906
0.0,0.21849431835139266
0.0,0.26071969590271193
0.0,0.3075049785874185
0.0,0.36622210956548257
0.721999992467463,1.1176176228575516
12.096999832987786,7.03536285199522
25.695000182390213,18.863719749267847
36.888000991344455,31.02732656787033
34.92700021266938,40.75617790106485
48.84700136184693,46.25207904956896
51.77300117254257,47.588152990218994
47.7800018787384,45.407852945562524
38.05000097513199,38.68836385996513
22.81499916553497,23.654322054789986
6.621999814808369,10.378333889903281
0.0510000008903443,3.633748519368389
0.0,1.354329663661116
0.0,0.4098986795096068
0.0,0.29136294131899493
0.0,0.28557133377970656
0.0,0.2785306325691697
0.0,0.26073770512233907
0.0,0.221589537888285
0.0,0.21859284480618568
0.0,0.21141093380768916
0.0,0.2544206542817951
0.0,0.3060404727723471
0.0,0.3790861402537772
0.4149999896250665,1.3132628891661
5.52799978941679,9.211675878580015
22.719000432491303,23.86821331261953
39.01700057983398,38.07488811179132
49.670999045372014,48.362753138556705
54.17499882698059,53.156422463480304
52.52400054693222,53.09630817819466
46.56500109672547,49.294866301317015
36.34000017881394,41.10504578441782
18.531000759601596,24.445781531130596
5.54999992698431,10.147491367261974
0.064000000488013,3.471999229828463
0.0,1.3267497314413592
0.0,0.39606380754979076
0.0,0.276717052935849
0.0,0.2762293921324816
0.0,0.272415514567227
0.0,0.2567446497841256
0.0,0.22624336932162745
0.0,0.21976083954119638
0.0,0.20379479364993433
0.0,0.24443365581220405
0.0,0.2832685561028571
0.0,0.32621404804620585
0.0629999989760108,0.9486065927767786
7.043000206649304,5.4611181979958765
14.510999896526338,15.09573146699549
17.085999846458435,25.659559014306026
30.53499963760376,35.33440543193424
48.16799795627594,42.05073032906607
49.86799999713898,44.991325212328086
46.20500071287155,44.67723815077481
35.68200073242188,38.909804501254406
18.58499979019165,23.520856032524954
4.052000012844801,9.799812570420912
0.0439999983296729,3.410002653464942
0.0,1.285069970496108
0.0,0.3935833782139102
0.0,0.277887720449352
0.0,0.2701412324796191
0.0,0.2617680038726891
0.0,0.24150388118708604
0.0,0.21735314162349795
0.0,0.21582955673031878
0.0,0.20774248497619036
0.0,0.25541330518227545
0.0,0.31364033873565833
0.0,0.39429301369301206
0.5230000085011125,1.2552843886698004
9.606000314950943,8.487887202704249
21.903999164104462,22.209781896186392
35.057998697757725,36.09211167287489
46.59500147104264,46.376642558716696
43.41800167798996,50.843055831088364
49.30199813842773,50.33659057564253
41.77199866771698,45.0910268446312
27.9790010201931,35.10047801922839
19.5400000667572,19.294412120306188
2.3020000867545605,7.9491103253242
0.0,2.8301921412029665
0.0,1.0812449559493271
0.0,0.36303928529105106
0.0,0.2648822458227246
0.0,0.2682936191366815
0.0,0.27359522328463953
0.0,0.2603572963652819
0.0,0.22160445912901233
0.0,0.21819398229334738
0.0,0.21312972292678783
0.0,0.2588243926114916
0.0,0.31783477530203436
0.0,0.40325020289846114
0.8079999700561166,1.4283563971811597
11.449000169038772,10.835054429661392
27.78400064110756,27.108561227287616
42.61700031042099,41.664590333033374
52.7759987616539,51.274054511123154
57.48300121307373,55.33580512543183
56.08299880743027,54.465566150371984
51.34899889469147,50.09371859605003
40.96000031232834,41.58464853794768
23.852000328302385,24.680615256355765
7.561999904215336,10.232673769086272
0.0779999975860119,3.4037908507051657
0.0,1.2932899454486224
0.0,0.40357702979583665
0.0,0.283719665271831
0.0,0.2829896786798151
0.0,0.27792042314273585
0.0,0.26228342047856823
0.0,0.23471377044787559
0.0,0.23363308362448343
0.0,0.22703321812434493
0.0,0.2783089901477064
0.0,0.3417607588592235
0.0,0.43300694407894036
0.8999999968335033,1.4291007437352161
11.39099999308586,10.44995751615256
26.36599924325943,26.111854202044782
40.83200063228608,40.639015140066284
51.18500123023987,50.195935788399034
55.53699856758118,53.62293634276487
53.54799798727036,51.97462703316729
40.61199925661087,45.17663497163852
29.03399912118912,33.90001530133839
17.34299949288368,18.120342450501592
4.701000219881535,7.496761352259824
0.0700000015366822,2.670553147595099
0.0,1.0344834360771646
0.0,0.3775278381129808
0.0,0.2790613626844353
0.0,0.28381081051484863
0.0,0.2889869374669343
0.0,0.2775053191972287
0.0,0.2272555099465615
0.0,0.22575989194489254
0.0,0.21811415911599213
0.0,0.26773265505988836
0.0,0.3260994291952637
0.0,0.4077112047106654
0.6560000290721655,1.2705313187115963
7.862999825775623,8.917149649135022
26.851000502109528,23.251168727014264
35.47899806261063,36.876607799181166
45.66399985074997,46.18947367114942
37.16500020265579,49.76715219896663
32.22200001001358,48.37381936774952
37.22899798870087,42.84797748143958
36.47599804162979,33.22352416308991
15.186000102758408,17.949439588087735
3.9779998768866074,7.228321356770262
0.0439999983296729,2.5005650561979347
0.0,0.9668592636761288
0.0,0.3505126315222759
0.0,0.2598868201398825
0.0,0.26582128940117516
0.0,0.27103405618783205
0.0,0.2622033807496325
0.0,0.2426207119680211
0.0,0.23195594570851413
0.0,0.21339860693983786
0.0,0.2545718179887761
0.0,0.2940738250010861
0.0,0.33284953419144536
0.7059999682754279,0.9763287075508956
11.001999521255494,5.603162513802709
10.884999909996989,15.230077700715624
11.36300019145012,25.519802867905312
35.342001967430114,34.961262308002425
49.59899896860123,42.43072102074827
42.5610007071495,46.583735516267716
48.24300094604492,47.23536802743175
39.96799971103668,42.453510848869165
23.74099935412407,27.369051454395525
7.907999873757363,12.184056292370181
0.0960000007320195,4.254162484704468
0.0,1.5840632449755954
0.0,0.4569857264200396
0.0,0.3159119256481622
0.0,0.29715860997488064
0.0,0.2792151929700683
0.0,0.25350134115515727
0.0,0.22275731234589324
0.0,0.22188720406728005
0.0,0.21458812367879404
0.0,0.2668454159683084
0.0,0.33062361359250386
0.0,0.4174714559882101
1.2070000317692755,1.3718955323607231
12.346999529004098,9.384190253618856
27.24600063800812,24.181981026015734
41.33400059700012,38.53159063116954
50.16599905967713,48.58886371694949
54.239000720977785,53.120546345399276
52.22200033903122,53.154308737729565
45.93899848937989,48.167947909956744
35.67300020933151,38.24187161212552
19.92599967956543,21.495200083710237
8.535000199973583,8.777091894843824
0.4970000093057752,3.0708272826932084
0.0,1.187662446036869
0.0,0.37002007538712606
0.0,0.26603072575637776
0.0,0.2723083134953015
0.0,0.2792146550842506
0.0,0.26842647312123685
0.0,0.24917362604987314
0.0,0.24959890314293443
0.0,0.24556498142109123
0.0,0.29765541600506434
0.0,0.3692248866843261
0.0,0.48202816632820555
1.1309999649971725,1.4018712800019764
11.78000046491623,8.96330835902133
26.679000546932222,22.957035461967575
40.30499967098236,36.32641852368888
45.34899797439575,45.00136824462583
37.34300187587738,47.327061861146014
42.90999999523163,44.7922276229071
29.59100045681,37.036430754691786
25.34300003528595,26.307373566295105
8.796999737620354,13.711900964269631
2.240000049173832,5.9958475570637
0.0770000000856816,2.2713133411706012
0.0,0.8721677898989331
0.0,0.3637418828775921
0.0,0.28439485912740753
0.0,0.292992056432099
0.0,0.30786330187157845
0.0,0.3017266490138532
0.0,0.21233589734391953
0.0,0.20965888499358212
0.0,0.20131646715990464
0.0,0.2492409593013205
0.0,0.30560316567875984
0.0,0.37944044543327315
1.1319999945908783,1.3143323212975575
10.524999526143077,9.587361092124329
24.11999901652336,24.64964762910541
38.20499811649323,39.145500733834176
51.07699906110764,49.64032270315172
54.92200116395951,54.57582979915464
53.89000143289566,54.52260019603524
49.39399983406067,50.73779225302061
40.08800120830536,42.25804242441765
21.855999797582623,24.969607345325805
5.357000120580197,10.162265911822422
0.2189999981597066,3.4040518063193934
0.0,1.2941315230102362
0.0,0.3839401429392904
0.0,0.2697237730697183
0.0,0.26982851694828286
0.0,0.2686757817373565
0.0,0.25281395011848357
0.0,0.2201644520307352
0.0,0.22148794651360704
0.0,0.2181062851057925
0.0,0.2773352407086733
0.0,0.3527763996460753
0.0,0.4690906652814516
0.6649999744817615,1.4976628112595067
13.178999503254891,11.561555683926143
29.226000695228574,28.510515392918336
43.51699921607971,43.29123371269454
53.01400118350983,51.88491476376245
56.61900029182434,54.10635400533167
53.13899795055389,50.86487071809596
43.1569988322258,41.61137375491909
33.55100057125092,28.47719131664536
5.005999746322632,13.716580201292416
5.881999995708465,5.311508720120481
0.0129999995976686,1.848938445078364
0.0,0.7377856531013862
0.0,0.32118343806077815
0.0,0.24899683422454602
0.0,0.2613606855034699
0.0,0.2791384227343446
0.0,0.27542129712062274
0.0,0.21784371252412454
0.0,0.21716286140518581
0.0,0.21170020329790695
0.0,0.26768574871854073
0.0,0.33674833580021546
0.0,0.4301791103863278
1.521999982520938,1.5272317833445137
14.330000445246696,11.7007872110097
30.54299987435341,28.783622737366745
45.15499993562698,43.68233256423572
54.727999017238616,53.1172453612133
57.413001708984375,57.08391724466142
55.670001733303074,56.601078010000506
48.25200146913529,51.768405990762574
39.75300182104111,41.98845909577019
19.258999710083007,24.11038678276539
4.763999773561955,9.616694724376513
0.0709999990370124,3.1950358179635128
0.0,1.2426079456962587
0.0,0.37084562491524903
0.0,0.25977943784152197
0.0,0.26620924488033043
0.0,0.26934188657920444
0.0,0.2602198072467815
0.0,0.2396949592296983
0.0,0.23658887085494323
0.0,0.2295598578124204
0.0,0.2728643089642908
0.0,0.32689458415068
0.0,0.40205119630294806
1.473999974131584,1.4405477741709671
14.003999527096749,9.924294078797326
29.6280007815361,25.04166358727368
43.713001935482026,39.38418176196081
52.44999989748001,49.67183018763647
53.34499942541122,54.47366177596578
52.74500015497208,54.68057118387457
50.50499959230423,51.00749935051519
41.35399810791016,42.83317317095341
24.429999461174013,26.245676626507347
8.588999744057656,11.539232442560342
0.2529999934043735,4.083630271535459
0.0,1.5526823944965182
0.0,0.43550658852689267
0.0,0.30009241407763726
0.0,0.2985819850151777
0.0,0.29293784824305985
0.0,0.27713581555474126
0.0,0.23062395317079742
0.0,0.22717757034042424
0.0,0.22083150106849603
0.0,0.2657208367147409
0.0,0.3230861852916369
0.0,0.40327757301555295
2.0360000456124543,1.4449722567032823
14.211999520659448,10.253390775171779
30.0280002951622,25.68381526083758
44.09200159788132,40.1830314425682
52.01700120449066,50.425941905090845
55.238001272678375,55.17326414477595
54.38599967956543,55.2274166166269
49.81999857664108,51.383495073542136
40.72300023078918,42.98388916389385
24.322999632358552,26.209361877135958
8.845000131130218,11.402382907199867
0.2790000086463988,3.9806524809061017
0.0,1.5131689718892023
0.0,0.4308092060986265
0.0,0.2989514033765943
0.0,0.2963454961962813
0.0,0.29073540605302484
0.0,0.2732863312116539
0.0,0.23566727057463224
0.0,0.23275072265289323
0.0,0.22733122815889995
0.0,0.2768827384683092
0.0,0.34084295128163106
0.0,0.4306103177678939
2.1909998828172683,1.5385267045690219
14.760999592542648,11.02994027216321
29.48500091433525,27.18752532339035
41.47199903249741,41.791327732898985
51.28099996328354,51.64922030507228
55.433999884128575,56.024356877934906
54.06000081539154,55.8553537142965
49.38099816560745,51.855276049903054
39.81499903440476,43.45887059561926
21.769999819993973,26.6558499074563
8.52299984484911,11.604526431713959
0.3119999903440476,4.02535039482249
0.0,1.5332106793085787
0.0,0.4287550828048615
0.0,0.2967997952477181
0.0,0.29752277134455424
0.0,0.293855193555813
0.0,0.2792587820849502
0.0,0.22642179095301573
0.0,0.22361537891021122
0.0,0.21667421512253562
0.0,0.26596615358565384
0.0,0.32834132415102496
0.0,0.41256985900302034
2.329000115543604,1.4759758422779328
14.678000473976136,10.60635888152159
30.32099997997284,26.44166965916439
44.36400143146515,41.13782202390888
53.00599889278412,51.467770400074485
56.05699957847595,56.191387164696195
54.36900097370148,56.19061949943321
49.94499945163727,52.55402103227429
40.2830015873909,44.453266095703306
23.271000336408616,27.359326348098175
8.072000105679036,11.760353348019605
0.2780000111460686,4.0442327127894115
0.0,1.5344272139090005
0.0,0.42475483429281136
0.0,0.29376125883883697
0.0,0.2921269537737102
0.0,0.28816750178529404
0.0,0.2716244353944917
0.0,0.23433907017898248
0.0,0.22951355701773846
0.0,0.2198061858930589
0.0,0.2722841269190795
0.0,0.3345026036863805
0.0,0.41106231905515594
1.8790000208467248,1.3964234430507165
13.594999490380289,9.882047957313533
29.85000067591667,24.91210018913591
44.29599839210511,39.160373305976904
53.33599890232086,49.59509120809734
56.72800069332123,54.58957905958627
55.545000858306885,54.718805545617435
50.832999029159545,51.452364705473414
40.973001980781554,43.8067658385458
24.083000745773315,27.084761984496332
8.871999646425248,11.735264950276864
0.4200000092200935,4.016846520299299
0.0,1.5051763926353283
0.0,0.42503233053153544
0.0,0.29789232950161443
0.0,0.2945112443672712
0.0,0.2904134057161989
0.0,0.27315341445306246
0.0,0.22431050699737587
0.0,0.22602868754252617
0.0,0.22282380519367623
0.0,0.28108384905686473
0.0,0.35882694846867563
0.0,0.4796998250169469
2.482000021934509,1.5434734719061503
14.57499973654747,12.090700250862456
30.676000986099243,29.199215754966012
45.863001375198365,44.17088024741808
54.61100043296814,52.991181934056854
56.595001635551455,55.12910044171503
54.05100029230118,51.41755897811057
33.88599995851517,41.18980543473847
7.880000072121621,27.041066203150276
5.389000040590763,12.852119319609415
8.511000003218651,5.200361863782755
0.4750000001117587,1.881618382475887
0.0,0.743505743068716
0.0,0.33879658019094294
0.0,0.2659697616008677
0.0,0.2768407998429918
0.0,0.29559810589073116
0.0,0.2894424673342362
0.0,0.23186000234132664
0.0,0.22979404790351854
0.0,0.22374099942098025
0.0,0.27818931978320843
0.0,0.347154247719424
0.0,0.43985109994168775
2.7270000834763053,1.6011941956011864
15.428999848365784,11.93800128749403
32.05399914622307,28.958224105887748
46.6059984588623,43.81504402142006
55.00600056886673,53.53070350007316
57.91800047874451,57.65732080308452
57.14900005817413,57.26053524221022
51.8249996304512,53.11220979119034
42.27700154542923,44.35832905757059
24.713000390529636,26.748395978858333
9.115000419020651,11.250460730060178
0.5439999881014228,3.8296055068874244
0.0,1.4745175267226462
0.0,0.41717473752373313
0.0,0.2890649650392198
0.0,0.29140391017020684
0.0,0.2897622680227068
0.0,0.27687446471573457
0.0,0.25063383746294465
0.0,0.24765768703519245
0.0,0.2427179687467041
0.0,0.29330440157945875
0.0,0.3605677661310646
0.0,0.454506499143702
2.8910000586509703,1.636431150482398
15.689999613165856,11.574562384219854
31.443999066352845,28.03252649243582
45.0509989118576,42.59784936842683
53.03199812173843,52.258391113648464
57.19300033330917,56.39427011208757
56.24500000715256,56.16837388065213
51.13900038242341,51.92762138568434
41.26499932527543,43.188190111165504
24.25400041460991,26.446072744966855
8.64800020635128,11.84434211395325
0.2449999973550438,4.2205263378683195
0.0,1.6082166883473539
0.0,0.4452804634605835
0.0,0.3079919009229508
0.0,0.3095542982705555
0.0,0.30629790339827717
0.0,0.29329054196367715
0.0,0.2485237541793402
0.0,0.2445253833530816
0.0,0.2378424825011612
0.0,0.28561551762201975
0.0,0.349627786212822
0.0,0.435653562853472
3.2329999098181728,1.5326253244011017
16.051999542713165,10.137987912761146
31.69099995732308,25.176276289749225
45.65400109529495,39.46887180598721
53.31100201368332,49.815106058676534
57.23299946308136,54.94648350620673
56.21200082778931,55.81798481184054
51.020001225471496,52.5473284644374
41.5489984869957,44.80722460928464
24.676000065803528,28.75029128267478
9.046000174283982,13.563067822036356
0.5169999914057553,4.9527615162939895
0.0,1.8482056524079313
0.0,0.47117497510449446
0.0,0.32239439924333185
0.0,0.3185311852518538
0.0,0.31263238830221035
0.0,0.2950172463911166
0.0,0.27614102953430636
0.0,0.2681590332014309
0.0,0.25343501931544776
0.0,0.2968915357169406
0.0,0.34511635695538295
0.0,0.4004463511340617
0.2739999890513718,1.0741795435156727
3.722000003308058,5.512289550676664
14.2180002117157,14.870942358261164
30.667000463008883,24.470702165170177
36.03500116586685,32.82024830317756
37.74899899959564,38.433167302960655
49.67999956846237,41.86499700232874
49.18000017642975,43.09351832726897
39.55100149154663,39.62301260202689
23.832998995780944,26.76519561905419
8.933999940752983,13.440639035804995
0.5930000260844827,5.001499815789196
0.0,1.7693001052766617
0.0,0.47419439730250246
0.0,0.33467544779759956
0.0,0.3245775463331943
0.0,0.31477327297363367
0.0,0.29714567554274085
0.0,0.24071519038543798
0.0,0.23638970916544513
0.0,0.22517263155254869
0.0,0.2670979594352536
0.0,0.316632268880316
0.0,0.3787785950233663
1.2389999517798425,1.2590273863946204
8.907999684810639,7.53048581784507
18.85599933743477,19.671184595981156
30.15800054788589,32.674773802641525
48.80199874639512,43.84261316658133
55.30800077676773,50.506068062778496
53.46000154495239,52.89689478774009
49.48299861669541,50.91597416408034
40.29899795293808,44.06221555614745
23.63399952530861,28.379999037328922
8.37099996805191,13.347151679323812
0.2670000065490603,4.9738628232873205
0.0,1.8345896460896283
0.0,0.4627886320926029
0.0,0.31570651079430545
0.0,0.30749651699248975
0.0,0.29979307453773024
0.0,0.2781476801057904
0.0,0.2720166781225472
0.0,0.2790549382414836
0.0,0.2879529908634652
0.0,0.36586275105313987
0.0,0.506727948655295
0.0,0.7841410475105913
3.202000019401312,1.9546754983068997
16.962999544143678,10.86943164133882
31.150999381542206,25.76442909810066
42.39199955701828,38.41324079852277
48.5270001077652,44.40469504576556
36.3989985871315,41.44015500555525
15.172000201940536,31.459699691819168
6.096999939680099,18.701766858019152
1.7750000240653754,9.755590169318106
1.2800000097602606,4.6562030125958005
0.0380000012926757,2.361126752125527
0.0,1.0286038206843031
0.0,0.417514535931069
0.0,0.3283376311430997
0.0,0.3018425122922162
0.0,0.31637109418435844
0.0,0.3561000070624018
0.0,0.37322251952141994
0.0,0.23007164126644492
0.0,0.22706268237655403
0.0,0.22149810544420104
0.0,0.2707377161643554
0.0,0.3351675933136892
0.0,0.42409003070170215
4.128999980837107,1.5555433069062174
18.381000941991807,11.36886300756502
34.962998197078704,27.816194903444273
48.78200123548508,42.59683963919698
56.433998668193816,52.54807809501903
58.59200039863587,57.13942845732503
57.72399833202362,57.25941503690119
52.852998216152194,53.68923810862465
42.59699869155884,45.68817383954042
25.30699999690056,28.63214792537186
9.776999983787537,12.605840121231761
0.7710000304505229,4.326981325322122
0.0,1.6294390951702842
0.0,0.43507330386049897
0.0,0.29819499326212656
0.0,0.29693549245654915
0.0,0.2924146933409499
0.0,0.27620198308205557
0.0,0.25637392030656286
0.0,0.2537550238421798
0.0,0.24877276907210433
0.0,0.2992037175869198
0.0,0.3692456782611497
0.0,0.4698873187426313
4.383000051975251,1.657539764045502
16.841999814510345,11.386716158920438
32.45500100016594,27.50344469154376
45.51799912452698,41.93624373567726
52.47300032138825,51.554525100982204
57.19300033330917,55.70874547538149
52.264998273849486,55.567201216419285
47.53799831151962,51.092208028974994
35.59800132751465,42.19764187774166
25.63599972009659,26.01883866756318
9.410999935865403,12.102869989350062
0.5919999964907765,4.417353637308445
0.0,1.6542047425554092
0.0,0.46094364393155113
0.0,0.32120409228168173
0.0,0.32248724239358934
0.0,0.32093200565486096
0.0,0.3066136866054856
0.0,0.2563319003259385
0.0,0.2514973025338589
0.0,0.24328259594455856
0.0,0.2874761170741867
0.0,0.3441941893171306
0.0,0.4184999341500522
2.8959999498724938,1.4619010332205542
16.606000019311907,9.40317273530836
34.08700000166893,23.578124715555912
46.44200079441071,37.40283687640498
47.78399891614914,47.94765603949784
54.73699954032898,53.46468569316869
51.65999962568283,54.822355303243604
44.93600090026855,52.031247858924004
42.47300015687943,44.75113062651876
25.59299973130226,29.132727032046244
9.713000143766404,14.12658268990687
0.7239999874681234,5.285281293990658
0.0,1.9510547239522387
0.0,0.483339041485526
0.0,0.3287296405075392
0.0,0.3229511202936561
0.0,0.31504457167703764
0.0,0.2963162545344239
0.0,0.25841076498221904
0.0,0.25677415651894964
0.0,0.24751968265847335
0.0,0.290729849405132
0.0,0.3473467351544243
0.0,0.43039523854139
1.398999936953187,1.1519656479792773
11.690999628305436,6.563052372396452
22.92900099873543,17.282959416205642
28.653000940084457,28.495514114067483
29.34399956583977,36.93482246542435
33.81399988174439,39.99699938396897
35.19200009584427,39.109958039123065
31.44100026130676,33.609970747652376
24.62100074887276,24.579619917915693
16.540999892950058,13.43128614684981
5.11500014781952,6.446014224262914
0.0449999998416751,2.578377102218649
0.0,0.9574365153824648
0.0,0.3852965783961316
0.0,0.30238626714441047
0.0,0.30606085013913636
0.0,0.31837091108610516
0.0,0.3061294175174832
0.0,0.24012470952640358
0.0,0.2386672575061517
0.0,0.23293925716753722
0.0,0.283363630962624
0.0,0.35160098930812994
0.0,0.4469309064688788
3.925999878495932,1.5424151632042826
19.09199913263321,10.19456251998781
34.018999016284944,25.38786524035149
45.99300162792206,39.850678802150824
53.61899983167648,50.08547630533881
57.04800194740296,54.86128976605373
55.27699806213379,55.34420229070953
50.676999547481536,51.18053857218348
41.93899924516678,42.16546960929871
25.441999627351763,25.577758686390357
5.752000256478786,11.525957405737062
0.2230000042077154,4.231653766948184
0.0,1.5927862453353423
0.0,0.4285675017188695
0.0,0.2986379576392513
0.0,0.30195762340727855
0.0,0.304914142128126
0.0,0.2917063046092551
0.0,0.24233450060599832
0.0,0.23970746687665995
0.0,0.23432594925658723
0.0,0.28346259090995307
0.0,0.3505767999860247
0.0,0.4435333088079243
4.498999890387059,1.6132208508882873
18.43000059485436,10.96872331935414
34.47899927854538,26.827391418092095
46.61200017690658,41.549503260457136
54.39900134801865,51.84505432233461
52.89600025892258,56.690519065926864
53.88699851989746,57.212740105804
45.69100142002106,53.72121083960441
42.696998569965366,45.65905451559946
26.12199921131134,29.042000837920178
10.33999995648861,13.426719182222634
0.8339999692514539,4.876487575371896
0.0,1.8288910913261072
0.0,0.460775084596319
0.0,0.31302357873574577
0.0,0.31184627244428664
0.0,0.3081209700229389
0.0,0.2918740297465208
0.0,0.2307586961362638
0.0,0.23019118130979688
0.0,0.22416176492329498
0.0,0.27949028639395407
0.0,0.35228498365183236
0.0,0.4490252937379125
2.165999913215637,1.5348445834881734
19.091000900268558,10.39742328803469
33.39599932193756,25.888200248002214
44.1110008764267,40.5250973124991
50.73799852848053,50.69222226434018
56.44099861860276,55.45421829451776
56.2729998087883,55.98404774349338
50.895998582839965,51.59026018656562
39.47700084209442,41.98654983681103
20.32799976587296,24.81858283169027
9.448999519944191,10.750797241975276
1.452999994531274,3.8687731829312293
0.0,1.4719268232087939
0.0,0.40190885872333776
0.0,0.28094352787625654
0.0,0.2866378563732589
0.0,0.2924339433797643
0.0,0.28198378612376657
0.0,0.2763079907551776
0.0,0.26443537281857943
0.0,0.24633811489015844
0.0,0.2844720944242652
0.0,0.32499438842665357
0.0,0.36865051501957197
2.1040000040084124,0.9462804591677845
9.336000027060509,4.739723390739511
13.276999835968018,12.715174012346232
25.240999584198,20.753912210257443
26.491000118255617,28.09967093018366
31.6399997317791,33.808645244218674
28.301000792980197,37.80190806321771
34.769000158309936,40.84865541117086
38.78799868106842,38.924514849627336
24.097000646591187,26.99391569471024
8.0099998113513,13.905991438583865
0.6320000248774886,5.222986726161433
0.0,1.8396985175100582
0.0,0.5131738117340637
0.0,0.35613952920318676
0.0,0.33272695731284657
0.0,0.31132134504217357
0.0,0.2874470577880294
0.0,0.257263390556496
0.0,0.25517147653846517
0.0,0.25024635762978165
0.0,0.30177418644862625
0.0,0.37375794600129836
0.0,0.47452834184631265
3.3410000249743463,1.7406887480312667
18.31899962067604,11.656913296849394
35.69800120592117,27.950338866448888
47.40600159406662,42.66244221085095
54.1830011177063,52.74695440011891
54.62500033378601,57.31695135668655
54.34499820947647,57.69609504342942
52.28000051498413,54.03867234064291
42.56399951219559,45.86294822124856
26.3959996175766,29.426498039031436
10.689999530911448,14.062912374687148
0.9030000214278698,5.271758798852155
0.0,1.9758486616207187
0.0,0.4827674877744488
0.0,0.32613506822625643
0.0,0.3264433148238226
0.0,0.3229712021208006
0.0,0.30849817923583006
0.0,0.24412567775266214
0.0,0.2419603304019536
0.0,0.2357409642747241
0.0,0.27793237219716466
0.0,0.3338295948550278
0.0129999995976686,0.41246997424383186
4.410000080764294,1.583084795811278
18.8330009675026,10.412309185525148
36.207999353408816,25.83365871166022
49.082999103069305,40.64578977047524
56.34400165319443,51.72440065280232
58.345999794006346,57.03997587617091
55.95099798202515,57.80347790492584
49.63500106096268,54.96377043442202
39.87000040531159,47.58950995126656
25.05200092315674,30.8058152521499
10.38400023162365,14.310033911647082
0.9539999902248384,5.337699601683629
0.0,2.026670224801865
0.0,0.4768276267930169
0.0,0.31557537477193215
0.0,0.31222281625211024
0.0,0.30503331572825215
0.0,0.28787602617357305
0.0,0.2383849594074843
0.0,0.23530463525701
0.0,0.23078842822377205
0.0,0.2865107135720211
0.0,0.36271570384758844
0.0439999983296729,0.46414416406517595
5.635000131726265,1.751242220841644
19.242001004219052,12.867472285502213
36.91100141525269,30.338073032152057
50.33799901485443,45.32059816750225
57.46099902153015,54.9892582379029
59.70300015687943,59.258064617563505
58.00699926137924,59.29687041617716
52.64200147151947,55.69996311595315
42.26199930429459,47.48224815476686
26.120000692605974,30.08761794223698
10.571000373959542,13.507672167051206
1.070000021196902,4.73290388216397
0.0,1.7975217936090537
0.0,0.45489706905152394
0.0,0.3099094903942952
0.0,0.3101995328405545
0.0,0.3075348629634929
0.0,0.29253819371957857
0.0,0.30043020841537177
0.0,0.2831467686051386
0.0,0.25437800567062785
0.0,0.2962010727589166
0.0,0.3308306194249369
0.0,0.3559267614498755
1.7519999852776529,0.7809898603856795
5.4569999989867215,3.480617458183207
5.789999840557575,9.480182722599734
6.417000166773796,15.214869452282967
9.0149995136261,20.06010930900193
19.696999834775927,24.81705819912436
44.0629994559288,30.403480941616202
42.25999873161316,35.693120083879215
23.73599997639656,35.02941109021275
21.991999714374543,23.66469427690107
8.799999569654466,11.476451144084475
0.1629999937210232,4.184456726440596
0.0,1.5002398905329226
0.0,0.4715617544428699
0.0,0.3430284467501658
0.0,0.3242057153357381
0.0,0.30722313590508704
0.0,0.28343413315585364
0.0,0.25890928212499503
0.0,0.2545114374757011
0.0,0.24629045096897167
0.0,0.2956444054384268
0.0,0.36071669468901213
0.0,0.44562361050062305
2.2029999811947345,1.5475537151175156
19.06700019001961,9.966522975142581
33.9450004208088,24.606185915326932
34.36399921298027,38.7707837813775
37.307998015880585,49.277516519742555
58.91999983549118,54.752696838458625
59.08299926757813,56.01199455976905
53.58199950695038,53.0536756817472
43.28300204753876,45.655883460623095
26.80200084924698,29.967443800844514
10.969999601244927,14.78279524450898
0.9949999840185046,5.537332732491129
0.0,2.019614492520054
0.0,0.49308122469945925
0.0,0.33835285994972153
0.0,0.33421143443181217
0.0,0.330632928921217
0.0,0.31093606406255464
0.0,0.23947706084741893
0.0,0.2405754511526913
0.0,0.2367010754080186
0.0,0.2904118090768409
0.0,0.3655163718214702
0.1009999962570145,0.4760425279469879
6.178999798893929,1.672016736393033
19.624999758005146,11.212887395622618
32.94700015544891,27.31598320890394
36.19600002527237,42.25049271591747
48.48099925994873,52.27928688320771
55.86199919939041,56.51966260202707
53.43799935340881,56.44132859284377
44.51300096273423,51.25464358039305
35.67799958705902,40.62848229650425
16.03700038254261,23.26470978429382
5.192999888658524,10.120096547848588
0.5139999989047647,3.784378093467518
0.0,1.4622497351155823
0.0,0.4115289365725844
0.0,0.2881133838867373
0.0,0.2954589910360704
0.0,0.30246456032414154
0.0,0.29402941748671496
0.0,0.23095020690460505
0.0,0.23087682083690814
0.0,0.22626234086761157
0.0,0.2829521242109208
0.0,0.36102441621589193
0.0129999995976686,0.46908357652313404
5.909000024497509,1.689832104093554
18.057000596523284,11.880185405806403
34.04000092148781,28.70844994811784
45.47700176239014,43.77294125653239
51.99400078058243,53.80572549750101
52.75900005578995,58.01958762306692
49.44700063228607,57.81799331962705
45.205001928806304,53.30410625199666
32.90700102567673,43.69509583845356
19.944000725746157,25.894657973007167
4.760000168681144,11.176538843123655
0.2189999981597066,4.022935379564051
0.0,1.5410564621700475
0.0,0.4102059007347874
0.0,0.2841070951003731
0.0,0.2913242371986273
0.0,0.2988765232227236
0.0,0.2893562321627271
0.0,0.25398476173084517
0.0,0.2444431003698792
0.0,0.22712692562352543
0.0,0.2628944314390072
0.0,0.29929803010432293
0.0,0.3375571923733195
0.8869999972358347,1.005867553662012
10.01900047004223,5.2068726992357695
21.122999415397643,13.971325427252463
29.852999480962755,23.47280219022444
33.02800075531006,33.27750782717152
40.00900118112564,41.32264978169938
46.8530014038086,46.14778547481819
50.16300025463104,48.24620966357534
33.74099951863289,44.93927590734901
25.669000953435894,30.768643921939805
6.851999945938587,15.089499123634422
0.801000019647181,5.662936894551527
0.0,2.0386861343965745
0.0,0.5123699615414244
0.0,0.3443073257760775
0.0,0.32134666680045554
0.0,0.3001885987300837
0.0,0.2723133165999467
0.0,0.2520805047288084
0.0,0.24886346823917635
0.0,0.24481560670144414
0.0,0.30289133902023857
0.0,0.38332235359875944
0.3700000058300793,0.49027516455372816
8.248000179231168,1.847577506517194
23.537000505924222,13.450170204289622
40.64800134897232,31.168006387931207
52.43599999666214,45.78450532006486
58.87399898767472,55.07920492872238
61.71100001573563,59.1769151256654
59.47799940347672,59.211927940598905
53.94100165843964,55.920833923974484
43.463000185489655,48.35818492118501
27.576000647544863,31.401788200831696
11.260999740362168,14.471217943690938
1.0590000165998936,5.086761681108196
0.0,1.93942004625124
0.0,0.47449072826211364
0.0,0.31951742664153054
0.0,0.3201686161559362
0.0,0.31441763885429713
0.0,0.30173288597944486
0.0,0.27531342981905094
0.0,0.27088903064284114
0.0,0.2672513874904731
0.0,0.3211243104124332
0.0,0.39986049225194564
0.181999994367361,0.5098952592088092
3.778999892920256,1.7855071221178218
19.7480000603199,11.653326109637732
36.962001640796665,27.749850103555335
47.84600023746491,41.92001788916817
42.675000486373904,51.470097141740816
59.87999948978424,56.057200239155165
57.66400169134141,56.62306197667886
51.11100058078766,53.44940120981774
43.45399966239929,46.15667067185228
27.396000455617905,30.49249826198699
11.786000128984451,15.144843001119444
1.4249999361485244,5.619926240209714
0.0,2.0856483125175234
0.0,0.5113005181816649
0.0,0.3500548691967896
0.0,0.3488354936847243
0.0,0.34356036182079663
0.0,0.32918819117282466
0.0,0.24484946516346992
0.0,0.24229300515020308
0.0,0.2346912889873915
0.0,0.28183291377709146
0.0,0.34318478608258207
0.0,0.42501827770772227
3.867999959290028,1.6192401659435334
13.813999552726743,10.726541842443703
30.53200083255768,26.33379864286824
49.370001177787785,41.252727987980876
58.99100167989731,52.166287699936845
61.84899845123291,57.682965448214574
60.0560005903244,58.88908777837675
54.67899936437607,56.23521532244504
44.42500041246414,49.152514111006035
27.79700025558472,32.644914125325066
11.984999599456788,15.572250510599805
1.481999954134226,5.723781390846237
0.0,2.149730737469037
0.0,0.48717929099997437
0.0,0.3241420473939906
0.0,0.32086755055766
0.0,0.3166182437548026
0.0,0.2971450785847229
0.0,0.250606725464758
0.0,0.2487465570947977
0.0,0.24593271464168318
0.0,0.299230249641629
0.0,0.37921458122922425
0.4440000134147703,0.4955376251946464
8.70299952328205,1.9376441972947045
23.69999993801117,13.449077807200151
40.3970013666153,31.141064019622835
51.164001379013065,46.072593105735756
57.409998795986176,55.713095665997514
59.79100070714951,59.985867991783095
57.87499843597412,60.26349200077098
53.014999415874485,57.22113629269387
42.75899989128113,50.018401817755766
27.294000004529952,33.34405416050616
11.25099995791912,15.907623086189774
1.4999999733269216,5.787657154426794
0.0,2.2061556906586652
0.0,0.5012850884062823
0.0,0.33068715452414726
0.0,0.33036088152376014
0.0,0.32447073654026143
0.0,0.30979167975270944
0.0,0.24245856442022795
0.0,0.24078734467909776
0.0,0.2380652016522573
0.0,0.29706121876414526
0.0,0.3850497376745324
0.4129999946244061,0.5082779738554228
8.544000209569932,1.9919623727243034
23.43100096344948,14.63489396541375
40.32399894952774,33.16363138015625
52.4610009932518,48.086033329603666
58.69999845981598,57.250706243384876
60.3869988322258,61.0438145862207
57.29099963903428,60.929341392526396
50.73999910116196,57.62368312638094
42.25299878120423,50.01447404695503
26.330999491214754,32.791206365619324
11.31399951159954,15.174203476162928
1.4339999457448722,5.356921868119488
0.0,2.043126455434597
0.0,0.48215709408411844
0.0,0.32109628732766515
0.0,0.3219157473974912
0.0,0.31807368349196213
0.0,0.3047581649344964
0.0,0.24378236815214266
0.0,0.24288736159370353
0.0,0.24086084154122323
0.0,0.306445977224764
0.0,0.40363804656296587
0.4649999930150807,0.5369622633471464
8.832999776005746,2.039866559295477
23.57900020837784,14.981698821421599
39.53300044536591,33.6456047730847
50.27200065612793,48.524498329687404
56.05900015115738,57.473672844714564
57.55199837684631,60.992807731170416
54.9299993467331,60.640756374422864
49.67000081300736,56.74997811757483
40.307998476028445,48.123598480182714
24.528999053239826,30.420006275894323
10.424000388383863,13.817932234317947
1.120000024586916,4.920287994319237
0.0,1.883023477361541
0.0,0.4578120883848204
0.0,0.3090853842722295
0.0,0.3143549335664484
0.0,0.316360442160247
0.0,0.30711561265516046
0.0,0.3135079446024338
0.0,0.30393011830786476
0.0,0.2820754080680483
0.0,0.32495350327260897
0.0,0.37307339509035364
0.0,0.42666925792083077
1.438999965339899,0.8386571378669935
8.1609999153018,3.570496044288575
13.793999987840651,9.465227589446455
15.983000324964523,14.9920643961401
17.537999871969223,18.747208470868344
19.94799981713295,20.39229415935589
26.59900023341179,22.1305281454451
32.09799942135811,23.07671929837542
23.904000840187077,20.23053208343816
8.95499979197979,12.711294365226827
1.2500000205636024,6.75377529159681
0.0439999983296729,2.7801551239382456
0.0,1.0054159841590364
0.0,0.43182349191005864
0.0,0.3491726331374852
0.0,0.341963046882079
0.0,0.3435462946839443
0.0,0.3276238539647515
0.0,0.2506265200998255
0.0,0.24807347985126246
0.0,0.2440735950871035
0.0,0.2961550813051262
0.0,0.37194389818582185
0.0,0.4761790156583928
0.2329999952577054,1.8843105095259969
9.473000230193138,13.23787926320069
24.963000086545943,30.78326000937556
41.63199965953827,45.810698452717595
53.91600066184998,55.63923585104714
60.57900040626526,60.085396165207996
63.71999810695648,60.496415487375955
61.85599840164185,57.44417781670472
56.12400027751923,49.99891820240583
45.61900134325028,33.15260134666164
28.512999877929687,15.932872496299012
12.479000354409218,5.861231620178141
1.6970000264793634,2.2111206498603955
0.0,0.5020399671315074
0.0,0.3319455565440278
0.0,0.330361057393038
0.0,0.32511150689286145
0.0,0.30878748397490274
0.0,0.24404818208470125
0.0,0.2431557962674876
0.0,0.2335420897718174
0.0,0.2840182712193417
0.0,0.34849022464446294
0.0,0.44047759313558954
0.0380000012926757,1.2592092669210209
1.6209999597072602,7.97077236881447
4.828000127077103,20.534709442207557
16.65700024485588,33.46462038398237
38.51700118780136,42.89533581865774
52.482999076843264,46.35360964613329
44.3970006108284,44.95410683161185
36.737999119758605,37.55865498960247
38.8229984331131,26.16540222552492
18.70400100111961,13.751602848022277
13.074000247120855,6.436538806602275
5.972000091671944,2.51672517264777
0.6049999960884452,0.932065663823731
0.0,0.3657176673325655
0.0,0.28841197307903194
0.0,0.2972087976863667
0.0,0.31936898108717854
0.0,0.3089916844890057
0.0,0.24939305335411827
0.0,0.2405878067704616
0.0,0.2241285073987816
0.0,0.26577409256355233
0.0,0.3108369303277379
0.0,0.35816019014318634
0.333999999538064,1.1319050224311182
5.052999853491784,6.253024691066441
8.542999923229218,16.487291497913002
22.62399993181229,27.73769829702298
44.92799860954285,38.73885836015125
50.82900199174881,47.13692008562865
45.489001090526585,51.49464993355792
58.62400134563446,52.05916338100547
55.25499997854233,47.68553188418235
45.11599903821946,33.196107301265876
26.51699934720993,16.68550549104719
12.239000440835952,6.243320451410134
1.738999985679984,2.230728479068364
0.0,0.518238535019297
0.0,0.3477406995321204
0.0,0.3264038592501798
0.0,0.30882459052830163
0.0,0.2797168004017188
0.0,0.2495584292281825
0.0,0.24704218744953932
0.0,0.2435166774024729
0.0,0.30302283643772093
0.0,0.3926380716481509
0.0,0.5137650582288674
0.8290000138431788,1.9009174926820913
10.876999673247338,13.136693866635557
25.94600016474724,30.47239681346932
41.43600104808807,45.36918629293264
51.775001745224,55.056114885775315
57.72399833202362,59.38947809537804
60.27900077104569,59.67192862179242
58.44399909973145,56.27814738474093
53.08400068759919,48.39986515299123
43.80499952316284,31.860736204072413
27.363999508619308,15.432941370851614
11.661000280976296,5.673796275793469
1.6569999980926513,2.1070767569364155
0.0,0.4953110827909905
0.0,0.33418790593459813
0.0,0.333305746897226
0.0,0.3304549683019647
0.0,0.315531886087275
0.0,0.33480028729881633
0.0,0.32212150811219703
0.0,0.2964737038501188
0.0,0.33620640961989295
0.0,0.38466862182895073
0.0,0.4438303430126013
0.0320000002440065,0.706591633753034
0.1730000008177012,2.480622470690405
1.0420000270009042,6.480044075166763
4.276999996006489,9.664964055829161
5.979000042080879,10.952010298529483
5.167000146210194,10.700189711344198
9.544000020623209,10.84548455412164
8.845000131130218,12.1366172590078
10.31300044119358,11.480187255198377
11.617000005841255,7.738646316760038
9.446999974250794,4.387077623684449
3.855000088065863,1.9198229319909672
2.0939999648183583,0.7621375835114267
0.0,0.43775637123086725
0.0,0.38045782693267605
0.0,0.3700529489169372
0.0,0.3718626431285098
0.0,0.35287868344054246
0.0,0.406501180838034
0.0,0.4049996411812752
0.0,0.416310957871715
0.0,0.5170420598441109
0.0,0.7120887606106785
0.0,1.0415797831846991
1.13000006377697,1.965881373431507
11.628000074625016,7.24842374405928
27.7999990606308,16.942533203671793
38.626999821662906,24.435485717433206
17.18599972486496,26.7705775412785
16.662999908924103,23.653257110828452
12.433999792933465,19.147093838611465
7.312000208199024,15.820803091155195
14.735000363588334,12.595525124867205
19.72100054502487,8.245606327845806
17.87399954557419,4.902659330167716
9.878000148534776,2.054825086507793
3.087999983429909,0.7596372947863932
0.0,0.4888298260664907
0.0,0.4554440837775099
0.0,0.4534038790788161
0.0,0.47769196835076355
0.0,0.4965869359273233
0.0,0.2557449369809341
0.0,0.25411377098191973
0.0,0.2507461609514885
0.0,0.3041169069295298
0.0,0.3835349478815922
0.0,0.49731072281327837
1.090000035390258,1.9375076961528368
11.56899961233139,13.426587394054451
26.97799989581108,31.072028479769013
43.10099922895432,46.02428215633814
53.65399958372116,55.64342080959194
59.429997982978826,59.83197073753293
51.87899866104126,60.06530966683204
51.32900138378143,56.65605742224474
55.53699856758118,48.8358631585978
45.22499943971634,32.04458250274945
28.79899961233139,15.448753758088184
12.65500042796135,5.737168425479637
1.8540000512450932,2.164592985100104
0.0,0.49875558164213235
0.0,0.3312278282703419
0.0,0.33258619631257685
0.0,0.3296286253907009
0.0,0.3154829870202312
0.0,0.2542790840725033
0.0,0.2509266190775624
0.0,0.2416437442024406
0.0,0.28562336449850007
0.0,0.3430261262482324
0.0,0.41606137892424644
0.3119999903440476,1.5597023020428025
8.253000070452691,9.631966040720487
17.193999961614608,24.010173395745174
32.9459998691082,38.469910533311484
51.40199969291688,50.0103161410925
54.94899862527848,56.32590871775074
60.09899852514267,58.22011654006843
61.327000975608826,56.137725121392165
55.30199905872345,49.597235697053975
44.89700000286103,33.8052829457063
28.79099937558174,17.08014141092225
12.595999965667724,6.590510595501344
2.003999997228384,2.4298100818631294
0.0,0.519673421904027
0.0,0.34253557558503833
0.0,0.3347745693555159
0.0,0.32765927253801547
0.0,0.30568299543712946
0.0,0.25895019068358927
0.0,0.256638052388692
0.0,0.25318614737446715
0.0,0.30486736998732095
0.0,0.38241271528768966
0.0,0.4928803847897316
1.3640000565350057,1.9519501338217147
11.765999537110329,13.149808135707772
27.17500084757805,30.51374840111038
42.85199981927872,45.596825739999346
53.26199825286865,55.58134447102532
59.377001292705536,60.05456469350638
61.055001142025,60.52489284701465
59.30800002098084,57.45314425949199
53.97400083780289,50.00546210297586
44.36299909114837,33.421276621099324
28.12700026512146,16.401513140134952
12.095999546647072,6.215270732546176
1.867000050842762,2.3643132697818565
0.0,0.5233052082980515
0.0,0.3458499065782326
0.0,0.3446114638305316
0.0,0.34006116152826243
0.0,0.32312876923285266
0.0,0.24051554442537126
0.0,0.24061489151275475
0.0,0.23868541059047443
0.0,0.2983315979731738
0.0,0.38892781700103785
0.0,0.520805003320588
1.1789999733865262,2.049565762259144
11.15500019788742,14.847563365490931
25.40900044798851,33.609749981496826
38.24599958658219,48.69486640424318
51.57500198841095,57.77202080008016
57.65000179052353,61.36893421381267
59.59100095033646,61.13952204124619
56.84900042295456,57.339922862375815
50.62199817657471,48.75681097503971
37.94899875640869,30.742745555953388
26.548000007867813,13.851541138845482
9.631000284552574,4.985414154148814
1.6159999401122331,1.924661319946039
0.0,0.45738429588152485
0.0,0.3053286019593878
0.0,0.311533719548387
0.0,0.31459889629773424
0.0,0.3052180181976531
0.0,0.298671968045173
0.0,0.2937756902329723
0.0,0.28917483296419827
0.0,0.3484039320706816
0.0,0.4384507725291879
0.0,0.561521898234211
0.5900000014901161,1.8191414214577977
11.195000354647636,11.10916331796515
26.45100098848343,26.42287246199615
37.02300062179565,40.20071938134354
51.3060009598732,49.751032945379684
55.64500073671341,54.232305971533215
48.31099987745285,54.67792005862168
43.195999729633336,51.35897508671753
42.53300090551377,44.2351891247939
37.80999798059464,29.7122240526439
25.709000083208085,15.877285280192961
11.521000245809557,6.156843415495443
2.076999975219369,2.18206288238504
0.0,0.5418156373248211
0.0,0.3797519303092687
0.0,0.3776881392739525
0.0,0.37678911277432703
0.0,0.3625361735329261
0.0,0.2582087524347911
0.0,0.2520523137506012
0.0,0.23932294247796837
0.0,0.28381753508275254
0.0,0.33906034779808836
0.0,0.40562671392359495
0.0499999993783421,1.3568348206058516
2.892000088244677,7.838576570759617
12.02099963784218,19.959726188928258
32.146000841856,32.841634175295646
44.62500016927719,44.3067069562695
48.00299795150757,51.69934001390303
50.45800051212311,54.66322400112737
57.73600176811218,53.49373959923268
53.90099842071533,47.829636848555396
43.65699822425842,33.157252780342745
28.107000700235368,17.457571426138976
12.364000288844109,6.801349367217121
1.875000030845404,2.416945686837544
0.0,0.5425081614426417
0.0,0.365329667919789
0.0,0.34857979578833487
0.0,0.33655662370803724
0.0,0.30850950759443885
0.0,0.261826552370622
0.0,0.25535198892611255
0.0,0.24286615600939973
0.0,0.2882792318522089
0.0,0.3457202599034693
0.0,0.4141891578150198
0.2149999921116978,1.3372497082610744
10.522999980449676,7.526743923804345
22.55600100040436,19.193079127083017
33.35700047850609,31.512200659763437
49.02400069475174,42.629260723817865
55.38900137662888,49.907256519575505
58.46200014591217,52.92748535666173
55.96399965047837,52.260985769104536
49.12999818325043,47.085061388738346
40.26000116348267,32.84056425883638
25.088999193906783,17.341871262972354
10.004999542236328,6.767881696163508
1.7739999944716691,2.403573933198106
0.0,0.5459764811253902
0.0,0.3675771487813651
0.0,0.34999911321208915
0.0,0.3350040210707436
0.0,0.30872266505033913
0.0,0.26611846873324707
0.0,0.2655294883974671
0.0,0.26428729861844463
0.0,0.32366094185327615
0.0,0.41867921993225354
0.0,0.5599572086633812
1.5710000205039978,2.1067801877035355
10.664999561309816,14.514902852182047
24.36100024342537,32.63247420684938
41.47600017786026,47.4557719715868
51.57199907541275,56.57135934045599
57.07099826335907,60.07231772525255
58.67100042581559,59.61527045133097
56.60900153636933,55.06796621745223
53.044001557827,45.687378368433976
43.91100111961365,28.64370929518514
28.13099935650825,13.976041200815633
11.630999906659127,5.392911260558966
1.7469999656826258,2.0102872452970595
0.0,0.4918199401311434
0.0,0.3343172863599463
0.0,0.3403322062403279
0.0,0.3443717642371663
0.0,0.33458925322246774
0.0,0.34484171863385066
0.0,0.34707609149320856
0.0,0.3443663352107779
0.0,0.4175522803721342
0.0,0.5377806298426843
0.0,0.7248746041304126
0.6929999686777591,1.2983740717862036
7.941999852955342,4.887131344273637
20.560000469684603,12.115878954544195
33.03899979710579,18.17486379325686
20.63399906516075,20.273471775698084
9.28399951517582,17.63391848835097
7.591999765038491,14.556455909154314
7.053999761939049,11.773077511557188
5.6859998437762265,8.642129306564332
12.876000036001203,5.4907871956896415
13.149000155925751,3.393357166541948
5.825999878942967,1.5597663422910222
1.2850000293552877,0.5893013046125711
0.0,0.40163778718509213
0.0,0.3799411183262817
0.0,0.38482362700233874
0.0,0.41620813872702983
0.0,0.4295330627756674
0.0,0.40014085742444283
0.0,0.38910578981332244
0.0,0.37803513291630697
0.0,0.429229289871383
0.0,0.517013197133477
0.0,0.6421824282557388
0.962999999821186,1.1129497753117763
9.829000495672226,4.308064948817513
24.478000881671907,10.886680884815673
29.62199906349182,16.279342742382156
25.89199908018112,18.632531248887258
6.098999998867512,17.978572313235087
17.213999526500704,16.90943451612362
20.655000970363616,16.834412500456576
12.812000195980072,15.371412166685126
24.616999603509903,10.957558355590374
24.958000708818435,7.033211534872724
13.877000133395196,3.059817621434806
2.6429999083280564,1.1055568055426275
0.0,0.577109036264327
0.0,0.497400091537234
0.0,0.4716654655330784
0.0,0.47195233119315666
0.0,0.4597297462947136
0.0,0.2698026458976808
0.0,0.2648074187962164
0.0,0.2563223250167254
0.0,0.3061919765740289
0.0,0.3743598450612469
0.0,0.46529916402315263
0.5970000160858036,1.5504650049327713
8.029999889731407,9.838918151846377
27.79200087785721,24.14636714667003
32.90700102567673,37.883593849583136
52.88799796819687,48.047323058770516
61.96800171613693,53.3704785213835
59.470001220703125,54.458024954894064
52.31500026702881,51.51065464219795
48.21799994945526,44.31304945739393
38.513000042438506,29.190786141761148
24.03200052022934,14.91729371009993
10.529999930858612,5.628268159138954
3.043999965041876,2.0083177999456616
0.0,0.5072381432078144
0.0,0.3549227771383084
0.0,0.35000403112077927
0.0,0.3474138747900723
0.0,0.32733088990638265
0.0,0.2840513396893836
0.0,0.27929781752250343
0.0,0.2746262952168587
0.0,0.33091142596183803
0.0,0.41754562365472364
0.0,0.5361371885835214
1.5750000105053186,1.8964774371334392
12.55100043118,11.920204525567113
27.542999414205557,27.853452628802387
42.131999051570894,42.13507448613094
54.127001514434816,52.12877163754896
60.19199845314026,57.112926681486016
62.59600078821183,58.06495670526049
62.04599940299988,55.49869095114267
55.8070019364357,49.07341873956583
45.801998286247255,34.32495586186294
29.865000863075256,18.58849861883746
13.458000314235688,7.26968796437456
2.6060000970959663,2.6260138408432807
0.0,0.5778177842030214
0.0,0.38720986788709777
0.0,0.378251937934332
0.0,0.36744541943311454
0.0,0.3485936786238671
0.0,0.27160758998921825
0.0,0.26828454349537084
0.0,0.26323130821209106
0.0,0.3110504695352355
0.0,0.381751725605726
0.0,0.48390952987125524
1.8880000304430724,1.775349054959135
12.579000232815742,11.012231805643264
28.122000887393952,26.454459458824452
42.93000161409378,40.95863836839519
52.6939999294281,51.66841321928167
57.88500129938126,56.88143065603243
59.0199997138977,57.72928580892959
54.71899849414826,55.2180070812035
50.16599905967713,48.72009764960502
39.22100148200989,33.328219357319504
24.42199922442436,17.276970865592187
10.74600016117096,6.773956878845157
1.8270000224560496,2.4827109114454426
0.0,0.5443784945279079
0.0,0.36190068434071226
0.0,0.3555581849771114
0.0,0.34659804139071937
0.0,0.3279259363012036
0.0,0.2664609872889418
0.0,0.26977882917097373
0.0,0.2675274065422554
0.0,0.33125235503202805
0.0,0.4334061814029496
0.0,0.593580332768855
1.494000052511692,1.6907841223147044
11.00100026190281,10.307227721909998
18.656999866962437,24.914569882840496
31.45999953985214,38.75501140635876
46.68600082635879,47.59648290853895
52.65400079965592,49.74042163942198
39.21299919128418,46.7590178585566
48.66800145626068,36.77931155761723
40.71300147533417,23.856238525616167
23.86399965643883,12.322222274875665
10.751999825239182,6.133577529778803
6.7819999283552175,2.5473491813058757
0.740999977067113,0.9437495479972098
0.0,0.3929424434119689
0.0,0.3150254424974075
0.0,0.3262855564628087
0.0,0.3547777794311046
0.0,0.3543367635631068
0.0,0.28719433113577114
0.0,0.284814564517935
0.0,0.2823835162371928
0.0,0.3355185844363184
0.0,0.42154883720604786
0.0,0.5527866537302276
0.721999992467463,1.9454618348856443
13.254000439047816,12.808549396395739
29.576000269651413,29.453144036756477
44.68500091791153,43.825932114914686
55.294999108314514,53.20259315776747
61.85799897432327,57.12910467284797
64.00200080394745,56.770889236337375
60.58800092935562,52.363419106732245
52.5910012459755,43.705242836982
38.03699930667877,28.197091237640272
27.257999966144563,14.707817314248569
13.608000131845474,5.756837453016911
2.754000112265349,2.078021310770684
0.0,0.5469859033849102
0.0,0.38028640342204095
0.0,0.3767483008084521
0.0,0.3726754793751956
0.0,0.3561280313836925
0.0,0.2679437920911579
0.0,0.257784383077853
0.0,0.2401134092246558
0.0,0.28115331594794485
0.0,0.3263570727549228
0.0,0.37320148285697535
1.2839999997615814,1.1550313618556514
5.289999935030937,6.3014871543637465
15.754999739527705,16.364612238747558
33.881000580787656,27.177444414156362
26.92799995660782,37.523698893051694
47.262001440525054,45.55411869197474
58.02799911260605,49.9828192058933
61.31899868488312,50.28207453498698
55.34300052881241,45.41464920816258
43.58399991512299,31.05430054858857
29.573999696969988,16.03850334963687
13.594999490380289,6.197075915872924
2.852999961078167,2.2116239443693795
0.0129999995976686,0.5412383291905746
0.0,0.36879147317361
0.0,0.34716149419186465
0.0,0.32917068273777383
0.0,0.2991162460780378
0.0,0.2885949910045072
0.0,0.27905389106479267
0.0,0.2670379346238533
0.0,0.31382033575823837
0.0,0.3755261920418995
0.0,0.44692461103005854
1.979000027626753,1.4389670038615234
6.78399998754263,8.12899797007639
17.069000113606453,20.330928664201796
32.49000075221062,32.67103171206635
38.19200055599213,43.15236765520183
46.20000133514405,50.12347393994371
54.27299813270569,53.290910409198304
50.762001292705534,52.770144780113924
50.91500196933747,48.08839332022789
43.41999814271927,34.59571158099149
29.158999996185305,19.316303113257884
13.649999834299088,7.663600319587049
2.1909998828172683,2.7047378288982533
0.0,0.6013282981963152
0.0,0.4032336956049391
0.0,0.3812031215575187
0.0,0.3615979220474931
0.0,0.3341263223315662
0.0,0.276449759775983
0.0,0.2713020329594996
0.0,0.2602425087312774
0.0,0.3101383185744168
0.0,0.3772461159434718
0.0,0.4626260326769721
1.5190000221133233,1.3258748623109864
8.885999547243118,7.549539528877104
16.944000265598298,19.227480778611916
27.71499936938286,31.166488960391092
40.28800096511841,40.517099556302476
41.32400184154511,45.533035834666705
29.376000512838363,47.01781090696356
42.24700117111206,43.97840968772327
45.0509989118576,36.473323201817315
30.96300100684166,23.00317122155536
24.938999376297,11.93863034600965
10.39500030040741,4.681116997092736
2.4140000635385515,1.6324628816410314
0.0,0.47123850069913
0.0,0.34506488124856194
0.0,0.342481380593015
0.0,0.3461275393834878
0.0,0.328909358494148
0.0,0.2860096282432097
0.0,0.2829448412792307
0.0,0.28063741105666434
0.0,0.34059467388712333
0.0,0.43991077335561385
0.0,0.581987469293727
2.46500003233552,2.1257820959454583
13.063000178337097,13.293849901638229
27.663999143838883,30.243689298995047
41.07400009155273,44.89959049812557
51.039998736381534,54.62072498787951
56.85300156831742,59.05192270594106
59.71499948501587,59.56059086699267
58.21000193119049,56.43116536737624
55.18500047445298,49.22995277892999
43.89200184106827,33.9755786785899
30.31500031590462,18.36490388933112
14.399999949336053,7.369519247164692
3.2319998802244663,2.690767932085447
0.0259999991953372,0.5798843062972687
0.0,0.38673389486186494
0.0,0.3832411727617406
0.0,0.3775869680983912
0.0,0.36175355269659615
0.0,0.28513049216052777
0.0,0.287148104220303
0.0,0.29241727022852887
0.0,0.3660776517023912
0.0,0.5079169080690003
0.0,0.7551975396226176
2.5289998723566534,2.0811160258376646
13.39300018787384,12.158174055270647
27.74600003004074,28.06687417177369
34.680999608039855,41.38415805557322
47.06000111103058,48.731367367233474
54.07999832630158,49.257953821185055
48.09700021982193,44.15246430693648
42.48000010728836,34.1245011054112
21.995000573396684,22.669352102162048
29.148999186754228,12.033148078065443
4.80100009828806,6.034616280034662
0.3420000116340816,2.4196482167353066
0.0259999991953372,0.8952279353049193
0.0,0.4082041759659254
0.0,0.334833372967409
0.0,0.3454956600458181
0.0,0.37023054774620706
0.0,0.3775566282226571
0.0,0.29836891075999455
0.0,0.2869296319221451
0.0,0.2700210678462606
0.0,0.3182660098607693
0.0,0.3772303044243758
0.0,0.44358315521426306
0.1840000054147094,1.1668937603812113
3.611000056117773,6.067260928506103
19.40700100898743,15.733986250943433
24.76699942111969,25.588928679619507
24.87800039529801,33.96285315977661
32.02900020360947,39.67045644948034
45.250998668670654,42.58124207338421
42.38000022888184,42.747358250712765
52.82600075483322,38.39898575569161
40.444998679161074,25.876212853523377
22.74999903917313,13.768352594173045
11.819999594688417,5.33010693404353
3.5809999385476114,1.8562775336624615
0.0259999991953372,0.534868007047951
0.0,0.3884700605248136
0.0,0.37208497776665134
0.0,0.36169619464546826
0.0,0.33661126932583757
0.0,0.31231865731709585
0.0,0.31190265170825265
0.0,0.30317765897314936
0.0,0.3586946705794684
0.0,0.442154297221425
0.0,0.5664175133770916
1.031000022403896,1.2983205315087305
4.559000125527382,6.7932589154293055
15.855999904274942,17.19314163865431
30.53200083255768,27.31487669176613
49.06499805688858,33.72289262879495
47.87400003910065,34.26112895143064
32.0930000436306,31.349494456379517
21.579000586271288,25.109723567885524
33.40499984502792,17.561700312188467
24.39999908685684,10.187554170693211
16.478000339269638,5.801730010203468
11.984000340104105,2.48631132411694
2.3399999275803567,0.8834099499995629
0.0,0.42624042307772614
0.0,0.3611076532755609
0.0,0.36456970283209666
0.0,0.3884719697832634
0.0,0.3830435762359571
0.0,0.2957337949067462
0.0,0.2911696445314417
0.0,0.2844747586698297
0.0,0.33345543392619004
0.0,0.4071999962183855
0.0,0.5078107503108673
1.2150000117719173,1.8410526512825194
9.10599989593029,10.914601000589105
31.668999819755555,25.91222274662136
43.6919979763031,40.25422741267666
51.7189980340004,50.99529019195641
57.93400095224381,56.49966282609889
64.84699833869934,57.84309196578349
63.365999441146855,55.19864376774439
57.58500166416168,48.388110940497086
47.59900140047073,33.786060463195554
31.984999928474423,19.032639886271216
15.545000200271607,7.968994575115703
3.734000101685524,2.857733993594638
0.0320000002440065,0.6063993608734509
0.0,0.40419631861904864
0.0,0.3944054712856965
0.0,0.3855558720611131
0.0,0.36274189262586426
0.0,0.29198953952463635
0.0,0.29243765603256006
0.0,0.28952375498789873
0.0,0.3457080666684316
0.0,0.4411559673558245
0.0,0.5837327805646616
3.2400001169741155,1.9375896956966725
14.447000056505203,11.715392996020258
29.28400087118149,27.26686276826155
42.70500086069107,41.89797947582517
53.01999879360199,51.90554880164376
59.96899827241898,56.06091850313444
62.64999981880188,55.86742990357881
61.52200135469437,50.04690476482146
55.359999234676366,38.89975990555153
39.79399918317795,23.684205918122064
32.54700064182281,12.740351138003343
15.676999998688698,5.394756535866596
3.598999957740307,1.9404921221135019
0.0,0.5384182189969547
0.0,0.38609632471595823
0.0,0.3846660600577766
0.0,0.3922628800051995
0.0,0.377869559283301
0.0,0.29793663731711756
0.0,0.29425132895713496
0.0,0.2893822312653851
0.0,0.345016528374192
0.0,0.4348821949288273
0.0,0.5629178316817304
1.3240000281482935,1.8102553726234585
12.64400035917759,10.50679302501513
29.0810002553463,25.067944624836457
42.73500123500824,38.8280354150246
53.12499804973602,48.70307182393228
60.532001326084135,53.407368681950786
52.41700071811676,54.07774391386432
59.92399976491928,50.2691451094745
55.68900101184845,42.273103647870975
46.1689986205101,27.960983255067557
29.06999915957451,15.402555543377344
13.330999893546103,6.317761334349515
2.920999919474125,2.217113272489749
0.0,0.5532514124906355
0.0,0.39012908747948605
0.0,0.38768936316018704
0.0,0.38930838264997475
0.0,0.3732228738223686
0.0,0.27396575872090767
0.0,0.2710357406659976
0.0,0.25508341443103894
0.0,0.30157372194532556
0.0,0.3580742273679129
0.0,0.43172222900614915
0.0389999987930059,1.008386276226959
6.056000010073185,4.9628676842657375
15.901999725103378,13.066278236966978
22.867999963760376,22.019542390119295
18.761999123096462,29.351048509714225
38.08000134944916,32.33409659272407
39.9440010547638,32.51528896173682
37.90800139427185,27.848642448129514
31.74699956059456,19.65859678277885
19.038000102043156,10.857776606737671
10.938999967575072,5.698351435970292
4.489999880790711,2.480101904532863
0.8409999838471413,0.9082266606024768
0.0,0.38970709787597146
0.0,0.3178705819945546
0.0,0.32269239715856995
0.0,0.3432194019148063
0.0,0.3287804999482451
0.0,0.3015572323727712
0.0,0.30254465550842174
0.0,0.30074975977858237
0.0,0.35879034152896766
0.0,0.4584360764870509
0.0,0.621326160545926
2.419999984353781,1.600107657799768
5.536000026166439,8.764993507956907
22.728000955581667,21.5578166763452
40.262999968528746,33.7614685833514
49.881001665592194,41.39649508730242
51.8859986114502,42.165474401135384
28.35600010991097,38.17272093132227
24.120999302864075,29.61523642322688
32.014000016450886,19.970504237027395
35.31799920320511,11.317726358389766
21.267999855279925,6.3660086619158625
8.725999947190285,2.733458970020793
1.45400002412498,0.958408511349971
0.0,0.42787967879983935
0.0,0.3546518379768266
0.0,0.3631614239698277
0.0,0.39214348304718827
0.0,0.390615943753179
0.0,0.2806215338433659
0.0,0.2805130630383044
0.0,0.2718091668355717
0.0,0.3169852094108628
0.0,0.3848403825595837
0.0,0.487102211450646
0.840000018440187,1.2786458955361402
6.408999930024147,6.714131482280612
18.10299939036369,17.2319209993997
32.125999222993855,28.478560738370476
31.45299958944321,37.14088537783085
54.72299963951111,40.187934804948846
52.9090019273758,39.301702806860355
43.36599911212921,33.119490163986654
39.89800020694733,23.71397729472814
18.761999123096462,13.483681677998447
19.829000660181045,7.299523538255131
13.354000317454338,3.174446604703825
2.6869999267160893,1.127419001522005
0.0,0.4321418356223722
0.0,0.3414247040651066
0.0,0.34442702839026273
0.0,0.36247149344611806
0.0,0.34952446251657315
0.0,0.348835651229022
0.0,0.34229267106904915
0.0,0.31977863470000506
0.0,0.36794575916522976
0.0,0.4293474392297847
0.0,0.5068688407408454
0.5370000055991113,0.8153698582707708
1.2139999821782113,2.8544001952929943
1.9870000076293943,7.290951084837543
3.5780001065135,10.98825792879304
8.094000243246555,12.460818745489078
7.409000254571438,12.063176587274498
24.082000459432603,12.12602673996063
16.506000140905382,12.237535289097785
16.67100014567375,10.553803765042478
7.34499990105629,7.024330746464083
5.086999832689762,4.27529907775738
1.521999982520938,1.9770732445770145
0.3099999953433871,0.7664351332708942
0.0,0.4415953259340561
0.0,0.3906116272048641
0.0,0.3846571297571723
0.0,0.39435693557458407
0.0,0.38317260631917915
0.0,0.3031085950892431
0.0,0.2975624538053946
0.0,0.2919712395008124
0.0,0.34760621974452127
0.0,0.4341962284997537
0.0,0.5474737679546485
4.117999912053347,2.000617175085654
16.421999709010123,11.906093983275726
30.872999883890152,27.633610269980952
45.9969986653328,41.837470167292764
50.69300002098083,52.11988927126918
63.93099895954132,57.643483933371385
67.05800086736679,59.163632660083245
65.20399991750718,57.37062307465011
59.91600158214569,51.93101633222825
50.0530016207695,37.77555935269897
35.09900016784668,21.430579650253566
18.468999438285827,8.78885264352841
5.391000099778175,3.224950312716805
0.1510000076703727,0.6496691771883142
0.0,0.4214381936425176
0.0,0.40576384903318435
0.0,0.38631905404859834
0.0,0.3651985669769715
0.0,0.2895901350701132
0.0,0.2866454324833927
0.0,0.2856275944025634
0.0,0.3515129606576989
0.0,0.4659427573329924
0.0,0.628131705901006
4.288000064790249,2.342136987187389
16.525999705791474,14.757167059141992
32.137000318765644,32.672692149881684
47.34199970006943,47.35908786941972
58.95499958753586,56.51147925609499
64.98000150442124,60.586851418282166
67.71100093603134,60.99142276894895
66.12999805212021,57.849317178950145
59.86500135660172,50.60800531818162
49.76199840068817,35.014134191877346
34.58599910736084,18.839329015363276
15.799000014662743,7.5480902353108466
5.075999763906002,2.800445992407452
0.0570000019390136,0.5893335573298795
0.0,0.39164291809443236
0.0,0.3907817446547014
0.0,0.38721466099433755
0.0,0.37406422151074226
0.0,0.24828540953015515
0.0,0.24974717134163843
0.0,0.24411793285855854
0.0,0.2972348344258198
0.0,0.376901148023623
0.0,0.4923448792556515
1.537000041306019,1.7372626884412967
8.432999748885631,11.03848960724429
21.18199987769127,26.75547279258702
43.61800143480301,42.0737732496249
56.70799907445908,52.724703068428596
63.37400173187256,57.26932544534172
65.05099924087524,57.314768409325964
62.76699840307236,51.526163883699724
49.74700026750565,39.786182018396744
30.87199959754944,22.77605644217598
15.484000192284585,10.85753436102067
10.90500050187111,4.391077858531889
3.3209999465942386,1.6400612576698737
0.0,0.4470959870594806
0.0,0.3175300764352386
0.0,0.3255629565350081
0.0,0.34223271454755655
0.0,0.3296814422415505
0.0,0.31186972555818715
0.0,0.3094884905377239
0.0,0.29257413423964657
0.0,0.3455146255642364
0.0,0.4144238232576589
0.0,0.5059823878928991
2.6889999859035014,0.9538515489855902
3.5279999105632305,3.85921511868688
5.608999875783921,10.010141116140161
8.296999832093716,16.076642891454014
13.945000091791153,19.861065517093575
29.39999916911125,20.13824016987286
20.95199974656105,19.603023710032243
15.065000373125075,17.30354191053767
24.220000948905945,12.947887700713732
17.592999188899995,7.839942811150965
7.679000028967858,4.558087849599988
4.209000037610531,2.065946839843419
0.1799999993667006,0.7606829888647855
0.0,0.39739854079645487
0.0,0.34758721606269105
0.0,0.3512915446747094
0.0,0.37576973716472073
0.0,0.36895681148513604
0.0,0.25490977951673033
0.0,0.2509475562056622
0.0,0.23862167801974837
0.0,0.2885698389826132
0.0,0.35234124454822774
0.0,0.4260136320037079
1.6549999389052392,1.412692406794408
5.135999999046326,8.041173451208612
13.085999575257302,20.48475174580874
33.163000385761265,34.04258836124488
44.8820018696785,45.80644147449036
48.32400154590607,52.88695825725478
49.67599842309952,55.483477249775085
57.04600137472153,53.134104232047925
55.51299991130829,45.641410815082075
39.09100122928619,30.01981993415267
23.1189999461174,15.431488470587201
16.997000036835672,6.242448560277056
7.240000131428242,2.2301190768691876
0.0449999998416751,0.500772784233705
0.0,0.3424181740330183
0.0,0.3371208784195074
0.0,0.3370126326414067
0.0,0.3144331384327092
0.0,0.36450904474011736
0.0,0.3641560307795257
0.0,0.35060924798871074
0.0,0.412083174850458
0.0,0.5019282759710558
0.0,0.6310385135887154
0.6860000182688236,0.979141863201479
1.6899999476969243,3.073217966694024
5.414000010192394,7.6252999149672505
22.87100082278252,11.426737159329106
22.418000510931016,12.578637005974205
7.346000187397004,10.978707806623348
8.913000089526177,9.815475865507556
7.622000139355659,8.850677486385317
6.777999809980392,7.1003457820684135
5.658999814987183,4.895302731007299
4.686000032722951,3.2692754497693595
2.4879999427497386,1.611796063860011
0.7940000050514937,0.6176154361872491
0.0,0.4199518388408585
0.0,0.4022032130826561
0.0,0.407697645180387
0.0,0.44458390604822456
0.0,0.4500932139384108
0.0,0.33350175869363075
0.0,0.3208538247980726
0.0,0.30079701662419045
0.0,0.350848973054171
0.0,0.411016562686551
0.0,0.4748429461489321
1.9499999396502967,1.0095198785797295
8.89500007033348,4.51049584821916
14.272000269293786,11.865643688415874
17.82800075173378,18.77632794974691
29.900000615119936,23.771885499573177
28.852000410556798,26.768423766537904
27.91400089383125,29.251421216090034
29.435999207496643,31.22191575115468
37.91700191736221,29.31355987415258
46.969001755714416,20.204078626104838
23.115000854730607,11.416686882684624
9.40999964952469,4.590374989081218
1.628000038489699,1.5578809766725665
0.0,0.5240004036950411
0.0,0.39999626783555436
0.0,0.3858102305406075
0.0,0.37769329113752537
0.0,0.3597624314031291
0.0,0.312160446128301
0.0,0.2949142279029442
0.0,0.2717031034555836
0.0,0.3110833841568988
0.0,0.35266682857189957
0.0,0.3876957220299511
0.1710000058170408,1.1131445884363758
4.580999749600887,4.887485599787825
13.807999888658523,12.724727401281461
29.15799970984459,21.31576896523519
32.04899976849556,30.809325114878956
36.17099902868271,40.384004019861045
45.601998529434205,47.868982364892254
48.22000052213669,51.68936127858774
57.365000288486485,50.10843527124875
48.0450017619133,38.735146612425105
35.05200108766556,23.63848115956424
17.70400016307831,10.25395681359754
6.379999842047692,3.578748087960303
0.0259999991953372,0.7388961922719979
0.0,0.47234943743371954
0.0,0.4165724296784342
0.0,0.37211528050802095
0.0,0.3318898699023479
0.0,0.35995680040728956
0.0,0.3587397905152055
0.0,0.36419606943146204
0.0,0.4342525811143447
0.0,0.5832637199292803
0.0,0.8371001231252374
3.30900010496378,2.261831333399655
16.70899972975254,12.172731034732632
32.10800023078919,27.565734780818147
45.93300087928772,40.61219830657085
56.547998447418216,48.29911185315369
62.5120013833046,49.83180497690501
26.566999286413196,46.22657445787637
27.667000002861023,38.21157531812477
21.682999556064605,28.302486148131592
28.80699984908104,17.44185000296794
33.15199928998947,10.272559964777017
19.958000626564026,4.343783464917417
6.329999902844429,1.501023660485456
0.1150000013783574,0.5789577857597354
0.0,0.4608636819712272
0.0,0.4561292427871652
0.0,0.47102166011335267
0.0,0.4679260866766358
0.0,0.27800138553452786
0.0,0.2621822129805688
0.0,0.23896876945703638
0.0,0.27672575784206516
0.0,0.31668952130033273
0.0,0.35147483264160845
1.0860000453889371,1.0485943999935905
4.548000056743622,4.730114008231787
12.816000314354897,12.49543150946117
27.65199981570244,21.337203329997298
29.990999970436096,31.433897057707828
31.5459995174408,41.900886878782856
44.91199813604355,49.469511108940345
48.527998340129855,52.709023471850486
35.17399904966354,50.46717870341781
43.14200069904327,37.97943503925638
34.05499905467033,21.567428229831425
18.383999747037887,8.898152219030292
7.1009998691082,3.18829787638627
0.1600000012200325,0.7293375002773784
0.0,0.4669226286598177
0.0,0.40546263547630423
0.0,0.35878972821659166
0.0,0.3092629915069205
0.0,0.3127345204586432
0.0,0.310705440450979
0.0,0.3052580847137481
0.0,0.3591876385045805
0.0,0.4505404625892626
0.0,0.5844617588421207
4.381999765634537,1.8084779565643734
17.17000027835369,10.47381795036602
30.65300056219101,24.73712622469515
41.257999374866486,38.612235848717475
47.63299881219864,48.633931667785895
48.22299932718277,53.05943801676122
58.4480002450943,52.92091770077234
46.4659994506836,47.55863169573617
30.90699934959412,37.88979994185396
29.676000148057938,24.313071579550112
37.88300039768219,14.025601314185785
20.05100055456161,6.052370439847607
6.074999802112579,2.111406900713443
0.0939999977080151,0.61671387432624
0.0,0.44730010964065103
0.0,0.4324008695749769
0.0,0.43037018479857236
0.0,0.4056159920889806
0.0,0.2605026852242948
0.0,0.26035140433309617
0.0,0.24992090165195996
0.0,0.29877617260207856
0.0,0.3655685584130616
0.0,0.46296387377463544
0.2839999961480498,1.185844395227867
2.7270000834763053,6.301934458151713
10.43599971652031,16.49770168167653
21.735000067949297,27.511375016906662
32.15399902462959,35.97339305320355
50.925998957157134,39.034763118382976
49.67599842309952,37.84488921198966
37.45199816942215,31.29372627982046
30.01400039434433,21.808984011597815
27.2649999165535,11.845870208602005
14.37499997973442,6.082753517328897
6.914000240266323,2.588975778115739
2.1909998828172683,0.9436883530757603
0.0320000002440065,0.388497523041565
0.0,0.3137148502184279
0.0,0.3216210976678161
0.0,0.34508436310495655
0.0,0.33376650032383726
0.0,0.29156824660762354
0.0,0.2878916908291786
0.0,0.27604783295655255
0.0,0.32831216638004085
0.0,0.39681009176155724
0.0,0.48417053335445015
0.7830000004544855,1.2125385242040274
5.079000109434128,6.134251831021306
13.26400022149086,16.143400622279994
30.374000778198244,26.461067127111374
44.20800194978714,34.325084702441735
35.71999928951264,38.13008961133321
36.41400082826615,39.281826673529295
43.03900201559067,36.56877022226033
46.82899863958359,29.72728514484769
34.46799818277359,18.13797506901373
14.236000230908394,9.491839169406363
5.47999990940094,3.8485715796263844
1.1359999845921993,1.333340356567595
0.0,0.4384373930783581
0.0,0.3383426809567625
0.0,0.3410497287647781
0.0,0.35455511856697497
0.0,0.34411326853050805
0.0,0.30433477967878053
0.0,0.29693887053656204
0.0,0.2854649664008852
0.0,0.33272928260783874
0.0,0.39723307146133774
0.0,0.47540331495643007
1.7809999448806049,1.6292205983175694
9.387000252604484,8.641712885866658
24.6490005505085,21.27322418122842
31.344999474287032,34.36998980804879
28.693000069856645,45.78957417039776
41.98500009298325,53.15168209090304
40.95300036191941,56.27842147085871
53.26799997091293,55.63076158751295
54.753998246192936,51.176164789511965
47.33400151729584,38.2471328695032
34.11600008964539,23.016657710646218
18.799999734163286,10.025295364151395
6.094999880492687,3.5540553023114683
0.2579999969527125,0.6876800166469599
0.0,0.44251522948370264
0.0,0.415581563068125
0.0,0.390221137333705
0.0,0.36018742754824806
0.0,0.299159374839718
0.0,0.2950915580617985
0.0,0.28909675676464525
0.0,0.33982357582653705
0.0,0.4186221326598158
0.0,0.5243147501107712
3.076999914646149,2.0613700983459413
14.040999851822852,12.121742534758887
29.368000276088715,28.064809555652268
43.16700169563293,43.11237726060568
53.0120006108284,54.18856753408784
57.98300060510636,59.57512907116126
53.70700038194656,60.742985795516034
46.61600132226944,58.452714100790274
56.72399954795838,52.23226053593924
46.40200166463852,37.767843467866854
32.555000878572464,21.90573676384902
18.74299984455109,9.588405988160188
5.382000090181828,3.5253826529866967
0.1830000079143792,0.6739045987871196
0.0,0.431769444412323
0.0,0.41551035523661983
0.0,0.399314687831792
0.0,0.37268639459569547
0.0,0.24544140020850772
0.0,0.25066856180583846
0.0,0.2464635103718874
0.0,0.3033112321680422
0.0,0.3903787181545775
0.0129999995976686,0.5199080450251242
3.0980000226199627,1.7542653176672283
9.645000185370446,11.03538856173776
21.015999586582183,26.85488180819521
41.513000502586365,42.646757032055355
46.59199855804444,53.32435837757798
49.92600017309189,57.06988716328695
58.46699952363968,56.06601932280594
58.54700189113617,46.8090038095247
48.60300132989884,30.511629704173707
16.83300031840801,14.839618980062001
4.747999813556671,6.887449805298911
2.662999986708164,3.0329143511684116
0.1530000026710331,1.182714110990992
0.0,0.3989480380463346
0.0,0.29548559897013554
0.0,0.3088390411989966
0.0,0.33761651557299804
0.0,0.33469115164446256
0.0,0.3017336360166942
0.0,0.3043178862827964
0.0,0.3048530133606591
0.0,0.3650694615440711
0.0,0.4790136635760862
0.0439999983296729,0.669893013820633
4.989999786317348,1.9409490773838982
14.541000270843506,10.80714342777763
30.888000071048737,25.542386018202194
36.44000005722046,39.33577104384085
44.5270008635521,48.01411321953082
45.64900171756744,49.98030157805487
44.27400030851364,46.926808163396245
44.71000191450119,37.23080691853091
25.63900057911873,25.127764369569967
25.98799986720085,14.094140626810882
13.404999516010284,7.902755657723316
5.9119998565316205,3.4939062078194327
0.7129999828711152,1.2256647321243856
0.0,0.4644214443022146
0.0,0.36743091697517233
0.0,0.37733346082919417
0.0,0.4064427412439411
0.0,0.40456788959584505
0.0,0.3141525759341167
0.0,0.29902457926034226
0.0,0.2719684157517185
0.0,0.3115766402613431
0.0,0.3524506516773768
0.0,0.3886598321157513
1.4349999753385785,0.8543109300983814
4.311999748051167,3.314632018174283
6.456000037193299,8.839303176758532
9.53400023818016,14.644346912058262
19.8210004234314,20.229882912035052
28.89299982666969,25.512595972991676
26.759999092817303,31.450010393329464
24.382000094652177,35.547073885545736
42.96899840354919,33.786403289696025
34.70400003194809,23.39190434890453
19.6130004298687,13.098418240193979
12.97300008237362,5.574905512754891
4.171999969631433,1.9286212667065836
0.0,0.5549874555187895
0.0,0.3995927147564968
0.0,0.3758449286299312
0.0,0.3592533577561917
0.0,0.32904421014706037
0.0,0.29389961756345023
0.0,0.28506816103879684
0.0,0.27076784976368284
0.0,0.31475801643907875
0.0,0.37257110899236584
0.0,0.4388632452843745
0.9559999852254988,1.466516364425703
7.245999795496464,7.364525365732207
17.188000297546388,18.63272727976736
31.381999799013137,31.12802997415823
45.97099943637848,43.144024541532325
38.44300053834915,51.53903897270236
50.04099818468094,55.52161287778708
61.97300109386444,55.52240509402268
56.31200070619583,51.58058174322029
47.63400115251541,39.26727141808757
34.8759999871254,24.119443392692254
19.73700101852417,10.636301749551757
6.5390001827478414,3.7093475043918724
0.4149999896250665,0.7131822163880742
0.0,0.45946313629301816
0.0,0.4219666094002624
0.0,0.39349798300615346
0.0,0.354757032641127
0.0,0.2546942321545025
0.0,0.25630022894773596
0.0,0.2515669050828762
0.0,0.31735543623435963
0.0,0.4230837226467183
0.0320000002440065,0.5649731079094967
4.787999970316887,2.0030900140347168
15.563000219464302,12.33701042480989
28.646999222040176,28.962730571979716
42.25200054883957,44.524370571625056
51.43499887228012,54.96592706919957
56.19899915933609,59.45549058424613
60.59500087976456,59.820676930336816
58.815998811721805,54.96349911092703
50.24600142717362,44.130346427638344
41.87300088644028,26.643360229784946
20.245000647306444,13.111031539514485
7.495000232160091,5.4146071189320635
1.4339999457448722,2.0186844434138025
0.0,0.4819801123082088
0.0,0.3328874415667529
0.0,0.3414043797945891
0.0,0.3569127756045073
0.0,0.3482016043491534
0.0,0.38457238052360865
0.0,0.3694635290701921
0.0,0.34241533652252526
0.0,0.3919367906209895
0.0,0.4557743576358866
0.0,0.5229064735627678
0.2220000067073851,0.9150148987621584
3.588999918550253,3.225398900645267
5.004000200629235,8.273115852308704
17.489000219106675,12.827191013310765
26.467999694347384,15.770145317023633
33.00899942278862,17.030928225543814
9.829999755024913,18.954270825695936
26.070998985767364,21.123666506875296
21.95599967598915,20.325390156725067
22.96200017809868,14.87211721984784
18.25299920797348,9.637035007311548
13.067999556064606,4.353574735485854
2.261999929994345,1.466523728700892
0.1009999962570145,0.5740092487782057
0.0,0.4616121323525384
0.0,0.4402935011715701
0.0,0.4348742909649569
0.0,0.4150874294936976
0.0,0.2991175353024871
0.0,0.2904443378552339
0.0,0.26955282623755766
0.0,0.3098080040496642
0.0,0.3569578930745175
0.0,0.40836788384005646
0.1020000017806887,0.9318009369050613
1.5630000405013562,3.8725417564476894
6.003000238835812,10.384528719790266
19.372999489307404,17.494732983368273
19.27399989724159,24.01212537974572
27.75999993085861,28.213001588193553
31.32800076842308,31.414016017208695
31.76400032043457,31.51249782466941
39.486001365184784,26.625805729493507
30.852000032663344,16.609457312345505
16.850000051259993,9.085206935255142
7.023000128269196,4.022254048526225
0.9440000152215362,1.4095324150094843
0.0259999991953372,0.4680605210553659
0.0,0.3581206976247217
0.0,0.35262366598212974
0.0,0.3558919469520587
0.0,0.33439766949510036
0.0,0.3941280906639484
0.0,0.36627705584389597
0.0,0.3260653429730781
0.0,0.3586093201794572
0.0,0.3968323565868465
0.0,0.4299170794269298
0.0259999991953372,0.674641411868234
0.7389999820664526,2.0758929396800507
3.316000055372715,5.372951716709825
6.46999993801117,8.192838065308138
6.379999842047692,9.92867625430594
8.332999870479107,11.27796528376969
19.507999119758605,13.963917315110871
22.649000928401943,17.89030848428165
36.7040017080307,18.512330349015816
23.416000776290893,13.667014917170421
28.440999801158902,8.691051504864836
15.674000166654588,4.066476237139873
7.412000086605549,1.4963871721612694
1.8020000528544189,0.6382559556723356
0.0,0.4988852504163215
0.0,0.4555962480919841
0.0,0.4305548357564399
0.0,0.3919925583568703
0.0,0.2894222242339281
0.0,0.28507516491084817
0.0,0.2821085349875588
0.0,0.33802715218776197
0.0,0.43250520487453725
0.0439999983296729,0.5651855501824151
4.643000043928623,2.254510791377014
16.191000318527223,13.737459518901979
31.08300045013428,31.023942659751782
45.39699939489365,46.17264656929068
56.65400004386902,56.45006269124949
63.358001258373264,61.23158041256726
65.50500189304351,61.953122388853224
63.64200042009354,59.91414964351747
59.06100118398667,54.5084626287549
50.05499808549881,40.306882374806285
36.981999151706695,23.004708662112847
21.538999402523043,9.698317597426714
7.83200019210577,3.611794704020737
0.7519999816641212,0.7012395606269852
0.0,0.4442815732846798
0.0,0.4226041635751833
0.0,0.39800790118114376
0.0,0.3709697315952489
0.0,0.261068603028305
0.0,0.2593351297491295
0.0,0.2578404483627124
0.0,0.32001071960893485
0.0,0.42410362898855886
0.0380000012926757,0.5729775417247369
4.726999962329865,2.3122345835668083
16.526999992132186,15.712717858268022
32.24899952530861,34.59861696689511
47.65300043106079,49.6660970677217
58.88400185108185,58.740951279336215
65.40699847936631,62.58327849157228
66.20300046920777,62.74506494190126
61.933001964092256,60.107355015012324
59.640998835563664,53.6413653099495
45.4490019607544,37.541691133498695
34.08700000166893,19.440739401298554
19.172999732494358,7.568898119306532
5.739000128507614,2.8354491636234815
0.3970000025257468,0.5802105037074763
0.0,0.3738105230953311
0.0,0.36830981439191995
0.0,0.35731301058097875
0.0,0.34005916255614144
0.0,0.29012206594697876
0.0,0.28612132868650936
0.0,0.28240181855033286
0.0,0.3408129654887088
0.0,0.43483751666751336
0.0320000002440065,0.5627798634790314
4.613000183105469,2.2177433209450377
16.13799952030182,13.68066229448276
31.08599925518036,31.002822035093452
43.300998985767365,46.14346623650756
54.44100105047226,56.288000556392575
63.884998111724855,61.04676517002765
66.56800023078918,61.830552000122516
65.08099961519241,59.67665264450653
59.796000084877015,54.04058628454314
50.713001639842986,39.56383350493763
37.048001618385314,22.319587354436543
21.26400076389313,9.26770698122678
7.28599995225668,3.4431648779052915
0.6170000302791595,0.6659234253232486
0.0,0.4258895891636683
0.0,0.4108503468672424
0.0,0.39236657334050906
0.0,0.3683006037978697
0.0,0.29128953068693936
0.0,0.2912185881790957
0.0,0.2797715331281277
0.0,0.3305276701150693
0.0,0.40126311488532873
0.0,0.5015948943519416
2.190000109970569,1.2830305817208256
9.233999575972556,6.772174485992962
15.780999995470047,17.42131500564189
20.543999996185303,28.94457438099363
40.618999207019804,37.807895474079054
44.831999876499175,41.13832123609429
48.15299982309342,40.24883210220734
40.51899932861328,33.62592592579375
34.906998593807224,23.87357647534233
21.800000194311146,13.579066545990788
11.80699998021126,7.4891033277801204
10.395999559760094,3.2770364596485635
5.73500001013279,1.1503274253390878
0.2820000011473894,0.4396039986532981
0.0,0.35071899392388783
0.0,0.35395328392029834
0.0,0.37642544076061746
0.0,0.36393585352993163
0.0,0.2837189658516729
0.0,0.28033183194647615
0.0,0.27077082899700455
0.0,0.3223522178299755
0.0,0.39637264319883453
0.0,0.4883579852036851
2.3309999179840086,1.845713598029467
12.674999992847445,10.410638107365841
26.55399967193604,25.09949109164065
42.651001830101016,40.05983011140661
49.826000294685365,51.9455716304453
59.08799864530563,58.296416686909524
64.02899826526642,60.1280521323486
63.953001151084905,58.13171229981554
58.50300161600113,52.0869603740149
49.25299848556519,37.56829725817535
35.805001034736634,21.55623514058127
19.057999666929245,9.38833944524103
1.77799998447299,3.401907462717186
0.0,0.6331481268407635
0.0,0.40836883732580503
0.0,0.3948963949630554
0.0,0.3839536691850832
0.0,0.3570465911760602
0.0,0.2849643154540385
0.0,0.2926440448827331
0.0,0.29444573867670043
0.0,0.35667744138134977
0.0,0.47336771214257495
0.0,0.6812078030532702
1.8140000228583808,2.058848332315218
6.729000157117844,12.40037115414018
28.38999957561493,28.801767155931724
42.12099795579911,43.825093265335454
52.93599938869477,52.405873160072346
59.603000278472905,53.25144417045017
59.802001802921296,47.99281939529141
24.537999576330183,32.79523099673134
11.116999586820604,17.284943195018254
7.192000251412392,8.213324422417918
4.137999990433455,4.534598150216842
0.8079999700561166,2.201015224253031
0.0,0.8295976543810126
0.0,0.40952537946373047
0.0,0.33816014459200505
0.0,0.3551606143941584
0.0,0.40012392356989757
0.0,0.4072332852090984
0.0,0.34792006744494264
0.0,0.34095856066729896
0.0,0.3169459796273311
0.0,0.3597604682656976
0.0,0.41525727502837867
0.0,0.48474882097422367
0.0,0.7983717807474366
0.447000005915761,2.6311577753072926
1.7219999960809946,6.810077687072698
3.5829999977350235,10.741720418664215
11.006999925971032,12.951534585872164
13.749999712705613,13.074759339069503
18.625999206304552,13.417307864084036
22.063999791145324,13.071694994458339
15.839000171422958,10.675955727359614
14.035000187754632,6.872680035541825
10.546999663710594,4.263943623156121
5.750999970138073,2.1027157291444563
0.6589999894797802,0.8042147798018716
0.0,0.44017326537553486
0.0,0.38866739878750023
0.0,0.38529420819763416
0.0,0.40264063416072493
0.0,0.38913922276356694
0.0,0.3272900263080648
0.0,0.3185684979516747
0.0,0.2951874383235957
0.0,0.3359318356817788
0.0,0.3863049754452149
0.0,0.4475877629827517
0.0449999998416751,0.8702832313018201
1.2919999797642232,3.2911001260852353
3.315000025779009,8.695778709483152
9.398999580740927,14.243327760161641
26.434000228643416,18.533016375283356
50.23799913644791,20.67483789335265
45.70700189352036,22.461201216129485
37.11399997711182,22.742383562175622
27.26899900794029,19.55777096510604
31.20600075244904,12.769611568027727
23.450000241994857,7.584333245370152
13.767999731898309,3.4493460776261413
4.380999992787838,1.2140531157525554
0.4340000063180924,0.48915964817435187
0.0,0.3943281737082296
0.0,0.3843044187045247
0.0,0.3898840320422038
0.0,0.3680602547282635
0.0,0.30900472171900545
0.0,0.3037822655024777
0.0,0.2979600008820796
0.0,0.3523472509853975
0.0,0.4390219508607428
0.0380000012926757,0.5541270785948438
4.371000210344792,2.1817529697251516
15.650999742746354,12.345503971332755
30.570999675989157,28.447283549511468
45.43699852466583,43.51388278711114
56.43099986314774,54.48835210728283
63.002002019882205,60.15511954526308
65.49999840736389,61.62322599971445
64.28100058794021,60.05599139464087
59.26300151348114,55.27601950371993
50.81800089597702,42.11799659119832
37.97399975299835,25.37088697121461
22.92399956703186,11.150228248951727
8.913000089526177,4.152543670513163
1.0779999370127915,0.7566849493409915
0.0,0.47420076877093087
0.0,0.4473249314221745
0.0,0.4194254442373133
0.0,0.388549020852893
0.0,0.31139659781879764
0.0,0.3062588414091643
0.0,0.3006100072983523
0.0,0.3577045693597977
0.0,0.4497889760496856
0.0320000002440065,0.5708281376744027
4.649999994337559,2.219656673680367
15.690999899506568,12.45326585435767
30.367000827789308,28.583806025304497
44.25599926233292,43.631759004061706
55.94500037193298,54.583797424030486
62.95400059938431,60.21267100761271
65.94799934148789,61.65237199897176
64.75099960565568,60.07264344845307
60.25600034713745,55.29928101050291
51.46099810123444,42.202544024399714
38.69600109338761,25.54587511459429
23.416000776290893,11.308233230408282
9.146000052690509,4.211784343687372
1.1120000445842744,0.7622571597168842
0.0,0.4781370647784329
0.0,0.4509324446459405
0.0,0.4227797714693611
0.0,0.39270048095291743
0.0,0.28704859760254325
0.0,0.28553698115277576
0.0,0.27859303184479317
0.0,0.33874011199275333
0.0,0.43201383825699463
0.024999999689171,0.5548469515548833
4.274999936819077,1.8583077731353062
15.23300020992756,10.511090331368914
29.809999492168423,25.191473363342165
44.19099913597107,39.89473667579872
54.8979983997345,50.849280321537606
48.68400192975998,56.32685575651337
46.89300053358078,57.38885886212902
53.346999998092656,53.659389555145594
55.5710000872612,45.05712817016233
37.72200153827667,29.711334449924678
34.07799947857857,16.36060212068186
19.118000415563586,7.024592677432565
3.361999876201153,2.508486342062016
0.2160000056587159,0.5759900639128336
0.0,0.3972975377209827
0.0,0.3928065737785426
0.0,0.39420103230239567
0.0,0.37494282065678836
0.0,0.38469802736818237
0.0,0.38758683245870496
0.0,0.3790750054765599
0.0,0.455281376003882
0.0,0.575015716120218
0.0,0.7481597818705965
0.7620000208541751,1.2315199328638637
6.752999840378761,4.176466809589676
21.115999464988708,10.292375669896218
34.9419983458519,15.818440678264839
39.95899918794632,17.801357239510676
30.15100059747696,15.340390059016737
19.061000525951385,12.690278110640218
5.800999909341336,9.730600255918118
5.752000256478786,6.930125642440766
6.686000168323517,4.709285879149951
3.473000080138445,3.397137741883372
3.2660001161694527,1.7357595596840136
1.13999997459352,0.63296219797888
0.0510000008903443,0.43773910906330826
0.0,0.42486330475867085
0.0,0.4325383225749583
0.0,0.48083181841675504
0.0,0.49641939967783666
0.0,0.29092997374029095
0.0,0.2908060821625724
0.0,0.2864809905382101
0.0,0.3456675675919591
0.0,0.4438659437345015
0.0,0.5837594843593742
3.874999909698963,2.123504158613065
14.553999885320664,12.545558404757113
28.960000525712967,28.990020246292488
42.59499811887741,44.40782235077238
53.0810018825531,54.89665468226662
58.68900147199631,59.185175979970886
60.97499877452851,59.18172337287374
55.99800117015839,54.360663989385834
32.87399979233742,44.26136064075447
44.631001887321474,28.019919305545034
20.560000469684603,15.103991691741957
15.487000024318696,6.6843416654186445
6.295000150799751,2.448380360162764
0.5080000139027834,0.5772429084526219
0.0,0.39649356491361015
0.0,0.39688322351176186
0.0,0.4009162070240644
0.0,0.384237285991625
0.0,0.3283939022370909
0.0,0.30415148647410156
0.0,0.2700133247254324
0.0,0.3003540541425937
0.0,0.3313393714973087
0.0,0.3585776834871512
0.112999998354353,0.7646203966425325
2.028999966830016,2.907304977012445
7.7769998481869695,7.743254143106498
12.408999823331833,12.952451783872474
16.434000064134597,18.14881492405855
31.614000502824783,23.533955266908475
43.54699959039688,29.002099744289765
41.93899924516678,32.860370351236845
34.174000265598295,30.89025454290349
29.411000264883043,21.27857841861415
28.626999657154084,12.460098624820594
14.559999549388886,5.624265192204799
9.38000030219555,2.035705892153797
0.8519999884441495,0.6859716557427147
0.0,0.48619295281228236
0.0,0.42922296012646877
0.0,0.39076283195626615
0.0,0.3397240817839019
0.0,0.2824583432000544
0.0,0.2685921793418896
0.0,0.24853563920484428
0.0,0.2884751384739189
0.0,0.33514022206709176
0.0,0.37845403409413525
2.24900005877018,1.259103767992481
9.50900026857853,5.811525632276526
20.378999991416933,15.110014890911248
31.09399949193001,26.215281837152194
42.32900000333786,38.67451519826145
49.744001462459565,49.33899754861609
62.73199865102768,55.07995203584385
61.52299958705903,56.5073383166596
58.04100078105927,53.652144473275804
50.79500047206879,41.60695111320643
37.69700054168701,25.19603292485971
22.89599976539612,11.131102556681148
9.190999587178233,3.9993939264317544
1.1139999753981829,0.8126168952672226
0.0,0.5042529927464917
0.0,0.4338868188421939
0.0,0.38113653971205746
0.0,0.32815477290196443
0.0,0.2843974951869032
0.0,0.280441498865619
0.0,0.2703634587018108
0.0,0.32456451874646164
0.0,0.40407586787411787
0.0,0.49938140415427645
3.5369999201595785,1.7788607487031727
14.269000437259674,9.111107862075864
23.883000988960266,22.447002895471407
30.41999957203865,36.74758214985485
53.40000079631805,49.19030953990924
61.06299932479858,56.690423051707256
64.01199955940247,59.355605416456186
64.14800153017045,58.158483289543824
59.34500034570694,53.154031196458355
49.78999820232392,39.447982743981704
35.87200173377991,23.14398365538196
20.781000077724457,10.283089405132413
6.793999769985676,3.7428220861318477
0.8310000088438392,0.673377373487115
0.0,0.4306082541392894
0.0,0.4089689074664803
0.0,0.39023730843695315
0.0,0.3608147556679579
0.0,0.331585371926526
0.0,0.31267430921202555
0.0,0.2820438194019198
0.0,0.31987722189408013
0.0,0.3547685991655118
0.0,0.38195898010093243
0.8770000222325325,0.7820054042974223
10.632000381946565,2.954715335242844
19.82399922847748,7.967640945234207
20.091999970674514,13.147663596082584
8.615,17.97964056183905
10.496999724507331,22.758960281133593
14.846999570131302,28.0626174824681
19.90100073695183,32.86157845864732
46.52500196695328,31.86439192722108
27.09299996137619,21.85780354868916
15.541000081896785,12.164220443268219
16.62299975216389,5.2718731087449555
8.35700006723404,1.8829101809855358
0.447000005915761,0.5958650761843161
0.0,0.42706252176927684
0.0,0.3917697227217424
0.0,0.36447987903162343
0.0,0.3314927074797444
0.0,0.36309973856106575
0.0,0.34530132846562533
0.0,0.3164498241268849
0.0,0.3592489723924788
0.0,0.4113354442955773
0.0,0.4652926855238133
0.3820000079274178,0.8793326167688789
2.476999873965979,3.2675162293920215
7.0930001458525656,8.573924898754
10.086000142097474,13.802540845839358
22.428999552726747,17.853142833257035
28.342000209093094,20.655077627224923
25.2249991106987,23.503540690222174
29.199999412298205,26.10281738393281
31.754999797344208,24.988873335897562
29.88400014162064,17.87000821094244
29.43799978017807,11.12286647353136
12.461999594569209,4.942269200182364
4.790999802350998,1.696699966045883
0.2149999921116978,0.6145365031822316
0.0,0.4704837910716169
0.0,0.43736533684315226
0.0,0.4207111619094515
0.0,0.38982439437726074
0.0,0.37366254050852626
0.0,0.33830063294635326
0.0,0.29774298553608475
0.0,0.33300479476881467
0.0,0.3643090609962012
0.0,0.3778172934475501
0.3749999933317304,0.8563838565043156
2.2860001267492773,2.7267624455448587
7.516999856233597,7.166806122754484
14.046000256538392,11.67993253188173
22.82700054764748,17.05961549655133
26.670000023841855,25.270864288190854
22.331000247001647,36.13191982988748
43.93799858093262,46.42414985205538
57.67899982452393,49.40677970624805
48.41700147390366,41.19545226202577
36.349000701904295,27.97135313675719
22.9840003156662,13.164928759921544
9.539999902248384,4.592317714158547
0.9350000056251884,1.0418107120019082
0.0,0.6308519339588918
0.0,0.5049953292646607
0.0,0.41641906426957565
0.0,0.357437497932658
0.0,0.3062056989044574
0.0,0.302570481471665
0.0,0.2949465620840637
0.0,0.34810626624870084
0.0,0.4296105221178764
0.0129999995976686,0.5344292503754549
3.334000074565411,2.0717542113423986
13.354000317454338,11.193573330785233
27.317000428438188,26.459265485784247
41.16000006914139,41.62706144150568
51.77800055027008,53.33972468391639
58.44899847745896,59.35223782055223
62.796998777389526,60.949084726584665
62.40300098180771,58.97537754758843
58.40399996995926,53.20717268270987
49.72199927091599,39.02770075680369
35.512999582290654,22.99667994132209
17.440000566244127,10.476493630997426
4.0329999640584,3.9039909658866137
0.5430000226944686,0.6999609380580624
0.0,0.44482020489499474
0.0,0.42936496757527626
0.0,0.41352841021394965
0.0,0.3862228106259277
0.0,0.2714870803933091
0.0,0.2673594793739428
0.0,0.25694825022627954
0.0,0.3089737211491839
0.0,0.38365582330118086
0.0129999995976686,0.4719937164217102
3.680000044107437,1.7330241489768288
5.621000230908394,9.46139769936069
25.78300073266029,23.433639311860926
40.02399931430817,38.410164350005566
51.83800129890442,50.86633079137315
59.05299889326096,57.69659751783637
60.26900201559067,59.71428315621243
59.22699942111969,57.62626585183558
56.29899903774262,51.180396436693755
48.5270001077652,36.121388961114484
32.63900028347969,20.109777661198304
12.465999712944033,8.730563008169518
3.406999924182892,3.17953775041103
0.28499999364838,0.6167403091042887
0.0,0.4045562695684271
0.0,0.3909923558902929
0.0,0.38226641260407557
0.0,0.3526762512455986
0.0,0.38281743798293216
0.0,0.3808613646693427
0.0,0.3630266777188174
0.0,0.41841986250943225
0.0,0.4962740483732848
0.0,0.600412547416106
1.954999959245324,0.8599433137450359
12.469999831318855,2.346750773426814
13.308999755978585,5.797685673127192
10.168000001311302,8.675739910877663
9.015999799966812,9.465468373316943
9.344999523162842,8.351462424667337
6.220000241994858,7.88219776070605
9.2760003054142,7.587147011738033
5.536000026166439,6.4365543073534415
1.2370000209659338,4.57670609279014
0.2890000157430768,3.150422005235875
0.1140000038780272,1.6493914280236261
0.0,0.6491937527547071
0.0,0.4339086530108299
0.0,0.41309851387956714
0.0,0.417897994456484
0.0,0.4495900217813923
0.0,0.45164729487602184
0.0,0.38564213643086387
0.0,0.3648620245692475
0.0,0.33230414328309926
0.0,0.3711970809461734
0.0,0.41967564919293054
0.0,0.4695234738175962
0.0,0.7789716761035819
1.5540000309050084,2.523033059928129
7.278000229001045,6.604656125857847
14.046999515891075,10.328275948452594
21.09900075912476,12.766589570155014
28.33999963641167,14.27252074519279
32.07099990606308,16.444366021128292
35.0270000910759,19.372774777532157
18.47300058364868,19.510542322999694
23.38500011563301,14.23134399895411
24.67700035214424,9.004809464143428
15.5649997651577,4.13201757335808
6.333000248372555,1.4778892667203043
0.8039999800547958,0.6203679825624022
0.0,0.4927569970534383
0.0,0.4583055534105285
0.0,0.4415923905786686
0.0,0.4084425317996003
0.0,0.31989031314777794
0.0,0.30559061624114214
0.0,0.2872423842360547
0.0,0.3340295531220084
0.0,0.39040814797573464
0.0,0.4443508679570448
3.4429999625682832,1.4392389498914764
13.881999511122704,6.625077918271128
21.48099922657013,16.944124040874268
39.82600013017655,28.483782476514364
47.876998844146726,40.262094541567386
41.661001801490784,49.979285263037895
58.86199965953827,55.33353323270139
62.47599929094315,56.93948720771483
59.69899901151657,54.789637271417064
52.09400065898895,43.762341930387386
35.213998179435734,27.79606538544375
24.16200077295304,12.547030975284017
9.908999782204628,4.517903035412462
1.5569999913126231,0.8599884593251639
0.0,0.5333225966570624
0.0,0.466257921170845
0.0,0.4121618689923638
0.0,0.36600729670898613
0.0,0.26244930186464915
0.0,0.2698592653936528
0.0,0.2677887882793928
0.0,0.3315239293994377
0.0,0.4372365861183248
0.0,0.6045499365585302
1.6500000476837158,1.9937893325320069
14.336000109314918,12.394952383951072
28.2119999563694,29.037639596418316
42.287000300884245,44.95646467708281
53.66399833917618,55.081652693651414
60.60000025749207,58.16337401557436
62.452000634670256,56.23352259849224
56.72199897527695,46.27936990146349
28.85499921560288,29.983894038347284
23.56799911260605,15.109073960082533
11.99100029051304,7.5672956511060345
22.4330006980896,3.43873602837681
9.460999875068664,1.2856100950029856
0.8620000276342035,0.44447232561340155
0.0,0.3339236275258702
0.0,0.3449549264113849
0.0,0.3726034739261199
0.0,0.3685084747049943
0.0,0.3282120450689179
0.0,0.31602117878738895
0.0,0.3009339182904296
0.0,0.3461228012692255
0.0,0.40475958765610187
0.0,0.4699692505395143
2.218999941200018,1.5851473113118135
11.999999786615373,7.80793526230007
25.0899994802475,19.549010446149317
33.54099976181984,32.16156415981489
37.17999833583832,43.90286107142694
38.26699943780899,52.08445037688511
41.12599854946136,55.885586073842646
53.8810009098053,56.33108746383772
59.94400138378143,53.446869695248786
52.163001930713655,42.213158255982705
39.716001496315,27.250639460780835
24.706000440120697,12.44720677469461
10.399000418782236,4.389124001841612
1.5800000301003456,0.8376044526020585
0.0,0.5255699772502337
0.0,0.46993011726656186
0.0,0.42415044723263706
0.0,0.3820228790764876
0.0,0.29325161179823744
0.0,0.29078192940952646
0.0,0.28273148714814544
0.0,0.33276746454243916
0.0,0.40805534851387476
0.0,0.5082165187202371
2.7839999730885028,1.9393712389292386
12.701000248789788,11.130191411816797
26.8240009868145,26.506017484174937
42.6910009598732,42.03678884076504
54.77600043773651,53.55994068329648
61.92000029563904,59.03113868662091
64.17200018644333,60.00808895190901
58.48599880218506,56.67449764959257
49.212999355793,48.578696077983395
37.03799875497818,32.8567854459941
28.654999458789828,18.36585840409303
20.944999796152118,8.15398323273629
12.611000152826309,2.9936883467628856
1.9859999780356885,0.6405770814795733
0.0,0.4244428116555863
0.0,0.412412389394663
0.0,0.4040280288337245
0.0,0.37568538852681077
0.0,0.3176103041942993
0.0,0.3096392133280833
0.0,0.30108928578350697
0.0,0.35156606575135857
0.0,0.42700758378726894
0.0,0.5212482733558357
2.837000001072884,2.0137859482988723
12.978999746441842,10.736402575948647
27.33699999332428,25.467652944432587
41.66699941158295,40.3866268224974
52.94000053405762,52.34226363181881
59.96399889469147,58.87965742083121
63.02300187110901,60.7777904510387
62.45700001239777,59.4529022158788
58.8689996099472,54.8869367992669
51.09299953460693,42.08291633778723
38.76600059747696,25.97633939379169
23.679000086784363,11.905520081541564
10.026000420451163,4.4301466180937545
1.5360000117123127,0.8150580748978077
0.0,0.511631675544176
0.0,0.4714707370295085
0.0,0.4351607917699335
0.0,0.3956677494200355
0.0,0.26467016184688125
0.0,0.2650144785138318
0.0,0.258442128469634
0.0,0.3113313703974681
0.0,0.39204026356868993
0.0,0.5034356528318736
2.658000095486641,1.9032409180783734
12.457000216841696,11.243514592858197
26.14599992156029,27.073009040102917
40.32100014448166,43.087356157624605
51.96100160121918,54.65537570750596
58.682001521587374,59.64532671663285
60.80099824666977,60.024479151328045
60.470998237133024,55.874815897685984
53.683999958038335,46.23653721277578
29.74699993848801,28.990532688686482
21.233000103235245,14.660367300264879
19.328999214172363,6.296831960438796
10.56199985086918,2.3724106814450745
1.2190000017732383,0.5511781509412685
0.0,0.36966056481435133
0.0,0.36668651600534474
0.0,0.3663476742752689
0.0,0.34578247059057426
0.0,0.27813714276535934
0.0,0.2716240299660912
0.0,0.2568359676317318
0.0,0.30871825798939106
0.0,0.3743741497579018
0.0,0.44139974484302974
1.99399995803833,1.368895233115153
12.985999696850778,6.552767376486957
24.811999982595445,17.109014808368475
31.9259994661808,29.174015047504554
38.039998111724856,40.76115814111923
42.35299865961075,49.39869895888765
49.88699927568436,53.913034453205114
51.908000802993776,53.62510752225376
52.33100074052811,48.641317337527916
38.34000185489655,34.290521026122526
20.6989991915226,18.759260950111702
9.043999601602554,7.95487590485637
2.180000070780516,2.8480847140426637
0.1140000038780272,0.584627015899366
0.0,0.3901272427779474
0.0,0.3747401380166952
0.0,0.361974156389085
0.0,0.33419025339309455
0.0,0.29622744496493697
0.0,0.28345934651587507
0.0,0.2628261041867818
0.0,0.2989900187542949
0.0,0.3419970840077308
0.0,0.3888968392635866
0.5319999860040844,1.1864712124444081
7.471999808251858,5.522569613796078
15.790999777913092,14.384500257712574
25.423000348806383,25.13987036237874
40.42799997329712,36.675532071312865
51.01300127506256,45.708683343788955
41.06799837350845,50.33284797756025
46.844999113082885,50.33831008584979
56.29899903774262,45.58702458395686
46.81499873876572,32.8012783028566
38.86199933052063,19.7283340320725
24.65899930596352,8.902045672710976
10.578999583721162,3.118062956562964
1.4770000629127027,0.7549867310194038
0.0,0.4971212202554776
0.0,0.4391248682386128
0.0,0.3994645090255909
0.0,0.3471160950539664
0.0,0.314923211163103
0.0,0.30693958482998634
0.0,0.29710675093269967
0.0,0.3489414372319414
0.0,0.42604529980041783
0.0,0.5191905760277934
2.607999899536371,1.9947861235243476
12.673999706506727,10.451574601110877
27.05200054526329,24.903150479522136
42.01900161266327,39.798744886252
53.75699826717377,51.991649335701474
61.74500153541565,58.87959387735236
65.46400042295456,61.01130344066873
65.40699847936631,59.960080578541735
61.08699798107148,55.84182116284423
53.058999691009525,43.62728070980368
40.569999554157256,27.445030310439392
25.12800009131432,12.646424487478024
10.633999927639962,4.683357586853584
1.6829999972879888,0.8502938221917782
0.0,0.5289494612107485
0.0,0.4809155850172111
0.0,0.4396270102382701
0.0,0.3964556545945944
0.0,0.31884072327630575
0.0,0.31279324043576306
0.0,0.30465324380943365
0.0,0.3547250704977028
0.0,0.43425363393028515
0.0,0.5350045187872094
2.678999946713448,2.115775003113979
12.86099984884262,11.056621141306556
27.10599957585335,25.95691695902041
41.94000158548355,40.946669683822435
53.144999668598174,52.94359488493469
60.007000937461854,59.487359001076996
63.38100168228149,61.43443320866832
63.43700128555298,60.32673612488537
59.65699930906296,56.19760011158869
51.83400015354157,44.13192553073952
39.7980003285408,28.18250166519355
25.02499935388565,13.197653886826716
10.643999710083008,4.912549659174028
1.7559999752789737,0.8729745181013903
0.0,0.5323554584901632
0.0,0.48346606731114594
0.0,0.43928458728358033
0.0,0.39913489935358304
0.0,0.3201119794267296
0.0,0.31371526139647926
0.0,0.30485720763224683
0.0,0.3498640117808546
0.0,0.41892993460541006
0.0,0.505975105381462
2.579000068306923,2.014691343744455
12.44399957537651,10.198658226552116
26.45899917125702,24.37038065786912
41.3030019903183,39.184155754495
52.68699997901917,51.64941594071686
60.47499938249588,58.753948277140154
64.54199932575226,61.077340602549896
64.5410010933876,60.15438695703021
60.55800055503845,56.10900680663202
52.40700196266175,44.05354146477013
40.24699949502945,28.1580161931899
25.013000025749207,13.326097692574635
10.607999671697616,4.985534774453295
1.7660000144690275,0.8722917714416404
0.0,0.5296520361944028
0.0,0.48038609188559733
0.0,0.4366542825407098
0.0,0.39502983167709316
0.0,0.30344285920821057
0.0,0.29677790695135375
0.0,0.28659820122396495
0.0,0.32726746014641867
0.0,0.38667536518586687
0.0,0.46135917303296203
1.7710000340640546,1.793869589549618
8.918000494241715,8.965447546473667
24.115999925136567,22.11364987691652
37.08300137042999,36.6511838979587
50.872998158931736,49.63295575925289
58.91200165271759,57.35467005843459
62.910998556613926,60.02667070523285
61.92200086832047,59.169522396875344
57.32799996376038,54.96709142844708
50.40400148153305,42.550763983492445
38.92299831151962,26.57185036905336
24.28499902129173,12.350873908435638
10.41399957895279,4.560053333805764
1.749000024870038,0.8386252369761051
0.0,0.5158049918048384
0.0,0.46549257873832084
0.0,0.4237912440501205
0.0,0.37785516098114114
0.0,0.2947660797396755
0.0,0.289793001414633
0.0,0.28330630620654806
0.0,0.3294210957122328
0.0,0.401766800772078
0.0,0.4989948645051514
2.159999992400408,2.05373856155058
11.852999801039696,11.274917517266042
25.84299942731857,26.73153024819829
40.53099865674972,42.11651217197193
52.43599999666214,54.23272558791822
59.917998046875,60.42234191874558
61.92099852800369,61.869163480577775
60.277998430728914,60.75171004422291
56.17399816274643,56.7587985375884
48.78299946784973,44.132196847791796
37.49900135755539,26.849109586239585
20.877000864744183,12.052847389796845
8.547000041604042,4.515436937352629
2.1909998828172683,0.8204934599556932
0.0,0.49719909690972725
0.0,0.4515400862327299
0.0,0.4094684420686684
0.0,0.3704077716561228
0.0,0.4007392959985855
0.0,0.3921758271873271
0.0,0.3815060591737669
0.0,0.4480326177792063
0.0,0.5556164872879025
0.0,0.6952449181939316
0.6349999852851034,1.4046177679289567
11.27300009548664,5.484695564345277
22.86200029969216,13.959076318309833
30.98200028538704,22.272775997653643
44.69000029563904,28.037523967961263
33.42800026893616,30.0197158564882
33.97799960017204,30.102903818009352
40.56700074911117,28.862504268610156
29.652999724149705,25.198329685553322
28.99299970507622,17.26949187022274
25.28100076794624,10.752229919155189
14.513000469207764,4.776618601361776
2.2459999699890614,1.5838539594386323
0.0879999966593459,0.5936764294024587
0.0,0.4858131813083507
0.0,0.473522111902773
0.0,0.48541346631373167
0.0,0.4780512170340519
0.0,0.3821710769592282
0.0,0.36808812184669254
0.0,0.3422108470158561
0.0,0.3900812975048988
0.0,0.45702187110389625
0.0,0.5318949955439654
0.1289999984763562,0.8515067426108698
3.651999985724688,2.7664738531342143
14.6160001796484,7.1591259342665206
19.33900002360344,11.203983264545512
25.18600026726723,13.405741061730327
17.777000526189806,13.803778822208754
19.765000820159912,14.524423563386886
19.845999366045,15.414410018916566
26.59699966073036,14.336728035326008
26.27700046062469,10.301218956237928
21.28099946975708,6.779681935809686
8.047000136077404,3.181438803756258
3.06500007301569,1.1377410180206362
0.922999971434474,0.5520630556785978
0.0,0.46691679436606565
0.0,0.44673218518943514
0.0,0.44895355851410346
0.0,0.4279522742599534
0.0,0.288851369819413
0.0,0.2820515166843139
0.0,0.2709423208457287
0.0,0.3146033759358871
0.0,0.38040350161743813
0.0,0.4626788361958058
0.8640000226348639,1.7082052964469088
9.484000298976898,9.075156015173482
24.719000054597856,22.274179101556093
39.17700120687485,36.98850381347888
51.1920011806488,49.71050617870995
58.9170010304451,56.797237651605954
63.35600068569183,58.79101852548464
62.62600116252899,56.80162047846148
58.527998504638674,50.81496855312395
49.86300061941147,37.24173584118124
41.764998717308046,22.668274080862265
25.197999595403672,10.355338598307263
10.270000452399254,3.710277201218341
1.4699999841302631,0.8035931063658948
0.0,0.5173390859082898
0.0,0.46650248629409186
0.0,0.4290792709230347
0.0,0.3782954474593887
0.0,0.3477957867217562
0.0,0.34050328098870913
0.0,0.3348319599736968
0.0,0.39942923877921716
0.0,0.5023554571530072
0.0,0.6385684892764675
1.7679999452829362,1.6375755542808044
10.785000031590462,7.930536903700273
22.654000306129458,20.238399365149167
34.3659997856617,31.76775464392535
46.67599796295166,39.90197422188856
20.511999049186706,43.04210557893946
14.417999968528749,42.986243669537444
18.83399919986725,41.119030105488456
43.85399917602539,36.486908731913736
48.652000982761386,25.056467853505936
19.578000677824026,14.72813237587893
20.46000059127808,6.24367223247388
4.289000094383956,2.063190689797175
0.1510000076703727,0.5618211764859612
0.0,0.4130802065718535
0.0,0.4124638951076407
0.0,0.4149333833708955
0.0,0.4100776522482327
0.0,0.25659856841205736
0.0,0.25315004381898065
0.0,0.23762694895420391
0.0,0.27821682465766534
0.0,0.3296089633304926
0.0,0.39047164229561904
0.2699999990500509,1.1152050813407124
4.758999882340431,5.401712919212583
12.801000127196312,14.490758201966422
17.8219990336895,25.725614298213443
35.41000089883804,36.738721070253106
42.04799964666367,43.54220144557826
45.97300000905991,46.03506687985524
53.4490004491806,41.75876824792709
38.36600108385086,31.78444819067419
39.62499803304672,18.38030602829409
16.64600017607212,9.732007893219558
2.697999995499849,4.428024122123715
0.2110000021103769,1.5783871523096789
0.0,0.4685511413985919
0.0,0.3432379479419663
0.0,0.3410093822334183
0.0,0.34878000017193805
0.0,0.32240586323482584
0.0,0.2837851478432128
0.0,0.2697616458388568
0.0,0.24928506271882486
0.0,0.2821313122610198
0.0,0.3196997326279454
0.0,0.3553128306417269
0.0950000032316893,1.1082661565902499
3.3510000641644,4.52422464762765
6.7580002450943,12.09530570381648
14.685999683737757,21.283859203151767
34.524001893997195,32.54628253652922
46.19800076246262,43.824273344393475
56.6230014371872,51.19595918533574
56.14799893379212,54.720034021761094
62.389999313354494,53.53360018669896
53.7300008058548,42.83363650766915
41.95000034093857,27.316390775641764
25.3919996881485,12.478721200623069
10.99300002515316,4.416735759174865
1.9899999680370093,0.9162527396519252
0.0,0.5478167233483892
0.0,0.4494929733192298
0.0,0.37994737799615425
0.0,0.3231948807880928
0.0,0.29609858875819917
0.0,0.2841863366384049
0.0,0.2684021994304355
0.0,0.3105188121662142
0.0,0.3650369618795119
0.0,0.42160751698245463
1.359999938160181,1.456089545677654
14.23699949026108,7.058950242355206
22.606000939607625,18.039382170539827
29.557000991106037,30.637512620536334
50.927999529838566,43.18242097627965
54.494001848697664,52.49385289183138
54.56499958515168,56.836505755174656
55.433999884128575,57.468838208756765
40.10299934148789,54.57722684730457
52.74700072765351,43.25865328115416
38.98499963283539,27.63039605525342
25.388000596761703,12.476883648406242
11.091999617218972,4.429438019085221
1.772999964877963,0.8646844467757779
0.0,0.5320081111998157
0.0,0.460318021852619
0.0,0.405356403327524
0.0,0.3541627535353437
0.0,0.29061318097047195
0.0,0.2860864550523713
0.0,0.2779906931706834
0.0,0.3264727675663273
0.0,0.40007858338486846
0.0,0.4943803655862855
1.8150000524520875,1.9048164097052296
11.439000386595726,10.11760898811319
24.263999170064928,24.61012533778881
38.74399840593338,39.76364382525836
50.451000561714174,52.05994222665801
58.02000092983246,58.72432414674269
61.55599876642227,60.643012472492636
61.82099864959717,59.21447638418127
56.69100036859513,54.38547247407217
52.364998152256014,41.063283636212
39.14700083255768,24.60931875133707
20.46899906039238,11.027772769307779
6.9870000898838045,4.0472796219031535
1.0890000057965517,0.7351430731218648
0.0,0.4591028050464675
0.0,0.42891955704620943
0.0,0.4008344972827275
0.0,0.36640474011446234
0.0,0.2905906508639666
0.0,0.28269650210105407
0.0,0.26981921993787744
0.0,0.31125221336874914
0.0,0.3694371486903773
0.0,0.4372763868506042
1.5760000400990248,1.6235943046792978
11.310000420212743,7.90345662432823
24.485000832080843,19.937616042403924
35.31999977588654,33.90507059954677
48.06799807786942,47.335731926949634
57.620999648571015,55.8870934354204
61.37899943351746,59.09083008810927
62.30800048112869,58.607710439006254
58.589001593589785,54.71194105029905
51.369998745918274,42.623064550742384
39.47799907445908,26.845204461228935
24.02099942445755,12.487376006423549
9.872000484466552,4.524732647616569
1.3529999877512455,0.8590924191130382
0.0,0.5279041465315579
0.0,0.4647268559626125
0.0,0.4162645001926705
0.0,0.3646515255347361
0.0,0.2785412583663557
0.0,0.2739755898618749
0.0,0.2645247357638882
0.0,0.3079532462103297
0.0,0.37115037215147995
0.0,0.4517763475463584
1.3160000481456515,1.780190738128241
9.684000055789948,9.484370074329892
22.5680003285408,23.408171293082898
36.47000043153763,38.57865880709583
47.50900027751923,51.604297271698854
55.31799953222275,58.65492605089954
58.26699976682663,60.50868016095143
56.93799920558929,59.28716532104443
51.45999986886978,54.661132605862306
42.0420020365715,41.36961102386845
24.251999841928484,24.792069212987148
14.236000230908394,11.174362057690116
6.752000067532062,4.072511951473962
0.0259999991953372,0.7551986968504298
0.0,0.4675245538252512
0.0,0.4273809782922093
0.0,0.3931513459437659
0.0,0.3527225120727346
0.0,0.3092104822903379
0.0,0.2990557253437914
0.0,0.27052146466098853
0.0,0.3067890615545102
0.0,0.34561447713079707
0.0,0.38800883939829345
0.2690000015497207,0.7369037056481071
5.4909999781847,2.685986836957203
10.05000010371208,7.261133396401166
7.669000246524811,12.36684220524636
12.51500039279461,16.638598851770844
19.49300098657608,18.85746249769932
22.95899931907654,20.54070468480074
36.12499818086624,19.574679596232937
22.85199949026108,15.115899958205256
16.761999500989916,8.999077760166216
10.8879997420311,5.238323993729506
6.679999990761281,2.5726554335912364
0.8420000134408474,0.9633325062178765
0.0,0.44521862504635346
0.0,0.36587669546645285
0.0,0.3607182984211374
0.0,0.3708805700933314
0.0,0.34381448554960087
0.0,0.40393126680534425
0.0,0.38473114176527173
0.0,0.3487572599106617
0.0,0.3843526359815569
0.0,0.4339636134461663
0.0,0.4840542205400119
0.0449999998416751,0.6822372295914326
0.4149999896250665,1.8506640548501256
1.0079999836161733,4.725461396540953
5.988000051677227,7.170878719960411
11.402000061869622,8.174389480700913
6.872999797165394,8.107653885559396
6.77599975079298,8.943170862851886
9.04799971997738,10.10069222922749
8.449999995231629,9.630558388514192
13.53499976873398,7.194332666998419
9.684000055789948,5.1215680933070145
6.094999880492687,2.6754142460013957
2.496999952346086,1.0221622607395886
0.1270000034756958,0.5569143652149241
0.0,0.4785710372987703
0.0,0.4567582155851012
0.0,0.45552947393377263
0.0,0.42840250661748425
0.0,0.27623841726165704
0.0,0.27058599355407015
0.0,0.25736450833201713
0.0,0.29231909125884403
0.0,0.3410138290021072
0.0,0.4032589864581273
0.3889999904297292,1.392445184257953
6.04900005966425,6.9688042862718875
16.521999587416648,17.981573042253697
32.10200056672096,31.51952414148404
48.23400042295456,44.563218109810094
48.76400018930436,52.43690924324526
56.79700196504593,55.00026770644346
62.26100140094757,52.370268363512835
43.581001110076905,44.817953612200135
34.72299931049347,30.51567720424613
28.94400005221367,17.84766884082403
24.01000038266182,8.236792950975406
10.717000073194503,2.9288675784738722
1.551999971717596,0.7046557543015962
0.0,0.46691423791056536
0.0,0.4272801311115815
0.0,0.4007825006474023
0.0,0.3519884900467562
0.0,0.24268459440905743
0.0,0.24549447969521287
0.0,0.23951647215779395
0.0,0.29465588731292064
0.0,0.3827042100210048
0.0,0.5046415626590397
1.932000048831105,1.789212593912506
10.26300050199032,10.441428258034488
24.471999163627626,25.819808961640472
38.76800117015839,42.001291890881554
50.50499959230423,53.67509651310301
58.95900073289872,58.621252462522946
62.615998299121856,58.90165058127886
62.17399908304215,53.01818922197722
58.10800148010254,40.45726315252889
39.82600013017655,22.877617370699976
12.17800043284893,11.115790611706275
0.1780000043660402,4.8384826606581175
0.0760000025853514,1.8250471442548726
0.0,0.471074400948599
0.0,0.3268374140148967
0.0,0.33263264549526406
0.0,0.345897824501689
0.0,0.332112090612998
0.0,0.35647405596241805
0.0,0.3528692714900032
0.0,0.3372594905134344
0.0,0.3832825196241351
0.0,0.45601856857742445
0.0,0.5566471736904951
0.6790000036731363,1.0003414409540201
11.449000169038772,3.395756102566721
21.162000312805176,8.873228490237194
24.300999494791032,14.447659738078885
31.18400061488152,18.149684023285225
16.98899980008602,18.46169794874571
15.230000377893449,18.08900674940553
24.17099924206734,16.896637950571762
18.648999630212785,14.013438295791977
14.144999848604202,9.384873966027786
15.25500034749508,6.1596246880446515
5.020000160634518,3.0322131360639952
1.5920000001043082,1.059265347237309
0.0,0.5028339433856576
0.0,0.43068137109961563
0.0,0.421855658773188
0.0,0.43814188285839184
0.0,0.42604857772071775
0.0,0.30748362325944323
0.0,0.2930860167024934
0.0,0.269591214550138
0.0,0.29979930529548093
0.0,0.33635154921240396
0.0,0.3759289732484548
0.9500000002235176,0.9753008682122233
5.556000104546548,3.7972375754769305
9.771999579071998,10.085038858646472
18.332999521493917,17.84657693271775
11.78300029695034,26.845597872329996
39.55499852895737,35.12237895395794
62.01000141859055,40.97035033683135
53.10900168418885,42.8395304702933
41.41500119686127,39.462995057784106
44.476998870372775,28.600792318567887
37.3740004825592,18.141702340799917
23.7590004003048,8.636080526263076
10.53200050354004,3.0268200118405932
1.1290000341832638,0.8386234560193302
0.0,0.5479932473164231
0.0,0.4672437749618748
0.0,0.4137113767584666
0.0,0.3538852946504453
0.0,0.3118628067781406
0.0,0.30486621725383706
0.0,0.29459885783596784
0.0,0.339252083184251
0.0,0.40534045130530666
0.0,0.48800071148827356
1.23800005055964,1.8054045463123445
10.209000444412233,8.739323080122672
22.85600063562393,21.58406007294746
33.52200048327446,35.88768075300384
45.66199927806854,48.74530018735503
56.74799820423127,56.480108440659755
58.68700089931488,59.21771964873915
62.95200002670288,58.35602436642502
59.50899801015854,54.211891488584804
52.05200095653534,42.091577233993746
40.42500116825104,26.77954814740934
24.62499984025955,12.68897951819692
10.32899988770485,4.644471355509047
1.506000022515655,0.8621990763078843
0.0,0.5318512148853349
0.0,0.4788543920610686
0.0,0.4343036332718441
0.0,0.38890747661762987
0.0,0.35950057536131624
0.0,0.35691825781819514
0.0,0.350479163802302
0.0,0.39826724061275376
0.0,0.48533855582081836
0.0,0.6182523355496131
1.108999955803156,1.8016462240986142
10.205000326037409,8.906636942622386
23.266000958681108,21.733864441464238
37.281000554561615,35.06540948687159
47.876998844146726,45.26237823614657
54.11699865102768,49.33430848730177
62.77500069379807,48.62233272041037
31.50199924230576,42.97355844757474
41.350001070499424,34.74906316736872
38.53600046634674,23.737260717073106
33.043000942468645,15.677995530199937
22.273000071048735,7.522681359649306
12.415999773740769,2.4938370312192757
0.2969999957457185,0.7302466562691978
0.0,0.53001319353585
0.0,0.5052853305925195
0.0,0.4979625088070596
0.0,0.46537245207348865
0.0,0.4147199144799133
0.0,0.4034781962726284
0.0,0.37610250603159856
0.0,0.4186492221725145
0.0,0.4843446893367087
0.0,0.561870360862359
0.0,0.7611840350248413
0.3690000083297491,1.9297210243709284
3.511999950557948,4.807748303787762
4.744000208675861,7.17162297841008
4.398000239133835,7.851915823551922
8.641999515295028,7.054193845023996
6.896999993920327,7.030405957190206
5.2120001941919325,7.3661532739627775
6.9820001986622815,6.8417671707746255
7.464999857842923,5.28721594545766
8.663000393509865,4.022187103449123
3.610000026524067,2.2087409112256187
1.9700000180304047,0.8441598361291273
0.0749999970616772,0.5214221298854607
0.0,0.47656741334302777
0.0,0.4655357677217712
0.0,0.480499644555629
0.0,0.46675285915899256
0.0,0.4031619984283145
0.0,0.3899612315449308
0.0,0.3608755721407834
0.0,0.4016589101694316
0.0,0.4632181459068431
0.0,0.5354490827703718
0.0,0.7144926630541067
0.1520000051707029,1.7606218992983764
1.3550000469386578,4.359008527904476
2.187000021189452,6.519800285317715
2.1819998732209207,7.1253581074639705
2.763000121861696,6.450715602321094
3.22200009778142,6.564698370892632
2.0409999368339777,6.938226627507543
1.71900003567338,6.3623685040625215
1.9870000076293943,4.827327234117401
1.4339999457448722,3.5771158703139374
0.9359999710321426,1.962218073227476
0.1199999969033524,0.7835458068886628
0.0,0.4992483525269903
0.0,0.45926390857644805
0.0,0.4541784938771374
0.0,0.4744407217684543
0.0,0.458434569490924
0.0,0.3822667590896758
0.0,0.36500995861478086
0.0,0.33849311897815887
0.0,0.3696028249505429
0.0,0.41481748022927645
0.0,0.4684782214078393
0.0,0.87735736405533
1.5209999529272318,2.9780027214908915
12.627999885678292,7.807917350592973
17.68500088453293,13.030285966280625
13.458000314235688,17.641673735601607
42.40500122547149,20.40858456032065
40.56599840879441,22.251084629010926
27.83400058031082,23.6664198365236
12.136999989748002,22.161274721477284
23.30800066113472,16.521651813283512
28.28299974679947,11.772135539896096
25.09599914431572,5.916310135149556
10.41399957895279,2.1145063871983933
1.4500000341236592,0.8443826138340333
0.0,0.6161507914205119
0.0,0.5383679755910787
0.0,0.49580614431794556
0.0,0.43905360175242425
0.0,0.30172047140783187
0.0,0.2865246698949864
0.0,0.2618154252477392
0.0,0.2975951171951201
0.0,0.33713347738917504
0.0,0.37245120366114476
0.0449999998416751,0.9221975778643019
4.13399987205863,3.418633598632451
11.984999599456788,9.274722105988165
14.869999994039537,16.21334962121278
19.868999789953232,24.047202712750536
24.278999357223512,32.00722803605531
31.056999167203905,39.23819016402444
40.18100113630295,43.31439349308652
39.38099800109863,41.63376028524695
39.414001288414,30.43645399336385
29.315999764204022,18.134685476136816
14.494000163674356,8.112579409643397
7.909000160098076,2.78970625653618
2.02200001642108,0.6868835997471555
0.0,0.4582437985708648
0.0,0.41110542480312867
0.0,0.3756632493457766
0.0,0.33202912184626115
0.0,0.29741295473351265
0.0,0.2841452579182948
0.0,0.26539036481395545
0.0,0.3032674720757895
0.0,0.3517455224872146
0.0,0.39933873629548755
0.8100000292435289,1.3194864021622796
9.88500009894371,5.46934063763174
22.96200017809868,14.248562895170577
31.96500036358833,25.22837163353109
41.676998167037965,38.032869433042755
53.16500128746033,49.133612616166744
61.78399832487106,55.22909108486473
63.73099920272827,56.81679899959023
60.209999499320986,54.40475923372943
52.626000998020174,43.53030987139802
40.53999917984009,28.43479209017774
23.769999442100527,13.617508169810927
9.76400036931038,4.9474006843172385
1.3280000181496143,0.9998747229561802
0.0,0.5977683452310392
0.0,0.4937828872911742
0.0,0.41891298787972253
0.0,0.3553800591998742
0.0,0.3999056413881351
0.0,0.4017115743481166
0.0,0.4007029827611484
0.0,0.4699601370801261
0.0,0.5992558744980575
0.0,0.8098105540103409
0.3720000008307397,1.4148524683747297
7.871000062525272,4.398782658468039
17.003999987244608,10.798629714615211
33.39599932193756,16.79335320959927
25.781000159978863,19.329260479451573
7.136000134646893,16.761200890844822
22.805000410079955,13.727518505719035
15.046000067591669,10.707455194783332
4.067999972850084,7.926431047477152
7.141000025868416,5.424397245428098
2.91900011703372,3.9031945646731296
0.1329999965010211,2.0406144080078303
0.0700000015366822,0.73079791205278
0.0,0.4786907984399592
0.0,0.45655040414256903
0.0,0.46005681229705675
0.0,0.505101759376198
0.0,0.5189803719612668
0.0,0.38398081709494397
0.0,0.3575103570049117
0.0,0.31763354965992685
0.0,0.34666872254244463
0.0,0.3811141214311349
0.0,0.40891031267038214
0.0,0.6160585330638209
0.0,1.659921510728751
0.6750000136718154,4.395405516954421
1.0590000165998936,6.762796141425332
2.858000109046697,8.276772584134777
6.480000233948231,9.513924062055157
9.774000151753423,12.000894886789874
24.14999939084053,16.277227408899734
24.751999233961104,18.144808542879662
30.453999037742616,13.693246964988386
20.72400018811226,8.771508321974345
14.901999914050103,4.181447238509462
8.045000076889991,1.5358839571793192
0.4190000117197633,0.6499712966877061
0.0,0.4963946913050375
0.0,0.4483036440865687
0.0,0.41695026692948833
0.0,0.3775575373972144
0.0,0.2914780696572365
0.0,0.2830474543532657
0.0,0.2676297231337557
0.0,0.30149917635066464
0.0,0.3436283655456199
0.0,0.3921894171588129
0.0,1.3838383796362392
1.9540000580251216,6.230558724270914
9.197000278234482,16.32003677406858
32.37300011396408,28.69849866999442
36.500999038219454,42.098643704978315
45.07599990844727,51.85226676763187
57.23200123071671,56.11680690185825
62.76300136566162,56.47116267098566
55.44300040721893,53.035306217703265
48.10600074291229,40.81709540868238
30.51500007271767,25.486657770499487
15.581000238656998,11.894397599381861
9.795000002980233,4.2757792110276975
1.2060000021755697,0.8512531937674688
0.0,0.518218352130666
0.0,0.4466413963710947
0.0,0.39331653416046025
0.0,0.3432932863447634
0.0,0.2712059803620553
0.0,0.258833238891363
0.0,0.2372212736256834
0.0,0.2701525358090497
0.0,0.30735389433238397
0.0,0.34214873543739804
0.1270000034756958,1.0051463409164787
5.37300008058548,4.012109418263042
10.226000177264211,10.918288289323975
17.117999766469,19.78148238322788
19.07199956774712,30.577447824443833
47.93699959278107,41.28058023908622
65.9930019569397,48.58734715256381
61.30499878406525,50.57392088516336
49.2660001540184,46.861189037071256
37.8380018901825,33.66243136911066
27.637999914884567,19.34039613337143
17.77600023984909,8.67393334212109
7.794999867379666,3.1203527755211264
0.505999986808747,0.7383463052173447
0.0,0.47211387984840114
0.0,0.41095211824730693
0.0,0.3661297842720875
0.0,0.313293063798807
0.0,0.289681959358772
0.0,0.2827489562653172
0.0,0.27034054252103895
0.0,0.3085470499313691
0.0,0.3607624464363231
0.0,0.4241409144960151
0.2059999985620379,1.606407526066818
6.8859999251365664,7.809333084262049
17.747000151872637,19.876022690986044
28.382999625205997,34.04446011526061
49.76199840068817,47.550766680899166
58.41500106573105,56.06513521375465
60.70600185394287,59.19809422252656
63.69700179100037,58.6373455202518
54.14199964761734,54.722901779382205
52.84900117874145,42.50686525354835
40.62799973011017,26.605357867009424
23.85400090098381,12.297285490433676
10.072999500632289,4.474572012064763
1.2150000117719173,0.8564789544002978
0.0,0.5211124912676247
0.0,0.4569993221829487
0.0,0.40745296433297323
0.0,0.3567027756917191
0.0,0.3060115097243765
0.0,0.299063428230274
0.0,0.2896081760255237
0.0,0.33303346691192753
0.0,0.3969726107636371
0.0,0.4777706533415844
0.6400000048801303,1.8586778648389906
8.878000337481499,9.405516943146615
22.2129993224144,23.10998040099786
37.30900035619736,37.993504530948506
50.432999515533446,50.743783148859485
58.86100142717362,58.10857849112659
63.29399936437607,60.50508550303643
63.91699905872345,59.64566615600586
60.72300055980683,55.77125353640996
52.63100037574768,43.80692450625454
40.962000885009765,27.782103159967846
24.00300043225289,12.919578939895299
9.445000428557396,4.772659201467532
1.183999992981553,0.8806134068239428
0.0,0.5330133671209913
0.0,0.4735802009638701
0.0,0.42309610889425897
0.0,0.3773700178067864
0.0,0.30915336226023765
0.0,0.3007950303311192
0.0,0.29045759124863607
0.0,0.33657210976398505
0.0,0.40511060286460393
0.0,0.4874453988039066
0.6219999856874346,1.8607673316295585
8.857000486254693,9.366886938241471
22.59999922156334,22.91775045412334
38.57800016880036,37.628025490941326
51.906998462677,50.349576112473784
59.05000008821487,57.91209572276745
63.76599895477296,60.46769339423129
65.91500016212464,59.77830186808609
62.027998356819154,56.14244047404598
54.09700114011765,44.60536716453611
41.91399824857712,28.795378968777086
23.919999259710316,13.472446728758703
9.31999955356121,4.958949465056797
1.0539999970048666,0.9203948354013831
0.0,0.5582793627168998
0.0,0.4898332842624843
0.0,0.433908742440956
0.0,0.38460732098319717
0.0,0.3072186340360887
0.0,0.29937545709715574
0.0,0.2885437000690792
0.0,0.3333731219565373
0.0,0.3988801628273689
0.0,0.4775129077244658
0.7530000112578273,1.8318402985239555
8.085000233650208,9.069738220261929
22.52600062608719,22.366121369026704
38.38099921703338,37.093625987731315
51.22299978733063,50.133725175105084
58.96400011062622,57.845379097557064
63.365999441146855,60.48843919796497
62.78099830389023,59.74874623108859
58.95799839258194,56.00354404058456
51.53999812841416,44.316283414349805
39.70999977827072,28.481451059613683
22.48300063729286,13.438610602426113
8.781000291109086,4.96447436163196
0.8230000288411975,0.9078605291156228
0.0,0.5499443069048962
0.0,0.484233678642642
0.0,0.43121435621781556
0.0,0.38184548180271033
0.0,0.30023035944105364
0.0,0.29550726440496283
0.0,0.2855411933820086
0.0,0.3327222227101649
0.0,0.4021296323030506
0.0,0.4888317529142011
0.5210000135004521,1.8466405141613118
8.950999673604965,9.398436780787398
23.16300022125244,23.24539421210261
38.96199920892715,38.179595371676484
51.88099923372269,50.76544881741056
56.97200072526932,57.79463037913153
57.56400181293488,60.05997922591801
61.09299969911576,58.72141516943077
59.208998374938965,54.016234309900824
52.16800130844116,41.05959150428935
40.22899844884873,25.264728721858628
16.000000057816507,11.659804169770963
5.796999790966511,4.239004079704258
0.6519999748840928,0.7540180005486968
0.0,0.4695606021416165
0.0,0.43713025675339634
0.0,0.40787350545317547
0.0,0.3725449095873341
0.0,0.26589528712604316
0.0,0.26727136422798475
0.0,0.2594322283237494
0.0,0.30756106079145695
0.0,0.3811437769195196
0.0,0.4812084217017188
0.1590000037197023,1.7494689304910027
7.710999948978424,9.623896600523631
20.894999856948854,24.084052164686163
35.693001828193665,39.95463824639214
48.513000206947325,52.22814920261854
47.08100096225738,57.812315096689986
60.80499939203263,58.670232345318375
60.621998341083525,53.83826690326107
56.57200121164322,43.075354293016474
25.847000572681427,26.3129518521692
17.51499944806099,13.804871563364907
15.28799952685833,6.290526253998198
6.399999920427799,2.3317707709016324
0.1580000062193721,0.5393317899613634
0.0,0.3623969955896939
0.0,0.3605131054200429
0.0,0.3629271928239301
0.0,0.34295742512510463
0.0,0.3678643040415323
0.0,0.3610053443476447
0.0,0.33921085802136214
0.0,0.3792026414323847
0.0,0.44173960321508104
0.0,0.5220253251073521
0.0570000019390136,0.8308496071081676
5.692000021338463,2.4950654976057405
9.972999622225762,6.460635693322281
16.414000499248505,10.340882512675163
15.3179999011755,12.57267832974029
23.48800085306168,12.461584711870332
25.303999137878417,12.398894481546142
19.2130009162426,12.011598574603935
9.63199954390526,10.258286910219654
9.41300050854683,7.209560697285264
19.44800042510033,5.099120970781462
9.13600027024746,2.6818490323261357
3.5490000185370447,1.0006324096557004
0.1910000039637089,0.5348852873104697
0.0,0.45991053980308066
0.0,0.44073253263361745
0.0,0.44634718262959194
0.0,0.4255160082311513
0.0,0.33514253609624506
0.0,0.3346776826894519
0.0,0.31982291027467663
0.0,0.36341527019541814
0.0,0.4340851554638725
0.0,0.5406448374503549
0.1270000034756958,1.013542807551332
8.38200003683567,3.6996082098066627
10.45300047636032,9.709396754403986
14.906000032424927,16.263666313322755
23.309999179840087,20.758113525953103
42.36399975538254,20.57494465628243
41.50899935722351,18.592542123777203
24.52000058412552,15.0560544520652
13.599999895095824,11.014923229034999
11.56400023460388,7.110680091247632
16.773999856114386,4.912011475632434
10.687999985218047,2.5353965321248597
5.0000000822544095,0.9128840963620544
0.1739999983180314,0.48768959532580847
0.0,0.42557632416001
0.0,0.42030376906001243
0.0,0.444118774457432
0.0,0.4270873401374661
0.0,0.28352146012522367
0.0,0.2629077650959247
0.0,0.23488938121978695
0.0,0.26901437975205866
0.0,0.3023251745507402
0.0,0.3242096657389519
0.2139999946113676,0.9490875846818707
9.197000278234482,3.4758806703272653
5.730999891757965,9.487651663893546
7.123000006675721,16.979848664025926
20.903000093698505,26.959430906322588
41.294001467227936,39.44091805370911
55.65999886989594,49.562695305987305
62.66199914693833,54.7980798961551
58.73199940681457,54.27649885230993
51.15900200128556,43.66722410896836
40.71100090265274,27.266666930567283
21.14299898028374,12.317941436850907
6.759999790787697,4.479142176574302
0.5580000172927976,0.9783554301776615
0.0,0.574248646223977
0.0,0.45355664499168724
0.0,0.36998146007675253
0.0,0.3048079269497242
0.0,0.2715084301383018
0.0,0.26523602313721195
0.0,0.25058510614622576
0.0,0.29071592903644916
0.0,0.3415075061515645
0.0,0.3986024807274873
0.0449999998416751,1.4468725923185246
4.4620000791549685,6.863578283628767
12.50400032401085,18.025830845171367
31.135999194383626,31.644638069217443
48.23899980068207,45.54961142182252
59.1789980006218,54.81690294417922
63.84200017690659,58.460078284944736
64.1650002360344,58.1487202776785
60.979998152256016,54.19877567030947
43.95000201702118,41.363747602605194
33.63700054883957,24.861930760288324
19.724999636411667,11.193125144511935
6.831000094711781,4.043165906090309
0.3649999862350523,0.7610696530256372
0.0,0.46793584547744177
0.0,0.4143693657788137
0.0,0.3732425044362913
0.0,0.3286786001417841
0.0,0.31284527108281274
0.0,0.2976910235164824
0.0,0.2718341200728952
0.0,0.304761053026486
0.0,0.3420220979820942
0.0,0.3791803287203592
0.0449999998416751,0.8834804718890302
1.3049999793618918,3.1948941062580363
6.811999789178372,8.640891952908609
15.481000360250473,15.130638852114123
19.362000447511672,22.216628455300665
32.299999750852585,29.06186268008938
35.12400116443634,35.3508572193375
36.56700150489807,38.60432785300641
34.88900165557862,36.39775423346281
32.381000350713734,26.075505343425554
26.56799957275391,15.978209275752526
12.142999653816224,7.380143044645935
3.3219999761879446,2.5534425845931357
0.2249999992083758,0.7094488584761038
0.0,0.484638594347425
0.0,0.43199406457205414
0.0,0.39577291656207364
0.0,0.3480321511204209
0.0,0.3041307093189326
0.0,0.2977826773093421
0.0,0.2858892437051068
0.0,0.32674932205588286
0.0,0.3826607327718981
0.0,0.4510916386334365
0.2600000080000609,1.689846094353715
7.477999985814095,8.176520179420455
18.390999697446823,20.649987675100263
30.02499943614006,34.86477627750528
48.45400179862976,48.01050776616414
59.38700004816055,56.110786428400814
62.477999863624575,59.10405315678062
62.43600016117096,58.50984813499576
59.54799890756608,54.68081180858202
49.57999969005585,42.645142610352586
33.205000088214874,27.123698868116026
20.053999359607698,12.724121938513012
7.222999885082245,4.61728735864764
0.4259999942220747,0.8406815798858321
0.0,0.5099072935770846
0.0,0.45435311192469774
0.0,0.40836535417155767
0.0,0.3653452447553823
0.0,0.38497493052332965
0.0,0.3774111128965255
0.0,0.3656695891645842
0.0,0.4067668701381069
0.0,0.47022605781607724
0.0,0.5595828596613611
0.2529999934043735,1.4519033151534013
7.712000235319138,6.2155893982173565
20.98300040721893,15.9282355204734
35.03499827384949,26.643570949843124
40.000998890399934,36.07553962150468
22.7760003221035,41.569285634572864
43.333998165130616,43.6130170277793
57.283001456260685,42.148169011242565
44.01100099802017,37.25899832076454
37.60100180864334,26.703757734009255
36.89799974679947,17.669908820275687
19.326000409126284,8.522399776922452
7.898999864161015,2.9094963197790475
0.634000019878149,0.7981886248906331
0.0,0.5564171290845188
0.0,0.5102963495528113
0.0,0.4815834428381197
0.0,0.4486546052385402
0.0,0.2654329400585043
0.0,0.26504193256631614
0.0,0.2550719393674391
0.0,0.2953541262625253
0.0,0.3537038853222849
0.0,0.4345100659838388
0.0190000006463378,1.508224365580418
4.918000223040581,8.28434755832766
19.94500101208687,21.301430057840864
36.45600053071976,36.62635750688885
49.78499882459641,49.32970131263649
59.09199979066849,55.22851816262195
63.93099895954132,55.85115859654596
64.00999898672104,50.12393953605029
40.22000203371048,38.75978137884135
36.093999574184416,23.384287086829275
30.55699977517128,12.743934460043665
13.53000039100647,5.818297056891159
3.6130001153051854,2.093901222201694
0.2339999927580356,0.565998776736479
0.0,0.39401814893517884
0.0,0.3806204570606201
0.0,0.37911122186053015
0.0,0.34606223409276976
0.0,0.30359909375155164
0.0,0.2955693093766138
0.0,0.28321346743474246
0.0,0.3248371456797185
0.0,0.38245240162848326
0.0,0.4515701880879023
0.0510000008903443,1.6066581351590536
7.082000077068806,7.577073587050168
20.62600088238716,19.32827662441287
35.830002031326295,33.01162328165313
49.077001492977146,46.06890302713186
57.51899919748306,54.49804845929253
61.72299934387207,57.87298946957179
63.05400047779084,57.428724542029265
59.50799977779389,53.68517814696679
51.91599898576737,41.84086300584504
39.18400115728378,26.739804285878133
21.097000186443328,12.56194140392153
7.444999779462814,4.513882603423882
0.4529999909177423,0.8451773097258894
0.0,0.5194296854566006
0.0,0.46092574065898717
0.0,0.4149047427532787
0.0,0.36872625765754474
0.0,0.2991338120594472
0.0,0.29450193604907887
0.0,0.28490435062755287
0.0,0.32948699482493365
0.0,0.3946941358533531
0.0,0.47968212586691356
0.0,1.6681377315406505
5.676999834179878,8.055797748708175
20.217999078035355,20.607519463882298
33.263000264167786,34.645211721616384
48.92800196170807,47.06003049596985
58.99699928998948,54.41219202964212
57.077998213768005,57.110149426822815
60.50499975681305,55.80877427739013
48.43400017976761,50.995707157287036
47.67699908733368,37.765182363887014
37.86699992418289,22.621620169553655
18.337000666856767,10.273431586117303
4.0329999640584,3.6721965990776178
0.068999996013008,0.6920275791309745
0.0,0.4416062548953235
0.0,0.41767017888295305
0.0,0.395906373044174
0.0,0.3647917019483889
0.0,0.28964493555388227
0.0,0.28597716513697186
0.0,0.276232971328582
0.0,0.3166631084392784
0.0,0.3753896359948596
0.0,0.4538377162524522
0.1009999962570145,1.6647379796092507
6.36300010919571,8.21694039213534
19.615001002550127,20.815171309532115
32.80400028824806,35.45863068264065
39.88499853849411,48.56792933784845
53.92599941730499,56.043976067510144
59.16100106239319,58.39183511254199
58.46800186395645,56.565136065785325
58.53499845504761,50.83174076691286
29.879998996257783,36.95902051208448
19.091000900268558,22.072037278277463
18.21400036454201,10.192094245926985
4.649999994337559,3.7002746124682147
0.8750000272318721,0.7394681101420639
0.0,0.46541861718884614
0.0,0.4276695935940097
0.0,0.3969992970798236
0.0,0.35809529057184686
0.0,0.2964166579630461
0.0,0.29561436925554735
0.0,0.27863752203787956
0.0,0.3184322254492968
0.0,0.371566848782505
0.0,0.4421872489464586
0.0,0.9641199081690458
2.135000022798777,3.8085647689534627
13.527999818325045,10.317973226366233
24.14199915409088,18.27481259081199
25.806999388933185,25.450149438516178
40.19300046443939,28.66112532486788
34.73499863862991,29.46458849312108
37.83699954986572,25.310717831091843
21.40800091743469,18.23786778921338
7.299000080227852,10.519196687817645
3.208999969810248,6.187709351689266
1.566000000908971,3.0613091004336876
0.1460000041220337,1.0981346566881276
0.0,0.4530908482109268
0.0,0.36469321498932106
0.0,0.36123965811695263
0.0,0.3769527351990807
0.0,0.3565845094659882
0.0,0.3722446011330855
0.0,0.36220274422699605
0.0,0.3341140145628067
0.0,0.3724027836466068
0.0,0.4232889933806248
0.0,0.4797966928657901
0.0,0.7656945969134326
0.1140000038780272,2.1291091973876792
1.7710000340640546,5.574320272407772
6.677999931573868,9.005188269743917
11.027999777197838,11.514899532340781
12.46299988090992,12.468371369641917
4.939000074267388,14.086614771510769
27.718000228405,15.609352427356189
26.829000364542008,14.741762833583254
9.545999566316604,10.46682728982762
14.56399966776371,7.050038363783319
3.41599993377924,3.6230968458732264
0.0,1.2677914049694359
0.0,0.546496546555682
0.0,0.44704875582113995
0.0,0.42611273536586636
0.0,0.4257446725753617
0.0,0.4037464140173799
0.0,0.27561159824478204
0.0,0.2746994990142432
0.0,0.2644847526325746
0.0,0.3106818032753198
0.0,0.3793032780164931
0.0,0.4679361448460333
0.0129999995976686,1.5494489989801605
5.307000181376934,7.712866281666419
16.051999542713165,20.002880177500092
31.30600063085556,34.286362671882614
48.77399894475937,46.68712168797716
55.771998076438905,53.33849042199666
52.33399954557419,55.31447866658711
56.75600049495697,51.49475697616971
56.76399867773056,42.58582977919641
51.23800202846528,27.29574242531716
20.1800005209446,15.01947392020443
2.454999993145466,6.889846981350306
2.435999944359064,2.467689520789224
0.0629999989760108,0.5554574842590458
0.0,0.37660201434930674
0.0,0.3702561108117505
0.0,0.3688534191019486
0.0,0.346162119544761
0.0,0.3263265990565036
0.0,0.31617149387650645
0.0,0.3022773315973887
0.0,0.3439634601161774
0.0,0.3995349259193526
0.0,0.46259377402255875
0.1510000076703727,1.4032552383694643
6.033000099658966,5.872194972263446
19.886000549793245,15.40331070010258
29.586999311447144,26.48332183004952
27.749999121427532,37.71900425130321
39.01799881219864,46.369775354043604
38.71399803161621,51.55270632702965
48.34800020217896,52.80785971330509
55.90000186443329,50.13369503005367
51.01500184774399,38.775564792278956
37.41300137996674,24.859164080625455
16.313000334501268,11.699860045990802
5.452000107765198,4.101164947120044
0.0629999989760108,0.7708927280679361
0.0,0.4859703310384349
0.0,0.44312030574411054
0.0,0.4059965357950383
0.0,0.37210581121258274
0.0,0.39341042506219515
0.0,0.3782045292712617
0.0,0.36023018327543893
0.0,0.40478384577012133
0.0,0.46656391529750396
0.0,0.5395215769151797
0.0380000012926757,1.1908689557316687
5.924000211656094,4.359660049723515
19.64100023150444,11.470051799408555
35.075001511573795,19.09478538963646
45.44399847507477,26.038843967934877
22.53900024056435,31.101421365485308
34.38499906420708,35.26225742029454
31.86600077152252,38.125315198862474
31.36900018453598,37.441796223592526
32.68400084495544,28.92179850447812
28.80699984908104,19.64740285007773
12.851000066399576,9.28727035532352
4.525999919176102,3.0648200186342587
0.1319999990006908,0.795387877921738
0.0,0.5553265681084922
0.0,0.5071595763721438
0.0,0.4758325324093951
0.0,0.44388548922587356
0.0,0.2774472969261913
0.0,0.26620020356011126
0.0,0.2469919059387557
0.0,0.2836275637456449
0.0,0.32801267066753803
0.0,0.3725712634536898
0.0,1.2092160809004027
2.75100002348423,5.06757420878764
8.027999830543996,13.583092982236792
16.234000307321548,24.54439373527049
33.550000284910205,37.53820201562564
52.00300130367279,48.51181837011967
59.6720015501976,54.413092472354094
63.04799875974656,55.72920834027246
58.29000019073487,52.884942414343655
43.38400015830994,41.250122296147175
37.32799963474274,25.998533039849594
18.73000023007393,12.083218857515343
3.4679999321699144,4.284696756747201
0.0510000008903443,0.8669479431497806
0.0,0.5280891070162953
0.0,0.4442737143926911
0.0,0.3856064195561929
0.0,0.32910421798681977
0.0,0.2556430358148646
0.0,0.25432992640783514
0.0,0.2416924432836406
0.0,0.27979266163965766
0.0,0.33090236544519425
0.0,0.3998123294050603
0.1009999962570145,1.1322914619456694
4.34999984562397,5.284523443224958
12.263000124096871,14.41598995351051
28.83999902844429,25.914207357203956
40.40099840402603,36.98587181000223
45.24300048589706,43.08288788458979
41.34199877977371,44.577181781569045
40.269999918937685,40.33303537352274
38.21000160217285,31.367838897329925
23.63999918937683,18.399350168331054
15.31299949645996,9.706451174438918
4.864999938309193,4.389175751625736
0.4929999872110784,1.5592239464064583
0.0,0.4637057939798684
0.0,0.33628351280502056
0.0,0.33210366708901395
0.0,0.33601631539369436
0.0,0.31295405838957174
0.0,0.3497997749760045
0.0,0.3407001001674013
0.0,0.3149807958858752
0.0,0.35252598815893027
0.0,0.40528613214639264
0.0,0.4689026914863656
0.0,0.7132992531006692
0.0,1.9310328179101777
0.1980000025127083,5.0112415307306195
2.53500004991889,7.9688840409790425
4.063000081628561,9.719000184588392
6.567999757230282,9.927360670614448
8.933999940752983,10.66874030019604
11.580999967455863,11.49328451867737
10.547999950051308,10.606169958859
10.1290001308918,7.407033699162424
5.796000018119813,4.903358576752443
2.2459999699890614,2.532121124641673
0.166999999769032,0.9607704673393476
0.0,0.4978449299948567
0.0,0.4232669330575012
0.0,0.40803216995034663
0.0,0.4119440881038614
0.0,0.3897637671580734
0.0,0.35378838835760357
0.0,0.3457072888749764
0.0,0.31919061730673587
0.0,0.3564897781728811
0.0,0.4069069369328629
0.0,0.4663474194004728
0.0,0.7238958313458856
0.0389999987930059,2.042611550965149
1.5150000321120023,5.358502632109525
4.0790000416338446,8.55549310107057
5.101000247001648,10.483820281027922
8.468999787271024,10.790592157647906
9.403999985456467,11.602998261015818
10.71000012278557,12.366122229930795
10.052999935746191,11.297871133992533
6.01200024843216,7.8119052831321225
5.93399999409914,5.173457017301496
2.979000095427036,2.654064302135245
0.6959999932721257,0.9868112811804872
0.0,0.49676749235979684
0.0,0.41811366642839237
0.0,0.40115379331349
0.0,0.40211737347536913
0.0,0.3822489343513391
0.0,0.2795330135080051
0.0,0.2792941600435556
0.0,0.2669168005257379
0.0,0.30243980423471056
0.0,0.35295904417759855
0.0,0.4258802599767678
0.0,1.2363532021406427
1.7790000140666962,5.86754787778779
6.627999992370605,15.72369453906764
21.278000664711,27.935721843587743
36.393000977039335,39.21936336170004
49.14900156974792,44.86344247982344
49.619998819828034,45.70270554141673
38.942999930381774,39.94663017305489
28.9549990940094,30.002468291333287
30.52400059580803,17.755608435398603
21.336999073028565,10.11221851655006
8.232000219225883,4.814703393540092
2.8810000194609167,1.6935813149329149
0.0449999998416751,0.5175466355708533
0.0,0.37793555574547355
0.0,0.3700501600835108
0.0,0.37378013056606196
0.0,0.3467533366782109
0.0,0.26283565952893656
0.0,0.2602651528118619
0.0,0.24962565279776033
0.0,0.2932116621374921
0.0,0.35269177081001823
0.0,0.42691535197690056
0.0,1.5462849107095402
2.520000119507313,7.911189298014204
10.879999505281448,20.71213263377316
33.320000153779986,35.557155533913004
47.68800018310547,48.65822615306238
58.390998301506045,56.12069504820425
60.15300166368485,58.50321102491632
57.6769992518425,56.459781855901646
53.98600016593933,50.15854041770896
47.53299893379212,34.982319565369195
34.91199797153473,19.159771155959294
16.463000152111054,8.339174594775196
3.388999904990196,3.038520513197064
0.0,0.5950732598585309
0.0,0.38341970460257824
0.0,0.3669581070228522
0.0,0.3537397212487232
0.0,0.3249674782223691
0.0,0.29415187590293684
0.0,0.2881016480230294
0.0,0.27756431431138473
0.0,0.31883978484202935
0.0,0.3772168566377872
0.0,0.4517451826400708
0.0129999995976686,1.6400477692390716
3.5230000193417075,8.10534661706612
15.955999782681465,20.653302360171175
35.94200123786926,34.98420030688987
49.23800035238266,47.86835995902512
59.34200154066086,55.574009196243146
54.58199829101563,58.28288711801332
53.31999842882156,57.20234894648993
54.18599992275238,52.76691887139245
48.71200173139572,40.07939922533257
35.342001967430114,24.73675204554507
18.385000033378603,11.281917106915483
5.640000022947788,4.043042263379771
0.0749999970616772,0.7722459843085779
0.0,0.48040094515980325
0.0,0.4351672517361436
0.0,0.3983325832575399
0.0,0.3578593708535866
0.0,0.2945132735674509
0.0,0.2869656641438674
0.0,0.2743223361730172
0.0,0.3150048913555772
0.0,0.3704053838046741
0.0,0.43676105843025204
0.0,1.5016832056747775
6.392000197172165,7.047479181507388
17.070000399947165,18.258982584651644
20.984000693559647,31.463179806904254
46.56599932909012,44.26974708163366
55.31099958181381,52.834493191109765
56.31000013351441,56.490231909055225
59.39699880361557,56.256876920053244
57.58500166416168,52.56354162012251
49.25400082588196,40.57408599046525
35.938998324871065,25.55524523179673
18.648999630212785,11.733111970503904
5.402000168561935,4.162752938818554
0.0439999983296729,0.7970092415853228
0.0,0.49177839327255174
0.0,0.4370094895563468
0.0,0.39339879672933553
0.0,0.35137674273932
0.0,0.29465793476023733
0.0,0.2888566663569261
0.0,0.2790240865194941
0.0,0.32350521272814353
0.0,0.3882380532917811
0.0,0.46960575650408853
0.0,1.7380503700358743
5.581000074148179,8.712126670133307
19.236999572515487,21.910342332893364
34.725998115539554,36.65321812722495
49.1599985575676,49.462965589996145
55.33199943304062,56.878007226307815
58.42000044345856,59.38998342360469
62.807999873161314,58.179532342189546
58.60100092172623,53.66898445226346
49.82699852705002,40.97808303070009
35.331000871658325,25.317371827478382
18.31299995660782,11.589256763152045
5.26600025177002,4.206762314491781
0.0380000012926757,0.7829177757698524
0.0,0.48408110911720903
0.0,0.4396019310154783
0.0,0.40211360040226535
0.0,0.36231836462080425
0.0,0.3269989642565178
0.0,0.32011255178925474
0.0,0.31016759175490743
0.0,0.35162608817056523
0.0,0.41339586148961116
0.0,0.49793177435743063
0.0,1.5252151537460656
5.427999911010265,7.210522553103547
17.915001015663147,18.445220009960142
32.2479992389679,31.134199091454818
38.538999271392825,42.301070857219294
43.74999815225601,48.935480361318795
47.37400064706802,51.3649649623751
50.11999821186066,49.57369605280118
46.30599882364273,44.20520784829466
47.48300104856492,31.92559422485649
27.84399933576584,19.957429630762622
13.993000485301016,9.159684029880117
3.4010000033676624,3.165844514902995
0.0,0.7294620228380303
0.0,0.48397876273061435
0.0,0.4481784369972126
0.0,0.4211831532306585
0.0,0.38754049016536274
0.0,0.34062743556094277
0.0,0.3296301705488107
0.0,0.313349462626513
0.0,0.3567593187450863
0.0,0.4114405526368585
0.0,0.4715102748491239
0.0,1.3428746802768559
2.5620000787079333,5.504750071008811
14.59400004208088,14.625743158890325
27.9669996380806,25.01734772323292
41.51199816226959,35.569444855117275
26.76199966549873,43.772215794580234
34.29499999523163,49.20933867399267
38.86800104856491,51.26409201938539
43.40400177717209,49.522157850874244
48.07499802827835,39.1025428535507
34.15900007843971,25.87509485899986
15.534000131487849,12.172122101359735
4.206999978423119,4.145486582983247
0.0,0.7889106839513809
0.0,0.5016410616101782
0.0,0.45403345612889223
0.0,0.4165611926432128
0.0,0.38294903680259745
0.0,0.2875125572975525
0.0,0.2833961665791358
0.0,0.2729801647947524
0.0,0.3171900709026529
0.0,0.3800601499836871
0.0,0.45889739691959075
0.0190000006463378,1.6779721071314557
4.961999984681606,8.528599289683642
13.907999767065048,21.74225596265374
34.10799985289574,36.545771385937584
47.232999298572544,49.24773198785468
53.67600177526474,56.32795401582399
61.664000935554505,58.62677236867733
58.33899984359741,56.744394439247344
55.97200194120407,51.054959888018246
47.95000126123429,37.174940511653624
34.5789991569519,21.945602079669037
14.72300000846386,9.916526053183558
5.954999845325947,3.5717651814165925
0.0,0.6769874904019818
0.0,0.4301719535354191
0.0,0.4049180913571588
0.0,0.38300342473259963
0.0,0.35112159813613636
0.0,0.281682541915173
0.0,0.274740405158698
0.0,0.26126439856631295
0.0,0.2988730011935336
0.0,0.3475385370991743
0.0,0.40430535652672295
0.0,1.4182497510386205
1.4330000445246698,6.5943623562041225
16.945999811291696,17.401567429683766
22.13599986791611,30.633170649086377
40.72000142574311,43.93594875447456
52.308998548984526,52.83636697078757
54.70699916601181,56.6105404167416
47.70999826669693,56.15545473085305
56.79100024700165,51.88659894269474
49.551999888420106,38.977306759861364
27.232000737190248,23.505909138654626
15.707999632358552,10.671821619160268
2.8689999210834505,3.825492004505656
0.0,0.7332763186348926
0.0,0.45583044670259076
0.0,0.41030568457340405
0.0,0.3742060068438587
0.0,0.3336051351201524
0.0,0.2942243213682335
0.0,0.2888654884701776
0.0,0.2796077417814593
0.0,0.3216616766259428
0.0,0.3818105522917565
0.0,0.4611765585762218
0.0,1.6721512119405841
4.412000139951706,8.396252834590257
17.60799937605858,21.356255115071693
33.66099920511246,35.85045289793193
45.35499969244003,48.42277013703715
55.278000402450566,55.64962678219799
41.68000108003616,58.06227629678719
47.70499888896942,56.72061949013303
55.289999730587006,52.00418231219217
45.88700003147125,39.01959099902439
33.023999609947204,23.659321002234698
16.81299972653389,10.667464084115236
4.387000170350075,3.8353795991562825
0.0,0.7317138007016711
0.0,0.45712504873114207
0.0,0.42127070959055185
0.0,0.38937286024946927
0.0,0.3544325223256261
0.0,0.2795092253940603
0.0,0.27484942782498784
0.0,0.26511736787299595
0.0,0.3072085799851354
0.0,0.3669291905376707
0.0,0.4441623400736258
0.0,1.621257016745753
4.864000165462494,8.213933653876147
18.195999318361284,21.059335844247947
34.59799843549728,35.71405960610071
48.50899906158448,48.6585391579324
52.81700023174286,56.05627135134253
58.27300148487091,58.417719182304495
56.570998871326445,56.957953302682924
56.07799942970276,51.93584951253602
50.1350004529953,38.446146444415035
34.26599990725517,22.75021514116229
17.166000159978868,10.155455118870739
4.090999883264304,3.661448170316952
0.0,0.7086855092224765
0.0,0.4444922458507836
0.0,0.4086683415994655
0.0,0.3782592417793044
0.0,0.342025424449027
0.0,0.26087707969666096
0.0,0.26040694949446147
0.0,0.2526359672114209
0.0,0.2980733018863607
0.0,0.36417009224771035
0.0,0.45662545500480306
0.0,1.5915330285847906
4.177000117599964,8.574135671683116
14.864000329971311,22.18753580998639
32.21999943733216,37.366245373785866
47.36299955129624,49.559126218243534
55.5789982700348,55.50595045596733
59.1980013871193,56.62633078584122
58.84399861335755,52.71503744513382
53.41900007486343,44.18038443282693
28.695000642538076,28.358666394187004
22.4330006980896,14.78465569728717
5.461000117361546,6.378823492768589
1.0829999566078186,2.3150121784813344
0.0,0.5239042735213395
0.0,0.35140555190594863
0.0,0.3468792075792048
0.0,0.34446704499466957
0.0,0.3236692824829206
0.0,0.34465129652669585
0.0,0.33754402872889716
0.0,0.3162581712809616
0.0,0.35509051505027395
0.0,0.4108297787335826
0.0,0.48010470158576957
0.0,0.8125436814123725
0.280000006146729,2.470601000803482
6.9800001394748685,6.554075538101334
7.939999793767929,10.715892664007635
17.556000918149948,13.627881778077898
10.944000372290612,14.339169309321731
16.93899986088276,15.149285420402679
21.588999341726304,15.843195376031519
11.14100029706955,14.444728659714489
23.55200069308281,9.98859072233638
11.855999633073807,6.480722837088383
4.363999746441841,3.198900270682899
0.8180000092461706,1.1497843851924434
0.0,0.5212490121910217
0.0,0.4254954986683072
0.0,0.40584829231895575
0.0,0.4034742075076806
0.0,0.38300426859543507
0.0,0.28365676070136353
0.0,0.2790646658450269
0.0,0.26687098427105527
0.0,0.3058917615987009
0.0,0.35751944727068824
0.0,0.4217962636466022
0.0,1.4907540666060142
3.851999999284745,7.064710217878007
16.73399969935417,18.50764583098629
32.45699951887131,32.19377973122144
40.80400083065033,45.41241069109912
43.388999536037446,53.54103176696161
58.72499945640564,56.62848569473972
58.471000669002535,55.573983058473424
55.10600044727325,50.716985763187665
46.12899949073792,37.256203081298835
30.829999895095828,21.97066025925871
15.33700020670891,10.010119387577568
2.962000105828047,3.6093097148769133
0.0,0.6959293854537038
0.0,0.4352246302353853
0.0,0.4004263317874242
0.0,0.37045401876156553
0.0,0.33562286096090704
0.0,0.29413606949851323
0.0,0.2872617253905752
0.0,0.27624084565749474
0.0,0.31233539138479033
0.0,0.3595593043164716
0.0,0.4197236333217513
0.0,1.4283543191970274
3.8509999696910384,6.784601841027471
15.000999506115914,17.916685580644714
29.26499953866005,30.80089667599295
45.0299990606308,43.16895519031281
48.19999890327454,51.28325355803671
60.05300178527832,54.645047648013
62.87599880456924,54.513677285489564
60.43099910736084,50.85283209993739
50.89299977779388,38.289528672873836
34.73400040626526,23.28006303696961
17.30099979043007,10.425917493983645
3.620000065714121,3.6839716491044077
0.0,0.7169895552500835
0.0,0.4458280255118669
0.0,0.4055817681714865
0.0,0.3704495482230185
0.0,0.3374285563121941
0.0,0.298451314704187
0.0,0.293213642971295
0.0,0.2855833058733653
0.0,0.3236812275474055
0.0,0.380835976079184
0.0,0.4637793390104318
0.0,1.5651616068285163
3.735999904125929,8.021396849814066
17.690000262260437,20.703377425164632
33.624000934362414,34.629850951529306
48.87599939584732,46.30625662078023
54.56299901247025,52.53354923572619
53.34799823045731,53.94044094536599
44.1929997086525,51.51972243659963
47.33099860429764,45.87249217737428
41.73499834299088,32.58829969483357
32.72600054740906,19.150969381351516
16.754000291228294,8.398051880623493
2.3409999571740627,2.946017475984515
0.0,0.6679782927818924
0.0,0.439021065910191
0.0,0.4113459551468147
0.0,0.38797105458803116
0.0,0.3567334970853117
0.0,0.28359316875237606
0.0,0.27904478459493703
0.0,0.26997641193666644
0.0,0.31149577618588137
0.0,0.3689419741542617
0.0,0.4455432786727316
0.0,1.5990841640073579
3.1600000602006912,8.13548302439032
17.26000037431717,21.016316453663887
32.93599905967712,35.433613420470415
42.3039990067482,47.89513029264794
48.45299945831299,55.06139001919314
54.64699841737748,57.43183849402438
59.570999331474304,55.97544480774826
55.89400014638901,51.00639798992577
47.56200107574463,37.25584655516989
31.63500035405159,21.44867216107571
15.599000257849694,9.31468044593925
3.1889998914301394,3.3749033570713918
0.0,0.6605545980358337
0.0,0.4174174962982762
0.0,0.3910999942498259
0.0,0.36583428289210934
0.0,0.33595434013849756
0.0,0.28128995555691716
0.0,0.27708240125454414
0.0,0.26761286143119584
0.0,0.3109671938832428
0.0,0.37251955741772663
0.0,0.452900458089779
0.0,1.639287415598932
2.4390000331401827,8.398206418792258
17.02899995684624,21.52376043651609
31.767999411821368,36.261963599070675
46.60500022649765,48.82273096279783
52.30399917125702,55.901323945408016
53.64200025558472,58.20374264742817
55.1839981341362,56.439729517633886
52.645998508930205,51.028193241791335
43.66700108766556,37.20856434931328
29.999000207185745,21.61700895846335
14.43799953341484,9.48548030376269
2.728000113070012,3.425938884561507
0.0,0.6692556041865162
0.0,0.42398614693904224
0.0,0.396875109921465
0.0,0.37257404403574884
0.0,0.3408379561796194
0.0,0.23445247178291215
0.0,0.23782643831532269
0.0,0.23178769330290955
0.0,0.27896725077168316
0.0,0.3489442087854783
0.0,0.45491587650497023
0.0,1.592294011108113
3.562999919354916,9.491455835061705
15.678000285029412,24.44644894913107
30.967000098228457,40.71549550765577
44.80100126981736,52.37040878002968
52.54599863052368,56.91772405291895
55.49299829244614,56.43538841199718
52.74599838733673,49.13524741501942
44.60600089073181,35.878218702300906
35.05999927043915,19.32325462475362
21.46199994802475,9.067034491562415
11.525999623537064,3.8701956635896426
0.94299998562783,1.4601944882552509
0.0,0.42537024176331584
0.0,0.29985300554521477
0.0,0.3054355214774684
0.0,0.316885298851975
0.0,0.3036637359571417
0.0,0.2305088842967438
0.0,0.2326959234991005
0.0,0.22405390316648177
0.0,0.2652627722609136
0.0,0.32029655440066757
0.0,0.39952391350191896
0.0,1.3958813294658488
1.6320000284910203,7.696045335470256
11.650000212192536,20.752554540446948
22.910999952554704,36.17993122481245
41.45200152158737,49.08998237531189
51.513000667095184,55.03998751872075
55.44700155258179,55.59385155708334
50.12300112485886,50.44810009042222
35.068999793529514,39.73826924804883
19.76699933886528,22.6785487217466
8.687000076770783,10.557964333124406
4.20100005760789,4.483588050779706
0.2100000046100467,1.6887250613073184
0.0,0.4332055512803434
0.0,0.2956384847653313
0.0,0.2973710775058464
0.0,0.30219522638687707
0.0,0.28585719205316124
0.0,0.24181088853696903
0.0,0.24314930316342903
0.0,0.23257408906004806
0.0,0.2771829435600251
0.0,0.33825059356035175
0.0,0.4213283513094434
0.0,1.3288123261608413
1.5079999533295632,7.125099812506387
11.289999828338622,19.060906026799614
25.60599934577942,33.46346915952274
34.34499993443489,45.73963280330669
48.57800033330918,51.291319890213714
51.66499900341034,51.64114346393686
42.76199869632721,44.86932505509918
44.43200036287308,32.80876721225803
28.07999913096428,18.005521224089346
10.62800026357174,8.96145315721359
7.973999772965908,3.981432396195836
2.7780000522732737,1.4590930536457651
0.0,0.43344163582913625
0.0,0.3107729755781854
0.0,0.31194343219328385
0.0,0.32082005693832755
0.0,0.30323926193035905
0.0,0.2780746618395239
0.0,0.2757070936652496
0.0,0.26421613472637034
0.0,0.2994756376269594
0.0,0.34544227793165255
0.0,0.406001303243441
0.0,1.4713312687749276
1.738999985679984,6.88679907829772
14.22399987578392,18.282704552978558
28.059999566078183,32.24290123358621
40.88199851751328,45.83938926382967
46.7840001320839,53.92240889763746
42.48799829006195,56.79306705753406
43.39500125408173,55.50017850169699
47.30799818038941,50.1672062699935
39.80799908399582,36.11655808091932
27.330000042915344,20.78639890189776
12.837000165581705,9.477569611277843
2.1819998732209207,3.439819268534805
0.0,0.6564129557731541
0.0,0.4095367678041588
0.0,0.38180445303029786
0.0,0.35705479360558773
0.0,0.32624113295171175
0.0,0.2749966278423242
0.0,0.271082235092104
0.0,0.2613078503402908
0.0,0.3005843031579844
0.0,0.35439687449947344
0.0,0.424797942497896
0.0,1.4844565435170218
1.4919999933242798,7.283300791753883
14.004999813437465,19.16538580835982
28.791999661922457,33.06903336138836
40.806999635696414,45.82161067682981
48.42700022935868,53.47295549676714
54.706000933647154,56.17606987406159
53.83400182962418,54.71686284211303
49.98299800872803,49.34696668461406
41.92600168466568,35.271255648807276
27.929999313354493,20.06124436295038
13.132999682426451,8.80239500364307
2.1419999732077124,3.178078379902062
0.0,0.6345616398253606
0.0,0.4023105417116236
0.0,0.37707639046615515
0.0,0.3537852243625093
0.0,0.32474959939625586
0.0,0.25990627315248255
0.0,0.25617738531977824
0.0,0.24188315390196605
0.0,0.2804823655503626
0.0,0.3287931098611884
0.0,0.3863996331103261
0.0,1.1806912276848174
1.111000014990568,5.155473219785149
6.591999953985215,14.230797381112025
15.585999616384507,25.680448589572002
37.37699928760529,37.744466824435705
42.72899951696396,46.29067745082293
49.7140010881424,50.62336937647075
37.7690006184578,50.03297172959416
48.27100074768067,44.71471960436324
37.97499798536301,30.558828799138524
18.079000734090805,16.53873932068139
6.451999918818474,7.221196261722678
0.4460000084154308,2.5696187848603214
0.0,0.559325565467359
0.0,0.3700443187823491
0.0,0.35157182336304044
0.0,0.33702902091222325
0.0,0.30788049506552706
0.0,0.28631817103412605
0.0,0.28205117153741127
0.0,0.272149667058255
0.0,0.31403972834243726
0.0,0.3746277382629208
0.0,0.45613756928840155
0.0,1.5411860805891284
2.69200007468462,7.558614281743601
13.892999579906464,19.587736896552368
28.681998974084856,33.48640300642371
42.00699817657471,45.84931258035481
49.38099816560745,52.93552670592457
52.163001930713655,55.337964688030496
50.97100157260895,53.27879882304786
46.86700130462646,47.406683869813556
38.79199982643127,33.765660799590854
26.44800012946129,19.762349295877918
12.010999855399133,8.829948360823744
1.7360000252723695,3.1300784182459673
0.0,0.6536221508301131
0.0,0.4237378477602993
0.0,0.39805662178287937
0.0,0.3770126972812363
0.0,0.34597597103350486
0.0,0.2356999636964503
0.0,0.23686916103515926
0.0,0.22813649832925523
0.0,0.2723235344374096
0.0,0.33223984865218126
0.0,0.4146785236922044
0.0,1.4694594219174701
2.435999944359064,8.054144514333546
11.970000439286231,21.51992938185605
25.94900102376938,36.955641901091
39.83500065326691,49.63747871403525
48.26900017499924,55.87088177900309
52.41099900007248,57.03826445265755
51.08199843883514,53.08043374929005
47.51300142288208,44.01693363802254
38.49699956893921,26.97626534881802
13.082000483870509,12.887464653969435
6.494000134766102,5.368430409879429
0.3580000037327409,2.001467047369277
0.0,0.4585803815759926
0.0,0.30574337154765024
0.0,0.306082357782466
0.0,0.3081992822806264
0.0,0.2914088154218627
0.0,0.28779283683243856
0.0,0.2860855521706946
0.0,0.2820212215879902
0.0,0.32586166897247765
0.0,0.39968434051035523
0.0,0.519520478313327
0.0,1.4756334531946236
2.1859999915957453,7.715097921529527
14.319000376462936,20.284710073642696
30.09300042152405,33.35087568553728
42.74000061273575,42.71871786062544
51.209998118877415,45.83593059708162
38.09999886035919,44.08477248445551
39.08099836587906,38.245383925404546
35.738998568058015,30.3740058077244
21.660999418497084,18.57670817963044
24.772999085187912,10.052635648523015
7.204999865889549,4.207945757472701
0.6669999694824219,1.4573769814223394
0.0,0.4818271642341348
0.0,0.36070046306278103
0.0,0.35935621160971915
0.0,0.36495600119981286
0.0,0.35072098332613905
0.0,0.2760400833869419
0.0,0.27349126948482233
0.0,0.263936002951353
0.0,0.311722869631252
0.0,0.37620816104068194
0.0,0.46186488941846315
0.0,1.5632432329967887
2.6990000250935555,8.264755585810919
14.229999539852145,21.5404555518916
29.23900030970573,36.105379286678236
41.69299864053726,48.01107391796748
47.77499839305878,54.10154183503046
51.201001703739166,55.562306701702596
53.56799960613251,52.520031667119866
43.51899978876114,45.49870564509248
41.71200202703477,30.490620106983876
27.104999289512637,16.28206548687803
10.56199985086918,6.942130461750901
1.9280000588297843,2.5081380945312794
0.0,0.5437635206558123
0.0,0.3621201141991651
0.0,0.35489466593352975
0.0,0.3472167567445189
0.0,0.32711539173582876
0.0,0.2698783111141147
0.0,0.26487503777057225
0.0,0.24545925869128102
0.0,0.2810156022162523
0.0,0.3202660447695686
0.0,0.3685234161659765
0.0,0.8345761658620778
0.6719999890774488,3.460041269992429
3.692999915331602,9.728798237077456
3.7240000624954703,17.325761552821856
8.681000412702561,24.502578966503542
12.623999767303468,28.262626617140562
30.20999900579453,29.61029436773311
30.17599954009056,27.403542502326005
24.165999864339827,21.383628862854753
14.741000027656556,12.192066383115783
6.358999990820885,6.3697934430889696
0.6230000152811408,2.904146574284106
0.17700000686571,1.066622788930883
0.0,0.41468553224887705
0.0,0.32095511098675406
0.0,0.3147747426933211
0.0,0.31673681057645614
0.0,0.29626790858394636
0.0,0.2867141980247488
0.0,0.27843798195329905
0.0,0.2597471291071093
0.0,0.3010569938698844
0.0,0.34510779121420554
0.0,0.3883632790294695
0.0,0.951392694355035
1.4060000157356265,3.6437724112551324
13.3080004966259,10.272314940370947
26.788000948429108,18.081708107156803
13.782999919056891,26.092887360266218
22.14400010466576,32.90954606092245
39.44700046777725,38.770694180437395
29.875999904870987,41.71909457866983
28.14300073862076,39.21264510084074
40.43900106906891,26.696827898323782
15.39199952363968,14.03267547341719
5.86399997651577,5.907121465857622
1.806999944075942,2.100431596495621
0.0,0.5178228222273026
0.0,0.357509191525619
0.0,0.34160527185783146
0.0,0.32615755530026264
0.0,0.304739861870266
0.0,0.26179276959161485
0.0,0.25751024857513516
0.0,0.24662493021790638
0.0,0.2875432851580298
0.0,0.34045009516354835
0.0,0.40921326552648
0.0,1.4138281381236144
2.222000029981136,7.3062750334534
13.490000234246256,19.475216754066896
28.52400097370148,33.617888679190806
42.7070014333725,46.25094644842253
50.88199868202209,53.50099078303344
53.151001386642456,55.77417884331736
51.21199869155884,53.92188210624976
48.41199798822403,48.20534821085895
41.439998085498814,33.63552810517163
26.307000834941864,18.221834087884098
11.50600005865097,7.670802255987631
1.217999972179532,2.757644715718173
0.0,0.5769757743127301
0.0,0.3740470729924968
0.0,0.3542381512844268
0.0,0.33698114993694334
0.0,0.3090299651796409
0.0,0.34755712621326446
0.0,0.34440116563282225
0.0,0.3263999404318779
0.0,0.3727822324245477
0.0,0.4394205755773213
0.0,0.5305703560980557
0.0,0.8592654022437041
2.5080000211298468,2.5987227649803395
5.319000023007393,6.826472131447258
4.210000067204237,11.0124622033148
2.140999943614006,13.401357704420034
3.1639999218285086,13.01703457333314
4.891999967098236,12.606632263341943
15.359000344276428,12.12498996390276
11.834999781847,10.388040629982484
7.8500002112984655,6.909470729429226
7.523999806642532,4.419873845452981
1.7410000448673963,2.1945085327520926
0.1520000051707029,0.8246625950928111
0.0,0.4522351486583963
0.0,0.39572051974553196
0.0,0.385904000604251
0.0,0.39611611997024826
0.0,0.3861799781640608
0.0,0.3448998608805662
0.0,0.3390559893801573
0.0,0.3192304836640677
0.0,0.36122513548380447
0.0,0.4206715291543389
0.0,0.5005605813869088
0.0,0.8524220472997973
1.4550000537186862,2.7158744726760617
2.916000028252601,7.246223052978651
13.759000235795977,11.848292706088941
12.364999548196792,14.840912319267973
12.421000178456309,15.116934224946467
13.857999827861786,15.325988341435082
22.795999886989595,15.232581243893478
13.193000431060792,13.4597010746269
12.586000183224678,9.09372540062779
7.568000081777573,5.787901918072756
3.757000012099743,2.786719765509075
0.2040000035613775,1.009655372193282
0.0,0.4861571579471319
0.0,0.4096204712084967
0.0,0.39598567543864405
0.0,0.4015553131826721
0.0,0.38563329953453196
0.0,0.27623821328585646
0.0,0.2727481799811102
0.0,0.2617987297549712
0.0,0.306892756725449
0.0,0.3685638872298539
0.0,0.45387864371569153
0.0,1.3572500144545654
2.4439999243617057,7.021538095578434
12.429000415205955,18.701638209386314
24.729999096393584,31.90032204220579
38.4920001912117,42.75633445158846
49.11999942779541,48.13021225786388
54.36799863338471,48.95528187012985
49.2499996805191,44.795586417252586
39.36699810028076,37.04973111661338
32.23999900221825,23.526475100222797
17.069000113606453,12.610897706904101
9.401000153422356,5.308835505958983
0.6259999756887555,1.8673641787970578
0.0,0.5101885339271526
0.0,0.36319414319222226
0.0,0.355838749943665
0.0,0.354152055320856
0.0,0.3321030672132034
0.0,0.2737028248708085
0.0,0.2749327914263334
0.0,0.26571278506279516
0.0,0.30804344148745844
0.0,0.368107741593752
0.0,0.46012593701802973
0.0,1.336949704533408
0.6710000236704946,6.814201621854522
8.560999942421914,18.262945872476156
20.23299926519394,31.428288477405154
36.05100163936615,41.93423782276991
38.58599835157394,46.01456999060481
36.955001690387725,45.43948022059824
40.18300170898438,38.638915362781916
24.758000952005386,28.564634933705932
23.653000857830047,16.25946647278837
16.00100034415722,8.562426134724264
5.215000026226043,3.8189977578598286
0.1999999975133687,1.3686220876389024
0.0,0.4449629959050815
0.0,0.3307954543332163
0.0,0.33307259818176854
0.0,0.34353541486685085
0.0,0.32940107973139615
0.0,0.2902924532935189
0.0,0.28555019385438246
0.0,0.27423403430400917
0.0,0.3114657960899344
0.0,0.3610248005771273
0.0,0.42915744314800097
1.7689999748766423,1.3354829174431029
12.980000032782556,6.387383200833498
27.596000212430955,17.11083286908178
34.42799905300141,29.54092075568252
34.84100023508072,40.835707831980976
46.44999897718429,47.365192683820716
26.95499947190285,49.627503633488494
36.83400196075439,47.6860289728111
33.5909997010231,41.94161168611917
16.793000161647797,28.556259743230154
9.749000182151796,16.00082422088071
0.3570000062324107,6.97878721457929
0.0,2.4706754014063383
0.0,0.5847420247091474
0.0,0.3921915403841784
0.0,0.37348232293328115
0.0,0.3566119260346758
0.0,0.3315659795536322
0.0,0.26571332319730595
0.0,0.26366038952218096
0.0,0.2551144183029133
0.0,0.2962899381955842
0.0,0.35384709363334066
0.0,0.4361023538165243
0.7909999804571272,1.4686901724874306
11.1330000603199,7.742156610104567
27.218000836372376,20.41135067790476
39.78100162267685,34.78933163399531
43.88600012302399,46.68758375319123
47.070998098850254,52.72494437670124
46.91800153017044,53.95345131573775
40.63400144815445,50.21529112887235
38.6349980044365,42.1833820842326
24.043999848365782,27.023728356877427
8.932000395059585,14.033769917540967
0.5220000110007823,5.944507327500438
0.0,2.1661790669407677
0.0,0.5239329279350879
0.0,0.35488567446209596
0.0,0.3465774486341162
0.0,0.34004188795287876
0.0,0.31797788591235726
0.0,0.33268565204779926
0.0,0.33783390732155677
0.0,0.3364652991879295
0.0,0.3934803632683226
0.0,0.49521480518859984
0.0,0.6758690816973955
0.064000000488013,1.503237410638562
5.868999867737293,6.332022133350199
25.32799984812737,16.305292494067167
32.80199971556664,26.829448902707384
37.27200003147125,33.44453755446095
34.29000061750412,32.28519645716235
36.02300183773041,27.102205524997686
11.024999945163728,19.123757151701138
12.357000338435173,12.324835838084027
4.369999924004078,7.049242084144048
2.100000014007092,4.368852136488833
0.4279999892227352,2.1408536010844315
0.0,0.7774689050522363
0.0,0.43197958777739764
0.0,0.3798207870513427
0.0,0.384170347248683
0.0,0.4165531556264168
0.0,0.41832800904613787
0.0,0.26241795103387094
0.0,0.25947945818019247
0.0,0.2497330880933979
0.0,0.291328251717892
0.0,0.3457762880900104
0.0,0.4200111264730719
1.493000022917986,1.459848559438757
12.572000282406806,7.694113257500016
26.993000082969665,20.38079183628406
39.956998615264894,34.8723148576126
47.4539989066124,47.19587892539469
47.706001229286194,53.8806865775567
46.451999549865725,55.81652190321308
47.4780016708374,53.21296506211655
39.39699847459793,46.54723513487039
24.68799939393997,31.448234985528337
9.506999695897102,16.5514900483413
0.4169999846257269,6.933036199350932
0.0,2.5257720325919695
0.0,0.5447047845255873
0.0,0.3574205714513898
0.0,0.34508837573456913
0.0,0.33321468890191613
0.0,0.30928107044234365
0.0,0.25850479896127126
0.0,0.2556768512284084
0.0,0.24452562094657337
0.0,0.286268808699912
0.0,0.3384717672039612
0.0,0.4064647045424581
1.7710000340640546,1.3970437802266031
12.493999514579771,7.1577479371960235
26.88499996781349,19.241119503972786
41.1520018863678,33.407176600984776
50.14299863576889,46.121971590267115
53.01999879360199,53.37314537832097
51.91500075340271,55.73468081445329
47.9889980506897,53.623314845039275
39.23599961519241,47.42880971398648
24.53599900364876,32.33519851433716
9.258999545574188,16.975546446634446
0.3729999983310699,7.128088875470603
0.0,2.600357406209505
0.0,0.5422256676511036
0.0,0.3537881995150893
0.0,0.3402402510992787
0.0,0.3279792851235027
0.0,0.30342143774259384
0.0,0.2573170531370636
0.0,0.2547390394527918
0.0,0.24363035877078532
0.0,0.2843109658957554
0.0,0.33569704057832583
0.0,0.40434824058763125
1.4079999465495348,1.3705376774029556
11.758000327348707,7.017775154095893
25.905998980998994,18.909982875791943
37.07299850702286,32.933167637161176
44.127001349926,45.47165816738646
51.64800029754639,52.52232510845587
50.895000350475314,54.67039416800082
47.88799993991852,52.264303718500756
39.2260008597374,45.66398482604146
24.20500076174736,30.511954186199738
9.000000353455544,15.829244090756983
0.323999992441386,6.604240203968825
0.0,2.4021025797421487
0.0,0.5308359044522785
0.0,0.35051244720462865
0.0,0.3380940167169835
0.0,0.3270098115897503
0.0,0.3027904777260638
0.0,0.2713807915272915
0.0,0.2670364476695755
0.0,0.25348853351943296
0.0,0.29406182275013276
0.0,0.3429028918006049
0.0,0.4038044072727694
0.5279999960027635,1.2605987543367965
10.5839999884367,5.972716932659501
13.996999576687813,16.28079493751437
38.199998738765714,28.607909463021876
45.39999819993973,40.4694763249493
45.59600091934204,47.97790162348715
41.00499881982803,51.24647237781946
45.97900172710419,50.00981279745683
38.05900149822235,44.59377656500759
23.514000082015997,30.543675422296715
8.400000056028366,16.5183915870993
0.2430000023543835,7.058101692956001
0.0,2.519777328997779
0.0,0.545668366822822
0.0,0.3603435102847762
0.0,0.34405341285736185
0.0,0.3287393739979924
0.0,0.30555096228245154
0.0,0.2769457391944479
0.0,0.2744501383373883
0.0,0.26561969468489793
0.0,0.30778660964727234
0.0,0.3645658658290711
0.0,0.4441052853388018
1.5590000505000354,1.5139373847514108
11.11600032746792,7.837579037191915
26.149999012947085,20.58781291692505
38.64099972248078,34.87089267077165
48.2570008468628,46.928211213306874
50.31199978590012,53.07826763808195
49.50500080823898,54.477585165367394
45.73599992752075,51.42054763666535
37.08899898052216,44.30690240121129
22.86100001335144,29.325743757661822
8.142999896109105,15.509781028377079
0.1699999922700226,6.6790624227523105
0.0,2.4461340726692318
0.0,0.544563317783956
0.0,0.36129858833598166
0.0,0.3523391977660548
0.0,0.34197907957710244
0.0,0.3217366472916262
0.0,0.2414882669027804
0.0,0.23948277291910341
0.0,0.22701144867521766
0.0,0.2671781161304308
0.0,0.31335978571982115
0.0,0.37211092067053947
1.1370000141859056,1.11645659245934
7.638000099360943,5.419732311947462
15.34599970281124,15.226189470794392
25.61399958252907,27.34438513326273
24.513000633716583,39.0252920927145
40.088999440670015,46.066722781058154
47.22799992084504,48.497330606130234
37.37499871492386,45.950324599013825
35.786001756191254,38.47072615813243
12.375000357627869,23.30249111760585
6.386000019609928,11.03498389307797
0.0839999986346811,4.57318596311637
0.0,1.686339517241068
0.0,0.4340192209939373
0.0,0.30078917385536785
0.0,0.29668520773914575
0.0,0.29386395371149926
0.0,0.27578051152280886
0.0,0.30448696397513675
0.0,0.29258765985101726
0.0,0.26810095458398275
0.0,0.30582761802244923
0.0,0.3446258127129056
0.0,0.3822917978432681
0.0,0.7447082961144847
0.1439999930746853,2.482357493353202
3.420000052154064,6.972412016638109
7.339000236988068,11.811980572026899
17.521999398469926,16.225183851521678
21.51400045990944,19.540148325367095
26.872000353336336,23.44000773831282
29.29199905395508,27.52871113926308
15.951000404953955,27.195481778576948
12.662000378370283,18.17562404929611
5.375000139772892,9.611487038529875
0.0,4.081572710952883
0.0,1.453206185531789
0.0,0.4790466731514896
0.0,0.3559499193266797
0.0,0.33924723254541617
0.0,0.32699521856058905
0.0,0.3062819885258314
0.0,0.25694473598422735
0.0,0.2549533934897174
0.0,0.24541886921959793
0.0,0.28700835549276005
0.0,0.3412819386564619
0.0,0.4169739385544684
1.1720000229775906,1.3643541516403124
11.499000108242036,6.98612274865161
25.74899921298027,18.8904623743483
39.21299919128418,32.63218121329236
44.77800084590912,44.604186026300326
49.238998584747314,51.13170848534211
47.02300078630447,52.870618255131966
42.88600133895874,50.13545043686469
32.6190007185936,43.321175840360496
20.886999620199205,28.19818793755021
4.695000042319298,14.273605214906397
0.0,5.899160685732831
0.0,2.1474047061915287
0.0,0.4981810493331147
0.0,0.33441089070367863
0.0,0.32740477546750096
0.0,0.32059334452068894
0.0,0.3008697411534964
0.0,0.31148919560793425
0.0,0.3087340518042852
0.0,0.30264002922420447
0.0,0.3525586547313608
0.0,0.4288362530297025
0.0,0.5464960320294202
0.7629999862611294,1.359667003483483
10.581000156402588,6.371670725450956
25.31399994730949,17.055601040202422
37.11800112247467,28.30103399677442
40.31499842643738,36.56068291756936
36.71400046348572,38.70498356838971
25.74099897623062,36.764901752211536
20.166000620126724,32.30364313352484
30.606999714374545,26.210233433173023
13.594999490380289,16.25803758149379
2.3430000163614757,8.918425092654582
0.0939999977080151,3.798557051381507
0.0,1.3295211404285099
0.0,0.47460394713065324
0.0,0.3666847233043095
0.0,0.3656966207850881
0.0,0.37234744757658494
0.0,0.36320451110875324
0.0,0.21019788598896563
0.0,0.2127587036663452
0.0,0.20392956040935867
0.0,0.24785636761347213
0.0,0.30163694907227523
0.0,0.3827477767486301
0.1830000079143792,1.2010549436937148
9.019999918341638,7.352683437276988
13.479000165462494,20.317646357610325
39.97400142908096,35.461189148385024
48.775001285076144,47.13066469372642
52.1879988193512,51.50948290121863
43.80499952316284,49.9137182291481
35.64799921274185,40.91102499129669
26.175000009536745,27.44486815517294
18.89199937582016,13.270943433309426
3.4110000425577165,5.702310918683784
0.0629999989760108,2.3171652704910652
0.0,0.8913097874990403
0.0,0.3381680645508474
0.0,0.2547615524227088
0.0,0.2622888388809449
0.0,0.2792305803253477
0.0,0.26688588034318056
0.0,0.34759478945170974
0.0,0.3404968075611121
0.0,0.3161955597906739
0.0,0.3604038086146624
0.0,0.41582634435780164
0.0,0.4813796447773017
0.0,0.7255472407337644
0.7340000266581774,2.0205693330939383
3.6149999177455903,5.333868495305454
2.581999900341034,8.365537454999975
0.1889999929163605,9.945180270980366
2.2860001267492773,9.777847137914943
4.557999839186668,10.156483235385842
4.871000115871429,11.141220737460088
7.509000132977962,10.534334938645546
0.6430000294744969,7.081398304534197
0.0,4.262934310778575
0.0,2.0542696189889456
0.0,0.7889039030873506
0.0,0.42936110954116047
0.0,0.37101216001071086
0.0,0.3602657388504853
0.0,0.3628063443461235
0.0,0.3521833725636433
0.0,0.2528320805727765
0.0,0.25259408518581544
0.0,0.24509429366904983
0.0,0.2880323851317672
0.0,0.3467531692953911
0.0,0.43428679950112403
0.9070000114291906,1.381785553966474
11.371000428199768,7.699314714261826
26.19900071978569,20.65079032207764
39.56700196504593,34.871873290379284
49.5969983959198,45.81323969101003
50.481999168396,50.42173559499049
43.62100023984909,50.04756260724586
37.843001267910005,44.30870508887894
20.153001005649568,34.58387711333985
15.295000504255295,19.79834337548393
3.451999972164631,9.350726251021472
0.0,3.83932314868777
0.0,1.4303659964182176
0.0,0.42883256671323733
0.0,0.3059780790512309
0.0,0.30807389083459735
0.0,0.3110963795245471
0.0,0.29789710032389066
0.0,0.24523485346556315
0.0,0.23753428354633216
0.0,0.21963502605216298
0.0,0.25385952597933387
0.0,0.2890178166932579
0.0,0.32743169677273
0.0129999995976686,0.9074593136034805
1.3819999473541975,3.868615231850118
5.298999944627285,11.118152183175042
18.65200048923493,20.174473724522745
39.14700083255768,30.238020781054193
51.97399916172028,38.47178359451018
50.56299976825714,43.36753061034129
45.7319987821579,45.10707567658225
36.2639989566803,41.50237058807962
21.71699902176857,27.423462724916916
6.7869998195767405,13.328477088080973
0.0320000002440065,5.335742290701647
0.0,1.9423818154467183
0.0,0.4950726682849957
0.0,0.33264726199320754
0.0,0.3097909228755525
0.0,0.2899744050463437
0.0,0.2631024791537952
0.0,0.23617484805503397
0.0,0.23414654220075387
0.0,0.22568783950259114
0.0,0.26955140809478334
0.0,0.32538544286142174
0.0,0.4025734100126761
1.0269999682158233,1.375738446539222
11.044000250697136,7.982570824884819
24.45699897646904,21.427243374428937
38.54700156211853,36.240487428067915
47.99700034141541,48.08504690323051
50.24600142717362,53.82916470001351
49.51200075864792,54.447177785986284
44.95700075149536,50.82775785668704
35.80799983978272,42.99392210163081
21.37700025677681,26.759407274284865
6.526000054776668,12.438019475136961
0.0320000002440065,4.805666997685017
0.0,1.7879251986215365
0.0,0.44937169456596926
0.0,0.3044538320552114
0.0,0.3003635631018396
0.0,0.2951246277948173
0.0,0.277232627610643
0.0,0.2458996679792747
0.0,0.24315373393451545
0.0,0.23353312237976512
0.0,0.2761855609376644
0.0,0.33107525464882187
0.0,0.4068468249217038
0.9759999994188548,1.3226184996610784
11.07000050663948,7.273432654229655
25.359000508785247,19.65269427784394
38.82999838352203,33.630638347242616
48.08399855136872,45.304089332852726
51.0040007519722,51.281137619204856
50.13700102567673,52.28801186352872
45.61000082015991,48.92685848295265
36.15199975013733,41.55733545639182
21.59900015115738,26.268436474019566
6.426000176370144,12.774643775573178
0.0320000002440065,5.055635594706675
0.0,1.8481141450111849
0.0,0.47187655033287557
0.0,0.3229665205248084
0.0,0.3156415552379588
0.0,0.30889416391279584
0.0,0.2886911134929938
0.0,0.24844231298300964
0.0,0.24582658387393166
0.0,0.23731999198464981
0.0,0.27991562554811755
0.0,0.3358708046657239
0.0,0.4156356338884065
0.1069999973056838,1.3606853717977436
7.636999813020229,7.625608847336177
22.82800083398819,20.47538670734279
37.7530001449585,34.667130075297855
46.93599846839905,46.0200695972392
49.80399810314179,51.588271126093744
44.669998676776885,52.32155254962768
39.482000219821934,48.5062812143248
35.41799908161163,40.7299402064414
21.085000858306884,25.40771480438788
6.051999891698361,12.242854982969245
0.0320000002440065,4.816510219864532
0.0,1.7702881210906183
0.0,0.4633011312784803
0.0,0.3189917813753554
0.0,0.31437867624434884
0.0,0.3095090938573784
0.0,0.29105272716019726
0.0,0.2319430797450232
0.0,0.23069809908158453
0.0,0.22221683392531938
0.0,0.265759337846418
0.0,0.3207726005713429
0.0,0.3980570608809726
0.9169999864324928,1.3667778650764322
9.928000087738038,7.994721449488739
24.69800020337105,21.523376324235088
38.88299918174744,36.38776551033893
48.39299870967865,48.17559381751436
50.91500196933747,53.93507104350738
49.12100176811219,54.602937289069274
44.29299958705902,50.91409039138367
35.08400203466415,42.9606761238786
20.734000997543337,26.533399386135144
5.816999869346619,12.185235220768293
0.0129999995976686,4.660109040517624
0.0,1.7406820115825974
0.0,0.43935857130010936
0.0,0.297506501130705
0.0,0.29465884977413664
0.0,0.2903997621809552
0.0,0.273299559799424
0.0,0.25276425895640575
0.0,0.25138661034276777
0.0,0.2422800637791178
0.0,0.28397125159700487
0.0,0.3378026757977386
0.0,0.41511739232474676
0.740999977067113,1.3420464520666906
10.137000367641448,7.298640772216734
23.875998984575272,19.690808031223316
37.063997983932495,33.56601446415648
45.94999958515167,45.02596054642932
48.66400031089783,50.58339156032595
47.76099849224091,51.306409344163555
42.20399912834168,47.47269711634424
34.16700031518936,39.61415957300207
19.9809989964962,24.50910086042647
5.352000229358673,11.927727712803595
0.0,4.814090460260075
0.0,1.7679050819424549
0.0,0.46211595600514194
0.0,0.317494015242719
0.0,0.31363566503869966
0.0,0.3087121783517196
0.0,0.29209825878901635
0.0,0.24136424099256884
0.0,0.23971182998349894
0.0,0.23200709973238268
0.0,0.27178547482342647
0.0,0.3240816913846238
0.0,0.4003570356278523
0.6199999906867742,1.3702240546838573
9.17500014066696,7.988358436358084
23.051001014709477,21.45910072293684
37.34400010824204,36.01406857087691
46.951000709533695,47.50672128290539
49.6659996676445,52.7700771011863
48.19799833059311,52.87955141768568
43.52599973917008,48.862773137760804
33.41799945950508,40.81212604618031
18.79299978375435,24.96449229484818
4.674000191092492,11.653369378111764
0.0,4.532263552823491
0.0,1.6906321235669055
0.0,0.44818734702255597
0.0,0.30476597147777656
0.0,0.30133307000114434
0.0,0.2951639111703219
0.0,0.27919580843946984
0.0,0.2522382058415274
0.0,0.2514157083206694
0.0,0.24437453256604252
0.0,0.2907948211300033
0.0,0.3526975144981853
0.0,0.44172117996918303
0.6179999956861139,1.475259181910838
9.15300000309944,8.292555830079126
22.14000101327896,21.921833341641484
35.35499952793121,36.68654903154768
44.03700022697449,48.11605328335943
47.08600033998489,53.34188031537164
46.17799914360047,53.7029078818685
41.68799926280976,49.13234760700697
33.07199897646904,40.20106949436987
18.75100008130073,24.194609127890686
4.693999755978584,11.363455900207047
0.0,4.55935259087353
0.0,1.7230010249431107
0.0,0.4488768962433844
0.0,0.30858320660608884
0.0,0.30930772620411007
0.0,0.3085048535994787
0.0,0.2949953493962515
0.0,0.27366458884737416
0.0,0.26642702577273575
0.0,0.24732545708608916
0.0,0.2825240815557575
0.0,0.31981562257833607
0.0,0.36105380634339534
0.1400000030733645,0.870615836719829
2.9240000082552435,3.2551055422230406
7.835000024139881,9.230255844358934
16.317999712228776,16.380254213728488
24.480999686717983,24.010838186112274
36.23300034999848,30.31773885243543
41.47300137281418,35.758744060656205
38.657998428344726,38.761949484712666
30.770999432802203,36.449564965799645
18.31400024294853,24.43079751647319
4.383000051975251,12.6925932861662
0.0,5.320142818059278
0.0,1.89753501677308
0.0,0.49888560175542707
0.0,0.3444573380122175
0.0,0.3260753635393106
0.0,0.3101268870920307
0.0,0.2878669173901191
0.0,0.22744303591758108
0.0,0.22791589499241313
0.0,0.21800790327115915
0.0,0.2569614915944424
0.0,0.3046023809202299
0.0,0.3723533366726819
0.1329999965010211,1.2078584298115052
2.7450001026690005,6.187533776922924
19.38300029873848,17.383160298051553
35.40899855852127,30.842550811047875
44.93499855995179,43.1366234114761
48.1590015411377,49.914198405615664
46.93000085830688,51.6363937417086
43.68699859857559,48.57312791041353
32.00700006604195,40.747153568878474
17.941000244617463,24.40174923020347
3.993000064045191,10.969009474855476
0.0,4.397116197064329
0.0,1.6619140227806657
0.0,0.41841480825957056
0.0,0.28385001772860236
0.0,0.2828239167416156
0.0,0.2818765000166376
0.0,0.2662097718417299
0.0,0.24103077463191303
0.0,0.2375631015739087
0.0,0.22484947474188655
0.0,0.2645932810194152
0.0,0.3107556710736997
0.0,0.3705345199146368
0.0570000019390136,1.111287569783687
5.796000018119813,5.617961252338828
15.574000288248062,15.729981500591196
29.8360007750988,27.802531266288188
45.51299974679947,38.94793079876901
51.24500197887421,45.850056585493945
48.83800083875656,48.318950888702425
44.74199875354767,46.34140313184238
35.67300020933151,39.83956621629913
19.27399989724159,24.779613114886303
4.936000242233276,11.725367178769494
0.0,4.590320431325625
0.0,1.679870777933398
0.0,0.4454500159123146
0.0,0.3072984241173576
0.0,0.29891501698745654
0.0,0.2918764793768257
0.0,0.27198994674061255
0.0,0.24464552502687884
0.0,0.24241233736338108
0.0,0.2338406916734817
0.0,0.27917798969524893
0.0,0.3368321776431386
0.0,0.4162289356155462
0.1419999980740249,1.3655870129748193
7.452000243365765,7.68443825683382
23.25499986290932,20.705573584640685
34.84000200271606,34.92720440735322
44.24699873924256,46.210367631255394
45.91900097846985,51.99346237450608
48.40899918317795,53.105076523770045
43.60799857139588,49.795603789508284
34.33499912500382,42.36200815938704
19.22000086665153,26.52631894231557
4.412000139951706,12.413098661275363
0.0,4.765664007411404
0.0,1.7739271475614584
0.0,0.4474680684218404
0.0,0.30532558581766495
0.0,0.30289940452619385
0.0,0.2986508764769455
0.0,0.28288303493946265
0.0,0.2940927208643769
0.0,0.2800565756074717
0.0,0.25550601755093
0.0,0.2935373334500628
0.0,0.3309404630622612
0.0,0.36512306710036935
0.0,0.7863014121851212
1.517999992519617,3.0189975887084395
5.728999832570553,8.52381751806729
6.81700019389391,14.404959528267899
9.650999849438668,19.828865014848642
22.511000438928605,24.52171576564203
20.79499997854233,29.07179634089089
40.37200037002564,33.75752901819461
32.04099953174591,33.55360288985298
18.02800050854683,22.938185000382408
2.8470000402629374,11.937099035894054
0.0,4.748284746719506
0.0,1.6906092629088378
0.0,0.5158874052841967
0.0,0.36282712563020375
0.0,0.33472046514436876
0.0,0.31030194892268187
0.0,0.28725705322295975
0.0,0.25134455872328526
0.0,0.24993965673203045
0.0,0.24032777242078637
0.0,0.28330306656677046
0.0,0.3377638547781327
0.0,0.4148829307585554
0.0389999987930059,1.2937065735855349
5.014999755918979,7.0757974390333
22.13599986791611,19.294647351696316
36.20900169372559,32.949221216527036
45.889998836517336,43.98423802226933
46.27999959468842,49.25863654383221
36.65800086021424,49.67994925969434
36.737000887393954,45.22646993071958
33.088999736309056,36.660863095866475
18.572000175714493,21.606249390401683
4.198999998420477,10.158026311548404
0.0,4.048770127789745
0.0,1.5022326992252786
0.0,0.43139579220379487
0.0,0.30504310147837443
0.0,0.3042893314208426
0.0,0.30437884031058987
0.0,0.28980532179451807
0.0,0.2412971718795667
0.0,0.24489061884971042
0.0,0.2402351831245207
0.0,0.2886437428037266
0.0,0.3569635366699684
0.0,0.468473585776023
0.2729999915510416,1.3852913855146445
8.616000286340714,7.946822025783211
22.22400041818619,21.261712683063447
36.19699825763703,35.69777409783208
45.86199903488159,45.78221295575188
45.59299800634384,48.73764737231987
43.06599947690964,46.148118170983246
35.82600088596344,36.41663497402611
31.5459995174408,23.89851748275931
13.588999826312063,11.559772191769005
4.736999744772911,5.163832046298324
0.0,2.1611295663499694
0.0,0.8494582574287883
0.0,0.35526192372753257
0.0,0.2741634582440118
0.0,0.2824336392988676
0.0,0.29896422125534955
0.0,0.2935054579206173
0.0,0.2949417010427307
0.0,0.28739025986490696
0.0,0.27038447064863985
0.0,0.3092109204798712
0.0,0.35584860634657517
0.0,0.4127325289602957
0.0320000002440065,0.8642704142066326
2.761000062674284,3.3543250048526607
12.521000056862832,9.447752231110998
20.376999418735505,15.979193534627452
23.72200007557869,21.360835703579937
26.420000327825548,24.18798832113948
15.840999717116356,26.221195118736222
17.371999580860138,28.070459709508157
25.712000942230222,26.364109390897784
11.191000236272812,17.226254098124247
1.2999999597668648,9.088284521821834
0.0,3.7026309048143524
0.0,1.3121816309176417
0.0,0.45972939855508543
0.0,0.3461084593903296
0.0,0.3322839380507899
0.0,0.3232005316910945
0.0,0.3079446637140526
0.0,0.27394934442618984
0.0,0.2739616526618493
0.0,0.2642205112330815
0.0,0.31043442945022576
0.0,0.3723491896473715
0.0,0.4635171073654354
0.1830000079143792,1.0988800264996919
8.853999627232552,5.083135458416025
21.523000982999804,14.020034427670469
26.257000895738603,24.092371798019066
32.35599935412407,31.713722521560577
39.42300181150436,34.08249447317929
39.63500089645386,33.36109770348173
27.060999014377597,28.45553278527858
19.04500005245209,21.072687867816466
5.807000086903572,11.590557343989738
0.9749999698251486,5.767848908005216
0.0,2.454689228782796
0.0,0.9192981945639958
0.0,0.3911729176144404
0.0,0.3115559329840217
0.0,0.3126595566573844
0.0,0.3227307905316005
0.0,0.31350141144603627
0.0,0.2529707347570313
0.0,0.25082859905066063
0.0,0.24279128721307933
0.0,0.28782332940579014
0.0,0.34713467582917856
0.0,0.4319636907353078
0.3509999891370535,1.3563736387853291
8.605999990403653,7.414171058566972
22.414999651908875,19.99160944788481
34.86600123167038,33.654099108264816
42.930999846458434,44.3582313432589
44.66799810409546,49.61157685402811
44.96699950695038,50.537538977390454
38.42700006484986,46.79431098335961
31.8230007827282,39.14345575419912
17.321999641656877,24.10480758299088
3.6419999465346335,11.397199945267031
0.0,4.43492056005894
0.0,1.6463901834588313
0.0,0.4416600552003586
0.0,0.30752720596046673
0.0,0.3072842521168191
0.0,0.3057082618956453
0.0,0.29180050959472903
0.0,0.23791054648610094
0.0,0.23687233387476042
0.0,0.22706433050800212
0.0,0.26805916088900067
0.0,0.31888390106853437
0.0,0.39102603668824376
0.3180000074394047,1.2062318000725756
8.461000064015389,6.416111849711933
17.9070007789135,17.744095307580995
29.33099995136261,30.837159947804352
43.41199995994568,41.877122693883955
46.32899924755097,47.57279808715891
44.99200050354004,48.72166559342925
40.26399820089341,44.83572056540263
30.85899998307228,36.60316215544217
16.89499958574772,21.48077724542358
3.337999936193228,9.72282173238289
0.0,3.8112353788308413
0.0,1.4399065281079493
0.0,0.41795796004195684
0.0,0.2932601309104765
0.0,0.29195261871243194
0.0,0.2903591786010167
0.0,0.27463173377362793
0.0,0.32210906452888405
0.0,0.3179237814165465
0.0,0.3032343115690086
0.0,0.3458820246387363
0.0,0.4030408714371048
0.0,0.4802744607635477
0.0,0.8957432732659363
1.9090000100433824,3.1551779566939153
9.18499992311001,8.70055260339968
11.019000281095504,14.153594776908442
8.470000073611736,17.78265157612061
15.739000293016431,18.280880936994446
13.355999863147735,18.440201467722623
22.912000238895416,19.3424039026675
15.90499955713749,18.13521227425627
6.21499983727932,11.918383327482312
1.7419999460875988,6.682072601201121
0.0,2.89107921768039
0.0,1.0368888066020858
0.0,0.44819136954350003
0.0,0.36162841599727674
0.0,0.35245279947624936
0.0,0.3495242510883967
0.0,0.34142339224584206
0.0,0.251215129357061
0.0,0.25069372315372346
0.0,0.24212065761898138
0.0,0.28436543160687117
0.0,0.3391698743314505
0.0,0.41847111127505493
0.1949999939650297,1.336663730163375
7.826000014543533,7.255696108957689
21.17199906826019,19.644040591929933
33.413000081777575,33.50251553100656
41.90300126075745,44.66545776617782
45.82400047779083,49.89123593171935
44.587999844551085,50.595862958700465
39.61099813222885,45.80616771334798
29.2569993019104,36.66121476797456
15.420999611616136,21.442143929098652
2.9379999090731146,9.979467446155095
0.0,4.052455231853557
0.0,1.5346967239485862
0.0,0.4323166464881211
0.0,0.30242196939352967
0.0,0.3030469029078778
0.0,0.3029341185987656
0.0,0.28945933194923973
0.0,0.2395223469817076
0.0,0.23955537736098326
0.0,0.2262992274198145
0.0,0.2650341525318213
0.0,0.31029774287519274
0.0,0.37569944568057545
0.0,0.858799895873786
3.633999966531992,3.731250015553247
14.566999499797822,10.647467213079372
13.443000127077102,18.94392418381991
29.79699987769127,26.12672955824513
33.630000598430634,28.788156780742504
23.16300022125244,28.396180241397097
16.08600003540516,24.61274156023199
10.001000450849531,17.832742564389438
6.320000120401383,9.196410054550205
1.0220000128075482,4.308583646566071
0.0,1.8790071334907537
0.0,0.735715641121928
0.0,0.3405975928147383
0.0,0.27291278421996806
0.0,0.27464508627004225
0.0,0.2832321111846535
0.0,0.27098067991569846
0.0,0.3063217504027372
0.0,0.2940924629030585
0.0,0.2706511749005044
0.0,0.30744635511568497
0.0,0.35033681297282077
0.0,0.39759771853059156
0.0,0.6973564091670282
0.457000013012439,2.4022546300642014
1.8249999632686376,6.686216934999022
2.980999897867441,10.881783883869936
10.048999817371367,13.762102416881392
8.115000094473363,15.097905816988066
14.2570000821352,16.64727584388526
25.482999043464662,19.261008614632733
21.150000984668733,18.99449304535305
9.814999567866325,12.554714335468045
0.4870000022090971,6.742022046233624
0.0,2.826097965510343
0.0,1.052111877672332
0.0,0.45821617547070465
0.0,0.35835872996498763
0.0,0.3366183625306349
0.0,0.3234713371531875
0.0,0.30414556337049825
0.0,0.2227732489960476
0.0,0.2221953704022746
0.0,0.21542626547137567
0.0,0.2607307070641043
0.0,0.31828951836363745
0.0,0.4042562433541477
0.2280000077560544,1.3120557024333344
7.079000245034695,8.158606383810719
20.53000009536743,22.095317809048428
34.300999659299855,36.83791879292793
43.41199995994568,47.61686521248843
47.59900140047073,51.9777272762313
46.25499859809876,50.89245975658824
40.79099916219712,45.215855287544585
28.409000908136367,35.563959673488945
13.297999687194825,19.705492280534923
2.5069999915361403,8.232001609419404
0.0,3.030000972856116
0.0,1.1640528920148818
0.0,0.3761073840742656
0.0,0.26952945419599056
0.0,0.2729703225371852
0.0,0.2757397565180413
0.0,0.26347478061436247
0.0,0.22707802973255267
0.0,0.2309791427000504
0.0,0.22718601780536035
0.0,0.2819556744838047
0.0,0.35751268500890426
0.0,0.48111640146355916
0.024999999689171,1.3587611670691284
3.7670000512897968,8.200817489141214
18.701000142097477,21.970147647023317
33.318999867439274,36.38677886502392
42.226001319885256,45.890405393506896
46.577998657226566,47.71836594374911
40.19099989175797,43.19524737082447
39.86099988222122,32.519767348250916
24.795999509096145,20.49545880482607
8.199000012874604,9.507546435351971
1.6509999489039182,4.038410383598442
0.0,1.6212008712858403
0.0,0.6471613399782009
0.0,0.31783527002548306
0.0,0.2540831932359648
0.0,0.2636698459167627
0.0,0.28217743387446176
0.0,0.27974155100267306
0.0,0.22409865796038803
0.0,0.22319161186552278
0.0,0.21612463493992368
0.0,0.26233738931558653
0.0,0.3206069902909769
0.0,0.4053317729690001
0.1199999969033524,1.325708124300996
6.752000067532062,7.9823777584512925
20.19899979948997,21.715087944768737
34.037000062465665,36.30227769702991
43.05800129413605,47.32851318624215
47.11699894666672,52.36858900187317
45.4540013384819,52.12760893221574
39.23599961519241,47.66927829649934
30.635999802351,39.08724787292964
15.634000009894372,22.398208426085763
2.726000053882599,9.31490073443859
0.0,3.391676404761129
0.0,1.3081052973393577
0.0,0.38671040125338313
0.0,0.2714404831420371
0.0,0.2740855053866329
0.0,0.2749362166967139
0.0,0.2626105643935022
0.0,0.2264385347766829
0.0,0.2261849959943612
0.0,0.21842099709025597
0.0,0.2641329113519379
0.0,0.32029282379844826
0.0,0.4018854249790197
0.1270000034756958,1.311435853677088
6.845999768376351,8.050561513787727
19.77399928927421,21.88081769903116
33.41199979543686,36.53272406101171
42.17300052165985,47.420619297198584
46.16599981546402,51.98911005354074
44.1769992351532,51.27487187796312
36.79799986839294,45.951924384631056
28.989000613689424,36.4732892302997
14.35000001013279,20.272504747431327
2.7860000322759157,8.420559032828049
0.0,3.111295682556968
0.0,1.2039347358537318
0.0,0.3787520161169854
0.0,0.26880138934024217
0.0,0.2724123733100143
0.0,0.2743678685379291
0.0,0.2629894840647133
0.0,0.23295595319561493
0.0,0.2318458761240399
0.0,0.22460159121260337
0.0,0.2700705523859295
0.0,0.32733670813594595
0.0,0.41050564593184313
0.1140000038780272,1.32390840939972
6.634999942779541,8.02971865772169
19.900000450611117,21.79743303618548
33.612999838590625,36.17014592719959
42.23899888038636,46.7679253393175
46.45499835491181,51.242421180164115
44.95200137376786,50.5155090751758
39.575998380184174,45.40212269715142
30.11999993681908,36.3459206717818
15.28799952685833,20.403522974016358
2.641000105887652,8.57334917251891
0.0,3.167837863014044
0.0,1.2268355479221094
0.0,0.38679230016061084
0.0,0.2751889062430806
0.0,0.2786742341312802
0.0,0.27970867533729643
0.0,0.2687562111741642
0.0,0.22416456437250631
0.0,0.22379133075152982
0.0,0.21771385535837628
0.0,0.2633610649444292
0.0,0.3225005894471434
0.0,0.4127870836838399
0.0890000021830201,1.322807897655658
5.958999963700771,8.181209853100027
19.85499988913536,22.12388925556055
33.300000588893894,36.736621006742034
41.6710005569458,47.2570679755456
45.86399960756302,51.39434700615202
44.462000737190245,50.04343209268522
38.945000503063206,43.84848298091855
29.270999202728277,33.68381359943663
11.990000004172323,18.00934677763119
2.266000048369169,7.390185270245533
0.0,2.733890726571079
0.0,1.0708167389080747
0.0,0.36738560934588943
0.0,0.2671125959022425
0.0,0.2718824219063202
0.0,0.2765542243556352
0.0,0.2657669698599333
0.0,0.22202161654611652
0.0,0.22296594465083253
0.0,0.21759736832434817
0.0,0.2672463997629507
0.0,0.3334522502377233
0.0,0.43721080451492167
0.0129999995976686,1.336385056098941
6.23699997484684,8.366083999383303
19.271999324560166,22.46532576160009
32.10800023078919,37.06406038951872
36.62399934053421,47.12152773650091
36.15199975013733,50.36744599303085
41.00899996519089,47.83967832279179
26.18500081896782,40.03600855503095
23.86499994277954,28.98455891011345
9.387999511957169,14.790838483228228
0.5200000160001218,6.111470232396951
0.0,2.2935749186962298
0.0,0.8964919404503571
0.0,0.3480751655954503
0.0,0.26198679525897023
0.0,0.2691263820066692
0.0,0.27881374231811695
0.0,0.27028416337866773
0.0,0.2892009602768746
0.0,0.2920331201382336
0.0,0.28290810444650705
0.0,0.3418419465945913
0.0,0.42292918336527446
0.0,0.5451467643706227
0.0,0.9674249155454547
0.3670000133290887,3.543906391915409
4.717000179886818,9.501169502710715
12.607000034451485,15.450854382881596
10.657000351548197,18.579304980204608
10.371999876499176,17.30055602539488
7.19300002425909,14.841996881907708
10.037000489234924,12.679783773599095
7.145999917089939,9.724475664345816
2.003999997228384,5.707766662339857
0.0510000008903443,3.128239405208057
0.0,1.398593366696136
0.0,0.546952297367302
0.0,0.34646782801794324
0.0,0.31042943775309245
0.0,0.31002500020827534
0.0,0.32420726509572934
0.0,0.3244154984789463
0.0,0.3022805289786302
0.0,0.2985199285438598
0.0,0.28200028548889283
0.0,0.3281714690184797
0.0,0.3892302271312316
0.0,0.4720494871277248
0.0,0.7882201637335413
0.0190000006463378,2.615405534501797
0.662999979481101,7.046897225749172
6.5390001827478414,11.35074334923314
14.563000408411026,13.711953932286946
16.256999704241753,13.522891307781013
12.478000068068503,13.186437781693089
9.897999713420868,13.220264052028575
7.794000094532967,11.565171240305533
3.101000111401081,7.270967736913402
0.3320000045374036,4.050149592625052
0.0,1.8182308672085785
0.0,0.7112580223361653
0.0,0.3981492758195203
0.0,0.34218333112155636
0.0,0.3335972403116042
0.0,0.33726670997454083
0.0,0.3270065106518351
0.0,0.2834395155767317
0.0,0.2777380956221333
0.0,0.2640254567976112
0.0,0.30860353846504446
0.0,0.36455304573060865
0.0,0.4388445542280186
0.0,0.9691472136607907
3.3099998778104784,4.1592625418775
11.808999525904657,11.612400438458998
26.416999468803407,19.67711544181653
34.300999659299855,26.09447968650136
26.41599918246269,29.049998690854377
19.73999982357025,29.87393972882198
21.65100066304207,29.562137464665703
18.25900092601776,25.968758127742404
10.266999593377111,16.050544186623622
1.9759999388456344,8.072786766286532
0.0,3.219804894333949
0.0,1.164110593077509
0.0,0.4332021517920035
0.0,0.3334029214601844
0.0,0.3251543415701936
0.0,0.32224320364503917
0.0,0.3088086880608788
0.0,0.27496712515209215
0.0,0.27019395741236246
0.0,0.25596650577159297
0.0,0.2965461628212986
0.0,0.34665918219507164
0.0,0.4139099535438591
0.0,0.9579293158350752
2.4480000427365303,4.194935812066377
12.048000180125236,11.762368456174851
13.810000461339952,20.06273143620945
38.13800152540207,26.868374045119932
37.0029990029335,29.90198160705354
31.41400074601173,30.61449846625012
27.678999330997467,29.742799880685034
24.347000342607497,25.52300523390658
14.240999608635905,15.442952218798286
1.975000037625432,7.621523936610075
0.0,3.0886861466142785
0.0,1.1419861300830707
0.0,0.4297828499311148
0.0,0.32580288334260593
0.0,0.3180194767858426
0.0,0.3124026461856489
0.0,0.2976203897978456
0.0,0.22453982193099292
0.0,0.22440504741680928
0.0,0.217386886020399
0.0,0.258689032915388
0.0,0.3102608463033244
0.0,0.3878288181511352
0.0320000002440065,1.2908123362899566
6.0159998533129695,7.860169440216357
18.625000973939898,21.473160994620574
31.473999440670013,35.90967791619467
40.2140003156662,46.70378038068333
44.53499904632569,51.34181013673425
43.23700119972229,50.93470409749584
36.98100091934205,45.847912663280624
28.3630000603199,36.47776086951832
14.040999851822852,20.24563170527663
2.078000004813075,8.29659909350614
0.0,3.0659237213233492
0.0,1.206632790695804
0.0,0.37825638580654586
0.0,0.26581946476278645
0.0,0.26940473205822585
0.0,0.2695185533940857
0.0,0.25855524503124966
0.0,0.2978650551489131
0.0,0.29726252543167614
0.0,0.2837961713806514
0.0,0.33264649581757216
0.0,0.3982663508620103
0.0,0.4903797714967831
0.0,0.8203616912357939
1.0449999874085187,2.716568247782218
5.423999792635441,7.290371335344754
4.033999993652105,11.654563891601105
4.557999839186668,13.795269557777816
8.03499978095293,13.148795287993709
7.821999896168709,12.420186857192352
11.52500036418438,11.946312043360049
18.59600088596344,9.983638344064167
5.6980001989007,6.046268361161904
0.6430000294744969,3.31154976292374
0.0,1.4958227927801946
0.0,0.6015669332052388
0.0,0.3647771124088853
0.0,0.320184371646737
0.0,0.3151505078625744
0.0,0.320808193981963
0.0,0.3160572615414819
0.0,0.26460703969332433
0.0,0.2633954633532732
0.0,0.248198559447562
0.0,0.29033463178663277
0.0,0.34105028931848747
0.0,0.41148225936524974
0.0,0.8184817698015612
1.8920000204443927,3.2455641515880718
8.350999889671803,9.061370848856606
5.732000178098679,15.3919211298008
18.31899962067604,19.976653785238554
20.18299932599068,21.133699933502548
23.462999856472017,21.110485979772974
16.920999841690065,19.75752858044374
16.723999916911126,15.720394565007867
7.769000124931336,8.88756013016741
0.9500000002235176,4.452407463247228
0.0,1.8963511564252535
0.0,0.7271262737814722
0.0,0.3564091277434969
0.0,0.2927998949223826
0.0,0.2904852312011191
0.0,0.29588387953453166
0.0,0.28576882277558296
0.0,0.23566524377544285
0.0,0.23712295645292863
0.0,0.2293337728295924
0.0,0.27289648391085886
0.0,0.32965298948713534
0.0,0.419161388828279
0.0,1.2101338425815598
2.771000101864338,6.699083670866324
13.609999677538871,18.39107112798327
26.60700047016144,31.522328331092215
30.594000099897382,41.486079828366684
38.51500061511994,45.103313170962245
36.519998316764834,43.753246076221494
28.87099968910217,36.73135724369164
23.266000958681108,26.38467245584939
11.282999877929688,13.63708320960763
2.2130000203847886,5.996010128383751
0.0,2.3993479282544046
0.0,0.9326233730796305
0.0,0.36375884889388227
0.0,0.2755955382162757
0.0,0.2808131716757683
0.0,0.2902983244719389
0.0,0.2799561374947737
0.0,0.22380679573618106
0.0,0.22455291603614985
0.0,0.21676832300774365
0.0,0.2599644294412762
0.0,0.31220838693868297
0.0,0.3906994261574569
0.0,1.2249424158662636
3.9899999752640727,6.98811915958875
15.97099996984005,19.39347838132654
29.390000413656235,33.11423056750912
38.17300127744675,43.804172731402424
42.24599883079529,48.753168674562275
37.5730020070076,48.97722036352642
35.231000993251804,44.26592783888386
27.267000489234924,35.18645079708968
10.251000146865843,19.37123347773908
1.1739999537914991,7.940852320118734
0.0,2.969766969144429
0.0,1.1641226438573278
0.0,0.36492652089845895
0.0,0.25942516880393646
0.0,0.264052096860473
0.0,0.26700551819427265
0.0,0.25707574338237277
0.0,0.23549172236916927
0.0,0.23466237474119783
0.0,0.22673780586738507
0.0,0.2710790062839315
0.0,0.3267890947674453
0.0,0.4089328704087051
0.0129999995976686,1.2307065150794718
5.183000106215477,6.872218698267188
17.422999806404114,18.893605865760797
29.385999268293386,32.01900521353243
37.91300077199936,42.2324581552395
41.9360004401207,46.910361977253324
40.57200012683869,47.085088216025575
34.84100023508072,42.67418856593019
26.594999088048937,34.33659349924542
13.204999759197236,19.571770929758788
1.7989999640733003,8.485255702510164
0.0,3.2011829973824133
0.0,1.2243508075774703
0.0,0.38584557735256353
0.0,0.2772163944393749
0.0,0.28009044499839586
0.0,0.2817780363983546
0.0,0.27053184286115867
0.0,0.25394005230507327
0.0,0.255294367752495
0.0,0.2421784746537284
0.0,0.28345235197381907
0.0,0.33289162457650856
0.0,0.40512278786317135
0.0,0.8252130964363235
1.7129999864846468,3.338121028388038
7.966999822556973,9.41738092968252
15.933999645113946,16.127735046290816
17.003999987244608,21.16600017277236
17.593999475240707,21.945203196544785
15.388000432252884,20.801720962258447
15.12099997639656,18.4999500673304
2.9369998794794085,13.928364958369084
0.3170000099390745,7.39222689425126
0.0,3.5760539060152183
0.0,1.5612539514685557
0.0,0.6162187462630576
0.0,0.33142457755274757
0.0,0.27563084831992307
0.0,0.27634919622462834
0.0,0.28381613872515415
0.0,0.27645434819450615
0.0,0.2968815797950384
0.0,0.2961583376156047
0.0,0.2813094692549601
0.0,0.32584317154360765
0.0,0.3869425512883822
0.0,0.473374873656819
0.0,0.7687075236893334
0.0,2.412033645175011
0.2810000036470592,6.456996426826601
1.6259999793022872,10.26383317467803
9.288999919891358,12.165664817336264
7.6330002081394195,11.303326164671972
1.2139999821782113,10.329483647179137
1.0330000174045564,9.959241186279899
0.6470000194758176,8.346911073373818
4.01000005364418,5.092394303316027
2.407000113129616,2.8772048657031313
0.0,1.3767820458236504
0.0,0.5674423207081517
0.0,0.36771481051046523
0.0,0.326176418105211
0.0,0.320191215115198
0.0,0.32543773038149826
0.0,0.31856558585641626
0.0,0.2508456852433893
0.0,0.24492006459900695
0.0,0.23118809291742942
0.0,0.27355921080461837
0.0,0.32127073154780456
0.0,0.38071991049708653
0.0,0.9124324102088363
2.062000044807792,4.421805590288833
10.41700043797493,12.624605368378429
9.419000172615052,21.465124882006336
20.62699911475181,28.536241009669176
14.340000227689744,32.2226654001582
19.309999935626983,33.215988191719454
34.319000705480576,33.0159572012203
27.579999738931654,29.021755168674353
13.422000275850296,17.356752336819962
1.8389999924600124,7.801907891238319
0.0,2.8808709338918264
0.0,1.0734924529007668
0.0,0.3901203983809831
0.0,0.29164762294165714
0.0,0.28519118124262915
0.0,0.27837108038927877
0.0,0.2647793014314543
0.0,0.21763337241392455
0.0,0.21784528854957136
0.0,0.20526367541584922
0.0,0.24642375923384413
0.0,0.28957506179569076
0.0,0.35113392744753347
0.0,0.9225092401987347
1.3469999385625124,4.855599574271337
6.78399998754263,13.961419977780862
18.31899962067604,24.860610134388853
23.05199924707413,34.248286442333374
30.039999623298645,38.454391324829665
30.78499933362007,38.05748912246543
24.480999686717983,33.08296078751482
15.10700007557869,24.20134645115244
8.515999894440174,12.084264439910136
1.2869999601691962,4.965724202031413
0.0,1.9311273532765165
0.0,0.7622532558926326
0.0,0.3200583004470669
0.0,0.24531974059702194
0.0,0.2483460139102293
0.0,0.25468681248108266
0.0,0.24316567351152216
0.0,0.20875726257790042
0.0,0.20930980377297864
0.0,0.19683389760288839
0.0,0.23528898756439154
0.0,0.2741992331922127
0.0,0.32902295730586134
0.0,0.8812120025385183
1.5070000521093607,4.474660710696997
6.838000045120716,13.117644797974679
9.954999603033066,23.668400412293597
22.152000341415405,33.17033152417683
31.60000060200691,38.070220555623585
36.53900170326233,38.86130848190866
27.70899970531464,35.06823314200734
13.396000019907952,26.562950187260576
9.85499972462654,13.294972486712885
0.8259999892488122,5.2152916584937135
0.0,1.9959500321645012
0.0,0.7958526171322551
0.0,0.3127886224784296
0.0,0.2347159881732646
0.0,0.23832622559469274
0.0,0.24356521062951586
0.0,0.23218554617639073
0.0,0.24293408073760558
0.0,0.24749909173670281
0.0,0.24110541800166232
0.0,0.29245991665831494
0.0,0.3642529320852322
0.0,0.4866161340713793
0.0,1.0690173368492637
1.2070000317692755,4.915951409426408
5.863000203669071,13.564426838039548
16.413000212907793,22.9514320355761
22.31700034618378,29.141910433416406
14.340999487042428,28.53923100402124
10.711000409126282,24.0004748136936
9.864000247716904,17.814332562341324
2.423000073134899,11.561230465345995
1.5500000409036876,5.832942697673922
0.1219999999273568,2.845523544301562
0.0,1.2423346545981229
0.0,0.4976600451526162
0.0,0.3101643321697192
0.0,0.26930769278127675
0.0,0.2764259581995409
0.0,0.29638347710478946
0.0,0.2952588770232852
0.0,0.2847774396944747
0.0,0.2810073151966001
0.0,0.26463425513308503
0.0,0.30821556955435164
0.0,0.3616067399193558
0.0,0.4318901954077443
0.0,0.7636423138962528
0.0129999995976686,2.7214913272944585
1.040999997407198,7.508282154377191
4.160999900847673,12.149347677940106
6.851000173091888,14.922714731581177
8.975000383853912,15.109083222972778
13.953000328540805,14.98844469732493
13.251999866366386,15.600866719955693
14.979999654889108,13.986713992078307
5.477999850213528,8.545801061127827
0.1259999979520216,4.37292906877781
0.0,1.8490789891413995
0.0,0.721754041157841
0.0,0.37791207403613825
0.0,0.31506051041649236
0.0,0.3080830808964457
0.0,0.3072757933727036
0.0,0.29732904015113143
0.0,0.27307091849896586
0.0,0.2708196292271728
0.0,0.2547254716300797
0.0,0.2973133863211355
0.0,0.3483985074971698
0.0,0.4181376959074444
0.0,0.8307361835023281
0.5319999860040844,3.377001995153297
5.9950000020861625,9.413732197460153
14.033999901413916,15.823781878145832
12.10099995136261,20.312920710354334
10.976000292301178,21.227682503892353
19.57100072741509,20.944830150121934
13.007999834418298,19.425072427523293
8.587999971210957,15.415682497936636
3.648000124096871,8.70486623519453
0.1730000008177012,4.358503242207895
0.0,1.85613766205547
0.0,0.7186868529965733
0.0,0.36451157521848576
0.0,0.30184741696433565
0.0,0.29897721382215015
0.0,0.30352625466178085
0.0,0.29299924045773995
0.0,0.2234364937170812
0.0,0.22563992041371922
0.0,0.21796216369497257
0.0,0.2618031497413528
0.0,0.31462421305207505
0.0,0.395134277655436
0.0,1.1926959874649041
4.100999922454357,7.012603269540214
16.047000164985658,19.42358675403218
27.531000086069103,33.19410370732562
36.00399845123291,43.542628368922344
39.67000064849854,47.34544146224865
33.71000091195106,46.073946565462634
25.55200031518936,38.72749651070061
19.930000824928285,27.375952062417625
8.33499992966652,13.410177919632739
1.0879999762028456,5.403504513811883
0.0,2.1043598487479156
0.0,0.8493960881344058
0.0,0.33593202216444706
0.0,0.25044835402254856
0.0,0.25709326475993877
0.0,0.26489664106726873
0.0,0.2576508394772396
0.0,0.2110107884280097
0.0,0.21487415358413237
0.0,0.20820339417164482
0.0,0.2535153456087096
0.0,0.30832335875335287
0.0,0.39589879602661737
0.0,1.1318158542661958
4.106000070422888,6.688711337386883
15.754999739527705,18.759400131765247
27.934000458717342,32.362288328912676
34.913000311851505,42.3166968111539
27.505000857114798,45.10527564322066
32.05900057792664,42.1988721691756
22.66300082921982,32.96370535625732
6.3389999124407765,21.018177737200517
0.8660000176355243,9.393394029115978
0.0629999989760108,3.713477034154656
0.0,1.4749865377079325
0.0,0.6091823527574696
0.0,0.2958197324523456
0.0,0.231113971399726
0.0,0.2399381863479067
0.0,0.25456664171960747
0.0,0.2502565235727509
0.0,0.22116283194732772
0.0,0.22038139258782097
0.0,0.2115104265813097
0.0,0.25461758583994015
0.0,0.30561430597770667
0.0,0.3787877096873979
0.0,1.1509852741810593
4.282999916821718,6.675091844835721
15.481000360250473,18.61449669483558
27.698000663518908,31.822899218427445
36.35300184726715,42.26357991665509
41.03699976682663,47.0490270973396
39.77099875926972,47.065041162261224
34.87399941444397,42.516504623499486
26.41500095009804,33.79575461004746
12.934000211954118,18.642460613750206
1.6519999784976245,7.620000725189858
0.0,2.799095364026517
0.0,1.0869511300340584
0.0,0.3603159968710355
0.0,0.25989402621627716
0.0,0.2628567661688001
0.0,0.26488600481816943
0.0,0.2530815685450842
0.0,0.25696454824439435
0.0,0.2629990342765966
0.0,0.26044777178944406
0.0,0.3184035895160755
0.0,0.40750681087559365
0.0,0.5669108969764722
0.0,1.2194974223931012
1.3789999869465828,5.456901067156881
9.017000086307526,14.641600537894696
26.932999334335328,24.26198266835511
34.66800204753876,29.913864343122142
22.55799951910973,27.933041114681945
1.6679999385029078,22.01099864214344
1.8630000608414408,15.21645832583589
0.6290000002831221,9.402719602936708
0.4109999996237456,4.816090846062824
2.5989998899400235,2.4872942823757747
0.0,1.119969396643561
0.0,0.4480405864856748
0.0,0.31432687465831627
0.0,0.28305920962913045
0.0,0.2909666898855812
0.0,0.31638121502848954
0.0,0.3205439685127471
0.0,0.21538111130733906
0.0,0.21412936904532304
0.0,0.2046384228497476
0.0,0.2482030359178085
0.0,0.29929869923773766
0.0,0.37038294068760513
0.0,1.084405765723353
2.492000061124563,6.203020873653653
9.588000295758247,17.49119863663954
21.41599910020828,30.164008204600936
35.87700111150742,40.475228877070016
39.46800031900406,45.29304714673203
39.16100073337555,45.222397836470456
26.55800081729889,41.02229217113664
23.853000614643097,32.61491892329805
9.846000228524208,17.86103724699119
1.2689999409765005,7.240209959216423
0.0,2.639047233268069
0.0,1.0178350772915432
0.0,0.34936129299432267
0.0,0.25426355952380275
0.0,0.25617022347742074
0.0,0.2581672549150211
0.0,0.24606694928054812
0.0,0.2124703740920002
0.0,0.2121926635490023
0.0,0.20435512038790551
0.0,0.2486261983268126
0.0,0.30106720924861524
0.0,0.37761302837377897
0.0,1.1535270140211566
3.6949999745190154,6.835423339321831
15.148999778032303,19.114312915471775
28.1710005402565,32.5922250441676
37.89799853086472,43.219153387696686
42.393001897335054,48.057085140575154
40.67100177288056,47.513873860238185
35.405001521110535,42.75230638749796
27.685999281406403,33.744373217955406
13.110999544858933,17.99386957647705
1.7599999652802945,7.015686815627421
0.0,2.526607161252313
0.0,0.9960425469116493
0.0,0.34504239470283365
0.0,0.25000129739018856
0.0,0.25375187318881637
0.0,0.2565393169621471
0.0,0.24559766888261292
0.0,0.2102462534305717
0.0,0.2126030594610968
0.0,0.20228410115300288
0.0,0.24887574450588473
0.0,0.2994023352178691
0.0,0.37497166931496995
0.0,1.0131917668626187
0.7129999828711152,6.039641267441845
9.907999495863915,17.08192430361326
24.617999889850616,29.793595975358123
27.84700019478798,39.607757971247686
39.77099875926972,42.59200435405544
35.04399879693985,39.66986879289426
19.120999220609665,31.04029927599418
3.7510000912845136,19.90469174051257
2.131000032797456,9.009350520421966
0.1009999962570145,3.6290377901319344
0.0,1.4271517150262343
0.0,0.5760297200662426
0.0,0.2904077306489971
0.0,0.23159532346775605
0.0,0.23936028378426333
0.0,0.25411432604233813
0.0,0.24667453080322252
0.0,0.21999003887516055
0.0,0.21929492366231093
0.0,0.21035198336815436
0.0,0.25568260083442584
0.0,0.3069497381230463
0.0,0.37887478415939546
0.0,1.1656722964953168
3.2269999890029437,7.139929688208741
14.129000402092936,19.842724671605758
23.977999435663225,33.479007014229786
32.89000026583672,43.8489650028418
30.96900067090988,48.33057978402785
33.57699980020523,47.62085917083673
24.263999170064928,42.50893993581588
16.643999603390693,33.14665166756609
12.021999924182891,17.614784441864405
1.549000011309981,6.903249486409633
0.0,2.4829434528122247
0.0,0.981596976458966
0.0,0.3458642328349039
0.0,0.2515588498036124
0.0,0.2558739503806206
0.0,0.25846310536401074
0.0,0.248492710763925
0.0,0.21120306087221596
0.0,0.2138865102171296
0.0,0.20836109629424215
0.0,0.25730242272498216
0.0,0.3175199223767809
0.0,0.41335318665087833
0.0,1.1803960677610192
4.063000081628561,7.253218072448349
15.614000445008278,20.0846643041052
25.281999000310897,33.8309338265746
26.422000900506973,43.427873760789126
34.28900033116341,46.10333115814836
31.05300007581711,42.802164957890824
21.42700019598007,34.01835953409074
13.362999813556671,22.552896343004498
5.474000245332718,10.300419254592866
0.3859999979287386,3.975277069241387
0.0,1.5076554147466192
0.0,0.6185855123372925
0.0,0.29773828223544907
0.0,0.23368652007488339
0.0,0.24245272350698877
0.0,0.2557991223994966
0.0,0.25124396858297915
0.0,0.21349996358618803
0.0,0.21275750822511452
0.0,0.2044689269816125
0.0,0.25095043586124094
0.0,0.3039193169198074
0.0,0.3791882136795204
0.0,1.154052030629589
3.821999881714583,7.143276684155794
15.369000126719476,19.873575413250844
27.820000679492956,33.48080330559022
36.93500007152557,43.74909922107975
42.05900074243546,48.26517335154291
41.19999919891357,47.57220158943206
35.863001210689546,42.75609720487345
27.578999452590946,33.814887266237946
13.414000039100648,18.21125150013422
1.7999999936670066,7.075858179884429
0.0,2.4826898794046883
0.0,0.9729684731309034
0.0,0.33908643692810875
0.0,0.24683064007136696
0.0,0.2510612363316039
0.0,0.25394247703295403
0.0,0.24367664839083586
0.0,0.22252327158235358
0.0,0.22194349637644392
0.0,0.2091725157622527
0.0,0.2511415604807515
0.0,0.2953682156584239
0.0,0.35683108420662296
0.0,0.8821202801117032
1.302000018954277,4.406152467145426
5.405999773442745,12.730226134531229
19.793000621795656,22.35617990756206
19.185999346971517,30.408337271067193
34.449999190568924,34.18163192160706
25.832000385522843,34.38142162475294
31.13799976706505,31.148485994743453
15.39800021469593,23.900081345349793
6.6500001299381255,12.197524239899419
0.5039999918080866,4.965631552326502
0.0,1.8873740369928642
0.0,0.7441285859204877
0.0,0.31800161201766197
0.0,0.2463374829048594
0.0,0.24906953792034522
0.0,0.2546759268877931
0.0,0.24415540100822233
0.0,0.24400047241443745
0.0,0.24184734596574398
0.0,0.22749556529145695
0.0,0.2699021993713178
0.0,0.31664976617422275
0.0,0.38193482714053584
0.0,0.8371046386723016
1.4580000141263008,3.9202026991983323
11.675000181794166,11.13742987262872
12.6080003207922,19.081940477995396
13.658000071048736,25.039932613840257
23.28399995088577,26.921482812515006
21.250999095439912,26.231297852446414
19.868999789953232,23.72683720466971
10.062000458836556,18.288682459811096
5.977999755740166,9.74517792256325
0.6409999702870846,4.368280302634702
0.0,1.7315477559432022
0.0,0.6777223022770319
0.0,0.3327173518071666
0.0,0.2700020802990569
0.0,0.2704587220865485
0.0,0.2761115414883546
0.0,0.2648484084695949
0.0,0.23991250133184566
0.0,0.23827592371515502
0.0,0.22458081748073627
0.0,0.26650433955921027
0.0,0.31494538556355933
0.0,0.38477825221882084
0.0,0.8509011920382201
2.459999884366989,4.029265550584916
9.470999657511712,11.356419560016755
11.012999590039254,19.554205464444475
26.657000409364706,25.78229447459836
36.52199888944626,27.700768586461592
28.10000074982643,26.698538758541012
17.326999019384385,23.318530002877953
7.744000155329704,17.272116906566225
11.404999893903732,9.07281779593938
1.8379999628663064,4.153773983994764
0.0,1.6838948092805248
0.0,0.6637458045650201
0.0,0.3356110509310883
0.0,0.2733044321779817
0.0,0.2728184648581888
0.0,0.2789960765932194
0.0,0.26632671624182896
0.0,0.2208216966199983
0.0,0.22278489435402618
0.0,0.2139952193185702
0.0,0.25810017804004676
0.0,0.3098210791298519
0.0,0.38899039861149365
0.0,1.076994493929043
3.5479999889433387,6.266355627136235
14.997999674081802,17.54100590099505
27.56800041079521,30.109476760670375
30.483999412059784,39.424505711756744
36.6639984703064,42.39842467725939
31.10799939274788,40.418746084505806
18.640999393463137,32.9251912348118
15.635000296235084,22.503441990848792
8.128000222444534,10.820411170507212
2.2899999883770943,4.441358035656532
0.0,1.7239347478386
0.0,0.6879698839341039
0.0,0.31593620102738623
0.0,0.2461008469511921
0.0,0.25291015270650713
0.0,0.2637938750857583
0.0,0.25603333288228153
0.0,0.2678577903021303
0.0,0.27090861957493745
0.0,0.2641300192997848
0.0,0.31321172914488254
0.0,0.3834278276058484
0.0,0.497706133880409
0.0,1.0648222353843966
3.830000118464232,4.867605706632439
10.44200040757656,13.301553506779667
15.18099969804287,22.15931437330025
25.93099997758865,27.56851563934172
26.14299906253815,26.647756848331237
12.177000146508217,22.732011877143886
0.6450000244751573,17.006045859634533
4.073000120818615,11.165524890530639
3.613999888151884,5.7795007000783265
1.3389999585598709,2.941640006247149
0.0,1.3060632167949886
0.0,0.5264130253721312
0.0,0.3380002126258444
0.0,0.2964123708114954
0.0,0.3012148558922771
0.0,0.3184821259122664
0.0,0.31541446444230026
0.0,0.21689706684153992
0.0,0.21643155080927998
0.0,0.20372234456246885
0.0,0.2425690654415243
0.0,0.2842869195076554
0.0,0.34416146415927856
0.0,0.8501710898372079
0.0389999987930059,4.298323974526707
4.446999891996383,12.404473412760272
14.764999710917474,21.933923873547965
31.238999931812288,29.922240599371467
41.07899946928024,33.23155854962883
35.28900116920471,32.74086468548256
31.473999440670013,28.415447455288305
25.769000831842423,20.45301231709689
10.303999918103218,10.032033054370745
2.4140000635385515,4.158980881086294
0.0,1.6393848557473119
0.0,0.6568727190857891
0.0,0.30854635857009727
0.0,0.243528838192342
0.0,0.24693903382187066
0.0,0.25472322320817115
0.0,0.2431133405505294
0.0,0.22436159887524035
0.0,0.21833894538716148
0.0,0.2012551869959835
0.0,0.23867464033943503
0.0,0.27273328758846543
0.0,0.31197887926040907
0.0,0.8041359037370439
4.588000213503838,3.9854855717696926
10.08499985575676,11.621998351712403
15.536999963521955,20.3805479816465
21.19599977850914,28.53864722348649
25.404999302625654,34.29730043900496
37.39399799346924,37.20131591932052
34.92299906730652,37.92524566693803
25.168999507427216,33.32550706894535
13.540000173449515,19.31534905399032
1.6660000076889991,7.794812836064576
0.0,2.760557253340404
0.0,1.0579693417253606
0.0,0.36219909801518385
0.0,0.2616328222713307
0.0,0.2548413267329971
0.0,0.24709709318136808
0.0,0.2296090600956735
0.0,0.2885765466621482
0.0,0.28506527730549663
0.0,0.2712606908667025
0.0,0.3162241377369473
0.0,0.37579397981606877
0.0,0.459816314580217
0.0,0.8628073414848029
0.7050000028684735,3.2532391184068405
8.002000088095665,8.868106666091496
10.776999794840814,14.492320263878687
15.413000401854516,18.196512850947443
20.533999186754222,18.787107579628948
19.656000418663027,18.40031680930445
8.810999638438226,17.98362160288163
5.185000165402889,15.347180263525948
4.105000040829181,9.218175454019766
0.7129999828711152,4.77310177403688
0.0,2.030164017889277
0.0,0.7903711447829829
0.0,0.4038114900729832
0.0,0.3346511643370792
0.0,0.3263970445068371
0.0,0.32672247025825
0.0,0.3152954379210581
0.0,0.29744972410537535
0.0,0.2954554117929754
0.0,0.2788368398986559
0.0,0.3274534931042868
0.0,0.38866188111617406
0.0,0.47136279874483755
0.0,0.782919458483845
0.4330000088177621,2.688330842566207
2.7719998747110366,7.183286002988305
3.71299999371171,11.458925123059803
3.8949999880790713,13.620528127621256
5.405000000596047,13.271523380723842
5.102000019848347,12.975129289396445
4.239999928027392,12.64244328645548
2.537000109106302,10.520026132738655
1.490000062510371,6.341956060636102
0.1990000000130385,3.422070970817098
0.0,1.5215276682352274
0.0,0.6103611638145867
0.0,0.3650340331622493
0.0,0.319234936323184
0.0,0.31407107356627634
0.0,0.32097356448943937
0.0,0.3136950420740429
0.0,0.27260896043309196
0.0,0.27474602149531274
0.0,0.263459009334092
0.0,0.3132147496803269
0.0,0.3778926642914453
0.0,0.4766359612297443
0.0,0.885910099247804
0.4509999959170818,3.451303512946648
3.0849998946487904,9.395351270513874
18.39799964785576,15.455187582433231
23.55800035715103,19.022257298675182
25.89399965286255,18.328953940726866
12.58900001525879,16.47562416851123
3.986999886482954,14.209561466430626
2.350999996364117,10.599593999948793
0.28499999364838,5.927149231522779
0.0320000002440065,3.0733338093681715
0.0,1.3516378553272441
0.0,0.5359986845488433
0.0,0.33191457924662404
0.0,0.2927156590863273
0.0,0.29416311240436893
0.0,0.3082017615309472
0.0,0.3049728149999878
0.0,0.27028852241889806
0.0,0.2674647146986848
0.0,0.24980147177469153
0.0,0.28962814147239585
0.0,0.3353519863737672
0.0,0.3964975346067824
0.0,0.7502758427681686
0.1410000005736947,2.97023877771754
2.929999929070473,8.234680365541863
6.50300014436245,13.718260539986588
15.363999722003935,17.37250188025091
14.642999694943429,18.018136071349417
17.700999304056168,18.047795981828965
9.362999542355537,17.034824198521143
8.702000263929367,13.439112351397078
4.625999797582627,7.508869121689788
0.3300000095367432,3.762071993503487
0.0,1.6205814791341662
0.0,0.639282408143958
0.0,0.3499117351789098
0.0,0.2937076010745285
0.0,0.290906882233696
0.0,0.2961441853367501
0.0,0.28469102596382495
0.0,0.3006458641314234
0.0,0.2993512396839896
0.0,0.28440669398749685
0.0,0.32963158113563096
0.0,0.39049909431550683
0.0,0.4765305901753774
0.0,0.7873883127289633
0.0,2.6960372221760367
0.1020000017806887,7.200416041327089
1.1909999433904888,11.309890143294231
7.568999854624272,13.107314716465572
8.366000076830387,12.21997396142743
4.105000040829181,11.367877233410493
2.1999998924136164,10.865003954807799
1.4030000553280115,8.984677618882275
1.0079999836161733,5.4814391141094925
0.3150000149384141,3.0690141451483117
0.0,1.4070508704080487
0.0,0.5755158529290946
0.0,0.370931173295067
0.0,0.3284416068193614
0.0,0.32219387756570184
0.0,0.3267430796263757
0.0,0.3200494536367948
