y_true_kw,y_pred_kw
0.0,0.34052322619121994
0.0,0.33343655446843007
0.0,0.33719906067443334
0.0,0.33390689249263705
0.0,0.3419121260075643
0.0,0.3518701552625544
0.0,1.023590804283893
3.681000073701144,8.250299813966464
16.693000283241272,21.245789963091738
30.51199921369553,33.46762444019369
39.95899918794632,41.52043826217569
42.5400008559227,44.158307207649784
25.41500011205673,34.66100803488776
25.4489995777607,25.508477616349772
23.15899907588959,18.82150585194531
10.220999772548677,11.806095264642568
2.3890000939369203,4.613243266602057
0.0,1.8922648951055292
0.0,0.7797681601126615
0.0,0.48051354685695946
0.0,0.33197826078236886
0.0,0.33083876461156214
0.0,0.3322584005186254
0.0,0.33345481996348836
0.0,0.37224149231590536
0.0,0.36310259990406113
0.0,0.368130144316896
0.0,0.3630506689347723
0.0,0.3719372864174918
0.0,0.38122935741154984
0.0,1.127415112632404
3.6749998961389063,7.687613568906043
16.58299959540367,19.665701925415846
29.825999965667727,32.16729999664097
39.04000100374222,41.79191827279159
44.29700073242188,48.26961258953292
44.86100201845169,43.92423780247678
39.50900178909302,37.10600268537514
29.945999408960343,27.767415198217925
14.926999883651732,15.317197687682237
2.0360000456124543,4.7408923741289115
0.0,1.8124721637125285
0.0,0.8297594242130732
0.0,0.5187971481887923
0.0,0.36383473918391035
0.0,0.36120144908025015
0.0,0.3637303548073199
0.0,0.3639059130361375
0.0,0.33377781894557956
0.0,0.32287011032965923
0.0,0.32705587833007055
0.0,0.3258723363665888
0.0,0.33356425869097356
0.0,0.3440281622076784
0.0,0.9251444937534752
1.0220000128075482,7.646090078282011
10.6799997484684,19.51004054103546
16.715000420808792,31.03530049886507
30.85300031900406,38.10382226707127
37.613001136779786,39.53027231089351
38.601998825073245,29.143449847767684
18.77099964618683,19.16378855342584
12.088000336885452,12.960672070268592
13.181000075936318,7.590204405246446
2.156999903619289,2.840735202147527
0.0,1.2569733457472234
0.0,0.651885565307092
0.0,0.45721958414179037
0.0,0.3215587926028062
0.0,0.3243148457770711
0.0,0.32321157753840746
0.0,0.3251157515672283
0.0,0.3677017112144508
0.0,0.35499062836754136
0.0,0.3614620263658661
0.0,0.35668980952329576
0.0,0.3639463311860138
0.0,0.3740611282860577
0.0,1.0113740211998798
2.8419998922944067,6.358787907571069
16.294000028967858,16.088998269167135
28.90200034976005,27.279396618041034
37.232999134063725,36.625364462766825
30.11600084543228,42.86322238345551
44.4180004620552,39.2903927893513
33.64699930429459,30.515411069410746
24.50500039696693,19.127738119635346
9.108000468611715,9.19943470023771
1.9280000588297843,2.8010202383843703
0.0,1.3463022484237777
0.0,0.769992374766606
0.0,0.5068606262107058
0.0,0.3542281475685111
0.0,0.3549934676703691
0.0,0.3557554032716803
0.0,0.3571185188547964
0.0,0.33988528992938477
0.0,0.3286013063647106
0.0,0.3378647138312344
0.0,0.330158388143606
0.0,0.33142887725119397
0.0,0.3387273707783491
0.0,0.7801126275681751
2.2359999307990077,3.129388392147642
7.416999977827072,7.598542361705194
5.97099980533123,10.70429956380427
18.544000374078752,13.00640939484734
6.456000037193299,15.435591721899192
17.088999678492545,16.01691101514102
32.318999029397965,18.308997520685438
14.085000126957894,17.339559718186976
8.398999769687652,10.818475614026141
0.4330000088177621,3.6361802803822023
0.0,1.6499579919515814
0.0,0.843972347610908
0.0,0.4758270039910363
0.0,0.329430554665101
0.0,0.3312642530082306
0.0,0.3285261690291603
0.0,0.325950096440708
0.0,0.34849987379958924
0.0,0.33670196445079964
0.0,0.3441114607871063
0.0,0.33864593100946333
0.0,0.34374959044448905
0.0,0.35443298197988893
0.0,0.94369443440182
3.176000020205975,5.709640042309994
15.72999976992607,14.418692973609309
29.41499935626984,23.10372736884125
26.13400059342385,29.70627113575729
40.706999757289886,33.55422831893411
39.93799933671952,29.729947003285695
34.79799819231033,24.393249701294856
14.83299966931343,17.78973612402664
12.50700015604496,10.468221689962284
3.168000040203333,4.037069045998511
0.0,1.8867750489740367
0.0,0.8905021721483579
0.0,0.4965172357899276
0.0,0.3369845090547283
0.0,0.3373342879860962
0.0,0.3368794411672901
0.0,0.3373736653768283
0.0,0.37113186013806626
0.0,0.36087187570465684
0.0,0.36818382598853416
0.0,0.3609051353189355
0.0,0.3674621542143355
0.0,0.37823154977740225
0.0,1.1007368890338336
3.848999910503626,6.343609481826663
17.303000363111497,15.956539907380611
29.85600033998489,25.901540721811322
38.3859985947609,34.26830343514962
31.69499904870987,40.849784097405845
27.534000945091247,39.35825890632302
31.780999026298524,34.89266080583999
19.93099905729294,26.492859946553402
13.805000056624412,15.685579958162569
2.1100000531971457,5.887151327078208
0.0,2.558877333752875
0.0,1.0772510976527199
0.0,0.5392378643139295
0.0,0.3621520330461743
0.0,0.3591108980538781
0.0,0.36122499061422186
0.0,0.36067362881253434
0.0,0.38097803662289653
0.0,0.37001734018607496
0.0,0.3773770094101514
0.0,0.36986545807723187
0.0,0.3770802972380166
0.0,0.38794893139203046
0.0,1.121088668315219
3.917000125646591,6.204413539391
15.713000037074089,15.598398389039923
28.198000055551528,25.74369079860282
38.220998589992526,34.84913494558172
44.33099814414978,42.49324821516036
43.5119998383522,41.87806657338161
39.145998492240906,37.552887166886904
29.52500004410744,28.502324211776198
15.2610000115633,16.259978286724028
2.2689998804032805,5.532493594283054
0.0,2.3529799845147146
0.0,1.059872922545688
0.0,0.5481533227015876
0.0,0.37151631879894215
0.0,0.3688400750389225
0.0,0.3709659729898062
0.0,0.3708083289036489
0.0,0.38087296342651983
0.0,0.36992936756467176
0.0,0.3766276626247825
0.0,0.37098772206399727
0.0,0.37758069043949
0.0,0.3860313280499188
0.0,1.01791423151643
4.505999840795994,4.860387718762822
10.50499996125698,11.943088052418817
12.148000058531762,19.734457706913517
34.100999902486805,27.245757182119668
41.99600118875504,35.769591605403214
34.22299991846085,37.70911886727051
38.175001850128176,36.47900102944917
21.65200094938278,28.817544129483572
6.347000149190426,16.353034996887025
0.4730000051110983,5.310499597236821
0.0,2.144778397656443
0.0,0.9948323134734443
0.0,0.5317989563712098
0.0,0.37293873687527035
0.0,0.3716622260124174
0.0,0.3724282120310108
0.0,0.37111866297200247
0.0,0.3553021210212572
0.0,0.34629987938877643
0.0,0.35419620938675805
0.0,0.34663782465325116
0.0,0.35064721970588775
0.0,0.3589558336094536
0.0,0.8949510466184044
0.1650000047683716,3.955559635864252
4.6909999239444735,9.853235581721034
10.923999780416487,14.85243010310367
16.795999993681907,19.567509013341635
35.21599875211716,24.19400822490455
20.05100055456161,24.145516627659674
14.889999558925629,25.78458321931854
29.942000317573548,23.80259031948561
12.148000058531762,15.336762643714971
1.99399995803833,5.421058162919604
0.0,2.316696213152221
0.0,0.9934701292582899
0.0,0.5038442543822454
0.0,0.34802847121971403
0.0,0.3461435058455406
0.0,0.3464882695487351
0.0,0.3443901090244659
0.0,0.3084996393775661
0.0,0.29793921753323105
0.0,0.3074380370696476
0.0,0.30475226383993365
0.0,0.3055867399290979
0.0,0.31764253801583575
0.0,0.6953280849778247
0.0950000032316893,3.2299414831152347
3.854000058472157,7.937565801917804
5.680000179708004,10.477627940863982
3.247000067383051,11.060297798718915
3.815999960899353,8.963311650572024
4.003999876081943,5.560797306730535
1.964999998435378,5.218335363280312
3.960999887287617,5.427214241509714
3.101000111401081,4.263884040460859
0.4320000113174319,1.956624417801652
0.0,1.156118718163134
0.0,0.6555854423724932
0.0,0.43418503697700894
0.0,0.2949488280086389
0.0,0.3041768941907533
0.0,0.2973846647123843
0.0,0.29689438324820483
0.0,0.3113252991608225
0.0,0.30080284897374104
0.0,0.31170273715803126
0.0,0.30573702388911794
0.0,0.304291281097937
0.0,0.313925041044297
0.0,0.6597280625796189
0.0,2.4358599131566407
0.0950000032316893,5.736454555798056
0.5439999881014228,6.914154166792738
2.563999881148338,7.257084439851882
5.35099994301796,6.341689050470643
6.57300016194582,4.8468418407066505
7.7769998481869695,6.159129276756914
7.514999797046185,7.0730384902846914
2.7469999051094054,5.324638376890396
0.0380000012926757,2.1953081093515086
0.0,1.2723650388664838
0.0,0.70838531480956
0.0,0.43946740783525645
0.0,0.29900003788812446
0.0,0.3063754410941781
0.0,0.2996766748583555
0.0,0.2974112336931235
0.0,0.37409223451177825
0.0,0.36328492480924945
0.0,0.3703355977457122
0.0,0.36262385094364036
0.0,0.3698541829813459
0.0,0.379865000138676
0.0,1.1232329882981162
2.946999918669462,6.635837505447023
15.549999577999117,16.848146128186862
30.71299925684929,27.80184669965653
28.88700016260147,38.114367300937374
29.959999309778212,45.526765092696394
47.07999862194061,42.89342433048422
40.37099802970887,38.508689960116165
29.52299947142601,29.702448249044977
10.38700006365776,16.862736701560912
1.9960000172257424,5.638650521977271
0.0,2.3402154332390768
0.0,1.0160369689604312
0.0,0.5365028968156043
0.0,0.36578329777932783
0.0,0.3619752637111384
0.0,0.3643064973956172
0.0,0.36399367625682766
0.0,0.3799455583341556
0.0,0.36999185369326415
0.0,0.37577245872299386
0.0,0.3696281659040609
0.0,0.37737202522688823
0.0,0.3874005126308272
0.0,1.1901919331820157
4.239999928027392,7.839118752182484
17.353000302314758,19.554375226846645
31.679000629186632,31.56638662115237
41.257999374866486,41.63808415053209
46.77299903631211,48.39098218150862
46.68899963140488,44.967438156990454
41.77300100803375,39.18784924103518
31.849000011682516,29.328349060653636
16.703000065684318,16.33938312004944
2.8799999898672106,5.565342040356946
0.0,2.274065026782796
0.0,0.9947848085265716
0.0,0.543762701548697
0.0,0.3713756050202149
0.0,0.3679689595910969
0.0,0.37069192171890974
0.0,0.3703467150468231
0.0,0.3803652350656729
0.0,0.37073724994795704
0.0,0.376303831956081
0.0,0.370097445077467
0.0,0.3781629669071271
0.0,0.3881093680630186
0.0,1.2062232793099426
4.30199996560812,8.219583960919497
17.697000212669373,20.33828351274267
31.859000821113582,32.50773551950783
40.93499931573868,42.135372936322476
45.92600092887879,48.831190506632716
45.4139981007576,45.815198631869855
40.17799822330475,39.675478448534506
30.769999146461487,30.033697836318403
16.353000491261483,16.90852351806167
2.8689999210834505,5.551313981752918
0.0,2.160535778050673
0.0,0.9647782741567739
0.0,0.5430941597629253
0.0,0.37179458587311726
0.0,0.36861101069937874
0.0,0.3711245845248574
0.0,0.37099610851195225
0.0,0.38323289123901366
0.0,0.37305176623239417
0.0,0.3794297579163783
0.0,0.37213968310125384
0.0,0.3799799438740667
0.0,0.38963312941043343
0.0,1.1815938478119754
4.399000011980534,7.375972256590673
17.74800043821335,18.424502216177522
31.83100101947785,29.895697704597858
40.939000461101536,39.85026610118274
46.26199854850769,47.265027531424025
46.96200180530548,45.024049037824234
41.45200152158737,40.03086398238847
31.503999814987186,31.283846080454772
16.69199999690056,17.852199554735748
2.920999919474125,5.6846705462663225
0.0,2.2043587344025948
0.0,0.9925546647747847
0.0,0.5461614724317883
0.0,0.374810514405363
0.0,0.37120065070199587
0.0,0.37364012404440555
0.0,0.37335971755518654
0.0,0.3802451203462538
0.0,0.36919061106893186
0.0,0.3756784139733973
0.0,0.37001948973191373
0.0,0.3757218967539824
0.0,0.3839067766095601
0.0,0.9802309419278085
2.088000044003129,4.857452534021609
12.759999684095384,12.042267193591718
20.676000821590424,19.518513278577373
17.84200065255165,27.145275930509328
34.04000092148781,34.5022285353238
34.41599972486496,34.14720866582237
29.22700098156929,32.607920090933305
30.303999220132827,25.25366146814359
12.688999893665311,13.394239286797502
2.009000016823411,3.951779040431944
0.0,1.678456345179633
0.0,0.8700746151145512
0.0,0.5220401313409697
0.0,0.37047028480681565
0.0,0.3694680983189911
0.0,0.3703554290834973
0.0,0.36986833280592624
0.0,0.3643813637773582
0.0,0.3522225825536728
0.0,0.35751313569679394
0.0,0.354248856776855
0.0,0.3617734784186665
0.0,0.3719744868790734
0.0,1.0166573871865938
4.539000047147274,7.325724381520376
17.471999459266662,18.18340207655426
31.81799935102463,29.855150107175113
41.0139993429184,39.01116359442417
45.81999933242798,44.24130625758852
44.96800184726715,38.6076708777601
38.83399952888489,29.405382285475426
14.495000450015068,18.671746346596066
9.13600027024746,9.253901120620403
0.4460000084154308,2.9207626437339274
0.0,1.3160443340487786
0.0,0.7284140282632245
0.0,0.4969577366247716
0.0,0.3519513527137548
0.0,0.3528161354924343
0.0,0.3535170478937244
0.0,0.35495340817891086
0.0,0.33626018069969654
0.0,0.3246306907532127
0.0,0.32824871146054485
0.0,0.32857512226167646
0.0,0.336942275552499
0.0,0.3497812263847668
0.0,0.9628549581997072
4.286000005602837,9.217686022085326
17.74499957919121,22.60296746304391
32.10599965810776,35.37815324554046
41.12999969482422,42.804435317848345
46.881001205444335,43.84852804144122
35.32799795866013,32.79475072307154
23.405999966859817,19.616575348197763
12.070000317692758,11.192985491128267
9.449999806284906,6.051486413576716
0.0,2.3408982580094047
0.0,1.146344907421895
0.0,0.6419775216940793
0.0,0.4621106887995463
0.0,0.3220399860544165
0.0,0.32565239085781783
0.0,0.3245912256630981
0.0,0.32868243515853796
0.0,0.351555272165083
0.0,0.3389218006243305
0.0,0.3462408597709799
0.0,0.3418765296762729
0.0,0.3447892892258924
0.0,0.35360448643380704
0.0,0.8374660979257245
0.2350000063050538,4.2878328855074646
4.568999907970428,10.376783535519127
8.764999817609787,15.472994574843517
19.926999965906145,19.3487445724813
23.15399969816208,22.119176066392328
38.51599884748459,20.514148131355185
36.667001383304594,19.559486925902306
8.867000268697739,15.724827113414477
6.293999864459038,9.272429992702513
0.5419999931007624,3.4858919191242705
0.0,1.6192202728934293
0.0,0.8248724547753026
0.0,0.48689845100768686
0.0,0.34017685326409935
0.0,0.34283835864029344
0.0,0.3409698382239172
0.0,0.3403310463390425
0.0,0.3092538000388351
0.0,0.29838868827969345
0.0,0.30689615589491853
0.0,0.30330833759538617
0.0,0.3040473766936303
0.0,0.31450777631844934
0.0,0.7981149745794981
0.8239999942481518,4.4510284992666
4.814000226259232,10.93329761056811
12.448999980092047,15.639826204642175
16.697000401616098,18.101291587609737
19.177000877857207,18.173524529517913
22.45500083565712,15.101153908300708
16.95599959373474,13.805098420940658
13.739999930262568,11.571645463256045
7.215000161826611,7.62949522849487
0.6820000282675028,3.316687909443034
0.0,1.6551175836135508
0.0,0.8037511262471011
0.0,0.4520776385823142
0.0,0.2973930816629073
0.0,0.30363031855448563
0.0,0.2989915258529877
0.0,0.2980362767351745
0.0,0.3258274113275957
0.0,0.31744183623950123
0.0,0.32306839749434957
0.0,0.32019444426960797
0.0,0.32509760707340685
0.0,0.33545836743237484
0.0,0.9137831978205094
2.829000021070242,6.193424642879721
9.735999540686608,15.338729496826886
22.52500033974648,23.382689186196927
24.528999053239826,28.418529763774572
23.897999122142792,30.170366485247705
18.86199900150299,24.929359174386263
13.605999559164047,19.93036790301298
21.654999754428864,15.407438250103437
12.05999950826168,10.027146585974254
0.740999977067113,4.212009416114678
0.0,1.8696210033409029
0.0,0.8162499829156207
0.0,0.4654636098174007
0.0,0.3152940393470843
0.0,0.31778152366116386
0.0,0.3167377135279893
0.0,0.3170519875808475
0.0,0.3371182493523018
0.0,0.3280640296897283
0.0,0.3345808032830273
0.0,0.32918321714041765
0.0,0.33307118835454824
0.0,0.340938415174916
0.0,0.8809814782343748
1.108999955803156,4.903521078228364
8.07999982893467,12.091118757985285
9.234999862313272,18.130296595794768
25.475999093055727,22.329107594791466
20.56499984741211,25.217529403137483
22.96499898314476,22.994226395173897
16.791999875307084,21.78895076553178
21.623000861406325,18.99523032860305
6.293999864459038,12.5266322659441
1.1259999454021454,4.8353315175442715
0.0,2.0114191703941438
0.0,0.8694376667945816
0.0,0.4789038221264845
0.0,0.3296541817161277
0.0,0.3297627289634474
0.0,0.32864029317339744
0.0,0.32676708007551986
0.0,0.3863747115168819
0.0,0.37485689178428977
0.0,0.3822476293184371
0.0,0.3741098290889714
0.0,0.38126881928849293
0.0,0.390713815416905
0.0,1.1398370154023492
2.09200003400445,6.313356377127443
12.361999716162682,15.551219065963641
31.40600050926209,25.107745804033563
42.59800103187561,34.412801285633144
47.96600173473358,42.560919468960684
47.72500050783157,42.12740301294147
43.221000726223,39.51130187990275
32.76800024986267,32.10239693714812
18.07200078368187,19.044555618178073
3.6669999161362647,6.266893870796183
0.0,2.438086039696634
0.0,1.069572445788804
0.0,0.5528587946607546
0.0,0.37871238423417075
0.0,0.3752332949931095
0.0,0.376951966869279
0.0,0.37599838121604373
0.0,0.34064905875119095
0.0,0.3288013289873233
0.0,0.333653395361148
0.0,0.33154527471920336
0.0,0.3375210433035225
0.0,0.34761232356154487
0.0129999995976686,0.8932479751526492
3.6380000849068166,6.676156064580615
18.454999537467955,16.694702447853075
30.68000007748604,26.96864831882023
42.01399812698365,34.875877615600444
32.19500049471855,37.37935819659904
28.578000004291532,29.061860394464162
15.868999518752098,19.999438705797388
5.380000030994416,12.056508012684503
4.6770000231266025,6.158446402434762
4.158000068813562,2.114869931959911
0.0,1.0931158307591775
0.0,0.6487640974924969
0.0,0.4661903976721142
0.0,0.32686212202983833
0.0,0.3300122090730544
0.0,0.3289269438094246
0.0,0.3318637601707568
0.0,0.373968909701235
0.0,0.36536313169646983
0.0,0.3695571120823806
0.0,0.3645867146571326
0.0,0.3733610248051552
0.0,0.382099799552167
0.0129999995976686,1.167535314356815
5.334000210165978,8.064374847879554
19.06399933099747,19.89594926986043
33.30700053930283,31.910668081130716
43.30299955844879,41.8682819223779
47.33799855470657,48.847626593054
48.43800132513047,45.322895562064275
40.751998264789584,40.017137862521935
23.914999881982805,31.30112694768335
11.90900043129921,18.054492027702707
3.370000112950802,5.812236500543773
0.0129999995976686,2.1297170351453842
0.0,0.9119861236857416
0.0,0.5287021191771133
0.0,0.36776627694096503
0.0,0.3642471895513352
0.0,0.3667287145690509
0.0,0.3663801874508098
0.0,0.3737417342498059
0.0,0.36428782418300987
0.0,0.36917470229464505
0.0,0.3636856095840462
0.0,0.3723965173069297
0.0,0.3817145148137809
0.0190000006463378,1.2122847788209001
5.6620001605153085,8.676959569757573
19.478000799417497,21.16061487993575
33.83900087833405,33.52056281459934
43.67299869775772,43.43616604063514
48.8290003156662,50.351318609041044
48.99100151538849,47.02410448065824
43.21600134849548,41.64703204636186
27.89800042033196,32.3104921831468
12.214999730587008,18.507098561535585
2.7430000434815884,6.110715094837073
0.0,2.245263857977859
0.0,0.9516004250079901
0.0,0.534318676096608
0.0,0.3670914250414758
0.0,0.36311202621664695
0.0,0.3657958599625162
0.0,0.36515367385498043
0.0,0.35467670417527136
0.0,0.3466135578701377
0.0,0.35036986282212373
0.0,0.34726883253244156
0.0,0.35569683883967845
0.0,0.36633101085039366
0.024999999689171,1.1440557581209858
5.936000053286553,9.580931199978494
20.46899906039238,23.085876744852698
33.85300077915192,35.264470754453505
43.42300105571747,43.215930548295084
48.07899917364121,47.076288078875436
43.30900127649307,40.55823025193549
27.31299928307533,32.284886733714735
13.501999562382698,23.700933069602193
18.44300020933151,14.57722511161956
3.891000126451254,5.917924721432383
0.0,2.330809167545357
0.0,0.9227316990047338
0.0,0.5098581419777344
0.0,0.3465139486919343
0.0,0.3443595055008989
0.0,0.3464457969876072
0.0,0.3470674861708463
0.0,0.3817496059104673
0.0,0.3733446668485265
0.0,0.3772520908554865
0.0,0.3725880591647644
0.0,0.38158678279804675
0.0,0.39085881870633277
0.0129999995976686,1.2705596367098035
6.031000040471554,9.126711135291345
20.588000271320343,21.844914454383343
34.77899891376495,34.47871278708824
45.01799973249435,44.352082586268466
50.05800099849701,51.650975151053196
49.31200100183487,49.31838144451774
46.14700053691864,43.599448569098605
33.56299989938736,33.74213434953272
19.853999602794648,19.311709490809257
4.95200020223856,6.356945735116817
0.0,2.332669323816763
0.0,1.0063310854301875
0.0,0.5489909012044165
0.0,0.3750822188573966
0.0,0.3714033897564406
0.0,0.3741887337414034
0.0,0.37399537198976435
0.0,0.33886996036705197
0.0,0.3290777991316636
0.0,0.33345597859922926
0.0,0.33034027790879283
0.0,0.3356230689099867
0.0,0.3430698974935929
0.0,0.9293011158501592
4.399999784827233,6.526392205380097
15.6609995251894,16.037828729778788
29.4560008263588,25.007487203270607
32.93500082731247,31.49690702915136
25.104999667406084,35.69090388691353
23.473000665903093,31.111535968028072
22.969000128507616,25.890319918898747
16.284000246524812,19.25128007673886
15.33499963402748,10.756616269818329
4.928999778330327,3.60354418514176
0.0,1.459879226308354
0.0,0.738370713284954
0.0,0.4723082401114846
0.0,0.33017360002357893
0.0,0.3312650737228404
0.0,0.33024727922297414
0.0,0.3301099447193522
0.0,0.3724544922799183
0.0,0.3638086072371107
0.0,0.36767845349073874
0.0,0.36343419955511336
0.0,0.37270446441280886
0.0,0.38151061654974233
0.0,1.2031023274059132
6.2070001140236855,9.024955639421066
21.157999167442323,21.67215453143244
34.936000735759734,33.97473873985671
43.17099873304368,43.01116392580571
49.58499906778336,49.85762120922061
44.39999941587448,47.02130428842097
32.43000000357628,41.30961492326154
24.706000440120697,32.215694778510645
17.462000703811647,18.908772795068558
4.356999796032905,6.288112171621777
0.0,2.1796876414991946
0.0,0.9144209248614585
0.0,0.5276258832652989
0.0,0.3665253815418205
0.0,0.3631012976857319
0.0,0.3654833059375303
0.0,0.36490930710773517
0.0,0.37332809810834094
0.0,0.36491702533522286
0.0,0.3689381429416013
0.0,0.3649622423049426
0.0,0.37494788790516503
0.0,0.3847334558190079
0.0,1.242252816000218
6.254999994039536,9.873527949322717
21.194999492168428,23.568048132400442
35.51599838733673,36.570279118997334
45.72499883174896,45.691987741089264
50.37499933958054,52.089205903627445
50.1670013999939,48.778269170493125
46.3359991979599,42.315012827110365
34.506999080181124,32.25919383797019
19.66099979639053,18.334486817827234
2.22100000038743,5.844758981456068
0.0,2.02193869104641
0.0,0.8707661313277155
0.0,0.5264332970939842
0.0,0.3661281960973042
0.0,0.3628055187878499
0.0,0.3657623046025131
0.0,0.3658972839131922
0.0,0.3773724536805232
0.0,0.36717514121679895
0.0,0.3714151307857536
0.0,0.36827647896616866
0.0,0.37660402700123863
0.0,0.3856620850082741
0.0,1.125016239148745
2.0000000072270634,8.483567018159665
16.03399952352047,20.521256057401132
27.4530003452301,32.931497407139794
43.83400166511536,42.590099317651585
48.00699909687042,49.0384464180575
39.21999914169312,44.76285953636945
46.26399912118912,36.83494888358043
22.88300015091896,24.739873113818533
6.4380000180006025,11.839894967414368
5.083000227808952,3.3484041061736223
0.0,1.3443124973463656
0.0,0.734579575466492
0.0,0.5138873588105224
0.0,0.36730785454512216
0.0,0.36672078212105097
0.0,0.36854805232717924
0.0,0.36914647725653327
0.0,0.372263523569856
0.0,0.36328776717335076
0.0,0.3674739393430364
0.0,0.36242969417307014
0.0,0.37220898676512904
0.0,0.3818312783054
0.0830000011343509,1.2865952722164578
6.799000174701214,10.344130815799575
20.92399994492531,24.55186869233772
35.631998739242555,37.78906420029255
45.18399796962738,47.424879218307524
49.551001656055455,53.70769963349652
50.20200115203858,50.051502611585455
45.808000004291536,44.07806397293367
35.113998301029206,34.359531203419806
20.148999860286715,19.78913893411648
4.857000215053558,6.502141635869699
0.0129999995976686,2.2481252130274547
0.0,0.9267907612113748
0.0,0.5340519161446076
0.0,0.3663139242986116
0.0,0.36168437681169346
0.0,0.36471023244054845
0.0,0.36403557502050826
0.0,0.3791963450331019
0.0,0.37026101182691273
0.0,0.37431573180431993
0.0,0.369520469900466
0.0,0.3787658410249239
0.0,0.38832662746365454
0.1080000028293579,1.3362574571626733
6.625999933183193,10.65173011319748
20.82799915790558,25.10329780266143
35.70199824333191,38.4422952674264
46.34900086641312,48.41372385802624
51.17499836683273,54.67249146980877
51.23299854278565,50.86552032472488
46.53300014972687,44.825810291440945
35.450998260974885,34.62572183487337
19.979000477790837,19.693027227437298
4.95200020223856,6.562790783944384
0.0,2.362801817957334
0.0,0.9808213738404619
0.0,0.5479482588080665
0.0,0.3730247435261679
0.0,0.36873670430775235
0.0,0.37176725184638704
0.0,0.3709498089959127
0.0,0.3737887530934489
0.0,0.3657838848288188
0.0,0.36873624365933644
0.0,0.3651593759365115
0.0,0.3752944540848916
0.0,0.384371572757327
0.1020000017806887,1.3375528399478382
6.537999896407127,11.502857166079583
21.12199912905693,26.79850716002298
36.10099952459336,40.45687674699102
46.526998431682586,49.777362273704135
51.120001103878025,55.66582343183516
51.25099958896637,51.69992289819784
46.995000984668735,45.16865675703943
36.47200100421906,35.14591596617418
21.131999938488008,20.47024646538526
5.217000085413456,6.722344385768649
0.0129999995976686,2.243348597102397
0.0,0.904809104141777
0.0,0.5349260392301365
0.0,0.3686202655023301
0.0,0.3645363989646301
0.0,0.36739816434067674
0.0,0.3668340934295444
0.0,0.3774399534916636
0.0,0.3693438027620847
0.0,0.37275508633722115
0.0,0.3682875249362516
0.0,0.3782673147505628
0.0,0.3873005423927884
0.1640000072680413,1.3307279820584719
7.681999861001969,10.873689426934709
22.38100018620491,25.463756640302847
36.54400108098984,38.83976426652367
46.73000110149383,48.268898111076695
50.74600081920624,54.64864778132093
50.54999809980393,51.2586381981231
46.658001024723056,45.11896390898517
36.40700087785721,35.7544150331667
21.197000064849853,21.06528853662673
5.258000015020371,6.7914585260522085
0.0129999995976686,2.2526353778858517
0.0,0.9347369753141717
0.0,0.5419777620889108
0.0,0.3721215098307283
0.0,0.3677251130753954
0.0,0.3707474494211731
0.0,0.37011357461348804
0.0,0.37717413614209233
0.0,0.3690102276436538
0.0,0.37241833382734124
0.0,0.36806001000416916
0.0,0.37850837905558277
0.0,0.38780304114242803
0.1569999926723539,1.3567634604016643
7.471000035405159,11.340976520921505
22.414999651908875,26.374780893984777
37.19999995470047,39.93066916184674
47.94500188350678,49.33434649228731
52.38900091648102,55.6612803540671
52.05200095653534,52.295336242673464
47.78399891614914,46.33332204899401
37.31399973392487,37.134593185921894
21.592000200748444,22.173962916345353
5.443999871015549,7.19467268621519
0.0129999995976686,2.335456490914953
0.0,0.9438121655308553
0.0,0.5422860163030093
0.0,0.372579229537151
0.0,0.3679539543304974
0.0,0.3710005532764642
0.0,0.37027658997410945
0.0,0.3101881482655194
0.0,0.3061488123797844
0.0,0.31059323101132874
0.0,0.3042668362215928
0.0,0.30696760871510814
0.0,0.31119983221310554
0.0,0.8511045117816277
0.0,5.686811403215021
0.7629999862611294,14.411849687061274
3.6259999865293504,19.88510991694853
14.23200011253357,22.326792915973215
14.262999746203423,23.180548694588992
17.106999697685243,17.899650038200946
37.193000004291534,19.01445362747964
30.77899966955185,21.69436286786916
22.454000549316408,16.60177400025696
3.587000116109848,6.42715332514048
0.0449999998416751,2.004684142869029
0.0,0.7212619955235924
0.0,0.44369663980918445
0.0,0.31165315047320574
0.0,0.3075352799038239
0.0,0.30533075684928873
0.0,0.2994166599361714
0.0,0.26849781336140854
0.0,0.2613658645136456
0.0,0.2648616598665179
0.0,0.2685658918768539
0.0,0.274834580824293
0.0,0.2882888980282451
0.0259999991953372,0.7959698172153271
7.713999781012535,7.046877018433317
12.184000096917153,17.591738949990827
27.23000016450882,25.056679804364258
33.51999991059304,27.1838015877547
11.664000113010406,23.147362257837237
12.949000399112702,12.574585430037226
23.33399989008904,7.971573611790129
12.30700039923191,7.232359727596922
7.500000123381615,5.612823554440574
1.1410000041872264,2.6033055229782227
0.0,1.1572837309169455
0.0,0.5850181099210862
0.0,0.3918040497371986
0.0,0.25819515806863913
0.0,0.26722655116761374
0.0,0.2604718860838383
0.0,0.2615277472235789
0.0,0.31433710413341753
0.0,0.30187597486100426
0.0,0.31037157244216323
0.0,0.30632285364126494
0.0,0.3072982970578003
0.0,0.3161345896742742
0.0,0.7679524013893742
1.2089999625831842,3.931102540357142
5.314000131785869,9.339349336985174
5.796999790966511,12.844829607745991
11.396999657154083,15.178986829584103
15.473000123500825,16.508267058800214
32.92299944519997,15.120912960979483
23.19300059556961,15.529597582018399
20.81200073838234,13.534582623983688
8.11300003528595,8.278990001569074
2.2920000475645064,3.086778625152657
0.0,1.4665420113773437
0.0,0.7722211524109582
0.0,0.4488011489853966
0.0,0.30196411670077206
0.0,0.306842930749102
0.0,0.30246660414490234
0.0,0.30129812835648917
0.0,0.2657265277979629
0.0,0.26020780101210006
0.0,0.26631024629140665
0.0,0.2658203159088831
0.0,0.26667748331990226
0.0,0.2771839394801432
0.0,0.7628478980321036
6.983999744355679,5.052549068401943
21.265999282598496,12.262190152780972
31.178000950813296,16.761259052524203
27.56800041079521,18.112550111408282
16.471000388860702,16.780499983854064
18.28299958229065,12.545548317167798
21.15500036239624,11.349983696694482
8.059999750554562,9.849668599984046
2.4300000235438346,6.878583740257318
0.2389999963063746,3.1419799147915386
0.0,1.5553289091639808
0.0,0.735867008662188
0.0,0.40836624317638004
0.0,0.2545004437510696
0.0,0.26263179115690133
0.0,0.2569941721207503
0.0,0.25677269104973455
0.0,0.36801245191906845
0.0,0.35972149575091433
0.0,0.36461161162697414
0.0,0.3595391651737999
0.0,0.3661109278149178
0.0,0.37417204650750446
0.0439999983296729,1.1087785061693594
4.185000097602606,6.530883326439768
21.898999786376955,15.51174861815282
29.176000756025317,24.35934323564824
43.12899903059006,32.42942316635345
42.963999025821686,40.649375088287535
43.73500001907349,41.55186055853635
42.53300090551377,39.99055066086078
33.180999377965925,32.47774142571113
19.815000759363176,19.305418542825507
5.757999920547008,6.667257356025322
0.024999999689171,2.5434911827239066
0.0,1.071362537408997
0.0,0.5342778977368985
0.0,0.3622478882669589
0.0,0.35917224507586365
0.0,0.3608334790183372
0.0,0.3597231312060486
0.0,0.36052081382676454
0.0,0.35151918121203574
0.0,0.3551594195222508
0.0,0.35285325730798345
0.0,0.3613516956529728
0.0,0.37059563160372694
0.3550000112317502,1.103208793106845
9.126000487804411,8.399663701398104
23.16099964857101,20.031832117162764
29.489000005722048,31.666164098594905
46.163001010417936,40.52616187817858
48.79299822330475,46.56075392864822
46.07900160551071,42.917598778088674
30.41700076699257,36.118279944788455
22.5719994199276,25.74454258263838
13.107999712824824,14.065065047988787
1.897999941259623,4.715445076887618
0.0,1.845704596061096
0.0,0.8488909962995909
0.0,0.5078463365878307
0.0,0.3511897551612143
0.0,0.35035381046639286
0.0,0.35242544339958926
0.0,0.35377810004929866
0.0,0.3472232321667109
0.0,0.3374826182571028
0.0,0.33965735734128755
0.0,0.3387748129144408
0.0,0.3489666695740923
0.0,0.35879465359082274
0.3420000116340816,1.1551180371951277
6.729000157117844,11.815080041874632
22.511000438928605,27.324930657322895
33.17900085926056,41.540146217184024
44.93800147294999,50.679150347433094
46.39199880123139,54.7331604918413
26.539999771118165,47.442401850423245
28.273000991344453,35.748529970650694
14.391999712586404,22.845261412233405
6.4449999684095385,11.572208895582522
7.132999789118767,3.756631734684964
0.0380000012926757,1.448276571862006
0.0,0.7047774198441474
0.0,0.4846492546246128
0.0,0.33718585949211194
0.0,0.33692892243345346
0.0,0.33855482114188296
0.0,0.34076928045992294
0.0,0.35569831667654517
0.0,0.34811284086662775
0.0,0.3508276533177156
0.0,0.34751233434599144
0.0,0.35872540414041804
0.0,0.36776909646709294
0.3700000058300793,1.2512781250221487
9.014000254273414,10.440711236970715
23.632999238967894,24.50316309605551
37.53099819660187,37.655670225209946
47.43700020074844,47.22713881273177
51.9229989361763,53.60453536906994
51.53999812841416,49.97359133828702
47.43499962806702,44.04988583598768
31.222999458312987,34.77930929060753
19.82399922847748,20.916972549749254
5.873999758958817,7.0054984341297235
0.0190000006463378,2.2978778096924586
0.0,0.8787593839035908
0.0,0.5140685641875009
0.0,0.35099597886267875
0.0,0.34641039515305516
0.0,0.34937399099038635
0.0,0.3491812857121749
0.0,0.37064101000727023
0.0,0.3628985425312605
0.0,0.36586751109433546
0.0,0.36308660814564675
0.0,0.3743308589525418
0.0,0.3841806349837465
0.4779999926127493,1.2805223215626296
9.492999795079232,10.452261656509018
24.08900040984154,24.538788100098564
38.50300128698349,37.88100719978535
48.64199811935425,47.75158099428174
53.33399832963944,54.245177300559625
53.99000131130219,50.68569854628757
49.56599978923798,44.660256443676225
34.94899829626083,34.66089792163239
13.574999925494197,19.897636282509367
2.7330000042915343,6.355163550300968
0.0,2.173873675065986
0.0,0.893381084692755
0.0,0.5273629860427391
0.0,0.364439875777282
0.0,0.36088300836421705
0.0,0.3643072624039261
0.0,0.3648956225206187
0.0,0.3634712685436962
0.0,0.3547071522217172
0.0,0.35832065934743845
0.0,0.354299035660895
0.0,0.3654063688693372
0.0,0.3750192479053697
0.4960000118054449,1.3258880717287074
8.380999750494958,11.109037162293815
25.015000598430635,25.767860333324947
40.10900105953217,39.21151329469731
50.500998446941374,49.16253782649741
55.61799916744232,55.719620360216645
54.920998823642734,52.41853479238374
41.232998378276825,46.97033019102227
37.82999959945679,37.26361477943034
23.185000358819963,21.939873531098378
7.107999819517135,7.278748515509367
0.0380000012926757,2.4514248324048915
0.0,0.9626865601781851
0.0,0.5286449319470052
0.0,0.35787494688358995
0.0,0.35280722846161183
0.0,0.35626286415198455
0.0,0.35595320349347404
0.0,0.36437414053340217
0.0,0.3561048982353723
0.0,0.3594070883818394
0.0,0.355198087457069
0.0,0.3653595533011037
0.0,0.37513526628958166
0.5710000168904662,1.3138472103299454
9.710999571084976,10.455423857207846
24.688999680280688,24.16575546017149
39.326000738143925,37.02983493494372
48.87399882316589,46.71388113489197
50.32700202703476,53.146718761156684
43.01400101900101,50.28247043790681
35.70899819374085,44.69994685219167
26.2289990401268,34.96806445371176
17.70199959039688,21.408504986697395
6.872000024318695,8.137339934026139
0.0439999983296729,2.958351073331707
0.0,1.0996955977426597
0.0,0.5436570792876535
0.0,0.35910339721652035
0.0,0.3544263341153125
0.0,0.357719478149091
0.0,0.35744208080157147
0.0,0.364101204258229
0.0,0.3562866151309263
0.0,0.35956272577850806
0.0,0.35527956432930974
0.0,0.36387239902361646
0.0,0.37143060962835533
0.721999992467463,1.1777992488146498
12.096999832987786,8.085939739454986
25.695000182390213,18.99067813344942
36.888000991344455,29.443848593182786
34.92700021266938,37.90221990915413
48.84700136184693,45.404152557425576
51.77300117254257,44.185485797129616
47.7800018787384,41.272495518585934
38.05000097513199,34.22135158373277
22.81499916553497,21.65202783661433
6.621999814808369,7.996942635767521
0.0510000008903443,2.7155604961642816
0.0,1.0075222540180546
0.0,0.5298094996931331
0.0,0.3606497793157298
0.0,0.3570463187944227
0.0,0.3591426723442616
0.0,0.3571346808917272
0.0,0.37161605997639546
0.0,0.3635527321128796
0.0,0.3668040523547275
0.0,0.36202236890715966
0.0,0.372436014096741
0.0,0.3812245501765685
0.4149999896250665,1.2935122436248376
5.52799978941679,9.728967062392636
22.719000432491303,22.615472874260483
39.01700057983398,35.23746071336837
49.670999045372014,45.17602682202199
54.17499882698059,52.41881001871208
52.52400054693222,50.34894395287471
46.56500109672547,45.59849451249648
36.34000017881394,36.97863180598081
18.531000759601596,23.04996301814679
5.54999992698431,8.258498645720014
0.064000000488013,2.79656085611776
0.0,1.0534341699771592
0.0,0.5441087760041659
0.0,0.3673065742506707
0.0,0.36270878610276813
0.0,0.3658665664084991
0.0,0.3653961714142315
0.0,0.382209773069207
0.0,0.3719802304332206
0.0,0.3770992253450164
0.0,0.371770127507404
0.0,0.37892228835895325
0.0,0.3856328599355948
0.0629999989760108,1.1011789613694742
7.043000206649304,5.4985276426027525
14.510999896526338,12.94873343787422
17.085999846458435,20.237163435299586
30.53499963760376,28.327115513150595
48.16799795627594,38.035318125747295
49.86799999713898,40.954217188647455
46.20500071287155,43.223571134426415
35.68200073242188,38.258018302856584
18.58499979019165,24.053210568742458
4.052000012844801,8.103578254265402
0.0439999983296729,2.868878330542312
0.0,1.1662817764101194
0.0,0.5494107863151086
0.0,0.37774095686777553
0.0,0.37424022615946634
0.0,0.3753960531643761
0.0,0.37294945196852947
0.0,0.3687794300480849
0.0,0.35925735958635824
0.0,0.3623941969316241
0.0,0.3601736728755262
0.0,0.37065668218575654
0.0,0.3803307270356368
0.5230000085011125,1.1769508829601707
9.606000314950943,8.451039833188249
21.903999164104462,19.775791976179896
35.057998697757725,31.751543076574237
46.59500147104264,42.04804696917228
43.41800167798996,49.19913143391247
49.30199813842773,46.380792108618174
41.77199866771698,40.7484792395363
27.9790010201931,30.760627581791987
19.5400000667572,18.10189686581053
2.3020000867545605,6.670282683182751
0.0,2.5340833657851176
0.0,0.9988233764220829
0.0,0.5288298559422504
0.0,0.3625285597484811
0.0,0.36059101300784596
0.0,0.36291421252134337
0.0,0.3631813781893812
0.0,0.35791882536556524
0.0,0.35179495710624836
0.0,0.3532724148385843
0.0,0.3500907838714999
0.0,0.36173530074402815
0.0,0.3706574443782227
0.8079999700561166,1.3989168917579458
11.449000169038772,13.421719089792497
27.78400064110756,29.932782989587487
42.61700031042099,43.82916470300619
52.7759987616539,52.64321951418623
57.48300121307373,57.865212589746974
56.08299880743027,53.66150667034328
51.34899889469147,46.91941608333671
40.96000031232834,37.728535198620364
23.852000328302385,23.685349885679443
7.561999904215336,8.475330831623088
0.0779999975860119,2.6683861924232395
0.0,0.9538116526445877
0.0,0.5261658959084411
0.0,0.3555024626138346
0.0,0.35018513412876245
0.0,0.3534482881197066
0.0,0.35325570448231686
0.0,0.3405886660247711
0.0,0.33095482281069133
0.0,0.33320977684869885
0.0,0.3316402893012702
0.0,0.3430079576946117
0.0,0.3531410611936261
0.8999999968335033,1.2572968359592858
11.39099999308586,12.598735722666028
26.36599924325943,28.37027120619028
40.83200063228608,42.540426198790584
51.18500123023987,51.72446276252
55.53699856758118,56.85954881146105
53.54799798727036,52.11478194187654
40.61199925661087,43.40500405482169
29.03399912118912,30.86812009446917
17.34299949288368,17.058820868929416
4.701000219881535,5.952521751672055
0.0700000015366822,2.0738955291350507
0.0,0.8468052143516955
0.0,0.4957849095745969
0.0,0.33299356620257997
0.0,0.3304156046062389
0.0,0.3327013002446573
0.0,0.33390117236735933
0.0,0.3512514600594927
0.0,0.34297776585669343
0.0,0.34617652443169467
0.0,0.3440232375435225
0.0,0.3531843686838033
0.0,0.36301240839820453
0.6560000290721655,1.2075372163304046
7.862999825775623,11.014510044055966
26.851000502109528,25.286232722656592
35.47899806261063,37.831167488216856
45.66399985074997,46.28178146400355
37.16500020265579,50.920188015804555
32.22200001001358,45.27938908568692
37.22899798870087,37.63637508318745
36.47599804162979,27.61670500824495
15.186000102758408,16.321648110366723
3.9779998768866074,6.363544643223755
0.0439999983296729,2.319238286234531
0.0,0.8889535169377005
0.0,0.5053387262360802
0.0,0.34317588296981555
0.0,0.34094543927943016
0.0,0.34381169118508875
0.0,0.34432343391592807
0.0,0.38178089576730195
0.0,0.3722239183439693
0.0,0.3766994894926776
0.0,0.37148791777180246
0.0,0.37893201607155574
0.0,0.38519114835209367
0.7059999682754279,1.2029455227451942
11.001999521255494,6.5131123805954685
10.884999909996989,15.085578034962895
11.36300019145012,23.066281349266077
35.342001967430114,30.714026503479623
49.59899896860123,41.493524440010084
42.5610007071495,46.00342554735547
48.24300094604492,48.77935677213428
39.96799971103668,44.46112319684036
23.74099935412407,29.92623121968061
7.907999873757363,10.803587533737977
0.0960000007320195,3.479984881757664
0.0,1.3114502417253573
0.0,0.5649933072422528
0.0,0.3812359292968158
0.0,0.37635469593850024
0.0,0.3769773971081593
0.0,0.3729391107466637
0.0,0.3751155304297097
0.0,0.36569196236711166
0.0,0.36952357546033926
0.0,0.36681971823934584
0.0,0.3783089123906976
0.0,0.3891543677596887
1.2070000317692755,1.2947246485798558
12.346999529004098,9.545466111968926
27.24600063800812,21.805665184761473
41.33400059700012,34.3510365260775
50.16599905967713,44.08647834804553
54.239000720977785,51.79017174206234
52.22200033903122,50.86521494338303
45.93899848937989,45.64617640825768
35.67300020933151,34.913675161956036
19.92599967956543,20.79463908126609
8.535000199973583,7.543388147491518
0.4970000093057752,2.735124682183019
0.0,1.0808620724101103
0.0,0.5477491675316564
0.0,0.3682228045929694
0.0,0.3656235666761777
0.0,0.3689411621347449
0.0,0.36938934565144976
0.0,0.314135788913324
0.0,0.30559397338884714
0.0,0.3078723270989396
0.0,0.3079029653309209
0.0,0.31775514566837304
0.0,0.3287983126703592
1.1309999649971725,1.0068529150847771
11.78000046491623,9.119987957091691
26.679000546932222,21.402819200818527
40.30499967098236,33.3395820637854
45.34899797439575,41.633956355050145
37.34300187587738,45.97659647308938
42.90999999523163,40.38777758357009
29.59100045681,31.67795423314911
25.34300003528595,21.576749138112127
8.796999737620354,12.705583266046059
2.240000049173832,5.063903079677256
0.0770000000856816,2.0160547511740066
0.0,0.8164300591202474
0.0,0.45783658499984836
0.0,0.3041150040455542
0.0,0.3049417768738464
0.0,0.30550799829279823
0.0,0.3093215176376275
0.0,0.37697764317245647
0.0,0.3683818208637099
0.0,0.37124342136423644
0.0,0.3680837586669267
0.0,0.379436181802867
0.0,0.3884272629970468
1.1319999945908783,1.3903476238349617
10.524999526143077,11.429239720993543
24.11999901652336,25.764905036759544
38.20499811649323,39.15874448460943
51.07699906110764,49.0473201450479
54.92200116395951,55.8967415327346
53.89000143289566,53.45826133613411
49.39399983406067,48.63348652943493
40.08800120830536,39.62629895689635
21.855999797582623,24.944731310981282
5.357000120580197,9.110046983506711
0.2189999981597066,2.9721498394872654
0.0,1.0723598449636589
0.0,0.5490388127642608
0.0,0.37345877617992396
0.0,0.3695273552046629
0.0,0.37265609004826566
0.0,0.37175109708005644
0.0,0.34144047637492114
0.0,0.33336482448506743
0.0,0.33411292587754327
0.0,0.3359376377010761
0.0,0.3478380585882097
0.0,0.3591662979372901
0.6649999744817615,1.2051126903503313
13.178999503254891,13.610975253350071
29.226000695228574,30.189222066732697
43.51699921607971,44.388526582567955
53.01400118350983,52.49780110546534
56.61900029182434,56.001306722960685
53.13899795055389,48.90036564053608
43.1569988322258,37.067020314303136
33.55100057125092,24.324974150790013
5.005999746322632,13.389117613760062
5.881999995708465,4.908525385080306
0.0129999995976686,1.7953457837611109
0.0,0.7640770585925049
0.0,0.4833125347119604
0.0,0.3313236769099833
0.0,0.33108290738970153
0.0,0.33343947180085115
0.0,0.3372835616780012
0.0,0.37695879999944265
0.0,0.3689478563354895
0.0,0.37166471308084104
0.0,0.3695261304465878
0.0,0.38273391163509424
0.0,0.3939607087125556
1.521999982520938,1.49159886868846
14.330000445246696,13.188032448588102
30.54299987435341,28.887670276004428
45.15499993562698,42.7722211544166
54.727999017238616,51.62988584812354
57.413001708984375,57.85253619547328
55.670001733303074,55.923900940040475
48.25200146913529,50.43663031702673
39.75300182104111,39.98674914553366
19.258999710083007,24.40267078685028
4.763999773561955,8.87393100638521
0.0709999990370124,2.921320640298953
0.0,1.0955199318821256
0.0,0.5562955328035604
0.0,0.3713729141783697
0.0,0.3670065672722314
0.0,0.3713034792081903
0.0,0.37132753377808303
0.0,0.3727309113178523
0.0,0.36350555162811937
0.0,0.36743907568435097
0.0,0.362446420926989
0.0,0.37306945546139025
0.0,0.3832511470517411
1.473999974131584,1.4550513991289404
14.003999527096749,11.513080918427475
29.6280007815361,25.68271319540377
43.713001935482026,38.75156889388246
52.44999989748001,48.630422845015
53.34499942541122,55.61829257654041
52.74500015497208,54.12155266520498
50.50499959230423,49.61546600712289
41.35399810791016,40.213951804314085
24.429999461174013,25.795509916223068
8.588999744057656,10.27562026225938
0.2529999934043735,3.655961689933541
0.0,1.2922742082595957
0.0,0.5706735397573509
0.0,0.3686072787753832
0.0,0.3631459565410321
0.0,0.36663678233561137
0.0,0.3656047337636076
0.0,0.3778944342060592
0.0,0.36969264252573064
0.0,0.37201507095378417
0.0,0.36843597919552845
0.0,0.38006243569972525
0.0,0.3898814014398794
2.0360000456124543,1.4524936524428984
14.211999520659448,11.679929985335413
30.0280002951622,25.964470891614155
44.09200159788132,39.24186313833618
52.01700120449066,48.98398498597639
55.238001272678375,55.89328777888521
54.38599967956543,54.15553624170531
49.81999857664108,49.40520633440926
40.72300023078918,40.383310864359665
24.322999632358552,26.09752176352182
8.845000131130218,10.142571329166605
0.2790000086463988,3.446900009078404
0.0,1.2222417021154723
0.0,0.5707283353694437
0.0,0.3752420494030529
0.0,0.3704261047915385
0.0,0.3736244407296065
0.0,0.3727279454365337
0.0,0.3693583121793444
0.0,0.3620498270662143
0.0,0.36432781839192124
0.0,0.36075331479555284
0.0,0.37364904050762343
0.0,0.3842182287945145
2.1909998828172683,1.4637574318356403
14.760999592542648,12.252446945780694
29.48500091433525,27.133011928567818
41.47199903249741,40.729759384105634
51.28099996328354,50.204739110297844
55.433999884128575,56.78630794732989
54.06000081539154,55.005488884041085
49.38099816560745,50.04786877238468
39.81499903440476,41.10123624123696
21.769999819993973,26.75541778278594
8.52299984484911,10.206741700964107
0.3119999903440476,3.3755396123772923
0.0,1.1829051384151466
0.0,0.5584103683400006
0.0,0.36649118264095276
0.0,0.36083950223834405
0.0,0.36477612111709806
0.0,0.3643490889094735
0.0,0.37607340471766093
0.0,0.36742530048314126
0.0,0.3701848983787819
0.0,0.3667387841225409
0.0,0.3795327045838905
0.0,0.3898378986430744
2.329000115543604,1.5221389794700027
14.678000473976136,13.133216259759768
30.32099997997284,28.804191465295908
44.36400143146515,42.67489453357342
53.00599889278412,52.263311177321334
56.05699957847595,58.537683382677116
54.36900097370148,56.109239565772924
49.94499945163727,51.135113723290566
40.2830015873909,42.233283918212074
23.271000336408616,27.569336937001644
8.072000105679036,10.455763141594458
0.2780000111460686,3.3817342707075193
0.0,1.1620605052763835
0.0,0.564612675166805
0.0,0.3736988083008269
0.0,0.3686611577634069
0.0,0.37207991532028006
0.0,0.3711811533972147
0.0,0.3690602974558544
0.0,0.36098283443194845
0.0,0.3630410101899694
0.0,0.3607131349661744
0.0,0.37307211878032026
0.0,0.38203456492340937
1.8790000208467248,1.4764243281293852
13.594999490380289,12.81480043163487
29.85000067591667,28.22921023501401
44.29599839210511,42.06344137289486
53.33599890232086,52.08615771151993
56.72800069332123,58.51872192290108
55.545000858306885,55.57498242030704
50.832999029159545,50.659956099557945
40.973001980781554,42.197056334990535
24.083000745773315,27.835926878624747
8.871999646425248,10.8538762380726
0.4200000092200935,3.524087161665318
0.0,1.1649938917400677
0.0,0.5509090308840978
0.0,0.3670829793109339
0.0,0.362009527132272
0.0,0.3652054085213902
0.0,0.3640478842103575
0.0,0.32934846584622235
0.0,0.3195806575045884
0.0,0.31960640881819846
0.0,0.3223592439514641
0.0,0.3353145666721525
0.0,0.346915061531726
2.482000021934509,1.238048015258983
14.57499973654747,15.718380158980942
30.676000986099243,33.84112768183949
45.863001375198365,48.672046254591976
54.61100043296814,56.79542267061194
56.595001635551455,59.841192166644404
54.05100029230118,52.20164760774203
33.88599995851517,38.76855747399938
7.880000072121621,24.114753705859975
5.389000040590763,12.49210120348117
8.511000003218651,4.439725185400823
0.4750000001117587,1.6449792793238147
0.0,0.7202336483867479
0.0,0.46931465227190355
0.0,0.31994895360335546
0.0,0.32071597205304625
0.0,0.32205342108836515
0.0,0.3257673245212802
0.0,0.37212307189541755
0.0,0.3634878728673576
0.0,0.36633881597922224
0.0,0.3633857342303136
0.0,0.37702458743758194
0.0,0.38843155631489756
2.7270000834763053,1.6212552113235221
15.428999848365784,15.073650465808159
32.05399914622307,32.127012727671676
46.6059984588623,46.238632667615285
55.00600056886673,55.19354521683024
57.91800047874451,60.83856786513878
57.14900005817413,58.49030364610144
51.8249996304512,53.37048565127668
42.27700154542923,43.65532603296895
24.713000390529636,27.945055158674755
9.115000419020651,10.515884035232327
0.5439999881014228,3.42453805296389
0.0,1.2000455856397048
0.0,0.5650536705662917
0.0,0.36834612602061845
0.0,0.36270481040723235
0.0,0.3669095210336241
0.0,0.3665123504314616
0.0,0.36542471297218027
0.0,0.3575784938726664
0.0,0.35997805492652296
0.0,0.35689426018489323
0.0,0.36973596283442894
0.0,0.38130621412504223
2.8910000586509703,1.5555334251166892
15.689999613165856,13.661388028707208
31.443999066352845,29.480694866293653
45.0509989118576,43.251434272496624
53.03199812173843,52.50977753396214
57.19300033330917,58.5365030788296
56.24500000715256,56.50661596696769
51.13900038242341,51.24787270997651
41.26499932527543,41.222036675168276
24.25400041460991,26.673370211846255
8.64800020635128,10.903898548828483
0.2449999973550438,3.846731483290913
0.0,1.3075700774456136
0.0,0.5679846040596339
0.0,0.3616281743233614
0.0,0.355671744478853
0.0,0.3597775480220051
0.0,0.35955177065518745
0.0,0.38211446725244524
0.0,0.37370009614347616
0.0,0.37654150841233136
0.0,0.3729598214027596
0.0,0.3857685598516649
0.0,0.39696978503272085
3.2329999098181728,1.5292001020372377
16.051999542713165,11.38229530339137
31.69099995732308,24.889122468971387
45.65400109529495,37.90650813042122
53.31100201368332,47.71927686540171
57.23299946308136,55.45494437676287
56.21200082778931,55.240684356665355
51.020001225471496,51.34539770128265
41.5489984869957,42.506803953348616
24.676000065803528,28.910380260797446
9.046000174283982,12.443494497983096
0.5169999914057553,4.467781531245513
0.0,1.4778658918259682
0.0,0.5951930448281236
0.0,0.38080652742111565
0.0,0.3753034699851414
0.0,0.37876594463301266
0.0,0.37733023046834613
0.0,0.3376698928350658
0.0,0.3299958667786763
0.0,0.33557949286523886
0.0,0.32943590879051354
0.0,0.3373306141687745
0.0,0.34536588418934333
0.2739999890513718,1.0849835988910264
3.722000003308058,6.415968122662728
14.2180002117157,14.81646723532604
30.667000463008883,21.916969145486632
36.03500116586685,27.970033402793945
37.74899899959564,35.152666998163355
49.67999956846237,36.93303781757103
49.18000017642975,38.49282407107275
39.55100149154663,35.85292539554171
23.832998995780944,26.35249245370585
8.933999940752983,11.617466763430372
0.5930000260844827,4.109681255916006
0.0,1.2599925279932616
0.0,0.5115038211433027
0.0,0.3363512207142824
0.0,0.33201078553593283
0.0,0.33377549672279655
0.0,0.33003704400051614
0.0,0.3898230134523667
0.0,0.3787160757316394
0.0,0.3838737314904961
0.0,0.3786576203031216
0.0,0.3890268825484409
0.0,0.3984710206630367
1.2389999517798425,1.3680313019355101
8.907999684810639,7.846690201990999
18.85599933743477,17.53299195335829
30.15800054788589,27.98372689443881
48.80199874639512,38.432769088112344
55.30800077676773,49.05777763712852
53.46000154495239,51.88230641936113
49.48299861669541,51.17656853535528
40.29899795293808,44.01649726557584
23.63399952530861,30.07842243769538
8.37099996805191,12.506822177732884
0.2670000065490603,4.604838540304863
0.0,1.6105417004612987
0.0,0.5993326905657648
0.0,0.3881612777755447
0.0,0.38343193192836683
0.0,0.38556170031061604
0.0,0.3831108723064419
0.0,0.26162420723464663
0.0,0.25401024906194397
0.0,0.252039884032693
0.0,0.2633619152068429
0.0,0.2769996347866842
0.0,0.3010152649692583
3.202000019401312,0.8464358458611771
16.962999544143678,11.15743720370538
31.150999381542206,25.738804999183984
42.39199955701828,37.55092865755132
48.5270001077652,42.96022104629931
36.3989985871315,38.82234643099581
15.172000201940536,21.932824747009725
6.096999939680099,9.3643319918371
1.7750000240653754,5.371603896561966
1.2800000097602606,4.046382098574247
0.0380000012926757,2.364116731979055
0.0,1.285989467745425
0.0,0.6152115666315175
0.0,0.3931992028011607
0.0,0.24529949263488757
0.0,0.25427901776542816
0.0,0.24858264414104453
0.0,0.2611261850995891
0.0,0.37943176607520307
0.0,0.3718644158406648
0.0,0.3736950945192475
0.0,0.3708371900248005
0.0,0.3844024140898312
0.0,0.39468195557983143
4.128999980837107,1.57951937344401
18.381000941991807,13.321908626357052
34.962998197078704,28.691073121397885
48.78200123548508,42.464969109053335
56.433998668193816,51.78876989058986
58.59200039863587,58.624790816737686
57.72399833202362,57.35384509540437
52.852998216152194,53.00435538521123
42.59699869155884,44.61899228421375
25.30699999690056,30.109808779266793
9.776999983787537,11.924420716533636
0.7710000304505229,3.848627623311959
0.0,1.3052848143502276
0.0,0.5783867792384574
0.0,0.3780113233771149
0.0,0.37232467381072765
0.0,0.37606004648097924
0.0,0.375242500341215
0.0,0.3590827536147356
0.0,0.3505056620741152
0.0,0.35298272942719056
0.0,0.35017788130562444
0.0,0.3637260756248598
0.0,0.3756882431548459
4.383000051975251,1.49643041280322
16.841999814510345,12.791457981719088
32.45500100016594,27.689279379058583
45.51799912452698,41.115898941282296
52.47300032138825,50.209948385535576
57.19300033330917,56.800239962946016
52.264998273849486,55.46492356750745
47.53799831151962,50.61118613697097
35.59800132751465,41.49443012753686
25.63599972009659,28.072455111684626
9.410999935865403,12.227505420479998
0.5919999964907765,4.327840225162997
0.0,1.4226914574524614
0.0,0.5627624370420037
0.0,0.3561423716629419
0.0,0.3503967565106005
0.0,0.3539811034533403
0.0,0.3538228731427352
0.0,0.37771459519759104
0.0,0.3691276255889502
0.0,0.3724261511418546
0.0,0.36841210516154993
0.0,0.37979035537102324
0.0,0.38992990985192916
2.8959999498724938,1.4801405921186788
16.606000019311907,10.16544736363589
34.08700000166893,22.353793577078
46.44200079441071,34.65918297850944
47.78399891614914,44.97519400167465
54.73699954032898,53.7642446528969
51.65999962568283,54.406713215200774
44.93600090026855,51.790227896103595
42.47300015687943,43.39135397149913
25.59299973130226,29.60757878803073
9.713000143766404,13.159105159307616
0.7239999874681234,4.879624493887324
0.0,1.5889342567963047
0.0,0.5951032443087898
0.0,0.37688571104342744
0.0,0.37116687947734844
0.0,0.374595220757771
0.0,0.3726219595323453
0.0,0.3276360331608716
0.0,0.31668980971206745
0.0,0.32015093774458037
0.0,0.320078435049262
0.0,0.3270885716844279
0.0,0.33655757881907417
1.398999936953187,0.9991893767290632
11.690999628305436,7.116710772913374
22.92900099873543,16.28439585488497
28.653000940084457,25.201276424843392
29.34399956583977,32.575075420889114
33.81399988174439,37.73918841893759
35.19200009584427,35.25312236492295
31.44100026130676,30.63213001959867
24.62100074887276,22.738548366699305
16.540999892950058,14.237025391201275
5.11500014781952,6.329895013022907
0.0449999998416751,2.7284775870652997
0.0,1.0432438882931938
0.0,0.48797440176223505
0.0,0.3190395635577079
0.0,0.321568445477659
0.0,0.3208313175508322
0.0,0.32165114834727776
0.0,0.37828929212484885
0.0,0.36905655496977474
0.0,0.372457744338887
0.0,0.36974061849614126
0.0,0.3827449282121609
0.0,0.3945760552269394
3.925999878495932,1.430494772574269
19.09199913263321,10.063947116816168
34.018999016284944,22.349931669043848
45.99300162792206,35.05394367050638
53.61899983167648,45.442046055859024
57.04800194740296,53.806505509890066
55.27699806213379,54.039031272804785
50.676999547481536,50.28876537377193
41.93899924516678,40.75140670802287
25.441999627351763,26.689816204417347
5.752000256478786,11.031194437905745
0.2230000042077154,4.142239833796375
0.0,1.447802608533861
0.0,0.5808087637494556
0.0,0.37427034814949883
0.0,0.37031380162979144
0.0,0.37367341724729036
0.0,0.37385661180904417
0.0,0.3849027504867339
0.0,0.3763202398238435
0.0,0.3791155293896806
0.0,0.3756974234041188
0.0,0.38960683829124687
0.0,0.40114775951521375
4.498999890387059,1.5773945965159226
18.43000059485436,11.632399621346423
34.47899927854538,25.372122078066646
46.61200017690658,38.8370691017842
54.39900134801865,49.22194095825948
52.89600025892258,57.13007377324953
53.88699851989746,57.04547875286525
45.69100142002106,53.54725193800098
42.696998569965366,44.89967847284968
26.12199921131134,30.54860314272394
10.33999995648861,12.673246469487719
0.8339999692514539,4.528413661822163
0.0,1.535153380672638
0.0,0.600477725288805
0.0,0.38332909479192456
0.0,0.377537715485314
0.0,0.38115140108961143
0.0,0.380497141368765
0.0,0.3837709963432306
0.0,0.374340022276228
0.0,0.3781882972450153
0.0,0.37610489320242235
0.0,0.38948501797544643
0.0,0.4019390537131124
2.165999913215637,1.4643635655172864
19.091000900268558,10.4174703169708
33.39599932193756,22.889184546360468
44.1110008764267,35.82649054512539
50.73799852848053,45.94040055002041
56.44099861860276,54.43700964505224
56.2729998087883,55.23066408252244
50.895998582839965,51.549818958752844
39.47700084209442,41.175642070932085
20.32799976587296,26.315114539327887
9.448999519944191,10.680363276093281
1.452999994531274,3.998882012242773
0.0,1.4310800287349796
0.0,0.5832534569792723
0.0,0.3786525259006984
0.0,0.37538591045858516
0.0,0.3791010480306561
0.0,0.37923185358477074
0.0,0.33807612339124027
0.0,0.33137104169752385
0.0,0.336198631578548
0.0,0.33013923561844105
0.0,0.33668583926310525
0.0,0.34292729451746545
2.1040000040084124,1.0304839778537889
9.336000027060509,5.717197563221697
13.276999835968018,13.18624276729207
25.240999584198,19.167937954127872
26.491000118255617,24.85880961293624
31.6399997317791,31.38974011418309
28.301000792980197,32.13560818495455
34.769000158309936,35.59222088043634
38.78799868106842,35.48187765785073
24.097000646591187,27.435905864029934
8.0099998113513,12.914558747744575
0.6320000248774886,4.533536723410626
0.0,1.296208798761571
0.0,0.511708761410509
0.0,0.3413286809173157
0.0,0.336039222239136
0.0,0.33626000477510143
0.0,0.3310643148742217
0.0,0.3772994430959492
0.0,0.36802988321967933
0.0,0.37151311974299817
0.0,0.3676270238790657
0.0,0.38239464148829627
0.0,0.39549100260846626
3.3410000249743463,1.6308592449323902
18.31899962067604,12.39117189302825
35.69800120592117,26.685334311151998
47.40600159406662,40.33905604908457
54.1830011177063,50.54561259306469
54.62500033378601,58.08008881127189
54.34499820947647,57.97464309855666
52.28000051498413,54.547509281095785
42.56399951219559,45.707376444316175
26.3959996175766,31.48351745218212
10.689999530911448,13.786995614720016
0.9030000214278698,5.0749222938192755
0.0,1.6612879554664604
0.0,0.6022883310361631
0.0,0.37541854077184406
0.0,0.3686610626564458
0.0,0.37282464223051465
0.0,0.3722507968853708
0.0,0.40663931577156254
0.0,0.3958499562865692
0.0,0.4007266043405903
0.0,0.39508553417047365
0.0,0.40701218008435464
0.0129999995976686,0.4190740697879137
4.410000080764294,1.707296789553332
18.8330009675026,11.060493724797764
36.207999353408816,24.00492171519788
49.082999103069305,37.274964291655614
56.34400165319443,49.22187164210934
58.345999794006346,57.92441864591535
55.95099798202515,58.382563317371094
49.63500106096268,56.028406750334725
39.87000040531159,47.53798502239939
25.05200092315674,32.312748113248645
10.38400023162365,13.925074099559055
0.9539999902248384,5.519243115075447
0.0,1.9241607697337342
0.0,0.6537385834572497
0.0,0.4041942592538494
0.0,0.3978112364391988
0.0,0.40198252464135853
0.0,0.40046683141420336
0.0,0.39516720080665696
0.0,0.3877699513008006
0.0,0.3890059076731101
0.0,0.38741962510693273
0.0,0.4028292674760818
0.0439999983296729,0.41495321660678136
5.635000131726265,1.814895533907762
19.242001004219052,15.01520491335103
36.91100141525269,31.090664932927695
50.33799901485443,45.36262693474233
57.46099902153015,54.856842201155075
59.70300015687943,61.37309232488699
58.00699926137924,60.66184563369716
52.64200147151947,56.86372686572831
42.26199930429459,48.21152439423429
26.120000692605974,33.37559230129647
10.571000373959542,14.263871010437812
1.070000021196902,4.944461077433827
0.0,1.6478075796654013
0.0,0.6226872301818314
0.0,0.3942199799461782
0.0,0.38836024237884903
0.0,0.39277987621976324
0.0,0.3923549224951467
0.0,0.34200076469020246
0.0,0.33402291134363554
0.0,0.3397955250874004
0.0,0.3338535234937244
0.0,0.3375082569138487
0.0,0.34200523681819195
1.7519999852776529,0.9090734741060673
5.4569999989867215,3.9435122282999977
5.789999840557575,8.775236079749769
6.417000166773796,11.402351124693636
9.0149995136261,13.419920465018558
19.696999834775927,19.4851589075478
44.0629994559288,25.919770068947365
42.25999873161316,34.961877101080155
23.73599997639656,36.350237067297684
21.991999714374543,26.763564961368132
8.799999569654466,11.056077858256298
0.1629999937210232,3.825619574428532
0.0,1.287942643125227
0.0,0.5022333735665608
0.0,0.33947982058889165
0.0,0.33687759330957673
0.0,0.33640443865056774
0.0,0.33104715955825653
0.0,0.3734018593885259
0.0,0.3643359445657306
0.0,0.36745065462345117
0.0,0.3642622033303554
0.0,0.3776822178750454
0.0,0.3882980085251811
2.2029999811947345,1.5512799086169562
19.06700019001961,11.298173661817348
33.9450004208088,24.208289751433306
34.36399921298027,37.12730313068629
37.307998015880585,47.083801694795675
58.91999983549118,55.91079144933505
59.08299926757813,57.05375839583502
53.58199950695038,54.30730120348636
43.28300204753876,46.56679896307234
26.80200084924698,33.70657722636935
10.969999601244927,15.919185251117156
0.9949999840185046,5.693734094468551
0.0,1.7602485317018055
0.0,0.5928264861341734
0.0,0.3737449298827814
0.0,0.36824858086063805
0.0,0.3712363821625535
0.0,0.3696681260713081
0.0,0.37357172290279
0.0,0.36290836465430226
0.0,0.36753365751839767
0.0,0.36494250660405836
0.0,0.37844712970181804
0.1009999962570145,0.39270980884297213
6.178999798893929,1.5242156025089086
19.624999758005146,11.616948745078965
32.94700015544891,25.213329018776264
36.19600002527237,39.00006651872167
48.48099925994873,49.48794296458001
55.86199919939041,57.21491558117675
53.43799935340881,57.35022331543565
44.51300096273423,52.90073367531276
35.67799958705902,41.17837652688276
16.03700038254261,25.450315160586953
5.192999888658524,10.144414945303108
0.5139999989047647,3.9581797496015696
0.0,1.46343103921186
0.0,0.5804391779089169
0.0,0.36680315771040956
0.0,0.3638741275663292
0.0,0.36713760056065475
0.0,0.3684224068448745
0.0,0.390026341935355
0.0,0.3805235116395133
0.0,0.3837869186207844
0.0,0.38218448194275095
0.0,0.3967545478457125
0.0129999995976686,0.41028769746751254
5.909000024497509,1.6423062137763453
18.057000596523284,12.713766975745452
34.04000092148781,27.126048802928572
45.47700176239014,41.28494573445525
51.99400078058243,51.99455167612195
52.75900005578995,59.071236810950325
49.44700063228607,58.21146671418897
45.205001928806304,53.78108012736651
32.90700102567673,43.592512642062346
19.944000725746157,28.700623927813808
4.760000168681144,12.254727344727788
0.2189999981597066,4.687918832851608
0.0,1.6004133453436007
0.0,0.6046830507161246
0.0,0.38533762097678487
0.0,0.3813860684650088
0.0,0.38569840695093965
0.0,0.38646121939917805
0.0,0.3812940439342896
0.0,0.37059621043858987
0.0,0.376252217392696
0.0,0.37057094736184526
0.0,0.37757807229722573
0.0,0.38444663442408555
0.8869999972358347,1.2533554691089002
10.01900047004223,5.8854589412466165
21.122999415397643,13.226653439849366
29.852999480962755,20.297404553708496
33.02800075531006,29.585058710787493
40.00900118112564,41.8143350324975
46.8530014038086,46.79966163393128
50.16300025463104,51.28628172499132
33.74099951863289,48.50787296529926
25.669000953435894,35.479485000825846
6.851999945938587,15.356744055036373
0.801000019647181,5.686734557916214
0.0,1.8886628836767225
0.0,0.5952470320240539
0.0,0.3840303965786172
0.0,0.3777474802801854
0.0,0.3784088293607172
0.0,0.3739435460601736
0.0,0.38930610023340945
0.0,0.3823980012671995
0.0,0.3841256224444548
0.0,0.38209609988329307
0.0,0.39780199300441793
0.3700000058300793,0.41111391349212545
8.248000179231168,1.9371894807378587
23.537000505924222,17.140068855683538
40.64800134897232,34.53272657513391
52.43599999666214,48.338612649753124
58.87399898767472,56.639233853394146
61.71100001573563,62.342517812225566
59.47799940347672,61.240102900764875
53.94100165843964,57.50412886950215
43.463000185489655,49.32285685797284
27.576000647544863,34.887161455288336
11.260999740362168,15.468650301387507
1.0590000165998936,5.274435451142609
0.0,1.69307836898636
0.0,0.6269589459261482
0.0,0.3884264882469993
0.0,0.3812909334803044
0.0,0.38656518163394865
0.0,0.3856921967386827
0.0,0.3628504868253759
0.0,0.35673123626328745
0.0,0.3583575806781638
0.0,0.3559398804130232
0.0,0.3708269100513724
0.181999994367361,0.383804642814491
3.778999892920256,1.6811296731644776
19.7480000603199,13.859673867483812
36.962001640796665,29.1164848611728
47.84600023746491,42.29647850153576
42.675000486373904,50.916386180196625
59.87999948978424,58.03573601782297
57.66400169134141,57.966059084947304
51.11100058078766,54.47449359213768
43.45399966239929,46.75725150960204
27.396000455617905,33.922750281190616
11.786000128984451,15.814060859119895
1.4249999361485244,5.593259960602755
0.0,1.7204726348741257
0.0,0.5921232064171293
0.0,0.3629183519086092
0.0,0.35655735972975494
0.0,0.3605874517827933
0.0,0.3598001139506402
0.0,0.4185164320893587
0.0,0.4073062896097424
0.0,0.41195794742711017
0.0,0.40706015196545986
0.0,0.42062221500373964
0.0,0.43242791728873203
3.867999959290028,1.833811165909198
13.813999552726743,12.349564929487615
30.53200083255768,25.72380218767058
49.370001177787785,39.05547487055143
58.99100167989731,49.59319679001762
61.84899845123291,58.58068673994229
60.0560005903244,60.15991642137892
54.67899936437607,57.894391784107526
44.42500041246414,50.58816947136236
27.79700025558472,37.14283753215221
11.984999599456788,17.428496321673478
1.481999954134226,6.397862250509824
0.0,2.1501584834332776
0.0,0.6757902979829404
0.0,0.41722689685815617
0.0,0.41145881031193926
0.0,0.41542979671320857
0.0,0.41345903633018033
0.0,0.40925565124076035
0.0,0.40074637615880576
0.0,0.4037508720669619
0.0,0.3997737724656281
0.0,0.41650414410347697
0.4440000134147703,0.43147520808860174
8.70299952328205,2.015739530786136
23.69999993801117,15.718836125705144
40.3970013666153,31.855833768691873
51.164001379013065,45.91127220041242
57.409998795986176,55.1449949804964
59.79100070714951,61.72761092046137
57.87499843597412,61.66733949491159
53.014999415874485,58.45926029707461
42.75899989128113,50.873549710618256
27.294000004529952,37.31843224520572
11.25099995791912,17.100304132748334
1.4999999733269216,6.108792617679297
0.0,2.006241349464435
0.0,0.6704772136312641
0.0,0.40916023831783216
0.0,0.4017938938595833
0.0,0.4067932748430541
0.0,0.4059836387285804
0.0,0.405970567070015
0.0,0.39787571910841685
0.0,0.40004854164139664
0.0,0.3976672971404724
0.0,0.4155404128399389
0.4129999946244061,0.4308764643162306
8.544000209569932,2.1532908129528323
23.43100096344948,19.07008607348577
40.32399894952774,37.12888187967134
52.4610009932518,51.17244765574632
58.69999845981598,59.20758361218119
60.3869988322258,64.19534220175431
57.29099963903428,63.10489411114528
50.73999910116196,59.25434110318517
42.25299878120423,51.24009523133401
26.330999491214754,37.24198295809863
11.31399951159954,16.86457003075757
1.4339999457448722,5.814171435726656
0.0,1.86902708081172
0.0,0.6599005117238237
0.0,0.40594128224694914
0.0,0.39915429969021665
0.0,0.40421932284242545
0.0,0.4035664263958459
0.0,0.40010972454504395
0.0,0.39242678662074376
0.0,0.3937293950147852
0.0,0.39325181513879837
0.0,0.41205108339125723
0.4649999930150807,0.42798301480109985
8.832999776005746,2.01117238041101
23.57900020837784,17.516278039759897
39.53300044536591,34.7725245367494
50.27200065612793,49.18832227905655
56.05900015115738,57.84006543369994
57.55199837684631,63.12064271361669
54.9299993467331,62.095704371059846
49.67000081300736,57.91133479651778
40.307998476028445,49.02017573281022
24.528999053239826,34.929918950836296
10.424000388383863,16.01667507305211
1.120000024586916,5.729609373144214
0.0,1.8314808417025796
0.0,0.6426474277707084
0.0,0.3982804333317089
0.0,0.3922861997454451
0.0,0.3975116202501055
0.0,0.3982009885831428
0.0,0.2990584709393692
0.0,0.28904934687632766
0.0,0.29658439380679624
0.0,0.2933841168374775
0.0,0.2952117948240771
0.0,0.3020206296459663
1.438999965339899,0.8091852422398385
8.1609999153018,3.9515796773395513
13.793999987840651,8.675969536136755
15.983000324964523,11.4082039914256
17.537999871969223,13.262624389152831
19.94799981713295,16.567544864596798
26.59900023341179,19.362061733542212
32.09799942135811,23.825991952425177
23.904000840187077,22.806123284998584
8.95499979197979,16.76589194351814
1.2500000205636024,8.34980639688866
0.0439999983296729,3.5403273426779616
0.0,1.2126465326854474
0.0,0.4564772675280866
0.0,0.29229476215150724
0.0,0.29679649172395883
0.0,0.29327546331693516
0.0,0.28996893403176427
0.0,0.41951854698906316
0.0,0.41064372663366594
0.0,0.4132200979289209
0.0,0.41034785693138287
0.0,0.42628321530533525
0.0,0.4398989226029296
0.2329999952577054,2.0738363894589424
9.473000230193138,15.17902158636954
24.963000086545943,30.66906625049556
41.63199965953827,44.94220586457004
53.91600066184998,54.97098469361582
60.57900040626526,62.196616475960184
63.71999810695648,62.56108879722797
61.85599840164185,60.01676530371491
56.12400027751923,52.37485591604904
45.61900134325028,38.3455782529481
28.512999877929687,18.284946251060553
12.479000354409218,6.936153180533448
1.6970000264793634,2.300301665062507
0.0,0.6949311682161323
0.0,0.4200251505181278
0.0,0.4129072110968049
0.0,0.4176220780507685
0.0,0.41645515551666806
0.0,0.3418805021167233
0.0,0.3301507407572585
0.0,0.33229949355140476
0.0,0.3343292947037207
0.0,0.3438404797357075
0.0,0.3539572652549448
0.0380000012926757,1.1323338036035475
1.6209999597072602,9.641386016531392
4.828000127077103,21.401000174956835
16.65700024485588,33.18623357235978
38.51700118780136,41.81909877075104
52.482999076843264,47.49965094180901
44.3970006108284,43.88396744028162
36.737999119758605,36.14847208691615
38.8229984331131,25.395670753960445
18.70400100111961,15.927105497460417
13.074000247120855,7.615076750925667
5.972000091671944,3.115454908387909
0.6049999960884452,1.0984038515786454
0.0,0.5033780638985907
0.0,0.3332300515059217
0.0,0.3362877765130313
0.0,0.33711188706338213
0.0,0.33873685675143334
0.0,0.39691647946192743
0.0,0.38584143119870584
0.0,0.3906743175611517
0.0,0.3859478500482755
0.0,0.39593716760704323
0.0,0.4036115587370419
0.333999999538064,1.4128516043151391
5.052999853491784,7.356070626928243
8.542999923229218,16.219700777489216
22.62399993181229,25.374412668291832
44.92799860954285,35.09574999117014
50.82900199174881,47.590955035123194
45.489001090526585,52.51877509277842
58.62400134563446,54.842737591601065
55.25499997854233,51.026870461734696
45.11599903821946,38.87956587783025
26.51699934720993,18.109094819856516
12.239000440835952,6.4051013933707015
1.738999985679984,2.0200226555062737
0.0,0.6214239927987736
0.0,0.40051564073404067
0.0,0.39456692291826895
0.0,0.39562420661388253
0.0,0.39102671524344423
0.0,0.40248737867198353
0.0,0.3947323730844157
0.0,0.3962370863242138
0.0,0.39495153847325404
0.0,0.41293647385161136
0.0,0.42750113985197935
0.8290000138431788,1.8856800944795438
10.876999673247338,14.290654445087597
25.94600016474724,29.54124957104785
41.43600104808807,43.82361486633873
51.775001745224,53.564305739580796
57.72399833202362,60.68284345299061
60.27900077104569,60.74259086201231
58.44399909973145,57.57053378565856
53.08400068759919,49.756137578882054
43.80499952316284,36.77101697596138
27.363999508619308,17.63387583290033
11.661000280976296,6.491470858995064
1.6569999980926513,2.0354047225024954
0.0,0.6512499998230086
0.0,0.40375376525010676
0.0,0.3974539211787908
0.0,0.401742889663519
0.0,0.40125660395676055
0.0,0.2952049794496272
0.0,0.2845796340747702
0.0,0.2928925157415511
0.0,0.28954672995234254
0.0,0.2883050704204623
0.0,0.2949561868035179
0.0320000002440065,0.7072830974530492
0.1730000008177012,3.2504088119180565
1.0420000270009042,7.254009652110758
4.276999996006489,8.418492598916563
5.979000042080879,8.411391773669754
5.167000146210194,8.032108455620225
9.544000020623209,7.287734831879927
8.845000131130218,10.121228212507372
10.31300044119358,12.373782843814196
11.617000005841255,10.691113441851384
9.446999974250794,5.674933390117169
3.855000088065863,2.5567236621282854
2.0939999648183583,0.9590314781492586
0.0,0.4404221652053454
0.0,0.2870779667036476
0.0,0.2962916157525609
0.0,0.2896353269200813
0.0,0.28568367342561857
0.0,0.13194904872309465
0.0,0.1372477203462691
0.0,0.13780062121155712
0.0,0.14945748738839332
0.0,0.16122914446679032
0.0,0.18507907720196803
1.13000006377697,0.7780465108107306
11.628000074625016,7.328813355965423
27.7999990606308,17.595169408404054
38.626999821662906,23.44454429907735
17.18599972486496,23.8788653371627
16.662999908924103,21.60094346068241
12.433999792933465,14.544265725356984
7.312000208199024,12.780350141629588
14.735000363588334,13.472299716498897
19.72100054502487,11.61428476298863
17.87399954557419,6.175678938204364
9.878000148534776,2.519648487524822
3.087999983429909,0.8417800035749483
0.0,0.29993014172537996
0.0,0.12621839988426342
0.0,0.14220759865771687
0.0,0.12745681713529394
0.0,0.1324886493085542
0.0,0.4086823779812707
0.0,0.3994625608697844
0.0,0.4025545186853351
0.0,0.3992587153205969
0.0,0.4156990685372699
0.0,0.43034774654370367
1.090000035390258,2.0050286713600087
11.56899961233139,15.34152005061026
26.97799989581108,31.150487914367503
43.10099922895432,45.34792288458041
53.65399958372116,54.910322331954205
59.429997982978826,61.70602971855817
51.87899866104126,61.66740502207229
51.32900138378143,58.54165764115572
55.53699856758118,50.51056278074722
45.22499943971634,36.84753182734296
28.79899961233139,17.59528119138279
12.65500042796135,6.623514049237208
1.8540000512450932,2.163806718325219
0.0,0.6748794413876755
0.0,0.4079417495420282
0.0,0.4008240874246825
0.0,0.40570875296859715
0.0,0.4051777797682734
0.0,0.4368017111166057
0.0,0.4242722197931232
0.0,0.42980947135368835
0.0,0.42480965606594423
0.0,0.43732378780181674
0.0,0.4494247656979307
0.3119999903440476,1.8950708138093464
8.253000070452691,11.247986672867611
17.193999961614608,23.3785758541145
32.9459998691082,36.0266176492842
51.40199969291688,47.21855274977364
54.94899862527848,57.350560867841985
60.09899852514267,59.82640002443936
61.327000975608826,58.567173213356114
55.30199905872345,51.6333076675658
44.89700000286103,39.02932275844439
28.79099937558174,20.411698124978514
12.595999965667724,8.327545615545333
2.003999997228384,2.721852684537738
0.0,0.7242127483366453
0.0,0.4368345622012868
0.0,0.43087603031870075
0.0,0.434625182149101
0.0,0.43141717510973165
0.0,0.4307494416345821
0.0,0.42124586737303277
0.0,0.4244402468734563
0.0,0.42062414006658055
0.0,0.4367460559296944
0.0,0.45162594826934127
1.3640000565350057,2.1169307646967463
11.765999537110329,14.909955184995553
27.17500084757805,30.05509363337321
42.85199981927872,44.24388397284749
53.26199825286865,54.34060156620302
59.377001292705536,61.61765661431007
61.055001142025,62.19466250387912
59.30800002098084,59.45936648526801
53.97400083780289,51.686974251958084
44.36299909114837,38.45631498641712
28.12700026512146,19.073390251493784
12.095999546647072,7.4917925159115075
1.867000050842762,2.4884969923527467
0.0,0.7220908973561673
0.0,0.43062823885249546
0.0,0.42430644172727533
0.0,0.4290870467955826
0.0,0.428327053490749
0.0,0.4190321411994224
0.0,0.4097885696077589
0.0,0.41297968046047945
0.0,0.41076746110824996
0.0,0.4284654059636068
0.0,0.44503518560265004
1.1789999733865262,2.1807161314765544
11.15500019788742,17.91279870903263
25.40900044798851,35.17251922153756
38.24599958658219,49.55269015701824
51.57500198841095,58.286607835042496
57.65000179052353,63.70885950172894
59.59100095033646,63.02522469729989
56.84900042295456,59.28033832337548
50.62199817657471,50.649632244934104
37.94899875640869,36.4160437618023
26.548000007867813,16.860270693949325
9.631000284552574,6.297113805231488
1.6159999401122331,2.1078681730263575
0.0,0.6857873482083237
0.0,0.4162967170299004
0.0,0.41091108360165024
0.0,0.41585334098682536
0.0,0.4164398215143314
0.0,0.33420698705666296
0.0,0.32790847881427865
0.0,0.32925777656207544
0.0,0.32837217731973367
0.0,0.3446984121857065
0.0,0.35770342413292355
0.5900000014901161,1.6055794159329424
11.195000354647636,13.944321241173128
26.45100098848343,29.376381742455443
37.02300062179565,42.77668527229177
51.3060009598732,51.42714068483768
55.64500073671341,57.93451699575039
48.31099987745285,56.636231919736865
43.195999729633336,52.39225638332953
42.53300090551377,45.18332866297954
37.80999798059464,34.979775024979574
25.709000083208085,18.98997286618701
11.521000245809557,7.108645769957509
2.076999975219369,1.9008319506349118
0.0,0.5578308419111458
0.0,0.3361190742395118
0.0,0.3302622958019155
0.0,0.3325002294465851
0.0,0.3322981532361973
0.0,0.40743802147922054
0.0,0.395932610366538
0.0,0.40060641525600366
0.0,0.3963485468748673
0.0,0.4087691637124892
0.0,0.4185866226866671
0.0499999993783421,1.6344376773385898
2.892000088244677,9.371630743859072
12.02099963784218,19.906317729784853
32.146000841856,31.21927692897674
44.62500016927719,41.89434344103571
48.00299795150757,53.35816897455248
50.45800051212311,56.76943518684096
57.73600176811218,56.54757890520946
53.90099842071533,51.5196361834473
43.65699822425842,40.57634627177134
28.107000700235368,21.685141586529397
12.364000288844109,8.343533673510137
1.875000030845404,2.5263446888095005
0.0,0.6626543979917561
0.0,0.4117682660135995
0.0,0.4061786744916772
0.0,0.407814882769354
0.0,0.4036017273219076
0.0,0.395000816224112
0.0,0.38458077989159817
0.0,0.3893897694007721
0.0,0.38498795138782127
0.0,0.3969238857677381
0.0,0.40705707345413006
0.2149999921116978,1.5475827961929354
10.522999980449676,8.935458732588204
22.55600100040436,19.356741899507377
33.35700047850609,30.131620919646302
49.02400069475174,40.38863455075367
55.38900137662888,51.181834155378155
58.46200014591217,54.20681877291654
55.96399965047837,54.505605401357286
49.12999818325043,49.84578206584747
40.26000116348267,39.39101845371005
25.088999193906783,21.155341315243497
10.004999542236328,8.18705631960302
1.7739999944716691,2.3848657413427268
0.0,0.6396439602417605
0.0,0.3996073879770162
0.0,0.3938294109996853
0.0,0.3954976355309941
0.0,0.3913822077169222
0.0,0.3854787787596789
0.0,0.3770137108517521
0.0,0.37873307510700316
0.0,0.3779828974796754
0.0,0.3961986038224275
0.0,0.41254093770490036
1.5710000205039978,1.9057708281538288
10.664999561309816,15.368190783882124
24.36100024342537,31.310388467648863
41.47600017786026,45.98173535915144
51.57199907541275,55.74044440513649
57.07099826335907,61.803123351759446
58.67100042581559,60.96951682914687
56.60900153636933,56.9494097487516
53.044001557827,47.88852315723861
43.91100111961365,34.66818943020608
28.13099935650825,17.577841289822224
11.630999906659127,7.038325365705196
1.7469999656826258,2.179816268614565
0.0,0.6410828538648464
0.0,0.3840903873698592
0.0,0.37794124423655423
0.0,0.3821003919438242
0.0,0.3837905448270173
0.0,0.2349426080704185
0.0,0.2284948719047155
0.0,0.23508648670098936
0.0,0.24159177532259896
0.0,0.24549552705409972
0.0,0.26214672793538424
0.6929999686777591,0.8002749409914812
7.941999852955342,5.755622864077025
20.560000469684603,13.313305582612008
33.03899979710579,17.576015306165083
20.63399906516075,18.106157764537947
9.28399951517582,15.679540443643985
7.591999765038491,11.220364016535372
7.053999761939049,10.012052760227078
5.6859998437762265,8.905279277062588
12.876000036001203,7.53890964812574
13.149000155925751,4.871387601045062
5.825999878942967,2.4975411252161015
1.2850000293552877,0.9113462801691421
0.0,0.39772913149207634
0.0,0.22357437328545238
0.0,0.2404659655763875
0.0,0.23116853139202076
0.0,0.23351617596452406
0.0,0.18153648106273051
0.0,0.1795112094725963
0.0,0.18430717209316988
0.0,0.18529642488034842
0.0,0.18606148373987152
0.0,0.19312889641095088
0.962999999821186,0.7963502260595555
9.829000495672226,5.842951691173459
24.478000881671907,13.678706260668926
29.62199906349182,18.01782903116039
25.89199908018112,18.721423698450884
6.098999998867512,17.929956793537855
17.213999526500704,14.332591559368238
20.655000970363616,14.565963724064448
12.812000195980072,16.436708565012218
24.616999603509903,15.35018745652714
24.958000708818435,9.464911417810148
13.877000133395196,3.8832622783143833
2.6429999083280564,1.123753921811056
0.0,0.3634632988063521
0.0,0.18421020613963196
0.0,0.20036708183209667
0.0,0.1856219306203628
0.0,0.1794861595503225
0.0,0.36668068694505945
0.0,0.3580725931153866
0.0,0.3607702289671833
0.0,0.3588885152085253
0.0,0.3719682241437727
0.0,0.38233891302864
0.5970000160858036,1.6475127898683386
8.029999889731407,13.033407766119735
27.79200087785721,27.32541077593018
32.90700102567673,40.635019822371476
52.88799796819687,49.77381062440347
61.96800171613693,57.78782251643678
59.470001220703125,57.84835644667162
52.31500026702881,54.5660017648824
48.21799994945526,47.73774045866833
38.513000042438506,36.47021433989716
24.03200052022934,19.339000599853783
10.529999930858612,7.04128431694623
3.043999965041876,2.0377454495434235
0.0,0.5972848805933679
0.0,0.3682802041556285
0.0,0.3641895361185435
0.0,0.36632404858751333
0.0,0.36464606549913314
0.0,0.3858359167079045
0.0,0.3786402280160378
0.0,0.3809366850942945
0.0,0.37815838877528274
0.0,0.39562589719403585
0.0,0.4099526705097516
1.5750000105053186,1.942010096054473
12.55100043118,14.878967384892109
27.542999414205557,30.283769943284383
42.131999051570894,44.0063419196294
54.127001514434816,52.89733112078729
60.19199845314026,60.19311767572837
62.59600078821183,60.46995462764444
62.04599940299988,57.707925700282225
55.8070019364357,51.39871509711538
45.801998286247255,41.02239180621628
29.865000863075256,22.732231602307763
13.458000314235688,8.565652503738338
2.6060000970959663,2.4280439583579536
0.0,0.6540387432024781
0.0,0.39087023336703636
0.0,0.38369256767428933
0.0,0.38685457087722297
0.0,0.3850182803982969
0.0,0.39090595938774997
0.0,0.3818594361829682
0.0,0.3858508347790595
0.0,0.38135207209493854
0.0,0.3960032064062596
0.0,0.40929384257330537
1.8880000304430724,1.8515934149509135
12.579000232815742,13.139888181731205
28.122000887393952,27.576944299426366
42.93000161409378,41.43260724025364
52.6939999294281,52.20719634471417
57.88500129938126,60.02676473673656
59.0199997138977,59.83430085925843
54.71899849414826,57.14909098275463
50.16599905967713,50.19490243176881
39.22100148200989,38.01034152609946
24.42199922442436,19.414406225551907
10.74600016117096,7.663111633888884
1.8270000224560496,2.3037453098721876
0.0,0.6543071760922545
0.0,0.3927982427416481
0.0,0.3859819659280775
0.0,0.38941900259361756
0.0,0.3882605447019217
0.0,0.31462993091831554
0.0,0.30293239683480655
0.0,0.304986633812467
0.0,0.31019412455684037
0.0,0.32376839682624087
0.0,0.339524473394991
1.494000052511692,1.2198147813663407
11.00100026190281,11.817975545347652
18.656999866962437,25.82214337125891
31.45999953985214,39.43136749700969
46.68600082635879,48.13009242884376
52.65400079965592,52.86369988657965
39.21299919128418,48.37237282254342
48.66800145626068,38.46307621816293
40.71300147533417,25.688454382318653
23.86399965643883,16.27869451610527
10.751999825239182,8.39917567894482
6.7819999283552175,3.7077694778906674
0.740999977067113,1.2417082556029349
0.0,0.49142021435199484
0.0,0.30485482692467547
0.0,0.309982265206443
0.0,0.30858747570622125
0.0,0.3142273066613886
0.0,0.34589193510448174
0.0,0.337393977133675
0.0,0.33864058211579795
0.0,0.33755256005725587
0.0,0.3543736485168913
0.0,0.3682668880237362
0.721999992467463,1.8137855191231462
13.254000439047816,16.733703882767927
29.576000269651413,33.95552696966847
44.68500091791153,48.03776045929977
55.294999108314514,56.281450750209835
61.85799897432327,61.97983884101751
64.00200080394745,60.457756030248326
60.58800092935562,56.14471978130027
52.5910012459755,48.152320892788566
38.03699930667877,35.97591380277542
27.257999966144563,18.567853941015265
13.608000131845474,6.85692656984472
2.754000112265349,2.00677617298226
0.0,0.5873172717141968
0.0,0.34788924487148304
0.0,0.34233307793356477
0.0,0.3436211718476007
0.0,0.3438153867542694
0.0,0.40082059860679436
0.0,0.3893315315364104
0.0,0.39472400981236094
0.0,0.3905006709052783
0.0,0.39909818254986723
0.0,0.40717057336563234
1.2839999997615814,1.5188673946574174
5.289999935030937,8.074222370616324
15.754999739527705,17.545316039981337
33.881000580787656,27.111118463729305
26.92799995660782,36.739379848588065
47.262001440525054,49.20428821426027
58.02799911260605,54.3511298081734
61.31899868488312,56.462207493259584
55.34300052881241,52.21472220322533
43.58399991512299,40.2852102214745
29.573999696969988,20.79774685377037
13.594999490380289,8.024547348888374
2.852999961078167,2.5268471013155693
0.0129999995976686,0.6518910981608553
0.0,0.4046397317424857
0.0,0.3996638136907615
0.0,0.40024714220194985
0.0,0.3950349939347324
0.0,0.38590974995445393
0.0,0.3782202044420213
0.0,0.3820794319540472
0.0,0.3780491005346536
0.0,0.39006947444109064
0.0,0.3999831841745202
1.979000027626753,1.6741671864690015
6.78399998754263,10.498481512249677
17.069000113606453,22.41874806878505
32.49000075221062,33.942800542929355
38.19200055599213,43.39750762329411
46.20000133514405,53.61893572567847
54.27299813270569,56.15678435257619
50.762001292705534,55.789114154949495
50.91500196933747,51.12208624081131
43.41999814271927,41.35796511784626
29.158999996185305,23.522263619998625
13.649999834299088,9.175418356863608
2.1909998828172683,2.576542162368794
0.0,0.6486095105221462
0.0,0.39342781972966895
0.0,0.38676405497352634
0.0,0.3882890591247968
0.0,0.3835876970920929
0.0,0.34088820987244883
0.0,0.332030390442783
0.0,0.33586385149128506
0.0,0.33481672239148114
0.0,0.34517945259310584
0.0,0.35466843245344953
1.5190000221133233,1.2789111560524664
8.885999547243118,9.0365886235081
16.944000265598298,19.874453994360408
27.71499936938286,30.806151239327285
40.28800096511841,39.19875485052667
41.32400184154511,47.5069522952508
29.376000512838363,48.44851542466458
42.24700117111206,45.733213758239
45.0509989118576,38.38083407696202
30.96300100684166,28.723477336320542
24.938999376297,15.881068815652457
10.39500030040741,6.3096282461645385
2.4140000635385515,1.7889553450537334
0.0,0.5401362679096837
0.0,0.33978803585293343
0.0,0.33895258385005694
0.0,0.33946693619774077
0.0,0.33847169362420654
0.0,0.40064454714751346
0.0,0.3929014395038071
0.0,0.3954111900936079
0.0,0.3927863242715269
0.0,0.41240077653469076
0.0,0.4295921841237839
2.46500003233552,2.051758997667093
13.063000178337097,14.887034383299104
27.663999143838883,30.155678288428973
41.07400009155273,44.30515679369588
51.039998736381534,53.777080172116534
56.85300156831742,60.90556581756473
59.71499948501587,61.347618248825164
58.21000193119049,58.49427624232619
55.18500047445298,51.40088502583774
43.89200184106827,40.81711659473472
30.31500031590462,23.02794679186757
14.399999949336053,9.375875027266103
3.2319998802244663,2.737023042041032
0.0259999991953372,0.6885109367650075
0.0,0.40445742504537824
0.0,0.3971642317005974
0.0,0.40088186926857683
0.0,0.4006701881663209
0.0,0.27654604971587826
0.0,0.2713183754392405
0.0,0.27088012956196483
0.0,0.2789792775435776
0.0,0.2948680602928429
0.0,0.31675533989916077
2.5289998723566534,1.2404814293254725
13.39300018787384,14.081412998493278
27.74600003004074,30.44894177776593
34.680999608039855,43.91189847069885
47.06000111103058,51.040063927836606
54.07999832630158,53.69628637424356
48.09700021982193,46.39165871946161
42.48000010728836,34.76301343719765
21.995000573396684,24.042595235535046
29.148999186754228,16.73185117992675
4.80100009828806,9.262250613586312
0.3420000116340816,3.955901475920562
0.0259999991953372,1.2177189723451296
0.0,0.4553551933864627
0.0,0.26848904174283394
0.0,0.273779933594099
0.0,0.27069951892233635
0.0,0.2788700595388884
0.0,0.3347594635697071
0.0,0.3268901929142406
0.0,0.3314238881368639
0.0,0.32848267336043896
0.0,0.337285288725868
0.0,0.3447953174949922
0.1840000054147094,1.2442222008331638
3.611000056117773,7.771897641769302
19.40700100898743,17.416954890437857
24.76699942111969,26.445591539821812
24.87800039529801,34.33178367964339
32.02900020360947,44.0426685727505
45.250998668670654,46.32976052534669
42.38000022888184,47.30379191883062
52.82600075483322,44.18676082962004
40.444998679161074,34.86246365232299
22.74999903917313,18.691434647094574
11.819999594688417,7.0137448630412305
3.5809999385476114,1.9595663284841187
0.0259999991953372,0.5400178369687606
0.0,0.3385108128561785
0.0,0.3360414601431329
0.0,0.3353992022334428
0.0,0.33129550251780426
0.0,0.2694491999459231
0.0,0.25834618460276954
0.0,0.26202560732273206
0.0,0.26593284457827376
0.0,0.27350641242902024
0.0,0.28343342135113964
1.031000022403896,0.9902495248749266
4.559000125527382,9.012562178005055
15.855999904274942,20.447994757972538
30.53200083255768,30.40503723463349
49.06499805688858,35.748053944809946
47.87400003910065,37.93268850322877
32.0930000436306,32.38375624978616
21.579000586271288,25.36981427374989
33.40499984502792,18.988382635220525
24.39999908685684,14.250848359984044
16.478000339269638,8.688406902780377
11.984000340104105,3.769832032112933
2.3399999275803567,1.1689866008896432
0.0,0.43697734335717214
0.0,0.2610587148445045
0.0,0.27035357683424105
0.0,0.26439843681357655
0.0,0.26641867495391824
0.0,0.4099912455711107
0.0,0.3995573492468521
0.0,0.40372884826884065
0.0,0.3997556304826538
0.0,0.4150944630039214
0.0,0.42885014631160556
1.2150000117719173,1.9577612606247778
9.10599989593029,12.503239511326793
31.668999819755555,25.69378279442516
43.6919979763031,39.174718730203324
51.7189980340004,49.83241709224112
57.93400095224381,58.72884138833033
64.84699833869934,60.29561048363493
63.365999441146855,58.232177876174376
57.58500166416168,51.19158532199542
47.59900140047073,40.86212978147309
31.984999928474423,24.83104212370135
15.545000200271607,10.960949614348662
3.734000101685524,3.2039526854578173
0.0320000002440065,0.7142585014955085
0.0,0.4143368276237898
0.0,0.4073062543063812
0.0,0.4101520460642471
0.0,0.4079472802238961
0.0,0.35094829201165173
0.0,0.33822871232043145
0.0,0.34045186176522263
0.0,0.3412289872353326
0.0,0.35873187979296356
0.0,0.3747701838334851
3.2400001169741155,1.6989113674338865
14.447000056505203,13.871134784411142
29.28400087118149,28.72995322798603
42.70500086069107,43.475253319838515
53.01999879360199,53.113131128359704
59.96899827241898,60.15142548663635
62.64999981880188,60.319883025213294
61.52200135469437,55.38027482811463
55.359999234676366,43.64810786751313
39.79399918317795,30.511887487973155
32.54700064182281,16.317397895199477
15.676999998688698,6.966711817532089
3.598999957740307,2.152804776901676
0.0,0.5961770160783946
0.0,0.34928879751322117
0.0,0.3493409642283533
0.0,0.3485292375287719
0.0,0.34988365226517054
0.0,0.34700157205809457
0.0,0.3389541185926291
0.0,0.3419698060810882
0.0,0.3407549816114604
0.0,0.3562648857606152
0.0,0.370191375649207
1.3240000281482935,1.5728632388889243
12.64400035917759,11.524041977338264
29.0810002553463,24.542756108944765
42.73500123500824,37.67370160610784
53.12499804973602,47.24782580857518
60.532001326084135,55.3858020973871
52.41700071811676,56.120574744513725
59.92399976491928,52.86364588407313
55.68900101184845,45.1421798623697
46.1689986205101,35.534814535627476
29.06999915957451,21.19114005136464
13.330999893546103,8.93196484557623
2.920999919474125,2.4278473745066527
0.0,0.5895942543494165
0.0,0.3491700594166023
0.0,0.3458040203243366
0.0,0.34690927930227344
0.0,0.3473219461697082
0.0,0.33313257606601965
0.0,0.3188737357767989
0.0,0.3247591847399402
0.0,0.3249723559746867
0.0,0.33087970521798593
0.0,0.33970764440715545
0.0389999987930059,0.9417269087578595
6.056000010073185,5.281982134483449
15.901999725103378,11.729942059713299
22.867999963760376,18.45281208013141
18.761999123096462,24.817657049072352
38.08000134944916,31.043704211558726
39.9440010547638,32.3216086937662
37.90800139427185,30.014723606024198
31.74699956059456,21.953532614821604
19.038000102043156,14.291500959199823
10.938999967575072,7.3504136404100215
4.489999880790711,3.512845954133708
0.8409999838471413,1.2584650403833997
0.0,0.4966859052128634
0.0,0.3237847852115378
0.0,0.32989611368998206
0.0,0.3275624237493302
0.0,0.327959654055884
0.0,0.28057855910488533
0.0,0.2717894094612406
0.0,0.2729006914421116
0.0,0.27849361669670064
0.0,0.28917877068505077
0.0,0.301973140657483
2.419999984353781,1.0371261083452121
5.536000026166439,9.549475865289192
22.728000955581667,21.53161529650972
40.262999968528746,32.85756262915411
49.881001665592194,39.96063692136756
51.8859986114502,42.25194296447484
28.35600010991097,35.456917598689394
24.120999302864075,26.200959571637405
32.014000016450886,18.958893770475065
35.31799920320511,15.04787718254721
21.267999855279925,9.966654778995354
8.725999947190285,4.653809771025248
1.45400002412498,1.3466679647237896
0.0,0.4584456629368484
0.0,0.2726177555346323
0.0,0.27980058740015684
0.0,0.2748376139307275
0.0,0.2805192825948224
0.0,0.32041764046594234
0.0,0.30738692545731944
0.0,0.31232649241053684
0.0,0.31310894725436905
0.0,0.3211287269980219
0.0,0.3315779126611349
0.840000018440187,1.0717997477153143
6.408999930024147,7.152746987811859
18.10299939036369,16.070907483050483
32.125999222993855,25.633124771744356
31.45299958944321,33.91601787184304
54.72299963951111,40.37799877943862
52.9090019273758,39.54491141709787
43.36599911212921,34.77056578478469
39.89800020694733,26.096529420141714
18.761999123096462,18.255182080948593
19.829000660181045,10.326057208344094
13.354000317454338,4.873751942808626
2.6869999267160893,1.549105095341265
0.0,0.5084382195432553
0.0,0.31326047680919983
0.0,0.31862174317176106
0.0,0.3154854808271073
0.0,0.31737509490513766
0.0,0.2912047875779187
0.0,0.2780182058234671
0.0,0.28879430669065637
0.0,0.28638917637125333
0.0,0.28672870801026673
0.0,0.2955659180275148
0.5370000055991113,0.7675563274030665
1.2139999821782113,3.596961602637565
1.9870000076293943,7.956098771587396
3.5780001065135,9.650907818828221
8.094000243246555,9.775816174716931
7.409000254571438,10.165719439892527
24.082000459432603,10.419945083553461
16.506000140905382,13.019611626045382
16.67100014567375,13.695741421099012
7.34499990105629,11.347135967595964
5.086999832689762,6.62048722024398
1.521999982520938,3.142094996966921
0.3099999953433871,1.126854194318335
0.0,0.4526367264454267
0.0,0.2818260219343025
0.0,0.29452671309745926
0.0,0.28626071504496947
0.0,0.28224282973225867
0.0,0.4414301856095082
0.0,0.4330418003415758
0.0,0.4377619164902531
0.0,0.43310275602687986
0.0,0.4502140198484342
0.0,0.4660722703926369
4.117999912053347,2.393471439034312
16.421999709010123,15.212807899244451
30.872999883890152,30.246590585802075
45.9969986653328,43.723585526597994
50.69300002098083,53.0838433343457
63.93099895954132,61.42749036252374
67.05800086736679,63.00870335713657
65.20399991750718,61.81923730738023
59.91600158214569,56.715861239257556
50.0530016207695,47.130485438530634
35.09900016784668,28.215196009816744
18.468999438285827,12.024210973506106
5.391000099778175,3.727679444135295
0.1510000076703727,0.7940680630184731
0.0,0.44863038435001257
0.0,0.43965333966213505
0.0,0.44307512814773997
0.0,0.43978777768891975
0.0,0.43648187521518617
0.0,0.4288767192438461
0.0,0.4317501809090903
0.0,0.4297538980633499
0.0,0.4509389249407242
0.0,0.47122376016510137
4.288000064790249,2.448123056962001
16.525999705791474,17.377694091979492
32.137000318765644,33.65179348260188
47.34199970006943,47.869159020191844
58.95499958753586,56.40534564184864
64.98000150442124,62.92387392703932
67.71100093603134,63.560611159118054
66.12999805212021,60.91619443671666
59.86500135660172,53.88914583321006
49.76199840068817,43.57798466582105
34.58599910736084,25.739136478391053
15.799000014662743,10.918229549813123
5.075999763906002,3.343605801747756
0.0570000019390136,0.7710763941864206
0.0,0.43988847474231246
0.0,0.4331479019991445
0.0,0.4375522680849578
0.0,0.43788277266671505
0.0,0.4050672347508212
0.0,0.3907786259496767
0.0,0.3961267680705262
0.0,0.39465676910277203
0.0,0.4091110991375933
0.0,0.42407747505734805
1.537000041306019,1.7196637616404522
8.432999748885631,11.526689525314527
21.18199987769127,24.34935039655224
43.61800143480301,38.82578061649845
56.70799907445908,50.30990338349674
63.37400173187256,58.99879703650013
65.05099924087524,59.95636482193351
62.76699840307236,55.939092593860586
49.74700026750565,44.6877862233938
30.87199959754944,30.240005312667336
15.484000192284585,15.113483702390253
10.90500050187111,6.717297381482632
3.3209999465942386,2.292935222110737
0.0,0.6571303275638869
0.0,0.3993047705857396
0.0,0.39828926935879394
0.0,0.40070294579066923
0.0,0.40254349900075326
0.0,0.30646165804899733
0.0,0.2929037517600002
0.0,0.30106331148628873
0.0,0.3015648669878255
0.0,0.30538163804290297
0.0,0.31522582037422614
2.6889999859035014,0.8532430050401028
3.5279999105632305,4.729565457942698
5.608999875783921,10.65679210277444
8.296999832093716,15.101703370726392
13.945000091791153,17.531771002774242
29.39999916911125,19.26342003166822
20.95199974656105,18.754591890803603
15.065000373125075,17.987841389505256
24.220000948905945,15.030783115782288
17.592999188899995,11.582582407736753
7.679000028967858,6.8634232363306555
4.209000037610531,3.3315165890335345
0.1799999993667006,1.1596653779106947
0.0,0.4657003165696449
0.0,0.2953612831704842
0.0,0.30687198385176384
0.0,0.30122394675978015
0.0,0.30104697940145714
0.0,0.422368612141982
0.0,0.40946506918215586
0.0,0.41550601993011865
0.0,0.4119296040675098
0.0,0.42474866029773695
0.0,0.43625788189034603
1.6549999389052392,1.6548005097851417
5.135999999046326,8.44858503483635
13.085999575257302,18.102082672803867
33.163000385761265,29.94536194666653
44.8820018696785,41.60636102828496
48.32400154590607,53.61311399638993
49.67599842309952,57.76460345706385
57.04600137472153,57.12290956566824
55.51299991130829,49.42160365421273
39.09100122928619,36.909458411670556
23.1189999461174,19.821123958260934
16.997000036835672,8.66672188329929
7.240000131428242,2.7419540210590707
0.0449999998416751,0.6854884356340571
0.0,0.42276851631845563
0.0,0.4194487486202916
0.0,0.4218169174050706
0.0,0.4191419823684281
0.0,0.25722587789388196
0.0,0.2456879861933728
0.0,0.25654381268342163
0.0,0.25843260680659697
0.0,0.2592673962198556
0.0,0.2710045202800899
0.6860000182688236,0.7059871098830629
1.6899999476969243,3.377744214846396
5.414000010192394,7.432481504430573
22.87100082278252,8.974660224939042
22.418000510931016,8.60398058534088
7.346000187397004,7.491124832865303
8.913000089526177,6.298171441325932
7.622000139355659,7.146845283220623
6.777999809980392,7.497917360056048
5.658999814987183,7.105897234248282
4.686000032722951,4.858955160382765
2.4879999427497386,2.6321421117631116
0.7940000050514937,0.9594822789357874
0.0,0.41332995006414913
0.0,0.24564655988638034
0.0,0.2656796309836677
0.0,0.2551101858948963
0.0,0.2547145467761986
0.0,0.29615958025734046
0.0,0.2908302346967088
0.0,0.29882106789754126
0.0,0.2936917943823178
0.0,0.29840772449621134
0.0,0.3054301953813435
1.9499999396502967,1.0001535565275328
8.89500007033348,5.667139250571843
14.272000269293786,13.04411474753835
17.82800075173378,18.409378225985385
29.900000615119936,21.78031791350252
28.852000410556798,26.621564516774832
27.91400089383125,28.018385224235274
29.435999207496643,31.446983904914127
37.91700191736221,31.877376649082663
46.969001755714416,27.408033207994833
23.115000854730607,16.765944677731248
9.40999964952469,6.860127273810107
1.628000038489699,1.7899364757295377
0.0,0.48366242077981386
0.0,0.298377226466054
0.0,0.29966530350486503
0.0,0.2970719126566691
0.0,0.2913794980707489
0.0,0.40954157049395534
0.0,0.3979671251594964
0.0,0.4060906280322751
0.0,0.3976066163003572
0.0,0.40667468265393775
0.0,0.4153078818175169
0.1710000058170408,1.523403246654965
4.580999749600887,5.920517394992116
13.807999888658523,12.870552707764546
29.15799970984459,19.740020906562478
32.04899976849556,28.448144375962308
36.17099902868271,43.01525856562538
45.601998529434205,51.89628145750556
48.22000052213669,57.616669996652924
57.365000288486485,56.28930487994042
48.0450017619133,48.09781893936716
35.05200108766556,28.86492154036847
17.70400016307831,12.51197850061845
6.379999842047692,3.6103287135372097
0.0259999991953372,0.7063321890636209
0.0,0.42411383054355384
0.0,0.4142458137789486
0.0,0.41267518354198773
0.0,0.40339572928682516
0.0,0.2357717791016038
0.0,0.23020527201806545
0.0,0.22682001943775792
0.0,0.23451101901998506
0.0,0.25372955512641626
0.0,0.2732383116878633
3.30900010496378,1.4129162170471794
16.70899972975254,16.245733359517544
32.10800023078919,34.56514990101608
45.93300087928772,48.24029601816812
56.547998447418216,54.38808451843804
62.5120013833046,57.10542443859204
26.566999286413196,50.72334432506511
27.667000002861023,40.11151485701079
21.682999556064605,31.739440173832904
28.80699984908104,25.851908239116014
33.15199928998947,16.417076913115174
19.958000626564026,6.738105335554215
6.329999902844429,1.7508404784749647
0.1150000013783574,0.4523795870364883
0.0,0.23491865955243613
0.0,0.24228046975317657
0.0,0.23242124522061924
0.0,0.23830426641183428
0.0,0.44672931666283877
0.0,0.43302140377485804
0.0,0.4410909709358473
0.0,0.43333488415644533
0.0,0.44224654109240985
0.0,0.4501728365555067
1.0860000453889371,1.5875087302381012
4.548000056743622,5.386504174047153
12.816000314354897,11.41996648593199
27.65199981570244,17.662406969918194
29.990999970436096,26.480733573628385
31.5459995174408,43.37336489256073
44.91199813604355,54.72995612965409
48.527998340129855,61.296838671614836
35.17399904966354,60.94897881163802
43.14200069904327,52.81531781049981
34.05499905467033,30.14686476198753
18.383999747037887,12.534468538760343
7.1009998691082,4.045007409435009
0.1600000012200325,0.7625573083038657
0.0,0.4623732383169235
0.0,0.4529748706122428
0.0,0.44992816942450425
0.0,0.4411253866798421
0.0,0.32469014705234744
0.0,0.31213156311852475
0.0,0.31439772012388983
0.0,0.3145165540047565
0.0,0.3315050994584754
0.0,0.34471972308319165
4.381999765634537,1.6038669679410824
17.17000027835369,13.570418859612559
30.65300056219101,28.827827722670598
41.257999374866486,43.26203939462895
47.63299881219864,52.16146685610725
48.22299932718277,58.816618758823985
58.4480002450943,57.726494922534144
46.4659994506836,52.73883059730394
30.90699934959412,44.15897931446743
29.676000148057938,34.088067481953395
37.88300039768219,19.9217875921576
20.05100055456161,8.108572111513698
6.074999802112579,2.2483249004569403
0.0939999977080151,0.56655610096718
0.0,0.32941148693855976
0.0,0.32990802821774934
0.0,0.32556906288030274
0.0,0.32533467985806547
0.0,0.34414668971574963
0.0,0.33083837376063513
0.0,0.33639184244582404
0.0,0.33705729872227924
0.0,0.344720615346721
0.0,0.3553062071503472
0.2839999961480498,1.0765388453163234
2.7270000834763053,6.814575812757806
10.43599971652031,15.40208378287254
21.735000067949297,24.49689940737946
32.15399902462959,32.22694109060274
50.925998957157134,38.94640007809916
49.67599842309952,38.06538346478656
37.45199816942215,33.41693666145776
30.01400039434433,25.344443477390293
27.2649999165535,17.38148560004462
14.37499997973442,9.501415018764082
6.914000240266323,4.45152692195299
2.1909998828172683,1.485805407454609
0.0320000002440065,0.5256142597639653
0.0,0.33566948568368193
0.0,0.34085848186206297
0.0,0.33927754177899977
0.0,0.34137431190239925
0.0,0.3224224830413241
0.0,0.31339225494043993
0.0,0.31947501465146716
0.0,0.318041677669022
0.0,0.3259268052042326
0.0,0.33510739387315236
0.7830000004544855,1.1140251773337593
5.079000109434128,6.7790124444777895
13.26400022149086,15.426384116511256
30.374000778198244,23.84522823105064
44.20800194978714,30.356335457562245
35.71999928951264,38.07896465781904
36.41400082826615,40.11515808661882
43.03900201559067,38.94675156168293
46.82899863958359,32.799340993954175
34.46799818277359,24.257806569856776
14.236000230908394,13.286224958772568
5.47999990940094,5.744018391805737
1.1359999845921993,1.717331238281674
0.0,0.5117349906633002
0.0,0.3175032009715554
0.0,0.32072206321630536
0.0,0.319591908609423
0.0,0.31929289191195176
0.0,0.42568425925256437
0.0,0.4149704607073288
0.0,0.42219927771584437
0.0,0.4146936840272117
0.0,0.4292106910348862
0.0,0.44201385154505296
1.7809999448806049,1.966308721335292
9.387000252604484,10.21693178555273
24.6490005505085,21.57415111953989
31.344999474287032,33.71042453020017
28.693000069856645,44.7301929232836
41.98500009298325,56.080546728253765
40.95300036191941,59.45270949094375
53.26799997091293,59.60571887884383
54.753998246192936,55.25079199483105
47.33400151729584,46.767547330106375
34.11600008964539,29.439781878355873
18.799999734163286,13.257335408422819
6.094999880492687,3.8390215972488138
0.2579999969527125,0.7537995013651789
0.0,0.4365565174267045
0.0,0.42626012007414965
0.0,0.42793432911802654
0.0,0.4223567623678032
0.0,0.4832931645993805
0.0,0.4714805492983973
0.0,0.47661251587608455
0.0,0.4710114622068762
0.0,0.48872713070188883
0.0,0.5046144665298004
3.076999914646149,2.4437217995568834
14.040999851822852,13.062443544094675
29.368000276088715,26.354154514966794
43.16700169563293,40.74803681470067
53.0120006108284,52.566603548774914
57.98300060510636,61.33088759022173
53.70700038194656,62.8580528719483
46.61600132226944,61.28069357623722
56.72399954795838,54.87545897839578
46.40200166463852,44.91852829786732
32.555000878572464,28.141559733677262
18.74299984455109,13.62885695121096
5.382000090181828,4.309707961104297
0.1830000079143792,0.869339298726041
0.0,0.4903941770886372
0.0,0.4812978484556754
0.0,0.48461662870992395
0.0,0.4818236170582731
0.0,0.39230818287293057
0.0,0.3753581961902621
0.0,0.3821191632696945
0.0,0.3817807623614427
0.0,0.39553896022962104
0.0129999995976686,0.4132782642448555
3.0980000226199627,1.5831127118696184
9.645000185370446,10.539723290482518
21.015999586582183,22.795234333328068
41.513000502586365,38.63528876047388
46.59199855804444,51.258837835629585
49.92600017309189,59.414570409585686
58.46699952363968,60.14440943274145
58.54700189113617,52.96088166360958
48.60300132989884,33.20659613576444
16.83300031840801,17.518287566932173
4.747999813556671,8.143664240211006
2.662999986708164,4.5089633175914905
0.1530000026710331,1.8000262300390457
0.0,0.6251498215212895
0.0,0.3803451078686676
0.0,0.38352404679623964
0.0,0.3851776881324006
0.0,0.38889266098484765
0.0,0.30582310730645806
0.0,0.29451526581038256
0.0,0.2963682211211264
0.0,0.3011759558915423
0.0,0.315638120600636
0.0439999983296729,0.33271119761919354
4.989999786317348,1.2419846206552163
14.541000270843506,10.825916654437611
30.888000071048737,24.170133458879704
36.44000005722046,37.57264910504044
44.5270008635521,46.12810392024135
45.64900171756744,50.52256826693465
44.27400030851364,46.3949179561039
44.71000191450119,36.56749094621047
25.63900057911873,26.0502566916197
25.98799986720085,19.954633001130276
13.404999516010284,13.254371134206462
5.9119998565316205,6.502991887127222
0.7129999828711152,1.8420089799771417
0.0,0.5158608613522901
0.0,0.29766978624463436
0.0,0.3027215434858372
0.0,0.29866741651687695
0.0,0.3064197513746922
0.0,0.35828155239800685
0.0,0.34590685224971474
0.0,0.3561119281728111
0.0,0.348100577573632
0.0,0.35268535966801784
0.0,0.3602499623899471
1.4349999753385785,1.0046497989892802
4.311999748051167,3.498205625115978
6.456000037193299,7.571539553097349
9.53400023818016,10.641844215515688
19.8210004234314,14.31595686242437
28.89299982666969,22.14544105439738
26.759999092817303,30.09308790930055
24.382000094652177,38.19515469802606
42.96899840354919,38.11256748926674
34.70400003194809,30.693983699591342
19.6130004298687,17.05478885372503
12.97300008237362,7.647591931564978
4.171999969631433,2.2563773004787113
0.0,0.5661852976785742
0.0,0.35984196633233834
0.0,0.3589456711139605
0.0,0.3563458189247902
0.0,0.3499663515168165
0.0,0.4471465656388292
0.0,0.43474418577641566
0.0,0.4417542338588609
0.0,0.43439391719811726
0.0,0.4483261653844941
0.0,0.4598767423142317
0.9559999852254988,1.899677061451166
7.245999795496464,8.835222961529105
17.188000297546388,18.777489899943603
31.381999799013137,30.09197248191719
45.97099943637848,41.46163173041685
38.44300053834915,53.693306161329424
50.04099818468094,57.72685351608931
61.97300109386444,57.98255482696004
56.31200070619583,53.97246338270449
47.63400115251541,46.64222553485862
34.8759999871254,30.91333768501338
19.73700101852417,14.535618734675305
6.5390001827478414,4.118495354065233
0.4149999896250665,0.7811746719928723
0.0,0.4604283217616189
0.0,0.45138496032516967
0.0,0.45175787162278425
0.0,0.4448743846467797
0.0,0.4421456539027459
0.0,0.4284280317396476
0.0,0.4352038365399468
0.0,0.43366143416829367
0.0,0.4518485794997585
0.0320000002440065,0.47120654602669737
4.787999970316887,2.0865510667420137
15.563000219464302,12.539261192680396
28.646999222040176,25.891596852513715
42.25200054883957,41.366793433625304
51.43499887228012,52.819544271269606
56.19899915933609,61.22154996617157
60.59500087976456,62.893343143983394
58.815998811721805,59.83883079111925
50.24600142717362,48.817420617742904
41.87300088644028,35.02491438098065
20.245000647306444,19.272889083751252
7.495000232160091,9.2915228529555
1.4339999457448722,3.085666097599311
0.0,0.7437558310996166
0.0,0.4385987832755445
0.0,0.43677285371154423
0.0,0.44028970469201956
0.0,0.4417865805830406
0.0,0.2695321251799201
0.0,0.259063666467798
0.0,0.2708842230168479
0.0,0.2649729615282715
0.0,0.26728674391148866
0.0,0.27557113429918434
0.2220000067073851,0.8533895138813773
3.588999918550253,4.025155625475962
5.004000200629235,9.188847893288871
17.489000219106675,12.370088109682523
26.467999694347384,14.0781622672058
33.00899942278862,15.998595769086583
9.829999755024913,16.736720970649273
26.070998985767364,20.867228812044544
21.95599967598915,23.048479047243724
22.96200017809868,21.961330990869413
18.25299920797348,15.413940744803925
13.067999556064606,7.15462827962869
2.261999929994345,1.806530106333578
0.1009999962570145,0.4572086111663034
0.0,0.2705354765447329
0.0,0.2789553259826188
0.0,0.27095122064128024
0.0,0.2629611750554182
0.0,0.35848446776441806
0.0,0.3445483383831367
0.0,0.35415309030150244
0.0,0.3494421046424438
0.0,0.3527240151584743
0.0,0.361859297747154
0.1020000017806887,1.0135474072483475
1.5630000405013562,3.963514181091794
6.003000238835812,8.722725876281867
19.372999489307404,13.13686192585782
19.27399989724159,18.648025397547222
27.75999993085861,26.24296544013589
31.32800076842308,31.36333924473093
31.76400032043457,35.00826701489375
39.486001365184784,30.656837243772323
30.852000032663344,22.87013749585435
16.850000051259993,13.305115337688157
7.023000128269196,6.826633357951545
0.9440000152215362,2.1271428252085887
0.0259999991953372,0.5659044659746926
0.0,0.3528741458087088
0.0,0.3552851001643638
0.0,0.3535749620879163
0.0,0.35110221921502033
0.0,0.2977381503247477
0.0,0.2832866253739913
0.0,0.29573274773772684
0.0,0.28645107979145196
0.0,0.28558519023923395
0.0,0.29229745358202097
0.0259999991953372,0.7640668729599583
0.7389999820664526,2.412441198917538
3.316000055372715,5.102096447858217
6.46999993801117,5.97638572898488
6.379999842047692,6.815198159218745
8.332999870479107,9.058754839516626
19.507999119758605,12.324634522830534
22.649000928401943,19.721261828464662
36.7040017080307,23.27162739181847
23.416000776290893,20.265457360152467
28.440999801158902,11.855096114380403
15.674000166654588,5.553009552089025
7.412000086605549,1.6687702684450676
1.8020000528544189,0.4859775439861262
0.0,0.3005939873523408
0.0,0.3084146669616261
0.0,0.29790728104391484
0.0,0.2862818635136147
0.0,0.4785798736754902
0.0,0.469705680742808
0.0,0.47387641202945197
0.0,0.4678064061462849
0.0,0.48862747245982796
0.0439999983296729,0.5066549636726256
4.643000043928623,2.6870373472186806
16.191000318527223,15.674737934177564
31.08300045013428,31.209160101897446
45.39699939489365,46.09130329037291
56.65400004386902,56.494248255476016
63.358001258373264,63.756556563974364
65.50500189304351,64.38824593576952
63.64200042009354,62.722445220833805
59.06100118398667,57.59957751447288
50.05499808549881,48.547832103189336
36.981999151706695,29.083388591966894
21.538999402523043,12.978718900414359
7.83200019210577,4.113226254019516
0.7519999816641212,0.8668042009386628
0.0,0.48985312171477047
0.0,0.47881597696082756
0.0,0.48202402865942334
0.0,0.4797807781981471
0.0,0.4595521123352388
0.0,0.4508605600207089
0.0,0.45452159246558865
0.0,0.4506126702013629
0.0,0.47236742506768714
0.0380000012926757,0.49161285771720387
4.726999962329865,2.777214260265004
16.526999992132186,19.754650717656233
32.24899952530861,37.76052553030568
47.65300043106079,52.464371231881024
58.88400185108185,60.57445130658343
65.40699847936631,65.8359955974135
66.20300046920777,65.6089424220976
61.933001964092256,63.227643593662165
59.640998835563664,57.35185906829722
45.4490019607544,46.46080908399032
34.08700000166893,24.963776564629207
19.172999732494358,9.823445619581376
5.739000128507614,3.193512951451208
0.3970000025257468,0.8029925032563517
0.0,0.4653752253444448
0.0,0.456632559053301
0.0,0.4606437967625297
0.0,0.45991072624130797
0.0,0.4766367373160502
0.0,0.46711385000189276
0.0,0.4714245284109525
0.0,0.4658738197809823
0.0,0.48652527576883614
0.0320000002440065,0.5041017337283283
4.613000183105469,2.703080122947849
16.13799952030182,16.67567260645584
31.08599925518036,32.84566466856758
43.300998985767365,47.57666633644335
54.44100105047226,57.053395078817886
63.884998111724855,63.96806690460156
66.56800023078918,64.53116547455397
65.08099961519241,62.60695666593867
59.796000084877015,57.29539447101502
50.713001639842986,48.06507688341289
37.048001618385314,28.504024534733354
21.26400076389313,12.260932404293946
7.28599995225668,3.910068661687649
0.6170000302791595,0.8555524059075965
0.0,0.48523247085938226
0.0,0.47520505526512546
0.0,0.4786538355011872
0.0,0.4764299378813463
0.0,0.3184155820250869
0.0,0.3034563589686916
0.0,0.3087895949871305
0.0,0.3096757591117153
0.0,0.3192388420513844
0.0,0.32917767066783216
2.190000109970569,1.1500325456245397
9.233999575972556,8.467959794647584
15.780999995470047,19.38202915656384
20.543999996185303,31.2048354674304
40.618999207019804,39.81448764485839
44.831999876499175,46.35003111314643
48.15299982309342,44.15863652057264
40.51899932861328,36.79710328676598
34.906998593807224,26.813444096481938
21.800000194311146,18.65647844790395
11.80699998021126,10.684535987652092
10.395999559760094,4.857179726273104
5.73500001013279,1.5207169690894562
0.2820000011473894,0.5045923866216587
0.0,0.310811863325962
0.0,0.3177987832156264
0.0,0.3137482391515993
0.0,0.3149649373053076
0.0,0.4942223597862187
0.0,0.47989111584652167
0.0,0.48752175061273545
0.0,0.4811615503191221
0.0,0.4977724354066474
0.0,0.5131719000056031
2.3309999179840086,2.344039214501438
12.674999992847445,11.202495969860582
26.55399967193604,22.989413509170944
42.651001830101016,36.82211901093731
49.826000294685365,49.01048377094546
59.08799864530563,59.621719166598545
64.02899826526642,62.45833581898353
63.953001151084905,61.688391203768134
58.50300161600113,56.148976617096444
49.25299848556519,47.00927610315593
35.805001034736634,30.2215032976085
19.057999666929245,14.77183850634225
1.77799998447299,4.679236421300239
0.0,0.8753837119286396
0.0,0.4997254262180314
0.0,0.49196182209556094
0.0,0.49518931367780616
0.0,0.4914651575914897
0.0,0.3162249954906019
0.0,0.2991511368484991
0.0,0.30267665594725185
0.0,0.30854693888106527
0.0,0.32262206551255423
0.0,0.34377692107224456
1.8140000228583808,1.2875172872369913
6.729000157117844,13.416353269959666
28.38999957561493,29.317878037100364
42.12099795579911,44.9236775087683
52.93599938869477,53.64586562214246
59.603000278472905,56.149722098508626
59.802001802921296,48.92399174398853
24.537999576330183,31.535951417901423
11.116999586820604,15.724740266667608
7.192000251412392,10.112355428732142
4.137999990433455,6.910465258850547
0.8079999700561166,4.081065927775498
0.0,1.3934524557882082
0.0,0.5183863168413636
0.0,0.300591366156836
0.0,0.3087768678613846
0.0,0.3047153515715077
0.0,0.31529729233637765
0.0,0.31325406738998085
0.0,0.29680597169383843
0.0,0.308931061235547
0.0,0.3054516551741651
0.0,0.3048822749635433
0.0,0.3140544847831503
0.0,0.7877971765448919
0.447000005915761,2.9675619525125065
1.7219999960809946,6.431440710613416
3.5829999977350235,8.255246726125682
11.006999925971032,9.480328945620442
13.749999712705613,11.151028121281277
18.625999206304552,12.758386295656011
22.063999791145324,14.812713481315685
15.839000171422958,13.86106652835305
14.035000187754632,10.893314188909565
10.546999663710594,6.52360496353864
5.750999970138073,3.6082993843967106
0.6589999894797802,1.3201029164427034
0.0,0.4874792562552714
0.0,0.3008862158530137
0.0,0.31532794887023824
0.0,0.30678230987676525
0.0,0.3038578812690679
0.0,0.3218906430794613
0.0,0.3069605711019644
0.0,0.31789232675788376
0.0,0.3126551817151176
0.0,0.31539873236065596
0.0,0.32376684940723455
0.0449999998416751,0.9055179715796546
1.2919999797642232,3.8153789896411596
3.315000025779009,8.575852724427369
9.398999580740927,12.201819430449499
26.434000228643416,15.201757835297409
50.23799913644791,19.40266963355868
45.70700189352036,22.123682335049423
37.11399997711182,24.94050827318282
27.26899900794029,24.25139499782741
31.20600075244904,19.850047235123654
23.450000241994857,11.955221092657117
13.767999731898309,5.736411663159137
4.380999992787838,1.7642294408553116
0.4340000063180924,0.511711477172581
0.0,0.31667185988235474
0.0,0.32472050305677563
0.0,0.3185101340490066
0.0,0.3141190938785249
0.0,0.5198285318714049
0.0,0.508638095360842
0.0,0.5152342976550337
0.0,0.5072166368078683
0.0,0.5270430791383592
0.0380000012926757,0.5448796822327794
4.371000210344792,2.8553140447653385
15.650999742746354,14.70978567087699
30.570999675989157,29.01485310162849
45.43699852466583,43.39822038924983
56.43099986314774,53.94735283267322
63.002002019882205,62.63791261309387
65.49999840736389,64.49844264697751
64.28100058794021,63.33666087870606
59.26300151348114,58.74954098854493
50.81800089597702,51.07386284057079
37.97399975299835,33.31377705479562
22.92399956703186,15.95196786086448
8.913000089526177,5.219965061616835
1.0779999370127915,0.9636724107191178
0.0,0.5320454012807998
0.0,0.520233803341235
0.0,0.5231612907873324
0.0,0.5189542530530089
0.0,0.5137603863760235
0.0,0.5026547818632381
0.0,0.5092263898622352
0.0,0.501391689167348
0.0,0.5221311489202064
0.0320000002440065,0.5407048298337591
4.649999994337559,2.8357758148342276
15.690999899506568,14.706210223920058
30.367000827789308,29.13085261955549
44.25599926233292,43.57469135227813
55.94500037193298,54.105708626349255
62.95400059938431,62.69254209751509
65.94799934148789,64.42931507233386
64.75099960565568,63.242786256513995
60.25600034713745,58.60951621854923
51.46099810123444,50.851040169095015
38.69600109338761,33.00404262937566
23.416000776290893,15.779482296006108
9.146000052690509,5.111743772535816
1.1120000445842744,0.9523159628796694
0.0,0.5263599523580622
0.0,0.5143758896554347
0.0,0.5172288927510498
0.0,0.5131949626429311
0.0,0.4042557855277253
0.0,0.3910651297701817
0.0,0.39679610529624304
0.0,0.39406885069699454
0.0,0.41210605027689534
0.024999999689171,0.4282546223144796
4.274999936819077,1.8984319666803886
15.23300020992756,11.360506764082082
29.809999492168423,24.40194631127965
44.19099913597107,38.939280587932615
54.8979983997345,49.77165045113676
48.68400192975998,59.25631261871346
46.89300053358078,61.30391295223392
53.346999998092656,59.27909653499114
55.5710000872612,51.50549257569242
37.72200153827667,39.87704448245796
34.07799947857857,22.763450824445933
19.118000415563586,10.236428150397808
3.361999876201153,3.131001930802547
0.2160000056587159,0.6937695875379706
0.0,0.4066476300433501
0.0,0.4036949439752854
0.0,0.40472961756045434
0.0,0.4038523881206242
0.0,0.22362352648002154
0.0,0.21156188455548885
0.0,0.22196949343387795
0.0,0.22780917480025192
0.0,0.23135271846392536
0.0,0.24522942354339045
0.7620000208541751,0.7627215995100897
6.752999840378761,5.044443690066556
21.115999464988708,11.98744689741127
34.9419983458519,16.91492563977902
39.95899918794632,17.598614972113054
30.15100059747696,14.743278571146929
19.061000525951385,9.5148175580317
5.800999909341336,7.34998822011166
5.752000256478786,6.51864494012692
6.686000168323517,6.654111499135206
3.473000080138445,5.551914192595982
3.2660001161694527,3.108061388652029
1.13999997459352,0.9895334282396648
0.0510000008903443,0.3877980367118597
0.0,0.2116468291871077
0.0,0.23474970758334984
0.0,0.2214405266091371
0.0,0.22443004095968022
0.0,0.42970627240574255
0.0,0.41535740051180975
0.0,0.4215577510469367
0.0,0.41846769985799587
0.0,0.43650314545597096
0.0,0.4554515699690774
3.874999909698963,2.1183128732164405
14.553999885320664,13.152991192861679
28.960000525712967,27.71705967499767
42.59499811887741,43.34713080804521
53.0810018825531,54.67718558232311
58.68900147199631,61.93894194792005
60.97499877452851,62.09151349254263
55.99800117015839,58.708259735668044
32.87399979233742,48.99671385816548
44.631001887321474,36.9758352033536
20.560000469684603,22.179488860202355
15.487000024318696,11.092025409154749
6.295000150799751,3.4719975079228163
0.5080000139027834,0.7540819561486366
0.0,0.4290726305817758
0.0,0.4253424435530536
0.0,0.42736844354973375
0.0,0.42882186730502486
0.0,0.35683835052651375
0.0,0.34017538318199086
0.0,0.3498793255883728
0.0,0.34160043398672624
0.0,0.34549564392529186
0.0,0.35210669198599986
0.112999998354353,1.0146419561434452
2.028999966830016,3.4449291297805917
7.7769998481869695,7.6546011997469225
12.408999823331833,11.541594780679423
16.434000064134597,17.077876968087203
31.614000502824783,26.65642793565243
43.54699959039688,33.76429514355942
41.93899924516678,40.67485972919847
34.174000265598295,39.8703099258674
29.411000264883043,30.69734101851099
28.626999657154084,16.32700105535335
14.559999549388886,7.272688435024151
9.38000030219555,2.2506314214942895
0.8519999884441495,0.5801563614268106
0.0,0.3662256272325368
0.0,0.3652209418771625
0.0,0.35755000692390554
0.0,0.34747392809944305
0.0,0.49431946495878454
0.0,0.4795990294161027
0.0,0.4879847191579277
0.0,0.4794289665267949
0.0,0.4911857122373185
0.0,0.5011944225769881
2.24900005877018,1.9425561847763948
9.50900026857853,6.534877054023885
20.378999991416933,13.948970487315451
31.09399949193001,23.21675047834256
42.32900000333786,35.42502769167404
49.744001462459565,51.73733361281857
62.73199865102768,58.99796140982996
61.52299958705903,62.15443429231447
58.04100078105927,60.23569574174252
50.79500047206879,53.072174364440194
37.69700054168701,33.741152350979945
22.89599976539612,16.107509131157833
9.190999587178233,5.13758519645992
1.1139999753981829,0.8754087980078549
0.0,0.5138506213046088
0.0,0.5013937834558209
0.0,0.49879033874568446
0.0,0.48984782730696086
0.0,0.5115026731444972
0.0,0.4972417926961306
0.0,0.5061411578169573
0.0,0.49868987134118353
0.0,0.5159476984379596
0.0,0.5326103018336661
3.5369999201595785,2.3174066186952214
14.269000437259674,9.258663957992686
23.883000988960266,19.37535798983805
30.41999957203865,31.864871282492558
53.40000079631805,44.554206819005216
61.06299932479858,57.35750090431872
64.01199955940247,61.71943809042823
64.14800153017045,62.17522320310394
59.34500034570694,58.06393364024757
49.78999820232392,49.96078568365108
35.87200173377991,32.13923300028448
20.781000077724457,16.268237907903075
6.793999769985676,5.284502475368335
0.8310000088438392,0.912556339053874
0.0,0.5200085078901959
0.0,0.5115342006950744
0.0,0.513920477940814
0.0,0.5093742233027265
0.0,0.3357753353625714
0.0,0.32420660021246533
0.0,0.33538398099557426
0.0,0.32518686066819336
0.0,0.32861505967055626
0.0,0.33515461197281143
0.8770000222325325,0.9354662170541306
10.632000381946565,2.7826692627866167
19.82399922847748,6.065508849380162
20.091999970674514,8.435854630582975
8.615,12.21189817715499
10.496999724507331,21.053678279542552
14.846999570131302,29.751432919770657
19.90100073695183,39.338052258495495
46.52500196695328,39.288384240664186
27.09299996137619,28.86846048259678
15.541000081896785,13.524081184720076
16.62299975216389,6.045786427286864
8.35700006723404,1.9666543414418667
0.447000005915761,0.5357257916151545
0.0,0.3401722703402944
0.0,0.33966656705840487
0.0,0.33489906812261083
0.0,0.32601875771140815
0.0,0.3000636140113726
0.0,0.28804382510734233
0.0,0.2985842528181643
0.0,0.2913562357678312
0.0,0.2953281009689743
0.0,0.3025442391734855
0.3820000079274178,0.9396031421794664
2.476999873965979,4.176017691428481
7.0930001458525656,9.735832169632634
10.086000142097474,14.04260956353063
22.428999552726747,17.33692599832341
28.342000209093094,21.906630954722488
25.2249991106987,23.83446841040203
29.199999412298205,27.910977784573724
31.754999797344208,29.95126838055384
29.88400014162064,26.90838336107462
29.43799978017807,17.27509478143189
12.461999594569209,7.660580853507657
4.790999802350998,2.0137639410143535
0.2149999921116978,0.49995442216619823
0.0,0.30464617099755675
0.0,0.30978792620023443
0.0,0.30190605517569796
0.0,0.2928013411195204
0.0,0.39814679412859505
0.0,0.3839495912469268
0.0,0.396601940849109
0.0,0.38209861923537314
0.0,0.3884596145753265
0.0,0.3963903434651449
0.3749999933317304,1.2395666660116111
2.2860001267492773,3.309741192272381
7.516999856233597,7.185900258805555
14.046000256538392,9.835963807889785
22.82700054764748,13.576955136763699
26.670000023841855,24.758906597066414
22.331000247001647,38.307977093561
43.93799858093262,51.90811857232967
57.67899982452393,56.128378418949815
48.41700147390366,52.815387031167866
36.349000701904295,36.722026288850245
22.9840003156662,17.68254333932152
9.539999902248384,4.69374662064835
0.9350000056251884,0.7164575999374336
0.0,0.42691889388314186
0.0,0.41006439658924365
0.0,0.4022642078722552
0.0,0.38682651671912177
0.0,0.539706007350451
0.0,0.5254546159188898
0.0,0.5341554764871574
0.0,0.5263000447204624
0.0,0.543733951436532
0.0129999995976686,0.5619287916154625
3.334000074565411,2.627867871928708
13.354000317454338,10.979038060435979
27.317000428438188,22.507475698830575
41.16000006914139,36.558295937612044
51.77800055027008,49.52728883472472
58.44899847745896,60.20557507137845
62.796998777389526,63.1274030806585
62.40300098180771,62.44669109803765
58.40399996995926,56.84926570859334
49.72199927091599,47.99401389932533
35.512999582290654,31.930910325852672
17.440000566244127,17.265419068724576
4.0329999640584,5.775774878070638
0.5430000226944686,0.9904485048471651
0.0,0.5462041355574869
0.0,0.5368550553843072
0.0,0.5408104740435692
0.0,0.5375110086712513
0.0,0.5148855695358665
0.0,0.5002518222795654
0.0,0.5080598396324698
0.0,0.5023990090563526
0.0,0.5178028688353413
0.0129999995976686,0.5330123934573185
3.680000044107437,2.276068532028807
5.621000230908394,9.471095007423319
25.78300073266029,19.904052394555897
40.02399931430817,33.46922474366444
51.83800129890442,46.855534370166914
59.05299889326096,58.483348129197495
60.26900201559067,61.76993877988157
59.22699942111969,60.961066026593834
56.29899903774262,54.77427024930641
48.5270001077652,45.087035293111896
32.63900028347969,28.815076678916128
12.465999712944033,14.997445057883096
3.406999924182892,4.878754324238253
0.28499999364838,0.9020774731429287
0.0,0.5200680303858123
0.0,0.5139887279363192
0.0,0.5167742728224769
0.0,0.5132384225837396
0.0,0.283057972517706
0.0,0.26902026181816696
0.0,0.28333293716949143
0.0,0.2816108992520649
0.0,0.28027045192176653
0.0,0.29147204109985575
1.954999959245324,0.689776722825304
12.469999831318855,2.3990728067535234
13.308999755978585,5.178281467683767
10.168000001311302,5.9629914011200675
9.015999799966812,5.74656319960892
9.344999523162842,5.284127237405119
6.220000241994858,4.918181813474673
9.2760003054142,6.398052534763158
5.536000026166439,7.169917288691691
1.2370000209659338,6.90171722151275
0.2890000157430768,4.832638403972609
0.1140000038780272,2.9292646259716584
0.0,1.074113295698632
0.0,0.44379579891341064
0.0,0.2696520145673366
0.0,0.289965191088682
0.0,0.27903531153547667
0.0,0.27724440490803626
0.0,0.2871821480986128
0.0,0.2743857047231269
0.0,0.2873560162322987
0.0,0.2787921350834788
0.0,0.2790300079758754
0.0,0.28561580762575334
0.0,0.816487556761104
1.5540000309050084,2.9839450232755262
7.278000229001045,6.776241346002789
14.046999515891075,8.819874480722095
21.09900075912476,10.170699495398352
28.33999963641167,12.841186445144643
32.07099990606308,14.947090645048005
35.0270000910759,20.645666799202772
18.47300058364868,24.916397572050982
23.38500011563301,22.932438776608514
24.67700035214424,14.419390943416653
15.5649997651577,6.728300089714985
6.333000248372555,1.8792520202857645
0.8039999800547958,0.4837851898901506
0.0,0.29043186024794804
0.0,0.2986927564041057
0.0,0.2882560945347272
0.0,0.2784712030436738
0.0,0.46121853891934755
0.0,0.4497973307669259
0.0,0.4591078021891008
0.0,0.44848799610033224
0.0,0.462109615669259
0.0,0.4733274564654039
3.4429999625682832,2.0358921771705063
13.881999511122704,7.915405050400584
21.48099922657013,17.32668061528136
39.82600013017655,27.78320253261404
47.876998844146726,39.006726220517
41.661001801490784,53.8612571409133
58.86199965953827,59.75506628268923
62.47599929094315,62.085434553494224
59.69899901151657,60.33259619127236
52.09400065898895,53.888288732418395
35.213998179435734,34.68823491711552
24.16200077295304,16.14600975087273
9.908999782204628,4.944655343153758
1.5569999913126231,0.8413327554429663
0.0,0.4825692096936463
0.0,0.46901528450678837
0.0,0.46745708645325906
0.0,0.4578946453313665
0.0,0.37077964438111904
0.0,0.35208459633589684
0.0,0.35759757228949973
0.0,0.3588824862115547
0.0,0.3773052147703726
0.0,0.3968778706301474
1.6500000476837158,1.7169482204830662
14.336000109314918,14.017741140895277
28.2119999563694,30.579505059440876
42.287000300884245,47.89165599330391
53.66399833917618,57.96746482727778
60.60000025749207,63.19528673169966
62.452000634670256,61.23121479765419
56.72199897527695,52.41868826010324
28.85499921560288,34.84265376376122
23.56799911260605,20.21058328304268
11.99100029051304,9.798832434645389
22.4330006980896,4.895103739305494
9.460999875068664,1.8025562222121048
0.8620000276342035,0.6028971167626874
0.0,0.3612155943109792
0.0,0.3659699522141945
0.0,0.36392657214917834
0.0,0.3688608084414972
0.0,0.44983535064974495
0.0,0.4392140381509835
0.0,0.44759583203798087
0.0,0.4374896319321643
0.0,0.4515247387296949
0.0,0.4631581323184273
2.218999941200018,2.1328416136945414
11.999999786615373,10.18271014658981
25.0899994802475,22.114259177403845
33.54099976181984,34.92454211444222
37.17999833583832,46.37645615904389
38.26699943780899,57.53257016955895
41.12599854946136,59.71450395396759
53.8810009098053,59.347205408546245
59.94400138378143,56.040457037067746
52.163001930713655,49.89049289356857
39.716001496315,34.90249845754285
24.706000440120697,17.108658457863164
10.399000418782236,4.817375642857195
1.5800000301003456,0.8275915655010406
0.0,0.4693536305447253
0.0,0.4557351618038645
0.0,0.45535271845542363
0.0,0.4470508635499334
0.0,0.4747368424048805
0.0,0.4586553553556467
0.0,0.4661173348584666
0.0,0.4602947957860703
0.0,0.47651060981527427
0.0,0.49245010769045444
2.7839999730885028,2.351751137098881
12.701000248789788,12.445928157695953
26.8240009868145,26.05524298174977
42.6910009598732,41.730546174242136
54.77600043773651,53.870160116029474
61.92000029563904,62.662570199883234
64.17200018644333,64.08537684600763
58.48599880218506,61.98852252942162
49.212999355793,53.948084267153945
37.03799875497818,41.8858821833059
28.654999458789828,25.08086194741974
20.944999796152118,12.594636027331225
12.611000152826309,4.2010239176327
1.9859999780356885,0.8481565481195181
0.0,0.478065894824579
0.0,0.47179941428177175
0.0,0.47362058275701796
0.0,0.47146523930720885
0.0,0.5254776630656425
0.0,0.5137079530435696
0.0,0.5205651314670243
0.0,0.5118203586568449
0.0,0.5296630710966812
0.0,0.5456005694211923
2.837000001072884,2.685112648924699
12.978999746441842,11.935857107275204
27.33699999332428,24.50636889107146
41.66699941158295,39.041215881622115
52.94000053405762,51.581824445055844
59.96399889469147,61.70383221422501
63.02300187110901,63.86252121786088
62.45700001239777,62.89834207259405
58.8689996099472,58.11642253958651
51.09299953460693,50.21006372622707
38.76600059747696,33.56803487151972
23.679000086784363,17.340603147197008
10.026000420451163,5.642349616694009
1.5360000117123127,0.9799066933506599
0.0,0.5410299930484801
0.0,0.5285090385493444
0.0,0.5302882790958934
0.0,0.5249464731789026
0.0,0.4644886634816397
0.0,0.44811927260376244
0.0,0.45656983934912937
0.0,0.45067178861494794
0.0,0.4667432010117114
0.0,0.4841228018771427
2.658000095486641,2.195509793749891
12.457000216841696,11.475617082876234
26.14599992156029,24.727939123317142
40.32100014448166,41.09442064292438
51.96100160121918,54.420150372119565
58.682001521587374,62.990193109210146
60.80099824666977,64.05951635813177
60.470998237133024,61.31776960062346
53.683999958038335,51.363660953090594
29.74699993848801,36.65164273937572
21.233000103235245,19.34382997215839
19.328999214172363,9.883764655260427
10.56199985086918,3.50753553854904
1.2190000017732383,0.8007279145471878
0.0,0.46267403154038234
0.0,0.45837764664753533
0.0,0.46098671113108325
0.0,0.4605510117554623
0.0,0.452552667637124
0.0,0.43957794014765894
0.0,0.4490376929394585
0.0,0.4428415720376519
0.0,0.4546907741660135
0.0,0.46669019035340487
1.99399995803833,1.7316004602706532
12.985999696850778,6.138655280854851
24.811999982595445,13.61933620919572
31.9259994661808,23.383604657986986
38.039998111724856,35.00164345432853
42.35299865961075,50.46416120448591
49.88699927568436,57.68793174300813
51.908000802993776,59.78278355242843
52.33100074052811,55.08228858086774
38.34000185489655,44.0529544001366
20.6989991915226,24.77438986901111
9.043999601602554,12.161873650033705
2.180000070780516,3.9897065977551702
0.1140000038780272,0.7689140986145802
0.0,0.45709665571374186
0.0,0.4517108603688729
0.0,0.4531822451847926
0.0,0.4491262248815268
0.0,0.4168608184107619
0.0,0.4001213215412295
0.0,0.4085029966426466
0.0,0.4007865317904885
0.0,0.4112230645820627
0.0,0.4204572783870723
0.5319999860040844,1.611879224575062
7.471999808251858,7.126896977383015
15.790999777913092,16.11518129794017
25.423000348806383,27.45954115765919
40.42799997329712,39.755259627490446
51.01300127506256,52.90936026919626
41.06799837350845,56.53128591630504
46.844999113082885,56.53274459788001
56.29899903774262,51.89966017038374
46.81499873876572,42.49513480836535
38.86199933052063,25.883705745543374
24.65899930596352,12.026854222750508
10.578999583721162,3.5535796591868727
1.4770000629127027,0.7205381235605842
0.0,0.431647670274969
0.0,0.4239713932077369
0.0,0.41973722787595386
0.0,0.41172466142210773
0.0,0.5362351989675535
0.0,0.5233181637130976
0.0,0.5310560854697107
0.0,0.5217922057358271
0.0,0.5406453332128064
0.0,0.5568271878215045
2.607999899536371,2.725656922569528
12.673999706506727,11.614303299052285
27.05200054526329,23.824994008740397
42.01900161266327,38.152732342969855
53.75699826717377,50.68734010247082
61.74500153541565,61.406036899101565
65.46400042295456,63.99394951058997
65.40699847936631,63.31585521916146
61.08699798107148,59.19819173966676
53.058999691009525,52.21558307884597
40.569999554157256,35.67228241231376
25.12800009131432,18.46767288106566
10.633999927639962,6.009630264011349
1.6829999972879888,1.0031143157167177
0.0,0.554827321895232
0.0,0.5405911854654419
0.0,0.5417610514710275
0.0,0.5353375035391494
0.0,0.5703491602608717
0.0,0.556433774386153
0.0,0.5652061096242074
0.0,0.5553283551842931
0.0,0.5743181741184069
0.0,0.5930133782770586
2.678999946713448,2.9753297295789016
12.86099984884262,12.434866581594378
27.10599957585335,25.06636725665018
41.94000158548355,39.43710442019024
53.144999668598174,51.731727924692564
60.007000937461854,61.89265506632082
63.38100168228149,64.3261081260677
63.43700128555298,63.6829954952786
59.65699930906296,59.517954312629406
51.83400015354157,52.773563224166075
39.7980003285408,37.146437906678955
25.02499935388565,20.215561368036184
10.643999710083008,6.753760361139659
1.7559999752789737,1.0842858822048402
0.0,0.5886703038649532
0.0,0.5728744037751867
0.0,0.5746563647602358
0.0,0.5678983630575468
0.0,0.598592279624139
0.0,0.5839079990602138
0.0,0.593268889218411
0.0,0.5830648422773617
0.0,0.59969648430386
0.0,0.617475664778129
2.579000068306923,2.9528809003953747
12.44399957537651,11.079901392270033
26.45899917125702,22.371081160559882
41.3030019903183,36.018247319315215
52.68699997901917,49.15679863530965
60.47499938249588,60.58448800505822
64.54199932575226,63.81308076818273
64.5410010933876,63.481186316149255
60.55800055503845,59.20955576109156
52.40700196266175,52.17681897003087
40.24699949502945,37.12124428494093
25.013000025749207,21.164229572640963
10.607999671697616,7.304536103004857
1.7660000144690275,1.1376829523623813
0.0,0.6154505327447499
0.0,0.6003817257969475
0.0,0.6022883319226298
0.0,0.5952552734738938
0.0,0.5587536630959113
0.0,0.5437848273445101
0.0,0.5531664505117988
0.0,0.5428529375961375
0.0,0.5574820232683639
0.0,0.5730448910872963
1.7710000340640546,2.6140863788003323
8.918000494241715,10.070484125083965
24.115999925136567,20.96167625316047
37.08300137042999,34.405492116836456
50.872998158931736,47.88257825798262
58.91200165271759,59.72117305485099
62.910998556613926,62.941364263943775
61.92200086832047,62.44719930431738
57.32799996376038,57.87201927734247
50.40400148153305,50.23896262894178
38.92299831151962,34.50040059419403
24.28499902129173,18.981947968459302
10.41399957895279,6.363016055737492
1.749000024870038,1.0397661165462844
0.0,0.5749784980519659
0.0,0.5617724112597094
0.0,0.5624207948296449
0.0,0.5555576419842054
0.0,0.5490918653926591
0.0,0.5364085088003934
0.0,0.5441087994208618
0.0,0.5343222424636009
0.0,0.5524147519698789
0.0,0.5695405626757476
2.159999992400408,2.9395741319808093
11.852999801039696,13.183539834611185
25.84299942731857,27.032022989030274
40.53099865674972,42.17046559978401
52.43599999666214,54.88105273845715
59.917998046875,63.705177331051495
61.92099852800369,64.73137235455074
60.277998430728914,63.611144795821495
56.17399816274643,59.42750123284231
48.78299946784973,51.18374355543516
37.49900135755539,32.675516193529525
20.877000864744183,16.71502878994064
8.547000041604042,5.660778866934065
2.1909998828172683,1.025734175856685
0.0,0.5660010225973438
0.0,0.5513233580296943
0.0,0.5530320792223651
0.0,0.5472757408637466
0.0,0.2031005664560589
0.0,0.1987715081937067
0.0,0.20758860008597824
0.0,0.2060408402631686
0.0,0.21324174768423532
0.0,0.2238636599887479
0.6349999852851034,0.9749072549428452
11.27300009548664,5.718666795329348
22.86200029969216,14.20580948028328
30.98200028538704,22.164220451855776
44.69000029563904,27.85301647047097
33.42800026893616,34.04467821442894
33.97799960017204,33.70784034853237
40.56700074911117,33.87569749200921
29.652999724149705,32.29530356866707
28.99299970507622,27.203483958948297
25.28100076794624,16.78101935510687
14.513000469207764,7.73786803591092
2.2459999699890614,1.9793712719225736
0.0879999966593459,0.4075681828455656
0.0,0.20613169133757508
0.0,0.21705681775429625
0.0,0.20598428608487512
0.0,0.2027233561124186
0.0,0.2653638031098419
0.0,0.2538496271963488
0.0,0.2657807889578733
0.0,0.2614677870405836
0.0,0.2619418714059062
0.0,0.26978885012751075
0.1289999984763562,0.7764321334320528
3.651999985724688,3.2365175967424697
14.6160001796484,7.615671144003677
19.33900002360344,10.443482036293396
25.18600026726723,11.66933546729475
17.777000526189806,12.85245657432453
19.765000820159912,12.490708382563328
19.845999366045,14.80080990655807
26.59699966073036,16.638190381677063
26.27700046062469,15.84341347012559
21.28099946975708,10.826880609910107
8.047000136077404,5.347414770664766
3.06500007301569,1.4987320900802055
0.922999971434474,0.44523298070731754
0.0,0.2649461089289254
0.0,0.27838456248471455
0.0,0.26691815357862425
0.0,0.2594946468114153
0.0,0.47699565755331264
0.0,0.46140462330802606
0.0,0.46832658415748557
0.0,0.46121697571774084
0.0,0.4772021524496134
0.0,0.49132792221328364
0.8640000226348639,2.207185778585229
9.484000298976898,10.350243263778978
24.719000054597856,22.320228851863583
39.17700120687485,37.276820512645486
51.1920011806488,50.45738636005235
58.9170010304451,60.792693337620264
63.35600068569183,62.57228690271271
62.62600116252899,60.949752588436866
58.527998504638674,55.050964350921745
49.86300061941147,46.38231753818188
41.764998717308046,30.640574516566197
25.197999595403672,15.585837914052155
10.270000452399254,4.742920130716502
1.4699999841302631,0.8617391284173399
0.0,0.49476819553952667
0.0,0.48379883240365
0.0,0.4821794231994489
0.0,0.4757731536052876
0.0,0.28028420052002606
0.0,0.28007469130590756
0.0,0.2877695540229308
0.0,0.28203239064722874
0.0,0.2931238572773619
0.0,0.3076673299979931
1.7679999452829362,1.2570853389281658
10.785000031590462,8.31082464739912
22.654000306129458,20.282591769812022
34.3659997856617,31.151953392103756
46.67599796295166,38.18955699007148
20.511999049186706,43.239753202397715
14.417999968528749,39.75102085945643
18.83399919986725,35.80670987699707
43.85399917602539,32.028466026110934
48.652000982761386,28.422470244197044
19.578000677824026,19.751144563827225
20.46000059127808,9.745921650458527
4.289000094383956,2.2969355600649934
0.1510000076703727,0.49994259536736396
0.0,0.28462184030274496
0.0,0.2825032046156714
0.0,0.28202888536315285
0.0,0.2795915833972924
0.0,0.4059916189599391
0.0,0.3883706378508621
0.0,0.397468899893361
0.0,0.39348494333020323
0.0,0.4009437955202737
0.0,0.4129664598416518
0.2699999990500509,1.261153778688677
4.758999882340431,4.821518659774211
12.801000127196312,11.190593687858426
17.8219990336895,20.339676767491113
35.41000089883804,31.517812559684465
42.04799964666367,43.67044852668677
45.97300000905991,48.32327880549053
53.4490004491806,47.312384148454115
38.36600108385086,36.983666516778996
39.62499803304672,24.63197508949319
16.64600017607212,13.51573195521324
2.697999995499849,7.405912704673685
0.2110000021103769,2.484294900892557
0.0,0.6442986752838729
0.0,0.40196826246415424
0.0,0.4025549697212108
0.0,0.40249472901415034
0.0,0.4001638292129286
0.0,0.49476743802956474
0.0,0.47967991077997885
0.0,0.4901039441524525
0.0,0.479398472589754
0.0,0.4889327908538468
0.0,0.499210281272456
0.0950000032316893,1.8564527749941655
3.3510000641644,6.100265304780847
6.7580002450943,13.660769345043972
14.685999683737757,22.60109315180513
34.524001893997195,34.40194942034817
46.19800076246262,49.94014903073381
56.6230014371872,56.05387236511783
56.14799893379212,58.87804572362218
62.389999313354494,57.710846649539455
53.7300008058548,51.80659195696357
41.95000034093857,35.32778688591655
25.3919996881485,17.93156335884961
10.99300002515316,5.450271127782088
1.9899999680370093,0.8888235715738816
0.0,0.5200786017797357
0.0,0.5047132881170998
0.0,0.49997823127576396
0.0,0.48900768690124524
0.0,0.4840172103421624
0.0,0.47106298231656646
0.0,0.4789133980896479
0.0,0.46981595084301053
0.0,0.4838189961997925
0.0,0.4955562435554378
1.359999938160181,2.1465145542339537
14.23699949026108,8.944018654681598
22.606000939607625,19.643711540608898
29.557000991106037,32.278907554027086
50.927999529838566,44.43033982304844
54.494001848697664,57.2130099638803
54.56499958515168,60.71546033645355
55.433999884128575,60.8805771103178
40.10299934148789,57.824396222052606
52.74700072765351,51.282228715546466
38.98499963283539,34.83799692848994
25.388000596761703,17.050019478863952
11.091999617218972,5.061282780254299
1.772999964877963,0.8767219852842075
0.0,0.5067750637748568
0.0,0.49236221672160396
0.0,0.49032151196751195
0.0,0.48078319877418113
0.0,0.5252718948005748
0.0,0.5116791588062868
0.0,0.5200571758210624
0.0,0.5111248982290229
0.0,0.5283109290119776
0.0,0.544998353924534
1.8150000524520875,2.490252450626609
11.439000386595726,10.312095955793128
24.263999170064928,22.119395302170517
38.74399840593338,36.486646153611396
50.451000561714174,49.51308604487872
58.02000092983246,60.23458323231635
61.55599876642227,62.65601758446006
61.82099864959717,61.67252108234283
56.69100036859513,56.73649511123241
52.364998152256014,48.465751028417735
39.14700083255768,31.52490680899502
20.46899906039238,16.437454447565237
6.9870000898838045,5.350724072992557
1.0890000057965517,0.9522405298594596
0.0,0.5366399793974188
0.0,0.525127393489428
0.0,0.5273106996253071
0.0,0.522440559404255
0.0,0.5343731428451364
0.0,0.5188533383253157
0.0,0.5281294180397325
0.0,0.5181360501662862
0.0,0.5330589909901655
0.0,0.547341576237599
1.5760000400990248,2.36375963246389
11.310000420212743,8.70705558199181
24.485000832080843,18.710053544483223
35.31999977588654,31.73458146461462
48.06799807786942,45.600725775975896
57.620999648571015,58.3127433817828
61.37899943351746,61.74806632181086
62.30800048112869,61.566883175568975
58.589001593589785,57.518338445592946
51.369998745918274,50.39406872420266
39.47799907445908,34.63743680181044
24.02099942445755,18.710187437900082
9.872000484466552,5.979611273071625
1.3529999877512455,0.9791648447400317
0.0,0.5545497735638647
0.0,0.5405182626756826
0.0,0.5395223526106616
0.0,0.5313612369970346
0.0,0.5248401917212497
0.0,0.5099335778936978
0.0,0.5184166235736452
0.0,0.5091422155059224
0.0,0.5251766330693284
0.0,0.5404342472483528
1.3160000481456515,2.4641056715482352
9.684000055789948,10.130478647825358
22.5680003285408,21.815464709823125
36.47000043153763,36.40014104213374
47.50900027751923,50.2786309143406
55.31799953222275,60.78507788426217
58.26699976682663,62.72169109555132
56.93799920558929,61.748896736370774
51.45999986886978,57.07250915226951
42.0420020365715,48.969357049163975
24.251999841928484,32.20587321978456
14.236000230908394,16.857337410571468
6.752000067532062,5.392063432128659
0.0259999991953372,0.9487804684662181
0.0,0.5387044704358792
0.0,0.5268087067395376
0.0,0.5278008933534847
0.0,0.521820913557137
0.0,0.3459912621061658
0.0,0.32613355730030424
0.0,0.33808723962021103
0.0,0.3322435112358745
0.0,0.33375743309850736
0.0,0.34274580083667916
0.2690000015497207,0.8088181547448865
5.4909999781847,2.4435633852727427
10.05000010371208,5.402694943550154
7.669000246524811,8.08926439237064
12.51500039279461,11.770775631386735
19.49300098657608,17.062279995745435
22.95899931907654,20.746091029557242
36.12499818086624,23.055419053373228
22.85199949026108,18.899762667490528
16.761999500989916,12.602127406040465
10.8879997420311,6.627203706569039
6.679999990761281,3.8062489979232352
0.8420000134408474,1.4439324196968417
0.0,0.518055480329132
0.0,0.3364587063090627
0.0,0.34409942907938523
0.0,0.3388495897098569
0.0,0.3348872964716379
0.0,0.29004061715125395
0.0,0.2718307017836567
0.0,0.28782428297581825
0.0,0.279755441330214
0.0,0.2761403149416674
0.0,0.2857320149829216
0.0449999998416751,0.6875591481079788
0.4149999896250665,2.0536742474229
1.0079999836161733,4.484448868116966
5.988000051677227,5.2695730632176385
11.402000061869622,5.387442050632657
6.872999797165394,5.7172614564443744
6.77599975079298,6.529389893363144
9.04799971997738,9.492284495609862
8.449999995231629,10.877218092945128
13.53499976873398,10.360195031595923
9.684000055789948,7.362993995831875
6.094999880492687,4.351517393005091
2.496999952346086,1.402991596921824
0.1270000034756958,0.4683570057176133
0.0,0.28387547121301415
0.0,0.2984141253702358
0.0,0.28635062508020115
0.0,0.277247979361897
0.0,0.451176551763034
0.0,0.4330222998522721
0.0,0.4418079360812747
0.0,0.43439702713252204
0.0,0.4455534820872085
0.0,0.4579602392490375
0.3889999904297292,1.7757053796346205
6.04900005966425,7.555158319279948
16.521999587416648,17.13540807550733
32.10200056672096,30.36628758932755
48.23400042295456,44.135070411676814
48.76400018930436,56.20142531486654
56.79700196504593,59.06949098297573
62.26100140094757,57.25381372778259
43.581001110076905,49.50668204400743
34.72299931049347,38.617052999567875
28.94400005221367,23.804056188822585
24.01000038266182,12.480468925660828
10.717000073194503,3.9313819535852725
1.551999971717596,0.7842853343684256
0.0,0.4612637627743805
0.0,0.45486683417753
0.0,0.4524638457196502
0.0,0.4467831756778332
0.0,0.449292466756088
0.0,0.43212742608113847
0.0,0.4412949545408196
0.0,0.43734044595646765
0.0,0.4525692245528838
0.0,0.47137358850725286
1.932000048831105,1.8823933454837598
10.26300050199032,9.123512640470764
24.471999163627626,20.836156152299395
38.76800117015839,37.36715479819063
50.50499959230423,51.29199703556205
58.95900073289872,60.772503406479245
62.615998299121856,62.285907920631836
62.17399908304215,58.08118388757146
58.10800148010254,43.981570443858175
39.82600013017655,28.004802618449432
12.17800043284893,14.073360347735308
0.1780000043660402,7.838486011815098
0.0760000025853514,2.868067854156139
0.0,0.7429862857244929
0.0,0.4438524841675244
0.0,0.44252370086397985
0.0,0.4446905911780128
0.0,0.4456088957538641
0.0,0.26176705032384906
0.0,0.24814440916152058
0.0,0.26124033102722255
0.0,0.25749496627777796
0.0,0.2581749726579573
0.0,0.26890553652163834
0.6790000036731363,0.8162068157793897
11.449000169038772,3.480570175895237
21.162000312805176,8.414574368261965
24.300999494791032,12.517364981907317
31.18400061488152,15.32967214622701
16.98899980008602,17.244878426750013
15.230000377893449,16.439136954585933
24.17099924206734,16.577668786667083
18.648999630212785,15.873818836537028
14.144999848604202,13.826642540319002
15.25500034749508,9.275513206224575
5.020000160634518,5.227174605509631
1.5920000001043082,1.5829480167242136
0.0,0.4536313846985718
0.0,0.25611375177815865
0.0,0.27122618156899825
0.0,0.2595660592277125
0.0,0.2562539771754455
0.0,0.3891728021361198
0.0,0.37040578836799287
0.0,0.381315905059838
0.0,0.37191330709271475
0.0,0.37953520982331174
0.0,0.38920990326433674
0.9500000002235176,1.2688606339328106
5.556000104546548,4.514031586892129
9.771999579071998,10.57230742558193
18.332999521493917,18.106050786944905
11.78300029695034,27.735033390907198
39.55499852895737,40.09233727763339
62.01000141859055,45.47480376629794
53.10900168418885,47.92159704560524
41.41500119686127,45.50633218763785
44.476998870372775,37.8935983728784
37.3740004825592,23.758985646903298
23.7590004003048,11.851133607992809
10.53200050354004,3.389771192346497
1.1290000341832638,0.675568900584671
0.0,0.40804225286620455
0.0,0.4002497132906014
0.0,0.3921411924332055
0.0,0.38186566238017206
0.0,0.5155069292468688
0.0,0.5010998655733314
0.0,0.5106086974070647
0.0,0.4995032866333054
0.0,0.5158525677857035
0.0,0.5320012214545048
1.23800005055964,2.330775880570825
10.209000444412233,8.73889005792828
22.85600063562393,19.212787768844557
33.52200048327446,32.56103229310136
45.66199927806854,46.02208974307193
56.74799820423127,58.18815609722308
58.68700089931488,61.54683141766926
62.95200002670288,61.098235284109045
59.50899801015854,56.62964284866624
52.05200095653534,49.27565100864916
40.42500116825104,33.35590961688551
24.62499984025955,18.21685979222204
10.32899988770485,5.8035724667489825
1.506000022515655,0.9542578514968554
0.0,0.5335044987239204
0.0,0.518977556373819
0.0,0.5191278150780085
0.0,0.5122779161168851
0.0,0.30714465463591323
0.0,0.2922917924747706
0.0,0.2988292883099862
0.0,0.294611541850644
0.0,0.30865114876691313
0.0,0.32220602783277563
1.108999955803156,1.4441606686018338
10.205000326037409,10.568191667531972
23.266000958681108,24.907630307495126
37.281000554561615,39.27195090941342
47.876998844146726,48.26062365806642
54.11699865102768,53.01278774919408
62.77500069379807,48.74562546325402
31.50199924230576,40.99480314603049
41.350001070499424,34.98555600169906
38.53600046634674,32.76004283650536
33.043000942468645,26.293299889705835
22.273000071048735,13.759512815969218
12.415999773740769,3.24730611818555
0.2969999957457185,0.580358527770911
0.0,0.31500724045304873
0.0,0.3145166731965453
0.0,0.3059914896127367
0.0,0.3053819390196841
0.0,0.26221826056425857
0.0,0.24564160993038264
0.0,0.26272609415619036
0.0,0.25678796406675314
0.0,0.25193629526457856
0.0,0.26284191193582024
0.0,0.6453043892254056
0.3690000083297491,1.9997891739852376
3.511999950557948,4.4183725125217155
4.744000208675861,5.1018257833109715
4.398000239133835,4.877752065755791
8.641999515295028,4.216380450443484
6.896999993920327,3.810636898935641
5.2120001941919325,5.576333281022999
6.9820001986622815,6.99354293787693
7.464999857842923,7.615426449303356
8.663000393509865,6.202145266325076
3.610000026524067,3.9687374160369124
1.9700000180304047,1.260124635518403
0.0749999970616772,0.4368895413800624
0.0,0.2530614853350642
0.0,0.273049907847221
0.0,0.25899550560094436
0.0,0.2526563361670988
0.0,0.2934830954998474
0.0,0.27686018902012394
0.0,0.2913884456696778
0.0,0.2867151141714376
0.0,0.28332205234049906
0.0,0.2935713167759032
0.0,0.6369457198892896
0.1520000051707029,1.7281637352274817
1.3550000469386578,3.603781509922772
2.187000021189452,3.9670464348795917
2.1819998732209207,3.8004124276836606
2.763000121861696,3.4787716025877993
3.22200009778142,3.4118518657980266
2.0409999368339777,5.151162193057746
1.71900003567338,6.469681600446152
1.9870000076293943,6.884992433727066
1.4339999457448722,5.373852283815825
0.9359999710321426,3.460833574564769
0.1199999969033524,1.1718039510429832
0.0,0.45544724187078695
0.0,0.2836529172827187
0.0,0.30264867087640995
0.0,0.29074314420522035
0.0,0.28527291518756936
0.0,0.2586187672562007
0.0,0.24018804143360423
0.0,0.2521409539389631
0.0,0.24365576067801914
0.0,0.2472814885715694
0.0,0.254986057170803
0.0,0.8394179993808747
1.5209999529272318,3.614768198028451
12.627999885678292,8.926451104053225
17.68500088453293,14.109058979912197
13.458000314235688,18.903475744810322
42.40500122547149,22.609224536437253
40.56599840879441,21.67934168490406
27.83400058031082,22.381529325879974
12.136999989748002,23.39367471818803
23.30800066113472,22.053171351545814
28.28299974679947,15.648602122571909
25.09599914431572,8.036770406165052
10.41399957895279,2.034904822703102
1.4500000341236592,0.479494921514137
0.0,0.2757807495409559
0.0,0.27955020264623326
0.0,0.26306792067295703
0.0,0.2504416736198665
0.0,0.39593613937889777
0.0,0.38116173102527573
0.0,0.39290692043366165
0.0,0.3827827737718766
0.0,0.3889238543834511
0.0,0.39831906347189383
0.0449999998416751,1.1691010171198948
4.13399987205863,3.3695247308606917
11.984999599456788,7.78960315494894
14.869999994039537,12.699168393155956
19.868999789953232,19.477281964149242
24.278999357223512,31.46716031330071
31.056999167203905,40.2832797015248
40.18100113630295,46.88998695830738
39.38099800109863,46.17101921766701
39.414001288414,38.588933276551934
29.315999764204022,23.26877761918086
14.494000163674356,11.628205015310785
7.909000160098076,3.3521225367954335
2.02200001642108,0.6571437598932953
0.0,0.40614627205276643
0.0,0.39975368156213154
0.0,0.39625544779565536
0.0,0.38816135353119446
0.0,0.5165320479415001
0.0,0.5000063089429787
0.0,0.5107027553936485
0.0,0.4998410747069376
0.0,0.5121866970105888
0.0,0.5247594451079531
0.8100000292435289,2.004394394118256
9.88500009894371,5.727115898020798
22.96200017809868,12.596721597935977
31.96500036358833,21.922873286425073
41.676998167037965,34.55445980218246
53.16500128746033,51.423023811460574
61.78399832487106,59.030433815857734
63.73099920272827,61.842066204767995
60.209999499320986,59.84368235681435
52.626000998020174,53.568063469875696
40.53999917984009,36.51716269354452
23.769999442100527,19.780119856364813
9.76400036931038,6.348951571048097
1.3280000181496143,0.9547483969742986
0.0,0.5453868440490257
0.0,0.527812868552838
0.0,0.5228829696146344
0.0,0.5118503308945047
0.0,0.18401838522281788
0.0,0.17576828630194963
0.0,0.18550510937309178
0.0,0.19043047750716552
0.0,0.19225929760150134
0.0,0.2081475556489863
0.3720000008307397,0.659391418587452
7.871000062525272,3.0101949226850953
17.003999987244608,7.502915633096782
33.39599932193756,10.677504319738306
25.781000159978863,11.57210661841116
7.136000134646893,10.464122506795265
22.805000410079955,7.5715210232237755
15.046000067591669,7.3583909891705215
4.067999972850084,7.385693745204815
7.141000025868416,7.2046253583630335
2.91900011703372,5.324375845313404
0.1329999965010211,3.411387654520984
0.0700000015366822,1.1169085508553198
0.0,0.3630203696544144
0.0,0.17362973830177092
0.0,0.19721380240128916
0.0,0.1793290777725245
0.0,0.18366957156347435
0.0,0.304449028164649
0.0,0.2882520734159234
0.0,0.3046113858447943
0.0,0.2919205459236335
0.0,0.2889463412143471
0.0,0.2970125907182454
0.0,0.705648197296074
0.0,1.7219040110210029
0.6750000136718154,3.752843742598789
1.0590000165998936,4.243491893382977
2.858000109046697,4.666942089614732
6.480000233948231,6.35435311110834
9.774000151753423,8.766972488574794
24.14999939084053,16.093955001474946
24.751999233961104,22.152931595017222
30.453999037742616,20.490228832545277
20.72400018811226,12.436238592895029
14.901999914050103,6.447502646871557
8.045000076889991,1.8997180194458911
0.4190000117197633,0.4975182042113823
0.0,0.30711099467793934
0.0,0.31145882461058755
0.0,0.300894425632848
0.0,0.2896188693971898
0.0,0.5084705358655728
0.0,0.49084780675783907
0.0,0.5018905415740531
0.0,0.49089877033002743
0.0,0.502021920583917
0.0,0.5148957223246394
0.0,2.104812121871862
1.9540000580251216,7.560724610237621
9.197000278234482,17.13793744255387
32.37300011396408,29.422949256773876
36.500999038219454,43.5633284826691
45.07599990844727,57.026316136750815
57.23200123071671,60.14703737717415
62.76300136566162,60.289049527524405
55.44300040721893,56.55567905256911
48.10600074291229,48.09711553237903
30.51500007271767,30.945608345972843
15.581000238656998,16.41131215183536
9.795000002980233,5.338619806435141
1.2060000021755697,0.9229750905824071
0.0,0.5263780854602499
0.0,0.5124363439685383
0.0,0.5100863150037235
0.0,0.5013603078452822
0.0,0.4653318718560073
0.0,0.44733114343317704
0.0,0.4586425813187262
0.0,0.44929512167802155
0.0,0.4567402056420845
0.0,0.46712242935939374
0.1270000034756958,1.5020314140905773
5.37300008058548,3.9690274731825683
10.226000177264211,8.957630243284518
17.117999766469,15.711317775773844
19.07199956774712,26.15493528183118
47.93699959278107,43.23100974715542
65.9930019569397,53.778995048416
61.30499878406525,58.733803026732986
49.2660001540184,55.82468583934165
37.8380018901825,44.86479449684887
27.637999914884567,24.896578851557194
17.77600023984909,12.546972304800319
7.794999867379666,4.2748021970519545
0.505999986808747,0.7949155537862742
0.0,0.4786202573336351
0.0,0.4699450927681872
0.0,0.4658905480340548
0.0,0.4574937221186768
0.0,0.5320286045474693
0.0,0.5154553181204309
0.0,0.5254443005859044
0.0,0.5144957444055065
0.0,0.5285476593311524
0.0,0.5425813988836187
0.2059999985620379,2.3437098791257083
6.8859999251365664,8.806122816323319
17.747000151872637,19.458768322941722
28.382999625205997,32.99688820262275
49.76199840068817,46.507763632392994
58.41500106573105,58.76840583569721
60.70600185394287,61.841555282002034
63.69700179100037,61.24522379559133
54.14199964761734,57.14357854507053
52.84900117874145,49.4851544003964
40.62799973011017,32.77972366556742
23.85400090098381,17.268042122295846
10.072999500632289,5.65109402400788
1.2150000117719173,0.9719444399281563
0.0,0.5502904699081145
0.0,0.5361505846364765
0.0,0.5349002799220905
0.0,0.526899313083038
0.0,0.5334470612971949
0.0,0.5193149363450165
0.0,0.5284389370862512
0.0,0.517115064247324
0.0,0.5336696887848051
0.0,0.5496977161758495
0.6400000048801303,2.5738884069575563
8.878000337481499,10.476793387096329
22.2129993224144,22.836847942931023
37.30900035619736,37.48314197006687
50.432999515533446,50.24764207379159
58.86100142717362,60.86148331289771
63.29399936437607,63.09530915841062
63.91699905872345,62.01826802858202
60.72300055980683,57.62435453488293
52.63100037574768,50.08268689279501
40.962000885009765,33.225721934826524
24.00300043225289,17.446094106611447
9.445000428557396,5.6976652087222055
1.183999992981553,0.9921807053067618
0.0,0.5525026534248405
0.0,0.5367831416748678
0.0,0.5368651834156717
0.0,0.5295352911048037
0.0,0.531294630265226
0.0,0.5176823565674559
0.0,0.5260378714202101
0.0,0.5156384395421798
0.0,0.533086114203901
0.0,0.5489779550408247
0.6219999856874346,2.575373752320678
8.857000486254693,10.375599840105997
22.59999922156334,22.504094789086125
38.57800016880036,37.06497827392919
51.906998462677,49.74070447342298
59.05000008821487,60.68084453646278
63.76599895477296,63.14397400560006
65.91500016212464,62.2510532385425
62.027998356819154,58.20822670632864
54.09700114011765,51.27897510000954
41.91399824857712,35.0571443117355
23.919999259710316,18.461610513580993
9.31999955356121,5.894062356866662
1.0539999970048666,0.9940449257199953
0.0,0.5541248008048988
0.0,0.5374744922036004
0.0,0.5368889928297034
0.0,0.5287195718517435
0.0,0.5441669788969683
0.0,0.5295380954421576
0.0,0.5385903805775021
0.0,0.5276671020184143
0.0,0.5445592193701756
0.0,0.5605929413268357
0.7530000112578273,2.558797297366663
8.085000233650208,9.712154221363821
22.52600062608719,21.1819114409359
38.38099921703338,35.55562100963371
51.22299978733063,48.944112201359
58.96400011062622,60.2945520377174
63.365999441146855,62.86670313461542
62.78099830389023,62.01386231880721
58.95799839258194,57.69270752285067
51.53999812841416,50.24763657212871
39.70999977827072,33.84299280420324
22.48300063729286,18.218823208832163
8.781000291109086,5.9546759403658625
0.8230000288411975,1.0133405633343409
0.0,0.565361209798744
0.0,0.5491511267430327
0.0,0.5489512214305252
0.0,0.54096076781685
0.0,0.5209890635945154
0.0,0.5060246501969485
0.0,0.516160935148599
0.0,0.5059826684928739
0.0,0.5221051504255996
0.0,0.5388669647225951
0.5210000135004521,2.380150431992756
8.950999673604965,9.227722167535076
23.16300022125244,20.4363801942903
38.96199920892715,34.80191239270543
51.88099923372269,48.133633976648845
56.97200072526932,59.280542632078046
57.56400181293488,61.89375300293619
61.09299969911576,60.753287301715545
59.208998374938965,55.40876697076512
52.16800130844116,47.14391724716347
40.22899844884873,31.718372304347092
16.000000057816507,17.34709577588918
5.796999790966511,5.5288269089929685
0.6519999748840928,0.9477977291159938
0.0,0.5322897628692465
0.0,0.5202535064974718
0.0,0.5225802030424418
0.0,0.5168417999393453
0.0,0.4615964769972487
0.0,0.4430099024817578
0.0,0.45337076345489924
0.0,0.4467991104794439
0.0,0.4606097083384367
0.0,0.47890490727800133
0.1590000037197023,1.9164273225854023
7.710999948978424,8.326249224862673
20.894999856948854,19.4942371590208
35.693001828193665,35.36799238713159
48.513000206947325,49.67614034543536
47.08100096225738,59.797136327659516
60.80499939203263,61.64427670391675
60.621998341083525,58.08445568498364
56.57200121164322,45.37363459906573
25.847000572681427,30.114718225578862
17.51499944806099,16.112943162227516
15.28799952685833,9.333684130209273
6.399999920427799,3.3585594106972185
0.1580000062193721,0.7850853312934822
0.0,0.45754922841973295
0.0,0.45414178623618334
0.0,0.45637985417383486
0.0,0.4551247229647605
0.0,0.27586314705107273
0.0,0.2583815199033355
0.0,0.2728166051344887
0.0,0.2677462646439388
0.0,0.26651207802637106
0.0,0.2772512874240792
0.0570000019390136,0.738010597843423
5.692000021338463,2.725561799077405
9.972999622225762,6.575625860658424
16.414000499248505,9.203989929368417
15.3179999011755,10.521327036793132
23.48800085306168,10.531924034940177
25.303999137878417,9.180206735507612
19.2130009162426,9.795637836769131
9.63199954390526,10.359977179368668
9.41300050854683,9.816668883464759
19.44800042510033,6.998650993256701
9.13600027024746,4.237894054981483
3.5490000185370447,1.3696881948739663
0.1910000039637089,0.4605144253569359
0.0,0.269973462406564
0.0,0.2865955354615499
0.0,0.2725842247032842
0.0,0.2666911252600257
0.0,0.27357757489197715
0.0,0.25498549712679985
0.0,0.26605211153866964
0.0,0.2646059163464637
0.0,0.26737675756076895
0.0,0.27876416040030466
0.1270000034756958,0.8116995734645879
8.38200003683567,4.4107541372514305
10.45300047636032,11.200660364811231
14.906000032424927,17.97807210722977
23.309999179840087,21.972290447230698
42.36399975538254,21.43264987163726
41.50899935722351,15.475649552329104
24.52000058412552,10.844564803639875
13.599999895095824,9.120679888530061
11.56400023460388,8.669492814962036
16.773999856114386,6.674084158192746
10.687999985218047,3.9576895703657837
5.0000000822544095,1.2393417062973833
0.1739999983180314,0.4486879104961202
0.0,0.26608223446716167
0.0,0.2817422417289296
0.0,0.26965690653804414
0.0,0.26815586896795757
0.0,0.49430605669976124
0.0,0.4770688220115508
0.0,0.48817499548759474
0.0,0.4767680140861794
0.0,0.48554630113113734
0.0,0.4944932049553794
0.2139999946113676,1.5986392674113092
9.197000278234482,3.5465149687330877
5.730999891757965,7.860287424447657
7.123000006675721,13.003471910517815
20.903000093698505,21.86289438394686
41.294001467227936,40.7897104107129
55.65999886989594,54.15815266544529
62.66199914693833,61.548834683035224
58.73199940681457,62.01751753835101
51.15900200128556,55.69097489105808
40.71100090265274,34.32156273176571
21.14299898028374,16.429185155774647
6.759999790787697,5.444319784882083
0.5580000172927976,0.8758687536978531
0.0,0.5222510937523526
0.0,0.5048943460551372
0.0,0.4977056799660527
0.0,0.48530611594827566
0.0,0.5195921714566555
0.0,0.5018603958802323
0.0,0.512775294635277
0.0,0.5018776887567221
0.0,0.5152080524970098
0.0,0.5288916644156398
0.0449999998416751,2.166387985410037
4.4620000791549685,7.960928449964644
12.50400032401085,18.082060972740578
31.135999194383626,31.300169612937154
48.23899980068207,45.08216683335197
59.1789980006218,57.84676204033764
63.84200017690659,60.986600062694144
64.1650002360344,60.526502490877874
60.979998152256016,56.284007958670934
43.95000201702118,47.54937611238559
33.63700054883957,29.57615831129631
19.724999636411667,15.004325480484733
6.831000094711781,4.935605462445182
0.3649999862350523,0.9175988671123679
0.0,0.5327454588905052
0.0,0.5211856030400616
0.0,0.5204818263480633
0.0,0.5127870379178796
0.0,0.3621865344893436
0.0,0.3451548328658679
0.0,0.35792940264486944
0.0,0.3475070038697002
0.0,0.3529079734645016
0.0,0.36268165147075765
0.0449999998416751,1.0665040099912566
1.3049999793618918,3.3604916078789424
6.811999789178372,8.040427197242517
15.481000360250473,13.32903568542993
19.362000447511672,19.794783720170194
32.299999750852585,30.327098926372287
35.12400116443634,37.413792457666545
36.56700150489807,42.53744566466982
34.88900165557862,41.54169520722971
32.381000350713734,33.883536817141575
26.56799957275391,19.79614698803676
12.142999653816224,9.608462404298526
3.3219999761879446,2.7704456653749587
0.2249999992083758,0.6030577188979631
0.0,0.3731469136619123
0.0,0.36933806029018734
0.0,0.3632144883290626
0.0,0.3538177463535935
0.0,0.5209034803134056
0.0,0.5046695535378269
0.0,0.5153850330005318
0.0,0.5035918487662683
0.0,0.5183673669556184
0.0,0.5336375970973386
0.2600000080000609,2.3554388305423553
7.477999985814095,9.167492524342297
18.390999697446823,20.56847744590231
30.02499943614006,34.51450843366004
48.45400179862976,47.62735548420357
59.38700004816055,59.03810449422764
62.477999863624575,61.56910106401382
62.43600016117096,60.67598906779866
59.54799890756608,56.26958502121543
49.57999969005585,48.46266230146253
33.205000088214874,32.20258214668353
20.053999359607698,17.19268625177753
7.222999885082245,5.516829742278573
0.4259999942220747,0.9553020277096782
0.0,0.5368692521627023
0.0,0.5222321455913501
0.0,0.5222851253185457
0.0,0.5143813502645684
0.0,0.2739024524543035
0.0,0.26121855909230685
0.0,0.27087757466194184
0.0,0.26178977150522514
0.0,0.27188158961106057
0.0,0.28356433197164505
0.2529999934043735,1.2844646386559255
7.712000235319138,6.99083874718443
20.98300040721893,17.57387912228036
35.03499827384949,29.308355665337047
40.000998890399934,39.02851945522198
22.7760003221035,48.10195098762917
43.333998165130616,48.56946458293257
57.283001456260685,46.17171479689383
44.01100099802017,41.41197888108662
37.60100180864334,33.88656516958281
36.89799974679947,21.21904868688395
19.326000409126284,10.430591631075918
7.898999864161015,2.7855879501153313
0.634000019878149,0.5358104778860776
0.0,0.286249513406623
0.0,0.2852190267081117
0.0,0.27562685800122744
0.0,0.2676873310779093
0.0,0.418547217798007
0.0,0.39886435604198
0.0,0.4069380359555156
0.0,0.40113375518083677
0.0,0.41373136909755376
0.0,0.4275701288051128
0.0190000006463378,1.6342939525750626
4.918000223040581,8.440439257054694
19.94500101208687,20.229029046197063
36.45600053071976,36.22187991085341
49.78499882459641,49.74363236933036
59.09199979066849,58.92871805299354
63.93099895954132,59.0868810462652
64.00999898672104,53.257166046938295
40.22000203371048,40.70892166578717
36.093999574184416,27.50160773091939
30.55699977517128,14.950545453262587
13.53000039100647,7.889084316464795
3.6130001153051854,2.667020292924231
0.2339999927580356,0.6941021978498512
0.0,0.41745834382834657
0.0,0.41608090968827305
0.0,0.41484333352991865
0.0,0.4126152674912354
0.0,0.4827076908604573
0.0,0.4682029070103942
0.0,0.4777511173381534
0.0,0.4665838142511503
0.0,0.48142811893600423
0.0,0.49574099466320815
0.0510000008903443,2.0458099402680547
7.082000077068806,7.699337955521299
20.62600088238716,17.822788640131215
35.830002031326295,31.014231254140462
49.077001492977146,44.297041912249725
57.51899919748306,56.609449015440966
61.72299934387207,59.62331545191096
63.05400047779084,58.818862796884986
59.50799977779389,54.34130126874818
51.91599898576737,46.576807348885744
39.18400115728378,30.609984576487896
21.097000186443328,16.13131503979117
7.444999779462814,4.886264010848541
0.4529999909177423,0.8720969158755882
0.0,0.5006558369905567
0.0,0.4864017976705649
0.0,0.48581748159825283
0.0,0.47810602369318606
0.0,0.4613222023638482
0.0,0.4477442786191476
0.0,0.4582038737021635
0.0,0.4476782424961494
0.0,0.4614139994390904
0.0,0.47688974538452333
0.0,1.8880514514225077
5.676999834179878,7.219773190305533
20.217999078035355,17.17442683310319
33.263000264167786,30.18136002462348
48.92800196170807,43.27251131513088
58.99699928998948,55.062778616311654
57.077998213768005,57.837556440691664
60.50499975681305,56.38100719270677
48.43400017976761,50.70149376597305
47.67699908733368,41.86862154276029
37.86699992418289,26.423230229605068
18.337000666856767,14.282432003471518
4.0329999640584,4.3775376192650235
0.068999996013008,0.8135493206536183
0.0,0.46870101881499465
0.0,0.4587578014693402
0.0,0.46048972178069775
0.0,0.4564390450641901
0.0,0.4777358644781741
0.0,0.46079893822302115
0.0,0.47062134001112366
0.0,0.46040372123439105
0.0,0.4749753560371789
0.0,0.4903374306137354
0.1009999962570145,2.017860870226467
6.36300010919571,7.717823514523214
19.615001002550127,18.042961438351192
32.80400028824806,32.166340122669986
39.88499853849411,46.33565673077797
53.92599941730499,58.365305527493945
59.16100106239319,61.172542747625855
58.46800186395645,59.668683143659976
58.53499845504761,53.3708897648258
29.879998996257783,42.67856464398221
19.091000900268558,25.10715641419136
18.21400036454201,13.316079951742413
4.649999994337559,4.422210340867735
0.8750000272318721,0.849515746644632
0.0,0.48732875425877753
0.0,0.47677082088980083
0.0,0.47664741823148293
0.0,0.47146210708718483
0.0,0.3233188334659353
0.0,0.30331654066170644
0.0,0.31522494496962866
0.0,0.3109118648459183
0.0,0.31523704865510155
0.0,0.326343574000018
0.0,0.8760762196603
2.135000022798777,3.2128680868767514
13.527999818325045,7.913085909644252
24.14199915409088,13.942300955805797
25.806999388933185,20.652504553686086
40.19300046443939,27.986148982920618
34.73499863862991,30.38651063662723
37.83699954986572,28.083469430914775
21.40800091743469,20.851636602945533
7.299000080227852,13.410591979054455
3.208999969810248,6.952793284251709
1.566000000908971,4.12213874043382
0.1460000041220337,1.5218809949434216
0.0,0.5053195727573713
0.0,0.3140894483341247
0.0,0.3225732080319703
0.0,0.31598331570246796
0.0,0.31467239001761216
0.0,0.28009394803706444
0.0,0.2613921523335547
0.0,0.27986994792573205
0.0,0.26968447971054094
0.0,0.2681164077945868
0.0,0.2794653631232413
0.0,0.705453057500143
0.1140000038780272,1.8114018677191304
1.7710000340640546,4.040641552885786
6.677999931573868,5.330514906542724
11.027999777197838,6.771881316712387
12.46299988090992,9.061503874482684
4.939000074267388,11.479922646989719
27.718000228405,15.934320632071746
26.829000364542008,17.561871839146065
9.545999566316604,15.004175506349627
14.56399966776371,9.452757098969554
3.41599993377924,5.695276846288241
0.0,1.7754182220254504
0.0,0.46797515823414415
0.0,0.27462375313331305
0.0,0.2855315809160676
0.0,0.2747803421725317
0.0,0.26735687810124575
0.0,0.4329411717148877
0.0,0.4156312882869169
0.0,0.4267391634825255
0.0,0.41968321141048454
0.0,0.4313426640269613
0.0,0.44795584322795584
0.0129999995976686,1.616665874487886
5.307000181376934,6.391861512167907
16.051999542713165,15.44976244015089
31.30600063085556,28.916496840401777
48.77399894475937,42.75184479681355
55.771998076438905,54.36124778940462
52.33399954557419,57.12554470823242
56.75600049495697,53.57870149782771
56.76399867773056,42.02344866330181
51.23800202846528,29.51137046620407
20.1800005209446,17.29479866858675
2.454999993145466,10.162314787360396
2.435999944359064,3.298472678899304
0.0629999989760108,0.7290569961825246
0.0,0.4311212118255742
0.0,0.42718991386961763
0.0,0.4286575013691656
0.0,0.426786659783293
0.0,0.4248451214570568
0.0,0.41418099220851556
0.0,0.4256074097078092
0.0,0.41342920009089307
0.0,0.4240514508675239
0.0,0.43783724108550004
0.1510000076703727,1.6196609203220755
6.033000099658966,5.477696397698515
19.886000549793245,13.236995723148377
29.586999311447144,22.919879167353436
27.749999121427532,33.78809680825129
39.01799881219864,46.84676589186253
38.71399803161621,52.252456801732095
48.34800020217896,53.62040542332074
55.90000186443329,50.39113290893874
51.01500184774399,43.26054296086401
37.41300137996674,28.480080780088556
16.313000334501268,15.578566795403557
5.452000107765198,4.454904388066291
0.0629999989760108,0.7598815630913376
0.0,0.4377710778270301
0.0,0.4267969745331911
0.0,0.426860968647259
0.0,0.4193978779678019
0.0,0.26123656850096666
0.0,0.25495557634603494
0.0,0.26735616574447735
0.0,0.2547764452572374
0.0,0.2616826114341444
0.0,0.2724784904436659
0.0380000012926757,1.0366711709643832
5.924000211656094,4.363510636537585
19.64100023150444,11.126194597967519
35.075001511573795,18.125387879350967
45.44399847507477,23.9353569786064
22.53900024056435,31.197855036035527
34.38499906420708,33.655160230272344
31.86600077152252,36.02808322000146
31.36900018453598,37.313415529570904
32.68400084495544,35.021258523211145
28.80699984908104,24.589550401245383
12.851000066399576,12.256962918645426
4.525999919176102,2.8253016387868324
0.1319999990006908,0.49715337725515274
0.0,0.27824023229929007
0.0,0.2758920357775683
0.0,0.2682841208157753
0.0,0.2568695617356863
0.0,0.4905387422937874
0.0,0.472943147416365
0.0,0.48372988615070783
0.0,0.47306786287246766
0.0,0.4847408241956905
0.0,0.49666201917008623
0.0,1.7903471184060233
2.75100002348423,5.45518950040314
8.027999830543996,12.67057050490168
16.234000307321548,22.805005403311142
33.550000284910205,35.7371228293719
52.00300130367279,51.09422599576563
59.6720015501976,56.89102278406698
63.04799875974656,58.46738630830218
58.29000019073487,55.695497236971164
43.38400015830994,48.27871422897358
37.32799963474274,31.368636078415882
18.73000023007393,16.288198421362594
3.4679999321699144,5.015624845047092
0.0510000008903443,0.8653756418371862
0.0,0.5118730707904294
0.0,0.49791879583449045
0.0,0.49415788977960834
0.0,0.4840919886407887
0.0,0.38099699107408785
0.0,0.3638555312130566
0.0,0.37386666946765174
0.0,0.36796459211081234
0.0,0.3753004747850918
0.0,0.38764017722629346
0.1009999962570145,1.1212993733553354
4.34999984562397,4.2544632295541485
12.263000124096871,10.834695228212468
28.83999902844429,20.52885200913815
40.40099840402603,32.08420188107392
45.24300048589706,42.54661855062014
41.34199877977371,43.88387733140009
40.269999918937685,40.097461181352145
38.21000160217285,30.741395216129668
23.63999918937683,20.541537363944222
15.31299949645996,10.823999422983174
4.864999938309193,6.143103078266528
0.4929999872110784,2.0567426210430524
0.0,0.5937326692376461
0.0,0.37552082601975917
0.0,0.3754873226120299
0.0,0.37444526039728343
0.0,0.37342851916857855
0.0,0.3047315751576985
0.0,0.2871074484577097
0.0,0.3029058714540978
0.0,0.2953410240739691
0.0,0.29355727855769753
0.0,0.3043727715176837
0.0,0.6785021176311832
0.0,1.6896260791626263
0.1980000025127083,3.7079493480124457
2.53500004991889,4.5864016804254835
4.063000081628561,5.322163832822742
6.567999757230282,6.381141411370637
8.933999940752983,7.376626998499681
11.580999967455863,10.372483562574352
10.547999950051308,12.170307108076722
10.1290001308918,10.685303677133279
5.796000018119813,6.593247687445206
2.2459999699890614,4.040729698398964
0.166999999769032,1.4039516214142793
0.0,0.4772895859347315
0.0,0.297374344039262
0.0,0.3097842463254473
0.0,0.2992086738487974
0.0,0.29347630184869644
0.0,0.29586212206495743
0.0,0.2772196161827469
0.0,0.2944570296336034
0.0,0.28569251254039674
0.0,0.2834453632496599
0.0,0.2945930465304159
0.0,0.6931298404960256
0.0389999987930059,1.9312646916788965
1.5150000321120023,4.435128820097642
4.0790000416338446,5.74143365453941
5.101000247001648,6.607114685002443
8.468999787271024,7.697957955552797
9.403999985456467,8.551862052261338
10.71000012278557,11.222772420410823
10.052999935746191,12.422030559044792
6.01200024843216,10.65855994286928
5.93399999409914,6.59788653194097
2.979000095427036,4.026637342822449
0.6959999932721257,1.4008513779911127
0.0,0.4702214721546865
0.0,0.2872260495406076
0.0,0.29883996374546884
0.0,0.28821414207781965
0.0,0.28212715422553747
0.0,0.36972688471382
0.0,0.3497803351838265
0.0,0.3604406565382851
0.0,0.35442964170450797
0.0,0.36183278109950645
0.0,0.3751481251881927
0.0,1.2055926831935573
1.7790000140666962,5.492795525927599
6.627999992370605,13.889610147448499
21.278000664711,25.582910694052053
36.393000977039335,37.546665044188714
49.14900156974792,46.95403063196168
49.619998819828034,46.80590907365033
38.942999930381774,40.97947831433492
28.9549990940094,30.80207718708847
30.52400059580803,21.150769255838057
21.336999073028565,12.384101552398718
8.232000219225883,7.047547731542934
2.8810000194609167,2.276126808625555
0.0449999998416751,0.602612052802629
0.0,0.36470045218222086
0.0,0.36585914150722254
0.0,0.3631754000628882
0.0,0.3615116070887668
0.0,0.4867762436797305
0.0,0.4703183362493876
0.0,0.4807500931541005
0.0,0.47173599339578215
0.0,0.4844700468990876
0.0,0.49950828156881777
0.0,1.9642401789305837
2.520000119507313,7.5497070878789625
10.879999505281448,17.824559015000197
33.320000153779986,31.967956945874526
47.68800018310547,46.00781887029648
58.390998301506045,57.817038265641884
60.15300166368485,60.43675046412859
57.6769992518425,58.40095784850964
53.98600016593933,50.885411337981544
47.53299893379212,38.816292734351435
34.91199797153473,21.84193199799533
16.463000152111054,11.540596753961125
3.388999904990196,3.9164658790909237
0.0,0.830320694869497
0.0,0.4887294940952581
0.0,0.482026102614095
0.0,0.4840882538346806
0.0,0.480140554715036
0.0,0.471049307249447
0.0,0.45648472467148354
0.0,0.4655017225080363
0.0,0.45509867239849167
0.0,0.4698097708337719
0.0,0.48412836117767777
0.0129999995976686,2.0123784427445477
3.5230000193417075,8.182612536831021
15.955999782681465,19.24097551474111
35.94200123786926,33.442941464640136
49.23800035238266,46.59730187099787
59.34200154066086,57.825776099862324
54.58199829101563,59.976261932779664
53.31999842882156,58.194680485175994
54.18599992275238,52.94886463711263
48.71200173139572,44.3251461366265
35.342001967430114,28.036322929950124
18.385000033378603,14.380238740738776
5.640000022947788,4.386542191293803
0.0749999970616772,0.8375910309466003
0.0,0.48428094320046083
0.0,0.47191858075630194
0.0,0.4720161206020747
0.0,0.46568127121184805
0.0,0.45779792778844725
0.0,0.44354669692227794
0.0,0.4531471546958085
0.0,0.4422972895609271
0.0,0.4560916238733285
0.0,0.4698227286807158
0.0,1.8744121443141875
6.392000197172165,7.417036941866104
17.070000399947165,17.671337556925693
20.984000693559647,30.752534569577122
46.56599932909012,43.342530170972104
55.31099958181381,55.20701672945132
56.31000013351441,57.9634897572143
59.39699880361557,56.9338236964596
57.58500166416168,52.528140561813494
49.25400082588196,44.66238521996973
35.938998324871065,28.769722723940518
18.648999630212785,14.624880816825577
5.402000168561935,4.269795741574725
0.0439999983296729,0.809864278104766
0.0,0.4732658924518406
0.0,0.4604257103467257
0.0,0.4597626247443893
0.0,0.45213014080845104
0.0,0.48037322074779176
0.0,0.4660111667704664
0.0,0.4750390680038931
0.0,0.46451534596301014
0.0,0.48056660536141044
0.0,0.4961655797384435
0.0,2.100509894043391
5.581000074148179,8.478089013505915
19.236999572515487,19.8957427641177
34.725998115539554,34.45442148550217
49.1599985575676,47.49182175414603
55.33199943304062,58.537890615048546
58.42000044345856,60.83856379134696
62.807999873161314,59.19563945668818
58.60100092172623,53.72648877500957
49.82699852705002,44.681090687275066
35.331000871658325,27.62577480889056
18.31299995660782,14.100255820954501
5.26600025177002,4.376367731830966
0.0380000012926757,0.8570241782054326
0.0,0.4940723175816887
0.0,0.48108288635136964
0.0,0.48183181257026614
0.0,0.47551006793115025
0.0,0.3473393395050154
0.0,0.3355017235368177
0.0,0.34308209631281367
0.0,0.33448960299073816
0.0,0.3473234489277225
0.0,0.35981818938571547
0.0,1.4174649401051298
5.427999911010265,7.135262384858768
17.915001015663147,17.977114285196308
32.2479992389679,31.31997434527007
38.538999271392825,42.467151530979834
43.74999815225601,52.170568880351986
47.37400064706802,52.84557634534999
50.11999821186066,49.44231811131295
46.30599882364273,43.45208612075388
47.48300104856492,35.33610939761613
27.84399933576584,21.714370401921343
13.993000485301016,10.533762099953483
3.4010000033676624,2.8120463352572003
0.0,0.6114320502924147
0.0,0.3577578186845769
0.0,0.35033724205351563
0.0,0.3474783040978663
0.0,0.34212632254965314
0.0,0.3775600738383647
0.0,0.36652497337567086
0.0,0.3783439439447751
0.0,0.36507779888935654
0.0,0.37639831380353933
0.0,0.3892348977425962
0.0,1.4523252435928309
2.5620000787079333,5.7245346778212705
14.59400004208088,14.308407006142982
27.9669996380806,24.11900240533157
41.51199816226959,33.429576657714044
26.76199966549873,44.48729552587358
34.29499999523163,48.050936481055174
38.86800104856491,49.1792765123861
43.40400177717209,47.4042472942753
48.07499802827835,41.943112012015305
34.15900007843971,28.392326766744134
15.534000131487849,14.449617325786004
4.206999978423119,3.6542406968607617
0.0,0.6698330197040864
0.0,0.3920554047927105
0.0,0.38096894160026384
0.0,0.3802902181152424
0.0,0.3710520872500759
0.0,0.4760100363330678
0.0,0.4602847664344815
0.0,0.4704915691352032
0.0,0.4607648130065867
0.0,0.47461981750835175
0.0,0.49052063887124775
0.0190000006463378,1.9845461203570822
4.961999984681606,8.05492984844464
13.907999767065048,19.12812055887668
34.10799985289574,33.53846425269262
47.232999298572544,46.76730900899953
53.67600177526474,57.53327385191362
61.664000935554505,59.59488509220935
58.33899984359741,57.4074990691431
55.97200194120407,50.347018660009844
47.95000126123429,40.16293009569134
34.5789991569519,24.91562405853351
14.72300000846386,13.329533712444787
5.954999845325947,4.15846555562749
0.0,0.8318081068804986
0.0,0.48198047238488234
0.0,0.4725214276456671
0.0,0.47462423302880496
0.0,0.4696835890807218
0.0,0.47906231095647245
0.0,0.46301913974920844
0.0,0.47347888288965106
0.0,0.4627048310479856
0.0,0.4744051624788678
0.0,0.4878852819681026
0.0,1.8503102402186595
1.4330000445246698,6.531198351600094
16.945999811291696,15.610295855336636
22.13599986791611,28.023652239486616
40.72000142574311,41.58246140423608
52.308998548984526,54.52177365626472
54.70699916601181,58.10322337430438
47.70999826669693,57.36539824226725
56.79100024700165,52.00557643504065
49.551999888420106,42.32327612439605
27.232000737190248,25.740240203496498
15.707999632358552,13.560886096327202
2.8689999210834505,4.28207606408262
0.0,0.83448117989813
0.0,0.4894107166985387
0.0,0.4785960539429349
0.0,0.4785763599697451
0.0,0.47183240722040526
0.0,0.4472496704604578
0.0,0.4337506774430639
0.0,0.44292807318888955
0.0,0.4319335982716595
0.0,0.4465387413111733
0.0,0.4613394338441453
0.0,1.8872540159894098
4.412000139951706,8.050130798282428
17.60799937605858,19.49561838044351
33.66099920511246,33.92037581776259
45.35499969244003,46.7092307521647
55.278000402450566,57.26249314079458
41.68000108003616,59.00652668215995
47.70499888896942,56.76976560738618
55.289999730587006,50.86745509967632
45.88700003147125,41.647481742280895
33.023999609947204,25.225996123961444
16.81299972653389,12.66561991960341
4.387000170350075,3.7819232114797883
0.0,0.7839527705702735
0.0,0.4574032295361062
0.0,0.44571289249360746
0.0,0.4468574509743805
0.0,0.44147662744767835
0.0,0.4603404381165569
0.0,0.44574179978257333
0.0,0.4546199221723522
0.0,0.4446406771962193
0.0,0.45929049930362803
0.0,0.473832231279442
0.0,1.8879170101964906
4.864000165462494,7.536679259439838
18.195999318361284,18.34407400936314
34.59799843549728,32.66921175207253
48.50899906158448,46.295558584266644
52.81700023174286,57.48336452350563
58.27300148487091,59.3689386812392
56.570998871326445,57.48568934345869
56.07799942970276,51.563666533872656
50.1350004529953,41.43327591906687
34.26599990725517,23.997363213062265
17.166000159978868,12.041192739192741
4.090999883264304,3.747376939355489
0.0,0.7975255609168911
0.0,0.4700573854038317
0.0,0.45932448339240994
0.0,0.46021576595148717
0.0,0.45486805406107667
0.0,0.415646346779522
0.0,0.4005894108057992
0.0,0.4097927516706262
0.0,0.40216780150611686
0.0,0.41511162719672956
0.0,0.4303213328959952
0.0,1.553499088867839
4.177000117599964,6.880594613729542
14.864000329971311,17.590070405941162
32.21999943733216,32.51126661935293
47.36299955129624,46.30066925859664
55.5789982700348,56.317294416478816
59.1980013871193,56.84256507219422
58.84399861335755,52.26612163396497
53.41900007486343,41.84026973756177
28.695000642538076,28.958387829632663
22.4330006980896,14.708729645907322
5.461000117361546,7.696599509691206
1.0829999566078186,2.536000853644662
0.0,0.6780254905183342
0.0,0.41315163038799413
0.0,0.4083453765585123
0.0,0.4101857438045034
0.0,0.40926442301146465
0.0,0.28235544103343546
0.0,0.2667919424095326
0.0,0.2824063397927788
0.0,0.2740883442978633
0.0,0.2733495116184951
0.0,0.28467819172887343
0.0,0.7210931167694115
0.280000006146729,2.365592081306431
6.9800001394748685,5.86277759587783
7.939999793767929,8.449200981262903
17.556000918149948,10.145056075739888
10.944000372290612,11.08073931990122
16.93899986088276,10.505077608860104
21.588999341726304,12.317086352201999
11.14100029706955,13.625606880062659
23.55200069308281,12.25734945321127
11.855999633073807,7.684085972629687
4.363999746441841,4.4860972465246345
0.8180000092461706,1.4312491426570735
0.0,0.4583073948757638
0.0,0.277214499367352
0.0,0.28727626437237064
0.0,0.2770885725768818
0.0,0.2714417899193238
0.0,0.4609408032126457
0.0,0.4443311614287248
0.0,0.4559399068662508
0.0,0.44430780121312247
0.0,0.4562918135490445
0.0,0.4709401685860982
0.0,1.7541652162793002
3.851999999284745,6.088727801825705
16.73399969935417,15.074712049565493
32.45699951887131,27.628159580097083
40.80400083065033,41.71419082807834
43.388999536037446,54.31465608486833
58.72499945640564,57.28561876069848
58.471000669002535,56.463734883868646
55.10600044727325,50.575290413994566
46.12899949073792,39.89811499391266
30.829999895095828,22.9003391740341
15.33700020670891,12.17020311794032
2.962000105828047,3.8931852540800596
0.0,0.797176514726906
0.0,0.4678585674838841
0.0,0.45722111726772685
0.0,0.4582780105672723
0.0,0.45284869079377466
0.0,0.42651276920216724
0.0,0.41402835909464536
0.0,0.4234124598059665
0.0,0.41244008792016246
0.0,0.4236002124438673
0.0,0.43623578382924827
0.0,1.67755200652398
3.8509999696910384,6.738628626606895
15.000999506115914,16.824615775208756
29.26499953866005,29.50800322545429
45.0299990606308,42.45392941758711
48.19999890327454,53.90481735100913
60.05300178527832,55.344044358450404
62.87599880456924,54.063287826453745
60.43099910736084,49.267440873124244
50.89299977779388,39.625140216445665
34.73400040626526,23.179490368618353
17.30099979043007,11.711894274637821
3.620000065714121,3.4467549155577304
0.0,0.7398677616068553
0.0,0.4367506145341426
0.0,0.42501129974929586
0.0,0.42569231475214775
0.0,0.41929127054267107
0.0,0.387802604997905
0.0,0.3759422088424781
0.0,0.3834806768461613
0.0,0.3742490237994166
0.0,0.3860016445399062
0.0,0.3991186905896642
0.0,1.5581289959363311
3.735999904125929,8.418760433696113
17.690000262260437,21.25321751403505
33.624000934362414,35.85525770005675
48.87599939584732,47.29977709754894
54.56299901247025,54.9559655234109
53.34799823045731,52.87423029627548
44.1929997086525,47.56434894437186
47.33099860429764,41.30250196136343
41.73499834299088,33.61487313118043
32.72600054740906,20.844420384061927
16.754000291228294,10.236475025685705
2.3409999571740627,2.7933178602135356
0.0,0.6630491320513774
0.0,0.39400539401042806
0.0,0.385612370251376
0.0,0.3852811052491646
0.0,0.3817886459754463
0.0,0.4361322217470221
0.0,0.42265138276218617
0.0,0.43201573403166055
0.0,0.4212582917469438
0.0,0.4345979589274774
0.0,0.44884332956794837
0.0,1.7704508887941106
3.1600000602006912,7.558260799339514
17.26000037431717,18.79385734021021
32.93599905967712,32.948217527367184
42.3039990067482,45.739763583861865
48.45299945831299,56.59871101097046
54.64699841737748,58.266866016677255
59.570999331474304,56.03027301788229
55.89400014638901,49.95939369530533
47.56200107574463,39.14875793116446
31.63500035405159,21.228993949072034
15.599000257849694,10.2019819613394
3.1889998914301394,3.2060898425533706
0.0,0.7455562340542573
0.0,0.44173487435324443
0.0,0.43165733723258104
0.0,0.43348142960368186
0.0,0.429159778004975
0.0,0.44692964176533034
0.0,0.432419894457987
0.0,0.44192742822695075
0.0,0.4316447531161348
0.0,0.4458952512584317
0.0,0.46096022649245666
0.0,1.8407441711979806
2.4390000331401827,7.891743088272488
17.02899995684624,19.28502629361747
31.767999411821368,33.87806381356593
46.60500022649765,46.67092548473863
52.30399917125702,57.394831471703625
53.64200025558472,59.31993934423652
55.1839981341362,56.842718786891105
52.645998508930205,50.183050708555115
43.66700108766556,39.62078018486101
29.999000207185745,22.473935693997568
14.43799953341484,11.028982762032802
2.728000113070012,3.440651750344006
0.0,0.7672351049194482
0.0,0.453251115089041
0.0,0.44335821024258343
0.0,0.44495770332370005
0.0,0.4403334012522597
0.0,0.39817366487247385
0.0,0.38083230237585836
0.0,0.390005704324522
0.0,0.3841201106239532
0.0,0.3967396605282886
0.0,0.4135690784883567
0.0,1.472050298333863
3.562999919354916,8.136999862563895
15.678000285029412,20.697848521643124
30.967000098228457,37.780178849575044
44.80100126981736,50.968692641279844
52.54599863052368,59.00919466522459
55.49299829244614,58.25545994175918
52.74599838733673,49.96647297793992
44.60600089073181,33.91805267182317
35.05999927043915,19.64137408411539
21.46199994802475,8.961525415566216
11.525999623537064,4.838846001826081
0.94299998562783,1.8238284546474732
0.0,0.6220634003512515
0.0,0.38898794633122474
0.0,0.3880063211055342
0.0,0.38949591736653694
0.0,0.3904130617304085
0.0,0.42311874764665247
0.0,0.4052143381277903
0.0,0.4162857445881834
0.0,0.40784508609097986
0.0,0.4180336255177829
0.0,0.43323329656380016
0.0,1.4767306509883338
1.6320000284910203,6.409601588991331
11.650000212192536,16.50936224881108
22.910999952554704,31.47680937653613
41.45200152158737,46.57258398117125
51.513000667095184,56.62710023938258
55.44700155258179,56.62517131235703
50.12300112485886,50.592089591163266
35.068999793529514,37.13374500700911
19.76699933886528,22.135548107844073
8.687000076770783,9.713337625690064
4.20100005760789,5.473156243484858
0.2100000046100467,2.09333226522012
0.0,0.6633504858292258
0.0,0.41451197615518637
0.0,0.41207393830437167
0.0,0.4141020166109871
0.0,0.4135244558555047
0.0,0.3952100609099898
0.0,0.3768204899386266
0.0,0.38682675354927004
0.0,0.38130521935688516
0.0,0.39116031613926017
0.0,0.40626234194915317
0.0,1.2865708396756916
1.5079999533295632,5.994568029271009
11.289999828338622,15.513606344354608
25.60599934577942,29.610613764943636
34.34499993443489,43.25901424679942
48.57800033330918,52.69513231913336
51.66499900341034,51.94985658625527
42.76199869632721,44.59025062860855
44.43200036287308,30.795121458078697
28.07999913096428,18.618199204945157
10.62800026357174,9.281682016647279
7.973999772965908,5.2681653247061755
2.7780000522732737,1.8873035437631744
0.0,0.6123923671284537
0.0,0.38683199998827367
0.0,0.38624781108477835
0.0,0.38699101581187906
0.0,0.38650012972144304
0.0,0.4782139909502589
0.0,0.45947769654351034
0.0,0.47286599742260915
0.0,0.4600588931860886
0.0,0.47041694674395423
0.0,0.4861809318418861
0.0,1.79232609770928
1.738999985679984,6.072244035116759
14.22399987578392,15.016338558203712
28.059999566078183,27.527927482493567
40.88199851751328,42.09854623367651
46.7840001320839,54.39262682309088
42.48799829006195,57.307752191249634
43.39500125408173,56.01512547440242
47.30799818038941,49.15992738245765
39.80799908399582,37.821172968061845
27.330000042915344,21.624811225701386
12.837000165581705,12.145461675136788
2.1819998732209207,4.056520437307784
0.0,0.8250110621743311
0.0,0.4803248132415242
0.0,0.4708996280641846
0.0,0.47246163436229677
0.0,0.4674830432468731
0.0,0.44423603967623787
0.0,0.42962436221904704
0.0,0.4396142733568089
0.0,0.4292053207584488
0.0,0.44117686907093584
0.0,0.4556874945372649
0.0,1.6761045287778409
1.4919999933242798,6.332516845973285
14.004999813437465,15.943599472055448
28.791999661922457,28.859900546052174
40.806999635696414,42.37289853813596
48.42700022935868,54.12634489482291
54.706000933647154,56.453620263026295
53.83400182962418,54.72862717472687
49.98299800872803,48.22484654188659
41.92600168466568,36.69911333606628
27.929999313354493,19.605789327459448
13.132999682426451,10.112981569291243
2.1419999732077124,3.278385996494265
0.0,0.7517435066077593
0.0,0.44823000091624526
0.0,0.43899911722754126
0.0,0.4404167549401128
0.0,0.4358579555572994
0.0,0.4268937746566855
0.0,0.4100141217624234
0.0,0.42265586832786306
0.0,0.41206615029268207
0.0,0.42076023590861417
0.0,0.43421426744439345
0.0,1.3344934218424207
1.111000014990568,4.077164644897633
6.591999953985215,10.214106767776816
15.585999616384507,19.055194664214724
37.37699928760529,30.501881857025943
42.72899951696396,43.77139549283557
49.7140010881424,49.28493586564665
37.7690006184578,49.781431443837434
48.27100074768067,43.86563795939373
37.97499798536301,32.90972206838353
18.079000734090805,17.52229531399685
6.451999918818474,9.281183429428983
0.4460000084154308,3.0135528917899954
0.0,0.6917427262462313
0.0,0.42700456778586515
0.0,0.42135882295595734
0.0,0.4220190331516338
0.0,0.4179624217601711
0.0,0.4148191966580414
0.0,0.4003811270141085
0.0,0.40982849066530136
0.0,0.40005203568305897
0.0,0.4131903103353377
0.0,0.4278222563243472
0.0,1.5666208368315484
2.69200007468462,6.551314837553981
13.892999579906464,16.57792350276167
28.681998974084856,30.027101215565935
42.00699817657471,42.83082560151918
49.38099816560745,53.60281055547986
52.163001930713655,55.2422000743364
50.97100157260895,52.26547152838766
46.86700130462646,45.329341071448724
38.79199982643127,35.56998036833953
26.44800012946129,20.708213596671435
12.010999855399133,10.53906199071743
1.7360000252723695,3.1179018367641955
0.0,0.7017227657334055
0.0,0.4202774598101035
0.0,0.41176663948209397
0.0,0.4123727914550889
0.0,0.40823017972090037
0.0,0.43341915632904565
0.0,0.41671802334753494
0.0,0.4279029918483134
0.0,0.41886121287643874
0.0,0.43035468571149815
0.0,0.44587495524622106
0.0,1.5517873810574925
2.435999944359064,6.377826490063416
11.970000439286231,16.3129321526783
25.94900102376938,30.852460260971974
39.83500065326691,45.21708303676178
48.26900017499924,55.8635847885368
52.41099900007248,57.268767749628715
51.08199843883514,52.793826830857846
47.51300142288208,41.31154238266984
38.49699956893921,27.043721938195652
13.082000483870509,12.778250686445377
6.494000134766102,6.803535008749267
0.3580000037327409,2.4296607907358125
0.0,0.6891112482191318
0.0,0.42693915726972775
0.0,0.42298563916396437
0.0,0.42572606215761244
0.0,0.4245660115319917
0.0,0.3059023238328961
0.0,0.2965027424989975
0.0,0.30217053561122137
0.0,0.2981818361787694
0.0,0.30748277433983967
0.0,0.32016144202318153
0.0,1.0609591686633129
2.1859999915957453,7.363532164680195
14.319000376462936,19.815201676827584
30.09300042152405,33.40851186471978
42.74000061273575,42.21031759646671
51.209998118877415,45.90677362452405
38.09999886035919,38.191244489598304
39.08099836587906,28.29111691426035
35.738998568058015,22.476916936702324
21.660999418497084,18.39921619436811
24.772999085187912,11.364601186745064
7.204999865889549,5.540297693246744
0.6669999694824219,1.5097171026448883
0.0,0.4896252724963198
0.0,0.30150167419386914
0.0,0.3011302795914292
0.0,0.29873450436726423
0.0,0.30045660745249936
0.0,0.3982503943018264
0.0,0.3843409881517708
0.0,0.39401290284415774
0.0,0.38504795175656387
0.0,0.39777455746716617
0.0,0.4122391528793308
0.0,1.495048066693339
2.6990000250935555,7.13158615382633
14.229999539852145,18.553135622646515
29.23900030970573,33.05528054388047
41.69299864053726,45.67849324593635
47.77499839305878,54.96510535115042
51.201001703739166,54.613020403561286
53.56799960613251,50.32030950816683
43.51899978876114,41.63969087086186
41.71200202703477,29.82053228252002
27.104999289512637,15.193606300801141
10.56199985086918,7.4172443074198195
1.9280000588297843,2.292045305157461
0.0,0.6475585730241848
0.0,0.3964322159302702
0.0,0.3900573315260706
0.0,0.3926352339612175
0.0,0.390746900375262
0.0,0.3498034828921368
0.0,0.33305634269463913
0.0,0.34413608270148305
0.0,0.337251657746856
0.0,0.33998777744333786
0.0,0.350155745125426
0.0,0.8544673563128418
0.6719999890774488,2.994224048657313
3.692999915331602,7.816804190645405
3.7240000624954703,13.735028475562922
8.681000412702561,20.768068836823076
12.623999767303468,26.606599731037726
30.20999900579453,25.46385611018217
30.17599954009056,23.961923883070433
24.165999864339827,18.5396037010105
14.741000027656556,11.647387926233854
6.358999990820885,5.486495209515187
0.6230000152811408,3.2150146613037025
0.17700000686571,1.26148554289211
0.0,0.5150024508408448
0.0,0.3400633802774281
0.0,0.34360037398991833
0.0,0.3408813225188346
0.0,0.33863425220034676
0.0,0.3668694087892129
0.0,0.3546375922685808
0.0,0.3682724403941325
0.0,0.35667771968594736
0.0,0.3613249248363162
0.0,0.37232160943014336
0.0,1.000866541401629
1.4060000157356265,2.7832212201351725
13.3080004966259,7.130400016755258
26.788000948429108,11.937423137453768
13.782999919056891,18.014680129709745
22.14400010466576,27.993377181012534
39.44700046777725,34.84448789736043
29.875999904870987,39.913059341214066
28.14300073862076,36.895635849394
40.43900106906891,25.828332468254388
15.39199952363968,11.199184179565048
5.86399997651577,5.7828357899240155
1.806999944075942,1.975267125298339
0.0,0.5714735458564142
0.0,0.3646234178593904
0.0,0.3609153099034883
0.0,0.36090419044480765
0.0,0.35645135928766253
0.0,0.42246001189180193
0.0,0.40860422515863887
0.0,0.41756868284168075
0.0,0.4079653351962403
0.0,0.42005902769469794
0.0,0.4324248994795293
0.0,1.5332941526923776
2.222000029981136,6.418798411371877
13.490000234246256,16.585204348796616
28.52400097370148,30.150193133887406
42.7070014333725,43.40919827664786
50.88199868202209,54.154481022654615
53.151001386642456,54.93307747259003
51.21199869155884,51.96532652005009
48.41199798822403,44.99302873024653
41.439998085498814,33.37655267066603
26.307000834941864,16.793454949460944
11.50600005865097,7.9668481795876085
1.217999972179532,2.509996026082117
0.0,0.6861176655359614
0.0,0.42467123117964606
0.0,0.41724438966176697
0.0,0.4188424528238314
0.0,0.4152649746882491
0.0,0.2699919552903622
0.0,0.2548790829046967
0.0,0.26969033292586087
0.0,0.2639788660966666
0.0,0.263350778446465
0.0,0.27504448093506895
0.0,0.6900247562181894
2.5080000211298468,2.5813963904417014
5.319000023007393,6.582119226916459
4.210000067204237,9.607747437906276
2.140999943614006,11.010621502362284
3.1639999218285086,10.665885251176547
4.891999967098236,8.393354753970355
15.359000344276428,8.371241818136824
11.834999781847,8.810533794414724
7.8500002112984655,7.728915301401363
7.523999806642532,4.563876363098505
1.7410000448673963,2.742087741123013
0.1520000051707029,1.0316396500427323
0.0,0.4258876291849101
0.0,0.25872010003592555
0.0,0.272506928954292
0.0,0.26163432304824874
0.0,0.2586999837702398
0.0,0.27075593175611706
0.0,0.25599305817150847
0.0,0.27025737480013723
0.0,0.2632846473156154
0.0,0.2632520899662094
0.0,0.27387515363140047
0.0,0.7131358815849125
1.4550000537186862,2.76250800857525
2.916000028252601,7.0689540544517975
13.759000235795977,10.531550656599684
12.364999548196792,12.16926622474027
12.421000178456309,12.314889144272103
13.857999827861786,10.295174430282566
22.795999886989595,10.404032646693798
13.193000431060792,11.275328586320015
12.586000183224678,10.161590785735832
7.568000081777573,6.162245642261724
3.757000012099743,3.4271366657679225
0.2040000035613775,1.1587413717862436
0.0,0.43223120210183014
0.0,0.2629460559724606
0.0,0.27503845305057945
0.0,0.26521601618402796
0.0,0.2605544840300688
0.0,0.358790973679987
0.0,0.34522569471846815
0.0,0.35357465159140705
0.0,0.346916319925017
0.0,0.3572988323959968
0.0,0.3696068898007298
0.0,1.2311478752579497
2.4439999243617057,7.066124768785578
12.429000415205955,18.414934817788506
24.729999096393584,31.914272050371352
38.4920001912117,42.09911809293172
49.11999942779541,48.9929530040707
54.36799863338471,46.03405184906019
49.2499996805191,39.04051817829949
39.36699810028076,31.779598969477533
32.23999900221825,24.26706768008914
17.069000113606453,13.845871244470887
9.401000153422356,6.437208891257606
0.6259999756887555,1.8416718462149926
0.0,0.5650938843819772
0.0,0.3561167584391818
0.0,0.353833912357784
0.0,0.35368086862718856
0.0,0.35211340969709465
0.0,0.3395881322953821
0.0,0.32276173104902117
0.0,0.33257969490820094
0.0,0.3267153330630277
0.0,0.33492269060947905
0.0,0.34866664622975296
0.0,1.055873503175095
0.6710000236704946,5.773880925036138
8.560999942421914,15.496340533384094
20.23299926519394,28.090773225805485
36.05100163936615,38.635787040002356
38.58599835157394,45.18428359346846
36.955001690387725,41.7659084686215
40.18300170898438,33.102057001674375
24.758000952005386,23.298904169403485
23.653000857830047,15.736493328822128
16.00100034415722,8.59893677142797
5.215000026226043,4.646454471860217
0.1999999975133687,1.5332096397091475
0.0,0.5275408286474088
0.0,0.32923587179099156
0.0,0.3300830810520285
0.0,0.3290908779122774
0.0,0.3302554206117585
0.0,0.377731697370393
0.0,0.3638416651639294
0.0,0.3744773243823248
0.0,0.36416774018328657
0.0,0.37274916752163717
0.0,0.3855428367920038
1.7689999748766423,1.2942919209755959
12.980000032782556,5.790460939634448
27.596000212430955,15.28937126601623
34.42799905300141,27.051130322077995
34.84100023508072,38.29612369538371
46.44999897718429,47.33363511064128
26.95499947190285,46.983758992800425
36.83400196075439,43.60794243545307
33.5909997010231,37.24670284202369
16.793000161647797,27.96611798482882
9.749000182151796,15.433337860773
0.3570000062324107,7.804736423109691
0.0,2.32895033809623
0.0,0.6199985041572266
0.0,0.37752863806156894
0.0,0.3715744134158672
0.0,0.3719767583480243
0.0,0.3686472159247564
0.0,0.40284044274941916
0.0,0.38810194996739306
0.0,0.39713134480513196
0.0,0.38878454856617073
0.0,0.39968505042656943
0.0,0.41356373722007334
0.7909999804571272,1.4151343659665157
11.1330000603199,6.525572585246019
27.218000836372376,17.131765961478102
39.78100162267685,30.86385565468219
43.88600012302399,43.353222741235534
47.070998098850254,52.73965587136943
46.91800153017044,52.67898648451438
40.63400144815445,47.6996635887316
38.6349980044365,38.55064297383103
24.043999848365782,26.89907536632827
8.932000395059585,13.413732482392698
0.5220000110007823,6.751131562905789
0.0,2.2353540617088314
0.0,0.6482164673980579
0.0,0.3991622300258686
0.0,0.3947152054239192
0.0,0.39600273967808447
0.0,0.39452264450903934
0.0,0.23796575065905246
0.0,0.22344344042877895
0.0,0.2300490264887815
0.0,0.232287465856706
0.0,0.23948236534062256
0.0,0.2554917096346521
0.064000000488013,0.7515275744615828
5.868999867737293,5.322955605612071
25.32799984812737,14.781514337721578
32.80199971556664,25.05759575063827
37.27200003147125,30.58216862148587
34.29000061750412,28.998394616520784
36.02300183773041,18.66195355711492
11.024999945163728,10.187366961846143
12.357000338435173,7.274738536470641
4.369999924004078,6.323476700805186
2.100000014007092,4.155269698490615
0.4279999892227352,2.5519057512606356
0.0,0.9164648140841015
0.0,0.3927386075760101
0.0,0.22218645732458758
0.0,0.23581364404779542
0.0,0.22490140041150458
0.0,0.23124263659190575
0.0,0.4116575416716025
0.0,0.39753421466620176
0.0,0.4071706636561945
0.0,0.39713126065676424
0.0,0.4088803213698629
0.0,0.422047562391515
1.493000022917986,1.4842483483003273
12.572000282406806,6.498717111979836
26.993000082969665,16.90403031306436
39.956998615264894,30.719735492813534
47.4539989066124,43.55152023718897
47.706001229286194,53.95531634842238
46.451999549865725,54.97522985815687
47.4780016708374,51.28415105880714
39.39699847459793,43.01942556012137
24.68799939393997,30.712691313402686
9.506999695897102,14.819407539805725
0.4169999846257269,6.995138834680778
0.0,2.2830771312518876
0.0,0.663040793679275
0.0,0.410449198331951
0.0,0.40414932451813973
0.0,0.4061677632661311
0.0,0.4037038932733049
0.0,0.41984016534735097
0.0,0.40467191795207175
0.0,0.4149931742760476
0.0,0.40447842424850283
0.0,0.4160213306816633
0.0,0.42925023120024397
1.7710000340640546,1.4924079987966827
12.493999514579771,6.17929642122051
26.88499996781349,16.012696635481007
41.1520018863678,29.254637828447017
50.14299863576889,42.33867572732263
53.01999879360199,53.46350783751367
51.91500075340271,54.99392330170972
47.9889980506897,52.16876067820599
39.23599961519241,44.49615044145638
24.53599900364876,31.65592446640248
9.258999545574188,14.714893517185706
0.3729999983310699,6.840133450131078
0.0,2.2903671320330368
0.0,0.6735091977707565
0.0,0.4185267247411731
0.0,0.41223210394238585
0.0,0.4143062880322858
0.0,0.4112880093248349
0.0,0.41295006149615326
0.0,0.3973230844689809
0.0,0.4079882955482657
0.0,0.39752216893582676
0.0,0.40836473254044786
0.0,0.4216237277164322
1.4079999465495348,1.4418108464983124
11.758000327348707,6.18764253245481
25.905998980998994,16.054533761653985
37.07299850702286,29.158476928955487
44.127001349926,41.948636998853026
51.64800029754639,52.55692375515279
50.895000350475314,53.715790265675125
47.88799993991852,50.25353839305952
39.2260008597374,42.29976404688813
24.20500076174736,30.1537362050192
9.000000353455544,14.559930808892364
0.323999992441386,6.931490226561913
0.0,2.2855373359670286
0.0,0.6594883196848748
0.0,0.4105919973203867
0.0,0.4047467030933033
0.0,0.4064455203552595
0.0,0.403670241304243
0.0,0.39218248069704176
0.0,0.37735018533694936
0.0,0.3887861952988676
0.0,0.3779098018452986
0.0,0.3874302755891312
0.0,0.4002558739337589
0.5279999960027635,1.3090437886425144
10.5839999884367,5.308820028697972
13.996999576687813,13.926052960676722
38.199998738765714,25.293529977979837
45.39999819993973,37.099978963184235
45.59600091934204,48.02540587088291
41.00499881982803,49.533167099181874
45.97900172710419,47.514704556099375
38.05900149822235,40.68824435409134
23.514000082015997,29.105423110999304
8.400000056028366,14.16532476306241
0.2430000023543835,6.7760670872523265
0.0,2.1324020265666457
0.0,0.6250781067187028
0.0,0.39096025290400793
0.0,0.38469685929232245
0.0,0.386153876993616
0.0,0.38248252900061586
0.0,0.3946751624325135
0.0,0.38049411144363754
0.0,0.3905737520401804
0.0,0.38040638659199927
0.0,0.3913537719271141
0.0,0.40584292970847125
1.5590000505000354,1.4052078439243094
11.11600032746792,6.222006127500311
26.149999012947085,16.672690136544738
38.64099972248078,30.35952349965696
48.2570008468628,43.62049553197513
50.31199978590012,53.21920289727234
49.50500080823898,52.948659517679275
45.73599992752075,48.81911625902865
37.08899898052216,39.71203120907349
22.86100001335144,27.151153839445882
8.142999896109105,12.933610524609689
0.1699999922700226,6.593713964731642
0.0,2.1541201541715886
0.0,0.6400549378029835
0.0,0.39145605010665524
0.0,0.3850378828199952
0.0,0.38739917363671095
0.0,0.38574868944774304
0.0,0.39471077277157224
0.0,0.3798327999703436
0.0,0.39033018143040094
0.0,0.3815897077746925
0.0,0.3893241693313255
0.0,0.40125043876547434
1.1370000141859056,1.146556494926756
7.638000099360943,4.0479940993888865
15.34599970281124,10.88723282500901
25.61399958252907,20.615933780717576
24.513000633716583,32.49784943423272
40.088999440670015,43.614381189639644
47.22799992084504,45.204909637009976
37.37499871492386,42.97859747176557
35.786001756191254,33.92305249130576
12.375000357627869,20.537506634475903
6.386000019609928,8.090137113428051
0.0839999986346811,4.288895244151493
0.0,1.6400049599570583
0.0,0.5955782469294764
0.0,0.3877103328613552
0.0,0.38534611319624607
0.0,0.38654087797551856
0.0,0.38493936847487475
0.0,0.3341873150186468
0.0,0.322099881617649
0.0,0.33587487388119974
0.0,0.32438062754353686
0.0,0.3256145731624485
0.0,0.33490304572553764
0.0,0.7636921657510504
0.1439999930746853,1.9309163558055134
3.420000052154064,4.707644282876143
7.339000236988068,6.848735786797251
17.521999398469926,9.38567048021804
21.51400045990944,13.454206245975461
26.872000353336336,16.49607047541034
29.29199905395508,22.288865873088476
15.951000404953955,23.833551584426623
12.662000378370283,17.86101765565779
5.375000139772892,8.082817107830127
0.0,4.245669794908091
0.0,1.4721039099639734
0.0,0.49892432242482826
0.0,0.32885784078674457
0.0,0.32888942047669867
0.0,0.32637330157129024
0.0,0.3214146203327923
0.0,0.3943957212742632
0.0,0.3803488774607896
0.0,0.3903865445212205
0.0,0.38058405502686016
0.0,0.3912074311232273
0.0,0.40443626173678643
1.1720000229775906,1.3003594105609078
11.499000108242036,5.428419976045302
25.74899921298027,14.59827604491259
39.21299919128418,26.874274850224303
44.77800084590912,39.40487196157765
49.238998584747314,49.74273603893826
47.02300078630447,50.18307403831948
42.88600133895874,46.481767485332
32.6190007185936,38.63330710286959
20.886999620199205,26.63324889750851
4.695000042319298,12.082373229305519
0.0,5.8967352641049455
0.0,1.9737477155382321
0.0,0.6186408619882177
0.0,0.39045105796864416
0.0,0.38505810363212206
0.0,0.38700071545742204
0.0,0.38542189042657726
0.0,0.27584633113091805
0.0,0.26781562669436615
0.0,0.27537535226040266
0.0,0.26996973945862746
0.0,0.2777186331435552
0.0,0.2902910847430029
0.7629999862611294,0.8983484514030293
10.581000156402588,5.856306351997718
25.31399994730949,16.362055246425264
37.11800112247467,27.77481986045268
40.31499842643738,35.55048428848411
36.71400046348572,37.2718513584521
25.74099897623062,27.842734569894354
20.166000620126724,19.403285553947846
30.606999714374545,15.696809208204376
13.594999490380289,13.153971206103192
2.3430000163614757,7.712203225962041
0.0939999977080151,3.963974492863927
0.0,1.1339921359808665
0.0,0.4368378536210268
0.0,0.2696366087516429
0.0,0.2713043897810158
0.0,0.26833029606404396
0.0,0.2690252773842223
0.0,0.3745236728450071
0.0,0.3584215569133736
0.0,0.36607906748464636
0.0,0.36153546874796616
0.0,0.37080713251745306
0.0,0.38306605735006033
0.1830000079143792,1.1220252681438772
9.019999918341638,6.6932580691803825
13.479000165462494,17.95057877701219
39.97400142908096,33.300433408506926
48.775001285076144,45.9551239937783
52.1879988193512,53.15656638552834
43.80499952316284,48.49896683405857
35.64799921274185,36.54308834313757
26.175000009536745,21.833781661848903
18.89199937582016,11.027669718465464
3.4110000425577165,4.150908710597413
0.0629999989760108,2.2153468170316755
0.0,1.006860378704227
0.0,0.5334025557427013
0.0,0.36282293725368814
0.0,0.3645167306449852
0.0,0.3653602189850528
0.0,0.36635987776386086
0.0,0.29119785451898295
0.0,0.2759848960986549
0.0,0.2919930694372454
0.0,0.28356738921650076
0.0,0.2814505277547763
0.0,0.29306331630749183
0.0,0.6413620187944706
0.7340000266581774,1.9016692271618103
3.6149999177455903,4.629506189256217
2.581999900341034,6.024636962554588
0.1889999929163605,6.602145337447347
2.2860001267492773,6.546323488271636
4.557999839186668,5.7478316602822925
4.871000115871429,7.664586503018834
7.509000132977962,9.068991321240704
0.6430000294744969,7.584983099606156
0.0,3.9550289524513396
0.0,2.3888707468454493
0.0,0.9774122941566278
0.0,0.4339359058506264
0.0,0.27732783131134414
0.0,0.28695982589002467
0.0,0.27909474720167277
0.0,0.27542938770144887
0.0,0.36214854474847025
0.0,0.34845876570990925
0.0,0.3574224436007875
0.0,0.3503134798896976
0.0,0.35916996248965893
0.0,0.3728947713822777
0.9070000114291906,1.1581139882877265
11.371000428199768,6.180202847644688
26.19900071978569,16.921597114214663
39.56700196504593,30.522142777725428
49.5969983959198,42.317800445700186
50.481999168396,49.729525986629895
43.62100023984909,46.522219800265965
37.843001267910005,38.90343727685848
20.153001005649568,28.04434452784345
15.295000504255295,17.368582933549668
3.451999972164631,7.943966831217287
0.0,4.108529527887188
0.0,1.4496469243211076
0.0,0.5534124686896332
0.0,0.35306451894689805
0.0,0.3505453053837435
0.0,0.35205157190827346
0.0,0.35275575138082144
0.0,0.3992568115241466
0.0,0.3846844498962679
0.0,0.39566479830059326
0.0,0.3851295994348956
0.0,0.3908286924409652
0.0,0.40054526590044665
0.0129999995976686,1.091378317459374
1.3819999473541975,3.354908970304993
5.298999944627285,8.802676007007463
18.65200048923493,15.50250874158066
39.14700083255768,24.74897926977262
51.97399916172028,36.10992382370682
50.56299976825714,39.93931973285325
45.7319987821579,43.18231018627168
36.2639989566803,39.99423290187715
21.71699902176857,27.636641382856
6.7869998195767405,11.283344478761208
0.0320000002440065,5.231829210785017
0.0,1.8754766357888952
0.0,0.605551668264182
0.0,0.3971724904012271
0.0,0.3924297306246819
0.0,0.3920882818162967
0.0,0.3881491123476941
0.0,0.3953149966876968
0.0,0.3829589130761832
0.0,0.390450787394755
0.0,0.3827658475168541
0.0,0.3939125706689373
0.0,0.40600105131710057
1.0269999682158233,1.346530462885828
11.044000250697136,6.786777336277844
24.45699897646904,18.298315822001967
38.54700156211853,32.788459868374346
47.99700034141541,45.55422210384078
50.24600142717362,54.23990664316324
49.51200075864792,52.37545074059238
44.95700075149536,46.94560296715911
35.80799983978272,37.86030498092684
21.37700025677681,24.532767166270375
6.526000054776668,9.98911618344732
0.0320000002440065,4.481689065024471
0.0,1.5726945804316834
0.0,0.601906219530739
0.0,0.39065613971822827
0.0,0.38583308754024515
0.0,0.3883130311859596
0.0,0.3872625127880981
0.0,0.38241363703446696
0.0,0.3696873135976996
0.0,0.37760414871474
0.0,0.3696919999050912
0.0,0.3803065254051914
0.0,0.3922477395862574
0.9759999994188548,1.2687245678813908
11.07000050663948,6.530366702754126
25.359000508785247,17.509969601141812
38.82999838352203,31.178006770837058
48.08399855136872,43.12219134246541
51.0040007519722,51.593439241604926
50.13700102567673,49.43799361591368
45.61000082015991,43.9106694514127
36.15199975013733,35.71478576212031
21.59900015115738,24.11400642652979
6.426000176370144,10.587749028165588
0.0320000002440065,4.6879597609462405
0.0,1.5486298869318418
0.0,0.5833516276913312
0.0,0.37884805893492285
0.0,0.3742680512793765
0.0,0.3759446108977667
0.0,0.37446290082721617
0.0,0.3777294867079169
0.0,0.3657829018488607
0.0,0.3733776810232162
0.0,0.3656759462468111
0.0,0.3761555386271434
0.0,0.3881177245317357
0.1069999973056838,1.2522958250408416
7.636999813020229,6.514584263886379
22.82800083398819,17.54558082733959
37.7530001449585,31.32100657920747
46.93599846839905,43.07890479012106
49.80399810314179,51.44488766088631
44.669998676776885,49.38210014372313
39.482000219821934,43.303631448012716
35.41799908161163,34.53006076904554
21.085000858306884,22.896111018813258
6.051999891698361,9.935099813005998
0.0320000002440065,4.475906701003312
0.0,1.511044672009891
0.0,0.5767437329521854
0.0,0.37325174170148734
0.0,0.36885011652683475
0.0,0.3708152215254933
0.0,0.369851890262342
0.0,0.39791009189718474
0.0,0.3849452579614745
0.0,0.39302653378669644
0.0,0.38494030916986927
0.0,0.39592832214165324
0.0,0.40839874239454965
0.9169999864324928,1.3711888484993542
9.928000087738038,7.225200278364088
24.69800020337105,19.11937512970772
38.88299918174744,33.6372160519106
48.39299870967865,45.78991873549902
50.91500196933747,54.274851595166396
49.12100176811219,52.687817148052844
44.29299958705902,47.05652893101675
35.08400203466415,37.95989878556312
20.734000997543337,24.781515660336964
5.816999869346619,10.255820818207694
0.0129999995976686,4.477904117936659
0.0,1.5773612841239255
0.0,0.6046971807579871
0.0,0.39251701293376723
0.0,0.3878633744399302
0.0,0.3904065460855816
0.0,0.3891892804477125
0.0,0.37718523610237176
0.0,0.36357117229117847
0.0,0.3727025632204506
0.0,0.3640491292464386
0.0,0.3737971108837973
0.0,0.386693461105825
0.740999977067113,1.2397921694257124
10.137000367641448,6.247178195281409
23.875998984575272,16.85575758349143
37.063997983932495,30.14124171707057
45.94999958515167,42.136306784622086
48.66400031089783,50.37648782244833
47.76099849224091,48.12265340467932
42.20399912834168,42.3503427773716
34.16700031518936,33.41272477965051
19.9809989964962,21.8187190180442
5.352000229358673,9.627475310248842
0.0,4.566678264742265
0.0,1.5629881999438702
0.0,0.5795534193479985
0.0,0.3712573292075658
0.0,0.3668592999605993
0.0,0.3687897046781277
0.0,0.36757919514498266
0.0,0.3910726979979834
0.0,0.3785085128725792
0.0,0.3865544534333678
0.0,0.3783520784355897
0.0,0.387780133114853
0.0,0.4005632542824239
0.6199999906867742,1.3405762049667531
9.17500014066696,7.258689613337413
23.051001014709477,19.341634550946736
37.34400010824204,33.735350580441846
46.951000709533695,46.11439230782778
49.6659996676445,53.50330667094931
48.19799833059311,50.09123210629337
43.52599973917008,43.421110827197055
33.41799945950508,33.927567430705864
18.79299978375435,21.770004494028527
4.674000191092492,9.684245558338874
0.0,4.661221498995525
0.0,1.6043608328445347
0.0,0.6017603743919244
0.0,0.38497235753572334
0.0,0.38004778537630707
0.0,0.38286616800285794
0.0,0.38160303585854105
0.0,0.38850260969600475
0.0,0.3755225344541228
0.0,0.38395936263116814
0.0,0.3761127738365406
0.0,0.38703411376915225
0.0,0.40133296366228
0.6179999956861139,1.3274198859303945
9.15300000309944,6.700169057562899
22.14000101327896,18.003479563242095
35.35499952793121,32.30869464223619
44.03700022697449,44.937697517581285
47.08600033998489,53.34849240605777
46.17799914360047,51.8309973642268
41.68799926280976,45.42195126679138
33.07199897646904,34.60873462772475
18.75100008130073,21.42024902217905
4.693999755978584,8.840243874560569
0.0,4.361087126125599
0.0,1.6027099953010482
0.0,0.6001122994891694
0.0,0.38073083822615394
0.0,0.3765416660746073
0.0,0.3791392322918957
0.0,0.37910057432365907
0.0,0.3708257481359704
0.0,0.35630776337652414
0.0,0.36990953280722855
0.0,0.3577801007032812
0.0,0.36202916704676374
0.0,0.37284401319484395
0.1400000030733645,0.9359780094075832
2.9240000082552435,2.574632382342777
7.835000024139881,6.492516113033567
16.317999712228776,10.674084481891947
24.480999686717983,16.231805948089708
36.23300034999848,24.361658245849974
41.47300137281418,29.524751971987264
38.657998428344726,34.22315152060943
30.770999432802203,32.88091836718911
18.31400024294853,23.42902508154846
4.383000051975251,10.021531334550021
0.0,5.017301546760934
0.0,1.7775237001901085
0.0,0.5634630182827947
0.0,0.3667806237248015
0.0,0.36320698161582965
0.0,0.3624323916425625
0.0,0.35822082176853687
0.0,0.41629097049896163
0.0,0.4003703579069678
0.0,0.41189091704279424
0.0,0.40160994556626045
0.0,0.41020534013795373
0.0,0.423562660936414
0.1329999965010211,1.2496439487679467
2.7450001026690005,4.375464288620611
19.38300029873848,11.642583801570494
35.40899855852127,22.054528822012777
44.93499855995179,34.90336554461355
48.1590015411377,46.38514409054426
46.93000085830688,48.23511920520948
43.68699859857559,45.40734000880887
32.00700006604195,36.66014146802725
17.941000244617463,23.003318531583083
3.993000064045191,9.180286906395123
0.0,4.761474472139284
0.0,1.8663618595318727
0.0,0.6329277233382599
0.0,0.4076463876532398
0.0,0.40412196246794274
0.0,0.40625084142567636
0.0,0.40533360353695475
0.0,0.3904826441303094
0.0,0.3769922897621135
0.0,0.3861979117665198
0.0,0.3778588613000117
0.0,0.38612092610496973
0.0,0.39676507516331916
0.0570000019390136,1.2017280195729856
5.796000018119813,5.004494463781455
15.574000288248062,13.177434079329823
29.8360007750988,23.76735410734299
45.51299974679947,34.807396528598446
51.24500197887421,45.62439047144617
48.83800083875656,46.96098364874207
44.74199875354767,44.54152977716548
35.67300020933151,37.9454959619239
19.27399989724159,25.201705014933125
4.936000242233276,10.35795871953852
0.0,4.641790788878026
0.0,1.6928813583583258
0.0,0.5915247373540572
0.0,0.38570371142793025
0.0,0.3821478417173568
0.0,0.38302181631105914
0.0,0.38069946445663777
0.0,0.3824984919916761
0.0,0.37080447099458724
0.0,0.379004306696723
0.0,0.3708674932575911
0.0,0.3815512713299646
0.0,0.3939018319409553
0.1419999980740249,1.2956799668913226
7.452000243365765,6.66286557716705
23.25499986290932,17.78149242667358
34.84000200271606,31.320202561883136
44.24699873924256,42.69589205765308
45.91900097846985,51.6988758478613
48.40899918317795,51.06870618659989
43.60799857139588,46.15988613302158
34.33499912500382,37.49721142325984
19.22000086665153,24.4777643628803
4.412000139951706,9.879832607370904
0.0,4.277765383268596
0.0,1.5059568961577896
0.0,0.5821696644963201
0.0,0.37705634756778955
0.0,0.37241546711427237
0.0,0.3750043525115684
0.0,0.37400221182995236
0.0,0.34014461056609585
0.0,0.32926579532993083
0.0,0.3401538957694024
0.0,0.32972356752056486
0.0,0.3332319276750868
0.0,0.341373403608098
0.0,0.8815194029766803
1.517999992519617,3.02083720315267
5.728999832570553,7.951091420893315
6.81700019389391,12.30191271136223
9.650999849438668,16.518414002539416
22.511000438928605,22.583050442492365
20.79499997854233,24.65261578478178
40.37200037002564,29.80326002798075
32.04099953174591,31.472195414514445
18.02800050854683,23.255005202121936
2.8470000402629374,9.847743837812517
0.0,4.223125876489048
0.0,1.4084741696493674
0.0,0.5103996064020582
0.0,0.33951306842717033
0.0,0.3358096020004618
0.0,0.3339266201900326
0.0,0.3272845172234283
0.0,0.3715457515167689
0.0,0.35765498308939525
0.0,0.3666008022131971
0.0,0.3591071783236398
0.0,0.3678576990803431
0.0,0.3806693813494279
0.0389999987930059,1.2289646175584534
5.014999755918979,6.700213013492672
22.13599986791611,17.760166858761046
36.20900169372559,30.99860094501942
45.889998836517336,42.331359064973576
46.27999959468842,50.31315770010415
36.65800086021424,47.98872280619775
36.737000887393954,41.5981137822634
33.088999736309056,32.1278773621226
18.572000175714493,20.3832868125981
4.198999998420477,8.877759864570288
0.0,4.188628256748937
0.0,1.496804917297477
0.0,0.5666229414872366
0.0,0.3633619159272099
0.0,0.3603933158544182
0.0,0.36190589085118136
0.0,0.36127517236026724
0.0,0.34603898600925276
0.0,0.3313510078140759
0.0,0.33877727341036135
0.0,0.33540476094043725
0.0,0.34428949995748476
0.0,0.3590081740980776
0.2729999915510416,1.0372642385142288
8.616000286340714,6.416253903431295
22.22400041818619,17.41124931667997
36.19699825763703,31.426787514523447
45.86199903488159,42.52655605175883
45.59299800634384,48.549467703484396
43.06599947690964,43.619498558280185
35.82600088596344,31.567694703176407
31.5459995174408,18.62044211062483
13.588999826312063,9.768454642328097
4.736999744772911,3.8753484034505616
0.0,2.195118782657591
0.0,1.0020441004124685
0.0,0.5079098719300784
0.0,0.3311662761405456
0.0,0.33315676581613685
0.0,0.3326477164131634
0.0,0.33633544358020767
0.0,0.3131128924543129
0.0,0.30319086471283035
0.0,0.31455409203968104
0.0,0.3051239160247421
0.0,0.30764143941603433
0.0,0.3170421399471544
0.0320000002440065,0.8333516092427828
2.761000062674284,3.4816244362935365
12.521000056862832,9.245272511007927
20.376999418735505,14.62785655422491
23.72200007557869,18.55667136882409
26.420000327825548,21.483838298760396
15.840999717116356,19.892190152921394
17.371999580860138,19.83503843921722
25.712000942230222,19.568946094988718
11.191000236272812,15.054743575968198
1.2999999597668648,7.0462231194896
0.0,3.3849090553914865
0.0,1.1570627071839104
0.0,0.4710695213869235
0.0,0.3075466317111471
0.0,0.3085976386900342
0.0,0.30596961307542797
0.0,0.30177125655258813
0.0,0.3140351776404869
0.0,0.30135025570370644
0.0,0.3104625524787051
0.0,0.3059998774105274
0.0,0.31148381590130414
0.0,0.3230663695894138
0.1830000079143792,0.8623844640977789
8.853999627232552,4.195933616387539
21.523000982999804,11.305647587838662
26.257000895738603,19.684181402311893
32.35599935412407,26.38439251271153
39.42300181150436,31.466785548127945
39.63500089645386,29.486976110921617
27.060999014377597,24.476159521091773
19.04500005245209,17.646994180835556
5.807000086903572,10.537445853264979
0.9749999698251486,4.190558963784109
0.0,2.2283484511456937
0.0,0.9799786237387589
0.0,0.46671989586996326
0.0,0.30230324001405023
0.0,0.30682891262176915
0.0,0.30388281871853356
0.0,0.3045536290305639
0.0,0.37280338948990344
0.0,0.361627364365264
0.0,0.36993938646205926
0.0,0.3619284559850025
0.0,0.37178098635412954
0.0,0.38441626659283973
0.3509999891370535,1.1990467387648207
8.605999990403653,6.072451876129558
22.414999651908875,16.298845388433513
34.86600123167038,28.891955407008325
42.930999846458434,39.51582217849904
44.66799810409546,47.7639250579872
44.96699950695038,46.75727134553411
38.42700006484986,40.981428690045675
31.8230007827282,32.22994709197823
17.321999641656877,21.242807157635283
3.6419999465346335,9.168503292245898
0.0,4.207022316578393
0.0,1.4646543025072096
0.0,0.5660813961503111
0.0,0.36598536757878014
0.0,0.3620481169458482
0.0,0.3644877392966418
0.0,0.36416848924600465
0.0,0.3878314404662032
0.0,0.3738982186067588
0.0,0.38375658946485164
0.0,0.37490952557413915
0.0,0.3832292940219721
0.0,0.39567691072678607
0.3180000074394047,1.1599288892838222
8.461000064015389,5.106277918958623
17.9070007789135,13.730448528859904
29.33099995136261,24.74854018566908
43.41199995994568,35.5233295378698
46.32899924755097,44.70948604448296
44.99200050354004,44.792929285010025
40.26399820089341,40.3455878976682
30.85899998307228,31.741933617087803
16.89499958574772,19.789339401078728
3.337999936193228,7.804930828633358
0.0,3.728052263559597
0.0,1.4673665727584801
0.0,0.5806255426429717
0.0,0.37927272795269157
0.0,0.3763741998950173
0.0,0.37790955816939
0.0,0.37716296784185366
0.0,0.2745677810014224
0.0,0.26453276712768947
0.0,0.2793481958597778
0.0,0.2691362939250996
0.0,0.2686356298459476
0.0,0.28069732440614115
0.0,0.7393699472578965
1.9090000100433824,3.2182967602238644
9.18499992311001,8.554476547782885
11.019000281095504,12.563210974655524
8.470000073611736,14.406436980119482
15.739000293016431,13.96035720987661
13.355999863147735,10.824918399464321
22.912000238895416,10.994166472365157
15.90499955713749,12.177637598502832
6.21499983727932,10.63356091040798
1.7419999460875988,5.7550521978418185
0.0,3.08622104874375
0.0,1.0709268327487833
0.0,0.42951021016413066
0.0,0.2655714481774666
0.0,0.27014176669225765
0.0,0.2652028839334278
0.0,0.2614139739018154
0.0,0.3800986221659233
0.0,0.3658733614716994
0.0,0.375885878898996
0.0,0.36706605838324347
0.0,0.3756656302469468
0.0,0.3897133074408674
0.1949999939650297,1.199594652341739
7.826000014543533,5.675689191683292
21.17199906826019,15.271603061549547
33.413000081777575,27.70100189067353
41.90300126075745,39.4556993383141
45.82400047779083,48.25807660024666
44.587999844551085,47.558708158467425
39.61099813222885,41.78160130018118
29.2569993019104,30.737421911986587
15.420999611616136,18.267179212925157
2.9379999090731146,7.482846397349576
0.0,3.8248000511252442
0.0,1.4825871920753475
0.0,0.5804498581722861
0.0,0.37047044125790846
0.0,0.3673890523556685
0.0,0.3695711213767222
0.0,0.3693470936292242
0.0,0.35908783486308177
0.0,0.3436267549208788
0.0,0.35430250251709267
0.0,0.3479058085475505
0.0,0.3508880570157907
0.0,0.362489270844439
0.0,0.825299702777354
3.633999966531992,3.0676445986606433
14.566999499797822,7.9895293013165745
13.443000127077102,13.483120171591638
29.79699987769127,19.38790041192358
33.630000598430634,23.37499449475824
23.16300022125244,21.301204079805977
16.08600003540516,19.1983181299572
10.001000450849531,14.440040030454584
6.320000120401383,8.408686950270345
1.0220000128075482,3.299696923368044
0.0,1.9775626167114622
0.0,0.9692509431774721
0.0,0.506205953721955
0.0,0.34506034367829236
0.0,0.3489028397647996
0.0,0.34684430286425544
0.0,0.34736625538858945
0.0,0.3115457640159171
0.0,0.3014280768132036
0.0,0.3121809763712785
0.0,0.3038241781286237
0.0,0.3042628574317335
0.0,0.3117968196217616
0.0,0.7121505645402101
0.457000013012439,2.4091239951325956
1.8249999632686376,6.133182072820548
2.980999897867441,8.72987555221188
10.048999817371367,10.433384357999946
8.115000094473363,11.508859438128704
14.2570000821352,10.239357761283953
25.482999043464662,12.52848368175202
21.150000984668733,14.635221285757199
9.814999567866325,11.719930213136827
0.4870000022090971,5.314347588757936
0.0,2.6195473354577876
0.0,0.9968242934780113
0.0,0.4554893316348197
0.0,0.30614115454013885
0.0,0.3096994023532617
0.0,0.3044618334052206
0.0,0.299069282128079
0.0,0.36933044897393086
0.0,0.35812647682094206
0.0,0.3645880760416675
0.0,0.3584719725799883
0.0,0.3684314374178553
0.0,0.38026532424184156
0.2280000077560544,1.1736289679404053
7.079000245034695,7.303905472203393
20.53000009536743,19.878883563579848
34.300999659299855,34.43315711738787
43.41199995994568,45.883888238545914
47.59900140047073,52.40978576930055
46.25499859809876,47.36272994719714
40.79099916219712,38.86174003349188
28.409000908136367,28.66816963444122
13.297999687194825,16.694548025521023
2.5069999915361403,5.999478431788104
0.0,2.6483224171894073
0.0,1.0562560037929
0.0,0.5351470117414696
0.0,0.3608210315955537
0.0,0.3579367080184729
0.0,0.3601875015459507
0.0,0.3608800557311007
0.0,0.3371512375364379
0.0,0.3246256767260185
0.0,0.3303257170568804
0.0,0.32902062991625347
0.0,0.33864251997632644
0.0,0.353135343875241
0.024999999689171,0.9849216977967226
3.7670000512897968,7.465164582123801
18.701000142097477,20.335496984534274
33.318999867439274,35.22407329570296
42.226001319885256,45.739797955825466
46.577998657226566,49.096443096669574
40.19099989175797,38.81015614181058
39.86099988222122,24.50469756805149
24.795999509096145,13.782563537562448
8.199000012874604,7.288528748418377
1.6509999489039182,2.804873140253961
0.0,1.5557303294354674
0.0,0.7573651075390984
0.0,0.4744124330206912
0.0,0.3225616407382819
0.0,0.3249576906542207
0.0,0.3246428551366864
0.0,0.32901602828437915
0.0,0.3781595429102436
0.0,0.36699079368611404
0.0,0.37434475232481595
0.0,0.3673915195073215
0.0,0.37760948394476007
0.0,0.38968001639108707
0.1199999969033524,1.2292079210367615
6.752000067532062,6.7499618591420205
20.19899979948997,18.270628967407617
34.037000062465665,32.20236083160462
43.05800129413605,44.37641295127944
47.11699894666672,52.802211925145464
45.4540013384819,50.11495743624651
39.23599961519241,43.77721107750257
30.635999802351,34.17382889998905
15.634000009894372,20.20510180620314
2.726000053882599,6.9699923309662015
0.0,3.048243578908717
0.0,1.2155455230384289
0.0,0.5558737683191266
0.0,0.3703737624337073
0.0,0.36619590526515616
0.0,0.3689017912492769
0.0,0.36946494193378354
0.0,0.37213303792227903
0.0,0.3597676415731937
0.0,0.36766511831665716
0.0,0.3605120444394842
0.0,0.3700205897386157
0.0,0.382420553040349
0.1270000034756958,1.2038457285634696
6.845999768376351,7.20169934316054
19.77399928927421,19.467574350152006
33.41199979543686,33.725671486334036
42.17300052165985,45.421133469432206
46.16599981546402,52.64878108302477
44.1769992351532,48.6669660458555
36.79799986839294,41.215489199444065
28.989000613689424,30.669787309319325
14.35000001013279,17.531816733550116
2.7860000322759157,6.233296993762666
0.0,2.7926845331599703
0.0,1.1285519711452083
0.0,0.5447097921578118
0.0,0.3626425229575444
0.0,0.3591617941232004
0.0,0.36184097657292036
0.0,0.3622055330588269
0.0,0.37091500715727793
0.0,0.359597383664131
0.0,0.36721632216581757
0.0,0.3602218237559535
0.0,0.3692256171501615
0.0,0.3817488506493062
0.1140000038780272,1.2108170213301623
6.634999942779541,7.25704442443514
19.900000450611117,19.486541384336654
33.612999838590625,33.49298811938293
42.23899888038636,44.95737608379427
46.45499835491181,52.004583192198936
44.95200137376786,47.91152702155352
39.575998380184174,40.33581122543237
30.11999993681908,29.909088424359958
15.28799952685833,17.33493839955166
2.641000105887652,6.5014833239835585
0.0,2.9956834130223724
0.0,1.17783097906959
0.0,0.548296217544727
0.0,0.3616814796513119
0.0,0.3578288103624231
0.0,0.36069799954295234
0.0,0.3611569808341479
0.0,0.3726373856786779
0.0,0.3613245550032177
0.0,0.36773099543279153
0.0,0.3621332641408729
0.0,0.3715522648748564
0.0,0.38393908148047257
0.0890000021830201,1.1676668944038948
5.958999963700771,7.070029687256044
19.85499988913536,19.10215793382428
33.300000588893894,33.150736397933784
41.6710005569458,44.54049415961787
45.86399960756302,51.291991982654956
44.462000737190245,46.67963469839069
38.945000503063206,38.03403510157326
29.270999202728277,27.477521987925392
11.990000004172323,15.666164276890965
2.266000048369169,5.708589084410607
0.0,2.6344025839547704
0.0,1.0944291863649855
0.0,0.5420800591757384
0.0,0.3627280780591851
0.0,0.3604063541422213
0.0,0.3625888583283395
0.0,0.3638789448600594
0.0,0.3549664865950187
0.0,0.3437228729841396
0.0,0.3496041174057005
0.0,0.34561574845813975
0.0,0.3556124540203526
0.0,0.3686077511374843
0.0129999995976686,1.0904079662141344
6.23699997484684,7.716926477764861
19.271999324560166,20.757783160271416
32.10800023078919,35.30709545430307
36.62399934053421,45.76079613508083
36.15199975013733,50.63501785951783
41.00899996519089,43.34393790632604
26.18500081896782,32.41167577551665
23.86499994277954,22.17503485828368
9.387999511957169,12.840665231555098
0.5200000160001218,4.907494995372355
0.0,2.2361114528092045
0.0,0.9266364400469116
0.0,0.5061720421652707
0.0,0.34447765766186916
0.0,0.3435519293879635
0.0,0.3449840007678129
0.0,0.3471598425180108
0.0,0.2892842948097327
0.0,0.27833091276676536
0.0,0.2879160766689643
0.0,0.28682361946057755
0.0,0.2906319125023506
0.0,0.3044396566155471
0.0,0.7265578926242648
0.3670000133290887,3.9545152648795643
4.717000179886818,10.631460246627526
12.607000034451485,16.3601500143984
10.657000351548197,18.81520491576176
10.371999876499176,16.357485472319574
7.19300002425909,9.221570865663407
10.037000489234924,6.442924353450987
7.145999917089939,5.934583962245709
2.003999997228384,4.788127655757088
0.0510000008903443,2.390472373679425
0.0,1.3685091713059596
0.0,0.6658986051262072
0.0,0.4134536963207978
0.0,0.2754283871363436
0.0,0.2852838085466387
0.0,0.278623864610656
0.0,0.27910893751328547
0.0,0.29603625145563167
0.0,0.2844837517038101
0.0,0.2958582192489683
0.0,0.2908748264117424
0.0,0.292013073695385
0.0,0.30272560153252087
0.0,0.6844833224575102
0.0190000006463378,2.5525944389208717
0.662999979481101,6.4327709303555025
6.5390001827478414,9.119102691666619
14.563000408411026,10.450295279462672
16.256999704241753,10.394540422969543
12.478000068068503,8.281399295467578
9.897999713420868,9.078760152441829
7.794000094532967,9.752702597650549
3.101000111401081,7.5272344829366284
0.3320000045374036,3.464621419042928
0.0,1.8601363902033052
0.0,0.8296354547756256
0.0,0.430963310189536
0.0,0.286222478971001
0.0,0.2949827294100116
0.0,0.2880054957501408
0.0,0.2850844739713153
0.0,0.30573233000978856
0.0,0.296498216158913
0.0,0.30549482370735165
0.0,0.29879576054911844
0.0,0.3038737674669935
0.0,0.3136618274140368
0.0,0.8594995537171021
3.3099998778104784,4.137178405203381
11.808999525904657,11.003222637092803
26.416999468803407,18.051799457605163
34.300999659299855,23.76814533183712
26.41599918246269,28.419458680653477
19.73999982357025,26.115629652289627
21.65100066304207,24.46825495079805
18.25900092601776,22.162757816400806
10.266999593377111,15.512851302645734
1.9759999388456344,6.503562308313866
0.0,2.887456516294799
0.0,1.0431768167741395
0.0,0.4553244690238369
0.0,0.3003520536408674
0.0,0.30147997369667634
0.0,0.2991498951761341
0.0,0.29638238646021614
0.0,0.3245473843106309
0.0,0.3128027660303043
0.0,0.3234323228440826
0.0,0.3151040025454264
0.0,0.3190548642884186
0.0,0.330045914881843
0.0,0.8792244409370332
2.4480000427365303,4.103339890507995
12.048000180125236,10.941049504388356
13.810000461339952,17.91191110228354
38.13800152540207,23.91018451194992
37.0029990029335,28.099048756791838
31.41400074601173,25.44819700026119
27.678999330997467,23.926255928490676
24.347000342607497,21.101927519139835
14.240999608635905,14.484884986703834
1.975000037625432,6.275524157623743
0.0,2.9771826644068566
0.0,1.1186414937876727
0.0,0.48278723590082095
0.0,0.31688942992067703
0.0,0.31648954828272474
0.0,0.3151033366370545
0.0,0.3129175164782226
0.0,0.38643418887732495
0.0,0.37407547767284316
0.0,0.38280824006118347
0.0,0.3743280477698101
0.0,0.3824688976175591
0.0,0.39529689718247835
0.0320000002440065,1.203395510417228
6.0159998533129695,6.346957065554662
18.625000973939898,17.092665163194717
31.473999440670013,30.02065128928856
40.2140003156662,41.50765655498237
44.53499904632569,49.21842967859673
43.23700119972229,46.77424137722163
36.98100091934205,40.20822483342884
28.3630000603199,29.522446927747424
14.040999851822852,16.814539662969203
2.078000004813075,6.291780214652887
0.0,3.006070796176005
0.0,1.2465943886839257
0.0,0.5708682012966009
0.0,0.3759532519463373
0.0,0.37246770214673847
0.0,0.3755349716650114
0.0,0.3757432283084215
0.0,0.31223637958707445
0.0,0.30041974056052745
0.0,0.31207831491926424
0.0,0.3076877883124474
0.0,0.30822180906259034
0.0,0.32075851945432465
0.0,0.7163278096723892
1.0449999874085187,2.8917900233582197
5.423999792635441,7.340547483340191
4.033999993652105,10.319251945767991
4.557999839186668,11.298431401644581
8.03499978095293,10.357282583663958
7.821999896168709,7.766981244853875
11.52500036418438,7.485156263655588
18.59600088596344,7.4258178565817445
5.6980001989007,5.688657547460589
0.6430000294744969,2.6895728939396064
0.0,1.5873969743996228
0.0,0.7868191349235626
0.0,0.44835040658061853
0.0,0.29773750897551593
0.0,0.307053611907058
0.0,0.3004640008147759
0.0,0.29909201448897244
0.0,0.3312681688808812
0.0,0.31767053849322013
0.0,0.3284159535566991
0.0,0.322549087619468
0.0,0.32502045681663483
0.0,0.3357893558199378
0.0,0.7804732629668143
1.8920000204443927,3.326972059301934
8.350999889671803,8.508649480454824
5.732000178098679,13.231580036298434
18.31899962067604,16.32406196109544
20.18299932599068,17.88705897441369
23.462999856472017,16.086454432716735
16.920999841690065,14.708611980800958
16.723999916911126,12.446547652176616
7.769000124931336,8.326604705737976
0.9500000002235176,3.5289461043299273
0.0,1.8652587041112223
0.0,0.8728776179802559
0.0,0.46874575871007607
0.0,0.3183129861946131
0.0,0.3236145379270475
0.0,0.3199476656313871
0.0,0.3188877447847648
0.0,0.35432518003381214
0.0,0.3399816304518042
0.0,0.3487364647333867
0.0,0.3423414584676559
0.0,0.35000688851142625
0.0,0.3630354658120171
0.0,1.0060529964630458
2.771000101864338,5.659589196442502
13.609999677538871,15.071667262776034
26.60700047016144,26.405069750360525
30.594000099897382,35.7847439839311
38.51500061511994,41.909904088461744
36.519998316764834,38.89030160297101
28.87099968910217,30.847494412846274
23.266000958681108,21.383426494382128
11.282999877929688,12.59867925948496
2.2130000203847886,5.04397756671122
0.0,2.468248001167661
0.0,1.0606904092671032
0.0,0.5135265866781844
0.0,0.3415191543626549
0.0,0.3419670236972976
0.0,0.34218924172386317
0.0,0.34382248229255585
0.0,0.3819068466131822
0.0,0.36898136760574995
0.0,0.3786129119824355
0.0,0.36990551595757465
0.0,0.37811332742881987
0.0,0.39075066824429516
0.0,1.1258861466630001
3.9899999752640727,5.503260977887672
15.97099996984005,14.7500684753661
29.390000413656235,26.081816229039738
38.17300127744675,36.554475675350375
42.24599883079529,44.862237625551444
37.5730020070076,44.03179123522596
35.231000993251804,38.43833275642857
27.267000489234924,28.656176165806336
10.251000146865843,16.551641807072762
1.1739999537914991,5.841405719109211
0.0,2.7283923289637295
0.0,1.1764468042012395
0.0,0.5552331493459972
0.0,0.37057174392548925
0.0,0.3680404538398573
0.0,0.3702387891144274
0.0,0.37096634282173796
0.0,0.36573525981937866
0.0,0.35442439003060283
0.0,0.3626819642710046
0.0,0.3550229382837616
0.0,0.3636182062673445
0.0,0.37575658909792065
0.0129999995976686,1.0694954565858168
5.183000106215477,5.487277824977525
17.422999806404114,14.701444141110356
29.385999268293386,25.75760826332646
37.91300077199936,35.4422162127173
41.9360004401207,42.963715350508714
40.57200012683869,41.358133968729696
34.84100023508072,35.71255581159991
26.594999088048937,27.163719814508227
13.204999759197236,16.540984494479403
1.7989999640733003,6.287418680882773
0.0,2.8519313042200327
0.0,1.1363430488380095
0.0,0.5327926805957771
0.0,0.3564387975859647
0.0,0.35368606202979475
0.0,0.3556981380202838
0.0,0.35613028732172997
0.0,0.33601778191157744
0.0,0.32123539666686035
0.0,0.3326364170863813
0.0,0.32639316486265313
0.0,0.32838533210677207
0.0,0.3403103749696613
0.0,0.7649448863097903
1.7129999864846468,3.010972407222174
7.966999822556973,7.711154180722007
15.933999645113946,12.109800853087767
17.003999987244608,16.325116943457452
17.593999475240707,18.221529642448765
15.388000432252884,15.595817560247168
15.12099997639656,14.252757675668219
2.9369998794794085,11.218114631038906
0.3170000099390745,6.650373523579718
0.0,2.57472140126161
0.0,1.5771677214576931
0.0,0.8363423025480284
0.0,0.47315732128206595
0.0,0.3207028545486555
0.0,0.3253182099996505
0.0,0.32214994231348576
0.0,0.3223005980284098
0.0,0.3077653361165759
0.0,0.29410343962556496
0.0,0.3071261120175109
0.0,0.30157236183281527
0.0,0.3005339349331391
0.0,0.3134700886147708
0.0,0.6700832466056711
0.0,2.4279831794524434
0.2810000036470592,6.041661847962834
1.6259999793022872,8.209229964441962
9.288999919891358,9.448858563428743
7.6330002081394195,8.359596668561087
1.2139999821782113,5.818867476955786
1.0330000174045564,6.16999277021163
0.6470000194758176,6.27358494654803
4.01000005364418,4.807550446853646
2.407000113129616,2.363069668333777
0.0,1.5361611961944577
0.0,0.77796090308411
0.0,0.4430012952195023
0.0,0.29274185484290455
0.0,0.3019272204585214
0.0,0.2948309954986228
0.0,0.2941369871445817
0.0,0.3424402834385413
0.0,0.3343278389794156
0.0,0.3421073664689993
0.0,0.33515957962203663
0.0,0.33990241078714656
0.0,0.34873961474878495
0.0,0.9291936611636937
2.062000044807792,4.863021074199657
10.41700043797493,12.987728008025625
9.419000172615052,20.92699955950591
20.62699911475181,27.110699877490774
14.340000227689744,31.28635209908726
19.309999935626983,27.12027717293244
34.319000705480576,24.651258139593082
27.579999738931654,21.593652020344116
13.422000275850296,14.324482323077111
1.8389999924600124,5.617604394436723
0.0,2.4164648772536395
0.0,0.936345299447243
0.0,0.48869629393428415
0.0,0.3358675650081806
0.0,0.3345332120273607
0.0,0.33464804631301204
0.0,0.33254365650268813
0.0,0.3712332828322231
0.0,0.3568968196496964
0.0,0.36574414661585725
0.0,0.3590426427015718
0.0,0.3647118079366247
0.0,0.37526298909315925
0.0,0.9412588340023772
1.3469999385625124,4.513424158745357
6.78399998754263,11.885009862523127
18.31899962067604,20.609231084221307
23.05199924707413,29.09326478217288
30.039999623298645,35.35250346452274
30.78499933362007,32.5241467353394
24.480999686717983,27.395512300823555
15.10700007557869,19.421224651822584
8.515999894440174,10.178926513549724
1.2869999601691962,3.2715674969084834
0.0,1.6333080394392805
0.0,0.8664682843487128
0.0,0.5128971246126404
0.0,0.35806470851384364
0.0,0.3589882487963418
0.0,0.3590036578945876
0.0,0.35914969884090775
0.0,0.38680491932771216
0.0,0.3721500130410814
0.0,0.3824863177610018
0.0,0.3740744268758205
0.0,0.3788771730453752
0.0,0.3895197523915936
0.0,0.9369126797867732
1.5070000521093607,3.571613221605933
6.838000045120716,9.225245919857858
9.954999603033066,15.979863662783375
22.152000341415405,23.75702734511473
31.60000060200691,31.154120946344925
36.53900170326233,31.594047855780715
27.70899970531464,29.29001710576989
13.396000019907952,21.488234359576758
9.85499972462654,11.218631213064235
0.8259999892488122,3.4732283047080896
0.0,1.8072535276748667
0.0,0.9674061306928823
0.0,0.5358867809019469
0.0,0.3731020249741394
0.0,0.3733455953045416
0.0,0.37385484020957627
0.0,0.3740375048650699
0.0,0.3285103159906154
0.0,0.31507487510777726
0.0,0.32312991364918714
0.0,0.3211289276933116
0.0,0.3266878075240507
0.0,0.3414863591088941
0.0,0.8015423415048452
1.2070000317692755,4.847208252663115
5.863000203669071,12.820842206803636
16.413000212907793,20.79462393371889
22.31700034618378,25.76052234381676
14.340999487042428,24.26295549670435
10.711000409126282,15.239933636012905
9.864000247716904,9.121518929641864
2.423000073134899,6.50467932779344
1.5500000409036876,4.641382717599356
0.1219999999273568,2.2814026016017213
0.0,1.3686740189531128
0.0,0.7038992626865546
0.0,0.4557307912680927
0.0,0.312317548223074
0.0,0.31872416514139024
0.0,0.31550014267430937
0.0,0.3189652719773784
0.0,0.3176443886676091
0.0,0.30686228254435105
0.0,0.31806433553308444
0.0,0.3114367953413083
0.0,0.3122469374073151
0.0,0.3225836844234227
0.0,0.7304140955835713
0.0129999995976686,2.97048998159616
1.040999997407198,7.606131633793799
4.160999900847673,10.721782040373961
6.851000173091888,12.295848291323257
8.975000383853912,11.936216699463845
13.953000328540805,9.275075689506481
13.251999866366386,9.81998489633992
14.979999654889108,10.435145519911076
5.477999850213528,7.92566854086636
0.1259999979520216,3.4485587455109705
0.0,1.8157808581520511
0.0,0.830709085036737
0.0,0.4524223285901012
0.0,0.3064411445188836
0.0,0.31193822558601175
0.0,0.30738925279632034
0.0,0.3049552671042803
0.0,0.3207405803081779
0.0,0.30704229341505845
0.0,0.3179870579601742
0.0,0.31206036538373966
0.0,0.31393900807478964
0.0,0.324697046695678
0.0,0.7876502887849826
0.5319999860040844,3.6824022120161604
5.9950000020861625,9.433957744564156
14.033999901413916,14.608398132744904
12.10099995136261,18.046480020994572
10.976000292301178,19.66042025533004
19.57100072741509,17.366987684610322
13.007999834418298,15.918053446304343
8.587999971210957,13.11660931363539
3.648000124096871,8.49564098280986
0.1730000008177012,3.5772546348167253
0.0,1.8353105013409363
0.0,0.85885940613661
0.0,0.45955003495486657
0.0,0.3076738071132162
0.0,0.31290719024762453
0.0,0.30937428886052176
0.0,0.3082113268024933
0.0,0.3733794228870476
0.0,0.35899920876574054
0.0,0.368369373792867
0.0,0.3612981506862214
0.0,0.36826556560128704
0.0,0.38174626097277276
0.0,1.0674619212275631
4.100999922454357,5.702080284154059
16.047000164985658,15.071545025621726
27.531000086069103,26.7277712907703
36.00399845123291,37.54727647845968
39.67000064849854,44.61422969700794
33.71000091195106,41.99973953953913
25.55200031518936,33.82320466624368
19.930000824928285,21.326532565249487
8.33499992966652,10.715640444224638
1.0879999762028456,3.7825644131021168
0.0,2.0373724050654523
0.0,1.0090926925823995
0.0,0.5370800630239958
0.0,0.35877108142540093
0.0,0.3583421821829344
0.0,0.35983076155786686
0.0,0.3611459798342056
0.0,0.37199371177768087
0.0,0.35762785468387215
0.0,0.36592361517233746
0.0,0.3607203329829671
0.0,0.36757550761255964
0.0,0.3808966637105113
0.0,0.9779488631813846
4.106000070422888,5.318363973187045
15.754999739527705,14.15282564198205
27.934000458717342,25.294416828110194
34.913000311851505,35.68161329900768
27.505000857114798,41.120128219394545
32.05900057792664,36.04863315009351
22.66300082921982,25.799921718625825
6.3389999124407765,14.398874447196915
0.8660000176355243,6.7935908721318246
0.0629999989760108,2.300247077957996
0.0,1.4183741548099118
0.0,0.8163421850487775
0.0,0.5167206883356213
0.0,0.3555282680556183
0.0,0.3572349516779875
0.0,0.35779983700117274
0.0,0.36038300273462337
0.0,0.37401257626716095
0.0,0.3623428140858463
0.0,0.37039645348066763
0.0,0.3627939346987202
0.0,0.3708897514553373
0.0,0.38213477587265876
0.0,1.065255738436118
4.282999916821718,5.476453070948514
15.481000360250473,14.569716437321587
27.698000663518908,25.479842341636363
36.35300184726715,35.6199839102505
41.03699976682663,43.20449873811738
39.77099875926972,41.10860360962766
34.87399941444397,35.636640476421796
26.41500095009804,26.561573221551704
12.934000211954118,15.316326100525854
1.6519999784976245,5.379620150740347
0.0,2.428474442230645
0.0,1.0421260237831897
0.0,0.5342454097415918
0.0,0.36403941521322897
0.0,0.36157950606246947
0.0,0.36369244325375344
0.0,0.3640683065217911
0.0,0.303947353902355
0.0,0.2914279789504845
0.0,0.29818680091235766
0.0,0.2990047089551892
0.0,0.3058317117861438
0.0,0.3229519286229477
0.0,0.7611527612758029
1.3789999869465828,5.16831593131071
9.017000086307526,13.802775263620083
26.932999334335328,22.251185209899283
34.66800204753876,26.83746973395162
22.55799951910973,23.289775390603182
1.6679999385029078,12.201458223800723
1.8630000608414408,6.027775394581898
0.6290000002831221,4.247522723395239
0.4109999996237456,3.381310916040034
2.5989998899400235,1.825643408942209
0.0,1.1802026335668199
0.0,0.6305006334325288
0.0,0.42692456681380964
0.0,0.28709075784967586
0.0,0.29557838821769417
0.0,0.29052541773755197
0.0,0.2956296160736339
0.0,0.37591223895791903
0.0,0.36477552015902936
0.0,0.37195513414616155
0.0,0.3655185920720213
0.0,0.3736469103388486
0.0,0.38421513354576786
0.0,1.0294294281172869
2.492000061124563,5.013981153835324
9.588000295758247,13.418913694164674
21.41599910020828,23.571988374505096
35.87700111150742,33.805923918463236
39.46800031900406,41.36502385630106
39.16100073337555,38.45542084153046
26.55800081729889,33.638494827156336
23.853000614643097,25.36717703412984
9.846000228524208,14.349316367809012
1.2689999409765005,4.809207675501449
0.0,2.23113345586856
0.0,0.9865148475565402
0.0,0.5295703366312641
0.0,0.3667511850343594
0.0,0.364659005316518
0.0,0.366438303590443
0.0,0.36651903626440085
0.0,0.37517571684081313
0.0,0.36380435617476475
0.0,0.3712361257514697
0.0,0.3644521207900301
0.0,0.3730834282966351
0.0,0.38422466488272267
0.0,1.0709494185207704
3.6949999745190154,5.288229250719183
15.148999778032303,14.209155753142616
28.1710005402565,25.241299898305975
37.89799853086472,36.706237052433245
42.393001897335054,45.50140929065258
40.67100177288056,43.23400742600886
35.405001521110535,38.15585267077892
27.685999281406403,28.863637323169606
13.110999544858933,15.541693686824713
1.7599999652802945,4.702601944575464
0.0,2.1566430190058266
0.0,1.0095788135023134
0.0,0.5323531182700103
0.0,0.36554554475169004
0.0,0.3625893956740694
0.0,0.36459817281448453
0.0,0.365430070462
0.0,0.3605860116445918
0.0,0.34620999958436527
0.0,0.3535512648748704
0.0,0.3495264768500262
0.0,0.3562911282281064
0.0,0.3675875865184209
0.0,0.9504753742620622
0.7129999828711152,5.822192691062033
9.907999495863915,15.325036483779845
24.617999889850616,26.71243893767692
27.84700019478798,36.74623584775745
39.77099875926972,42.08501494291108
35.04399879693985,35.57110503180449
19.120999220609665,26.118503760014683
3.7510000912845136,15.673748505383037
2.131000032797456,7.402988375376911
0.1009999962570145,2.41648279005991
0.0,1.295100403154386
0.0,0.7416853287887963
0.0,0.49157387706040734
0.0,0.34608990507022164
0.0,0.34810856219824304
0.0,0.34829353520511025
0.0,0.34978754684723645
0.0,0.3734637772829422
0.0,0.36182664487721866
0.0,0.3693612176958224
0.0,0.36262652491153546
0.0,0.37050303145308394
0.0,0.3817675712252066
0.0,1.1184064955936925
3.2269999890029437,6.5355148641087455
14.129000402092936,17.28532829364979
23.977999435663225,29.368473923717765
32.89000026583672,40.08921837401317
30.96900067090988,47.234316315506724
33.57699980020523,43.638714650621516
24.263999170064928,37.3345695697705
16.643999603390693,27.07394542471618
12.021999924182891,14.60722490746558
1.549000011309981,4.86419397841044
0.0,2.197437681533307
0.0,0.989127968664951
0.0,0.5329414954689085
0.0,0.3625373340350674
0.0,0.3598756741114045
0.0,0.3622393074167727
0.0,0.36266019687259665
0.0,0.3583465312204962
0.0,0.3464598091035078
0.0,0.3528566788847152
0.0,0.34931630844963135
0.0,0.3571597526056824
0.0,0.3696834841906814
0.0,0.9857088922144726
4.063000081628561,6.215430434917453
15.614000445008278,16.56819994122599
25.281999000310897,28.686213088055176
26.422000900506973,39.07803118416948
34.28900033116341,44.46199210127484
31.05300007581711,37.89143454578235
21.42700019598007,27.82766738290149
13.362999813556671,16.855157387712616
5.474000245332718,8.052202257581065
0.3859999979287386,2.5440893301406784
0.0,1.3695651681198604
0.0,0.7606083750858176
0.0,0.4957570264461407
0.0,0.3441680068134015
0.0,0.34502956765251674
0.0,0.34571973613414336
0.0,0.34875721892522826
0.0,0.37166881006492025
0.0,0.3614393493085009
0.0,0.36783933864094737
0.0,0.3618552889911636
0.0,0.3706495292010139
0.0,0.3810863730030737
0.0,1.087193082444378
3.821999881714583,6.334873458380356
15.369000126719476,16.816166091940303
27.820000679492956,28.651556808610977
36.93500007152557,38.94528893816436
42.05900074243546,46.16050771056694
41.19999919891357,42.520415302180126
35.863001210689546,36.430889462768896
27.578999452590946,27.44419947985073
13.414000039100648,15.167120756405604
1.7999999936670066,4.755473615438778
0.0,2.0062315819285184
0.0,0.9125902118215705
0.0,0.5221390729865738
0.0,0.36218118880184874
0.0,0.3596070852902776
0.0,0.3619114449789639
0.0,0.3624091008848179
0.0,0.36391270253791347
0.0,0.3511549734023442
0.0,0.3599454836096434
0.0,0.35360656515582695
0.0,0.358542144186152
0.0,0.36832394652480704
0.0,0.9002032514470469
1.302000018954277,3.9911712248949742
5.405999773442745,10.18946048820686
19.793000621795656,16.9925065736819
19.185999346971517,23.97055061384482
34.449999190568924,30.494832430378274
25.832000385522843,29.84314344927906
31.13799976706505,27.253502236917342
15.39800021469593,20.521789405940147
6.6500001299381255,10.860906098093716
0.5039999918080866,3.3264347227526603
0.0,1.6251662737528387
0.0,0.8677872613673543
0.0,0.5027337674010653
0.0,0.3514097055139158
0.0,0.35203903383384083
0.0,0.3518666793816937
0.0,0.35223467117290186
0.0,0.3431972172094194
0.0,0.3312734718593545
0.0,0.3392120585402219
0.0,0.3343049625096364
0.0,0.33815508318924065
0.0,0.3473816466917023
0.0,0.8251248967889023
1.4580000141263008,4.036780335148121
11.675000181794166,10.394176394692247
12.6080003207922,16.41647926914745
13.658000071048736,21.054492208982005
23.28399995088577,23.75766442757117
21.250999095439912,20.492903274901607
19.868999789953232,18.363893559293665
10.062000458836556,14.916497003405633
5.977999755740166,8.950671657160187
0.6409999702870846,3.193957699130305
0.0,1.534663340974133
0.0,0.7856591201598278
0.0,0.47401699437898237
0.0,0.33109845014054334
0.0,0.3341365451937329
0.0,0.33232987372783324
0.0,0.3319380171201234
0.0,0.3438058182476902
0.0,0.3310848630006605
0.0,0.3385996490173948
0.0,0.33446593861149304
0.0,0.3389279733077151
0.0,0.348377824949044
0.0,0.8247412468283081
2.459999884366989,4.140116455349182
9.470999657511712,10.620613563181939
11.012999590039254,17.04323188621907
26.657000409364706,22.079011663852235
36.52199888944626,24.919291715729692
28.10000074982643,21.232768192818575
17.326999019384385,18.20250573069631
7.744000155329704,14.114999363245357
11.404999893903732,8.292453128454932
1.8379999628663064,2.966377036580951
0.0,1.4528950749057696
0.0,0.7648845408000754
0.0,0.47381591391465644
0.0,0.33217176295204437
0.0,0.3356623374944807
0.0,0.33325406401964325
0.0,0.3331037331140205
0.0,0.35805852237075814
0.0,0.3443500178052056
0.0,0.35234667007468046
0.0,0.3470448479653323
0.0,0.3536419062047647
0.0,0.36543830003454836
0.0,0.9536481245895732
3.5479999889433387,5.488311621835192
14.997999674081802,14.296596780257667
27.56800041079521,24.33951815371747
30.483999412059784,32.74589362861553
36.6639984703064,38.155991476552494
31.10799939274788,34.3794840959649
18.640999393463137,27.16209925764538
15.635000296235084,17.760265962853424
8.128000222444534,9.248464524214064
2.2899999883770943,3.221152653488973
0.0,1.6178650634431744
0.0,0.8433987849675812
0.0,0.5007163687422338
0.0,0.34393634595674516
0.0,0.34485629086618425
0.0,0.3452477799698234
0.0,0.34669401749543866
0.0,0.31166449977742855
0.0,0.29837287440362437
0.0,0.30669435065120504
0.0,0.305037234266783
0.0,0.3085251848747081
0.0,0.3221717742592939
0.0,0.7982437494997879
3.830000118464232,4.818917977614271
10.44200040757656,12.410863624156567
15.18099969804287,19.40310949413233
25.93099997758865,23.41662341641993
26.14299906253815,22.643395757768772
12.177000146508217,16.320831566876493
0.6450000244751573,11.536486321888104
4.073000120818615,8.11662481161823
3.613999888151884,5.350355254826223
1.3389999585598709,2.565326100986885
0.0,1.5081017047442813
0.0,0.7647073551491688
0.0,0.45205158993926764
0.0,0.2951669149566151
0.0,0.3025326632796135
0.0,0.29779412544363376
0.0,0.3006670410885111
0.0,0.37287223893299143
0.0,0.35923870909806427
0.0,0.36771961050069846
0.0,0.3618105741147215
0.0,0.365960616361136
0.0,0.3759958262213184
0.0,0.8809705646361617
0.0389999987930059,3.890230839199522
4.446999891996383,9.834280790022534
14.764999710917474,16.15366749320362
31.238999931812288,22.570058207881388
41.07899946928024,27.304357914231552
35.28900116920471,25.36311655689687
31.473999440670013,22.48170334874991
25.769000831842423,16.18052516164746
10.303999918103218,8.607454711762536
2.4140000635385515,2.8761166017306588
0.0,1.5327161688237496
0.0,0.8424667252488094
0.0,0.5114197023754987
0.0,0.3593324572166677
0.0,0.36125852628192745
0.0,0.36071641417221423
0.0,0.3612373390307478
0.0,0.3806709944955524
0.0,0.3694582079059013
0.0,0.37719095115126855
0.0,0.3693038618383035
0.0,0.37427099753874005
0.0,0.38146469573216246
0.0,0.9363680803598365
4.588000213503838,3.535146121799711
10.08499985575676,9.002111750689547
15.536999963521955,14.411633093059612
21.19599977850914,20.76273920028506
25.404999302625654,28.737729419090144
37.39399799346924,30.597923001641654
34.92299906730652,33.3342227011524
25.168999507427216,29.939144420858142
13.540000173449515,17.452313543051055
1.6660000076889991,5.034954701206972
0.0,2.061697314705445
0.0,0.9923224545286145
0.0,0.5296592809426109
0.0,0.37267745491689863
0.0,0.3702292552074774
0.0,0.37061959182900006
0.0,0.3687111658281449
0.0,0.30299442021854817
0.0,0.2919622812295628
0.0,0.30167080561423487
0.0,0.2964639048517983
0.0,0.29932884571242047
0.0,0.31006632166731507
0.0,0.741221338777452
0.7050000028684735,3.132478802319218
8.002000088095665,7.735586838838866
10.776999794840814,11.190318337873217
15.413000401854516,13.728102501612947
20.533999186754222,15.165332810791428
19.656000418663027,13.479408342865247
8.810999638438226,13.979903228444515
5.185000165402889,13.690870272704407
4.105000040829181,9.541318664010394
0.7129999828711152,3.861660779811685
0.0,1.9085849550274812
0.0,0.8709980192911334
0.0,0.4437125189071367
0.0,0.2940814176958312
0.0,0.29908157803702
0.0,0.29387254987073086
0.0,0.29179519566916323
0.0,0.3084919194131452
0.0,0.29649584680662583
0.0,0.30684081233796795
0.0,0.3032111428566712
0.0,0.3047095923645704
0.0,0.31522189524066535
0.0,0.7014269034920857
0.4330000088177621,2.83655879670739
2.7719998747110366,6.829837787884941
3.71299999371171,9.374665217946092
3.8949999880790713,10.400687539530145
5.405000000596047,10.358738745461704
5.102000019848347,9.01917539840475
4.239999928027392,9.406861431569165
2.537000109106302,8.907944316784432
1.490000062510371,6.3175012378708715
0.1990000000130385,2.686453036983813
0.0,1.441951044244475
0.0,0.7463035453757185
0.0,0.43711684857719973
0.0,0.2954706454028793
0.0,0.30439105772597275
0.0,0.2979298667296532
0.0,0.2963184803647734
0.0,0.30898115465264997
0.0,0.2964083094741327
0.0,0.30595704924224837
0.0,0.30312613003898303
0.0,0.3059285329110634
0.0,0.31809262013664263
0.0,0.7377979106086551
0.4509999959170818,3.802077216930783
3.0849998946487904,9.591584305978634
18.39799964785576,14.306438642046626
23.55800035715103,16.612497460190987
25.89399965286255,15.544667798685301
12.58900001525879,11.211477386945758
3.986999886482954,8.900131961021986
2.350999996364117,7.2085071236822635
0.28499999364838,5.010121429042045
0.0320000002440065,2.188965068407328
0.0,1.2415856649462211
0.0,0.6752888443898436
0.0,0.43356799210300045
0.0,0.2939060024352183
0.0,0.30228842959200464
0.0,0.2970924585026005
0.0,0.2978508892915641
0.0,0.3254455247251436
0.0,0.3116692060075897
0.0,0.32189581198248246
0.0,0.3164652879116477
0.0,0.31775698608307473
0.0,0.3273585772113492
0.0,0.7330795760428576
0.1410000005736947,2.941340295946714
2.929999929070473,7.072335722421906
6.50300014436245,10.251249633761418
15.363999722003935,12.557838062904446
14.642999694943429,14.198285969684639
17.700999304056168,14.023891748481882
9.362999542355537,14.553624329142378
8.702000263929367,12.069435745966256
4.625999797582627,7.404214692421302
0.3300000095367432,2.882649094958136
0.0,1.5308812245677026
0.0,0.8046402183143135
0.0,0.4577753278695833
0.0,0.31207033743014123
0.0,0.317482279087761
0.0,0.31336845567793953
0.0,0.31209549999906694
0.0,0.30270248030667296
0.0,0.29015281238872287
0.0,0.3016229525113251
0.0,0.29717998296788434
0.0,0.29681126340495084
0.0,0.3085610199825249
0.0,0.7018074806575332
0.0,3.0909455781725503
0.1020000017806887,7.595060067687535
1.1909999433904888,10.17013409705691
7.568999854624272,10.838885510946437
8.366000076830387,9.514128156644338
4.105000040829181,7.117649876776229
2.1999998924136164,7.164852010374577
1.4030000553280115,6.938766594685596
1.0079999836161733,5.228968869873865
0.3150000149384141,2.5113585940487653
0.0,1.4504598827209714
0.0,0.7456111004243793
0.0,0.4380827764896894
0.0,0.28867989242348396
0.0,0.2981811319069971
0.0,0.2910340784027286
0.0,0.2892991460414784
