y_true_kw,y_pred_kw
0.0,0.2253143217321485
0.0,0.2271063997969031
0.0,0.20461699069011957
0.0,0.32106927349232134
0.0,0.32307141874916845
0.0,0.3291360638802871
0.0,1.1221165185421706
3.681000073701144,7.211024177670479
16.693000283241272,19.814319866299627
30.51199921369553,32.444409672617915
39.95899918794632,42.15221222996712
42.5400008559227,44.55829113483429
25.41500011205673,42.87792305111885
25.4489995777607,37.30321225166321
23.15899907588959,28.72141066670418
10.220999772548677,14.525190303623676
2.3890000939369203,6.196771313250065
0.0,2.14027129560709
0.0,0.8222407637536526
0.0,0.38114815345034003
0.0,0.31763585994951427
0.0,0.32004356919787824
0.0,0.32667911536991595
0.0,0.3138455841131508
0.0,0.21808317866642024
0.0,0.21908260650932787
0.0,0.19482685822527857
0.0,0.2744149243086576
0.0,0.2721429780637845
0.0,0.2757622363232076
0.0,1.1054171155020596
3.6749998961389063,7.687459072619676
16.58299959540367,20.933633092641827
29.825999965667727,34.40412055432797
39.04000100374222,45.16601335525513
44.29700073242188,49.536393778324125
44.86100201845169,48.22577014088631
39.50900178909302,43.75080536484718
29.945999408960343,34.93602435648441
14.926999883651732,18.42349873363972
2.0360000456124543,7.35179137289524
0.0,2.3693403979018335
0.0,0.8761432574689387
0.0,0.36479707586579024
0.0,0.2750051616085693
0.0,0.28171623151749375
0.0,0.2753534629940987
0.0,0.2722150196693838
0.0,0.23654491723515092
0.0,0.239307948295027
0.0,0.2158658072073012
0.0,0.31084112260956315
0.0,0.31118295717984434
0.0,0.3172668342664837
0.0,0.9491116234846414
1.0220000128075482,6.447932532727719
10.6799997484684,17.702874584198
16.715000420808792,29.56056977450848
30.85300031900406,37.58652127742768
37.613001136779786,39.33909278154373
38.601998825073245,35.85076567530632
18.77099964618683,27.99178188621998
12.088000336885452,18.299766702353956
13.181000075936318,9.276739223301412
2.156999903619289,4.015127034634352
0.0,1.5291435828804971
0.0,0.6078887850418687
0.0,0.33532612992450594
0.0,0.29770556861534714
0.0,0.3117500792257487
0.0,0.3147088798787445
0.0,0.31078321813605725
0.0,0.22308423327282073
0.0,0.22688259663991622
0.0,0.20347992238122964
0.0,0.27782617737539106
0.0,0.2764365983847529
0.0,0.2797119680978358
0.0,1.0046189143694937
2.8419998922944067,6.775303196161985
16.294000028967858,19.02088740050793
28.90200034976005,33.00383983492851
37.232999134063725,42.15629964232445
30.11600084543228,45.97191550970078
44.4180004620552,43.11619865179062
33.64699930429459,36.600172191262246
24.50500039696693,24.33836748123169
9.108000468611715,11.84003818511963
1.9280000588297843,4.542539818137884
0.0,1.6830914634093643
0.0,0.6554854117892683
0.0,0.32052184073254464
0.0,0.2752863236516714
0.0,0.2819139427598566
0.0,0.27987696014344693
0.0,0.27586588188074523
0.0,0.30243017890490587
0.0,0.28942141781561076
0.0,0.24732870073523372
0.0,0.32240435793064537
0.0,0.32594727407209567
0.0,0.32621241349726915
0.0,0.6608966438099741
2.2359999307990077,2.779135130792856
7.416999977827072,7.940191840529442
5.97099980533123,12.772779009640217
18.544000374078752,17.182398077845576
6.456000037193299,18.279247995018956
17.088999678492545,20.14903169691563
32.318999029397965,21.466219841837884
14.085000126957894,20.056648475229743
8.398999769687652,11.881771384179594
0.4330000088177621,5.489871575087309
0.0,2.1702816830575467
0.0,0.8339277270622552
0.0,0.37547436552122226
0.0,0.3258814345113933
0.0,0.3235083861090243
0.0,0.3220468056295067
0.0,0.29791637395508586
0.0,0.23056730933953073
0.0,0.23264168073888863
0.0,0.21070232802536337
0.0,0.3025721279066056
0.0,0.31893918799236415
0.0,0.32228671966120603
0.0,0.9583634377084673
3.176000020205975,5.695182400494813
15.72999976992607,15.746341203451157
29.41499935626984,27.284358640909197
26.13400059342385,34.949286879897116
40.706999757289886,36.99486628472805
39.93799933671952,36.24603693604469
34.79799819231033,30.13974480867386
14.83299966931343,21.786325848698617
12.50700015604496,12.011830175220965
3.168000040203333,4.96134553655982
0.0,1.950902277007699
0.0,0.756551753077656
0.0,0.3767805017344653
0.0,0.3129807960055768
0.0,0.31538061028346415
0.0,0.3214564479794353
0.0,0.30431393169797955
0.0,0.22304292909801005
0.0,0.22474029961042108
0.0,0.21452403130009767
0.0,0.29227079610340295
0.0,0.3105974295828491
0.0,0.3126303684338927
0.0,1.1014571138471365
3.848999910503626,6.469862064868212
17.303000363111497,17.64873023480177
29.85600033998489,30.795246620178226
38.3859985947609,40.25033104419708
31.69499904870987,44.41599783539772
27.534000945091247,45.40627309679985
31.780999026298524,41.668546055555346
19.93099905729294,34.04832157850266
13.805000056624412,18.449479990303516
2.1100000531971457,7.827124823182821
0.0,2.656075391545892
0.0,1.0638974978588522
0.0,0.40590102010406554
0.0,0.3122999029420316
0.0,0.31325256271287794
0.0,0.31285495787858963
0.0,0.28956421729177234
0.0,0.21708862099330872
0.0,0.21944700272288176
0.0,0.20708003694191573
0.0,0.28920385682024063
0.0,0.2913354667555541
0.0,0.29308887230232356
0.0,1.0957835184782745
3.917000125646591,6.529129800796509
15.713000037074089,18.250680269002913
28.198000055551528,31.886838358640674
38.220998589992526,42.146738383769986
44.33099814414978,46.88062738180161
43.5119998383522,46.46358397483826
39.145998492240906,42.96043948531151
29.52500004410744,34.954896288514135
15.2610000115633,18.707694050073624
2.2689998804032805,7.707315629422665
0.0,2.5792082901299
0.0,1.0251740476861597
0.0,0.3876175522152335
0.0,0.29351280975155536
0.0,0.2999496337398887
0.0,0.2938496778719127
0.0,0.2913570335041732
0.0,0.23891929751262064
0.0,0.2316733112605288
0.0,0.20498003095854073
0.0,0.2593274351442232
0.0,0.2583022523671389
0.0,0.25932785235811023
0.0,0.8656601487845182
4.505999840795994,5.0209619349241255
10.50499996125698,13.855935581922534
12.148000058531762,24.982699770927432
34.100999902486805,34.651902983188634
41.99600118875504,39.673098044395445
34.22299991846085,42.22309699773788
38.175001850128176,40.23156591892243
21.65200094938278,32.94686048507691
6.347000149190426,17.922452327311042
0.4730000051110983,6.877487734854222
0.0,2.5327854786068205
0.0,0.951123781874776
0.0,0.3368882589507848
0.0,0.2597265644138679
0.0,0.2633893252443522
0.0,0.258894736203365
0.0,0.2581663048267364
0.0,0.2557680631242692
0.0,0.2501135312207043
0.0,0.21892558966763315
0.0,0.30418703448958695
0.0,0.310072574513033
0.0,0.310762100694701
0.0,0.8070932038128376
0.1650000047683716,4.068702689409256
4.6909999239444735,11.611117418408394
10.923999780416487,19.946327880620956
16.795999993681907,25.628945339322094
35.21599875211716,28.415289155840874
20.05100055456161,30.87628008365631
14.889999558925629,32.16435517191887
29.942000317573548,29.582630504369735
12.148000058531762,16.693434185683728
1.99399995803833,7.5004776728153235
0.0,2.6927042033523323
0.0,1.0214452788047494
0.0,0.386373532731086
0.0,0.3106211786810309
0.0,0.3143049847427756
0.0,0.3086910509597509
0.0,0.2907850332651287
0.0,0.2877497942140326
0.0,0.2925483556650579
0.0,0.27172911793459203
0.0,0.3611210524477064
0.0,0.3707332431897521
0.0,0.3747558108810335
0.0,0.5797966186702251
0.0950000032316893,2.6670829059928653
3.854000058472157,7.5599559412896635
5.680000179708004,11.59229734927416
3.247000067383051,12.835778049826622
3.815999960899353,11.261623635590077
4.003999876081943,10.135184139311313
1.964999998435378,9.4828089928627
3.960999887287617,7.797759384214878
3.101000111401081,4.80393548682332
0.4320000113174319,2.6330309355258943
0.0,1.1301956087164582
0.0,0.43762208077125253
0.0,0.36841961567290127
0.0,0.3511529782600701
0.0,0.35757601814344525
0.0,0.36609531710855664
0.0,0.35497563631273804
0.0,0.3145828491915017
0.0,0.31055963963270183
0.0,0.2791087891440839
0.0,0.36061797273345286
0.0,0.37039854137226935
0.0,0.3719866820797324
0.0,0.5443887351639569
0.0,2.2135827077180146
0.0950000032316893,5.924900109916925
0.5439999881014228,8.932134416997433
2.563999881148338,10.527996277213095
5.35099994301796,9.417375734299423
6.57300016194582,9.104730795472861
7.7769998481869695,9.785445419847967
7.514999797046185,9.10967933729291
2.7469999051094054,5.934177149534226
0.0380000012926757,3.1599738720059394
0.0,1.329208365846425
0.0,0.5029138556867838
0.0,0.3741635276284069
0.0,0.3697578613087535
0.0,0.35902487359941004
0.0,0.36369471654295915
0.0,0.33465757676400243
0.0,0.2139259551931172
0.0,0.21061011573299765
0.0,0.2059398475522175
0.0,0.2746299098106101
0.0,0.28564990055747325
0.0,0.2878312070854008
0.0,1.1162553694844246
2.946999918669462,7.010811834335327
15.549999577999117,19.053536376953126
30.71299925684929,32.479755519628526
28.88700016260147,43.70002491474152
29.959999309778212,48.49090764045716
47.07999862194061,47.54806484818459
40.37099802970887,44.176923238039016
29.52299947142601,36.467821162939074
10.38700006365776,19.832467258274555
1.9960000172257424,7.906286600977182
0.0,2.7215072380006315
0.0,1.0339862147532404
0.0,0.38450656477361916
0.0,0.2874893965851515
0.0,0.2950515908468514
0.0,0.28836254501715297
0.0,0.27648504333570595
0.0,0.2179768292419612
0.0,0.21571891582570965
0.0,0.20086433631367978
0.0,0.27977974930778143
0.0,0.2778223422169685
0.0,0.28019956275820734
0.0,1.1280294021219017
4.239999928027392,7.8398499751091
17.353000302314758,20.994435918927195
31.679000629186632,34.161667166352274
41.257999374866486,45.14857715249062
46.77299903631211,49.82439819335937
46.68899963140488,48.54467867970467
41.77300100803375,44.46979352235794
31.849000011682516,36.09234098851681
16.703000065684318,19.29990207582712
2.8799999898672106,7.435121438354255
0.0,2.5431901510804895
0.0,0.9789359335415067
0.0,0.3732796600088477
0.0,0.28007764002308244
0.0,0.2876749604847282
0.0,0.2807147095818072
0.0,0.27814481645822525
0.0,0.21206823012791576
0.0,0.2141827262705192
0.0,0.19628940952941776
0.0,0.2807445885147899
0.0,0.2787128210719675
0.0,0.28140824743546544
0.0,1.1435539950430393
4.30199996560812,7.923904323875904
17.697000212669373,21.21451842665672
31.859000821113582,34.50557053983212
40.93499931573868,45.52518804073334
45.92600092887879,50.22977090835571
45.4139981007576,48.916205977201464
40.17799822330475,44.899659901857376
30.769999146461487,36.57851506769657
16.353000491261483,19.607261620759964
2.8689999210834505,7.564177632331848
0.0,2.5363723626732826
0.0,0.9690792875550687
0.0,0.3752140561491251
0.0,0.2812982634361833
0.0,0.28866215272806584
0.0,0.2818266808707267
0.0,0.2790381195303052
0.0,0.20844990257639434
0.0,0.20720666135661298
0.0,0.19814088842133054
0.0,0.27527817193418735
0.0,0.27298270926810797
0.0,0.2754736205935478
0.0,1.115112460181117
4.399000011980534,7.426153522133827
17.74800043821335,20.072729567289354
31.83100101947785,33.680830343961716
40.939000461101536,44.927037348747255
46.26199854850769,49.763218462467194
46.96200180530548,48.79790928006173
41.45200152158737,45.41237545967102
31.503999814987186,37.68297085821629
16.69199999690056,20.501750735640528
2.920999919474125,7.784921263605357
0.0,2.6644797480851414
0.0,1.0092471001110972
0.0,0.370269927168265
0.0,0.27532111287117006
0.0,0.2829531423188746
0.0,0.27594855441711846
0.0,0.2715416204091161
0.0,0.22769833804573864
0.0,0.21559193838387725
0.0,0.1927216771850362
0.0,0.2476608350826427
0.0,0.24711085089948026
0.0,0.24811107305344188
0.0,0.8441541850194336
2.088000044003129,5.1039055961370465
12.759999684095384,14.29162190258503
20.676000821590424,25.596964932084084
17.84200065255165,35.05130478978157
34.04000092148781,39.48972316980362
34.41599972486496,40.44338836193084
29.22700098156929,37.93261829733849
30.303999220132827,29.873300980329518
12.688999893665311,15.72863028138876
2.009000016823411,5.432299653142691
0.0,1.9744577879458665
0.0,0.8130199838243426
0.0,0.31604462223127483
0.0,0.24885641763918098
0.0,0.2527366351615637
0.0,0.24826234518084678
0.0,0.24686044233385473
0.0,0.22302176351658998
0.0,0.2256810527388006
0.0,0.20238104518968605
0.0,0.2644513030769303
0.0,0.2633080567931756
0.0,0.266542876525782
0.0,0.9626935080811382
4.539000047147274,7.097831354290247
17.471999459266662,18.90240892648697
31.81799935102463,32.93198250949383
41.0139993429184,42.05328863501549
45.81999933242798,45.867051815986635
44.96800184726715,42.22732613444329
38.83399952888489,35.172042637467385
14.495000450015068,22.644202840328216
9.13600027024746,10.674946453869342
0.4460000084154308,4.0232529490441085
0.0,1.586003160253167
0.0,0.6259664060175418
0.0,0.3157498285267502
0.0,0.2663124701566994
0.0,0.2686181224696338
0.0,0.26693490513600404
0.0,0.26287031116895376
0.0,0.21065199758857484
0.0,0.2191234854469076
0.0,0.2041343705030158
0.0,0.3029107531392946
0.0,0.3038425522157922
0.0,0.3113904248084872
0.0,1.0422994581982494
4.286000005602837,8.002517946809531
17.74499957919121,21.50454292714596
32.10599965810776,34.88438020944595
41.12999969482422,43.78999112010003
46.881001205444335,44.3934123146534
35.32799795866013,38.42324128866196
23.405999966859817,26.68097544491291
12.070000317692758,14.542719448804855
9.449999806284906,6.5205031013488775
0.0,2.785507976636291
0.0,1.1598238282464446
0.0,0.48879498472437266
0.0,0.29570714619010685
0.0,0.27061736327596003
0.0,0.29611456357408317
0.0,0.3102325920853764
0.0,0.3030856219213456
0.0,0.27571253973059356
0.0,0.26841432150918987
0.0,0.23547210788819933
0.0,0.28626790665090085
0.0,0.28885119875892995
0.0,0.2903239316865802
0.0,0.7147924621030688
0.2350000063050538,3.7483517459034923
4.568999907970428,10.311470229029656
8.764999817609787,17.64914667844772
19.926999965906145,23.727021020054814
23.15399969816208,24.885249903798105
38.51599884748459,24.698792011141776
36.667001383304594,21.301463233232496
8.867000268697739,15.876063142418861
6.293999864459038,8.510830036699772
0.5419999931007624,3.516979430392385
0.0,1.4290646263957025
0.0,0.5915899073332549
0.0,0.3290702483896166
0.0,0.2901900541689246
0.0,0.2883258141484111
0.0,0.28807078413665294
0.0,0.28772818734869365
0.0,0.2770471026515588
0.0,0.2751335511589422
0.0,0.24913538930937645
0.0,0.34649091796018183
0.0,0.3725943380594253
0.0,0.37620787567459046
0.0,0.7102336301468313
0.8239999942481518,3.753325192183256
4.814000226259232,9.833936713635921
12.448999980092047,16.0240372261405
16.697000401616098,18.682008052468298
19.177000877857207,18.125317894220352
22.45500083565712,17.536173887252808
16.95599959373474,14.923568203151227
13.739999930262568,11.80143935352564
7.215000161826611,7.366039034575223
0.6820000282675028,3.597648826614022
0.0,1.5095378679037093
0.0,0.5980646496452391
0.0,0.39585473435930907
0.0,0.3601474677957594
0.0,0.359591754944995
0.0,0.3652100855205208
0.0,0.3402088321838528
0.0,0.2398677289811894
0.0,0.24247700870037076
0.0,0.22006790524348616
0.0,0.3286650855652988
0.0,0.34562627427279946
0.0,0.35011348986066876
0.0,0.8816084063611924
2.829000021070242,5.287404222786427
9.735999540686608,14.508410859704018
22.52500033974648,23.480477138757706
24.528999053239826,28.57693912565708
23.897999122142792,29.67259773671627
18.86199900150299,29.01276819765568
13.605999559164047,25.949144802093507
21.654999754428864,20.243133583068847
12.05999950826168,11.233463623821736
0.740999977067113,5.09198457583785
0.0,1.852156992852688
0.0,0.7197402015887201
0.0,0.3599412036687135
0.0,0.30755882875062523
0.0,0.314136077305302
0.0,0.3325549471471459
0.0,0.3165214014239609
0.0,0.2561427211947739
0.0,0.24987144286278629
0.0,0.21912557953968642
0.0,0.30564786077477035
0.0,0.3282653304748237
0.0,0.3305740797985345
0.0,0.8134901838749647
1.108999955803156,4.36018474265933
8.07999982893467,12.144202256798746
9.234999862313272,19.725794525146483
25.475999093055727,25.18143838644028
20.56499984741211,26.985062492489817
22.96499898314476,28.38586902976036
16.791999875307084,28.006713265180586
21.623000861406325,23.937537134289745
6.293999864459038,14.123863921463489
1.1259999454021454,6.515229774564505
0.0,2.418098066709936
0.0,0.9303517294302583
0.0,0.3939270617812872
0.0,0.32917389394715424
0.0,0.33001551063731316
0.0,0.3271778624784202
0.0,0.2990988222975284
0.0,0.21270493061281742
0.0,0.20100337284151465
0.0,0.197832210320048
0.0,0.25878362091258167
0.0,0.27109510526992375
0.0,0.27231161270756277
0.0,1.0244910685531794
2.09200003400445,6.423756721019744
12.361999716162682,17.48959792613983
31.40600050926209,30.58828285753727
42.59800103187561,40.8524787735939
47.96600173473358,46.54679259896278
47.72500050783157,46.993877459764484
43.221000726223,44.88741409659386
32.76800024986267,38.10549735426903
18.07200078368187,21.46287802278995
3.6669999161362647,8.335980703234673
0.0,2.9941367436200386
0.0,1.093742476049811
0.0,0.36816500287502996
0.0,0.27270334445405753
0.0,0.2792577184550463
0.0,0.2729116465104744
0.0,0.2651579430513084
0.0,0.21697816361673175
0.0,0.22192291039507833
0.0,0.2028116339910775
0.0,0.2974174021929502
0.0,0.29858631515409795
0.0,0.30405275580473246
0.0129999995976686,0.9545804952085017
3.6380000849068166,6.449557998031378
18.454999537467955,17.769182066321374
30.68000007748604,30.36954878509045
42.01399812698365,38.7759130859375
32.19500049471855,40.7171936404705
28.578000004291532,36.12621002674103
15.868999518752098,26.72454849302769
5.380000030994416,15.88151850283146
4.6770000231266025,7.452220789045096
4.158000068813562,3.140879083573818
0.0,1.3112719236314299
0.0,0.5363071417063475
0.0,0.3115646757930517
0.0,0.277054756921716
0.0,0.2947076782304794
0.0,0.30254894044250247
0.0,0.29691211605910206
0.0,0.2103953468613326
0.0,0.21000651154201477
0.0,0.18696540526812888
0.0,0.2742208877578378
0.0,0.271751567251049
0.0,0.2752377743972465
0.0129999995976686,1.126667680181563
5.334000210165978,7.977479208409786
19.06399933099747,21.291691442131995
33.30700053930283,34.477547117471694
43.30299955844879,45.109093570709234
47.33799855470657,50.07673736810685
48.43800132513047,49.006648705005645
40.751998264789584,45.23323177576065
23.914999881982805,37.461231818795206
11.90900043129921,20.704500766396524
3.370000112950802,8.011179820597173
0.0129999995976686,2.7204738312959673
0.0,0.9874857693538069
0.0,0.3683168205898255
0.0,0.2744984312728047
0.0,0.2817311388906091
0.0,0.27477724247612056
0.0,0.2719340822799131
0.0,0.21803917864803224
0.0,0.21767361904960125
0.0,0.1951080764317885
0.0,0.28020572468638416
0.0,0.27740836976096034
0.0,0.28053270804695785
0.0190000006463378,1.1585668269917369
5.6620001605153085,8.424018225073816
19.478000799417497,22.165805114507677
33.83900087833405,35.494446016550064
43.67299869775772,45.71036014437676
48.8290003156662,50.787156337499624
48.99100151538849,49.613382962942126
43.21600134849548,45.93866369128227
27.89800042033196,37.94353209912777
12.214999730587008,20.955907436013224
2.7430000434815884,8.217973359972238
0.0,2.7654342118650677
0.0,1.0124346463009715
0.0,0.3777495933137834
0.0,0.27960376528091724
0.0,0.2876630859356374
0.0,0.2805388218350708
0.0,0.27793239040300255
0.0,0.220475097973831
0.0,0.22283855045679957
0.0,0.20283365004695952
0.0,0.31007259055972103
0.0,0.3093755384813994
0.0,0.3144018425513059
0.024999999689171,1.1789526035636664
5.936000053286553,8.601328735351562
20.46899906039238,22.46896376490593
33.85300077915192,35.52464562654495
43.42300105571747,44.832963191270835
48.07899917364121,47.837811034917834
43.30900127649307,46.62642730474472
27.31299928307533,40.40178507685661
13.501999562382698,30.568821434378627
18.44300020933151,16.328771789669993
3.891000126451254,6.7714743280410765
0.0,2.291043279841542
0.0,0.8768257552012801
0.0,0.38058780310675505
0.0,0.31240711086429657
0.0,0.315515996189788
0.0,0.3136016102693975
0.0,0.30962657286785544
0.0,0.20686933590564877
0.0,0.2079942809417844
0.0,0.18953585601411754
0.0,0.27739601381123064
0.0,0.2748957231966779
0.0,0.2785696846153587
0.0129999995976686,1.192381370663643
6.031000040471554,8.842224182486534
20.588000271320343,23.075314956307412
34.77899891376495,36.72109489679337
45.01799973249435,47.23610080242157
50.05800099849701,52.09904111623764
49.31200100183487,50.87385261297226
46.14700053691864,47.11056178569794
33.56299989938736,38.80383689045906
19.853999602794648,21.322228931188583
4.95200020223856,8.063980869650841
0.0,2.694674223139882
0.0,1.0018081123195588
0.0,0.37440064953640095
0.0,0.2779258032375947
0.0,0.28575706836301834
0.0,0.27859101066365843
0.0,0.2754497270751744
0.0,0.23189741128124294
0.0,0.22879301902838045
0.0,0.2024292975803837
0.0,0.2930330779682845
0.0,0.3026312840217724
0.0,0.3069138481747359
0.0,0.8885567827150226
4.399999784827233,5.806236264556647
15.6609995251894,15.758712814748288
29.4560008263588,25.863575132489203
32.93500082731247,33.29569648206234
25.104999667406084,35.87217837572098
23.473000665903093,34.587171927690505
22.969000128507616,29.47839121937752
16.284000246524812,21.850907990932466
15.33499963402748,11.921002326905727
4.928999778330327,4.823759565129876
0.0,1.8563143687695263
0.0,0.768372642043978
0.0,0.36203564947471023
0.0,0.3052187482686713
0.0,0.3056460314523428
0.0,0.3042049827100709
0.0,0.2998551749112084
0.0,0.21494145379401736
0.0,0.21400058031547808
0.0,0.19005994886625555
0.0,0.27469665600918236
0.0,0.2719608401320875
0.0,0.27568254847079515
0.0,1.1362741903960707
6.2070001140236855,8.47404127150774
21.157999167442323,22.250162938237192
34.936000735759734,35.57596421837807
43.17099873304368,45.63149362564087
49.58499906778336,50.59643849849701
44.39999941587448,49.64050982475281
32.43000000357628,45.7163988339901
24.706000440120697,37.69568907797337
17.462000703811647,20.93864890217781
4.356999796032905,8.11420777320862
0.0,2.736258765682578
0.0,0.9943273389525711
0.0,0.36895425922237335
0.0,0.2747029222408309
0.0,0.28201624841894957
0.0,0.27549874168355015
0.0,0.2727804808830842
0.0,0.20744673585519194
0.0,0.210611190861091
0.0,0.190249676881358
0.0,0.27028418589383363
0.0,0.26755111400038
0.0,0.27153956643305716
0.0,1.1848810845240951
6.254999994039536,9.289030216038228
21.194999492168428,24.074316534996036
35.51599838733673,37.999167121648796
45.72499883174896,48.31433758854866
50.37499933958054,52.76725909352302
50.1670013999939,51.46254063725472
46.3359991979599,46.91971865415573
34.506999080181124,38.010029574036594
19.66099979639053,20.45257341384888
2.22100000038743,7.703917839527131
0.0,2.49367905817926
0.0,0.9458144784159959
0.0,0.3650536303129047
0.0,0.2704921910865232
0.0,0.27841482605319473
0.0,0.27172379845753303
0.0,0.26837491886690257
0.0,0.20634163254871965
0.0,0.2018851864850148
0.0,0.18745474500581616
0.0,0.23866250236518677
0.0,0.2366813541995361
0.0,0.2396128514129668
0.0,0.9865085260570049
2.0000000072270634,8.027404177486897
16.03399952352047,21.064758924245837
27.4530003452301,35.05507178187371
43.83400166511536,45.70151983141899
48.00699909687042,49.904338941574096
39.21999914169312,47.277445286512375
46.26399912118912,41.828489171266554
22.88300015091896,29.87218361735344
6.4380000180006025,14.37133157849312
5.083000227808952,4.748819478377699
0.0,1.7159861467406154
0.0,0.6829656216688454
0.0,0.30318007272668185
0.0,0.2395504939835518
0.0,0.24391967815812673
0.0,0.2397591651137918
0.0,0.236515551796183
0.0,0.21136991838458924
0.0,0.21251409537624566
0.0,0.1939859796827659
0.0,0.2813551970850676
0.0,0.2777100154012442
0.0,0.2812546966783702
0.0830000011343509,1.2449253517761827
6.799000174701214,9.777985892295838
20.92399994492531,24.97821696817875
35.631998739242555,38.96283517718315
45.18399796962738,48.39177248597145
49.551001656055455,53.23423465847969
50.20200115203858,51.865742299556736
45.808000004291536,47.85114133954048
35.113998301029206,39.576643328666684
20.148999860286715,22.0253439617157
4.857000215053558,8.88199301019311
0.0129999995976686,2.789952909201384
0.0,1.0280082458071411
0.0,0.38465082449838517
0.0,0.27992442624643443
0.0,0.2891300901956856
0.0,0.2816124254930764
0.0,0.2788111070357263
0.0,0.21496125540696082
0.0,0.2152702504303306
0.0,0.19684864061651747
0.0,0.2771554418653249
0.0,0.27399252734147006
0.0,0.2771376781817525
0.1080000028293579,1.2194869224727154
6.625999933183193,9.741750673651694
20.82799915790558,24.879066408872603
35.70199824333191,38.80271336555481
46.34900086641312,48.232979596853255
51.17499836683273,53.2474971818924
51.23299854278565,51.651960363388056
46.53300014972687,47.962887907028204
35.450998260974885,39.63302497148514
19.979000477790837,22.012852706313133
4.95200020223856,8.499105427861213
0.0,2.833500539362431
0.0,1.0500734687410294
0.0,0.37809254312887786
0.0,0.27640886970795686
0.0,0.285029310947284
0.0,0.27741112979128957
0.0,0.2748660769406706
0.0,0.2143106023268774
0.0,0.21382074508350343
0.0,0.19051846692804247
0.0,0.27648171364795415
0.0,0.2732748472457751
0.0,0.27712807423900815
0.1020000017806887,1.2275465961545706
6.537999896407127,9.843225820362566
21.12199912905693,25.258062990307806
36.10099952459336,39.530326168537144
46.526998431682586,48.7641480755806
51.120001103878025,53.719593309164054
51.25099958896637,52.17394140720367
46.995000984668735,48.3191952419281
36.47200100421906,40.07358024239541
21.131999938488008,22.55218882083893
5.217000085413456,8.820135723948479
0.0129999995976686,2.883016767203808
0.0,1.047655746359378
0.0,0.3780160967074334
0.0,0.27614345748908814
0.0,0.2843613274442032
0.0,0.27710160522721705
0.0,0.2741433180682361
0.0,0.21002676246222107
0.0,0.21033648760989304
0.0,0.18815768220694734
0.0,0.2774213515315205
0.0,0.27405494093429295
0.0,0.2781140148406849
0.1640000072680413,1.2369965548813344
7.681999861001969,9.729565460681915
22.38100018620491,24.890272902250288
36.54400108098984,38.8677812731266
46.73000110149383,48.47791418790817
50.74600081920624,53.53720845103264
50.54999809980393,52.20160435676575
46.658001024723056,48.56452008843422
36.40700087785721,40.669941921234134
21.197000064849853,23.093002771139147
5.258000015020371,8.942851550579071
0.0129999995976686,2.9388569305837153
0.0,1.0638101396895945
0.0,0.37989225941710175
0.0,0.27699352276045824
0.0,0.2857484914083034
0.0,0.2779017412289977
0.0,0.2749624052084982
0.0,0.20850377130787814
0.0,0.2088458225084468
0.0,0.18697598404716695
0.0,0.2744501548120752
0.0,0.270872104447335
0.0,0.2749126444291323
0.1569999926723539,1.245261818729341
7.471000035405159,10.016847389638425
22.414999651908875,25.47004769742489
37.19999995470047,39.590996513366704
47.94500188350678,49.11373069286346
52.38900091648102,54.205824899673466
52.05200095653534,52.85840222716331
47.78399891614914,49.272909729480745
37.31399973392487,41.4777850830555
21.592000200748444,23.814987679719927
5.443999871015549,9.114124654978514
0.0129999995976686,3.0489728978276256
0.0,1.1049816725775599
0.0,0.37802487424574793
0.0,0.2737689488381147
0.0,0.2825916425324976
0.0,0.27475383838173006
0.0,0.27181519236881285
0.0,0.3208572405809536
0.0,0.2943685956671833
0.0,0.2423517562774941
0.0,0.3267144421534613
0.0,0.3444468828244135
0.0,0.346034806901589
0.0,0.72903848702088
0.0,3.59071935325861
0.7629999862611294,10.489911453127863
3.6259999865293504,16.354962551891802
14.23200011253357,19.46228993654251
14.262999746203423,21.65520720601082
17.106999697685243,22.45699113845825
37.193000004291534,27.684040815234184
30.77899966955185,28.947584240436555
22.454000549316408,18.583012568354604
3.587000116109848,9.209131574332716
0.0449999998416751,3.089026201218367
0.0,1.1729780365154145
0.0,0.4142750484030694
0.0,0.34353582409210504
0.0,0.3454799525486305
0.0,0.33877485200762747
0.0,0.28778764835093174
0.0,0.26124372259713713
0.0,0.2700972981425002
0.0,0.255625496325083
0.0,0.40333217803854493
0.0,0.41099920531269163
0.0,0.4214810222387314
0.0259999991953372,0.794219523742795
7.713999781012535,4.9100680242478845
12.184000096917153,12.63941691160202
27.23000016450882,20.143122407794
33.51999991059304,23.206603052020075
11.664000113010406,21.049628309607506
12.949000399112702,17.453027395904066
23.33399989008904,14.116128647625448
12.30700039923191,10.43327306330204
7.500000123381615,5.759061312675476
1.1410000041872264,2.9865680985897782
0.0,1.2513471400178968
0.0,0.543532050633803
0.0,0.36090827336534853
0.0,0.33385168802458787
0.0,0.3495809323806316
0.0,0.3793540535029024
0.0,0.3812457734765485
0.0,0.3079293949156999
0.0,0.3004614749457687
0.0,0.2654537476971745
0.0,0.3438743289746344
0.0,0.3493262393493205
0.0,0.3517117078881711
0.0,0.6617408279702067
1.2089999625831842,3.3025819432735446
5.314000131785869,8.604513681977988
5.796999790966511,14.02509950965643
11.396999657154083,16.974799123108387
15.473000123500825,16.727455218136313
32.92299944519997,16.55409758478403
23.19300059556961,14.912738614380359
20.81200073838234,12.481870272457599
8.11300003528595,7.548951764553786
2.2920000475645064,3.5791355701535945
0.0,1.5156475480645897
0.0,0.5914920546300709
0.0,0.3750890845432877
0.0,0.34954038240015506
0.0,0.34332238709554075
0.0,0.3465126933157444
0.0,0.34250865954905746
0.0,0.25838202847633507
0.0,0.2651422814838588
0.0,0.2484277383936569
0.0,0.3677419800870121
0.0,0.4411804819665849
0.0,0.45023896569386124
0.0,0.8233282477967441
6.983999744355679,4.35883271291852
21.265999282598496,12.14387772858143
31.178000950813296,19.011960820555686
27.56800041079521,20.710754096508026
16.471000388860702,18.97514329969883
18.28299958229065,17.40386034399271
21.15500036239624,14.173094133138658
8.059999750554562,11.361367280483247
2.4300000235438346,6.958596168458461
0.2389999963063746,3.4621355737745763
0.0,1.4112465766444804
0.0,0.5768279813975097
0.0,0.35529024767689404
0.0,0.31824573037214576
0.0,0.3294924207031727
0.0,0.348831295305863
0.0,0.3419654952082783
0.0,0.23083330726251006
0.0,0.22806735570542508
0.0,0.20298107096925372
0.0,0.29194033061154184
0.0,0.29617038197815415
0.0,0.29887131235562264
0.0439999983296729,1.0524215805903077
4.185000097602606,6.828203606307508
21.898999786376955,18.095984035134315
29.176000756025317,29.487141157388688
43.12899903059006,39.228052781820296
42.963999025821686,43.48222540140152
43.73500001907349,45.33576009869576
42.53300090551377,43.22972396254539
33.180999377965925,36.583512391448025
19.815000759363176,20.601983740329743
5.757999920547008,8.434907122403384
0.024999999689171,2.9411116828024384
0.0,1.0762166685797274
0.0,0.3917456910666078
0.0,0.2983701421972364
0.0,0.30449606160633264
0.0,0.29806767817586655
0.0,0.2918216172140091
0.0,0.22438429581467062
0.0,0.22672407943289724
0.0,0.20533565765712405
0.0,0.2838775920122862
0.0,0.28273316629696643
0.0,0.28805580455344165
0.3550000112317502,1.1299358128383756
9.126000487804411,8.407596943229438
23.16099964857101,21.855316850543026
29.489000005722048,35.29778191685677
46.163001010417936,45.328959383964545
48.79299822330475,48.62480839371681
46.07900160551071,46.54354526281357
30.41700076699257,40.83958391189575
22.5719994199276,30.105145581960677
13.107999712824824,15.638940849304202
1.897999941259623,5.769470093101264
0.0,2.0895133750513195
0.0,0.8122103963233531
0.0,0.3569911484606564
0.0,0.2866411686595529
0.0,0.2913643187005073
0.0,0.2871738224197179
0.0,0.28249940617009994
0.0,0.2163773756194859
0.0,0.22000008391682058
0.0,0.1998814846994355
0.0,0.2923582906695083
0.0,0.28985498327761894
0.0,0.29664267612155526
0.3420000116340816,1.2444408701732756
6.729000157117844,10.379154902100563
22.511000438928605,26.139870857000354
33.17900085926056,40.4456826531887
44.93800147294999,49.53729136586189
46.39199880123139,52.40744767546654
26.539999771118165,48.180907195806505
28.273000991344453,40.86390709638596
14.391999712586404,27.555894275903704
6.4449999684095385,13.811308330595494
7.132999789118767,5.157041956782341
0.0380000012926757,1.8541245735436678
0.0,0.7023623445816338
0.0,0.3415175358671695
0.0,0.2932395346555859
0.0,0.29840676876250655
0.0,0.2957557114912197
0.0,0.2896126943361014
0.0,0.234422044721432
0.0,0.23237983890809116
0.0,0.2064881388098001
0.0,0.31296661875676357
0.0,0.30908222107216715
0.0,0.3144690942205488
0.3700000058300793,1.3257880143076182
9.014000254273414,9.46164174258709
23.632999238967894,24.11538270533085
37.53099819660187,37.82824961185456
47.43700020074844,47.362120449543
51.9229989361763,52.38154909133912
51.53999812841416,51.10636681079865
47.43499962806702,47.323335219621654
31.222999458312987,39.39488082528114
19.82399922847748,22.551744135022165
5.873999758958817,9.434802437424661
0.0190000006463378,3.0299307425320148
0.0,1.113846280220896
0.0,0.4273431501444429
0.0,0.31211612022481855
0.0,0.3209250217908993
0.0,0.3136854782840237
0.0,0.3100752061698586
0.0,0.21199812214821573
0.0,0.2148645339952782
0.0,0.19478967002592976
0.0,0.2774711684742942
0.0,0.27415174257941544
0.0,0.2792532895691693
0.4779999926127493,1.2757515528425576
9.492999795079232,10.143107351958752
24.08900040984154,25.65765889763832
38.50300128698349,39.83457342624665
48.64199811935425,49.984265311956406
53.33399832963944,54.15353683114052
53.99000131130219,52.61803157091141
49.56599978923798,48.07338976502419
34.94899829626083,39.14828045964241
13.574999925494197,21.320307436585427
2.7330000042915343,8.33948452964425
0.0,2.613543966040015
0.0,1.0110429170541464
0.0,0.3791539994440972
0.0,0.2776941452268511
0.0,0.28570161100942637
0.0,0.2787147787678987
0.0,0.274518706263043
0.0,0.2323040263308212
0.0,0.23161508585326368
0.0,0.20707061753608286
0.0,0.3004726434405893
0.0,0.2961892368365079
0.0,0.30095598572865123
0.4960000118054449,1.3331109524518252
8.380999750494958,10.174279006123541
25.015000598430635,25.57197112441063
40.10900105953217,39.5876834499836
50.500998446941374,49.04213114142418
55.61799916744232,53.99594551801682
54.920998823642734,52.45161637663841
41.232998378276825,48.80225138545036
37.82999959945679,40.542648808956145
23.185000358819963,22.91613181173802
7.107999819517135,9.353927130103113
0.0380000012926757,2.93617918767035
0.0,1.1216280573606492
0.0,0.4129341871570795
0.0,0.29887476239353417
0.0,0.30846517778001725
0.0,0.30088387191295624
0.0,0.2974143051821738
0.0,0.23169053738005457
0.0,0.23048941069282586
0.0,0.21139284107834094
0.0,0.31427820282056923
0.0,0.3229045011010021
0.0,0.3280725455656648
0.5710000168904662,1.407025078162551
9.710999571084976,9.897457977235316
24.688999680280688,24.762048311829567
39.326000738143925,38.38553234219552
48.87399882316589,47.93849077939987
50.32700202703476,52.82200166344643
43.01400101900101,51.616217072010045
35.70899819374085,47.695513627529145
26.2289990401268,39.46506518721581
17.70199959039688,22.607240514159205
6.872000024318695,9.747739554345609
0.0439999983296729,3.194337276592851
0.0,1.2190362031012774
0.0,0.4462150661274791
0.0,0.3259173149056732
0.0,0.33498760899528857
0.0,0.32738168750889596
0.0,0.31950233045965437
0.0,0.24331183764152226
0.0,0.23573419041931626
0.0,0.20571445577312258
0.0,0.3028033927734941
0.0,0.30628016446717077
0.0,0.3093881190847605
0.721999992467463,1.1304589990526437
12.096999832987786,7.5587179072201245
25.695000182390213,19.428271985054018
36.888000991344455,31.178120081424716
34.92700021266938,41.02692296028137
48.84700136184693,46.46229407787323
51.77300117254257,47.41861095309258
47.7800018787384,45.26817607045174
38.05000097513199,38.83006411075592
22.81499916553497,23.025747379064562
6.621999814808369,10.202456219941379
0.0510000008903443,3.3644157371670005
0.0,1.199162700995803
0.0,0.4185231522936374
0.0,0.3083362907823175
0.0,0.31466800896450875
0.0,0.3074087922181934
0.0,0.3053353354800492
0.0,0.21461763163097197
0.0,0.21387759849894789
0.0,0.19672559060156344
0.0,0.2920456289779395
0.0,0.29982954032719134
0.0,0.3046219157800078
0.4149999896250665,1.3390203057602048
5.52799978941679,9.6508617195487
22.719000432491303,24.37054404318333
39.01700057983398,38.035783352851865
49.670999045372014,48.43040777564049
54.17499882698059,53.200128386020666
52.52400054693222,52.38484161496162
46.56500109672547,48.90292496800423
36.34000017881394,41.28790321230888
18.531000759601596,24.060393658280372
5.54999992698431,10.154688952714206
0.064000000488013,3.233113520368934
0.0,1.180832376778126
0.0,0.4208068687841296
0.0,0.30274763053283094
0.0,0.3113410972896963
0.0,0.3036209875717759
0.0,0.30006117426790296
0.0,0.26343890148680654
0.0,0.2464525194792077
0.0,0.21327352895401414
0.0,0.26985228928737337
0.0,0.26738478205632416
0.0,0.2687181896157562
0.0629999989760108,0.9675181373767555
7.043000206649304,5.468583653718234
14.510999896526338,14.688956382274629
17.085999846458435,24.563768759965896
30.53499963760376,36.11450441718102
48.16799795627594,42.15357812404632
49.86799999713898,44.849766769409186
46.20500071287155,44.98797881841659
35.68200073242188,39.70454441785812
18.58499979019165,23.665146018266675
4.052000012844801,9.79921450510621
0.0439999983296729,3.4504535849392415
0.0,1.2609205619618296
0.0,0.3653394699655472
0.0,0.2686343857878819
0.0,0.27411122469231486
0.0,0.2678605824010446
0.0,0.26779683693312106
0.0,0.22569913735613223
0.0,0.2248138014646247
0.0,0.20181807121261952
0.0,0.28843132112175224
0.0,0.28518247658386825
0.0,0.2898385915858671
0.5230000085011125,1.208929999023676
9.606000314950943,8.853301275372505
21.903999164104462,22.348196134567264
35.057998697757725,36.264859572649
46.59500147104264,46.7890097796917
43.41800167798996,50.72144142746926
49.30199813842773,49.388049465417865
41.77199866771698,44.50564978241921
27.9790010201931,35.42453894138336
19.5400000667572,19.205327261686325
2.3020000867545605,8.039992226511242
0.0,2.6665922624617817
0.0,1.025784752536565
0.0,0.38625875077210364
0.0,0.2884504648204893
0.0,0.2936996814562008
0.0,0.2889687567949295
0.0,0.28496014169882977
0.0,0.20235839528962965
0.0,0.2029237923165783
0.0,0.18664527384331445
0.0,0.2912299678055569
0.0,0.308349112085998
0.0,0.31504318052902813
0.8079999700561166,1.4311988358944654
11.449000169038772,11.564307817518712
27.78400064110756,28.225143349170686
42.61700031042099,42.520876284837726
52.7759987616539,51.15832008123398
57.48300121307373,55.7073964214325
56.08299880743027,54.10075786232949
51.34899889469147,50.181233400106436
40.96000031232834,41.9286533677578
23.852000328302385,24.630782809853557
7.561999904215336,10.466374684721231
0.0779999975860119,3.2683642426133157
0.0,1.152380443662405
0.0,0.43090063667856154
0.0,0.3120210275519639
0.0,0.3216806683503092
0.0,0.3136484826449305
0.0,0.30186634643003346
0.0,0.2351007955521345
0.0,0.23567337347194556
0.0,0.21336118398699905
0.0,0.3252290082722902
0.0,0.32127284177578985
0.0,0.3282215711567551
0.8999999968335033,1.4123912831768393
11.39099999308586,11.002456530928612
26.36599924325943,26.94648574113846
40.83200063228608,41.11994958996773
51.18500123023987,49.952512896060945
55.53699856758118,53.72491310715675
53.54799798727036,51.15950111746788
40.61199925661087,45.23846325278282
29.03399912118912,34.66905881822109
17.34299949288368,18.393018755912784
4.701000219881535,7.576312009394169
0.0700000015366822,2.474894548505545
0.0,0.9550790016166866
0.0,0.4063234010245651
0.0,0.3249919665977359
0.0,0.33171909121796483
0.0,0.32735663862898945
0.0,0.3216457186639309
0.0,0.2378088025189936
0.0,0.23934990236070008
0.0,0.21717331541236484
0.0,0.30530325815081594
0.0,0.3033713011071085
0.0,0.30817455621436235
0.6560000290721655,1.209607618562877
7.862999825775623,9.22298050791025
26.851000502109528,23.67353959143162
35.47899806261063,37.13161692976952
45.66399985074997,46.0991367328167
37.16500020265579,50.09443442583084
32.22200001001358,48.47695908904076
37.22899798870087,43.371739975214005
36.47599804162979,33.67955174386501
15.186000102758408,17.71311981678009
3.9779998768866074,7.2575359520316125
0.0439999983296729,2.3699967074394226
0.0,0.9738767337612808
0.0,0.3778688362520188
0.0,0.3063750324863941
0.0,0.3128903889656067
0.0,0.30716886213980615
0.0,0.303738738168031
0.0,0.2791801728354767
0.0,0.26693532234989104
0.0,0.22383182439487426
0.0,0.28463873456232247
0.0,0.2819392002467066
0.0,0.2831202043872326
0.7059999682754279,0.9794403451308609
11.001999521255494,5.698613567501306
10.884999909996989,15.071053440570832
11.36300019145012,24.749961689710616
35.342001967430114,35.35062558591366
49.59899896860123,41.90775621533393
42.5610007071495,46.62096372842789
48.24300094604492,47.7869237780571
39.96799971103668,43.43739531993866
23.74099935412407,27.813414605259897
7.907999873757363,12.340263001024724
0.0960000007320195,4.344305197000503
0.0,1.5728975734487176
0.0,0.3910792560689151
0.0,0.28294325755909083
0.0,0.28857813226990403
0.0,0.2814187419693917
0.0,0.28248403344303363
0.0,0.22790034177713092
0.0,0.22973633160348977
0.0,0.2080642284546047
0.0,0.29728094115853304
0.0,0.29367391849867996
0.0,0.29843827643431725
1.2070000317692755,1.3096626975759864
12.346999529004098,9.609080252051353
27.24600063800812,24.232510690093036
41.33400059700012,39.04692290306092
50.16599905967713,49.09705035328865
54.239000720977785,53.34625645875931
52.22200033903122,52.30015207409859
45.93899848937989,47.90103652596474
35.67300020933151,38.627655040025715
19.92599967956543,21.24583026468754
8.535000199973583,8.675694222301246
0.4970000093057752,2.7752309074252843
0.0,1.1708401041850447
0.0,0.4011597533524036
0.0,0.2969603283330798
0.0,0.3038985952734947
0.0,0.29822179056704046
0.0,0.2938875641021877
0.0,0.22709281627554445
0.0,0.23241147495340553
0.0,0.21552731034811587
0.0,0.34218560762703415
0.0,0.3615650963969529
0.0,0.37090717324055733
1.1309999649971725,1.32752259708941
11.78000046491623,8.515248139202594
26.679000546932222,22.439782927036287
40.30499967098236,36.133511911630634
45.34899797439575,45.38184926748276
37.34300187587738,48.08518164157867
42.90999999523163,44.63876591682434
29.59100045681,37.525046800971026
25.34300003528595,26.30756157040596
8.796999737620354,13.574872578978539
2.240000049173832,5.723138555139304
0.0770000000856816,1.9753689830750227
0.0,0.8274012502282858
0.0,0.3541793836094439
0.0,0.30615854661911723
0.0,0.3237910806108266
0.0,0.35952633259817957
0.0,0.35358340961858625
0.0,0.2217715259408578
0.0,0.2199853049172088
0.0,0.1961518492968753
0.0,0.27928212546743447
0.0,0.27493012729566546
0.0,0.279271342093125
1.1319999945908783,1.277410010136664
10.524999526143077,10.166581217348577
24.11999901652336,25.110486864447594
38.20499811649323,39.37627796411515
51.07699906110764,49.7483538377285
54.92200116395951,54.822077282667166
53.89000143289566,53.721086549758915
49.39399983406067,50.366138486862184
40.08800120830536,42.54817157268525
21.855999797582623,25.02465428590775
5.357000120580197,10.418222553730011
0.2189999981597066,3.296057103201747
0.0,1.2252976207435133
0.0,0.3898875006474555
0.0,0.2778621380031109
0.0,0.28534196461550887
0.0,0.2783401688374578
0.0,0.2752615234954282
0.0,0.21818633479997515
0.0,0.2248844068916514
0.0,0.20858285740949212
0.0,0.3040638601128012
0.0,0.3021246098494157
0.0,0.31106320074759425
0.6649999744817615,1.3714933463186023
13.178999503254891,11.787383995354176
29.226000695228574,28.570779251456262
43.51699921607971,42.95192370057106
53.01400118350983,52.11037084817887
56.61900029182434,54.26392777442932
53.13899795055389,50.152017644643784
43.1569988322258,42.18919201493264
33.55100057125092,28.107655918598176
5.005999746322632,14.131024082005023
5.881999995708465,5.271905946433544
0.0129999995976686,1.784716229438782
0.0,0.7519257496856153
0.0,0.3211137228179723
0.0,0.2815970046259463
0.0,0.30494002532213926
0.0,0.309992686077021
0.0,0.3018952705850825
0.0,0.21791949442587794
0.0,0.22174224073532967
0.0,0.2032376735564321
0.0,0.2943105708435178
0.0,0.28944669134914874
0.0,0.29503623416647307
1.521999982520938,1.455568619966507
14.330000445246696,12.437639952003956
30.54299987435341,29.10315033316612
45.15499993562698,43.77222833514213
54.727999017238616,53.41143528103829
57.413001708984375,57.12005337357522
55.670001733303074,56.16583155393601
48.25200146913529,51.48234712839127
39.75300182104111,42.33171946763993
19.258999710083007,23.851093497872355
4.763999773561955,9.592661280930043
0.0709999990370124,2.895830625221133
0.0,1.2046634414419533
0.0,0.39259905393235384
0.0,0.29263847386464475
0.0,0.3024319761339575
0.0,0.29489974103868
0.0,0.29076651538722215
0.0,0.2330974548170343
0.0,0.23194745287764815
0.0,0.2252480569342151
0.0,0.310751525927335
0.0,0.32739401136524976
0.0,0.33200465807691215
1.473999974131584,1.4763666038587688
14.003999527096749,10.492404466569425
29.6280007815361,25.613533329963687
43.713001935482026,39.31619711041451
52.44999989748001,49.603852514028546
53.34499942541122,54.823595170974734
52.74500015497208,53.99212512254715
50.50499959230423,50.928426756858826
41.35399810791016,43.25480917215347
24.429999461174013,25.95822132229805
8.588999744057656,11.490931576788427
0.2529999934043735,3.7590248473733663
0.0,1.4836998118832707
0.0,0.4648962993174791
0.0,0.32999712113291024
0.0,0.3396603403426707
0.0,0.33176291472278535
0.0,0.3242289465852082
0.0,0.2201969446847215
0.0,0.21847038524691015
0.0,0.20620648734271524
0.0,0.3022780242096632
0.0,0.31211238134652375
0.0,0.3172010588925332
2.0360000456124543,1.461731254197657
14.211999520659448,10.867629434466362
30.0280002951622,26.468330384492873
44.09200159788132,40.45866994380951
52.01700120449066,50.02669018745423
55.238001272678375,55.14882174015045
54.38599967956543,54.3349070250988
49.81999857664108,50.89088829040527
40.72300023078918,43.18093997716903
24.322999632358552,26.015863079428676
8.845000131130218,11.507604213953018
0.2790000086463988,3.741758611127734
0.0,1.3735932159051298
0.0,0.44427654598839583
0.0,0.31547326385974883
0.0,0.32405735935084523
0.0,0.31631980688311157
0.0,0.3125406353548169
0.0,0.21807907873764631
0.0,0.2189351936103776
0.0,0.2048555728467181
0.0,0.3148964335676283
0.0,0.3239797575678677
0.0,0.3300152217969299
2.1909998828172683,1.546465340666473
14.760999592542648,11.503430534601211
29.48500091433525,27.72469208240509
41.47199903249741,41.95499561071396
51.28099996328354,51.40900375127793
55.433999884128575,55.99079582214355
54.06000081539154,55.264961762428285
49.38099816560745,51.342806156873706
39.81499903440476,43.4835276222229
21.769999819993973,26.066678447127344
8.52299984484911,11.310378865301608
0.3119999903440476,3.6068429369479422
0.0,1.3683532020449638
0.0,0.46344368893653154
0.0,0.32727464005351065
0.0,0.33767504410818217
0.0,0.3293090551998466
0.0,0.32422777517698703
0.0,0.22312848201487212
0.0,0.2219400723278522
0.0,0.20276874119415877
0.0,0.3076018017809838
0.0,0.3021990103181451
0.0,0.3072980540245771
2.329000115543604,1.4492880104854704
14.678000473976136,11.193607245385648
30.32099997997284,27.2627076792717
44.36400143146515,41.701011201143274
53.00599889278412,51.420064412355416
56.05699957847595,56.40562709689141
54.36900097370148,55.64389364361763
49.94499945163727,52.024631725549696
40.2830015873909,44.48649440169335
23.271000336408616,27.07817641615868
8.072000105679036,11.82228258907795
0.2780000111460686,3.767728699296713
0.0,1.4401112947613002
0.0,0.43542692595161503
0.0,0.3053320940490812
0.0,0.31409719618037346
0.0,0.30645534615963693
0.0,0.3027915182244033
0.0,0.2440094433305785
0.0,0.2386510450299829
0.0,0.21080265191849312
0.0,0.30568049973808226
0.0,0.3008520031906664
0.0,0.30598548308946194
1.8790000208467248,1.3624315890669823
13.594999490380289,10.319431953728198
29.85000067591667,25.624259192943573
44.29599839210511,39.84438116192818
53.33599890232086,49.68288335084915
56.72800069332123,55.055511661767966
55.545000858306885,54.41231111288071
50.832999029159545,51.051086099147795
40.973001980781554,43.85034926056862
24.083000745773315,26.820317180752756
8.871999646425248,11.837916427850722
0.4200000092200935,3.804170984402299
0.0,1.420650898590684
0.0,0.4287629931885749
0.0,0.30383458503521976
0.0,0.3121235177479684
0.0,0.30465307844802736
0.0,0.3016515775583684
0.0,0.2197567278705537
0.0,0.22439726956188674
0.0,0.20746664177160706
0.0,0.3160150562087074
0.0,0.3129485983261838
0.0,0.3226378693338483
2.482000021934509,1.4185527620464562
14.57499973654747,12.339058857560158
30.676000986099243,29.3202001452446
45.863001375198365,44.44244072318078
54.61100043296814,53.06186909556389
56.595001635551455,55.1972360098362
54.05100029230118,51.31941342353821
33.88599995851517,41.389636646509175
7.880000072121621,26.034405348300936
5.389000040590763,12.832132755815982
8.511000003218651,5.059924833774566
0.4750000001117587,1.8708456075191497
0.0,0.7211178739368915
0.0,0.35343780197203156
0.0,0.3113105845125392
0.0,0.32139346472918984
0.0,0.321075122510083
0.0,0.3126031211577356
0.0,0.2297747152810916
0.0,0.23081224598456174
0.0,0.2105513527616858
0.0,0.31632179667241866
0.0,0.3107252574991435
0.0,0.31660851889289915
2.7270000834763053,1.5544209034368395
15.428999848365784,12.526224344968796
32.05399914622307,29.716519960761072
46.6059984588623,44.47143259525299
55.00600056886673,53.45980436325073
57.91800047874451,57.853967775106426
57.14900005817413,57.147675243616106
51.8249996304512,52.86068830251694
42.27700154542923,44.64204406261444
24.713000390529636,26.556952262520788
9.115000419020651,11.27562918484211
0.5439999881014228,3.5258531204611065
0.0,1.4367314129695297
0.0,0.447469852939248
0.0,0.3138986023701727
0.0,0.3243459108937532
0.0,0.3163339761085808
0.0,0.3120728583540767
0.0,0.23239515547174955
0.0,0.2333208086667582
0.0,0.2240346625540405
0.0,0.33257725204341115
0.0,0.34762756905518466
0.0,0.3539853791519999
2.8910000586509703,1.6434376583620907
15.689999613165856,12.077588732242585
31.443999066352845,28.51475910842419
45.0509989118576,42.6794247508049
53.03199812173843,52.114018709659575
57.19300033330917,56.578750576972965
56.24500000715256,55.80539778113365
51.13900038242341,51.62608026504516
41.26499932527543,43.30590593457222
24.25400041460991,25.774599970579146
8.64800020635128,11.407174541056158
0.2449999973550438,3.7194344588369135
0.0,1.5256595259904862
0.0,0.47048653214238584
0.0,0.35081943180412056
0.0,0.35915802901610727
0.0,0.3537561040744186
0.0,0.336110203191638
0.0,0.23144844099879258
0.0,0.22892846109811216
0.0,0.2201358950603753
0.0,0.31806161067448546
0.0,0.3375205786898732
0.0,0.342448115395382
3.2329999098181728,1.5364706931635737
16.051999542713165,10.535340782105923
31.69099995732308,25.464083977937698
45.65400109529495,39.25441761851311
53.31100201368332,49.872216809988025
57.23299946308136,55.177343251705175
56.21200082778931,55.04495833277703
51.020001225471496,52.005716660022735
41.5489984869957,44.695798670053485
24.676000065803528,27.988766649365427
9.046000174283982,13.080381950736047
0.5169999914057553,4.398212825655937
0.0,1.6964272239059208
0.0,0.4878705029375851
0.0,0.3404455529246479
0.0,0.34957497905939816
0.0,0.341841743150726
0.0,0.3385210254974663
0.0,0.27741453168913716
0.0,0.2669605637900531
0.0,0.23288634459022428
0.0,0.3293600194808095
0.0,0.3679855367168784
0.0,0.37013887386769057
0.2739999890513718,1.0912703553959728
3.722000003308058,5.734854948073625
14.2180002117157,15.040750618278981
30.667000463008883,24.759458248019218
36.03500116586685,31.883831337690353
37.74899899959564,36.80996017098427
49.67999956846237,41.68402481913567
49.18000017642975,43.4869310605526
39.55100149154663,39.53610400319099
23.832998995780944,25.32604959785938
8.933999940752983,12.29932160973549
0.5930000260844827,4.279206736534834
0.0,1.5593420375138523
0.0,0.49857011353597047
0.0,0.3680006045568734
0.0,0.3738284246437251
0.0,0.36650359299033874
0.0,0.3310926927067339
0.0,0.2497901904582977
0.0,0.24240617861971256
0.0,0.2246012951759621
0.0,0.3102878408320249
0.0,0.3113636107929051
0.0,0.3140661939792335
1.2389999517798425,1.2724071663245557
8.907999684810639,7.965131731331349
18.85599933743477,19.613900071382524
30.15800054788589,33.00484833717346
48.80199874639512,44.52121070504188
55.30800077676773,50.914494637250904
53.46000154495239,52.10432805061341
49.48299861669541,50.754993126392364
40.29899795293808,44.48304782986641
23.63399952530861,28.14725144207478
8.37099996805191,13.209522614479067
0.2670000065490603,4.557743348926306
0.0,1.7236852192506193
0.0,0.447364345965907
0.0,0.3131064094789326
0.0,0.3198976727109403
0.0,0.31356990201398727
0.0,0.3118403739389032
0.0,0.2101342110848054
0.0,0.22963210836518555
0.0,0.23361367676872757
0.0,0.4245746471639723
0.0,0.4311204281635583
0.0,0.4523811503965408
3.202000019401312,1.35116023497656
16.962999544143678,11.185737436115742
31.150999381542206,26.52667665541172
42.39199955701828,38.61791713953018
48.5270001077652,45.042415345907216
36.3989985871315,41.28147837519646
15.172000201940536,32.51254827439785
6.096999939680099,19.924612218737604
1.7750000240653754,10.054235915839673
1.2800000097602606,4.57315561503172
0.0380000012926757,2.2197545848414304
0.0,0.9270647900551559
0.0,0.39928633462637664
0.0,0.2740534967323765
0.0,0.2688608526950702
0.0,0.3121803872101009
0.0,0.3903611988760531
0.0,0.42842105431482197
0.0,0.21395369189325714
0.0,0.2135753350611776
0.0,0.20154035118408495
0.0,0.30883519835770123
0.0,0.3123311859602108
0.0,0.318471009824425
4.128999980837107,1.5429053508490325
18.381000941991807,12.094978207051755
34.962998197078704,28.685032696723937
48.78200123548508,43.003445636034016
56.433998668193816,52.457478424310686
58.59200039863587,57.32395363092423
57.72399833202362,56.88062138438225
52.852998216152194,53.33943520426751
42.59699869155884,45.94060264468193
25.30699999690056,28.473648777604105
9.776999983787537,12.599356676042081
0.7710000304505229,3.9819598143547776
0.0,1.4893165377900004
0.0,0.45367615020833907
0.0,0.31575980154331773
0.0,0.3256188545329496
0.0,0.31758260901551694
0.0,0.31356690128333864
0.0,0.23377836392726745
0.0,0.23395683519076554
0.0,0.22585175740532576
0.0,0.33319917352870104
0.0,0.3596006929501891
0.0,0.36688799140043554
4.383000051975251,1.6625239741429687
16.841999814510345,11.679383366703988
32.45500100016594,27.637458692193032
45.51799912452698,41.64894290804863
52.47300032138825,51.284082981348035
57.19300033330917,55.80562782645225
52.264998273849486,55.170474755764005
47.53799831151962,50.74389754772187
35.59800132751465,42.45420627593994
25.63599972009659,25.558187918066977
9.410999935865403,11.695822364091875
0.5919999964907765,3.9076007460802797
0.0,1.5610434999316931
0.0,0.4914704008679837
0.0,0.3627519254852086
0.0,0.373206599438563
0.0,0.3664457446802407
0.0,0.3544910102896392
0.0,0.24256137416232376
0.0,0.2376727747451514
0.0,0.23097476684022694
0.0,0.3153709822706878
0.0,0.3480462752841413
0.0,0.3525331217981874
2.8959999498724938,1.506705755852163
16.606000019311907,10.015125644207002
34.08700000166893,24.23318131327629
46.44200079441071,37.48027731180191
47.78399891614914,48.20989290595055
54.73699954032898,53.780612829923626
51.65999962568283,53.97249938130379
44.93600090026855,51.69384709715843
42.47300015687943,44.74747465372086
25.59299973130226,28.236068447828295
9.713000143766404,13.477225530147553
0.7239999874681234,4.6266999466717245
0.0,1.7856108643859625
0.0,0.5022778452094645
0.0,0.3501544731017202
0.0,0.3591985469032079
0.0,0.3513005596492439
0.0,0.34087666324339805
0.0,0.2598855229048058
0.0,0.2564273894391954
0.0,0.2317437080806121
0.0,0.33643978611566117
0.0,0.35587396199814975
0.0,0.361690950570628
1.398999936953187,1.0965581883862616
11.690999628305436,6.7141809765994545
22.92900099873543,17.01886050403118
28.653000940084457,29.025009894967077
29.34399956583977,36.61878634929657
33.81399988174439,39.98522435426712
35.19200009584427,39.42509070515633
31.44100026130676,33.637891974449154
24.62100074887276,24.335289598107337
16.540999892950058,13.77319115638733
5.11500014781952,6.402242092043162
0.0449999998416751,2.429780248105526
0.0,0.9494077811576426
0.0,0.42065935158170764
0.0,0.35922576208598905
0.0,0.3576508278027177
0.0,0.3587000725883991
0.0,0.3551659018918871
0.0,0.2258346757059917
0.0,0.2271528389118612
0.0,0.21772487217094744
0.0,0.3265882750693708
0.0,0.32835424517281353
0.0,0.3341588938422501
3.925999878495932,1.5079370503127576
19.09199913263321,10.286303373873235
34.018999016284944,25.402185355424884
45.99300162792206,40.313570913076404
53.61899983167648,50.72577737092972
57.04800194740296,55.00197888374329
55.27699806213379,54.332127995491035
50.676999547481536,50.78277520656586
41.93899924516678,42.36253937840462
25.441999627351763,25.045974557399752
5.752000256478786,11.07651982665062
0.2230000042077154,3.786531694754958
0.0,1.5481110889837146
0.0,0.45794983251951626
0.0,0.33166483736597
0.0,0.3395855627767742
0.0,0.3338033313304186
0.0,0.3289000090770423
0.0,0.22080159191042184
0.0,0.22081308936234562
0.0,0.216418511304073
0.0,0.31634896371513604
0.0,0.33215499949641525
0.0,0.33816658625379203
4.498999890387059,1.6092685470730066
18.43000059485436,11.255916663110256
34.47899927854538,26.911541446447373
46.61200017690658,41.18180918693543
54.39900134801865,51.968252136707314
52.89600025892258,56.745241768360145
53.88699851989746,56.60117999553681
45.69100142002106,53.28241477489472
42.696998569965366,45.8019058573246
26.12199921131134,28.5440816706419
10.33999995648861,13.002648713290693
0.8339999692514539,4.310833731517196
0.0,1.693034954071045
0.0,0.48485260233283045
0.0,0.33531772146001454
0.0,0.3451353419013321
0.0,0.33785672470927236
0.0,0.3333323289453983
0.0,0.22883468425367026
0.0,0.23153867954853918
0.0,0.21411652565933761
0.0,0.3115683183912188
0.0,0.3071068898309022
0.0,0.312208051700145
2.165999913215637,1.4446539837494494
19.091000900268558,10.736212965250015
33.39599932193756,26.03773689746857
44.1110008764267,41.446833717823026
50.73799852848053,51.21477772116661
56.44099861860276,55.57460892319679
56.2729998087883,55.171456556320194
50.895998582839965,51.35462678909302
39.47700084209442,42.417953598499295
20.32799976587296,24.555081468224525
9.448999519944191,10.531227695047857
1.452999994531274,3.5907375822961334
0.0,1.488099428601563
0.0,0.4316759965941309
0.0,0.31040897727943956
0.0,0.3177918016631156
0.0,0.31206870226189487
0.0,0.3076021548081189
0.0,0.28861128472723063
0.0,0.2692327828286215
0.0,0.23004868840798728
0.0,0.3124645740538835
0.0,0.3552783249877393
0.0,0.3566185443662107
2.1040000040084124,0.9785853775963187
9.336000027060509,4.909281608164311
13.276999835968018,12.951618191599845
25.240999584198,20.316328046917917
26.491000118255617,27.96024102985859
31.6399997317791,32.634319272041324
28.301000792980197,38.1305681860447
34.769000158309936,40.98407701969147
38.78799868106842,38.33324221968651
24.097000646591187,25.54940408945084
8.0099998113513,13.218818396627903
0.6320000248774886,4.820245340466499
0.0,1.6930906039848925
0.0,0.4773323701601475
0.0,0.3546275034174323
0.0,0.35931706774048505
0.0,0.3518139092437923
0.0,0.3200139951519668
0.0,0.23171928502153605
0.0,0.2371779350051656
0.0,0.2337438795948401
0.0,0.3342736276611685
0.0,0.35884933887980874
0.0,0.36520312125794585
3.3410000249743463,1.743826444298029
18.31899962067604,11.898983190059663
35.69800120592117,27.935172252058983
47.40600159406662,42.22569733142852
54.1830011177063,52.77505393266678
54.62500033378601,57.33350051164627
54.34499820947647,57.27882366895676
52.28000051498413,53.585423485040664
42.56399951219559,45.87939005017281
26.3959996175766,28.615389557480814
10.689999530911448,13.2829876896739
0.9030000214278698,4.503718515262008
0.0,1.8516650655865667
0.0,0.5125780697911978
0.0,0.36146321597509085
0.0,0.3728264854941517
0.0,0.36532910380512473
0.0,0.35529872032813725
0.0,0.2437079822272062
0.0,0.2505310419714078
0.0,0.24673932193312792
0.0,0.3098506006784737
0.0,0.331533607551828
0.0129999995976686,0.33530652087181806
4.410000080764294,1.6034618283808233
18.8330009675026,10.941461657881737
36.207999353408816,26.057939805984496
49.082999103069305,40.63092048406601
56.34400165319443,51.97149125695229
58.345999794006346,57.30137632608414
55.95099798202515,57.093251039981844
49.63500106096268,54.804236446619036
39.87000040531159,47.856876040697095
25.05200092315674,30.35210539340973
10.38400023162365,14.055006428062917
0.9539999902248384,4.834666306376457
0.0,2.0304719616100195
0.0,0.4911659791506827
0.0,0.3338184473104775
0.0,0.3435458532720804
0.0,0.335330173689872
0.0,0.3318573655281216
0.0,0.218674619467929
0.0,0.21897043213713913
0.0,0.2088714731391519
0.0,0.32625204881653186
0.0,0.31987671573646365
0.0439999983296729,0.3264808745868504
5.635000131726265,1.6968307660147548
19.242001004219052,13.635713403820992
36.91100141525269,31.116738033890723
50.33799901485443,45.849973005056384
57.46099902153015,54.74402619242668
59.70300015687943,59.21208550095559
58.00699926137924,59.41474104881287
52.64200147151947,55.22433411598205
42.26199930429459,47.60091159820557
26.120000692605974,29.912526788115503
10.571000373959542,13.50586719930172
1.070000021196902,4.352792867943645
0.0,1.7003662364929917
0.0,0.47195053567178546
0.0,0.32385050149634476
0.0,0.33399805788882075
0.0,0.32588754829950634
0.0,0.32090214723721144
0.0,0.33281079553999005
0.0,0.33152052950114014
0.0,0.27882285321131345
0.0,0.3330403273645788
0.0,0.3340537078026682
0.0,0.33428664152510457
1.7519999852776529,0.7917330252565444
5.4569999989867215,3.377467599660158
5.789999840557575,9.165527716577053
6.417000166773796,14.089928642511367
9.0149995136261,20.053522837162017
19.696999834775927,23.368684356808664
44.0629994559288,29.237064437270163
42.25999873161316,35.87559516489506
23.73599997639656,35.934385094642636
21.991999714374543,23.307018860578538
8.799999569654466,11.385827054381371
0.1629999937210232,4.036978387311101
0.0,1.4732061123847962
0.0,0.4281207886897027
0.0,0.33341488915495576
0.0,0.3352417724858969
0.0,0.32904537602327766
0.0,0.3345550223812461
0.0,0.24251928369980302
0.0,0.2376664443267509
0.0,0.22293975691776718
0.0,0.32786446816287934
0.0,0.35093243258073925
0.0,0.356751282569021
2.2029999811947345,1.552823616117239
19.06700019001961,10.481325833201408
33.9450004208088,25.005408530235293
34.36399921298027,38.73750578761101
37.307998015880585,49.56056907653809
58.91999983549118,55.207154660224916
59.08299926757813,55.60252861976624
53.58199950695038,52.767024940252305
43.28300204753876,45.83207054972649
26.80200084924698,29.53300849676132
10.969999601244927,14.329505950510503
0.9949999840185046,4.904667864441872
0.0,1.891577864177525
0.0,0.5085205203201622
0.0,0.35340145622380076
0.0,0.3618518828041851
0.0,0.35568135360255837
0.0,0.3521299006231129
0.0,0.2260840412368998
0.0,0.23223635744769122
0.0,0.2283618846395984
0.0,0.3380513549875468
0.0,0.33360311680473387
0.1009999962570145,0.3396794198546558
6.178999798893929,1.5745624494180084
19.624999758005146,11.320270300507545
32.94700015544891,27.76622964024544
36.19600002527237,42.83253839612007
48.48099925994873,52.45501365303993
55.86199919939041,56.76861601591111
53.43799935340881,55.87112501502037
44.51300096273423,51.29805001854896
35.67799958705902,41.429091472625736
16.03700038254261,23.159424248933796
5.192999888658524,9.802636685967446
0.5139999989047647,3.604257494583726
0.0,1.5284662200883032
0.0,0.4225479183811694
0.0,0.3372654363512993
0.0,0.3441648542601615
0.0,0.33977247459813953
0.0,0.33369771203026166
0.0,0.2237937536276877
0.0,0.227832680917345
0.0,0.21914627976715562
0.0,0.3155232011526823
0.0,0.3105618701223284
0.0129999995976686,0.3165049856621772
5.909000024497509,1.573346944898367
18.057000596523284,12.268772310316562
34.04000092148781,28.833749806284906
45.47700176239014,44.28599963665009
51.99400078058243,53.994821993112566
52.75900005578995,58.131155952215195
49.44700063228607,57.61110564589501
45.205001928806304,52.84258455753327
32.90700102567673,43.82874143242836
19.944000725746157,25.609299058318136
4.760000168681144,11.043360950648786
0.2189999981597066,3.9922748821228744
0.0,1.6589191177859903
0.0,0.43515544808469714
0.0,0.31422314663417633
0.0,0.3224013411533087
0.0,0.31650147143751384
0.0,0.3109953232575208
0.0,0.28751744619570674
0.0,0.2615023631136864
0.0,0.2273131453245878
0.0,0.3023946033976972
0.0,0.311983478302136
0.0,0.3127866631746292
0.8869999972358347,0.9795837704278529
10.01900047004223,5.149820176959038
21.122999415397643,13.420891128778457
29.852999480962755,22.330461078286174
33.02800075531006,33.009735773205755
40.00900118112564,40.220560715198516
46.8530014038086,46.53303301334381
50.16300025463104,48.8415624332428
33.74099951863289,45.52163055419922
25.669000953435894,30.639999920725824
6.851999945938587,15.306636792123317
0.801000019647181,5.530748009383679
0.0,1.9536145523935557
0.0,0.44016459824517373
0.0,0.3119250202178955
0.0,0.31750974902883167
0.0,0.31035204363055524
0.0,0.3120960458181798
0.0,0.2313556430023163
0.0,0.232894199443981
0.0,0.22741460853256285
0.0,0.3486900042183697
0.0,0.3421553435735405
0.3700000058300793,0.34872686346061527
8.248000179231168,1.7764189364016056
23.537000505924222,13.998040429055692
40.64800134897232,31.87221199512482
52.43599999666214,46.447302106618885
58.87399898767472,54.930917474031446
61.71100001573563,59.13398306131363
59.47799940347672,59.59614821434021
53.94100165843964,55.447921733856205
43.463000185489655,48.15527562856674
27.576000647544863,30.620209861397743
11.260999740362168,14.068612992465496
1.0590000165998936,4.5353673337399965
0.0,1.890811731107533
0.0,0.5064693203382193
0.0,0.34552757109515364
0.0,0.3578442385327071
0.0,0.34804938834160565
0.0,0.3438509329035878
0.0,0.23246644288301466
0.0,0.2340668432600796
0.0,0.23120313527993855
0.0,0.34127848835662006
0.0,0.3911786813475192
0.181999994367361,0.39876292375847694
3.778999892920256,1.7597419345378877
19.7480000603199,11.859128352105618
36.962001640796665,27.701256215572357
47.84600023746491,41.5746382701397
42.675000486373904,51.639712504148484
59.87999948978424,56.40548742651939
57.66400169134141,56.764128078222285
51.11100058078766,53.08635043621064
43.45399966239929,45.94546029806138
27.396000455617905,29.396013428568843
11.786000128984451,14.153464797437191
1.4249999361485244,4.928400274068117
0.0,1.9570708164200186
0.0,0.5324029183387757
0.0,0.3946145018935203
0.0,0.3954449019487948
0.0,0.39213052273727955
0.0,0.36379496020264923
0.0,0.2370048313587904
0.0,0.24148951959330583
0.0,0.2379771322757005
0.0,0.32126892638392746
0.0,0.3220063037890941
0.0,0.3264760284870863
3.867999959290028,1.5997076736390592
13.813999552726743,11.362380404174328
30.53200083255768,26.54510492861271
49.370001177787785,41.435643656253816
58.99100167989731,52.50443642497063
61.84899845123291,57.97237127900124
60.0560005903244,58.35330578684807
54.67899936437607,55.975384839773184
44.42500041246414,49.4738953948021
27.79700025558472,32.62010883867741
11.984999599456788,15.585385991036892
1.481999954134226,5.348530550301075
0.0,2.1949734278768305
0.0,0.4827518822718411
0.0,0.32469572869129476
0.0,0.33370520583353935
0.0,0.32631227203644814
0.0,0.3228042253479361
0.0,0.22968251903541387
0.0,0.23599665807094422
0.0,0.23300153573974963
0.0,0.3275278086494654
0.0,0.34737988842651246
0.4440000134147703,0.35399478251114486
8.70299952328205,1.8710673727467657
23.69999993801117,13.852482334673404
40.3970013666153,31.272872051000597
51.164001379013065,45.87816998839378
57.409998795986176,55.71607652425766
59.79100070714951,60.05149211287499
57.87499843597412,60.4339588868618
53.014999415874485,56.7181477701664
42.75899989128113,49.783485044240955
27.294000004529952,32.609852309226994
11.25099995791912,15.414990191161634
1.4999999733269216,5.169690084606409
0.0,2.161485915705562
0.0,0.5241428696643561
0.0,0.35076684680767356
0.0,0.36281697875820096
0.0,0.3537603564467281
0.0,0.3488349218573421
0.0,0.218108155336231
0.0,0.22404059180524194
0.0,0.22154281249735502
0.0,0.33899319929070765
0.0,0.3314060203358531
0.4129999946244061,0.33843422896228725
8.544000209569932,1.8823069223016502
23.43100096344948,14.866230947971344
40.32399894952774,33.203680408596995
52.4610009932518,48.18879446387291
58.69999845981598,57.290646355152134
60.3869988322258,60.849519323110584
57.29099963903428,61.51252430915832
50.73999910116196,57.52009807467461
42.25299878120423,49.88799134612083
26.330999491214754,32.41069365561009
11.31399951159954,15.051191492080687
1.4339999457448722,4.877184637784958
0.0,2.037871859669685
0.0,0.49956757565960286
0.0,0.33525823638774455
0.0,0.3466289515700191
0.0,0.33784409596584736
0.0,0.3328164439741521
0.0,0.21782500350382175
0.0,0.22274660293478515
0.0,0.21750967806205157
0.0,0.33830811804160477
0.0,0.33111998812295496
0.4649999930150807,0.33888326343148945
8.832999776005746,1.8883216060698031
23.57900020837784,15.578562682569029
39.53300044536591,34.135147254467014
50.27200065612793,48.96245124816895
56.05900015115738,57.30399514555931
57.55199837684631,61.059667775630956
54.9299993467331,61.226052160263066
49.67000081300736,56.63033618569374
40.307998476028445,47.74963589668274
24.528999053239826,29.77152749359608
10.424000388383863,13.489791242182253
1.120000024586916,4.551160869151355
0.0,1.8923996471613647
0.0,0.47217358463443815
0.0,0.3353540351148695
0.0,0.3463960820343346
0.0,0.3385044813621789
0.0,0.3321835305076092
0.0,0.3529224465414882
0.0,0.3333948468416929
0.0,0.2892245410010218
0.0,0.3870073448121548
0.0,0.39349648100323975
0.0,0.39704594419337813
1.438999965339899,0.7819887381792069
8.1609999153018,3.4579444356262687
13.793999987840651,8.859525593072176
15.983000324964523,14.19656902551651
17.537999871969223,18.488689366281037
19.94799981713295,19.450947880744934
26.59900023341179,21.79596413135529
32.09799942135811,21.92625810265541
23.904000840187077,20.574094853401185
8.95499979197979,13.009645582735537
1.2500000205636024,6.8392570784688
0.0439999983296729,2.7508975814282897
0.0,1.018205933906138
0.0,0.44954984067939224
0.0,0.39306581999175244
0.0,0.38603422551415856
0.0,0.3884704336803406
0.0,0.38961241227574644
0.0,0.23061650046147397
0.0,0.23656065101269635
0.0,0.23401372872292994
0.0,0.32541473263874654
0.0,0.3403009241260588
0.0,0.34687544474378224
0.2329999952577054,1.84299080375582
9.473000230193138,14.018067209124565
24.963000086545943,31.13221577048302
41.63199965953827,45.9831651365757
53.91600066184998,55.74298771858216
60.57900040626526,60.204418846368796
63.71999810695648,60.74423456430435
61.85599840164185,57.14497221112251
56.12400027751923,50.210948271751406
45.61900134325028,32.99072622478008
28.512999877929687,15.83322952568531
12.479000354409218,5.349838933050632
1.6970000264793634,2.1970383156836033
0.0,0.5132018526922911
0.0,0.3435102296248078
0.0,0.3547599206864833
0.0,0.3466642061434686
0.0,0.34181577960960563
0.0,0.26202472292352463
0.0,0.257789079286158
0.0,0.2316732149804011
0.0,0.3229642910603434
0.0,0.3214311102591455
0.0,0.32767283861525354
0.0380000012926757,1.1486517710611226
1.6209999597072602,7.9696630592644215
4.828000127077103,20.760960460305213
16.65700024485588,33.39452045917511
38.51700118780136,42.650202833414085
52.482999076843264,47.28740090847016
44.3970006108284,44.333962031602866
36.737999119758605,37.9268774342537
38.8229984331131,25.375695226192477
18.70400100111961,13.738272022902965
13.074000247120855,6.551086291372776
5.972000091671944,2.5533830072730783
0.6049999960884452,0.958007746823132
0.0,0.4041126488242298
0.0,0.3257544891629368
0.0,0.3242713740281761
0.0,0.32528738612309094
0.0,0.32019917393103237
0.0,0.2790882975235581
0.0,0.2606966829812154
0.0,0.2233146877819672
0.0,0.3058920753188431
0.0,0.30071316724643105
0.0,0.30225055227987463
0.333999999538064,1.1433995617181063
5.052999853491784,6.284460172653199
8.542999923229218,15.804894412457944
22.62399993181229,27.014288517832757
44.92799860954285,38.610031925439834
50.82900199174881,47.04035688400269
45.489001090526585,51.3284324324131
58.62400134563446,52.071943010091786
55.25499997854233,48.019532458782194
45.11599903821946,33.12261818945408
26.51699934720993,16.84586231648922
12.239000440835952,5.9521743445098405
1.738999985679984,2.0955837087333204
0.0,0.43917997347190973
0.0,0.30160298818722364
0.0,0.30715344127267596
0.0,0.30045298624783756
0.0,0.30130201650783417
0.0,0.21713493173476306
0.0,0.21798907286487518
0.0,0.21492912993766367
0.0,0.3409330994449556
0.0,0.3393700718041509
0.0,0.34679927111603315
0.8290000138431788,1.8091146408021455
10.876999673247338,13.48664146989584
25.94600016474724,30.748001062870024
41.43600104808807,45.482808352708815
51.775001745224,55.08333482146263
57.72399833202362,59.20942149400712
60.27900077104569,59.953160063028335
58.44399909973145,55.81759839892388
53.08400068759919,48.222264003753665
43.80499952316284,31.370634122490884
27.363999508619308,15.10718750089407
11.661000280976296,5.111373596340418
1.6569999980926513,1.9830694676935676
0.0,0.5069280149135739
0.0,0.3431669749226421
0.0,0.353453110512346
0.0,0.34603536853566763
0.0,0.3407281992863863
0.0,0.3856435849424451
0.0,0.37537484396249055
0.0,0.32354678583331403
0.0,0.38285566546954214
0.0,0.39227927553467457
0.0,0.39606342153623697
0.0320000002440065,0.5891555284895003
0.1730000008177012,2.59579966686666
1.0420000270009042,6.340540907979012
4.276999996006489,9.038507783114909
5.979000042080879,10.866924920678139
5.167000146210194,10.1146926471591
9.544000020623209,10.57831920415163
8.845000131130218,11.554881094396116
10.31300044119358,11.244559715986252
11.617000005841255,7.65297076061368
9.446999974250794,4.487716886401177
3.855000088065863,1.8930165460333228
2.0939999648183583,0.6329164833202958
0.0,0.40432467371225356
0.0,0.39269820641726255
0.0,0.37805663064122197
0.0,0.38406598690897226
0.0,0.3904445774666965
0.0,0.25930318057537083
0.0,0.282789546335116
0.0,0.2955531300790608
0.0,0.5444395068846644
0.0,0.667632417595014
0.0,0.6987516311835498
1.13000006377697,1.2300784746743738
11.628000074625016,6.947300327122212
27.7999990606308,17.64289232134819
38.626999821662906,24.447607170939442
17.18599972486496,26.440743432044982
16.662999908924103,23.40096464455128
12.433999792933465,19.15873589575291
7.312000208199024,15.60873148292303
14.735000363588334,12.620846914052965
19.72100054502487,8.52191534548998
17.87399954557419,4.483758746162057
9.878000148534776,1.7789502051472663
3.087999983429909,0.6932023495063185
0.0,0.4099785797949881
0.0,0.3758888354245573
0.0,0.3977200816012919
0.0,0.42884130102582274
0.0,0.47393267070874573
0.0,0.2355751196015626
0.0,0.24182519223541016
0.0,0.2388909911550581
0.0,0.3333715310040861
0.0,0.3536358983349055
0.0,0.3607593601010739
1.090000035390258,1.8750018922612073
11.56899961233139,13.87402700304985
26.97799989581108,31.225008246898653
43.10099922895432,45.81978777289391
53.65399958372116,55.66766430854797
59.429997982978826,59.94107241392136
51.87899866104126,60.21282987833023
51.32900138378143,56.26030212879181
55.53699856758118,48.913716558218006
45.22499943971634,31.577697502970693
28.79899961233139,15.02808220744133
12.65500042796135,5.234504582881927
1.8540000512450932,2.1620052507147194
0.0,0.5227944985684008
0.0,0.356771645816043
0.0,0.3687230424955487
0.0,0.3607844089809805
0.0,0.35529891288839277
0.0,0.2548206827137619
0.0,0.25678076157812024
0.0,0.25812467169482256
0.0,0.32012343356385825
0.0,0.3278893244825304
0.0,0.3309080916084348
0.3119999903440476,1.5656052523851396
8.253000070452691,10.14419698625803
17.193999961614608,23.657595602273943
32.9459998691082,38.83198252439499
51.40199969291688,50.1156170809269
54.94899862527848,56.87119158029557
60.09899852514267,57.67304123997688
61.327000975608826,55.96114256978035
55.30199905872345,49.90962176799775
44.89700000286103,33.75271334409714
28.79099937558174,17.157491564154626
12.595999965667724,6.461400967240333
2.003999997228384,2.56842594280839
0.0,0.4933496124483645
0.0,0.32975390148349104
0.0,0.3378845015261322
0.0,0.3307830237224698
0.0,0.3287099360581487
0.0,0.23992175015620884
0.0,0.24642552092671394
0.0,0.24319316436070948
0.0,0.3279095112159848
0.0,0.3534363256767392
0.0,0.3598104552552104
1.3640000565350057,1.9260687436535955
11.765999537110329,13.486080734431745
27.17500084757805,30.4840137898922
42.85199981927872,45.2604305267334
53.26199825286865,55.55566715598107
59.377001292705536,60.02921058058739
61.055001142025,60.595325407981875
59.30800002098084,56.94472186923027
53.97400083780289,49.91520242094994
44.36299909114837,32.96034997284413
28.12700026512146,16.116242265403272
12.095999546647072,5.71741335362196
1.867000050842762,2.358401113972068
0.0,0.533587452750653
0.0,0.35715140673331913
0.0,0.3672522833105176
0.0,0.3592479707021266
0.0,0.35363002524711185
0.0,0.22496360532008103
0.0,0.23113506522960953
0.0,0.22829410342965276
0.0,0.33604133080691095
0.0,0.3292171076778323
0.0,0.3365761829633265
1.1789999733865262,1.8815074121206998
11.15500019788742,15.084051514565946
25.40900044798851,33.649579098224635
38.24599958658219,48.71896881818772
51.57500198841095,57.64340031147003
57.65000179052353,61.34860058784485
59.59100095033646,61.67679309844971
56.84900042295456,57.36977989077569
50.62199817657471,48.95474267601967
37.94899875640869,30.66903389930725
26.548000007867813,13.829921975135804
9.631000284552574,4.878574666082859
1.6159999401122331,2.065772942081094
0.0,0.465568366702646
0.0,0.3332413763180375
0.0,0.34328079408034684
0.0,0.33639901148155327
0.0,0.33003972508944573
0.0,0.24692229429259896
0.0,0.24570334775838998
0.0,0.23108549701049919
0.0,0.36485453905537724
0.0,0.4302052855491638
0.0,0.4402184669766575
0.5900000014901161,1.752052040733397
11.195000354647636,11.055429600477218
26.45100098848343,26.432820219397545
37.02300062179565,40.35106213808061
51.3060009598732,49.92888600945473
55.64500073671341,54.398703521490106
48.31099987745285,54.85711195230485
43.195999729633336,51.40774466395378
42.53300090551377,43.9607114481926
37.80999798059464,28.877296152710915
25.709000083208085,15.191941742002964
11.521000245809557,5.75251734495163
2.076999975219369,2.1041274788975715
0.0,0.562985996035859
0.0,0.43296204235404734
0.0,0.42565102689899503
0.0,0.4283989098854363
0.0,0.40062719587236645
0.0,0.25976122525986284
0.0,0.24687266188673668
0.0,0.23072017008904366
0.0,0.31724011653102935
0.0,0.3290357159171253
0.0,0.33215482298284765
0.0499999993783421,1.3318124544620515
2.892000088244677,8.026897102147341
12.02099963784218,19.372010499835014
32.146000841856,32.46269108653069
44.62500016927719,44.10121368050576
48.00299795150757,51.85337941765785
50.45800051212311,54.26219011068345
57.73600176811218,53.21261245250702
53.90099842071533,48.025308239459996
43.65699822425842,33.11945814728737
28.107000700235368,17.52595073491335
12.364000288844109,6.405786741226912
1.875000030845404,2.332276592478156
0.0,0.4834424996282905
0.0,0.33035584484227
0.0,0.33599359191022815
0.0,0.3303542722668499
0.0,0.3298787286691368
0.0,0.2648748233122751
0.0,0.2529269408574328
0.0,0.2332852812996134
0.0,0.32586145638488234
0.0,0.33618188374675806
0.0,0.33898519199341526
0.2149999921116978,1.3026224378868938
10.522999980449676,7.73914583966136
22.55600100040436,18.81967785179615
33.35700047850609,30.787855387330055
49.02400069475174,42.62985614657402
55.38900137662888,50.08827249765396
58.46200014591217,52.44693947315216
55.96399965047837,51.65557946920395
49.12999818325043,46.7505778336525
40.26000116348267,32.15203234255314
25.088999193906783,17.118460370600225
10.004999542236328,6.323854663223028
1.7739999944716691,2.2971376835554835
0.0,0.49065532539971174
0.0,0.3373032744415104
0.0,0.34310395957902073
0.0,0.33659415525384245
0.0,0.3366352829150855
0.0,0.23071830867324025
0.0,0.2367259960854426
0.0,0.23423157053533938
0.0,0.35088934722356496
0.0,0.3805133785679936
0.0,0.3902526751253754
1.5710000205039978,1.992842221595347
10.664999561309816,14.789807120263578
24.36100024342537,32.69098230957985
41.47600017786026,47.49981695055962
51.57199907541275,56.75608265399933
57.07099826335907,60.0211220228672
58.67100042581559,60.230054521560675
56.60900153636933,55.05053693175316
53.044001557827,45.67373980522156
43.91100111961365,28.13555199444294
28.13099935650825,13.437695220410824
11.630999906659127,5.0496500752866265
1.7469999656826258,2.0194143814966083
0.0,0.4814840174093842
0.0,0.3775118134915828
0.0,0.3800098014064133
0.0,0.38998999084346
0.0,0.3818227080721408
0.0,0.3092973108775914
0.0,0.3205052163638174
0.0,0.3146798835135996
0.0,0.48654857678338886
0.0,0.5018267086241395
0.0,0.5167320759035647
0.6929999686777591,0.8437190630286933
7.941999852955342,4.546939178109168
20.560000469684603,12.112395410537719
33.03899979710579,18.402633417844772
20.63399906516075,19.61639770627022
9.28399951517582,17.603505276441574
7.591999765038491,15.033840529322624
7.053999761939049,12.209264515936376
5.6859998437762265,8.759086163789034
12.876000036001203,5.5236132667958735
13.149000155925751,3.3984643699228765
5.825999878942967,1.541539841890335
1.2850000293552877,0.5885761788673699
0.0,0.40436079480685294
0.0,0.38926994386129077
0.0,0.4258793873153627
0.0,0.48159222022630277
0.0,0.49918787892907857
0.0,0.30544408388435834
0.0,0.2955915458500385
0.0,0.26947898716200147
0.0,0.39334414979442955
0.0,0.5820896261930466
0.0,0.6274490878917277
0.962999999821186,0.9493885893188417
9.829000495672226,4.322200948521495
24.478000881671907,10.881306861042976
29.62199906349182,16.511955644488335
25.89199908018112,18.612910243868825
6.098999998867512,18.228950229287147
17.213999526500704,17.898593854904178
20.655000970363616,17.41708640933037
12.812000195980072,15.524197017252446
24.616999603509903,10.975900674462318
24.958000708818435,6.750141219198704
13.877000133395196,2.9994217523932454
2.6429999083280564,1.12238735454157
0.0,0.6336871415562928
0.0,0.5380541125312448
0.0,0.5101762817706913
0.0,0.4910461906250566
0.0,0.44993354908190664
0.0,0.2479945259587839
0.0,0.24168679757509381
0.0,0.22466279410757123
0.0,0.3334396812878549
0.0,0.36802764322608705
0.0,0.37498120266012847
0.5970000160858036,1.5014031599089503
8.029999889731407,9.964205523729325
27.79200087785721,24.165748252272607
32.90700102567673,37.74531211256981
52.88799796819687,47.84824112534524
61.96800171613693,53.62983250141144
59.470001220703125,54.499319592714315
52.31500026702881,51.470752433538436
48.21799994945526,44.64603288412094
38.513000042438506,29.06780345916748
24.03200052022934,14.791430788338184
10.529999930858612,5.348470728248358
3.043999965041876,1.983936951644719
0.0,0.519740348495543
0.0,0.3706692650448531
0.0,0.37665527338162064
0.0,0.37200579368509357
0.0,0.36894155024550845
0.0,0.23344675109721713
0.0,0.2355372494179755
0.0,0.23323008069302884
0.0,0.34263157717883586
0.0,0.39784932162612674
0.0,0.40564732196740805
1.5750000105053186,1.843960280455649
12.55100043118,12.194589883983136
27.542999414205557,28.166886426210404
42.131999051570894,42.49866664171219
54.127001514434816,52.22750910282135
60.19199845314026,57.203455071449284
62.59600078821183,58.68135246515274
62.04599940299988,55.60635106921196
55.8070019364357,48.55478629589081
45.801998286247255,33.281068064570434
29.865000863075256,17.727806772589684
13.458000314235688,6.479008677005768
2.6060000970959663,2.429430301934481
0.0,0.5891068267915398
0.0,0.4004691359959543
0.0,0.4101863683573902
0.0,0.4031521101295948
0.0,0.39003750508651136
0.0,0.23982713888399299
0.0,0.24657558955252168
0.0,0.2434665598068386
0.0,0.3224386497028172
0.0,0.3818383535929024
0.0,0.3882686144858598
1.8880000304430724,1.745995250456035
12.579000232815742,11.28680692255497
28.122000887393952,26.475008887648585
42.93000161409378,40.63224940657616
52.6939999294281,51.90338962674141
57.88500129938126,57.424317063093184
59.0199997138977,57.81978550553322
54.71899849414826,54.84332771897316
50.16599905967713,48.32693462371826
39.22100148200989,32.21965334236622
24.42199922442436,16.387007145881654
10.74600016117096,6.350290105342865
1.8270000224560496,2.449404063746333
0.0,0.5648768896050751
0.0,0.38445861726999286
0.0,0.3936139106657356
0.0,0.38649125123396516
0.0,0.3681275017652661
0.0,0.2433249558089301
0.0,0.2491124826623127
0.0,0.23680256285704665
0.0,0.3855660473462194
0.0,0.38532456073909993
0.0,0.39770933032035827
1.494000052511692,1.4127848763391375
11.00100026190281,10.459198862612247
18.656999866962437,24.58535399436951
31.45999953985214,38.52340137720108
46.68600082635879,47.68618036031723
52.65400079965592,50.35371398568154
39.21299919128418,47.37955459833145
48.66800145626068,36.85140324592591
40.71300147533417,23.486488099694256
23.86399965643883,12.045257608592511
10.751999825239182,5.862517519295215
6.7819999283552175,2.6097152262926104
0.740999977067113,1.0080049259960648
0.0,0.39347890987992284
0.0,0.3500277363602071
0.0,0.3814276546612382
0.0,0.3931622766330838
0.0,0.3829699018411338
0.0,0.2285671699186787
0.0,0.2346209594653919
0.0,0.23213271991349754
0.0,0.33740135179832575
0.0,0.42351086407899863
0.0,0.43458059153519574
0.721999992467463,1.8789748596400022
13.254000439047816,13.0028510299325
29.576000269651413,29.52387241125107
44.68500091791153,43.93920426487922
55.294999108314514,53.149031623601914
61.85799897432327,56.6906963801384
64.00200080394745,57.10314504265786
60.58800092935562,52.274345918893815
52.5910012459755,44.24271414518356
38.03699930667877,28.219273085594175
27.257999966144563,14.371524138748647
13.608000131845474,5.138076312094927
2.754000112265349,1.9405535111948846
0.0,0.5743957367632537
0.0,0.4265517756342888
0.0,0.42779194391332565
0.0,0.42132432633079586
0.0,0.3906985644437373
0.0,0.29741884639486665
0.0,0.2758121014060453
0.0,0.23933948003686958
0.0,0.3278467205259949
0.0,0.32390616745688017
0.0,0.3254547691252082
1.2839999997615814,1.1737980864569546
5.289999935030937,6.220625934451819
15.754999739527705,15.510386595726013
33.881000580787656,26.510169876813887
26.92799995660782,38.162106988430025
47.262001440525054,45.2822067809105
58.02799911260605,49.784397009611126
61.31899868488312,50.767460761070254
55.34300052881241,46.36406267285348
43.58399991512299,31.65652396917343
29.573999696969988,16.37742123961449
13.594999490380289,6.167181477397682
2.852999961078167,2.189576990902424
0.0129999995976686,0.4593330088816583
0.0,0.3243031946104019
0.0,0.3285236340109259
0.0,0.3228770773112774
0.0,0.3242899721395224
0.0,0.2681763571500778
0.0,0.2542737955413758
0.0,0.23696961690206075
0.0,0.32933006031438705
0.0,0.3817547984886914
0.0,0.38581478705629707
1.979000027626753,1.4275219620019197
6.78399998754263,8.392280187010766
17.069000113606453,20.69737655043602
32.49000075221062,32.64646032452583
38.19200055599213,42.95757008075714
46.20000133514405,50.03428168296814
54.27299813270569,53.432061308622366
50.762001292705534,52.4726018500328
50.91500196933747,47.79630223274231
43.41999814271927,33.71982302546502
29.158999996185305,18.75748653769493
13.649999834299088,7.0161429291963575
2.1909998828172683,2.4975402764230967
0.0,0.5539870615676046
0.0,0.3827477675396949
0.0,0.38923679140396417
0.0,0.38225303210318085
0.0,0.38089569090865555
0.0,0.2668017737893387
0.0,0.25887747799046334
0.0,0.2320507133146748
0.0,0.3480825087055564
0.0,0.3740932591818273
0.0,0.380578431840986
1.5190000221133233,1.2629775547981263
8.885999547243118,7.679498374909162
16.944000265598298,19.079888889789583
27.71499936938286,30.98472283065319
40.28800096511841,39.89841305613518
41.32400184154511,45.30740495920182
29.376000512838363,46.912069647312165
42.24700117111206,44.18592992305756
45.0509989118576,36.95422528743744
30.96300100684166,22.833062857985496
24.938999376297,11.882857424020767
10.39500030040741,4.601679308936
2.4140000635385515,1.6149704487994314
0.0,0.49752220062538977
0.0,0.3763379501271993
0.0,0.3778217392228544
0.0,0.37628619955852627
0.0,0.3738450650591403
0.0,0.23389763895887875
0.0,0.2403451821347698
0.0,0.23748366452753544
0.0,0.34869931129738685
0.0,0.40623899544589226
0.0,0.4153796382155269
2.46500003233552,2.053412691839039
13.063000178337097,13.179745096564293
27.663999143838883,29.91822451770306
41.07400009155273,44.67163774967194
51.039998736381534,54.70368199467659
56.85300156831742,59.019233580827716
59.71499948501587,60.26559652328491
58.21000193119049,56.67076870441437
55.18500047445298,48.574282636642465
43.89200184106827,32.84667472183705
30.31500031590462,17.4053196939826
14.399999949336053,6.680990520715714
3.2319998802244663,2.5403916087001566
0.0259999991953372,0.6054014681745321
0.0,0.40951495888642964
0.0,0.4201322339288891
0.0,0.4139229359291494
0.0,0.4049975273851305
0.0,0.2144588336069137
0.0,0.22744763261638581
0.0,0.22777452772017565
0.0,0.4115192223060876
0.0,0.4452763509284705
0.0,0.4645418600738049
2.5289998723566534,1.545599268823862
13.39300018787384,12.282587866783143
27.74600003004074,28.26000959277153
34.680999608039855,41.73069115519524
47.06000111103058,48.555963224172594
54.07999832630158,49.47327098608017
48.09700021982193,43.52708218455315
42.48000010728836,34.28157520771027
21.995000573396684,23.16387624204159
29.148999186754228,11.648107473254203
4.80100009828806,5.823502500802279
0.3420000116340816,2.4241092202067374
0.0259999991953372,0.9615462661720813
0.0,0.3700195346493274
0.0,0.3253233948908746
0.0,0.3560010196734219
0.0,0.4049591597542167
0.0,0.43579649722203606
0.0,0.30147525655105706
0.0,0.28175373262725767
0.0,0.24380959787871687
0.0,0.3528754778858274
0.0,0.3863025582302362
0.0,0.3913991949334741
0.1840000054147094,1.126477751582861
3.611000056117773,6.146151586771012
19.40700100898743,15.803894126117228
24.76699942111969,25.124354283809662
24.87800039529801,34.19356644153595
32.02900020360947,39.82585840582848
45.250998668670654,43.05757406711578
42.38000022888184,42.26157002329826
52.82600075483322,38.38814910769463
40.444998679161074,25.549312687516213
22.74999903917313,13.707996415793897
11.819999594688417,5.146190031021833
3.5809999385476114,1.7380532310903072
0.0259999991953372,0.5094015637226402
0.0,0.38701634700410065
0.0,0.38804534086957576
0.0,0.38512293410487475
0.0,0.38686202600598335
0.0,0.2848738185409456
0.0,0.2823219458479434
0.0,0.26004494674969464
0.0,0.3967660899553448
0.0,0.4504770824965089
0.0,0.46389513040892777
1.031000022403896,1.1109995656833052
4.559000125527382,6.672090899199247
15.855999904274942,17.151357364654544
30.53200083255768,27.527887285351753
49.06499805688858,33.47791702210903
47.87400003910065,34.377529780268674
32.0930000436306,31.880499788522723
21.579000586271288,25.709287639856342
33.40499984502792,17.449005197286606
24.39999908685684,9.807861487567425
16.478000339269638,5.589316109716893
11.984000340104105,2.440311753600836
2.3399999275803567,0.86422981120646
0.0,0.4409643491264432
0.0,0.3951951352506875
0.0,0.4167430129647255
0.0,0.45295448251068593
0.0,0.4490085217077285
0.0,0.25651758787222206
0.0,0.2633232128899544
0.0,0.2600281619140878
0.0,0.33558554068207735
0.0,0.40924274287186563
0.0,0.4160072241816669
1.2150000117719173,1.844033196605742
9.10599989593029,11.261391022801398
31.668999819755555,26.140782822370532
43.6919979763031,40.18879186749459
51.7189980340004,51.06440407991409
57.93400095224381,56.73020255565643
64.84699833869934,58.17218617796898
63.365999441146855,55.070294127464294
57.58500166416168,48.03718022108078
47.59900140047073,32.92672946572304
31.984999928474423,18.316599036157132
15.545000200271607,7.511584548354149
3.734000101685524,2.7972180792689323
0.0320000002440065,0.6068871507793665
0.0,0.4110779865272344
0.0,0.4198666451964527
0.0,0.41461408282630147
0.0,0.4105027448572218
0.0,0.2349231346463784
0.0,0.23746674329508094
0.0,0.23398892856668674
0.0,0.3555769057106227
0.0,0.42809549910947675
0.0,0.4386154991295189
3.2400001169741155,1.8050419913977382
14.447000056505203,11.79239004850388
29.28400087118149,27.38028753876686
42.70500086069107,41.919161944389344
53.01999879360199,52.091691989898685
59.96899827241898,56.136188571453104
62.64999981880188,56.46948315858841
61.52200135469437,49.860314018726356
55.359999234676366,39.56428866267204
39.79399918317795,24.146283748149877
32.54700064182281,12.493619529008866
15.676999998688698,4.896897287890315
3.598999957740307,1.849682401008904
0.0,0.5621598162595183
0.0,0.43237954758107655
0.0,0.43223429296165705
0.0,0.43532324830070135
0.0,0.42770055802538987
0.0,0.24116736628580834
0.0,0.23967573035974055
0.0,0.23440274055581536
0.0,0.35257189059630034
0.0,0.4312072086520493
0.0,0.44128101446665824
1.3240000281482935,1.7230607463419438
12.64400035917759,10.356547814607621
29.0810002553463,24.76800381541252
42.73500123500824,38.718933736085894
53.12499804973602,48.8013537979126
60.532001326084135,53.65399136781693
52.41700071811676,54.80230776309968
59.92399976491928,50.70623584270477
55.68900101184845,41.915844773054125
46.1689986205101,27.62797651171684
29.06999915957451,15.247808863818648
13.330999893546103,6.133301399052144
2.920999919474125,2.1752113539725544
0.0,0.5839320266712458
0.0,0.4342504951171577
0.0,0.438919455492869
0.0,0.43745911060832443
0.0,0.42296033430844543
0.0,0.30912837134674187
0.0,0.2971736530028284
0.0,0.26248137154616413
0.0,0.3437532727606595
0.0,0.345220164693892
0.0,0.3501560617238283
0.0389999987930059,0.9025754902511836
6.056000010073185,4.856195313185454
15.901999725103378,12.736430308818818
22.867999963760376,21.53981072306633
18.761999123096462,29.237851110100745
38.08000134944916,31.93185021698475
39.9440010547638,32.257614927887914
37.90800139427185,28.05235364019871
31.74699956059456,19.15855411887169
19.038000102043156,10.825141399204732
10.938999967575072,5.6508848123252395
4.489999880790711,2.444064239487052
0.8409999838471413,0.9112190708145499
0.0,0.40679607226513326
0.0,0.3477114932332187
0.0,0.3403846878372132
0.0,0.34558975201100106
0.0,0.3430122046172619
0.0,0.2416841899883002
0.0,0.2465148287685588
0.0,0.23397808100562545
0.0,0.3801683747768402
0.0,0.4567398962005973
0.0,0.4735739790927619
2.419999984353781,1.364348718971014
5.536000026166439,8.940495126545429
22.728000955581667,21.686466667652127
40.262999968528746,33.868000966310504
49.881001665592194,41.109901539087296
51.8859986114502,41.804053018093114
28.35600010991097,37.37727862834931
24.120999302864075,29.653727858662606
32.014000016450886,19.711989752054215
35.31799920320511,11.005206291377544
21.267999855279925,6.177597960233689
8.725999947190285,2.733938799723983
1.45400002412498,0.9833154918998479
0.0,0.40519722841680045
0.0,0.3614811722189188
0.0,0.39049207566305993
0.0,0.44575969321653247
0.0,0.4523902649153023
0.0,0.26021809853613376
0.0,0.257020924333483
0.0,0.23525275768712162
0.0,0.3458476704265922
0.0,0.39960508603602646
0.0,0.40859566017985344
0.840000018440187,1.1747681408375503
6.408999930024147,6.759347396641969
18.10299939036369,17.14883610904217
32.125999222993855,28.839957948923114
31.45299958944321,36.77649884700776
54.72299963951111,40.15100486993789
52.9090019273758,39.0792750799656
43.36599911212921,32.9512149143219
39.89800020694733,23.0847971367836
18.761999123096462,13.16280800998211
19.829000660181045,6.992198446542025
13.354000317454338,3.1815425462275746
2.6869999267160893,1.1671645782142877
0.0,0.4662736025918275
0.0,0.39838672520592805
0.0,0.39600793208926915
0.0,0.40282129161059854
0.0,0.39739101217128336
0.0,0.3994711443316191
0.0,0.38123188506811856
0.0,0.3394980280939489
0.0,0.4149972135480493
0.0,0.4242505843006074
0.0,0.4291398817487061
0.5370000055991113,0.6362085576355457
1.2139999821782113,3.049157370552421
1.9870000076293943,6.994753336012364
3.5780001065135,10.270410220623017
8.094000243246555,12.476173569858073
7.409000254571438,12.667625705301763
24.082000459432603,12.504021890759468
16.506000140905382,12.873582506179812
16.67100014567375,10.501482527256012
7.34499990105629,6.4963278031349185
5.086999832689762,4.29158168554306
1.521999982520938,2.122202660776675
0.3099999953433871,0.6920177509076894
0.0,0.4327806826867163
0.0,0.4234494534041733
0.0,0.4042605832405388
0.0,0.41511849441565574
0.0,0.42233905469067395
0.0,0.2610115350456908
0.0,0.2675218047248199
0.0,0.26456262697465716
0.0,0.3496754152793437
0.0,0.41363796279765663
0.0,0.4204547242168337
4.117999912053347,1.97513617772609
16.421999709010123,12.115119496285915
30.872999883890152,27.967265627980233
45.9969986653328,42.08149178028107
50.69300002098083,52.10424383759499
63.93099895954132,57.37602808594704
67.05800086736679,59.45090540528298
65.20399991750718,57.496284276247025
59.91600158214569,51.67091034650803
50.0530016207695,37.031497920751576
35.09900016784668,20.881452857851983
18.468999438285827,8.17078351676464
5.391000099778175,3.1521985456347466
0.1510000076703727,0.6246013303194196
0.0,0.4153612487111241
0.0,0.42615110588259997
0.0,0.4181774745415896
0.0,0.3967669564764947
0.0,0.24073567828629164
0.0,0.2471934752957895
0.0,0.2441467227460816
0.0,0.36306493218056857
0.0,0.4050574778113514
0.0,0.4145004080887884
4.288000064790249,2.2171978981420395
16.525999705791474,14.680372816324235
32.137000318765644,32.758560175895695
47.34199970006943,47.364646840095524
58.95499958753586,56.59900894284249
64.98000150442124,60.43414785265922
67.71100093603134,61.63960380792618
66.12999805212021,58.3324743616581
59.86500135660172,50.56217817783356
49.76199840068817,34.37875292301178
34.58599910736084,18.281827275454997
15.799000014662743,7.177618824541568
5.075999763906002,2.792895229905844
0.0570000019390136,0.6003063077665866
0.0,0.4091543256212026
0.0,0.419321250366047
0.0,0.41304802236147226
0.0,0.40582789534702896
0.0,0.23371014143340285
0.0,0.2395077616535127
0.0,0.23519572775810954
0.0,0.34168247977271676
0.0,0.3365771939046681
0.0,0.3435498970374465
1.537000041306019,1.5933895790949464
8.432999748885631,11.044714007377625
21.18199987769127,26.764527083039283
43.61800143480301,42.34753508329392
56.70799907445908,52.85124822854996
63.37400173187256,57.48885915279389
65.05099924087524,57.262632175683976
62.76699840307236,51.62417212128639
49.74700026750565,39.81909260869026
30.87199959754944,22.435479847192767
15.484000192284585,10.224830437898635
10.90500050187111,4.420484601557255
3.3209999465942386,1.8266631061956289
0.0,0.47089665339328346
0.0,0.34071417448110874
0.0,0.34386022393591703
0.0,0.34361838430166247
0.0,0.33579726068302984
0.0,0.3426334385946393
0.0,0.33274213176220657
0.0,0.2988502911943942
0.0,0.3883559405617416
0.0,0.394732396909967
0.0,0.4010955184604973
2.6889999859035014,0.7492288791202009
3.5279999105632305,4.095197696834802
5.608999875783921,10.201553240716457
8.296999832093716,16.15674872726202
13.945000091791153,19.79013121724129
29.39999916911125,19.942552672624586
20.95199974656105,20.17598088979721
15.065000373125075,17.546952640116217
24.220000948905945,12.995969183146954
17.592999188899995,7.315028795897961
7.679000028967858,4.271777248382568
4.209000037610531,2.007582644969225
0.1799999993667006,0.741717617046088
0.0,0.42276334516704084
0.0,0.3962942050024867
0.0,0.3805904187168926
0.0,0.3909364244993776
0.0,0.3919845620635897
0.0,0.26195886731613427
0.0,0.25255396768916394
0.0,0.23303088513202966
0.0,0.3242014104686677
0.0,0.3184937158878892
0.0,0.3214793145097792
1.6549999389052392,1.3444190534576774
5.135999999046326,7.957769767642022
13.085999575257302,20.178647977709772
33.163000385761265,33.80538858711719
44.8820018696785,45.88829198241234
48.32400154590607,53.20770139575005
49.67599842309952,55.06196936249734
57.04600137472153,52.84517462134362
55.51299991130829,46.02287260174751
39.09100122928619,30.073597536683085
23.1189999461174,15.44837243705988
16.997000036835672,6.128314858675004
7.240000131428242,2.270006713792682
0.0449999998416751,0.4654307503066957
0.0,0.32028446207754313
0.0,0.32438169500790537
0.0,0.3205002579372376
0.0,0.31843403825536365
0.0,0.3724623540509492
0.0,0.3701887148804962
0.0,0.3468820238858461
0.0,0.4660980678722263
0.0,0.48037881782278424
0.0,0.49092885724268853
0.6860000182688236,0.6641983140446246
1.6899999476969243,2.88343731880188
5.414000010192394,7.782363549917936
22.87100082278252,11.201207983791829
22.418000510931016,12.451492993533613
7.346000187397004,10.741752025187015
8.913000089526177,9.829867530316115
7.622000139355659,8.910069579184057
6.777999809980392,7.097370236665011
5.658999814987183,4.869441661536694
4.686000032722951,3.201409501284361
2.4879999427497386,1.6272435334324837
0.7940000050514937,0.592426549550146
0.0,0.46367261098697776
0.0,0.4588358664419502
0.0,0.4523143640812486
0.0,0.47192198861390355
0.0,0.4770584050565958
0.0,0.3263415091019124
0.0,0.3079927472397685
0.0,0.2686352603323757
0.0,0.3785543828550726
0.0,0.4415164193790406
0.0,0.44666081102564936
1.9499999396502967,0.9489262521453202
8.89500007033348,4.449373132959009
14.272000269293786,11.73519965261221
17.82800075173378,18.072087050676345
29.900000615119936,24.631096041202547
28.852000410556798,27.529507872462272
27.91400089383125,30.654840924739837
29.435999207496643,31.448932716846468
37.91700191736221,29.311595012545588
46.969001755714416,19.572415403425694
23.115000854730607,11.151063752770424
9.40999964952469,4.420407577455044
1.628000038489699,1.4581768486276268
0.0,0.5366149171814323
0.0,0.43948892035521564
0.0,0.4354841003008187
0.0,0.43546307913959026
0.0,0.394530288875103
0.0,0.32622879716567693
0.0,0.29057914623524994
0.0,0.2514551787544042
0.0,0.32454047698527566
0.0,0.3784247256163507
0.0,0.37749024674296383
0.1710000058170408,1.0832072798162697
4.580999749600887,4.870915004238487
13.807999888658523,12.192369022369386
29.15799970984459,20.092086237668994
32.04899976849556,31.042107840776445
36.17099902868271,40.4624739074707
45.601998529434205,47.64470647573471
48.22000052213669,51.800875681638715
57.365000288486485,50.08807942390442
48.0450017619133,38.076170684099196
35.05200108766556,23.193163886666298
17.70400016307831,9.616204724758864
6.379999842047692,3.2400673846900463
0.0259999991953372,0.5549733551964163
0.0,0.3758629521168768
0.0,0.37999417193233964
0.0,0.37296153442002833
0.0,0.377992235282436
0.0,0.21936573427170508
0.0,0.22589813233353198
0.0,0.21933883199933915
0.0,0.39675171212293203
0.0,0.5870652869157493
0.0,0.6123295454680919
3.30900010496378,1.8436927500739695
16.70899972975254,12.827982697188855
32.10800023078919,27.873004558682442
45.93300087928772,39.92038649201393
56.547998447418216,48.03447513461113
62.5120013833046,49.877969996929174
26.566999286413196,45.99342885494232
27.667000002861023,38.29695462465287
21.682999556064605,28.904256642460822
28.80699984908104,16.69796577036381
33.15199928998947,10.175609469115734
19.958000626564026,4.075566692277789
6.329999902844429,1.349691930934787
0.1150000013783574,0.5394145507365465
0.0,0.4514176270179451
0.0,0.45347161912359296
0.0,0.46920716180466115
0.0,0.47450500792823735
0.0,0.3116503490600735
0.0,0.2756995178433135
0.0,0.23619765086099498
0.0,0.30843773794360463
0.0,0.3143681765999645
0.0,0.3142145456094295
1.0860000453889371,1.059458727221936
4.548000056743622,4.431167972907424
12.816000314354897,11.472569544315338
27.65199981570244,20.173561305999755
29.990999970436096,31.633664242625237
31.5459995174408,42.18770082831384
44.91199813604355,48.80006595492363
48.527998340129855,52.211547654867175
35.17399904966354,50.22991263270379
43.14200069904327,37.62278011679649
34.05499905467033,22.18710484623909
18.383999747037887,9.508205893337726
7.1009998691082,3.3438432413339614
0.1600000012200325,0.4599969726894051
0.0,0.3135266882833093
0.0,0.31601411747746166
0.0,0.31066071772016585
0.0,0.314215155383572
0.0,0.24214493853971358
0.0,0.23617653341963885
0.0,0.22275183415506028
0.0,0.34553533769212663
0.0,0.46362347602844245
0.0,0.47606922302395105
4.381999765634537,1.7191681407764556
17.17000027835369,10.446152006685736
30.65300056219101,24.587124521732328
41.257999374866486,38.698050961494445
47.63299881219864,48.51805298805237
48.22299932718277,52.454709664583206
58.4480002450943,53.47124090194702
46.4659994506836,47.355385462045675
30.90699934959412,37.700492300987236
29.676000148057938,24.527880663275724
37.88300039768219,14.237379989326
20.05100055456161,5.667824466377497
6.074999802112579,1.8543646961823106
0.0939999977080151,0.6216076602134853
0.0,0.46658041526563465
0.0,0.46300051150843496
0.0,0.4693917468562723
0.0,0.46201108877547087
0.0,0.26690873298794027
0.0,0.2631126161571592
0.0,0.23838538408745075
0.0,0.34690145642496645
0.0,0.3481751462351531
0.0,0.35542579405009744
0.2839999961480498,1.02801517797634
2.7270000834763053,6.311700773388147
10.43599971652031,16.567634314000607
21.735000067949297,27.536594089865684
32.15399902462959,35.51716915369034
50.925998957157134,38.50299717903138
49.67599842309952,37.77643190383911
37.45199816942215,31.35083379328251
30.01400039434433,21.958558930158617
27.2649999165535,11.588893397450448
14.37499997973442,5.877099722325802
6.914000240266323,2.3920275262743234
2.1909998828172683,0.9469713162444533
0.0320000002440065,0.4156466871965676
0.0,0.35171977937221527
0.0,0.3459559855703265
0.0,0.3511610016040504
0.0,0.3460243123676628
0.0,0.27185521280858665
0.0,0.26770065308548513
0.0,0.2411743064783513
0.0,0.36323093516752125
0.0,0.4027782062534243
0.0,0.4100822734925896
0.7830000004544855,1.104747711867094
5.079000109434128,6.205142806172372
13.26400022149086,16.277486574947833
30.374000778198244,26.35031302809715
44.20800194978714,32.805409315824505
35.71999928951264,36.941297562122344
36.41400082826615,39.56938663125038
43.03900201559067,36.310404437780385
46.82899863958359,29.7521451485157
34.46799818277359,17.833579864203934
14.236000230908394,9.497083869725467
5.47999990940094,3.90472325399518
1.1359999845921993,1.363763977661729
0.0,0.45582424009218814
0.0,0.38307418926618986
0.0,0.393929581111297
0.0,0.40305151344276957
0.0,0.39970255361869933
0.0,0.262769963205792
0.0,0.2646969698462635
0.0,0.2612181201064959
0.0,0.32783317712135607
0.0,0.4082316731568426
0.0,0.4120272925402969
1.7809999448806049,1.6383552871644498
9.387000252604484,9.0789459502697
24.6490005505085,21.35374924778938
31.344999474287032,34.01798537909985
28.693000069856645,45.86053044199944
41.98500009298325,53.12934426307679
40.95300036191941,56.73498831987381
53.26799997091293,55.64899366617203
54.753998246192936,50.687269427776336
47.33400151729584,37.19378565013409
34.11600008964539,22.099392879605293
18.799999734163286,9.032816728949546
6.094999880492687,3.2639734836667778
0.2579999969527125,0.617302622674033
0.0,0.4072575589641928
0.0,0.41729798766784365
0.0,0.41058188712224364
0.0,0.3978846243396401
0.0,0.2653904836298898
0.0,0.2723415798973292
0.0,0.26864691022783516
0.0,0.32829459963366386
0.0,0.40215198425576093
0.0,0.40853198692202564
3.076999914646149,2.135047200061381
14.040999851822852,12.48070566803217
29.368000276088715,28.401875665187838
43.16700169563293,43.350888010263446
53.0120006108284,54.08298686146736
57.98300060510636,59.502254806756966
53.70700038194656,61.36646196365356
46.61600132226944,58.63744051098824
56.72399954795838,51.69546357631684
46.40200166463852,36.97433474004269
32.555000878572464,21.293798821568487
18.74299984455109,8.787497530877591
5.382000090181828,3.384099246487022
0.1830000079143792,0.6361188566498459
0.0,0.4038512322306632
0.0,0.41414534302428363
0.0,0.40794868981465693
0.0,0.4028598678484559
0.0,0.23562299489509309
0.0,0.2435333621688187
0.0,0.2378278579609468
0.0,0.34362526833079754
0.0,0.3404470613133162
0.0129999995976686,0.34690992907620966
3.0980000226199627,1.5301100428029897
9.645000185370446,11.097495543658733
21.015999586582183,26.359442951679235
41.513000502586365,42.392566454410556
46.59199855804444,53.102780190706255
49.92600017309189,57.360785529613494
58.46699952363968,56.215389888286595
58.54700189113617,47.653275663852696
48.60300132989884,29.3645927298069
16.83300031840801,14.466097412407398
4.747999813556671,6.893958055377007
2.662999986708164,3.113020749539137
0.1530000026710331,1.3147851854935289
0.0,0.4016374953463674
0.0,0.3437510422710329
0.0,0.34331731634214513
0.0,0.3468829866871238
0.0,0.33787737679667773
0.0,0.2308502365183085
0.0,0.23763852308969946
0.0,0.22770151528995486
0.0,0.3802745557110757
0.0,0.4623955995123833
0.0439999983296729,0.4801251357328147
4.989999786317348,1.6612190574780106
14.541000270843506,10.989075903892518
30.888000071048737,25.757076473832132
36.44000005722046,39.43393307209015
44.5270008635521,48.27636162519455
45.64900171756744,50.20304046392441
44.27400030851364,47.17651495695114
44.71000191450119,37.048108425140384
25.63900057911873,25.43003727078438
25.98799986720085,13.342469809353354
13.404999516010284,7.445668862164021
5.9119998565316205,3.4033579678833483
0.7129999828711152,1.3315397891402245
0.0,0.4362023340072483
0.0,0.3782373163476586
0.0,0.4076317356340587
0.0,0.4629329228587449
0.0,0.4605774455796927
0.0,0.35448975864797827
0.0,0.3214850592240691
0.0,0.2682653199881315
0.0,0.3529178892821073
0.0,0.3740539287496357
0.0,0.37343436612747605
1.4349999753385785,0.8499958213046193
4.311999748051167,3.112781204581261
6.456000037193299,8.143149322867394
9.53400023818016,13.795198482871056
19.8210004234314,20.364205201864245
28.89299982666969,24.739051995873453
26.759999092817303,30.967215765714645
24.382000094652177,36.155848901271824
42.96899840354919,34.11453560471535
34.70400003194809,22.986042994856838
19.6130004298687,12.920862467586993
12.97300008237362,5.369080837517977
4.171999969631433,1.8700314627587797
0.0,0.48093828559853136
0.0,0.3721846821624786
0.0,0.3692810500226915
0.0,0.36763945779763163
0.0,0.37352464479394254
0.0,0.26656827843282366
0.0,0.2540242615202442
0.0,0.25064814267680047
0.0,0.3123545258678496
0.0,0.3779092578589916
0.0,0.3802298817317933
0.9559999852254988,1.4706517364084721
7.245999795496464,7.630765225440264
17.188000297546388,18.221919469237328
31.381999799013137,30.68413267731667
45.97099943637848,42.93354472279549
38.44300053834915,51.45012229800224
50.04099818468094,55.624327467679976
61.97300109386444,55.34639369726182
56.31200070619583,50.954900454282765
47.63400115251541,38.39482863783837
34.8759999871254,23.557443729639054
19.73700101852417,9.88797964796424
6.5390001827478414,3.422988587319851
0.4149999896250665,0.5744954187888652
0.0,0.37737655595876274
0.0,0.3832919749151915
0.0,0.3776773190312087
0.0,0.37889317657798527
0.0,0.23673991658724844
0.0,0.24415490655694155
0.0,0.2395990432379767
0.0,0.34217586728744204
0.0,0.33710604459978644
0.0320000002440065,0.3439388366602361
4.787999970316887,1.7103400233015418
15.563000219464302,12.333784247040748
28.646999222040176,28.524948883652684
42.25200054883957,44.48157512903214
51.43499887228012,55.006795457601555
56.19899915933609,59.51606368780136
60.59500087976456,60.488993121385576
58.815998811721805,54.836851532459264
50.24600142717362,43.97927733778954
41.87300088644028,25.854035440683365
20.245000647306444,12.259859594702721
7.495000232160091,5.300223344117404
1.4339999457448722,2.1964399667829273
0.0,0.4874232977908105
0.0,0.34088123654946684
0.0,0.3448723206389695
0.0,0.34379977606236933
0.0,0.3361345460172742
0.0,0.39754587875679137
0.0,0.3663343004323542
0.0,0.31673567284829907
0.0,0.4252148779202253
0.0,0.49443632625043393
0.0,0.49872506035491826
0.2220000067073851,0.8130470706336201
3.588999918550253,3.3241015788167716
5.004000200629235,7.9789082622528085
17.489000219106675,12.175254780352116
26.467999694347384,16.066734766960145
33.00899942278862,18.01316104501486
9.829999755024913,19.37174142897129
26.070998985767364,21.164727993011475
21.95599967598915,20.564720506668092
22.96200017809868,15.063518429398538
18.25299920797348,9.564043489247561
13.067999556064606,4.2486873481422665
2.261999929994345,1.512194750122726
0.1009999962570145,0.5587446157075464
0.0,0.4901919612381607
0.0,0.47357001556083556
0.0,0.482163081150502
0.0,0.4734870541840792
0.0,0.335284954123199
0.0,0.31459708260372277
0.0,0.27227517870254814
0.0,0.3639391076005995
0.0,0.37036917593330143
0.0,0.3716424485296011
0.1020000017806887,0.8985090990550817
1.5630000405013562,3.737561567798257
6.003000238835812,9.975604063868523
19.372999489307404,17.13180608004332
19.27399989724159,23.385780626535414
27.75999993085861,27.130802363753318
31.32800076842308,31.132700508832933
31.76400032043457,31.625352828502656
39.486001365184784,27.15765810072422
30.852000032663344,16.18817661494017
16.850000051259993,8.583280961215497
7.023000128269196,3.8081296381354335
0.9440000152215362,1.3985580753535032
0.0259999991953372,0.4548420383688062
0.0,0.3703100759815424
0.0,0.3658063643984496
0.0,0.3671334736328572
0.0,0.3683734814450145
0.0,0.44849672864191237
0.0,0.3961492552701384
0.0,0.31898894877173
0.0,0.38675003617070614
0.0,0.4541402685642243
0.0,0.4532187554147094
0.0259999991953372,0.6405400080233812
0.7389999820664526,2.0048708188906312
3.316000055372715,4.9548372566699985
6.46999993801117,7.168630625307561
6.379999842047692,9.634045817553996
8.332999870479107,11.719248474538325
19.507999119758605,14.488741471469403
22.649000928401943,17.756216342449193
36.7040017080307,19.048835852742194
23.416000776290893,13.73850104123354
28.440999801158902,8.7732113571465
15.674000166654588,4.204859221875668
7.412000086605549,1.4447273492068051
1.8020000528544189,0.5028409074433148
0.0,0.44998111146502195
0.0,0.4303102148417383
0.0,0.43801726255565876
0.0,0.45243275654502213
0.0,0.23934288193471726
0.0,0.24591236389242116
0.0,0.242668036497198
0.0,0.31710612668655813
0.0,0.3986191935744136
0.0439999983296729,0.4068143975827843
4.643000043928623,2.3168785116448998
16.191000318527223,13.857216235995292
31.08300045013428,31.387858765721322
45.39699939489365,46.5119386792183
56.65400004386902,56.5364181303978
63.358001258373264,61.26356392502785
65.50500189304351,62.713697724342346
63.64200042009354,60.47439962148667
59.06100118398667,54.16692875504494
50.05499808549881,39.90534933328628
36.981999151706695,22.885364277362825
21.538999402523043,9.016718178093434
7.83200019210577,3.251171050891281
0.7519999816641212,0.6570257173199207
0.0,0.4012452821992338
0.0,0.41309415658935905
0.0,0.4052147834934294
0.0,0.3992168685141951
0.0,0.21647948871832334
0.0,0.2223856808291748
0.0,0.2197210239898413
0.0,0.32435823475010694
0.0,0.36101500791031865
0.0380000012926757,0.36927517693489786
4.726999962329865,2.247698479816318
16.526999992132186,15.614259245991708
32.24899952530861,34.73865060806275
47.65300043106079,49.570241249799736
58.88400185108185,58.74657031297683
65.40699847936631,62.44046961307526
66.20300046920777,63.20639112353325
61.933001964092256,60.398755791187284
59.640998835563664,53.54272132277489
45.4490019607544,37.59347604036331
34.08700000166893,19.51820121884346
19.172999732494358,6.925246272683143
5.739000128507614,2.6033484140038494
0.3970000025257468,0.5838509748503565
0.0,0.36401475971098984
0.0,0.37600928988773374
0.0,0.36891934965271506
0.0,0.36262333535123614
0.0,0.23981572166550902
0.0,0.246381063577719
0.0,0.24304592797532676
0.0,0.3300166980922222
0.0,0.39494101990014313
0.0320000002440065,0.4027045198623091
4.613000183105469,2.2664768275618554
16.13799952030182,14.03108171492815
31.08599925518036,31.326399694085122
43.300998985767365,46.337061103582386
54.44100105047226,56.266416815519335
63.884998111724855,60.92466609120369
66.56800023078918,62.4813067650795
65.08099961519241,60.16656817555428
59.796000084877015,53.74695432424546
50.713001639842986,39.12419348239899
37.048001618385314,21.970222433209422
21.26400076389313,8.419138748198748
7.28599995225668,3.1556887644529343
0.6170000302791595,0.6438847636152059
0.0,0.3971940551232547
0.0,0.40924412288703027
0.0,0.40192996228113775
0.0,0.3964919804316014
0.0,0.27279164135456085
0.0,0.26642833526711907
0.0,0.23906230559572572
0.0,0.36236536077223713
0.0,0.4062992507591843
0.0,0.41541701095178724
2.190000109970569,1.1560912723466754
9.233999575972556,6.696262089461088
15.780999995470047,17.85750714480877
20.543999996185303,29.5786961132288
40.618999207019804,37.4102202963829
44.831999876499175,40.91064326763154
48.15299982309342,39.90014866590501
40.51899932861328,33.854385159015656
34.906998593807224,23.662296126484875
21.800000194311146,13.181293794512749
11.80699998021126,7.274912589490414
10.395999559760094,3.1912608055770395
5.73500001013279,1.133973865583539
0.2820000011473894,0.46924418151378633
0.0,0.40728347436524925
0.0,0.39965881034731865
0.0,0.40884165590628974
0.0,0.40448586269281805
0.0,0.26289187791757285
0.0,0.2702532879961654
0.0,0.26601462758146227
0.0,0.3359357436001301
0.0,0.36301342231221495
0.0,0.3673275904171169
2.3309999179840086,1.8246687596291304
12.674999992847445,10.890309438109398
26.55399967193604,24.445875669121744
42.651001830101016,39.58360014557839
49.826000294685365,52.580955249071124
59.08799864530563,58.14902965188027
64.02899826526642,60.67621714711189
63.953001151084905,58.35959506154061
58.50300161600113,51.75155355453491
49.25299848556519,37.14284190893174
35.805001034736634,21.374055882096293
19.057999666929245,9.222301925569774
1.77799998447299,3.4972794892638923
0.0,0.5685098276659847
0.0,0.36405106534250076
0.0,0.37249662977643305
0.0,0.36737488000653684
0.0,0.3640409880224615
0.0,0.23299864733591674
0.0,0.24319590032100674
0.0,0.2352257270412519
0.0,0.3971282637026161
0.0,0.43701137592084704
0.0,0.4538796382583678
1.8140000228583808,1.6868944642692805
6.729000157117844,12.830444900989532
28.38999957561493,28.38808835089207
42.12099795579911,43.993088272809985
52.93599938869477,52.949995181560524
59.603000278472905,53.18319746136665
59.802001802921296,48.99772417902947
24.537999576330183,32.68886774122715
11.116999586820604,16.297023481726647
7.192000251412392,7.973829549700023
4.137999990433455,4.347658056169749
0.8079999700561166,2.12756771042943
0.0,0.8943026202730835
0.0,0.37549453620798884
0.0,0.3453850765060633
0.0,0.39436335518024856
0.0,0.45106330010108653
0.0,0.4335719930101186
0.0,0.393984605204314
0.0,0.372177188359201
0.0,0.3260047372616827
0.0,0.4144436028134078
0.0,0.4238174039591104
0.0,0.4274236563779414
0.0,0.6434932725690305
0.447000005915761,2.8076545883715154
1.7219999960809946,6.635631540417672
3.5829999977350235,10.279669544696809
11.006999925971032,13.351545816063883
13.749999712705613,13.482093453407288
18.625999206304552,14.024887436628342
22.063999791145324,13.53242048829794
15.839000171422958,10.930803576111792
14.035000187754632,6.307231834977865
10.546999663710594,4.181315392926336
5.750999970138073,2.121326896734536
0.6589999894797802,0.7588304148614406
0.0,0.4348409490473568
0.0,0.4237294681090862
0.0,0.40187347793951633
0.0,0.41494138712063433
0.0,0.4203434243891388
0.0,0.3454188387375325
0.0,0.32185968520119784
0.0,0.276324472152628
0.0,0.3697979619819671
0.0,0.4179612935613841
0.0,0.42121832191012804
0.0449999998416751,0.784186909776181
1.2919999797642232,3.3316902501136063
3.315000025779009,8.431603558659553
9.398999580740927,13.870450517237188
26.434000228643416,18.895541457533835
50.23799913644791,20.828357576727868
45.70700189352036,23.22389034152031
37.11399997711182,23.143892081975938
27.26899900794029,19.343172675967214
31.20600075244904,11.951662541031837
23.450000241994857,7.309214759916067
13.767999731898309,3.451316511631012
4.380999992787838,1.2640187922865151
0.4340000063180924,0.4758939450513572
0.0,0.4170157745666802
0.0,0.40327465868555
0.0,0.41123893480747936
0.0,0.4161753774248063
0.0,0.2661547873774543
0.0,0.27348996112123125
0.0,0.26924681565724307
0.0,0.327868287274614
0.0,0.4110124197602272
0.0380000012926757,0.4176370060443878
4.371000210344792,2.279446659386158
15.650999742746354,12.519707592427732
30.570999675989157,28.73192702412605
45.43699852466583,43.74552048444748
56.43099986314774,54.56903975605965
63.002002019882205,60.06167161822319
65.49999840736389,62.238424096107494
64.28100058794021,60.50469371438027
59.26300151348114,55.09823641777039
50.81800089597702,41.66540141820908
37.97399975299835,25.149186854362483
22.92399956703186,10.393516045957803
8.913000089526177,3.9256542970240114
1.0779999370127915,0.6912562713772059
0.0,0.412478814246133
0.0,0.42437295634299516
0.0,0.41690038283355535
0.0,0.4128240587376058
0.0,0.264414371624589
0.0,0.27177855778019877
0.0,0.26752425184473394
0.0,0.3354925340786576
0.0,0.4158207295741886
0.0320000002440065,0.4224906798452139
4.649999994337559,2.3003019620478153
15.690999899506568,12.518774060308935
30.367000827789308,28.76861411750317
44.25599926233292,43.85656048417091
55.94500037193298,54.5947021329403
62.95400059938431,60.160864284038546
65.94799934148789,62.33452142000199
64.75099960565568,60.60522968053818
60.25600034713745,55.15271813273429
51.46099810123444,41.560650693178175
38.69600109338761,25.098976382613184
23.416000776290893,10.398086656183004
9.146000052690509,3.9341373465210197
1.1120000445842744,0.6989085517451167
0.0,0.4171765302866697
0.0,0.4291627964191139
0.0,0.4217957138363272
0.0,0.417596985604614
0.0,0.24340514110866932
0.0,0.24033796112518754
0.0,0.23402328452561044
0.0,0.3601853058859706
0.0,0.39396424195729196
0.024999999689171,0.4013056658860296
4.274999936819077,1.7319655027985574
15.23300020992756,10.63353059411049
29.809999492168423,25.107109100818633
44.19099913597107,39.475421334505086
54.8979983997345,51.10500913262368
48.68400192975998,56.237991840839385
46.89300053358078,58.21941735744477
53.346999998092656,53.893320658206946
55.5710000872612,45.03739542841912
37.72200153827667,29.757759692072867
34.07799947857857,16.065486976504328
19.118000415563586,6.5862259705364705
3.361999876201153,2.4279221700131894
0.2160000056587159,0.5694971964228899
0.0,0.39654485426843167
0.0,0.3997441626805812
0.0,0.39928001223132015
0.0,0.39406549655832346
0.0,0.3630805616546422
0.0,0.36702121100388463
0.0,0.35339583988301454
0.0,0.5193505744449793
0.0,0.5352901507634669
0.0,0.5523211104702205
0.7620000208541751,0.806245778221637
6.752999840378761,3.9105343373864896
21.115999464988708,10.640770346224308
34.9419983458519,15.752813795506954
39.95899918794632,18.25110236108303
30.15100059747696,15.753113162517547
19.061000525951385,12.158655572831632
5.800999909341336,9.443185227215288
5.752000256478786,6.761731035858393
6.686000168323517,4.747603909671307
3.473000080138445,3.387883954122663
3.2660001161694527,1.7183148420974614
1.13999997459352,0.6398528567515314
0.0510000008903443,0.45833639723248776
0.0,0.4536710634082555
0.0,0.5023260494600982
0.0,0.5294864969886839
0.0,0.5301847846619785
0.0,0.25340550925582644
0.0,0.26119067224673925
0.0,0.25599289326928554
0.0,0.363249372811988
0.0,0.4039024693053216
0.0,0.4123183473665267
3.874999909698963,2.0064576437696813
14.553999885320664,12.314775725603104
28.960000525712967,29.157586860656735
42.59499811887741,44.47386450290681
53.0810018825531,54.62896245360375
58.68900147199631,59.35475262403489
60.97499877452851,60.20328915953637
55.99800117015839,54.84162086486816
32.87399979233742,44.54793498754502
44.631001887321474,28.304270722866057
20.560000469684603,15.145333944261072
15.487000024318696,6.639927688091994
6.295000150799751,2.5416843298822642
0.5080000139027834,0.5845208438392728
0.0,0.4073586691450327
0.0,0.41247472234070304
0.0,0.412113238601014
0.0,0.402766508217901
0.0,0.3704891409724951
0.0,0.3236530309543013
0.0,0.25547939123120156
0.0,0.3191816534474492
0.0,0.3760419208277017
0.0,0.37458751321770245
0.112999998354353,0.7645798468776047
2.028999966830016,2.684680410064757
7.7769998481869695,6.9836616085469725
12.408999823331833,11.648486945331097
16.434000064134597,17.94849109530449
31.614000502824783,24.885005480647088
43.54699959039688,29.341506038904193
41.93899924516678,32.76928090393543
34.174000265598295,31.527935824990273
29.411000264883043,21.904629734754565
28.626999657154084,13.358856430351734
14.559999549388886,6.000896453857422
9.38000030219555,2.014188745468855
0.8519999884441495,0.469221058236435
0.0,0.3738241241313517
0.0,0.36467252147383983
0.0,0.366610688585788
0.0,0.3744887779466808
0.0,0.2917263640742749
0.0,0.2600751466164365
0.0,0.24677027599420395
0.0,0.30321836012415593
0.0,0.32383875532075757
0.0,0.3241021135635674
2.24900005877018,1.2351674892008306
9.50900026857853,5.832885063439608
20.378999991416933,14.319865613877774
31.09399949193001,24.755541315674783
42.32900000333786,37.953519557714465
49.744001462459565,49.374622623920445
62.73199865102768,55.407298195362095
61.52299958705903,56.53426350951195
58.04100078105927,53.749534118175504
50.79500047206879,41.89240890622139
37.69700054168701,26.239909760951996
22.89599976539612,11.537036663889886
9.190999587178233,4.025386645048857
1.1139999753981829,0.5035669237934053
0.0,0.323170250300318
0.0,0.3279373040795326
0.0,0.3220908858813345
0.0,0.3240085613727569
0.0,0.25957505158614363
0.0,0.2673949235631152
0.0,0.2626530871540308
0.0,0.3395336838345975
0.0,0.3575243638549
0.0,0.3605330055207014
3.5369999201595785,1.7085698810592296
14.269000437259674,9.240969743728638
23.883000988960266,22.322685751914978
30.41999957203865,36.61943129777909
53.40000079631805,49.87227637529373
61.06299932479858,56.61426998496056
64.01199955940247,59.97397300243378
64.14800153017045,58.58257059454918
59.34500034570694,53.19443681836128
49.78999820232392,39.28995756626129
35.87200173377991,22.907901529669765
20.781000077724457,10.108774371892213
6.793999769985676,3.7995427344739436
0.8310000088438392,0.5746941088791937
0.0,0.3583950410969555
0.0,0.3656762899458408
0.0,0.3602849237248301
0.0,0.3582879294548183
0.0,0.3646372829470783
0.0,0.32489876743406054
0.0,0.26581080255098644
0.0,0.3438482049666345
0.0,0.39750999836251133
0.0,0.39639831591397523
0.8770000222325325,0.7898595744371415
10.632000381946565,2.697882405370474
19.82399922847748,7.186504068225622
20.091999970674514,11.495449810624123
8.615,17.481215649843215
10.496999724507331,23.944544273614884
14.846999570131302,28.61456180512905
19.90100073695183,33.76898596942425
46.52500196695328,33.24976752340794
27.09299996137619,22.005170835852624
15.541000081896785,12.051363565921783
16.62299975216389,5.102980023175478
8.35700006723404,1.9272018965706228
0.447000005915761,0.4963218120858074
0.0,0.39385234840214256
0.0,0.38801859104074543
0.0,0.38744166446849704
0.0,0.3702313669770956
0.0,0.3750852333381772
0.0,0.3358570827357471
0.0,0.27986630514264105
0.0,0.37288991805166005
0.0,0.4586746132746339
0.0,0.46153698937967425
0.3820000079274178,0.8236972574330866
2.476999873965979,3.2406206744909287
7.0930001458525656,8.306499214619398
10.086000142097474,12.97795067816973
22.428999552726747,18.056310460567474
28.342000209093094,22.044813600778582
25.2249991106987,24.132314656972888
29.199999412298205,26.42421919465065
31.754999797344208,24.55740862309933
29.88400014162064,17.456532506048678
29.43799978017807,11.16153030127287
12.461999594569209,4.969157962873578
4.790999802350998,1.7988070186972618
0.2149999921116978,0.5387734855525196
0.0,0.45544109332375227
0.0,0.44146978770382705
0.0,0.4478167983796447
0.0,0.4414104630984366
0.0,0.4146150456275791
0.0,0.3514732059650123
0.0,0.27194857243914156
0.0,0.33692948289215563
0.0,0.4147663658950478
0.0,0.410019771642983
0.3749999933317304,0.8266590909101069
2.2860001267492773,2.669342793151736
7.516999856233597,6.888602056056261
14.046000256538392,10.576244688332082
22.82700054764748,16.867337663173675
26.670000023841855,25.633490788340566
22.331000247001647,36.43225862145424
43.93799858093262,46.49166593551636
57.67899982452393,49.35289155721665
48.41700147390366,40.74896865010262
36.349000701904295,28.192850737571717
22.9840003156662,13.24805058389902
9.539999902248384,4.865494304671884
0.9350000056251884,0.5904526304174215
0.0,0.4082513143029064
0.0,0.40917350141331554
0.0,0.402513821022585
0.0,0.3966255049221218
0.0,0.2865440541040152
0.0,0.29461853085551404
0.0,0.2892174724349752
0.0,0.34259548817761243
0.0,0.39551584435626863
0.0129999995976686,0.4002574480883777
3.334000074565411,2.0981499592587354
13.354000317454338,11.175765895843506
27.317000428438188,26.857988128662107
41.16000006914139,41.97115629434586
51.77800055027008,53.91128062486649
58.44899847745896,59.298479841947554
62.796998777389526,61.69305853486061
62.40300098180771,59.443291316032415
58.40399996995926,52.97761088967324
49.72199927091599,38.32574931502342
35.512999582290654,22.627597470879557
17.440000566244127,10.395522267073392
4.0329999640584,4.058933850899338
0.5430000226944686,0.648667141981423
0.0,0.39686065308749674
0.0,0.40676909778267145
0.0,0.4007626459654421
0.0,0.39594937772490085
0.0,0.2543725227890536
0.0,0.2620196120534091
0.0,0.25729393465910105
0.0,0.33502735664136707
0.0,0.3326746233459562
0.0129999995976686,0.3359495918918401
3.680000044107437,1.6598299277946353
5.621000230908394,9.66392089933157
25.78300073266029,23.21461150467396
40.02399931430817,38.29700597405434
51.83800129890442,51.55533927559853
59.05299889326096,57.49032774567604
60.26900201559067,60.31029720425607
59.22699942111969,58.0251338160038
56.29899903774262,51.209435329437255
48.5270001077652,35.596767914891245
32.63900028347969,19.113214651346205
12.465999712944033,8.418038587272168
3.406999924182892,3.3415309777855873
0.28499999364838,0.5224709973391145
0.0,0.33459860518574713
0.0,0.34035610868595534
0.0,0.33614921269007025
0.0,0.33246219729073345
0.0,0.42885837470181287
0.0,0.4209371999837458
0.0,0.39163089306093757
0.0,0.45017408893443644
0.0,0.4649970725178718
0.0,0.4718196588847786
1.954999959245324,0.5808055060356856
12.469999831318855,2.2385164365917447
13.308999755978585,5.684997246712446
10.168000001311302,8.06190455660224
9.015999799966812,9.29188344553113
9.344999523162842,8.343499539345503
6.220000241994858,7.601881443858147
9.2760003054142,7.474100512266158
5.536000026166439,6.476661239117384
1.2370000209659338,4.537509759142996
0.2890000157430768,3.1116981173306706
0.1140000038780272,1.701557285860181
0.0,0.6018498707748949
0.0,0.44392926356755197
0.0,0.4638836730737239
0.0,0.4347378490772098
0.0,0.4537318964023143
0.0,0.46103463176637893
0.0,0.41018356018699703
0.0,0.36445205602794883
0.0,0.30264729059301315
0.0,0.3870788649003952
0.0,0.4784353392571211
0.0,0.4815460057649762
0.0,0.7211391197517514
1.5540000309050084,2.5069655874371533
7.278000229001045,6.391418151706457
14.046999515891075,9.444702088534832
21.09900075912476,12.648192010819912
28.33999963641167,15.202297375798228
32.07099990606308,17.096972186565395
35.0270000910759,20.009168251156805
18.47300058364868,18.729042050242423
23.38500011563301,13.498788170814514
24.67700035214424,9.116208670437336
15.5649997651577,4.359768684133887
6.333000248372555,1.4444175197556617
0.8039999800547958,0.5286287373304367
0.0,0.4745832676254213
0.0,0.45532339086756113
0.0,0.4651111965626479
0.0,0.46737297723069793
0.0,0.28759637985378506
0.0,0.2614293105667457
0.0,0.2527738875476643
0.0,0.32058780866675074
0.0,0.40156406570225955
0.0,0.40288868770003317
3.4429999625682832,1.424541193433106
13.881999511122704,6.975575361549855
21.48099922657013,16.9064741230011
39.82600013017655,27.739369795322418
47.876998844146726,40.09441577553749
41.661001801490784,50.792089987993236
58.86199965953827,55.139856134653094
62.47599929094315,56.82914258241654
59.69899901151657,54.69713597297668
52.09400065898895,43.505638674497604
35.213998179435734,27.746218778491027
24.16200077295304,11.982683227956297
9.908999782204628,4.1180771929025655
1.5569999913126231,0.6242654731404036
0.0,0.3995558066572994
0.0,0.40650427929125726
0.0,0.39899000043980776
0.0,0.4020053014811128
0.0,0.2166838513128459
0.0,0.22371485206298525
0.0,0.21590823465026915
0.0,0.3692329099588096
0.0,0.3828362008370459
0.0,0.39351597772911184
1.6500000476837158,1.6811428819969298
14.336000109314918,12.544833881556988
28.2119999563694,30.07245757997036
42.287000300884245,45.70393119931221
53.66399833917618,55.282305536270144
60.60000025749207,57.90538084983826
62.452000634670256,57.08585672616959
56.72199897527695,45.49471730589866
28.85499921560288,29.11277731895447
23.56799911260605,15.455866882205012
11.99100029051304,7.900049445927143
22.4330006980896,3.173224970176816
9.460999875068664,1.2812854778394103
0.8620000276342035,0.4362091057095676
0.0,0.37524128737859425
0.0,0.3827719659451395
0.0,0.3920189019758254
0.0,0.3806346754822879
0.0,0.2740503997216001
0.0,0.2680928822793066
0.0,0.2641610586084425
0.0,0.3152662615850568
0.0,0.4332016514986753
0.0,0.4366146055143326
2.218999941200018,1.5689249270036818
11.999999786615373,8.13950248837471
25.0899994802475,20.155249082446097
33.54099976181984,32.41190344750881
37.17999833583832,44.1654682135582
38.26699943780899,52.33845051169396
41.12599854946136,55.81580938577652
53.8810009098053,56.57060656189918
59.94400138378143,53.049962196350094
52.163001930713655,41.433322663307194
39.716001496315,26.860277284979823
24.706000440120697,11.764438001811506
10.399000418782236,3.9241601578146224
1.5800000301003456,0.6638420615252107
0.0,0.43092037410475315
0.0,0.44022538309916853
0.0,0.4330638104490936
0.0,0.405898372400552
0.0,0.26471019231714304
0.0,0.2725992495892569
0.0,0.2671370211942121
0.0,0.33519408172927795
0.0,0.3897251883987337
0.0,0.3955761317629367
2.7839999730885028,1.9664552404731515
12.701000248789788,11.427756921648978
26.8240009868145,26.551729001402858
42.6910009598732,42.162868257761005
54.77600043773651,53.36160992980003
61.92000029563904,58.99464337944984
64.17200018644333,60.739189999103544
58.48599880218506,56.76506879925728
49.212999355793,49.22022318959236
37.03799875497818,33.537885934114456
28.654999458789828,18.722948416769505
20.944999796152118,7.773033877164126
12.611000152826309,3.022665444090962
1.9859999780356885,0.5860342390742153
0.0,0.3918359215930104
0.0,0.3984158178512007
0.0,0.3961766148731113
0.0,0.39016143365763123
0.0,0.26717348729260265
0.0,0.27472054150421166
0.0,0.27012958407867693
0.0,0.3195106907840818
0.0,0.4149710734933615
0.0,0.4200734549108893
2.837000001072884,2.0713146978616717
12.978999746441842,10.880783097147942
27.33699999332428,25.850685405731202
41.66699941158295,40.97063374638557
52.94000053405762,52.534408043622975
59.96399889469147,58.97077617764473
63.02300187110901,61.62060658335686
62.45700001239777,59.99714801430703
58.8689996099472,54.64152046322823
51.09299953460693,41.505897853374485
38.76600059747696,25.831505377292633
23.679000086784363,11.298202895224094
10.026000420451163,4.085028332993388
1.5360000117123127,0.6988919594697655
0.0,0.41601922710426154
0.0,0.4261481051519513
0.0,0.4189354879874736
0.0,0.41543530417606234
0.0,0.2505658071208745
0.0,0.25892219208646566
0.0,0.25278317055664956
0.0,0.3387765529565513
0.0,0.35064980226568876
0.0,0.35596817210316656
2.658000095486641,1.8077982988953591
12.457000216841696,11.19874680697918
26.14599992156029,27.399549726247788
40.32100014448166,43.1850458753109
51.96100160121918,54.61530556678772
58.682001521587374,59.63126298904419
60.80099824666977,60.7010558795929
60.470998237133024,55.77069996356964
53.683999958038335,47.15009466290474
29.74699993848801,30.151893050074577
21.233000103235245,15.249662063717842
19.328999214172363,6.221012852191926
10.56199985086918,2.5401751709729434
1.2190000017732383,0.5174783592205494
0.0,0.35401238572783766
0.0,0.35906994874589143
0.0,0.35673661589622496
0.0,0.34999620461836456
0.0,0.2777081620087847
0.0,0.2655818644538521
0.0,0.2464361598808318
0.0,0.3446596859768033
0.0,0.34046305986121295
0.0,0.3424887777026743
1.99399995803833,1.3395603089034558
12.985999696850778,6.320624785870313
24.811999982595445,16.676141247749328
31.9259994661808,28.695998874902727
38.039998111724856,40.7559213590622
42.35299865961075,49.348756903409964
49.88699927568436,53.993659442663194
51.908000802993776,53.341969810724265
52.33100074052811,48.52148723602295
38.34000185489655,33.95923344790936
20.6989991915226,18.449928270578383
9.043999601602554,8.005537291616202
2.180000070780516,3.019963310211897
0.1140000038780272,0.5000219857692719
0.0,0.3409698784537613
0.0,0.3454268299881369
0.0,0.34094434817321595
0.0,0.34040387967601415
0.0,0.2989614305552095
0.0,0.2657834028312936
0.0,0.2393907171115279
0.0,0.3006590578146279
0.0,0.3685551459994167
0.0,0.3697805031854659
0.5319999860040844,1.1870030985400084
7.471999808251858,5.745075019448995
15.790999777913092,14.140710119605066
25.423000348806383,24.584572456479073
40.42799997329712,36.72658517479897
51.01300127506256,45.15757356762886
41.06799837350845,50.399488896131516
46.844999113082885,50.23416230916977
56.29899903774262,46.111164816617965
46.81499873876572,33.44452964127064
38.86199933052063,20.684886322021484
24.65899930596352,9.034874556213616
10.578999583721162,3.1363277293741705
1.4770000629127027,0.5279556429572403
0.0,0.3678305096644908
0.0,0.3679230990540236
0.0,0.36650250181555744
0.0,0.3681528876256197
0.0,0.26655574596952647
0.0,0.27421755807008596
0.0,0.26957126364111894
0.0,0.3225257671717554
0.0,0.40370026499032974
0.0,0.40858762078918515
2.607999899536371,2.0731394630298023
12.673999706506727,10.578048592805862
27.05200054526329,25.2591043561697
42.01900161266327,40.16209223270417
53.75699826717377,52.111445077657706
61.74500153541565,58.94490224123002
65.46400042295456,61.779853401184084
65.40699847936631,60.53628592014313
61.08699798107148,55.748264383077625
53.058999691009525,43.250368475914
40.569999554157256,27.523836844563483
25.12800009131432,12.160405560433865
10.633999927639962,4.341480594798923
1.6829999972879888,0.6926731297373772
0.0,0.4041894643194973
0.0,0.41508336821570996
0.0,0.408028153013438
0.0,0.40532796078361566
0.0,0.28953109692782164
0.0,0.2974544700421392
0.0,0.29239636143669484
0.0,0.3221687444113195
0.0,0.41025902776047585
0.0,0.41441828113980594
2.678999946713448,2.2252056447416546
12.86099984884262,11.203217799365522
27.10599957585335,26.279588470458986
41.94000158548355,41.35139572024346
53.144999668598174,53.081069663763046
60.007000937461854,59.55654344797135
63.38100168228149,62.14919937610627
63.43700128555298,60.83220635890961
59.65699930906296,56.02276595950127
51.83400015354157,43.841225498914724
39.7980003285408,28.42341160416603
25.02499935388565,12.85619303137064
10.643999710083008,4.745121166110039
1.7559999752789737,0.714928088709712
0.0,0.40988262060098357
0.0,0.42287947504781187
0.0,0.41516827124170963
0.0,0.41279572028666733
0.0,0.30343436459079376
0.0,0.31165779472328725
0.0,0.30611846199259163
0.0,0.313536187922582
0.0,0.40455354762263596
0.0,0.40758566559292375
2.579000068306923,2.0257378035411238
12.44399957537651,10.362224490940571
26.45899917125702,24.559888799190524
41.3030019903183,39.49095350146294
52.68699997901917,51.70885550022126
60.47499938249588,58.72648037314415
64.54199932575226,61.794927531480795
64.5410010933876,60.53393617153168
60.55800055503845,55.83083011269569
52.40700196266175,43.772821934223174
40.24699949502945,28.489273373484615
25.013000025749207,13.127699397206307
10.607999671697616,4.969414581507445
1.7660000144690275,0.7092254167422652
0.0,0.40434903258457777
0.0,0.4161477450281381
0.0,0.40849739026278253
0.0,0.4064913296140731
0.0,0.28486535391304646
0.0,0.293311616377905
0.0,0.28754558406304564
0.0,0.29784543154761195
0.0,0.3857518519461155
0.0,0.387967000938952
1.7710000340640546,1.7759328501299023
8.918000494241715,9.160387641489505
24.115999925136567,22.333971323370932
37.08300137042999,36.87928597092629
50.872998158931736,49.691004772186275
58.91200165271759,57.461615214347844
62.910998556613926,60.464544644355776
61.92200086832047,59.31544157624245
57.32799996376038,54.78675300240516
50.40400148153305,42.58570798516274
38.92299831151962,27.21722956836224
24.28499902129173,12.336941721737386
10.41399957895279,4.493917840123176
1.749000024870038,0.6474537877179682
0.0,0.38597071272321043
0.0,0.3949435392301529
0.0,0.3885568932350725
0.0,0.38652183622121805
0.0,0.2647498837998137
0.0,0.27229343181010335
0.0,0.26773388577625157
0.0,0.29313422024250024
0.0,0.386887845126912
0.0,0.39111974186263976
2.159999992400408,2.150715121999383
11.852999801039696,11.613857422471046
25.84299942731857,27.317484139800072
40.53099865674972,42.41383332252502
52.43599999666214,54.26410647034645
59.917998046875,60.24890385985374
61.92099852800369,62.47540774583817
60.277998430728914,61.226031620502475
56.17399816274643,56.847102549076084
48.78299946784973,43.899993861913686
37.49900135755539,27.182474239468576
20.877000864744183,11.754464921057224
8.547000041604042,4.2735185065865515
2.1909998828172683,0.6734965673834086
0.0,0.387359746126458
0.0,0.3991546394582838
0.0,0.3911276207864284
0.0,0.3882030637655407
0.0,0.29050630229525265
0.0,0.2857537707686424
0.0,0.2629424169613048
0.0,0.41802084282040597
0.0,0.6148938062041998
0.0,0.6311176977399737
0.6349999852851034,1.1951379990950226
11.27300009548664,5.375156241953373
22.86200029969216,13.922331898510457
30.98200028538704,22.132217471003532
44.69000029563904,27.86411905825138
33.42800026893616,31.433219799995424
33.97799960017204,32.02353149235249
40.56700074911117,30.322138909697536
29.652999724149705,24.85767014026642
28.99299970507622,16.783877940475943
25.28100076794624,10.743955428004265
14.513000469207764,4.615052875429392
2.2459999699890614,1.4489489118754864
0.0879999966593459,0.6001500932592898
0.0,0.4979973751492798
0.0,0.4916051288601011
0.0,0.5007689430471509
0.0,0.4770676158554852
0.0,0.39039890859276055
0.0,0.36004778577014795
0.0,0.3117068574717268
0.0,0.42161637605167923
0.0,0.4906782561168075
0.0,0.4965639245137572
0.1289999984763562,0.7105515792220831
3.651999985724688,2.847137143164873
14.6160001796484,6.897258024662733
19.33900002360344,10.487633593678474
25.18600026726723,13.448486297130586
17.777000526189806,14.604546695649624
19.765000820159912,14.853912226557732
19.845999366045,15.691711602211
26.59699966073036,14.253874444067478
26.27700046062469,9.94417977064848
21.28099946975708,6.757645163983106
8.047000136077404,3.330586623102427
3.06500007301569,1.1026541646756234
0.922999971434474,0.5153493648953736
0.0,0.48709838445298376
0.0,0.4629768907837569
0.0,0.47799659071490164
0.0,0.488538478417322
0.0,0.24837046776432542
0.0,0.2538580980664119
0.0,0.24909304209984834
0.0,0.30236613657325506
0.0,0.3744383271597326
0.0,0.37817544031888245
0.8640000226348639,1.7529220279678703
9.484000298976898,9.424835518598556
24.719000054597856,22.802272729873657
39.17700120687485,37.70279891610146
51.1920011806488,49.977246875762944
58.9170010304451,56.884228166341785
63.35600068569183,59.59178146123886
62.62600116252899,57.088613162040716
58.527998504638674,50.963582611083986
49.86300061941147,38.03620852589607
41.764998717308046,23.797508343458176
25.197999595403672,10.569340761303902
10.270000452399254,3.6024487119168045
1.4699999841302631,0.5828860875032842
0.0,0.3751629955880344
0.0,0.3811370170488953
0.0,0.37808049206621946
0.0,0.37498609689995643
0.0,0.23741450330242514
0.0,0.24292640422005204
0.0,0.23137650369666513
0.0,0.37363663462921975
0.0,0.5376746565010398
0.0,0.5481078920792788
1.7679999452829362,1.4528569864481689
10.785000031590462,7.790270330756902
22.654000306129458,19.655543408989907
34.3659997856617,31.398576412796977
46.67599796295166,39.78909634232521
20.511999049186706,44.29304272055626
14.417999968528749,44.61908266425133
18.83399919986725,41.647205244302754
43.85399917602539,36.831931552886964
48.652000982761386,23.731838620901108
19.578000677824026,13.821780527532102
20.46000059127808,6.0268443334102635
4.289000094383956,1.9740159905329346
0.1510000076703727,0.5164920816384255
0.0,0.40440245200879865
0.0,0.4004735648818314
0.0,0.40598937316797673
0.0,0.39191516013815997
0.0,0.2846293793432414
0.0,0.2670995281077921
0.0,0.24140941452700646
0.0,0.3204455387312919
0.0,0.3183463751990348
0.0,0.3186986802332103
0.2699999990500509,1.0917512425407767
4.758999882340431,5.0647331917285925
12.801000127196312,14.132085987627507
17.8219990336895,25.282103753089906
35.41000089883804,36.8230912399292
42.04799964666367,43.821351226568225
45.97300000905991,45.282420394420626
53.4490004491806,42.266928846836095
38.36600108385086,32.56588695168495
39.62499803304672,18.882223476767543
16.64600017607212,9.45616122096777
2.697999995499849,4.148621229007841
0.2110000021103769,1.5592623817548155
0.0,0.42163718860596416
0.0,0.3192345593776553
0.0,0.31817018256522717
0.0,0.31922899117693304
0.0,0.3172339546028524
0.0,0.28082296053878963
0.0,0.2578837066050619
0.0,0.2535305851651355
0.0,0.27505677578039467
0.0,0.336534830648452
0.0,0.33395123365335166
0.0950000032316893,1.0824367499537766
3.3510000641644,4.461649619489909
6.7580002450943,11.649104678630827
14.685999683737757,21.111649143695832
34.524001893997195,34.0331550192833
46.19800076246262,44.431714860200884
56.6230014371872,50.922118996381755
56.14799893379212,54.543671097755436
62.389999313354494,53.54440147519112
53.7300008058548,42.97310635566711
41.95000034093857,28.383767812252046
25.3919996881485,13.331950884461403
10.99300002515316,4.67686163648963
1.9899999680370093,0.5111741129681469
0.0,0.33417060792446135
0.0,0.3378087130188942
0.0,0.33160939605906603
0.0,0.33711893009021876
0.0,0.2658201256766915
0.0,0.25193847290240223
0.0,0.24805006354581566
0.0,0.29668885046616195
0.0,0.3685368848685175
0.0,0.3694600347802043
1.359999938160181,1.4249562249705194
14.23699949026108,7.360114597380162
22.606000939607625,18.126654519140722
29.557000991106037,30.31754519224167
50.927999529838566,43.11341346025467
54.494001848697664,52.43563644289971
54.56499958515168,56.99540783643723
55.433999884128575,57.68137011289596
40.10299934148789,54.39373084545136
52.74700072765351,43.24678428769111
38.98499963283539,28.202209679484366
25.388000596761703,12.432149160504341
11.091999617218972,4.212258028760552
1.772999964877963,0.5870069732517005
0.0,0.3670298280753195
0.0,0.37455959198065103
0.0,0.3678726161736995
0.0,0.3704615406692028
0.0,0.2617322640120983
0.0,0.2697211557533592
0.0,0.2644585240865126
0.0,0.3110126857738942
0.0,0.3771420817542821
0.0,0.38070995049551126
1.8150000524520875,1.9665830362960697
11.439000386595726,10.04082961410284
24.263999170064928,24.510449595451355
38.74399840593338,39.687512848377224
50.451000561714174,52.428188725709916
58.02000092983246,58.713277415037155
61.55599876642227,61.32519758462906
61.82099864959717,59.517869132757184
56.69100036859513,54.01707887768746
52.364998152256014,40.57011868476868
39.14700083255768,24.535631341934206
20.46899906039238,10.539025615155698
6.9870000898838045,3.9721527205407616
1.0890000057965517,0.6271526092849673
0.0,0.37778364438563583
0.0,0.38831848759204146
0.0,0.38178841629996896
0.0,0.37871022828854617
0.0,0.26350036832503976
0.0,0.2715983695210889
0.0,0.26638666201848527
0.0,0.29439362850040196
0.0,0.3612213602941483
0.0,0.3625986635684967
1.5760000400990248,1.595515123382211
11.310000420212743,8.27874024167657
24.485000832080843,19.94764550626278
35.31999977588654,33.664617283940316
48.06799807786942,47.451417058706284
57.620999648571015,55.95870655417443
61.37899943351746,59.56451287508011
62.30800048112869,58.734998211860656
58.589001593589785,54.47040782570839
51.369998745918274,42.77586098074913
39.47799907445908,27.709357097148896
24.02099942445755,12.646299271881581
9.872000484466552,4.35506546407938
1.3529999877512455,0.6001526125892997
0.0,0.36071547240950164
0.0,0.3685429344698786
0.0,0.3627731713000685
0.0,0.3621471418626606
0.0,0.25743951021227984
0.0,0.2652951101399958
0.0,0.26030335458926857
0.0,0.2945503404550254
0.0,0.35618132025934757
0.0,0.3586439573206007
1.3160000481456515,1.8105579441040758
9.684000055789948,9.929609377980233
22.5680003285408,23.27519147455692
36.47000043153763,38.22209541320801
47.50900027751923,51.35414205074311
55.31799953222275,58.802810231447225
58.26699976682663,61.206138862371446
56.93799920558929,59.57162784814835
51.45999986886978,54.39003163456917
42.0420020365715,41.27409227728844
24.251999841928484,25.331216374635694
14.236000230908394,11.047631166875362
6.752000067532062,3.955298819988966
0.0259999991953372,0.5920443174429237
0.0,0.35636998116970064
0.0,0.36517391628585755
0.0,0.35917625805363057
0.0,0.35704204855486743
0.0,0.34561927791684866
0.0,0.3455859328992664
0.0,0.28931772411800916
0.0,0.3533454532828182
0.0,0.35647624233737585
0.0,0.3560304653458297
0.2690000015497207,0.6866627464815974
5.4909999781847,2.586298487111926
10.05000010371208,6.7285567550361165
7.669000246524811,11.49256037980318
12.51500039279461,16.750515207350254
19.49300098657608,19.16175113260746
22.95899931907654,20.84454496204853
36.12499818086624,19.531920751929285
22.85199949026108,15.016590724885464
16.761999500989916,9.391693074405193
10.8879997420311,5.427471782416106
6.679999990761281,2.725545740053058
0.8420000134408474,0.9312380200996996
0.0,0.39930677810683846
0.0,0.35535854238085446
0.0,0.343676842385903
0.0,0.3509476769343018
0.0,0.3541943391226232
0.0,0.45996840958483515
0.0,0.42694230387918647
0.0,0.36015104620717464
0.0,0.4400671146158129
0.0,0.4708408911526203
0.0,0.4706306634936481
0.0449999998416751,0.5762919899262489
0.4149999896250665,1.9344290680810814
1.0079999836161733,4.376618219986558
5.988000051677227,6.429514529407024
11.402000061869622,7.96380871400237
6.872999797165394,8.466049250662326
6.77599975079298,9.250137922614812
9.04799971997738,9.921238912045956
8.449999995231629,9.852592978179453
13.53499976873398,7.327136214524508
9.684000055789948,5.26126943141222
6.094999880492687,2.8793513185530903
2.496999952346086,0.9160466206073761
0.1270000034756958,0.4766147622745484
0.0,0.4662000124808401
0.0,0.44083761238493024
0.0,0.4553946221154183
0.0,0.4685663854610175
0.0,0.25772213250398635
0.0,0.2585090380115434
0.0,0.2525256292382255
0.0,0.28945524423383173
0.0,0.35886934909969564
0.0,0.3604648070968688
0.3889999904297292,1.3843367302417757
6.04900005966425,7.436841643303633
16.521999587416648,17.81674393594265
32.10200056672096,31.345002555251124
48.23400042295456,44.249202655553816
48.76400018930436,52.55793839335442
56.79700196504593,54.898368115425114
62.26100140094757,52.195734093189245
43.581001110076905,45.87068735361099
34.72299931049347,32.1863696873188
28.94400005221367,19.04131111145019
24.01000038266182,8.597389209270478
10.717000073194503,2.9431596253067256
1.551999971717596,0.520667494032532
0.0,0.35964186875149606
0.0,0.36115574538707734
0.0,0.36058483632281424
0.0,0.35806959821842604
0.0,0.23781191557645795
0.0,0.24629718753974883
0.0,0.23974811696913084
0.0,0.3262796330731361
0.0,0.321741437157616
0.0,0.3261048204544932
1.932000048831105,1.5516274318099021
10.26300050199032,10.742680935859681
24.471999163627626,25.723984865546228
38.76800117015839,42.20441608548165
50.50499959230423,53.78266269803048
58.95900073289872,58.671257172822955
62.615998299121856,59.52588374733925
62.17399908304215,52.89975903511048
58.10800148010254,39.83382167100906
39.82600013017655,22.86207013487816
12.17800043284893,11.23484338223934
0.1780000043660402,4.658141185194253
0.0760000025853514,1.9108400516584516
0.0,0.4572283573821187
0.0,0.3247607980109751
0.0,0.327438332317397
0.0,0.32801023627631365
0.0,0.3207388400938362
0.0,0.30645083704032006
0.0,0.2979344425257295
0.0,0.2693817923730239
0.0,0.37950216443277895
0.0,0.5190737048909069
0.0,0.527518097916618
0.6790000036731363,0.8325572115369142
11.449000169038772,3.1998783905059103
21.162000312805176,8.932512348592281
24.300999494791032,14.611386435925962
31.18400061488152,17.927494838535786
16.98899980008602,18.714012080430983
15.230000377893449,19.120297787785532
24.17099924206734,17.570665280222894
18.648999630212785,14.269026111960411
14.144999848604202,8.974440675377846
15.25500034749508,6.087858975976706
5.020000160634518,2.995099673271179
1.5920000001043082,1.1071964685432614
0.0,0.5475761048402636
0.0,0.481390802199021
0.0,0.4882532966788858
0.0,0.5072443111799657
0.0,0.471180069996044
0.0,0.31184517189860345
0.0,0.2723709774296731
0.0,0.24133438823744655
0.0,0.2892474797414616
0.0,0.3798798392806202
0.0,0.3895454975869507
0.9500000002235176,0.9458847950026394
5.556000104546548,3.821467516794801
9.771999579071998,9.73648736000061
18.332999521493917,16.99442897230387
11.78300029695034,26.842507311105724
39.55499852895737,35.220858459472666
62.01000141859055,40.78307697653771
53.10900168418885,43.099126002788545
41.41500119686127,40.47251579642297
44.476998870372775,29.485881043076517
37.3740004825592,19.325754958987233
23.7590004003048,9.136243152916432
10.53200050354004,3.081642799153924
1.1290000341832638,0.5304933785181493
0.0,0.3882341462001204
0.0,0.38412568058818575
0.0,0.38531013476662335
0.0,0.39039869998581705
0.0,0.27301843721885233
0.0,0.2817452840460464
0.0,0.2755667234770953
0.0,0.3067787992488592
0.0,0.4095480150636286
0.0,0.4121412400715053
1.23800005055964,1.8204433457553386
10.209000444412233,8.467014362663031
22.85600063562393,21.205426501631738
33.52200048327446,35.77753732085228
45.66199927806854,48.61392026662827
56.74799820423127,56.31456612229347
58.68700089931488,59.691921010017396
62.95200002670288,58.40321329712868
59.50899801015854,53.74430058717728
52.05200095653534,41.66780457019806
40.42500116825104,26.738894488811493
24.62499984025955,12.236572641134263
10.32899988770485,4.286734558790922
1.506000022515655,0.6715587693452836
0.0,0.4089580585807562
0.0,0.4193335902690888
0.0,0.4129106948059052
0.0,0.4111592469550669
0.0,0.2538610987970605
0.0,0.2588921366399154
0.0,0.2520804539974779
0.0,0.3408255866356194
0.0,0.5478665338456631
0.0,0.5691936893668026
1.108999955803156,1.7764011566713451
10.205000326037409,8.696755436062812
23.266000958681108,21.55418855547905
37.281000554561615,35.25644359469413
47.876998844146726,45.18948208570481
54.11699865102768,49.31110546827317
62.77500069379807,48.054706798791884
31.50199924230576,42.46176079988479
41.350001070499424,34.97973810195923
38.53600046634674,23.403719026446346
33.043000942468645,15.54560047477484
22.273000071048735,7.440577569007873
12.415999773740769,2.3838505192101005
0.2969999957457185,0.7205770845059306
0.0,0.5541700259037317
0.0,0.5492398735880851
0.0,0.5622324435692281
0.0,0.5023957402259112
0.0,0.4572519941534847
0.0,0.4273022471368313
0.0,0.3796668836846948
0.0,0.47915869185701015
0.0,0.5142425285466015
0.0,0.5177918473165483
0.0,0.5872024860978127
0.3690000083297491,1.8617979713529347
3.511999950557948,4.53538453578949
4.744000208675861,6.448208022266627
4.398000239133835,7.548707341402769
8.641999515295028,7.084274855554105
6.896999993920327,6.885510051846504
5.2120001941919325,7.521490618139506
6.9820001986622815,6.795126375854016
7.464999857842923,5.17959769487381
8.663000393509865,4.010765031352639
3.610000026524067,2.341292006894946
1.9700000180304047,0.770991461519152
0.0749999970616772,0.49535336237400773
0.0,0.5096616484411061
0.0,0.47774886194616556
0.0,0.4984627451468259
0.0,0.5102672825381159
0.0,0.4455840301234275
0.0,0.4484775688964874
0.0,0.3949147193785757
0.0,0.44292994002811614
0.0,0.45722535665147
0.0,0.45937922334298487
0.0,0.5288459452986717
0.1520000051707029,1.6915168732032182
1.3550000469386578,4.036223551109433
2.187000021189452,5.764781379252673
2.1819998732209207,6.794317879527807
2.763000121861696,6.3921298544108875
3.22200009778142,6.252550884336234
2.0409999368339777,7.094347297400237
1.71900003567338,6.186662156581879
1.9870000076293943,4.814462884366513
1.4339999457448722,3.5948556759208437
0.9359999710321426,2.1021375612169506
0.1199999969033524,0.6800672688893974
0.0,0.4398732706252485
0.0,0.4542953277099878
0.0,0.4253188444115222
0.0,0.44337979287840423
0.0,0.4533225935325027
0.0,0.34788222999311985
0.0,0.3020151634141802
0.0,0.24917618801351632
0.0,0.31841460571624336
0.0,0.42301205278374254
0.0,0.5393961130920798
0.0,0.9139921310544015
1.5209999529272318,3.1142162919789556
12.627999885678292,8.215780483782291
17.68500088453293,13.288035335838796
13.458000314235688,17.500117364525796
42.40500122547149,20.828425357937814
40.56599840879441,22.586601135730742
27.83400058031082,23.48460049569607
12.136999989748002,21.973352692723275
23.30800066113472,17.190086623728277
28.28299974679947,12.246471778750418
25.09599914431572,6.2967755563557155
10.41399957895279,1.9697334504500028
1.4500000341236592,0.6200994641054423
0.0,0.5302486665267497
0.0,0.5089657838176935
0.0,0.5240614166762679
0.0,0.47945557163096963
0.0,0.3231134771183133
0.0,0.28899296322371815
0.0,0.23989071586169297
0.0,0.31525172328576445
0.0,0.3668517258856445
0.0,0.36462516769766806
0.0449999998416751,0.9211292485520244
4.13399987205863,3.3128904639929537
11.984999599456788,8.715201424807312
14.869999994039537,15.339641106426717
19.868999789953232,24.19992538690567
24.278999357223512,31.32370179653168
31.056999167203905,39.07163839697838
40.18100113630295,43.56856017708779
39.38099800109863,41.905907636880876
39.414001288414,30.307951070070267
29.315999764204022,18.33797271102667
14.494000163674356,8.128604091405869
7.909000160098076,2.8232178217172623
2.02200001642108,0.5032870535086841
0.0,0.3642270012293011
0.0,0.36459427782334386
0.0,0.36162613799795507
0.0,0.3668500409834087
0.0,0.28547755912877615
0.0,0.2708807455888018
0.0,0.265514267780818
0.0,0.295435668323189
0.0,0.35394723617471757
0.0,0.3527731642033905
0.8100000292435289,1.2914451494812966
9.88500009894371,5.661442249268294
22.96200017809868,13.915774066448211
31.96500036358833,24.422047492861743
41.676998167037965,37.477387367486955
53.16500128746033,49.234929658174515
61.78399832487106,55.65610042333603
63.73099920272827,56.9212880563736
60.209999499320986,54.43589281201363
52.626000998020174,43.97785187840462
40.53999917984009,29.75483380317688
23.769999442100527,14.25052492260933
9.76400036931038,5.178386619240046
1.3280000181496143,0.565185852535069
0.0,0.35211151111871003
0.0,0.3576446498278528
0.0,0.3519570296537131
0.0,0.3546859294082969
0.0,0.28798830416053534
0.0,0.2999346942733973
0.0,0.29568909366615115
0.0,0.47140111312270166
0.0,0.6309207085985691
0.0,0.653483314672485
0.3720000008307397,0.9785241434350609
7.871000062525272,4.0647599539905785
17.003999987244608,11.067366795837879
33.39599932193756,17.755720307230952
25.781000159978863,19.753604333996773
7.136000134646893,16.877465819120406
22.805000410079955,13.211734233200552
15.046000067591669,10.64137832313776
4.067999972850084,7.9766614691913125
7.141000025868416,5.299708566367626
2.91900011703372,3.5677078892290597
0.1329999965010211,1.8986141442880036
0.0700000015366822,0.7246508090384305
0.0,0.43868247800506655
0.0,0.4195142759755254
0.0,0.4660300138685852
0.0,0.5355565739236772
0.0,0.5676790264435112
0.0,0.44231567281298334
0.0,0.386257386803627
0.0,0.31109094547107813
0.0,0.3698139605298638
0.0,0.4430147949140519
0.0,0.44700528527610006
0.0,0.5980799421388656
0.0,1.5936537075787782
0.6750000136718154,4.133444656655193
1.0590000165998936,5.899227206408979
2.858000109046697,8.13037179455161
6.480000233948231,9.602612794935704
9.774000151753423,12.143760651946067
24.14999939084053,15.813814830482006
24.751999233961104,18.687860857248303
30.453999037742616,13.835563220381736
20.72400018811226,9.20069075971842
14.901999914050103,4.57925104573369
8.045000076889991,1.3810988937318327
0.4190000117197633,0.4940837323758751
0.0,0.44358507815748455
0.0,0.4277938213758171
0.0,0.4343207154236734
0.0,0.43479726996272805
0.0,0.27584656969178467
0.0,0.2843978176126256
0.0,0.27836152697913347
0.0,0.28537166703492395
0.0,0.36568241978064175
0.0,0.364663503235206
0.0,1.3775215734913946
1.9540000580251216,6.584076227843761
9.197000278234482,16.10467016428709
32.37300011396408,27.98534164428711
36.500999038219454,42.432949677705764
45.07599990844727,51.8191889321804
57.23200123071671,56.21167835354805
62.76300136566162,56.33240490436554
55.44300040721893,53.451574081182486
48.10600074291229,41.517630164623256
30.51500007271767,26.574817746281624
15.581000238656998,12.145787412822248
9.795000002980233,4.207424894720316
1.2060000021755697,0.5630242192465812
0.0,0.3637619682122022
0.0,0.37013370683416724
0.0,0.3647742574755102
0.0,0.366602119654417
0.0,0.298574047461152
0.0,0.2670691356807947
0.0,0.24938313412480057
0.0,0.2936570855230093
0.0,0.31400239234790206
0.0,0.3115107107814401
0.1270000034756958,1.010822307188064
5.37300008058548,3.715307379066944
10.226000177264211,10.184029743969441
17.117999766469,18.94941211462021
19.07199956774712,31.01205919802189
47.93699959278107,40.96019544005394
65.9930019569397,48.495038186311724
61.30499878406525,51.05075746297837
49.2660001540184,47.708845986127855
37.8380018901825,34.28726472139358
27.637999914884567,19.66000772595406
17.77600023984909,9.109485493302348
7.794999867379666,3.206973722428083
0.505999986808747,0.45300711564719676
0.0,0.3128284808434546
0.0,0.31406470163725314
0.0,0.3110739199351519
0.0,0.31361561902798707
0.0,0.26944788868073366
0.0,0.2779647004092112
0.0,0.2719226249447092
0.0,0.2867074254341423
0.0,0.3653854918666184
0.0,0.36651456892490386
0.2059999985620379,1.5936380460113286
6.8859999251365664,8.134205797612667
17.747000151872637,20.225243451595304
28.382999625205997,34.17739035308361
49.76199840068817,47.576101621389384
58.41500106573105,56.32801555752755
60.70600185394287,59.43458040356636
63.69700179100037,58.45349668502808
54.14199964761734,54.84054252743721
52.84900117874145,43.06032228708267
40.62799973011017,27.647625873684884
23.85400090098381,12.461548746824265
10.072999500632289,4.296805588528514
1.2150000117719173,0.5991814349405468
0.0,0.36482536617666483
0.0,0.3730315140262246
0.0,0.36721539197489617
0.0,0.3665361517202109
0.0,0.2713927231915295
0.0,0.2797923539811745
0.0,0.2738529372029006
0.0,0.2961106080655008
0.0,0.39941071250475946
0.0,0.4020672416966409
0.6400000048801303,1.8700743395090105
8.878000337481499,9.413282416760921
22.2129993224144,23.295224930047993
37.30900035619736,38.588666466474535
50.432999515533446,50.680976045131686
58.86100142717362,58.01633252859116
63.29399936437607,61.09464698791504
63.91699905872345,59.68602815270424
60.72300055980683,55.580452485084535
52.63100037574768,43.816179314851766
40.962000885009765,28.185230486392975
24.00300043225289,12.638363735377789
9.445000428557396,4.3585691621154545
1.183999992981553,0.6746277626045049
0.0,0.3989599289465696
0.0,0.4103363567497581
0.0,0.40283292545937
0.0,0.40130388470366596
0.0,0.2655607710825279
0.0,0.2735528641380369
0.0,0.26827640022616833
0.0,0.3027154408767819
0.0,0.39878094418905674
0.0,0.4015643866360187
0.6219999856874346,1.8915344097465279
8.857000486254693,9.450502516925335
22.59999922156334,23.31641477406025
38.57800016880036,38.3092045378685
51.906998462677,50.60868224978448
59.05000008821487,57.85181520819664
63.76599895477296,61.17880454897881
65.91500016212464,60.08036074638367
62.027998356819154,55.77101216793061
54.09700114011765,44.47728848099709
41.91399824857712,29.210051571130755
23.919999259710316,13.263210981190205
9.31999955356121,4.590898887217045
1.0539999970048666,0.6795005640573799
0.0,0.39820093665272
0.0,0.409228718066588
0.0,0.4016838060878217
0.0,0.40072756790556013
0.0,0.2708495267573744
0.0,0.27911770307924594
0.0,0.27341267224866894
0.0,0.30078568222932517
0.0,0.3925864572823048
0.0,0.39465124880895014
0.7530000112578273,1.8495085190981628
8.085000233650208,9.084869103729726
22.52600062608719,22.561477927565576
38.38099921703338,37.67082056283951
51.22299978733063,50.073613270521165
58.96400011062622,57.817994438409805
63.365999441146855,61.07697868585586
62.78099830389023,59.860447691679006
58.95799839258194,55.61624301791191
51.53999812841416,44.11749965667725
39.70999977827072,28.754009320735932
22.48300063729286,13.12524386882782
8.781000291109086,4.562217037156224
0.8230000288411975,0.6723298127017916
0.0,0.39192393767647443
0.0,0.4027658342570066
0.0,0.3953114255983382
0.0,0.3940313492063433
0.0,0.2770502157090232
0.0,0.2855131426593288
0.0,0.27943057337775823
0.0,0.3170131200831383
0.0,0.3908060932997614
0.0,0.3933060710038989
0.5210000135004521,1.8907686617970467
8.950999673604965,9.367832548022271
23.16300022125244,23.380509096980095
38.96199920892715,38.07238109827041
51.88099923372269,51.303807313442235
56.97200072526932,57.81098627209664
57.56400181293488,60.67208043932915
61.09299969911576,58.84648187041283
59.208998374938965,53.47689139008523
52.16800130844116,40.36099722027779
40.22899844884873,24.936004679203034
16.000000057816507,11.209326837658882
5.796999790966511,4.224267626777292
0.6519999748840928,0.6354684522934257
0.0,0.3902078727725893
0.0,0.40117165999487037
0.0,0.3944663749169558
0.0,0.3923776096384972
0.0,0.26326228361576787
0.0,0.27228957258164876
0.0,0.2647568881791085
0.0,0.33264630094170566
0.0,0.35519605361856516
0.0,0.3575380998197943
0.1590000037197023,1.6445697201043368
7.710999948978424,9.459397260248661
20.894999856948854,24.61090751051903
35.693001828193665,40.50843367576599
48.513000206947325,52.66465477347374
47.08100096225738,57.69318252921104
60.80499939203263,58.86929127454758
60.621998341083525,53.69408703446389
56.57200121164322,44.19532891750335
25.847000572681427,27.090074072480203
17.51499944806099,13.959779990017415
15.28799952685833,6.242528251409531
6.399999920427799,2.487727534174919
0.1580000062193721,0.518267150213942
0.0,0.3569051382131875
0.0,0.3614224413409829
0.0,0.3603058806993067
0.0,0.35485984341241417
0.0,0.3573431165143848
0.0,0.3356595480069518
0.0,0.29548342326655985
0.0,0.3912295653950423
0.0,0.4999837465118617
0.0,0.5040544061269611
0.0570000019390136,0.6949649818986654
5.692000021338463,2.4858870432525872
9.972999622225762,6.273030052632093
16.414000499248505,9.807998076975347
15.3179999011755,12.739402412176133
23.48800085306168,12.90867468714714
25.303999137878417,12.51195948123932
19.2130009162426,11.968507712185383
9.63199954390526,9.921495659053328
9.41300050854683,7.268829482644796
19.44800042510033,5.197026451975107
9.13600027024746,2.8148953674733637
3.5490000185370447,0.9385260085575284
0.1910000039637089,0.5095765849482268
0.0,0.4969050610531121
0.0,0.4685376779362559
0.0,0.48795500479638576
0.0,0.49176333315670495
0.0,0.3007086581271141
0.0,0.29000373607501384
0.0,0.25986526396125553
0.0,0.36876012639142575
0.0,0.4840463685896248
0.0,0.49261627880856396
0.1270000034756958,0.8393547490239144
8.38200003683567,3.579003473818302
10.45300047636032,10.010291611552237
14.906000032424927,16.617430909574033
23.309999179840087,20.7609111648798
42.36399975538254,20.577526020407678
41.50899935722351,18.614640718698503
24.52000058412552,15.093424834311008
13.599999895095824,10.66890879124403
11.56400023460388,7.132266006171704
16.773999856114386,4.996891389489174
10.687999985218047,2.588744387477637
5.0000000822544095,0.886779034342617
0.1739999983180314,0.5070867006108165
0.0,0.48325590874068436
0.0,0.45894880303181707
0.0,0.4796550159156323
0.0,0.4808862140960992
0.0,0.2961774264741689
0.0,0.2773451297637075
0.0,0.2407896192278713
0.0,0.29027007900178436
0.0,0.3002472998015583
0.0,0.2966521837841719
0.2139999946113676,0.939063636790961
9.197000278234482,3.106931095644832
5.730999891757965,8.571521178036928
7.123000006675721,15.819766739606857
20.903000093698505,27.071149764060976
41.294001467227936,40.51279837489128
55.65999886989594,49.46903157949448
62.66199914693833,54.52607263088227
58.73199940681457,54.324129812717445
51.15900200128556,44.04439864873886
40.71100090265274,28.12273004889488
21.14299898028374,13.272925774455071
6.759999790787697,4.5032811467349525
0.5580000172927976,0.457643934506923
0.0,0.2975281243398785
0.0,0.30074359176680443
0.0,0.2949228803627193
0.0,0.3009378690179437
0.0,0.2587267915671691
0.0,0.2672480562515557
0.0,0.26110382757149636
0.0,0.29422030822373924
0.0,0.3306587902642786
0.0,0.32992630709894
0.0449999998416751,1.419948374591768
4.4620000791549685,7.0875745680928235
12.50400032401085,17.669321858286857
31.135999194383626,31.391766455173496
48.23899980068207,45.67153999686242
59.1789980006218,55.0090301835537
63.84200017690659,58.52023447513581
64.1650002360344,57.73444485425949
60.979998152256016,54.31624049067497
43.95000201702118,41.8282817196846
33.63700054883957,25.71451500892639
19.724999636411667,11.16010792285204
6.831000094711781,3.8925241766870027
0.3649999862350523,0.5273491904791445
0.0,0.3298399598710239
0.0,0.33641865262761705
0.0,0.33068202586844564
0.0,0.33129666215740144
0.0,0.32723046352155505
0.0,0.28951457686256615
0.0,0.23923897160682825
0.0,0.30822613026946777
0.0,0.3954971820581704
0.0,0.39305466754361984
0.0449999998416751,0.8756199749745428
1.3049999793618918,3.0665382443368436
6.811999789178372,8.054565186649562
15.481000360250473,14.377230084240438
19.362000447511672,22.76729249060154
32.299999750852585,29.059305133223532
35.12400116443634,35.60862859964371
36.56700150489807,39.09760887026787
34.88900165557862,37.167766908407216
32.381000350713734,26.379352141618728
26.56799957275391,16.167701554596427
12.142999653816224,7.341085022687912
3.3219999761879446,2.6632928066700696
0.2249999992083758,0.5212773805018515
0.0,0.3919766510464251
0.0,0.38766367039643224
0.0,0.38827710318379105
0.0,0.39494883463718
0.0,0.2806100370362401
0.0,0.28930505525786426
0.0,0.2828752998355776
0.0,0.3000347694428638
0.0,0.39386196036823096
0.0,0.3948590052779764
0.2600000080000609,1.6863732036575674
7.477999985814095,8.472759590446948
18.390999697446823,21.054509583711628
30.02499943614006,34.96328780770302
48.45400179862976,48.04685239434242
59.38700004816055,56.17786374568939
62.477999863624575,59.52005867123604
62.43600016117096,58.29668382883072
59.54799890756608,54.53433577656747
49.57999969005585,42.51601657748222
33.205000088214874,27.22060117006302
20.053999359607698,12.246309514641762
7.222999885082245,4.318369256183505
0.4259999942220747,0.6396019507385791
0.0,0.39209085532464083
0.0,0.40274908151477573
0.0,0.3959406322799623
0.0,0.3962426951341331
0.0,0.26863694523461157
0.0,0.2622640993911773
0.0,0.2556051090080291
0.0,0.31888236667029557
0.0,0.471251814737916
0.0,0.6056513953395188
0.2529999934043735,1.5063699307665228
7.712000235319138,6.216831470429897
20.98300040721893,16.40550474077463
35.03499827384949,26.90439771771431
40.000998890399934,36.68479703187943
22.7760003221035,42.79568184971809
43.333998165130616,44.292720246315
57.283001456260685,42.475027431249615
44.01100099802017,37.846579294204716
37.60100180864334,26.756030811071398
36.89799974679947,16.893775929510596
19.326000409126284,7.717424015849829
7.898999864161015,2.6330684205889705
0.634000019878149,0.777580392062664
0.0,0.5930538145825267
0.0,0.5784439310152083
0.0,0.5019479573983698
0.0,0.4193157303053886
0.0,0.24081467613112179
0.0,0.2444038869673386
0.0,0.23750672361813485
0.0,0.30223044577986
0.0,0.3612301699258387
0.0,0.3644343083910644
0.0190000006463378,1.5051596253737807
4.918000223040581,8.476188960224391
19.94500101208687,20.844823275804522
36.45600053071976,36.321764979362484
49.78499882459641,49.13657090663909
59.09199979066849,55.230035953521735
63.93099895954132,55.772474598884585
64.00999898672104,50.23064590215684
40.22000203371048,38.79845341920853
36.093999574184416,24.148769059181213
30.55699977517128,13.497349360585213
13.53000039100647,5.766254336833954
3.6130001153051854,1.9740799847245216
0.2339999927580356,0.506663100142032
0.0,0.3633712795004248
0.0,0.3630617549363524
0.0,0.3652882810309529
0.0,0.3599444611463696
0.0,0.2607868733908981
0.0,0.2693788478057831
0.0,0.2632879904098808
0.0,0.2960351244453341
0.0,0.39981683813035485
0.0,0.40093505158089104
0.0510000008903443,1.5801456698402763
7.082000077068806,7.504083684533835
20.62600088238716,19.304273450374605
35.830002031326295,33.289701952934266
49.077001492977146,46.20133436560631
57.51899919748306,54.78844753265382
61.72299934387207,58.042196195125584
63.05400047779084,57.03964021086693
59.50799977779389,53.20619993925095
51.91599898576737,41.27346786856651
39.18400115728378,26.413175992369652
21.097000186443328,11.90495974689722
7.444999779462814,4.027667328715324
0.4529999909177423,0.6340520753338933
0.0,0.39836705196648836
0.0,0.407855330184102
0.0,0.401295716939494
0.0,0.4014596980437636
0.0,0.26525629320181904
0.0,0.27442998412530867
0.0,0.2674372627492994
0.0,0.31101697023957964
0.0,0.40809530840255315
0.0,0.41068657571449874
0.0,1.6835272272676232
5.676999834179878,7.466005022376775
20.217999078035355,20.664155541658403
33.263000264167786,35.26209819078446
48.92800196170807,47.273444141149525
58.99699928998948,54.3234211909771
57.077998213768005,57.16279661536217
60.50499975681305,55.401723704338075
48.43400017976761,50.464741661548615
47.67699908733368,36.72176243901252
37.86699992418289,21.75195153236389
18.337000666856767,9.986211566478016
4.0329999640584,3.6586772051453593
0.068999996013008,0.618626346057281
0.0,0.40758434976451097
0.0,0.41708751930855215
0.0,0.4115371143631637
0.0,0.39961394380778076
0.0,0.2627251046895981
0.0,0.2717489355942234
0.0,0.2647208794113248
0.0,0.2965626593120396
0.0,0.3886858283728361
0.0,0.3907632967829704
0.1009999962570145,1.6622074050828815
6.36300010919571,7.967740537673235
19.615001002550127,20.5309849768877
32.80400028824806,35.27743420302869
39.88499853849411,48.48146345853806
53.92599941730499,56.06079943418503
59.16100106239319,58.49309118151665
58.46800186395645,56.05846406340599
58.53499845504761,51.118649587631225
29.879998996257783,37.21763950109482
19.091000900268558,22.106407207846644
18.21400036454201,9.685972386300563
4.649999994337559,3.430894212797284
0.8750000272318721,0.5957730221375823
0.0,0.3886149982921779
0.0,0.3964344851486385
0.0,0.3923297584149986
0.0,0.3898694481234998
0.0,0.29472438283264635
0.0,0.28281765210907905
0.0,0.24870781728532165
0.0,0.3443554086796939
0.0,0.4058510186243802
0.0,0.4089142350759357
0.0,0.892015325371176
2.135000022798777,3.813829935193062
13.527999818325045,10.235564516782762
24.14199915409088,18.171707970499995
25.806999388933185,24.8723879057169
40.19300046443939,27.714008325934408
34.73499863862991,29.357777637243274
37.83699954986572,25.07854240179062
21.40800091743469,17.513397346735
7.299000080227852,10.783870858252051
3.208999969810248,6.292323049753905
1.566000000908971,2.9440179305523637
0.1460000041220337,1.0932139944285155
0.0,0.4694907870143652
0.0,0.4055702015850693
0.0,0.3924329546652734
0.0,0.4036859352979809
0.0,0.4030623289104551
0.0,0.38040989347733556
0.0,0.3521329174004495
0.0,0.30283410613425077
0.0,0.38720167020335794
0.0,0.4942084472347051
0.0,0.49416383744217457
0.0,0.695007152594626
0.1140000038780272,2.11508255276829
1.7710000340640546,5.351321390271187
6.677999931573868,8.590839849859476
11.027999777197838,11.467429982721805
12.46299988090992,12.258020259141922
4.939000074267388,14.440106399357319
27.718000228405,15.199913736581804
26.829000364542008,14.964485460221768
9.545999566316604,10.564209929108621
14.56399966776371,6.843903942555189
3.41599993377924,3.566166636943817
0.0,1.3108833370357753
0.0,0.5335082462988794
0.0,0.4883222172036767
0.0,0.4674097241461277
0.0,0.48103743808344
0.0,0.45459057072177533
0.0,0.2649074061121791
0.0,0.2741936324583366
0.0,0.2665965125802904
0.0,0.33534960622899235
0.0,0.37022019848227505
0.0,0.37177319694310423
0.0129999995976686,1.4774692038819195
5.307000181376934,7.731383350640535
16.051999542713165,20.39375678241253
31.30600063085556,34.74916080355644
48.77399894475937,46.68819241881371
55.771998076438905,53.64329015254974
52.33399954557419,55.18179421782494
56.75600049495697,51.236100046634675
56.76399867773056,42.99369541168213
51.23800202846528,27.196201988458633
20.1800005209446,14.770754438340663
2.454999993145466,7.113291375339031
2.435999944359064,2.6794496390968563
0.0629999989760108,0.532432893551886
0.0,0.37069989817217
0.0,0.3749478255491704
0.0,0.3735861196555197
0.0,0.3696403514128178
0.0,0.267529531205073
0.0,0.276682682367973
0.0,0.2699748458666727
0.0,0.311556395702064
0.0,0.44600161308422687
0.0,0.4465952763520181
0.1510000076703727,1.3945879321917891
6.033000099658966,5.68781709909439
19.886000549793245,15.069129891991615
29.586999311447144,26.806080045700075
27.749999121427532,37.77241021871566
39.01799881219864,45.63095959186554
38.71399803161621,51.601771458387375
48.34800020217896,52.2204701268673
55.90000186443329,49.34197467446327
51.01500184774399,37.109718464016915
37.41300137996674,23.36304003059864
16.313000334501268,10.862138642966748
5.452000107765198,3.7446821893006565
0.0629999989760108,0.6624369332939386
0.0,0.44393122126348317
0.0,0.4515539436321705
0.0,0.4447535337880254
0.0,0.38111224096268415
0.0,0.2905254299473017
0.0,0.27086837359238414
0.0,0.2407390400674194
0.0,0.3273287494853139
0.0,0.4703898027073592
0.0,0.5942577333934606
0.0380000012926757,1.2370086540840566
5.924000211656094,4.165714802891015
19.64100023150444,11.268306246697904
35.075001511573795,18.911579929590225
45.44399847507477,25.754327226877212
22.53900024056435,31.18886956512928
34.38499906420708,36.25881061315537
31.86600077152252,38.091129791736606
31.36900018453598,36.62598348140716
32.68400084495544,27.62756777048111
28.80699984908104,17.96774198591709
12.851000066399576,8.280019868761302
4.525999919176102,2.729377304017544
0.1319999990006908,0.7611940117646008
0.0,0.5825287277624012
0.0,0.5763477682135999
0.0,0.5040538926329464
0.0,0.4149388677906245
0.0,0.2785912032239139
0.0,0.25715310090221466
0.0,0.251491925669834
0.0,0.28784627492539583
0.0,0.3301927623525262
0.0,0.32808952296152705
0.0,1.21018600538373
2.75100002348423,5.04237694606185
8.027999830543996,12.944386655390261
16.234000307321548,23.84943799316883
33.550000284910205,37.773926053047184
52.00300130367279,48.244161442518234
59.6720015501976,54.37349301934243
63.04799875974656,55.24323069572449
58.29000019073487,52.8849087882042
43.38400015830994,41.64223462224007
37.32799963474274,27.011648131608965
18.73000023007393,12.395036380589008
3.4679999321699144,4.32611711062491
0.0510000008903443,0.5102419769112021
0.0,0.32839970543980596
0.0,0.33287801511585713
0.0,0.32772444476373497
0.0,0.33072809590958063
0.0,0.25919813895598054
0.0,0.25214985592290756
0.0,0.2353326942631975
0.0,0.31355422439984976
0.0,0.34199917720630757
0.0,0.34330852275714274
0.1009999962570145,1.0946316230297088
4.34999984562397,5.377638728767634
12.263000124096871,14.879102702438828
28.83999902844429,26.609015420675277
40.40099840402603,36.96918850302696
45.24300048589706,43.59425130963326
41.34199877977371,43.68773802995682
40.269999918937685,40.45452296614647
38.21000160217285,31.601371631026268
23.63999918937683,18.94364557683468
15.31299949645996,9.84118724912405
4.864999938309193,4.420304750278593
0.4929999872110784,1.6292911550030111
0.0,0.4511360718309879
0.0,0.34287481287494304
0.0,0.3422946769651025
0.0,0.3435538124293089
0.0,0.340655812676996
0.0,0.38098540794104335
0.0,0.3547755020204931
0.0,0.30778694846667354
0.0,0.3946633801050484
0.0,0.43962419393472374
0.0,0.44019407601095734
0.0,0.590983005547896
0.0,1.8739861369132995
0.1980000025127083,4.763213357478381
2.53500004991889,7.399548883736134
4.063000081628561,9.869134931117296
6.567999757230282,9.854316777586938
8.933999940752983,11.00451358795166
11.580999967455863,11.209804387092591
10.547999950051308,10.533355100750923
10.1290001308918,7.332865010499955
5.796000018119813,5.003522907942534
2.2459999699890614,2.6882065092772245
0.166999999769032,0.8801869265548885
0.0,0.4528494890313596
0.0,0.4362444726098329
0.0,0.41494432366453116
0.0,0.4282535108458251
0.0,0.43690774640999736
0.0,0.38005529376678165
0.0,0.35523124400526285
0.0,0.30788338906131685
0.0,0.3926676535233855
0.0,0.45520450095646087
0.0,0.4553091895487159
0.0,0.622069532033056
0.0389999987930059,2.071054356396198
1.5150000321120023,5.137014406472445
4.0790000416338446,8.094289597123861
5.101000247001648,10.815847157537938
8.468999787271024,10.855123801231384
9.403999985456467,12.011817337870598
10.71000012278557,11.890201415419579
10.052999935746191,11.016367083787918
6.01200024843216,8.05270454108715
5.93399999409914,5.234765181094408
2.979000095427036,2.751001820713282
0.6959999932721257,0.930199414268136
0.0,0.47369469832628963
0.0,0.45072806874290106
0.0,0.4304537203721702
0.0,0.4434816412068904
0.0,0.4461610208824277
0.0,0.26396289805881673
0.0,0.26073558015283194
0.0,0.25302061339840287
0.0,0.3121495133824646
0.0,0.3919377378281206
0.0,0.39404733170755213
0.0,1.2334599932283163
1.7790000140666962,5.95214610233903
6.627999992370605,15.585334641635418
21.278000664711,27.8542435413599
36.393000977039335,38.752596349716185
49.14900156974792,45.44981328129769
49.619998819828034,44.96605878591538
38.942999930381774,40.507141724824905
28.9549990940094,29.665254772305488
30.52400059580803,18.417100598216056
21.336999073028565,10.445473681092263
8.232000219225883,4.713046661093831
2.8810000194609167,1.7083347649872302
0.0449999998416751,0.510426610102877
0.0,0.3923749940283596
0.0,0.38934631004929543
0.0,0.3939034571032971
0.0,0.3904728517308831
0.0,0.25573479834012686
0.0,0.2645263373898342
0.0,0.2576232287427411
0.0,0.3073017126694322
0.0,0.3372005274984986
0.0,0.33782448691315947
0.0,1.5139829288423061
2.520000119507313,7.918423802256585
10.879999505281448,21.025796025395394
33.320000153779986,35.803053865432744
47.68800018310547,48.511061253547666
58.390998301506045,56.38647787809372
60.15300166368485,58.3683244597912
57.6769992518425,56.06621576905251
53.98600016593933,50.32534036040306
47.53299893379212,34.97032883763313
34.91199797153473,19.158246022462848
16.463000152111054,8.225615948140621
3.388999904990196,3.171008344888687
0.0,0.5139942381437868
0.0,0.3377854292746633
0.0,0.3444676071219146
0.0,0.33974111936986445
0.0,0.3375309608969837
0.0,0.25648775707930327
0.0,0.2650554287852719
0.0,0.2587766165332869
0.0,0.2936327747907489
0.0,0.3941004462447017
0.0,0.3960635499097407
0.0129999995976686,1.6212040093913673
3.5230000193417075,7.958720501810312
15.955999782681465,20.453973198533056
35.94200123786926,35.041783583760264
49.23800035238266,47.984095209836966
59.34200154066086,55.911397323608405
54.58199829101563,58.46804705142975
53.31999842882156,56.74536706089974
54.18599992275238,52.459951411485676
48.71200173139572,39.68609765887261
35.342001967430114,24.477154643535613
18.385000033378603,10.654810813069345
5.640000022947788,3.6978241916000845
0.0749999970616772,0.6125229401513934
0.0,0.3933369608782231
0.0,0.4028270042315125
0.0,0.3967650469206273
0.0,0.3928083027433604
0.0,0.2543500654492527
0.0,0.2628709209430963
0.0,0.25680487975012506
0.0,0.2951223727874458
0.0,0.39053795314393935
0.0,0.3910443063825369
0.0,1.4835173931345345
6.392000197172165,7.09462227344513
17.070000399947165,18.47940488100052
20.984000693559647,31.646817905306815
46.56599932909012,44.52526936173439
55.31099958181381,53.13095868825913
56.31000013351441,56.52598598599434
59.39699880361557,55.603407721519474
57.58500166416168,52.096958384513854
49.25400082588196,39.94509582400322
35.938998324871065,25.19003016829491
18.648999630212785,11.101852026879786
5.402000168561935,3.7147950404137378
0.0439999983296729,0.6030770572833717
0.0,0.3890228569600731
0.0,0.3975709276366979
0.0,0.39088350252248344
0.0,0.3876286725699902
0.0,0.2574532862938941
0.0,0.26601145836059
0.0,0.25968085542321206
0.0,0.3010924467630684
0.0,0.3932968441583216
0.0,0.3952243723161518
0.0,1.7401121495291592
5.581000074148179,8.434018777757883
19.236999572515487,21.52819959640503
34.725998115539554,36.62561376571655
49.1599985575676,49.51771492004394
55.33199943304062,56.9125093626976
58.42000044345856,59.61467713236809
62.807999873161314,57.73484127163887
58.60100092172623,53.225583311319355
49.82699852705002,40.403730192184454
35.331000871658325,24.828415359258656
18.31299995660782,10.75310794532299
5.26600025177002,3.7839824537187816
0.0380000012926757,0.6257769748661667
0.0,0.392661363221705
0.0,0.40333735309541224
0.0,0.39638612043112514
0.0,0.39500148382037875
0.0,0.24831708845682438
0.0,0.24972883594688022
0.0,0.24366863574832676
0.0,0.30393744430504743
0.0,0.454778942791745
0.0,0.4865457044262439
0.0,1.5261864992231131
5.427999911010265,6.871363291740417
17.915001015663147,18.124858830571178
32.2479992389679,31.307265880107877
38.538999271392825,42.250390231609344
43.74999815225601,49.14794993400574
47.37400064706802,51.889599231481554
50.11999821186066,48.95798179626465
46.30599882364273,43.96281882762909
47.48300104856492,31.067429257631304
27.84399933576584,18.829674553275108
13.993000485301016,8.154081610441208
3.4010000033676624,2.6751946993172173
0.0,0.6822671895753591
0.0,0.4798402909748256
0.0,0.4842376130167395
0.0,0.4717424261756241
0.0,0.3932469068653881
0.0,0.27846181877888737
0.0,0.2714256429718807
0.0,0.2648351719463244
0.0,0.31665832781232894
0.0,0.4511171367391944
0.0,0.4781584536563605
0.0,1.3444299652054905
2.5620000787079333,5.3603463043272495
14.59400004208088,14.32750486433506
27.9669996380806,25.169023128151892
41.51199816226959,34.603462011814116
26.76199966549873,42.61669632196427
34.29499999523163,48.999753507375715
38.86800104856491,51.403891404867174
43.40400177717209,48.74483248472214
48.07499802827835,37.30403589606285
34.15900007843971,23.928192570209504
15.534000131487849,10.897175366580488
4.206999978423119,3.624365535080433
0.0,0.7012076409626752
0.0,0.47291248647496104
0.0,0.4802690263837576
0.0,0.46870480419136584
0.0,0.38270006073638796
0.0,0.26903829697053877
0.0,0.2779078068770468
0.0,0.27090752751100805
0.0,0.31420297594740987
0.0,0.38041490004397926
0.0,0.381614373922348
0.0190000006463378,1.6904156211018562
4.961999984681606,8.36508297652006
13.907999767065048,21.836174820661547
34.10799985289574,36.90349207878113
47.232999298572544,49.70606452465057
53.67600177526474,56.48516321182251
61.664000935554505,58.626451739072806
58.33899984359741,55.99093754649162
55.97200194120407,50.64812680602074
47.95000126123429,36.46561724662781
34.5789991569519,21.407645579576496
14.72300000846386,9.402328305691482
5.954999845325947,3.5252373127639296
0.0,0.5863654908537865
0.0,0.38010422011837364
0.0,0.38941240635700525
0.0,0.38343631487339735
0.0,0.3814467823132872
0.0,0.2620615340257063
0.0,0.27099090610165144
0.0,0.2641467128694057
0.0,0.29335978853516276
0.0,0.3613396404311061
0.0,0.3606091310083866
0.0,1.438786030896008
1.4330000445246698,6.699875803589822
16.945999811291696,17.542876011133192
22.13599986791611,30.45422805607319
40.72000142574311,44.32518744587898
52.308998548984526,53.30360975384713
54.70699916601181,56.131793062686924
47.70999826669693,55.53670279502869
56.79100024700165,51.7029975605011
49.551999888420106,38.63958658695221
27.232000737190248,23.42445802271366
15.707999632358552,10.21705254405737
2.8689999210834505,3.6011310862749824
0.0,0.557081296266988
0.0,0.3605232330877334
0.0,0.36788333536125717
0.0,0.36162986082956194
0.0,0.36193880771286785
0.0,0.25502305551897736
0.0,0.2638051510928199
0.0,0.25712927959393705
0.0,0.2960408852063119
0.0,0.4051751321274787
0.0,0.40736767133697865
0.0,1.643626688346267
4.412000139951706,7.990337098538875
17.60799937605858,20.675509921312333
33.66099920511246,35.406544057130816
45.35499969244003,48.507171022891995
55.278000402450566,55.9220328116417
41.68000108003616,58.022740933895115
47.70499888896942,55.946826356649396
55.289999730587006,51.54455590128899
45.88700003147125,38.21455115914345
33.023999609947204,22.895565349459645
16.81299972653389,9.728978023529052
4.387000170350075,3.4459846465289594
0.0,0.6253816165681929
0.0,0.4045621967874467
0.0,0.41509452066384256
0.0,0.4081079371459782
0.0,0.380346541153267
0.0,0.24776098246220496
0.0,0.2562394345831126
0.0,0.2499301978107542
0.0,0.2931486622616648
0.0,0.3754417586512864
0.0,0.377187766674906
0.0,1.6161213172599673
4.864000165462494,7.93993535026908
18.195999318361284,20.735125549435615
34.59799843549728,35.584184230566024
48.50899906158448,48.81950273036957
52.81700023174286,56.128975007534024
58.27300148487091,58.334799462556845
56.570998871326445,56.14001307487488
56.07799942970276,51.58498020410538
50.1350004529953,37.91542857170106
34.26599990725517,22.281679146885875
17.166000159978868,9.399276867508888
4.090999883264304,3.320056658089161
0.0,0.5819350324012339
0.0,0.3752949635498225
0.0,0.38438470622524623
0.0,0.37799141690134996
0.0,0.37636617625132207
0.0,0.2377204895718023
0.0,0.24644889292772854
0.0,0.2395077937468886
0.0,0.3104286184255034
0.0,0.3617892044410109
0.0,0.3648899220023304
0.0,1.569769945591688
4.177000117599964,8.146589219272137
14.864000329971311,22.910522403120993
32.21999943733216,38.15963194727898
47.36299955129624,49.779471575021745
55.5789982700348,55.79807741045953
59.1980013871193,56.12520185351372
58.84399861335755,52.20069855332375
53.41900007486343,44.332066211700436
28.695000642538076,27.934990475177766
22.4330006980896,14.178103267252446
5.461000117361546,6.03537295550108
1.0829999566078186,2.3116993468254807
0.0,0.5276219039410353
0.0,0.3631119971163571
0.0,0.3696579867228865
0.0,0.3666275857482105
0.0,0.36163241225294773
0.0,0.3339509448129684
0.0,0.316446768278256
0.0,0.2777896952303126
0.0,0.36653634428046644
0.0,0.47447143825702365
0.0,0.4760834082961083
0.0,0.7225022217072546
0.280000006146729,2.4178789973258974
6.9800001394748685,6.407310277968645
7.939999793767929,10.385980778038501
17.556000918149948,13.403107290565966
10.944000372290612,13.888747849464416
16.93899986088276,15.19274279266596
21.588999341726304,15.506318696141243
11.14100029706955,14.155635850131512
23.55200069308281,9.966223041713238
11.855999633073807,6.344380816221237
4.363999746441841,3.1924029446393254
0.8180000092461706,1.1277318002469836
0.0,0.5126813944149762
0.0,0.4706996482051909
0.0,0.4522159016039222
0.0,0.464065401814878
0.0,0.4252315825223923
0.0,0.26980496760457756
0.0,0.27910501817241307
0.0,0.27158757812343537
0.0,0.30230423647444693
0.0,0.3758183744177222
0.0,0.3757216931227595
0.0,1.4758069595694543
3.851999999284745,6.902847407013178
16.73399969935417,18.29540457069874
32.45699951887131,32.29682841181755
40.80400083065033,45.76350266695023
43.388999536037446,53.65949191570283
58.72499945640564,56.01894967198372
58.471000669002535,54.89615187525749
55.10600044727325,50.48204230189323
46.12899949073792,36.6187699174881
30.829999895095828,21.425969099998476
15.33700020670891,9.253956007361412
2.962000105828047,3.418692953139544
0.0,0.5767348945606501
0.0,0.3746941274125129
0.0,0.38371873658150435
0.0,0.3772682408150285
0.0,0.3763392820023
0.0,0.2577816416462883
0.0,0.2662675715237856
0.0,0.2600262523582205
0.0,0.2832911497540772
0.0,0.4006459384039044
0.0,0.4079028604738414
0.0,1.3957749377936124
3.8509999696910384,6.824026845991612
15.000999506115914,18.01133249282837
29.26499953866005,31.00465256035328
45.0299990606308,43.0128651702404
48.19999890327454,51.11348383784294
60.05300178527832,54.33397451996804
62.87599880456924,54.0832703101635
60.43099910736084,50.47585367202759
50.89299977779388,37.25857318997383
34.73400040626526,22.28633859157562
17.30099979043007,9.48202899545431
3.620000065714121,3.2887939871102576
0.0,0.6153981054667383
0.0,0.40535703738220036
0.0,0.41527324867434795
0.0,0.40767313608899713
0.0,0.3476715851202607
0.0,0.245478782383725
0.0,0.25429082910064604
0.0,0.24746109393425286
0.0,0.28809730931185185
0.0,0.4269826773460954
0.0,0.4378793091792614
0.0,1.5459754031896593
3.735999904125929,7.538071596622467
17.690000262260437,19.89547143340111
33.624000934362414,34.0074176722765
48.87599939584732,46.791320502758026
54.56299901247025,52.87828266143799
53.34799823045731,53.65231943130493
44.1929997086525,51.68402087569237
47.33099860429764,46.1413171851635
41.73499834299088,31.934404336214065
32.72600054740906,18.683580371141435
16.754000291228294,7.817779488861561
2.3409999571740627,2.673831501081586
0.0,0.6262729779910297
0.0,0.4337914154212922
0.0,0.4413870509807021
0.0,0.43735073127783836
0.0,0.37060872089117763
0.0,0.2508913863962516
0.0,0.2597222719248383
0.0,0.2528254375327378
0.0,0.296295963358134
0.0,0.3909408052451908
0.0,0.3929183509293943
0.0,1.5721169341728092
3.1600000602006912,7.685976101905108
17.26000037431717,20.26304071903229
32.93599905967712,35.01824399113655
42.3039990067482,48.13902456998825
48.45299945831299,55.48547868609429
54.64699841737748,57.15660182356835
59.570999331474304,55.380547211170196
55.89400014638901,50.70660555839538
47.56200107574463,36.397909979820255
31.63500035405159,20.523769358992574
15.599000257849694,8.335116749554873
3.1889998914301394,3.1100630240142344
0.0,0.5961573242675513
0.0,0.390766313560307
0.0,0.40103699618950484
0.0,0.39371059196069835
0.0,0.3604678559675813
0.0,0.25104657391551877
0.0,0.2598866301262751
0.0,0.2529501363448798
0.0,0.3021178301237523
0.0,0.3818818080238998
0.0,0.38376114797778427
0.0,1.6419084089994431
2.4390000331401827,7.972247474640608
17.02899995684624,21.06017239570618
31.767999411821368,36.0200297343731
46.60500022649765,49.04460412859916
52.30399917125702,56.15801617503167
53.64200025558472,58.06485155105591
55.1839981341362,55.745705128908156
52.645998508930205,50.74954187393189
43.66700108766556,36.55235665559769
29.999000207185745,20.935220816135406
14.43799953341484,8.612912646830083
2.728000113070012,3.1894551038742067
0.0,0.586182719077915
0.0,0.38182481018826364
0.0,0.39163288285024467
0.0,0.3851782791316509
0.0,0.3791917573008686
0.0,0.22620979110710318
0.0,0.2349888779269531
0.0,0.22747930075507605
0.0,0.3171760421060026
0.0,0.32741710254922507
0.0,0.3308264781534671
0.0,1.4890515106916429
3.562999919354916,9.310845495760443
15.678000285029412,24.59285511493683
30.967000098228457,40.86406936049461
44.80100126981736,52.31626551628113
52.54599863052368,57.08610525727272
55.49299829244614,56.03637971282005
52.74599838733673,49.323681963682176
44.60600089073181,35.79599024176598
35.05999927043915,19.946588735580445
21.46199994802475,9.30561376199126
11.525999623537064,3.7405412451922895
0.94299998562783,1.543779638595879
0.0,0.45420872373506427
0.0,0.33014351506717504
0.0,0.33336427790112794
0.0,0.3333135222271084
0.0,0.3267746252566576
0.0,0.23487362259067596
0.0,0.2358264909684658
0.0,0.2385377875063568
0.0,0.2907357217930257
0.0,0.30961396017111836
0.0,0.3102273929584771
0.0,1.3329220508411526
1.6320000284910203,7.653357678353787
11.650000212192536,20.94914061188698
22.910999952554704,36.24233772516251
41.45200152158737,48.73911010742188
51.513000667095184,55.58670889616013
55.44700155258179,54.77967705488204
50.12300112485886,50.51628413677216
35.068999793529514,39.978281915187836
19.76699933886528,23.223404576182368
8.687000076770783,10.663572047948838
4.20100005760789,4.595797363370657
0.2100000046100467,1.8605365091189743
0.0,0.44062128698453307
0.0,0.3110637784283608
0.0,0.3153339304681867
0.0,0.3129804108850658
0.0,0.3088618679530919
0.0,0.251634957822971
0.0,0.24582045648712658
0.0,0.2382865846296772
0.0,0.3242890414316207
0.0,0.3209773420169949
0.0,0.3221997466124594
0.0,1.2525943848863244
1.5079999533295632,7.1910163968801495
11.289999828338622,19.359108449220656
25.60599934577942,33.857891296148296
34.34499993443489,45.79462656617165
48.57800033330918,51.48951755881309
51.66499900341034,50.46717767715454
42.76199869632721,44.877076435089116
44.43200036287308,32.8003924793005
28.07999913096428,18.305972791016103
10.62800026357174,8.86348488867283
7.973999772965908,4.069646619781851
2.7780000522732737,1.5688608686253427
0.0,0.4357434950117022
0.0,0.32238774960860606
0.0,0.3243506286200136
0.0,0.3245450823847204
0.0,0.32008476104587313
0.0,0.2881291780341416
0.0,0.29836193431634456
0.0,0.2892987890262157
0.0,0.2997331238025799
0.0,0.36861175871454177
0.0,0.3671567573770881
0.0,1.4721240521222354
1.738999985679984,6.719541083872318
14.22399987578392,18.38635668456555
28.059999566078183,32.854394590854646
40.88199851751328,46.22828663945198
46.7840001320839,54.34077112674713
42.48799829006195,55.95596655011177
43.39500125408173,55.0887716960907
47.30799818038941,50.22948951363564
39.80799908399582,35.74324413657189
27.330000042915344,20.46232774615288
12.837000165581705,9.097835084348917
2.1819998732209207,3.4992688934504983
0.0,0.5637793282419443
0.0,0.3676441113371402
0.0,0.37604625343345105
0.0,0.37009546757675704
0.0,0.36730671367608014
0.0,0.25483586288057264
0.0,0.2639287507068366
0.0,0.2565949168615043
0.0,0.29441774667240683
0.0,0.37308814278803765
0.0,0.3733487410005182
0.0,1.493516341149807
1.4919999933242798,6.97553582251072
14.004999813437465,19.035032106637953
28.791999661922457,33.3726425331831
40.806999635696414,46.28038163423538
48.42700022935868,53.86371259331703
54.706000933647154,55.56356674790382
53.83400182962418,54.125678753852846
49.98299800872803,49.15300271511078
41.92600168466568,34.50842248558998
27.929999313354493,19.268759177327155
13.132999682426451,7.983784658163785
2.1419999732077124,2.9894713937491177
0.0,0.5636112873256206
0.0,0.3727283599972725
0.0,0.3819129706919193
0.0,0.37552521747536954
0.0,0.3565064742974937
0.0,0.2631668138457462
0.0,0.261221754681319
0.0,0.25526088348124176
0.0,0.30833757451735433
0.0,0.3362277130875736
0.0,0.3346563572157174
0.0,1.1823847975581883
1.111000014990568,5.230183017253876
6.591999953985215,14.806341627538202
15.585999616384507,26.296845977306365
37.37699928760529,37.70857675075531
42.72899951696396,45.9438273870945
49.7140010881424,49.95713228821755
37.7690006184578,49.6731166946888
48.27100074768067,44.720766803026194
37.97499798536301,30.078564050793652
18.079000734090805,16.27240298420191
6.451999918818474,7.3024833668768405
0.4460000084154308,2.669933696389198
0.0,0.48722489654086526
0.0,0.3356362803094089
0.0,0.3405000956170261
0.0,0.33608919807709753
0.0,0.33590897772461176
0.0,0.24725532725453375
0.0,0.25626535800751293
0.0,0.24915295240934937
0.0,0.30221695051528513
0.0,0.3976354513689875
0.0,0.39971129906363784
0.0,1.5730686953291297
2.69200007468462,7.002190269827843
13.892999579906464,19.198238990306855
28.681998974084856,33.2909713101387
42.00699817657471,46.114995481967924
49.38099816560745,53.17498566508293
52.163001930713655,54.92957006573677
50.97100157260895,52.32356534719467
46.86700130462646,46.89678601145744
38.79199982643127,32.80419746994973
26.44800012946129,18.85916451454163
12.010999855399133,7.966843720376491
1.7360000252723695,2.8773538268357517
0.0,0.591417020317167
0.0,0.39725488811731335
0.0,0.4051807645149529
0.0,0.4005037487018853
0.0,0.38356056437827646
0.0,0.24069003348238766
0.0,0.24572479415684934
0.0,0.2420573476934805
0.0,0.3055441831238568
0.0,0.31452044362202286
0.0,0.31539561393670734
0.0,1.4046970888599755
2.435999944359064,8.022625602185727
11.970000439286231,21.863870633840563
25.94900102376938,37.25161021113396
39.83500065326691,49.573983594179154
48.26900017499924,56.223016301393514
52.41099900007248,56.207155498266225
51.08199843883514,52.849128525257115
47.51300142288208,44.50469468355179
38.49699956893921,26.960703363418585
13.082000483870509,12.728315562903882
6.494000134766102,5.463005824983121
0.3580000037327409,2.1980138259381055
0.0,0.46105013286694885
0.0,0.315699377739802
0.0,0.3218553686421365
0.0,0.3181243211310356
0.0,0.31438963102176787
0.0,0.21450593063607803
0.0,0.22287529737222936
0.0,0.21640597884077578
0.0,0.3063699456863105
0.0,0.4462999531067908
0.0,0.4562253912445157
0.0,1.418848406225443
2.1859999915957453,7.588292594999075
14.319000376462936,20.645155236124992
30.09300042152405,33.92178124845028
42.74000061273575,42.279470424652104
51.209998118877415,44.8317883169651
38.09999886035919,44.60323007702827
39.08099836587906,39.05688468694687
35.738998568058015,30.845821672677992
21.660999418497084,18.23621411561966
24.772999085187912,9.68000815331936
7.204999865889549,4.069274336621165
0.6669999694824219,1.432439950928092
0.0,0.4860824686381966
0.0,0.384464249657467
0.0,0.38049893654882905
0.0,0.3906717343814671
0.0,0.36374051379039885
0.0,0.24513982819393276
0.0,0.25343967265449463
0.0,0.24639570618048312
0.0,0.3261698576807976
0.0,0.38168658401817085
0.0,0.3846697274968028
0.0,1.5798647886142136
2.6990000250935555,7.75151359975338
14.229999539852145,21.527298927903175
29.23900030970573,36.42255153059959
41.69299864053726,48.135573890209194
47.77499839305878,54.498368601799015
51.201001703739166,54.97585230827332
53.56799960613251,51.70057797670365
43.51899978876114,44.90900343894958
41.71200202703477,29.066116117835044
27.104999289512637,14.95198444843292
10.56199985086918,6.320762402266264
1.9280000588297843,2.4082651056349276
0.0,0.5613471157010645
0.0,0.3821113238018006
0.0,0.3908798438776284
0.0,0.38541695756837724
0.0,0.3685544880852103
0.0,0.30205070682801305
0.0,0.2861401348980144
0.0,0.24688081360422076
0.0,0.32808127496391537
0.0,0.34348559795878825
0.0,0.3427293977886438
0.0,0.8060991435870528
0.6719999890774488,3.235951730161905
3.692999915331602,9.222905024290084
3.7240000624954703,16.817648901343347
8.681000412702561,24.477584951519965
12.623999767303468,27.307836614251137
30.20999900579453,30.092106941938397
30.17599954009056,27.689689249396324
24.165999864339827,21.54514387190342
14.741000027656556,12.500181469023227
6.358999990820885,6.413593133985996
0.6230000152811408,2.797551208510995
0.17700000686571,1.0468870137259363
0.0,0.4140053838118911
0.0,0.34323222075589
0.0,0.3380640158243477
0.0,0.3398450377210974
0.0,0.34075191629119217
0.0,0.2937877216096967
0.0,0.28176650579087437
0.0,0.2445772955007851
0.0,0.3331696476228535
0.0,0.37308265482075514
0.0,0.3707513759471476
0.0,0.958079058304429
1.4060000157356265,3.7450190413743263
13.3080004966259,10.611780014634132
26.788000948429108,18.642801757454873
13.782999919056891,25.335088119506835
22.14400010466576,31.208019810914994
39.44700046777725,38.30412300109863
29.875999904870987,42.46120417237282
28.14300073862076,39.26947120904923
40.43900106906891,25.217551393508913
15.39199952363968,12.81021683126688
5.86399997651577,5.418785774409772
1.806999944075942,1.966035651676357
0.0,0.5045473764277995
0.0,0.3710434417147189
0.0,0.37412625117227427
0.0,0.36886577778495844
0.0,0.3419505076017231
0.0,0.23421373464167114
0.0,0.2404673054534942
0.0,0.23403710874728856
0.0,0.29164276083000007
0.0,0.3520289027690887
0.0,0.3538098604790867
0.0,1.4402324793487788
2.222000029981136,7.051797899603844
13.490000234246256,19.359610646367074
28.52400097370148,33.91609584271907
42.7070014333725,46.53665828108788
50.88199868202209,53.93885525345803
53.151001386642456,54.908933768272405
51.21199869155884,53.14984910607339
48.41199798822403,47.805951812267296
41.439998085498814,32.729629923105236
26.307000834941864,17.42183263450861
11.50600005865097,6.851161923706531
1.217999972179532,2.5244204043596983
0.0,0.5283905402943492
0.0,0.3524630298651755
0.0,0.36028524465858935
0.0,0.35409284382127226
0.0,0.3486999210715294
0.0,0.34322751907631754
0.0,0.3343232279736549
0.0,0.3015138327889144
0.0,0.41110881221480666
0.0,0.4742924374528229
0.0,0.47923550735227766
0.0,0.6903412892296911
2.5080000211298468,2.413527520671487
5.319000023007393,6.843824094235897
4.210000067204237,10.916428311169149
2.140999943614006,13.076438830196857
3.1639999218285086,12.697621458172797
4.891999967098236,12.824273216426374
15.359000344276428,11.999009770154952
11.834999781847,10.302063532173634
7.8500002112984655,6.744566728174687
7.523999806642532,4.183525086045265
1.7410000448673963,2.120777971632779
0.1520000051707029,0.7949242300912738
0.0,0.48745649838820104
0.0,0.45624390912242235
0.0,0.45034014006145295
0.0,0.465183262238279
0.0,0.4347729110904038
0.0,0.32906830674037335
0.0,0.3147093612793833
0.0,0.27773969375062735
0.0,0.37501145066693425
0.0,0.47931031701155
0.0,0.48352255655452614
0.0,0.74064175080508
1.4550000537186862,2.599839837774635
2.916000028252601,7.232756271362304
13.759000235795977,11.807156082391739
12.364999548196792,14.303014280796052
12.421000178456309,14.504256693124772
13.857999827861786,15.474840486049654
22.795999886989595,15.230454306602478
13.193000431060792,13.506154755949975
12.586000183224678,8.792159286290406
7.568000081777573,5.4370122444629665
3.757000012099743,2.6500930579006674
0.2040000035613775,1.005054421480745
0.0,0.5122159281373024
0.0,0.4769041161518544
0.0,0.4568599414732307
0.0,0.4694192669261247
0.0,0.4260790241602809
0.0,0.25197737007401877
0.0,0.24578789775725451
0.0,0.22722659751307214
0.0,0.3227130962070077
0.0,0.38489672394469376
0.0,0.38921442232094705
0.0,1.346034698188305
2.4439999243617057,6.74728131428361
12.429000415205955,18.46362931787968
24.729999096393584,31.884150730967523
38.4920001912117,42.461300709247595
49.11999942779541,48.24848095417023
54.36799863338471,48.75293336629868
49.2499996805191,45.157181258201604
39.36699810028076,37.486221518516544
32.23999900221825,22.99080719232559
17.069000113606453,12.18643611252308
9.401000153422356,5.00684829518199
0.6259999756887555,1.8015925311669707
0.0,0.52477294286713
0.0,0.3860170876514166
0.0,0.3889937322214246
0.0,0.38773971565067766
0.0,0.38469546638429164
0.0,0.2525782864447683
0.0,0.2525386270554736
0.0,0.24225580510683353
0.0,0.3300061554182321
0.0,0.39560223972424857
0.0,0.4004996567964554
0.0,1.3200912475213409
0.6710000236704946,6.518617037832737
8.560999942421914,18.633679022789003
20.23299926519394,31.67469960331917
36.05100163936615,41.753206840753556
38.58599835157394,46.648335013389584
36.955001690387725,44.95868706583977
40.18300170898438,39.1528752040863
24.758000952005386,28.49953811883926
23.653000857830047,16.245175477564334
16.00100034415722,8.158464538604022
5.215000026226043,3.7535910537093877
0.1999999975133687,1.4137844566255808
0.0,0.46897039292380216
0.0,0.38336585386656225
0.0,0.3887348189111799
0.0,0.3999811080750078
0.0,0.3840519781503826
0.0,0.25650114001706237
0.0,0.2657600629236549
0.0,0.2579784061340615
0.0,0.3047655737539753
0.0,0.4101030860468745
0.0,0.41188831217586996
1.7689999748766423,1.3870959903299807
12.980000032782556,6.081652117073537
27.596000212430955,16.458435703814033
34.42799905300141,29.172211170196533
34.84100023508072,40.92982740402222
46.44999897718429,47.65643262505532
26.95499947190285,49.1635971236229
36.83400196075439,47.286575210094455
33.5909997010231,41.57405494093895
16.793000161647797,27.39830193579197
9.749000182151796,15.04695465296507
0.3570000062324107,6.334587458372116
0.0,2.320488695502281
0.0,0.5793574368674308
0.0,0.40969700856134295
0.0,0.4157614049687982
0.0,0.411210564263165
0.0,0.35632716860622166
0.0,0.24136940211057661
0.0,0.2503878734214231
0.0,0.24279452451504765
0.0,0.3054840882774442
0.0,0.36895183617249133
0.0,0.37178975712507967
0.7909999804571272,1.4965589215606454
11.1330000603199,7.123477812856436
27.218000836372376,20.148563390374186
39.78100162267685,34.773984131217006
43.88600012302399,47.019835609197614
47.070998098850254,52.98296971321106
46.91800153017044,52.87360986590386
40.63400144815445,49.54323968052864
38.6349980044365,42.20724441051483
24.043999848365782,26.473724125623704
8.932000395059585,13.457978233993053
0.5220000110007823,5.484893507361412
0.0,2.115452717766166
0.0,0.5280538326408714
0.0,0.3706365939881653
0.0,0.3765429144725203
0.0,0.37282009891234336
0.0,0.36164661357179284
0.0,0.24852009510621426
0.0,0.2586546135647222
0.0,0.24678346637170762
0.0,0.393502482464537
0.0,0.5305303661338985
0.0,0.5479577432200313
0.064000000488013,1.2253625456430017
5.868999867737293,6.382333929091693
25.32799984812737,16.4902928724885
32.80199971556664,27.02595510184765
37.27200003147125,33.09488026976585
34.29000061750412,31.77926547050476
36.02300183773041,27.982529751062394
11.024999945163728,19.874266184568405
12.357000338435173,12.537860632836818
4.369999924004078,6.756975311040878
2.100000014007092,3.951373158246279
0.4279999892227352,1.9794158935919404
0.0,0.7314762035757303
0.0,0.38452980037778617
0.0,0.35099029693752526
0.0,0.38125008201226585
0.0,0.4349966982007027
0.0,0.44815020041540266
0.0,0.23591519705951208
0.0,0.24469137140549715
0.0,0.2375199781823903
0.0,0.29753985446877773
0.0,0.3601143795251846
0.0,0.3623162739537656
1.493000022917986,1.5018995160609485
12.572000282406806,7.224622012674809
26.993000082969665,20.20691274225712
39.956998615264894,35.115622996091844
47.4539989066124,47.61657727360725
47.706001229286194,54.19998955368995
46.451999549865725,54.82804202914238
47.4780016708374,52.53466273665428
39.39699847459793,46.29163126111031
24.68799939393997,30.503488563895225
9.506999695897102,15.620008324980736
0.4169999846257269,6.05187408566475
0.0,2.3399416460096836
0.0,0.534184870943427
0.0,0.3609094126801937
0.0,0.3687310658395291
0.0,0.36292333620600403
0.0,0.3462728595174849
0.0,0.2388957650447264
0.0,0.24717222948092965
0.0,0.23989611557219176
0.0,0.3003888476360589
0.0,0.3474611488543451
0.0,0.34823522503487764
1.7710000340640546,1.4317242044582965
12.493999514579771,6.875872025936842
26.88499996781349,19.505375165343285
41.1520018863678,34.20141263008118
50.14299863576889,46.32869525909424
53.01999879360199,53.85456418395042
51.91500075340271,54.755080691576005
47.9889980506897,52.993576445579535
39.23599961519241,47.17058512806892
24.53599900364876,31.35668659806252
9.258999545574188,15.95698723167181
0.3729999983310699,6.198327200114727
0.0,2.412114513516426
0.0,0.5196467321179807
0.0,0.34766929044388234
0.0,0.35516771516762674
0.0,0.34908045222982764
0.0,0.3470688554737717
0.0,0.24247175341006363
0.0,0.25003751805983476
0.0,0.242313484926708
0.0,0.30259521909058096
0.0,0.3465036269370466
0.0,0.3475131080299616
1.4079999465495348,1.3991976963356136
11.758000327348707,6.69970609381795
25.905998980998994,19.000507850050926
37.07299850702286,33.49528647065163
44.127001349926,45.62435400485993
51.64800029754639,53.03132030963898
50.895000350475314,53.69889950037003
47.88799993991852,51.66599312782287
39.2260008597374,45.536793005466464
24.20500076174736,29.804556455612186
9.000000353455544,15.179270763695241
0.323999992441386,6.013210810571909
0.0,2.326770267784596
0.0,0.5101775494590401
0.0,0.3470241814944893
0.0,0.35403979347087444
0.0,0.34869945571757854
0.0,0.34653506239876153
0.0,0.2602189650572836
0.0,0.25494939319789406
0.0,0.24759120850358152
0.0,0.31118006877601145
0.0,0.3660823995247483
0.0,0.36591066787019366
0.5279999960027635,1.2992735582962633
10.5839999884367,5.881342209875584
13.996999576687813,16.41075727105141
38.199998738765714,29.257610359787943
45.39999819993973,40.34684121727943
45.59600091934204,48.18721084833145
41.00499881982803,50.40088970780373
45.97900172710419,49.38265367031097
38.05900149822235,44.06135216712951
23.514000082015997,28.996482221484186
8.400000056028366,15.1547616943717
0.2430000023543835,6.228515513241291
0.0,2.32741457439959
0.0,0.532310248715803
0.0,0.3650626164581626
0.0,0.3720142823830247
0.0,0.36596625359728935
0.0,0.34398363901302215
0.0,0.25223058681003746
0.0,0.26144202756695445
0.0,0.25352051586844027
0.0,0.31203930472955105
0.0,0.39015310542657977
0.0,0.39228243673220276
1.5590000505000354,1.5740482493489982
11.11600032746792,7.163581438660621
26.149999012947085,20.096463260650633
38.64099972248078,34.71227242052555
48.2570008468628,47.163856302499774
50.31199978590012,53.285738108158114
49.50500080823898,53.2735518682003
45.73599992752075,50.6069486939907
37.08899898052216,43.74132215738297
22.86100001335144,27.76466656446457
8.142999896109105,14.07410275697708
0.1699999922700226,5.8472700847685335
0.0,2.2821704883873464
0.0,0.5692612298764288
0.0,0.39056739881634717
0.0,0.3991467444878072
0.0,0.39331868370063605
0.0,0.35111724228598173
0.0,0.24718595742248
0.0,0.2432633686205372
0.0,0.2275846793549135
0.0,0.3063692556787282
0.0,0.3174776877462864
0.0,0.3170114030875265
1.1370000141859056,1.1097516789473594
7.638000099360943,5.48782145023346
15.34599970281124,15.889562386572361
25.61399958252907,28.060125885605814
24.513000633716583,38.964794670343395
40.088999440670015,46.13525590181351
47.22799992084504,47.63565665721893
37.37499871492386,45.71019171833992
35.786001756191254,38.58772779941559
12.375000357627869,22.44145280957222
6.386000019609928,10.526723325550556
0.0839999986346811,4.156113748550416
0.0,1.635991802588105
0.0,0.4421294991392642
0.0,0.31808097902685406
0.0,0.32172176391817625
0.0,0.3176897768210619
0.0,0.31629868944175543
0.0,0.3342210426647216
0.0,0.31258031881414355
0.0,0.2647942609153688
0.0,0.34528239374980324
0.0,0.3806994078215211
0.0,0.378501252271235
0.0,0.7341092725098133
0.1439999930746853,2.5710810919851066
3.420000052154064,7.0636221262812615
7.339000236988068,12.03422056823969
17.521999398469926,15.818139477074146
21.51400045990944,18.18558822721243
26.872000353336336,22.79189912378788
29.29199905395508,27.406826963424685
15.951000404953955,27.326184782385823
12.662000378370283,17.086330536603928
5.375000139772892,8.904921544939278
0.0,3.765297048389912
0.0,1.384389106631279
0.0,0.4659055878501385
0.0,0.3780861244536936
0.0,0.3756755909882486
0.0,0.37352541503496467
0.0,0.343540301118046
0.0,0.2332876562094316
0.0,0.24235693133436137
0.0,0.23479012364987284
0.0,0.3013481828290969
0.0,0.35602980743162327
0.0,0.35797956025227906
1.1720000229775906,1.391866606473923
11.499000108242036,6.494769348800183
25.74899921298027,19.062281180024147
39.21299919128418,33.4168399900198
44.77800084590912,44.83567033171654
49.238998584747314,51.559482145309445
47.02300078630447,52.09531725764275
42.88600133895874,49.5150899386406
32.6190007185936,43.00937751889229
20.886999620199205,27.028982662558555
4.695000042319298,13.221948142647744
0.0,5.307086191624403
0.0,2.0559765674546364
0.0,0.5137051891535521
0.0,0.35686484497971827
0.0,0.3641294052731246
0.0,0.3589309202414006
0.0,0.338837803164497
0.0,0.2375972510082647
0.0,0.2417188107175752
0.0,0.22273780934978277
0.0,0.3406263990979641
0.0,0.4805217617191374
0.0,0.4900957132037729
0.7629999862611294,1.2872769901901484
10.581000156402588,6.386774882078171
25.31399994730949,17.34116272479296
37.11800112247467,28.640295044183734
40.31499842643738,35.654620204567905
36.71400046348572,37.09192384243012
25.74099897623062,37.433074887990955
20.166000620126724,33.69985632419586
30.606999714374545,27.814834929704666
13.594999490380289,14.772705715596677
2.3430000163614757,7.758261424601078
0.0939999977080151,3.4169276890903713
0.0,1.2172358930855989
0.0,0.45557976880110806
0.0,0.36993224066682157
0.0,0.36983305608853695
0.0,0.38225446025840937
0.0,0.36302327497862275
0.0,0.21998488770332186
0.0,0.22135204144753515
0.0,0.1982794034318067
0.0,0.28513794702477757
0.0,0.2820521207898855
0.0,0.2848730482999235
0.1830000079143792,1.121499298736453
9.019999918341638,7.365412828624249
13.479000165462494,20.189160227179528
39.97400142908096,35.13169946670533
48.775001285076144,46.67831895589829
52.1879988193512,52.226274663209914
43.80499952316284,49.02879467487335
35.64799921274185,41.41471980214119
26.175000009536745,26.44841605961323
18.89199937582016,12.846511615216732
3.4110000425577165,5.620975069701672
0.0629999989760108,2.2289004267379644
0.0,0.9060412860102952
0.0,0.3681583595462143
0.0,0.28505957500077783
0.0,0.2854582870565354
0.0,0.28568486629053946
0.0,0.2806873499788344
0.0,0.4004143205098808
0.0,0.3834371172077954
0.0,0.33860430780798195
0.0,0.41665318360552195
0.0,0.4270238531474024
0.0,0.4273108802549541
0.0,0.5872088245395571
0.7340000266581774,1.8999160441756247
3.6149999177455903,5.2893680806458
2.581999900341034,8.110905493199825
0.1889999929163605,9.679266667962075
2.2860001267492773,9.141176803410053
4.557999839186668,9.813844719827175
4.871000115871429,10.843922956287862
7.509000132977962,10.494168832004071
0.6430000294744969,6.84478535503149
0.0,4.0612367431819445
0.0,2.0189039042592047
0.0,0.7411404176801444
0.0,0.44210156185552474
0.0,0.42427893879823386
0.0,0.4088602058775723
0.0,0.4169104762002826
0.0,0.41277407330460847
0.0,0.23413887684233486
0.0,0.241124738259241
0.0,0.23357166653964664
0.0,0.3162522503267974
0.0,0.35970199569128447
0.0,0.3633254982996732
0.9070000114291906,1.3814734876155854
11.371000428199768,7.151249879896641
26.19900071978569,20.60655691802502
39.56700196504593,35.182588777542115
49.5969983959198,45.88092437028885
50.481999168396,50.98849528670311
43.62100023984909,49.49175882458687
37.843001267910005,44.343163844347
20.153001005649568,35.0727236521244
15.295000504255295,19.313167166709903
3.451999972164631,8.89319205790758
0.0,3.627824815884232
0.0,1.4579271621629595
0.0,0.4520894697494805
0.0,0.3576489984802902
0.0,0.35702362695708867
0.0,0.36431371753104025
0.0,0.3425718193128705
0.0,0.2731090207723901
0.0,0.24919334994629022
0.0,0.2233407235331833
0.0,0.28565245198085903
0.0,0.30262087774463
0.0,0.30045171855948866
0.0129999995976686,0.903164596259594
1.3819999473541975,3.7946405354887247
5.298999944627285,10.628952281475067
18.65200048923493,19.86398706138134
39.14700083255768,29.87627102971077
51.97399916172028,37.52149855732918
50.56299976825714,43.38773017883301
45.7319987821579,45.22620923161507
36.2639989566803,41.7971619284153
21.71699902176857,27.054895624518394
6.7869998195767405,13.400858186781406
0.0320000002440065,5.201984236687422
0.0,1.86463804256171
0.0,0.42180237321183084
0.0,0.3021846645791083
0.0,0.3058163991384208
0.0,0.3000730809103697
0.0,0.30167588829062875
0.0,0.2214329247782007
0.0,0.22045994990039613
0.0,0.21359527307096865
0.0,0.2981972391344606
0.0,0.3200063248351216
0.0,0.32278180812485513
1.0269999682158233,1.3839227256923914
11.044000250697136,7.59588023930788
24.45699897646904,21.087266393899917
38.54700156211853,36.20303283929825
47.99700034141541,48.38832591414452
50.24600142717362,54.00540818572044
49.51200075864792,53.4222001695633
44.95700075149536,50.104702252149586
35.80799983978272,42.78175589203835
21.37700025677681,25.94987088263035
6.526000054776668,11.90258278310299
0.0320000002440065,4.269786303713918
0.0,1.6838602281361819
0.0,0.46200171750970187
0.0,0.32183100976981227
0.0,0.329473148630932
0.0,0.3233363656140864
0.0,0.31992893165908753
0.0,0.2303506389353424
0.0,0.22720223864074796
0.0,0.21726791063789275
0.0,0.29977612090297046
0.0,0.3362767196726054
0.0,0.3388682437315583
0.9759999994188548,1.3371600453183055
11.07000050663948,6.915777956545353
25.359000508785247,19.261001309752466
38.82999838352203,33.52294325828552
48.08399855136872,45.44213551878929
51.0040007519722,51.7434465110302
50.13700102567673,51.41360671162605
45.61000082015991,48.42688520669937
36.15199975013733,41.26033063769341
21.59900015115738,25.38925660312176
6.426000176370144,12.182103763520718
0.0320000002440065,4.4951183891296385
0.0,1.7160957777127626
0.0,0.47848020579665895
0.0,0.3376557880826294
0.0,0.3443361526541412
0.0,0.3389738469850272
0.0,0.33397738975472746
0.0,0.2251815835293382
0.0,0.2236551022203639
0.0,0.21702485947869715
0.0,0.29828669941984115
0.0,0.34550943833775816
0.0,0.34897722388617697
0.1069999973056838,1.3846008587256073
7.636999813020229,7.099914086014032
22.82800083398819,19.968771677017216
37.7530001449585,34.51460084557533
46.93599846839905,46.25976998448372
49.80399810314179,52.054291139841084
44.669998676776885,51.652551908493045
39.482000219821934,48.2335731959343
35.41799908161163,40.56153306484222
21.085000858306884,24.48031982064247
6.051999891698361,11.564066475331783
0.0320000002440065,4.2374105060845615
0.0,1.6513846201077105
0.0,0.48762707468122246
0.0,0.3473075018171221
0.0,0.3543725857324898
0.0,0.3489566359855234
0.0,0.328758750082925
0.0,0.22101026304066174
0.0,0.22294653664343056
0.0,0.21655197963118555
0.0,0.2984201115835458
0.0,0.31370809609070416
0.0,0.3159979103226215
0.9169999864324928,1.3588988786190748
9.928000087738038,7.740590555071831
24.69800020337105,21.404867576956747
38.88299918174744,36.63326688051224
48.39299870967865,48.32184487104416
50.91500196933747,54.239296493530276
49.12100176811219,53.665501849651335
44.29299958705902,50.296599073410036
35.08400203466415,42.816406468153
20.734000997543337,25.864508664608003
5.816999869346619,11.780935024023059
0.0129999995976686,4.173937896043062
0.0,1.69089894734323
0.0,0.4527757063601166
0.0,0.3153506029769778
0.0,0.32307921743951734
0.0,0.3170030267164111
0.0,0.3139499517716467
0.0,0.23523553959093985
0.0,0.2397208937630057
0.0,0.23268048163037747
0.0,0.3064803148061037
0.0,0.35266019552014766
0.0,0.3550282694492488
0.740999977067113,1.3640184139460327
10.137000367641448,6.934218296855689
23.875998984575272,19.456903384327887
37.063997983932495,33.73564377605915
45.94999958515167,45.146219187974935
48.66400031089783,51.103207795619966
47.76099849224091,50.59198958635331
42.20399912834168,47.05663464426995
34.16700031518936,39.391489710807804
19.9809989964962,23.436654532551767
5.352000229358673,11.099839643836022
0.0,4.266075539216399
0.0,1.69278744995594
0.0,0.495499948868528
0.0,0.3534868246037513
0.0,0.36065954970195885
0.0,0.35548391515389083
0.0,0.330155742643401
0.0,0.2305179737973958
0.0,0.23873013915494085
0.0,0.23200394524261356
0.0,0.29598035709932446
0.0,0.33443346871994434
0.0,0.33659221360459923
0.6199999906867742,1.3883782490715384
9.17500014066696,7.754694951921701
23.051001014709477,20.800417340397836
37.34400010824204,35.659585691690445
46.951000709533695,47.72007712721825
49.6659996676445,53.17650149941444
48.19799833059311,52.25984690189362
43.52599973917008,48.639853768348694
33.41799945950508,40.711933407783505
18.79299978375435,24.039753252863886
4.674000191092492,11.207859271764757
0.0,4.155199985951185
0.0,1.6870697582885623
0.0,0.47370023443363607
0.0,0.3360074562486261
0.0,0.34417910371907057
0.0,0.3374177194200456
0.0,0.3172099327109754
0.0,0.22930637664627285
0.0,0.2378511818218976
0.0,0.23041287601459765
0.0,0.3187555657420307
0.0,0.3510644005425274
0.0,0.35393435068428514
0.6179999956861139,1.4735469440370799
9.15300000309944,7.5937541173398495
22.14000101327896,21.72241227567196
35.35499952793121,36.80068852305412
44.03700022697449,48.43773636221886
47.08600033998489,53.540264767408374
46.17799914360047,52.52149675011635
41.68799926280976,48.45458307385445
33.07199897646904,39.96007547140122
18.75100008130073,23.029255570173262
4.693999755978584,10.411886551082134
0.0,4.06623393855989
0.0,1.673195470944047
0.0,0.4685926217958331
0.0,0.3530159184988588
0.0,0.3549512774404139
0.0,0.3555395169276744
0.0,0.33278435059823097
0.0,0.28963622680399564
0.0,0.2757428278541192
0.0,0.24008724767249073
0.0,0.3126876711566001
0.0,0.3542092625424266
0.0,0.351439106753096
0.1400000030733645,0.8859117108583451
2.9240000082552435,3.2866759526729585
7.835000024139881,9.415366175472737
16.317999712228776,17.04641664683819
24.480999686717983,23.497361848950383
36.23300034999848,29.17796949207783
41.47300137281418,36.052357263565064
38.657998428344726,39.04217821836471
30.770999432802203,36.39337890863418
18.31400024294853,23.13447357475758
4.383000051975251,11.740930759310721
0.0,4.813635902255774
0.0,1.757616518624127
0.0,0.4734084093663842
0.0,0.3523376410454512
0.0,0.3549524809420108
0.0,0.35027880284003915
0.0,0.32649339100345964
0.0,0.22891676306258885
0.0,0.22711817806586626
0.0,0.2289314858987927
0.0,0.2795258907042444
0.0,0.3029233578126877
0.0,0.3028906065225601
0.1329999965010211,1.1802709352597596
2.7450001026690005,6.196961306035519
19.38300029873848,18.11338223934174
35.40899855852127,31.611332387924193
44.93499855995179,43.302942047119146
48.1590015411377,50.147207232713704
46.93000085830688,50.80953646063805
43.68699859857559,48.337968583107
32.00700006604195,40.99873213887214
17.941000244617463,23.865712672472
3.993000064045191,10.734826017916202
0.0,4.309728692397476
0.0,1.774400263056159
0.0,0.43009899228811266
0.0,0.30393192424438886
0.0,0.309589248271659
0.0,0.30482469777576615
0.0,0.3017090086545795
0.0,0.24357770719099786
0.0,0.2374268833221867
0.0,0.21734558463096615
0.0,0.2982620356604457
0.0,0.3160618082340807
0.0,0.31703738267533477
0.0570000019390136,1.099974303599447
5.796000018119813,5.660544918477536
15.574000288248062,15.872648407220842
29.8360007750988,28.277125375270842
45.51299974679947,38.59586154460907
51.24500197887421,45.61279833555221
48.83800083875656,48.01568741559983
44.74199875354767,46.433141995668414
35.67300020933151,40.376630032062536
19.27399989724159,24.537291981577873
4.936000242233276,11.492457167506217
0.0,4.240540508851409
0.0,1.627138267159462
0.0,0.43878503238782285
0.0,0.3166738128662109
0.0,0.32149305047467347
0.0,0.3169176583364606
0.0,0.31618042535148555
0.0,0.22672941495664414
0.0,0.2268650816800073
0.0,0.21743453944567587
0.0,0.3076042890176177
0.0,0.3361092885304242
0.0,0.3390474210493266
0.1419999980740249,1.3668683699145914
7.452000243365765,7.194858615845442
23.25499986290932,20.453747261166576
34.84000200271606,35.16779398798943
44.24699873924256,46.341041709184644
45.91900097846985,52.39004022836686
48.40899918317795,52.44976779818535
43.60799857139588,49.283263822793955
34.33499912500382,42.12497445344925
19.22000086665153,25.39581186771393
4.412000139951706,11.555765844583512
0.0,4.1724307911098
0.0,1.6832683620974422
0.0,0.47945789840072395
0.0,0.3377430178783834
0.0,0.3455509350728243
0.0,0.3392700046580285
0.0,0.3202770164143294
0.0,0.32651619334705173
0.0,0.3000870094355196
0.0,0.25065976850222793
0.0,0.3308250499982387
0.0,0.36164358074776826
0.0,0.3597466857172549
0.0,0.7896275393292307
1.517999992519617,2.9034476670622826
5.728999832570553,8.286479880213738
6.81700019389391,13.507011777460576
9.650999849438668,20.45517374753952
22.511000438928605,24.283594101667404
20.79499997854233,28.349421224594117
40.37200037002564,33.57699363827705
32.04099953174591,33.74175024688244
18.02800050854683,21.96903215408325
2.8470000402629374,11.399879331588746
0.0,4.497299326583743
0.0,1.668204373307526
0.0,0.463210386140272
0.0,0.3586296276282519
0.0,0.36020544447936115
0.0,0.3549739353638143
0.0,0.3146114764828235
0.0,0.24306867415551092
0.0,0.24211348703131075
0.0,0.23056048147380348
0.0,0.3169525919761509
0.0,0.34634421913884583
0.0,0.34877043021842835
0.0389999987930059,1.2811648067459465
5.014999755918979,6.811099120676518
22.13599986791611,19.270878880620003
36.20900169372559,33.229252410531046
45.889998836517336,43.66329982280731
46.27999959468842,49.67184939146042
36.65800086021424,49.2019489645958
36.737000887393954,45.199953255653384
33.088999736309056,37.08439396619797
18.572000175714493,21.14542780697346
4.198999998420477,9.701452176868916
0.0,3.7739080862700938
0.0,1.5228649631887676
0.0,0.470253758886829
0.0,0.34765276235528286
0.0,0.3531826435867697
0.0,0.3494569396227598
0.0,0.33539951142854985
0.0,0.22361265070736402
0.0,0.23137247597798705
0.0,0.214224367425777
0.0,0.33337583151645955
0.0,0.3488018335867673
0.0,0.35476478283293544
0.2729999915510416,1.277586459517479
8.616000286340714,7.734458409547806
22.22400041818619,21.609954005479814
36.19699825763703,36.032055764198304
45.86199903488159,45.743211437463756
45.59299800634384,49.46578835129739
43.06599947690964,45.49150488734245
35.82600088596344,36.542316820621494
31.5459995174408,23.169554458856588
13.588999826312063,11.693767361044884
4.736999744772911,5.268063213974237
0.0,2.059056247808039
0.0,0.8965633418597281
0.0,0.345887690866366
0.0,0.2954644239880144
0.0,0.3145246959943324
0.0,0.3513178740255535
0.0,0.34704364612698557
0.0,0.2839983593858778
0.0,0.2742281569074839
0.0,0.23928668643347922
0.0,0.3252140848524868
0.0,0.4059768246579915
0.0,0.40702000379562375
0.0320000002440065,0.8390759217739105
2.761000062674284,3.3484780383110047
12.521000056862832,9.367879789471626
20.376999418735505,15.952332408428191
23.72200007557869,19.838433545231823
26.420000327825548,21.991875448822974
15.840999717116356,25.05822344362736
17.371999580860138,27.908359648585318
25.712000942230222,26.976531302928926
11.191000236272812,16.22050773859024
1.2999999597668648,8.351497208625078
0.0,3.35255864687264
0.0,1.2606226070597768
0.0,0.4913160477764904
0.0,0.4043213520478457
0.0,0.3804930153209716
0.0,0.36239308944903315
0.0,0.318906661355868
0.0,0.25298297589179125
0.0,0.254566326662898
0.0,0.2313732783123851
0.0,0.3415574760735035
0.0,0.3922006307169795
0.0,0.39773962646722794
0.1830000079143792,1.0101195264421403
8.853999627232552,5.21423312291503
21.523000982999804,14.423538001477718
26.257000895738603,24.482737350463864
32.35599935412407,31.07419710874558
39.42300181150436,32.97290490150452
39.63500089645386,33.34466429829598
27.060999014377597,27.91456471025944
19.04500005245209,20.69278488695622
5.807000086903572,11.548922509849072
0.9749999698251486,5.523358573764563
0.0,2.161768401600421
0.0,0.8607835603132845
0.0,0.40131808602251107
0.0,0.3394443840160966
0.0,0.34717429826036095
0.0,0.3677946292702109
0.0,0.3481294613145292
0.0,0.22872027136851097
0.0,0.23009041782002893
0.0,0.22160692703910168
0.0,0.31150780633091923
0.0,0.3539649196248501
0.0,0.35755518954247234
0.3509999891370535,1.3563555427640677
8.605999990403653,6.773814833760262
22.414999651908875,19.63638494729996
34.86600123167038,33.842355021238326
42.930999846458434,44.536440937519075
44.66799810409546,49.938114523887634
44.96699950695038,50.24868186593056
38.42700006484986,46.72095744490623
31.8230007827282,38.86512342810631
17.321999641656877,22.67705926835537
3.6419999465346335,10.400846943259241
0.0,3.9914713923633096
0.0,1.5888403430581093
0.0,0.4641983004845679
0.0,0.3558107701409608
0.0,0.3493336047790945
0.0,0.3525767848361283
0.0,0.32392463719472286
0.0,0.23453033579513427
0.0,0.23446681498084215
0.0,0.2238511205371469
0.0,0.30458415792323645
0.0,0.32171473546884954
0.0,0.3233246515318752
0.3180000074394047,1.1956792859733105
8.461000064015389,6.017926739603282
17.9070007789135,17.792856194376945
29.33099995136261,31.47171747326851
43.41199995994568,42.395322890281676
46.32899924755097,48.00055988192558
44.99200050354004,47.9600452041626
40.26399820089341,44.607609153985976
30.85899998307228,37.0218699079752
16.89499958574772,21.067346934080124
3.337999936193228,9.430251853466034
0.0,3.4826393897831442
0.0,1.4318365954607726
0.0,0.44051342114806175
0.0,0.32332705853506916
0.0,0.3290053234901279
0.0,0.3244545148778707
0.0,0.32169605712406335
0.0,0.29356567556504154
0.0,0.2926232535811141
0.0,0.26499336019624026
0.0,0.36069687429815533
0.0,0.46795332174748183
0.0,0.47042839499190453
0.0,0.8113282456994058
1.9090000100433824,3.064752440527082
9.18499992311001,8.747128428667782
11.019000281095504,13.991403518915176
8.470000073611736,16.260639863312246
15.739000293016431,16.618802452087404
13.355999863147735,17.420509360432625
22.912000238895416,18.928155516386035
15.90499955713749,18.59972782552242
6.21499983727932,10.987207299172878
1.7419999460875988,5.994345040470362
0.0,2.6423832020163536
0.0,1.009199441447854
0.0,0.48463828276842835
0.0,0.3922668714448809
0.0,0.3794592074491083
0.0,0.3706984058301896
0.0,0.34192128658294674
0.0,0.23816541608888656
0.0,0.24638663980178532
0.0,0.2383148669172078
0.0,0.3147191016189754
0.0,0.35010315579362217
0.0,0.35189178382046515
0.1949999939650297,1.347378704585135
7.826000014543533,6.722422042042018
21.17199906826019,19.639056143164638
33.413000081777575,33.98197404384613
41.90300126075745,45.09502999663353
45.82400047779083,50.294616986513134
44.587999844551085,49.49543338775635
39.61099813222885,45.518042258024224
29.2569993019104,36.82601712882519
15.420999611616136,20.51506563544273
2.9379999090731146,9.23367427751422
0.0,3.6322235339879994
0.0,1.5091883710399272
0.0,0.4587029517255723
0.0,0.3515561673417687
0.0,0.35258119767531754
0.0,0.3532080134004354
0.0,0.33083454963751135
0.0,0.2663080412708223
0.0,0.2640130118653178
0.0,0.23527620992157605
0.0,0.308567170528695
0.0,0.3112414152640849
0.0,0.3114232242386788
0.0,0.7685371526889504
3.633999966531992,3.81205388776958
14.566999499797822,10.79439543157816
13.443000127077102,19.342636588215825
29.79699987769127,25.63819747447968
33.630000598430634,28.399647101163865
23.16300022125244,29.260496196150783
16.08600003540516,24.520348733067515
10.001000450849531,17.24918413639069
6.320000120401383,9.203732955008746
1.0220000128075482,4.296510201096536
0.0,1.9138158136606216
0.0,0.740549642816186
0.0,0.3640144628472626
0.0,0.3126501219067722
0.0,0.3090303902700543
0.0,0.31037338572554285
0.0,0.3087295148707926
0.0,0.3298475178610533
0.0,0.307387353843078
0.0,0.26038881924934687
0.0,0.3419033463858068
0.0,0.3861630964651704
0.0,0.38684524117037655
0.0,0.6525098423473537
0.457000013012439,2.4062015015631912
1.8249999632686376,6.691500716209411
2.980999897867441,10.285732882022858
10.048999817371367,13.502834503650666
8.115000094473363,14.000341395735742
14.2570000821352,15.99606053173542
25.482999043464662,19.057118511199953
21.150000984668733,19.213563705682752
9.814999567866325,12.16708046913147
0.4870000022090971,6.60111241877079
0.0,2.8453238674253227
0.0,1.0343962076306343
0.0,0.43586878755129876
0.0,0.3844576865620911
0.0,0.37649902678094804
0.0,0.37758846851997074
0.0,0.32901193472556767
0.0,0.21260076353792098
0.0,0.21542585516348478
0.0,0.19805573265999554
0.0,0.3014864731859416
0.0,0.3074062247481197
0.0,0.31146770565770565
0.2280000077560544,1.2824078473821285
7.079000245034695,7.632657707631589
20.53000009536743,21.403534546494484
34.300999659299855,36.40621831297875
43.41199995994568,47.95619399905205
47.59900140047073,52.334874539375306
46.25499859809876,50.29612665891648
40.79099916219712,45.287351990938184
28.409000908136367,35.88410170674324
13.297999687194825,19.30210342466831
2.5069999915361403,8.0938241147995
0.0,2.752900464832783
0.0,1.121194507945329
0.0,0.4021765035949647
0.0,0.3102655198890716
0.0,0.3169137429445982
0.0,0.3119458809122443
0.0,0.30744744868949053
0.0,0.21747330022044475
0.0,0.226738040051423
0.0,0.21148793375119565
0.0,0.3228056374564767
0.0,0.323025557314977
0.0,0.3302571898046881
0.024999999689171,1.1778212157823147
3.7670000512897968,8.050655186474323
18.701000142097477,22.185791328549385
33.318999867439274,36.6158820271492
42.226001319885256,46.35474378347397
46.577998657226566,48.38878395080567
40.19099989175797,43.11933301925659
39.86099988222122,33.042002710103986
24.795999509096145,20.040006647706033
8.199000012874604,9.508406412750483
1.6509999489039182,4.188889558017254
0.0,1.577682246491313
0.0,0.6718353179655969
0.0,0.31312589015811676
0.0,0.27522334040142593
0.0,0.2972663386724889
0.0,0.32949296629056335
0.0,0.32167104033753274
0.0,0.21360232559032738
0.0,0.2168202963005751
0.0,0.2023029539827257
0.0,0.30389597966335713
0.0,0.30685710708610714
0.0,0.3105670050624758
0.1199999969033524,1.2886742074042559
6.752000067532062,7.330805129259825
20.19899979948997,21.36311948657036
34.037000062465665,36.402309596538544
43.05800129413605,47.398005465269094
47.11699894666672,52.911748093366626
45.4540013384819,51.62132531046868
39.23599961519241,47.538760336637495
30.635999802351,39.16519289851189
15.634000009894372,21.748470042943953
2.726000053882599,9.110857549309731
0.0,3.0602000593394045
0.0,1.3107475178688766
0.0,0.4142341614421457
0.0,0.3093930293712765
0.0,0.3172324622608721
0.0,0.3113861724361777
0.0,0.30711184825748206
0.0,0.2246749013336375
0.0,0.22753998932894315
0.0,0.21134129911661145
0.0,0.3124387870263309
0.0,0.30936400091275573
0.0,0.31257712552323935
0.1270000034756958,1.2846710722520949
6.845999768376351,7.616807687878609
19.77399928927421,21.33655644118786
33.41199979543686,36.314454878568654
42.17300052165985,47.702969560623174
46.16599981546402,52.486507267951964
44.1769992351532,50.62769590616226
36.79799986839294,45.81469185829163
28.989000613689424,36.85366570055485
14.35000001013279,19.844414723515513
2.7860000322759157,8.29787919059396
0.0,2.827030771523714
0.0,1.2185143648087977
0.0,0.40686682211235164
0.0,0.31160376552492375
0.0,0.31906605310738084
0.0,0.3135393972601741
0.0,0.3095367916487157
0.0,0.22563240720424793
0.0,0.22871972578112038
0.0,0.2152800710033625
0.0,0.3136641281656921
0.0,0.32099590803496536
0.0,0.3243099021259695
0.1140000038780272,1.297513108253479
6.634999942779541,7.535434291362763
19.900000450611117,21.064160190224648
33.612999838590625,35.82927286982537
42.23899888038636,46.96578728318215
46.45499835491181,51.85021834850312
44.95200137376786,50.201970342397686
39.575998380184174,45.54404354095459
30.11999993681908,36.510596241354946
15.28799952685833,19.698474589586258
2.641000105887652,8.324440438747406
0.0,2.908129577115178
0.0,1.252896126806736
0.0,0.4094090346992016
0.0,0.323357306541875
0.0,0.32418536378070717
0.0,0.3252759448345751
0.0,0.3125677703041584
0.0,0.2149828622722998
0.0,0.21868894113693388
0.0,0.2022992471978068
0.0,0.3073861984815448
0.0,0.3088868526462465
0.0,0.3130547391436994
0.0890000021830201,1.2750581433624029
5.958999963700771,7.518644064068795
19.85499988913536,21.504508009552957
33.300000588893894,36.38905323505402
41.6710005569458,47.566776570081714
45.86399960756302,51.69597296237946
44.462000737190245,49.42282122612
38.945000503063206,43.99118218302727
29.270999202728277,34.23703576385975
11.990000004172323,17.768129403591157
2.266000048369169,7.418143015503884
0.0,2.5371627583354712
0.0,1.0826627836003901
0.0,0.38738639967516064
0.0,0.3122704251762479
0.0,0.31827952469699083
0.0,0.31373638640157875
0.0,0.3087596826441586
0.0,0.2132313020946458
0.0,0.21852030649315562
0.0,0.20013485387898983
0.0,0.31119948526844377
0.0,0.3095989244244992
0.0,0.3150830084085464
0.0129999995976686,1.2358049920201304
6.23699997484684,7.833254914730787
19.271999324560166,21.97112823665142
32.10800023078919,36.6620163834095
36.62399934053421,47.53204588890076
36.15199975013733,50.61698031306267
41.00899996519089,47.52683289766312
26.18500081896782,40.869136519432075
23.86499994277954,29.403582330346104
9.387999511957169,14.819916355311872
0.5200000160001218,6.238395651578903
0.0,2.1650090623274445
0.0,0.9005095112696291
0.0,0.3643342893850058
0.0,0.3039965763501823
0.0,0.31574413195252415
0.0,0.31516812004148953
0.0,0.30926244142465287
0.0,0.2896314930310473
0.0,0.2971903736516833
0.0,0.2785946131451055
0.0,0.385415433133021
0.0,0.3938406182732433
0.0,0.39994322184473274
0.0,0.6874827322363855
0.3670000133290887,3.211086681112647
4.717000179886818,9.415827293097973
12.607000034451485,15.756824183762074
10.657000351548197,17.878234844207764
10.371999876499176,16.539466599822045
7.19300002425909,14.797913650274278
10.037000489234924,12.846097225546837
7.145999917089939,9.931901615262031
2.003999997228384,5.557583720088005
0.0510000008903443,3.0741070177406074
0.0,1.3482343139871955
0.0,0.572154239108786
0.0,0.3716524937562644
0.0,0.3377261046692729
0.0,0.35084160832688216
0.0,0.3761261980328709
0.0,0.3728207407798618
0.0,0.31490993685554713
0.0,0.3078346552699804
0.0,0.2760800008615478
0.0,0.3839665616303682
0.0,0.3962536389753223
0.0,0.3994280429277569
0.0,0.6254398499988019
0.0190000006463378,2.4775176043063407
0.662999979481101,6.9095646789669996
6.5390001827478414,11.002869893610477
14.563000408411026,13.359851581752302
16.256999704241753,12.905554184019564
12.478000068068503,12.94226849257946
9.897999713420868,13.044988348782063
7.794000094532967,11.51200280368328
3.101000111401081,7.120746794939041
0.3320000045374036,3.943483322709799
0.0,1.8199890319257974
0.0,0.6816879843734205
0.0,0.415008349949494
0.0,0.3954840879607946
0.0,0.38210545071400703
0.0,0.3891375105455518
0.0,0.37454316017217926
0.0,0.26591356554068624
0.0,0.25980515306815505
0.0,0.22952823013067244
0.0,0.3314178306981921
0.0,0.39500775807537136
0.0,0.3985736851673573
0.0,0.904288987684995
3.3099998778104784,4.195362021699548
11.808999525904657,11.671594175994397
26.416999468803407,19.751264855265617
34.300999659299855,24.75047004878521
26.41599918246269,27.692314230799674
19.73999982357025,29.325683234333994
21.65100066304207,29.34529973268509
18.25900092601776,26.333286593556405
10.266999593377111,15.221225278675558
1.9759999388456344,7.423208377212286
0.0,2.890351772457361
0.0,1.094870782867074
0.0,0.47758842715993527
0.0,0.38655099305324253
0.0,0.3702641503605991
0.0,0.3651286646258086
0.0,0.3289827297534793
0.0,0.27703412088099866
0.0,0.27056658353190866
0.0,0.23964049183297897
0.0,0.33193742245435714
0.0,0.37581824604421854
0.0,0.3775892227143049
0.0,0.9167750439606608
2.4480000427365303,4.125358409658075
12.048000180125236,11.681483043730259
13.810000461339952,20.261356458663943
38.13800152540207,26.201473706960684
37.0029990029335,28.508484211564067
31.41400074601173,30.480153341889384
27.678999330997467,29.836245198249816
24.347000342607497,25.95913431465626
14.240999608635905,14.862850616872311
1.975000037625432,7.299547978341579
0.0,2.90395410053432
0.0,1.1251526802778242
0.0,0.4598148748744279
0.0,0.37552566678263244
0.0,0.37619982023723425
0.0,0.37015615615062414
0.0,0.33273768682964144
0.0,0.22201692793983963
0.0,0.2279884140240028
0.0,0.2230693900864571
0.0,0.29881291845813396
0.0,0.3088385360687971
0.0,0.3110004421509802
0.0320000002440065,1.2826437336951497
6.0159998533129695,7.35401428848505
18.625000973939898,21.011610239744186
31.473999440670013,36.00977012395859
40.2140003156662,47.29414000391961
44.53499904632569,51.5795638692379
43.23700119972229,50.35079323172569
36.98100091934205,45.62977444767952
28.3630000603199,36.72397765219212
14.040999851822852,19.6411799544096
2.078000004813075,8.159743395447732
0.0,2.8246762730926274
0.0,1.2495260655879976
0.0,0.39654617009684445
0.0,0.31109468434937293
0.0,0.3163868499454111
0.0,0.31233183585107327
0.0,0.2993279208615422
0.0,0.31860938041470943
0.0,0.3191274798288941
0.0,0.2925938961654901
0.0,0.3764046562090516
0.0,0.3859622721653431
0.0,0.3884384044911712
0.0,0.6126113894954324
1.0449999874085187,2.556591061130166
5.423999792635441,7.3842534375190745
4.033999993652105,11.631038418710233
4.557999839186668,13.230378173887729
8.03499978095293,12.402760871052742
7.821999896168709,12.129673457145692
11.52500036418438,11.652030054032803
18.59600088596344,9.861768602728844
5.6980001989007,5.953163590729236
0.6430000294744969,3.3712730646133426
0.0,1.5147497679665687
0.0,0.5758040101453662
0.0,0.3967160403355956
0.0,0.37046113950200377
0.0,0.37258018488064404
0.0,0.37977651465684176
0.0,0.3625751712173223
0.0,0.2873176809772849
0.0,0.28365616376511754
0.0,0.2524297984177246
0.0,0.3404074259940535
0.0,0.3448325248528271
0.0,0.34622030661441383
0.0,0.6981420014612376
1.8920000204443927,3.250311718657613
8.350999889671803,9.140150842368604
5.732000178098679,15.649105976819992
18.31899962067604,18.800729922652245
20.18299932599068,19.69169544160366
23.462999856472017,20.574231442809104
16.920999841690065,19.224381997585297
16.723999916911126,15.222556768655778
7.769000124931336,9.008571595549583
0.9500000002235176,4.617620217129589
0.0,1.880620158649981
0.0,0.758840074967593
0.0,0.3870592558477074
0.0,0.3453676177095622
0.0,0.3389395712595433
0.0,0.34155827840790154
0.0,0.3380840420909226
0.0,0.232608127114363
0.0,0.2361770469136536
0.0,0.2140857240417972
0.0,0.318989799246192
0.0,0.32926524774171406
0.0,0.33313604585826395
0.0,1.1490345808491111
2.771000101864338,6.354663790613413
13.609999677538871,18.502948581576348
26.60700047016144,32.02346371114254
30.594000099897382,41.81538069605827
38.51500061511994,45.51923972606659
36.519998316764834,43.234423459768294
28.87099968910217,37.13707126319409
23.266000958681108,26.21971814930439
11.282999877929688,13.910520509183408
2.2130000203847886,6.0509061494469645
0.0,2.2301081004738808
0.0,0.9533754531294107
0.0,0.3872132880054414
0.0,0.32277736319229006
0.0,0.3327911223005503
0.0,0.33334320859983557
0.0,0.3283567003160715
0.0,0.2216107461508363
0.0,0.22673479862045498
0.0,0.21599950018804515
0.0,0.30664249868132176
0.0,0.30614542042836546
0.0,0.30833399610593915
0.0,1.1882832391187548
3.9899999752640727,6.610935045778751
15.97099996984005,19.66780359208584
29.390000413656235,34.175370267629624
38.17300127744675,44.14954579114914
42.24599883079529,49.14798074364662
37.5730020070076,48.572793503999705
35.231000993251804,44.14762943148613
27.267000489234924,35.489749600291255
10.251000146865843,18.72442625254393
1.1739999537914991,7.771396344751119
0.0,2.7556373879313467
0.0,1.2045578542351723
0.0,0.3830992381460965
0.0,0.30431396379135545
0.0,0.30847777443006635
0.0,0.3095410119276494
0.0,0.3023475705552846
0.0,0.2247112470818683
0.0,0.22779417688958345
0.0,0.2101424109423533
0.0,0.30925883091986184
0.0,0.326320455847308
0.0,0.32942178318277004
0.0129999995976686,1.2050102424621583
5.183000106215477,6.415517196059227
17.422999806404114,18.751497143507002
29.385999268293386,32.534795916080476
37.91300077199936,42.75026227712632
41.9360004401207,47.22373586654663
40.57200012683869,46.91324657559395
34.84100023508072,42.656637940406796
26.594999088048937,34.120074151158335
13.204999759197236,18.504912182688713
1.7989999640733003,7.894740431308747
0.0,2.811732244342566
0.0,1.179691585637629
0.0,0.4060064147505909
0.0,0.32253218584693966
0.0,0.3225503506977111
0.0,0.32958425589837137
0.0,0.31011554754339155
0.0,0.277196160336025
0.0,0.27813511623535303
0.0,0.25119453240185974
0.0,0.3324845824204385
0.0,0.3367240531928837
0.0,0.3376674861181528
0.0,0.70103213833645
1.7129999864846468,3.318672021478415
7.966999822556973,9.406118405014276
15.933999645113946,16.250451115071776
17.003999987244608,20.111209781765936
17.593999475240707,20.602751927375795
15.388000432252884,20.20424565434456
15.12099997639656,17.543337642252446
2.9369998794794085,13.119947178065779
0.3170000099390745,7.518673076480628
0.0,3.680811749771237
0.0,1.5874873505160214
0.0,0.6400701609998942
0.0,0.3731506606843322
0.0,0.32590927551500504
0.0,0.33236450505442916
0.0,0.33473675112240014
0.0,0.3300894858688116
0.0,0.3236664138920605
0.0,0.32161362528800963
0.0,0.29329293803311884
0.0,0.3767441399395466
0.0,0.3868619939126074
0.0,0.38865055775269863
0.0,0.5822429202031345
0.0,2.2510338160023093
0.2810000036470592,6.409875437319279
1.6259999793022872,10.044320346415041
9.288999919891358,11.742007042765618
7.6330002081394195,10.637299126684667
1.2139999821782113,10.075570565164089
1.0330000174045564,9.622422880530358
0.6470000194758176,8.122273223698139
4.01000005364418,5.145047506839037
2.407000113129616,2.9325770271569493
0.0,1.3560759452730418
0.0,0.5100547441560775
0.0,0.38969206803478296
0.0,0.38667389463633295
0.0,0.3734094135276973
0.0,0.38051952444948256
0.0,0.3754548367019742
0.0,0.2575611039903015
0.0,0.2522034197673201
0.0,0.22096817257814108
0.0,0.3172496643103659
0.0,0.32980411157011985
0.0,0.33130157244391734
0.0,0.864676871933043
2.062000044807792,4.50752517476678
10.41700043797493,12.908659282326699
9.419000172615052,21.173062000870708
20.62699911475181,27.50095349729061
14.340000227689744,30.642862136363984
19.309999935626983,32.93904099822045
34.319000705480576,33.49780567228794
27.579999738931654,29.479982023835184
13.422000275850296,16.49795317620039
1.8389999924600124,7.648511835336686
0.0,2.763462394848466
0.0,1.0500239165686072
0.0,0.41236382368020713
0.0,0.33046841235831376
0.0,0.33309772636741397
0.0,0.3280335681606084
0.0,0.29479494011960927
0.0,0.2480706434231251
0.0,0.23929836039897057
0.0,0.21771811651531606
0.0,0.2759889680007473
0.0,0.27532029449008405
0.0,0.2759180015232414
0.0,0.8527343490719795
1.3469999385625124,4.765314831733704
6.78399998754263,13.80599418103695
18.31899962067604,25.265786967277528
23.05199924707413,34.01042469322681
30.039999623298645,38.78577627897263
30.78499933362007,37.74577014923096
24.480999686717983,33.755893926024434
15.10700007557869,24.458060882091523
8.515999894440174,12.545982567667961
1.2869999601691962,5.009505113214255
0.0,1.975394978709519
0.0,0.7572003922984004
0.0,0.34328061756677924
0.0,0.2769837663741782
0.0,0.2782641476532445
0.0,0.2762393204029649
0.0,0.27433577402029186
0.0,0.21800526397302744
0.0,0.20952779872342941
0.0,0.1890348543459549
0.0,0.2619769679801538
0.0,0.2616917060082778
0.0,0.2611861631274224
0.0,0.8411534864641727
1.5070000521093607,4.469645748287439
6.838000045120716,13.562921519279481
9.954999603033066,24.2824582529068
22.152000341415405,33.050305908322336
31.60000060200691,38.15675946176052
36.53900170326233,38.953855193853386
27.70899970531464,35.95026335656643
13.396000019907952,27.01576224565506
9.85499972462654,13.7476129925251
0.8259999892488122,5.19051278039813
0.0,2.0850701113417744
0.0,0.7938636723905802
0.0,0.3140207978989929
0.0,0.2630745534133166
0.0,0.2654090095311403
0.0,0.2623959149094298
0.0,0.2605955246603116
0.0,0.2425032771285623
0.0,0.2511474353726953
0.0,0.2338786156103015
0.0,0.33525390378199516
0.0,0.3394814197719097
0.0,0.3450697269942611
0.0,0.82050249023363
1.2070000317692755,4.724522096961737
5.863000203669071,13.17132636219263
16.413000212907793,22.588195021152497
22.31700034618378,28.207388780117036
14.340999487042428,27.969817693233495
10.711000409126282,24.94308165371418
9.864000247716904,18.179777015447616
2.423000073134899,11.379325193166734
1.5500000409036876,5.882780506610871
0.1219999999273568,2.9160728160291907
0.0,1.2555979397520423
0.0,0.5161953302379698
0.0,0.3245058963727206
0.0,0.2987475282046944
0.0,0.3218350053951144
0.0,0.34160879338160155
0.0,0.3374906997568905
0.0,0.3081195160746574
0.0,0.30323822592385113
0.0,0.2706155981402844
0.0,0.3591550443321466
0.0,0.3664240495581179
0.0,0.3678303331509233
0.0,0.6297845870442689
0.0129999995976686,2.681281785741448
1.040999997407198,7.400833132266998
4.160999900847673,12.004083604514598
6.851000173091888,14.374606129825116
8.975000383853912,14.142002584040165
13.953000328540805,14.370457611680031
13.251999866366386,15.28227304160595
14.979999654889108,14.021091175377368
5.477999850213528,8.32112172693014
0.1259999979520216,4.400907513871789
0.0,1.8756327196583151
0.0,0.7111065378785133
0.0,0.39664615700952705
0.0,0.3660846781544387
0.0,0.35840149186551573
0.0,0.3605557436775416
0.0,0.33976661755703386
0.0,0.3005235916748643
0.0,0.2946046264003962
0.0,0.26164547550026324
0.0,0.3509425740875304
0.0,0.35590705026872455
0.0,0.3577386673726141
0.0,0.7157319314964116
0.5319999860040844,3.470735058039427
5.9950000020861625,9.399843251407146
14.033999901413916,15.956993393599987
12.10099995136261,19.4588649314642
10.976000292301178,19.95066690504551
19.57100072741509,20.189744583368302
13.007999834418298,18.437276805043222
8.587999971210957,14.647935912907124
3.648000124096871,8.9606646579504
0.1730000008177012,4.435883901938796
0.0,1.883609913364053
0.0,0.7394905293174088
0.0,0.396131491586566
0.0,0.35630019412375985
0.0,0.3497909674793481
0.0,0.3521990297548473
0.0,0.34871720335446293
0.0,0.23266649694181973
0.0,0.22800998077262194
0.0,0.22120032803621142
0.0,0.30513021066784857
0.0,0.3041373378969729
0.0,0.30604819354601204
0.0,1.1321580223739147
4.100999922454357,6.737975519001484
16.047000164985658,19.875951471924783
27.531000086069103,34.186212180256845
36.00399845123291,43.88259463071823
39.67000064849854,47.77438630819321
33.71000091195106,45.291406539678576
25.55200031518936,39.39642336130142
19.930000824928285,27.598106564879416
8.33499992966652,13.67560007840395
1.0879999762028456,5.608408073931932
0.0,1.9901279564201833
0.0,0.9054865199141204
0.0,0.32969056520611045
0.0,0.2842564703617245
0.0,0.2977815817762166
0.0,0.3076621373277157
0.0,0.30013312761671834
0.0,0.22197013579774644
0.0,0.22479097505100065
0.0,0.21067112524062392
0.0,0.2861090925801545
0.0,0.28595382482744747
0.0,0.28849346994422376
0.0,1.0207400910556317
4.106000070422888,6.643589927405119
15.754999739527705,19.357169495820997
27.934000458717342,33.172339814901356
34.913000311851505,42.4903932261467
27.505000857114798,45.56907123923302
32.05900057792664,41.688884526491165
22.66300082921982,33.462654953002925
6.3389999124407765,20.285812638103963
0.8660000176355243,9.288053036928178
0.0629999989760108,3.7785816520452498
0.0,1.4764851567894222
0.0,0.6347831303440035
0.0,0.289754659384489
0.0,0.26079251380171625
0.0,0.27983913809992367
0.0,0.2899150139372796
0.0,0.28489151803776624
0.0,0.22421215496957297
0.0,0.22620662188623095
0.0,0.20319945034570988
0.0,0.2991093649715185
0.0,0.2972054093983024
0.0,0.2995822127256542
0.0,1.1246236530691385
4.282999916821718,6.249953888356686
15.481000360250473,18.465919501185418
27.698000663518908,32.31658355355263
36.35300184726715,42.86953050494194
41.03699976682663,47.400911841392514
39.77099875926972,46.68106717586518
34.87399941444397,42.35198810338974
26.41500095009804,34.030422204136855
12.934000211954118,18.09515576928854
1.6519999784976245,7.552143386602403
0.0,2.5689197956770657
0.0,1.0530132861621677
0.0,0.39290930059738455
0.0,0.29941170061938466
0.0,0.3053855937067419
0.0,0.30006399848498405
0.0,0.2967280525248498
0.0,0.23398053614888337
0.0,0.2466237857798114
0.0,0.23569868712220332
0.0,0.37073773626238105
0.0,0.37644222150556744
0.0,0.38577301752753557
0.0,0.8816810336709022
1.3789999869465828,5.287975228130818
9.017000086307526,14.495650019943714
26.932999334335328,24.068800582289697
34.66800204753876,29.506443397402766
22.55799951910973,27.604231521487236
1.6679999385029078,23.270210582613945
1.8630000608414408,15.84493359476328
0.6290000002831221,9.507833866924047
0.4109999996237456,4.983038989827037
2.5989998899400235,2.5162101485580206
0.0,1.0646990941092371
0.0,0.4574772254657
0.0,0.30426240578293795
0.0,0.28848892873153087
0.0,0.31657608853653074
0.0,0.36733484352007506
0.0,0.3745883797388524
0.0,0.2234412560332566
0.0,0.2239243175042793
0.0,0.19947360998485233
0.0,0.284881825838238
0.0,0.2830672342702746
0.0,0.2853572811791673
0.0,1.0371846085041763
2.492000061124563,5.930869477838278
9.588000295758247,17.606030640006065
21.41599910020828,30.951553171277048
35.87700111150742,41.011347659826285
39.46800031900406,45.71074218392373
39.16100073337555,45.164505736827856
26.55800081729889,40.99837269306183
23.853000614643097,32.8968554109335
9.846000228524208,17.412112706303596
1.2689999409765005,7.368660421520472
0.0,2.5066888141632075
0.0,0.9679154212772847
0.0,0.3759323700889945
0.0,0.2852969215624034
0.0,0.2904895976930857
0.0,0.2854817794077098
0.0,0.2828288767673075
0.0,0.21488868426065888
0.0,0.2181084762699902
0.0,0.19626734533347184
0.0,0.28710945915430786
0.0,0.2849970410577952
0.0,0.2878850276768208
0.0,1.1050305828824638
3.6949999745190154,6.473016972094775
15.148999778032303,19.198967124819752
28.1710005402565,33.36134669184685
37.89799853086472,43.80560544610024
42.393001897335054,48.512041000127795
40.67100177288056,47.17159568428994
35.405001521110535,42.89437950730324
27.685999281406403,34.38117045283318
13.110999544858933,17.77616917937994
1.7599999652802945,7.169822701662779
0.0,2.402988312765956
0.0,0.9753192026354374
0.0,0.3754754406493157
0.0,0.28741445855237535
0.0,0.2937755582202225
0.0,0.2887990791164339
0.0,0.2851669433899223
0.0,0.24049742508679625
0.0,0.23952566975727674
0.0,0.21713118483312424
0.0,0.27070169664453714
0.0,0.2699707459378987
0.0,0.2724057185091078
0.0,0.903587169740349
0.7129999828711152,5.932716515809298
9.907999495863915,16.91944344133139
24.617999889850616,29.878972008228303
27.84700019478798,39.282226400375365
39.77099875926972,43.34465830087662
35.04399879693985,39.22381748318672
19.120999220609665,31.352479028105737
3.7510000912845136,19.020939776897436
2.131000032797456,8.697944174706937
0.1009999962570145,3.5003616087138654
0.0,1.485030659995973
0.0,0.5833993568643927
0.0,0.30537848502397535
0.0,0.27246741000097247
0.0,0.27288837881293143
0.0,0.2726753429835662
0.0,0.26887367399875073
0.0,0.2321319657191634
0.0,0.23431286305654797
0.0,0.21008847000077363
0.0,0.2923819194175302
0.0,0.2905399040598422
0.0,0.2928488138504326
0.0,1.1270988225936889
3.2269999890029437,6.9581869137287145
14.129000402092936,19.442019246816635
23.977999435663225,33.57688785851002
32.89000026583672,44.11090639352798
30.96900067090988,48.84992211580277
33.57699980020523,47.19843498945236
24.263999170064928,42.641259821653364
16.643999603390693,33.73044618964195
12.021999924182891,17.340901356339458
1.549000011309981,7.029131503552199
0.0,2.360278576463461
0.0,0.9880541430413723
0.0,0.3707658340130001
0.0,0.29272637762129305
0.0,0.2993598377238959
0.0,0.29387374790385357
0.0,0.2906762848608196
0.0,0.2148427827097475
0.0,0.22268349933437998
0.0,0.20479878361802545
0.0,0.28900048109702764
0.0,0.2890281616337598
0.0,0.2934313326934352
0.0,1.054218617081642
4.063000081628561,7.05530686095357
15.614000445008278,20.498287732005117
25.281999000310897,34.63886639714241
26.422000900506973,43.41490633606911
34.28900033116341,46.76208626151086
31.05300007581711,42.686441133022306
21.42700019598007,34.19027289092541
13.362999813556671,21.96465513110161
5.474000245332718,10.387721009254456
0.3859999979287386,4.053435613736511
0.0,1.5187632371857764
0.0,0.635540084708482
0.0,0.30299950737040493
0.0,0.2636451415438205
0.0,0.28165620085783305
0.0,0.2938436443172395
0.0,0.28815934580750757
0.0,0.21813285921234637
0.0,0.22092292894143611
0.0,0.19795840147417035
0.0,0.2851641432428732
0.0,0.28300717954058197
0.0,0.2861734237521887
0.0,1.1060195402614772
3.821999881714583,6.8921972844004635
15.369000126719476,19.629056360721588
27.820000679492956,33.84255631089211
36.93500007152557,44.122595571279525
42.05900074243546,48.663525842428214
41.19999919891357,47.468329497575766
35.863001210689546,42.838133426904676
27.578999452590946,34.17481980204582
13.414000039100648,17.78522464632988
1.7999999936670066,7.080318384170532
0.0,2.323000002168119
0.0,0.9223884642496705
0.0,0.36462550467811516
0.0,0.2855037393001839
0.0,0.29195457204710695
0.0,0.2863517024554312
0.0,0.2831544640660286
0.0,0.2514726696442812
0.0,0.2508660005358979
0.0,0.221687914673239
0.0,0.2817070207186043
0.0,0.2824220129940659
0.0,0.2836362658720464
0.0,0.7999195961467922
1.302000018954277,4.410908194929361
5.405999773442745,12.9734940636158
19.793000621795656,22.71254581272602
19.185999346971517,29.656596236228943
34.449999190568924,33.1252698725462
25.832000385522843,34.339369986057285
31.13799976706505,31.10602860271931
15.39800021469593,23.80170667052269
6.6500001299381255,12.61128924995661
0.5039999918080866,5.035682781338691
0.0,1.9630576431378723
0.0,0.752057878114283
0.0,0.3456987411156297
0.0,0.2839953426085412
0.0,0.285250658961013
0.0,0.28314353627152733
0.0,0.28168088066391644
0.0,0.27245163610670714
0.0,0.26816863869316876
0.0,0.23600489002186803
0.0,0.3071520131174475
0.0,0.30962512866593894
0.0,0.3118099654652178
0.0,0.7413270406611263
1.4580000141263008,3.8745938643068074
11.675000181794166,10.82222269922495
12.6080003207922,18.793022377491
13.658000071048736,24.364093531370163
23.28399995088577,25.875107181072238
21.250999095439912,26.166436983346937
19.868999789953232,23.340855035185818
10.062000458836556,17.895255116820337
5.977999755740166,10.07722606986761
0.6409999702870846,4.421516981273889
0.0,1.7964524560794235
0.0,0.7195852868631483
0.0,0.35791197160258886
0.0,0.31118035761639473
0.0,0.30880655501969156
0.0,0.30875305536203085
0.0,0.3087265783268959
0.0,0.26624121483881025
0.0,0.26137222447432573
0.0,0.2302810685196891
0.0,0.3041149848606437
0.0,0.30609991202130915
0.0,0.3087822683574632
0.0,0.7486252027191223
2.459999884366989,3.966613532230258
9.470999657511712,10.970857649743557
11.012999590039254,19.035617489814758
26.657000409364706,25.477299259901045
36.52199888944626,27.110954793095587
28.10000074982643,27.132844015955925
17.326999019384385,23.164253146648406
7.744000155329704,16.751993043124678
11.404999893903732,9.22945207297802
1.8379999628663064,4.137719622701407
0.0,1.7224343478307127
0.0,0.6879664756916464
0.0,0.3524909029621631
0.0,0.30799143141135576
0.0,0.304731466518715
0.0,0.3058075092732906
0.0,0.304990267502144
0.0,0.23508929810021068
0.0,0.23874321720562874
0.0,0.21579621272161603
0.0,0.2976024044584482
0.0,0.29710344874300065
0.0,0.30012335518375033
0.0,0.999203959517181
3.5479999889433387,6.145750804692507
14.997999674081802,18.074442961215972
27.56800041079521,31.088793689608572
30.483999412059784,39.75474975466729
36.6639984703064,42.90344370365143
31.10799939274788,40.451388598680495
18.640999393463137,33.27907365381718
15.635000296235084,22.21797507941723
8.128000222444534,11.160773924589158
2.2899999883770943,4.47791184656322
0.0,1.6930065835267305
0.0,0.6925331384316087
0.0,0.33232079387642444
0.0,0.2910569764859974
0.0,0.30175276797264816
0.0,0.30054607308469716
0.0,0.29655153895728287
0.0,0.2612137554073706
0.0,0.26762036348227414
0.0,0.2488969916896894
0.0,0.3710735773947089
0.0,0.38021863300353287
0.0,0.38718429164029655
0.0,0.86276840724051
3.830000118464232,4.760536513179541
10.44200040757656,13.380839622616769
15.18099969804287,22.480691968202592
25.93099997758865,27.023157586455348
26.14299906253815,25.970640688538552
12.177000146508217,22.839738280177116
0.6450000244751573,16.324443548619747
4.073000120818615,10.316162023842335
3.613999888151884,5.599455049037934
1.3389999585598709,2.9321614821255206
0.0,1.319780198521912
0.0,0.5463314755819737
0.0,0.35287672952748833
0.0,0.32272991313599053
0.0,0.342444440703839
0.0,0.3760295969713479
0.0,0.3721894801221788
0.0,0.24652502643875773
0.0,0.23637162102852016
0.0,0.2142615395784378
0.0,0.2704927286505699
0.0,0.2715184008516371
0.0,0.27215706705581394
0.0,0.7696099379658699
0.0389999987930059,4.1827963096648455
4.446999891996383,12.338135081827641
14.764999710917474,22.605647655725484
31.238999931812288,29.755002229213716
41.07899946928024,33.160642421245576
35.28900116920471,33.47264651954174
31.473999440670013,28.67054805755615
25.769000831842423,20.052751055657865
10.303999918103218,9.967235908657312
2.4140000635385515,4.016187913268805
0.0,1.648816187232733
0.0,0.6657638289220631
0.0,0.32593039295636117
0.0,0.2735400588810444
0.0,0.27347078532911834
0.0,0.2722147067589685
0.0,0.27025822235271335
0.0,0.2605220468761399
0.0,0.2508259159093722
0.0,0.21665332248900085
0.0,0.26667858336586503
0.0,0.26589153343811633
0.0,0.2658777332864702
0.0,0.8012276900559664
4.588000213503838,3.945050121322274
10.08499985575676,11.29964324593544
15.536999963521955,20.152070554494856
21.19599977850914,28.866686339378358
25.404999302625654,33.91581342101097
37.39399799346924,37.760127441883085
34.92299906730652,38.67930226802826
25.168999507427216,34.211260418295865
13.540000173449515,19.25175585001707
1.6660000076889991,7.955013588517904
0.0,2.8794293696433306
0.0,1.0671914977766574
0.0,0.34716152509674425
0.0,0.2665737583767622
0.0,0.2708124348381534
0.0,0.26513052728492764
0.0,0.2657723867800087
0.0,0.28900674732867626
0.0,0.28410662638954814
0.0,0.2545339925866574
0.0,0.36032812140882015
0.0,0.3909543165564537
0.0,0.3946721415966749
0.0,0.730003502741456
0.7050000028684735,3.212075670585037
8.002000088095665,8.887518976032736
10.776999794840814,14.445831344127654
15.413000401854516,17.939983012974263
20.533999186754222,17.859888730049132
19.656000418663027,18.051330595612527
8.810999638438226,17.63162010073662
5.185000165402889,15.167838846445084
4.105000040829181,9.072333174347877
0.7129999828711152,4.649791130647063
0.0,2.0084479465708136
0.0,0.7957976834103465
0.0,0.4288665264192969
0.0,0.3909367293864488
0.0,0.3829799631144851
0.0,0.3852678838372231
0.0,0.3528200205322355
0.0,0.3300479409936815
0.0,0.32527061733417206
0.0,0.2923625510651618
0.0,0.36526222120970486
0.0,0.37319583211094143
0.0,0.3763949961028993
0.0,0.6017317992448807
0.4330000088177621,2.622951946631074
2.7719998747110366,7.096659817695618
3.71299999371171,11.151205477118491
3.8949999880790713,13.248115284144879
5.405000000596047,12.532860228121281
5.102000019848347,12.655694671869277
4.239999928027392,12.288634258806706
2.537000109106302,10.292339496016503
1.490000062510371,6.30815098926425
0.1990000000130385,3.44529001750052
0.0,1.5237672363594177
0.0,0.58791924350895
0.0,0.3871206183824688
0.0,0.3732373288460076
0.0,0.3606202674098312
0.0,0.36730058384127917
0.0,0.36938896399922666
0.0,0.2841876060003415
0.0,0.28801781401969495
0.0,0.2641698120767251
0.0,0.3595267979521304
0.0,0.36612407277338205
0.0,0.3704714735690504
0.0,0.6798752863146365
0.4509999959170818,3.248336949050427
3.0849998946487904,9.305057904720307
18.39799964785576,15.325320271849632
23.55800035715103,17.723777898550033
25.89399965286255,17.044443289339544
12.58900001525879,16.176135180294516
3.986999886482954,13.932589454948904
2.350999996364117,10.400905995070934
0.28499999364838,5.954813960492611
0.0320000002440065,3.1707331120967863
0.0,1.3483418909832836
0.0,0.5640448848810047
0.0,0.3614221685472876
0.0,0.3285478645097464
0.0,0.34301173926331097
0.0,0.36349087546579534
0.0,0.36043661306612196
0.0,0.30801787635311484
0.0,0.2995372980460524
0.0,0.26337290145922454
0.0,0.3365215118974447
0.0,0.34138590488582843
0.0,0.3429119609575718
0.0,0.6519100492447615
0.1410000005736947,2.986765408664942
2.929999929070473,7.901374517232179
6.50300014436245,13.27060837596655
15.363999722003935,16.935420294106006
14.642999694943429,17.01020248144865
17.700999304056168,17.35828620970249
9.362999542355537,15.94391572803259
8.702000263929367,12.972795198261739
4.625999797582627,7.79322856977582
0.3300000095367432,3.800146089941263
0.0,1.6608767495304348
0.0,0.6345329624786973
0.0,0.37225501479581
0.0,0.341594752529636
0.0,0.33490373295731846
0.0,0.33808815004304055
0.0,0.3401324980892241
0.0,0.3241941092256456
0.0,0.3211894631851464
0.0,0.29203125114552675
0.0,0.383001626143232
0.0,0.3924829882383346
0.0,0.39534058243036274
0.0,0.6070552237890661
0.0,2.691352943852544
0.1020000017806887,7.135111533254385
1.1909999433904888,11.045767697095872
7.568999854624272,12.819781170785427
8.366000076830387,11.542255303561689
4.105000040829181,11.025756835341454
2.1999998924136164,10.419767657220362
1.4030000553280115,8.701850066930056
1.0079999836161733,5.530944677591325
0.3150000149384141,3.1475713226944215
0.0,1.420249410457909
0.0,0.5323968205973506
0.0,0.3977223441842943
0.0,0.3883135612588376
0.0,0.3789709869679063
0.0,0.3861027609184384
0.0,0.37007300221361217
