{
  "rmse_model_avg": 7.001771755003687,
  "rmse_naive_avg": 9.99781943617072,
  "mase_model_avg": 0.8757462059922011,
  "mase_naive_avg": 1.033850100492596
}