{
  "loss": [
    184.1950225830078,
    62.27504348754883,
    53.57218933105469,
    48.4759635925293,
    45.37268829345703,
    42.431236267089844,
    41.2845458984375,
    40.41987991333008,
    38.80556869506836,
    35.70269012451172,
    34.99101257324219,
    34.30378723144531,
    34.0312614440918,
    33.33442306518555,
    32.29314422607422,
    32.05583190917969,
    30.892614364624023,
    30.46929168701172,
    29.697492599487305,
    29.336511611938477,
    28.039194107055664,
    27.053876876831055,
    27.06219482421875,
    26.226360321044922,
    25.823598861694336,
    25.559370040893555,
    24.611942291259766,
    24.317014694213867,
    24.27789878845215,
    23.36777687072754,
    23.224369049072266,
    23.36415672302246,
    23.33443260192871,
    22.94696044921875,
    22.822128295898438,
    22.573747634887695,
    22.399459838867188
  ],
  "val_loss": [
    47.701942443847656,
    47.365753173828125,
    41.531620025634766,
    39.36489486694336,
    39.90469741821289,
    38.912139892578125,
    44.25589370727539,
    53.21015930175781,
    43.097660064697266,
    38.753482818603516,
    43.579689025878906,
    40.814727783203125,
    38.193687438964844,
    36.746978759765625,
    35.979705810546875,
    45.1300048828125,
    34.14231491088867,
    38.95382308959961,
    36.06822967529297,
    37.89753723144531,
    36.82386016845703,
    36.569801330566406,
    36.09834289550781,
    34.825931549072266,
    35.14742660522461,
    35.343353271484375,
    35.039100646972656,
    35.094200134277344,
    34.68022155761719,
    34.4141731262207,
    35.36102294921875,
    34.763824462890625,
    35.07555389404297,
    34.90534210205078,
    34.469810485839844,
    34.888328552246094,
    34.63932418823242
  ],
  "learning_rate": [
    0.0010000000474974513,
    0.0010000000474974513,
    0.0010000000474974513,
    0.0010000000474974513,
    0.0010000000474974513,
    0.0010000000474974513,
    0.0010000000474974513,
    0.0010000000474974513,
    0.0010000000474974513,
    0.0007000000332482159,
    0.0007000000332482159,
    0.0007000000332482159,
    0.0007000000332482159,
    0.0007000000332482159,
    0.0007000000332482159,
    0.0007000000332482159,
    0.0007000000332482159,
    0.0007000000332482159,
    0.0007000000332482159,
    0.0007000000332482159,
    0.0004900000058114529,
    0.0004900000058114529,
    0.0004900000058114529,
    0.0003429999924264848,
    0.0003429999924264848,
    0.0003429999924264848,
    0.00024009999469853938,
    0.00024009999469853938,
    0.00024009999469853938,
    0.00016806999337859452,
    0.00016806999337859452,
    0.00016806999337859452,
    0.00011764899682020769,
    0.00011764899682020769,
    0.00011764899682020769,
    8.235429413616657e-05,
    8.235429413616657e-05
  ]
}