{
  "rmse_model_avg": 3.70595572498978,
  "rmse_naive_avg": 22.24943492543595,
  "mase_model_avg": 0.42543814457734075,
  "mase_naive_avg": 3.5623199971349706
}