y_true_kw,y_pred_kw
0.0,0.36032257383955374
0.0,0.33424009466809884
0.0,0.33632516920832645
0.0,0.3700574438034424
0.0,0.4579684753323506
0.0,0.6411222701193765
0.0,1.3122879540654167
3.681000073701144,6.840678429901601
16.693000283241272,19.234138383865353
30.51199921369553,33.389851771593094
39.95899918794632,43.209758434976855
42.5400008559227,46.266368235860554
25.41500011205673,43.7692051758085
25.4489995777607,38.81707564643451
23.15899907588959,30.07498558436121
10.220999772548677,15.489725357123785
2.3890000939369203,7.018943598909037
0.0,3.0384784555967363
0.0,1.3099187385290862
0.0,0.5114494649640152
0.0,0.3808895759743506
0.0,0.33870340871425075
0.0,0.3552823458292655
0.0,0.3694609219328101
0.0,0.35333623789916085
0.0,0.32111371823320434
0.0,0.3184485387303201
0.0,0.3573518974912752
0.0,0.4375544886829864
0.0,0.6251734084995197
0.0,1.3390490797641021
3.6749998961389063,7.309825561046601
16.58299959540367,20.78035160814013
29.825999965667727,36.13034321342196
39.04000100374222,46.83357255084174
44.29700073242188,51.00001662526812
44.86100201845169,49.8727053628649
39.50900178909302,45.47116436243058
29.945999408960343,36.26500159042222
14.926999883651732,18.83228236930711
2.0360000456124543,8.093957549887044
0.0,3.325911846948521
0.0,1.3528543296722428
0.0,0.46757538786024927
0.0,0.338327165460214
0.0,0.30843752360570115
0.0,0.3358624767152859
0.0,0.35055166759927353
0.0,0.3529132093801829
0.0,0.3356131788097056
0.0,0.34304107948605506
0.0,0.37074744909336527
0.0,0.442550975714278
0.0,0.6099566369011465
0.0,1.1755313946732453
1.0220000128075482,5.832052286182131
10.6799997484684,16.706790678501132
16.715000420808792,29.946392011812755
30.85300031900406,39.07780942133495
37.613001136779786,40.80365752322333
38.601998825073245,36.73877963066101
18.77099964618683,30.28679541008813
12.088000336885452,21.200880025625228
13.181000075936318,10.203123432057245
2.156999903619289,4.865421736964158
0.0,2.353086799361876
0.0,1.1289792789385786
0.0,0.4885781137365847
0.0,0.3649402673396148
0.0,0.32822588083866455
0.0,0.3393848714352186
0.0,0.3579981262702495
0.0,0.3331458480922239
0.0,0.3176101474244413
0.0,0.3297974510484241
0.0,0.3638026820981342
0.0,0.43326628755778074
0.0,0.6124279941911144
0.0,1.2564748224775706
2.8419998922944067,6.389390033738954
16.294000028967858,18.30140496832984
28.90200034976005,33.02158501437732
37.232999134063725,43.60406726121902
30.11600084543228,46.92760768277304
44.4180004620552,44.432306698731004
33.64699930429459,37.84592143501555
24.50500039696693,26.85341803193092
9.108000468611715,12.29158486877169
1.9280000588297843,5.344687927876199
0.0,2.3990895727808987
0.0,1.0568869612206304
0.0,0.4136884296312928
0.0,0.30601180424248536
0.0,0.2831067205845777
0.0,0.3065878127149439
0.0,0.3189133631404755
0.0,0.4339013524267024
0.0,0.3987902753381058
0.0,0.37042069840976705
0.0,0.35693548364631295
0.0,0.3954802000775402
0.0,0.5073210544651374
0.0,0.8120137510395476
2.2359999307990077,3.0423676409253053
7.416999977827072,8.659210954393659
5.97099980533123,15.90377700124468
18.544000374078752,21.677243728297096
6.456000037193299,23.494380502700803
17.088999678492545,23.223125382150922
32.318999029397965,23.94533388069698
14.085000126957894,20.513177297881672
8.398999769687652,11.014986518451147
0.4330000088177621,5.442946474722453
0.0,2.631547231248447
0.0,1.321511040133025
0.0,0.6352989923914096
0.0,0.48744117609358256
0.0,0.43827842354841
0.0,0.4205276988227187
0.0,0.41361106167148265
0.0,0.33472872663222786
0.0,0.32581067664083097
0.0,0.33647849760417425
0.0,0.361247167953157
0.0,0.43100777812169067
0.0,0.6002390251501597
0.0,1.1693898412053074
3.176000020205975,5.489992649640355
15.72999976992607,15.711361697741918
29.41499935626984,28.236044973816195
26.13400059342385,37.32312613640513
40.706999757289886,39.738530679430276
39.93799933671952,37.15299970081874
34.79799819231033,32.34521216528756
14.83299966931343,23.91103306736265
12.50700015604496,11.483118471929004
3.168000040203333,5.330778585395643
0.0,2.440214244755251
0.0,1.1124496544418592
0.0,0.4700656550257865
0.0,0.3441131403696324
0.0,0.3165765607676336
0.0,0.32666825061597454
0.0,0.3442475130422307
0.0,0.35536297355911556
0.0,0.32418187018749967
0.0,0.31880378603935233
0.0,0.34438893479561167
0.0,0.4188601487874985
0.0,0.5921715722632195
0.0,1.2609185996811303
3.848999910503626,6.388524576255253
17.303000363111497,18.351990290709903
29.85600033998489,32.53630412135805
38.3859985947609,43.01107146229064
31.69499904870987,47.21465377126422
27.534000945091247,46.58518581288201
31.780999026298524,43.08237318720137
19.93099905729294,34.78389559268952
13.805000056624412,18.285617668202946
2.1100000531971457,8.178386969353472
0.0,3.4117596835962365
0.0,1.3975203314583218
0.0,0.49089768769751707
0.0,0.35042210434829546
0.0,0.3176358645342822
0.0,0.3366262004896998
0.0,0.3518477379543973
0.0,0.331132997402123
0.0,0.30437721066576034
0.0,0.3038198610528239
0.0,0.3318909833393991
0.0,0.40582535997033115
0.0,0.5683752372169069
0.0,1.2451614214799231
3.917000125646591,6.5403356339676035
15.713000037074089,19.16171650843961
28.198000055551528,34.090001447541376
38.220998589992526,44.97751293012074
44.33099814414978,49.43254592248371
43.5119998383522,48.82034955535617
39.145998492240906,45.06511618273599
29.52500004410744,36.25319562946048
15.2610000115633,18.824679723637445
2.2689998804032805,8.144281650526183
0.0,3.3790835653245455
0.0,1.3863357899497664
0.0,0.48351199324908
0.0,0.34728180877731313
0.0,0.30953584947889407
0.0,0.32530214678363073
0.0,0.33235701583591953
0.0,0.3753504358039104
0.0,0.338581458470518
0.0,0.325960627208863
0.0,0.3432197513331526
0.0,0.4043895573488303
0.0,0.5582705931066135
0.0,1.0966784285115343
4.505999840795994,5.210483259516103
10.50499996125698,15.011607852322715
12.148000058531762,27.75220538514001
34.100999902486805,38.14049153123583
41.99600118875504,42.88753477879933
34.22299991846085,43.02934480701174
38.175001850128176,40.22441221373422
21.65200094938278,32.1939215704373
6.347000149190426,16.723394874249184
0.4730000051110983,7.336363298509802
0.0,3.137820383118732
0.0,1.342886906521661
0.0,0.48002875244777116
0.0,0.3405615211923473
0.0,0.3028553565338786
0.0,0.3167147938148783
0.0,0.3382954457428839
0.0,0.4351143112539181
0.0,0.3887722214484321
0.0,0.35927455891788534
0.0,0.35913924980642536
0.0,0.41259473666615254
0.0,0.5453154531713309
0.0,0.9673998457778776
0.1650000047683716,4.067290250765425
4.6909999239444735,11.614796382955145
10.923999780416487,21.32500796079636
16.795999993681907,29.41313111833164
35.21599875211716,32.67462268369538
20.05100055456161,32.63991723707744
14.889999558925629,32.5817618392195
29.942000317573548,27.996333937304364
12.148000058531762,15.494231487171989
1.99399995803833,7.1916605384434975
0.0,3.1206718837150507
0.0,1.3946276729607159
0.0,0.5756394261441061
0.0,0.43336560165576105
0.0,0.39093579523997113
0.0,0.3963918468063431
0.0,0.4139547347337273
0.0,0.4095574711476054
0.0,0.4125678275166345
0.0,0.42289465292223855
0.0,0.401169373341836
0.0,0.4517652200568202
0.0,0.5816946507231997
0.0,0.8348417188998843
0.0950000032316893,2.651203085247959
3.854000058472157,7.082205694743565
5.680000179708004,12.418419650963376
3.247000067383051,15.52032519902502
3.815999960899353,14.346575885329928
4.003999876081943,11.910033581256869
1.964999998435378,11.355091063209942
3.960999887287617,9.159530399910041
3.101000111401081,4.945913354222264
0.4320000113174319,2.7533617658487386
0.0,1.5828241829946639
0.0,1.006812505783247
0.0,0.6551532659799394
0.0,0.5610540206530797
0.0,0.5511885845202155
0.0,0.5118416666492288
0.0,0.4497339191141405
0.0,0.4337212329391124
0.0,0.42574128149542956
0.0,0.4218395144173077
0.0,0.38975764397132606
0.0,0.42792955228593205
0.0,0.5350236576855448
0.0,0.7332460936558034
0.0,2.2556526304781435
0.0950000032316893,6.094433643307005
0.5439999881014228,10.78160216833864
2.563999881148338,13.671980459094046
5.35099994301796,13.057816602970872
6.57300016194582,11.50940335026809
7.7769998481869695,12.022633649153368
7.514999797046185,10.453484627859934
2.7469999051094054,5.765779354870319
0.0380000012926757,3.1546889549280914
0.0,1.7652107466597644
0.0,1.0988506090587802
0.0,0.7018792429938913
0.0,0.5908651873263132
0.0,0.574590909190343
0.0,0.5251347716106102
0.0,0.45363962221558074
0.0,0.35029225225693406
0.0,0.32026182249321467
0.0,0.3132886276440695
0.0,0.34434918714953316
0.0,0.41669485685415564
0.0,0.5947138742530452
0.0,1.2884337088146383
2.946999918669462,6.77771019935608
15.549999577999117,19.271719983816148
30.71299925684929,34.036257990258086
28.88700016260147,45.06657978739057
29.959999309778212,49.543231758049565
47.07999862194061,48.75692101410458
40.37099802970887,45.04584577935083
29.52299947142601,36.519680243900844
10.38700006365776,19.30671313379492
1.9960000172257424,8.441773821115493
0.0,3.4622206303903034
0.0,1.3920178396307996
0.0,0.47790363912869777
0.0,0.33721539590108607
0.0,0.30756080707801237
0.0,0.3274852253243859
0.0,0.345568568090509
0.0,0.3582079733934785
0.0,0.3218624337696071
0.0,0.3141292414162307
0.0,0.3464208248809778
0.0,0.4241841200652665
0.0,0.6007858469896019
0.0,1.3100558322614855
4.239999928027392,7.2115477214966495
17.353000302314758,20.519680039371764
31.679000629186632,35.857775308745246
41.257999374866486,46.74897631917681
46.77299903631211,50.99485175575529
46.68899963140488,49.98963763305119
41.77300100803375,45.77016165733338
31.849000011682516,36.68786449841091
16.703000065684318,19.3168289658853
2.8799999898672106,8.370549780513558
0.0,3.4365467549115425
0.0,1.3887818095194444
0.0,0.47845267655727053
0.0,0.34395448676576573
0.0,0.3122803305674876
0.0,0.3366152222627508
0.0,0.35192497639451176
0.0,0.34707632176844133
0.0,0.31362367905011135
0.0,0.3126035246173186
0.0,0.3447814688765044
0.0,0.4252754587520446
0.0,0.5996113211262439
0.0,1.3247797229619962
4.30199996560812,7.4110791717682565
17.697000212669373,21.22346437266895
31.859000821113582,36.8558263366563
40.93499931573868,47.63937904868806
45.92600092887879,51.88477620226997
45.4139981007576,50.933753010204875
40.17799822330475,46.79479348284858
30.769999146461487,37.68111714482308
16.353000491261483,19.879412421584128
2.8689999210834505,8.508394461231573
0.0,3.46865194119513
0.0,1.4020981305997289
0.0,0.47826886174668154
0.0,0.3453766199015081
0.0,0.30909586763408564
0.0,0.33294188322632434
0.0,0.34457653318598336
0.0,0.351787121590626
0.0,0.3127073443960398
0.0,0.30551023864786003
0.0,0.3352877164459122
0.0,0.41001640183851124
0.0,0.5872050948307982
0.0,1.3018601651915485
4.399000011980534,7.181620043260709
17.74800043821335,20.54668923769679
31.83100101947785,35.94348626255989
40.939000461101536,46.911546176842286
46.26199854850769,51.44881978375571
46.96200180530548,50.72992464201791
41.45200152158737,47.04029350417001
31.503999814987186,38.439697157996044
16.69199999690056,20.60234289271491
2.920999919474125,8.898462927256311
0.0,3.618775932661125
0.0,1.450011193448944
0.0,0.486145497736122
0.0,0.34489028834471747
0.0,0.3080438513561551
0.0,0.33433819036398615
0.0,0.34900941927318596
0.0,0.3440254520970796
0.0,0.3242789744273094
0.0,0.3233091458465372
0.0,0.3450122764127861
0.0,0.4015241885364854
0.0,0.5447947450241606
0.0,1.0563207973912356
2.088000044003129,5.1200085850485735
12.759999684095384,15.059809682198933
20.676000821590424,27.822154126678193
17.84200065255165,37.93513999308858
34.04000092148781,42.05692622661591
34.41599972486496,41.16400943040848
29.22700098156929,37.85959680761611
30.303999220132827,29.550727854796815
12.688999893665311,14.461617323841367
2.009000016823411,6.093312832585403
0.0,2.6176046950476506
0.0,1.1617067145183684
0.0,0.4569891425275377
0.0,0.3353182968483971
0.0,0.30493881952815816
0.0,0.31832090795904927
0.0,0.3299842872211177
0.0,0.33319896262937354
0.0,0.3176345567292134
0.0,0.32981138071976596
0.0,0.3634063334902749
0.0,0.4326769970124587
0.0,0.6027630327695183
0.0,1.2252533318847418
4.539000047147274,6.425577277370862
17.471999459266662,18.552762342521124
31.81799935102463,33.42593631642205
41.0139993429184,43.87474198681968
45.81999933242798,46.81465367078782
44.96800184726715,43.877703820296695
38.83399952888489,36.85317406671388
14.495000450015068,25.704539140633177
9.13600027024746,11.732873231300287
0.4460000084154308,5.082302022661482
0.0,2.3049709797331266
0.0,1.0315436658529298
0.0,0.4105309434727366
0.0,0.30493762404990515
0.0,0.28300714744720606
0.0,0.30622304742756695
0.0,0.3201005933959303
0.0,0.32856508833688813
0.0,0.32510108636825213
0.0,0.3517666975954281
0.0,0.39489334289782807
0.0,0.4860912828546549
0.0,0.6879652744824333
0.0,1.3719323103449172
4.286000005602837,7.148127836287022
17.74499957919121,19.86735719595637
32.10599965810776,34.52658726300512
41.12999969482422,43.72901121173586
46.881001205444335,44.79174077204296
35.32799795866013,39.375192291055406
23.405999966859817,30.09870460646493
12.070000317692758,19.113383664233343
9.449999806284906,8.499601683148317
0.0,3.9207125406605856
0.0,1.8983221587538721
0.0,0.9043521978812559
0.0,0.407916488696688
0.0,0.3147229528240859
0.0,0.29625699626880564
0.0,0.3222579376339646
0.0,0.3429205608361267
0.0,0.35393602756317705
0.0,0.3465146647659796
0.0,0.3438107038568705
0.0,0.3471750662089991
0.0,0.39155699233191893
0.0,0.5132126326280246
0.0,0.887248427474073
0.2350000063050538,3.747801683779273
4.568999907970428,10.73199923336506
8.764999817609787,19.749475108555384
19.926999965906145,26.730822949750085
23.15399969816208,28.261285405329296
38.51599884748459,26.191504294020792
36.667001383304594,23.771600076300757
8.867000268697739,17.927108617680414
6.293999864459038,8.859102290613311
0.5419999931007624,4.306185822103704
0.0,2.1403621657086274
0.0,1.1136517806085091
0.0,0.5452191237573113
0.0,0.4128428253391757
0.0,0.3760718112226043
0.0,0.3639486828885441
0.0,0.37151941857300697
0.0,0.40339327465676306
0.0,0.3975323605683765
0.0,0.39472484808947356
0.0,0.38339177385238665
0.0,0.43941732117972737
0.0,0.5742011190930914
0.0,0.9142296678838985
0.8239999942481518,3.4137930832164627
4.814000226259232,9.410523633488586
12.448999980092047,16.66951453413282
16.697000401616098,21.576235347645625
19.177000877857207,21.462026503000942
22.45500083565712,19.142799829074313
16.95599959373474,17.919372756992068
13.739999930262568,14.14226952757154
7.215000161826611,7.4960991093516345
0.6820000282675028,3.919791735857725
0.0,2.0388294526508877
0.0,1.1178354685088352
0.0,0.6143069994569357
0.0,0.49629841486856874
0.0,0.4632645505892911
0.0,0.44331841085837886
0.0,0.43424542894853013
0.0,0.4018316774635709
0.0,0.3820131490186655
0.0,0.37855405848273743
0.0,0.38871615661308173
0.0,0.4597031131313582
0.0,0.6232043962147352
0.0,1.1280958262405225
2.829000021070242,4.943121010448252
9.735999540686608,13.95869967196669
22.52500033974648,24.930320153747285
24.528999053239826,32.81724080477442
23.897999122142792,34.306328553472255
18.86199900150299,31.726507334879468
13.605999559164047,28.371618250438154
21.654999754428864,21.73347014921052
12.05999950826168,11.130171588574138
0.740999977067113,5.271877484193871
0.0,2.433994640197072
0.0,1.1435092293683973
0.0,0.5123471969219723
0.0,0.402784423198817
0.0,0.3721293256737824
0.0,0.38628344433249107
0.0,0.40394228801530385
0.0,0.42775128733699347
0.0,0.38646362915302496
0.0,0.3622103577898815
0.0,0.3591464719621997
0.0,0.41665752767319125
0.0,0.5566182690858841
0.0,0.9831029970731056
1.108999955803156,4.214159955573933
8.07999982893467,11.946892768485204
9.234999862313272,21.59657704625811
25.475999093055727,29.1080499463422
20.56499984741211,31.589344574213026
22.96499898314476,30.809348339523584
16.791999875307084,29.865504380634853
21.623000861406325,24.756937579257148
6.293999864459038,13.489388442805833
1.1259999454021454,6.562414849613394
0.0,2.9992020136330813
0.0,1.3928122057020667
0.0,0.5965397833207888
0.0,0.4431751471744585
0.0,0.39297642389312387
0.0,0.39498907170724123
0.0,0.4173369112018762
0.0,0.3387238693875925
0.0,0.3026984107560877
0.0,0.2927916521093409
0.0,0.3139880305621773
0.0,0.37233589698028347
0.0,0.521806524622121
0.0,1.15881825566824
2.09200003400445,6.1825933767216545
12.361999716162682,18.329429857816013
31.40600050926209,32.96150122642517
42.59800103187561,44.23365728446415
47.96600173473358,49.383773967538566
47.72500050783157,49.383636644567765
43.221000726223,46.752469839027945
32.76800024986267,38.98024291770799
18.07200078368187,21.10474573016166
3.6669999161362647,9.208676985417096
0.0,3.7827518469733854
0.0,1.5287169610496083
0.0,0.5142207875767989
0.0,0.35725255129991895
0.0,0.31244830041990745
0.0,0.3261746877338737
0.0,0.333453887191468
0.0,0.31473462220480924
0.0,0.31823471546705273
0.0,0.3421911047638527
0.0,0.3744072286784649
0.0,0.4470485792402178
0.0,0.6181672652152235
0.0129999995976686,1.2060829039503422
3.6380000849068166,6.012868640167373
18.454999537467955,17.25786159838949
30.68000007748604,30.814572774342132
42.01399812698365,40.125291437080925
32.19500049471855,41.668355035781865
28.578000004291532,37.320398456198824
15.868999518752098,30.071494705336438
5.380000030994416,20.172183381489344
4.6770000231266025,8.93527069172689
4.158000068813562,4.006734781882593
0.0,1.9111388409882788
0.0,0.9129879522456654
0.0,0.4190894330346159
0.0,0.3235332825453952
0.0,0.30528811810072515
0.0,0.32416608941608244
0.0,0.3336891648765387
0.0,0.36475936271050674
0.0,0.32146610808558757
0.0,0.30942805929109446
0.0,0.3406728210200422
0.0,0.42064010931045887
0.0,0.6017211935303307
0.0129999995976686,1.3212298104645952
5.334000210165978,7.398258693345956
19.06399933099747,20.848843200377054
33.30700053930283,36.147045266457965
43.30299955844879,47.057990561894016
47.33799855470657,51.526979441302174
48.43800132513047,50.81430080481938
40.751998264789584,47.027665072509215
23.914999881982805,38.42023074660983
11.90900043129921,20.949751082914215
3.370000112950802,9.203623324036599
0.0129999995976686,3.7600841488476315
0.0,1.496814348154834
0.0,0.4994675612383123
0.0,0.35568564036062783
0.0,0.31959000612409516
0.0,0.34629891475396496
0.0,0.36202913566559014
0.0,0.35754041398143654
0.0,0.31867691633956774
0.0,0.30898908838762773
0.0,0.3447154986499143
0.0,0.4232975921340819
0.0,0.6059599124008257
0.0190000006463378,1.3436384691989847
5.6620001605153085,7.626125183488642
19.478000799417497,21.492340988942555
33.83900087833405,36.966377490077704
43.67299869775772,47.78334047010968
48.8290003156662,52.14874792371478
48.99100151538849,51.457924179349625
43.21600134849548,47.531439085687914
27.89800042033196,38.782207642282756
12.214999730587008,21.07781516977719
2.7430000434815884,9.300056986510754
0.0,3.813321135980743
0.0,1.5197506311589055
0.0,0.49863112304359675
0.0,0.34644593221667624
0.0,0.31664231092536016
0.0,0.34340391458610864
0.0,0.361075144019643
0.0,0.3529943425807037
0.0,0.32689083078610043
0.0,0.3308702111091199
0.0,0.3688085770733388
0.0,0.4577612484040271
0.0,0.6467799001799097
0.024999999689171,1.3736942458525299
5.936000053286553,7.600215155780314
20.46899906039238,21.1575704732963
33.85300077915192,36.16168248670443
43.42300105571747,46.14472766569683
48.07899917364121,49.29817422185625
43.30900127649307,47.23893587623324
27.31299928307533,41.789421079499384
13.501999562382698,32.12825947693416
18.44300020933151,16.487258489642826
3.891000126451254,7.340494431214673
0.0,3.1106730365646738
0.0,1.3023369627233061
0.0,0.47515558879822495
0.0,0.34322043102500693
0.0,0.31370514464631144
0.0,0.33707559944795706
0.0,0.3564353381835722
0.0,0.36386820072507753
0.0,0.31990540721453725
0.0,0.3119859678311539
0.0,0.34529408146959856
0.0,0.43576797881895407
0.0,0.6290874295162835
0.0129999995976686,1.4147593066734927
6.031000040471554,8.11980529810701
20.588000271320343,22.608593644244333
34.77899891376495,38.42553469964436
45.01799973249435,49.1545191362926
50.05800099849701,53.514451863425116
49.31200100183487,52.84162447043828
46.14700053691864,48.870589222908016
33.56299989938736,39.88174533384187
19.853999602794648,21.828050171647753
4.95200020223856,9.530378051400186
0.0,3.8523769405697075
0.0,1.5109895888396672
0.0,0.4919231421221047
0.0,0.3530382486113481
0.0,0.3133431451202237
0.0,0.340127272599909
0.0,0.35732173544886914
0.0,0.3625080983540309
0.0,0.33956581961962257
0.0,0.335524993089826
0.0,0.34773280094244646
0.0,0.4149115758129795
0.0,0.5716984547149124
0.0,1.0914046890980431
4.399999784827233,5.318775406054089
15.6609995251894,15.126625376684325
29.4560008263588,27.01132712449346
32.93500082731247,35.79312435831343
25.104999667406084,38.49559200848852
23.473000665903093,36.42761516843523
22.969000128507616,32.59596625736781
16.284000246524812,24.79695108686175
15.33499963402748,12.610040359156471
4.928999778330327,5.932319254832607
0.0,2.7396849444614992
0.0,1.2713202370383907
0.0,0.5337145769050611
0.0,0.3885433612923537
0.0,0.3441259043637131
0.0,0.35188592104839955
0.0,0.3726196792182911
0.0,0.37391544583253555
0.0,0.3256944516261241
0.0,0.3142623693243201
0.0,0.3469797711393663
0.0,0.4324835782591254
0.0,0.6264691120732043
0.0,1.3755536443580476
6.2070001140236855,7.753524735740254
21.157999167442323,21.540996160677505
34.936000735759734,36.94326585803713
43.17099873304368,47.638915436949056
49.58499906778336,52.06970329591206
44.39999941587448,51.486535479000636
32.43000000357628,47.55924053192138
24.706000440120697,38.71675094638552
17.462000703811647,21.272064967325758
4.356999796032905,9.46813443426575
0.0,3.8681897320066176
0.0,1.5224820066882032
0.0,0.49341742804407007
0.0,0.3473060920009655
0.0,0.3112364041126732
0.0,0.34012418132009253
0.0,0.361877603352602
0.0,0.37295392026659097
0.0,0.33369388489518315
0.0,0.33362707336366704
0.0,0.37890249855749836
0.0,0.4763259493998651
0.0,0.69259614804427
0.0,1.5047003141471318
6.254999994039536,8.530421447200434
21.194999492168428,23.367050418853758
35.51599838733673,39.32032882996968
45.72499883174896,49.72336604527065
50.37499933958054,53.65930236305509
50.1670013999939,52.62830555915833
46.3359991979599,47.94077714817865
34.506999080181124,38.25327858430999
19.66099979639053,20.278616166199956
2.22100000038743,8.616226737201213
0.0,3.437491877323815
0.0,1.3503307174891235
0.0,0.4412189642166985
0.0,0.3208487484444465
0.0,0.2996943240572832
0.0,0.3374830305862373
0.0,0.3592990530408652
0.0,0.3267770654994196
0.0,0.30566358538277977
0.0,0.3134585792624524
0.0,0.35251329726140407
0.0,0.4275697534484788
0.0,0.607206411098263
0.0,1.2813714330696635
2.0000000072270634,7.252119323738984
16.03399952352047,20.74784949098315
27.4530003452301,36.439091319526945
43.83400166511536,47.142052172933305
48.00699909687042,50.77737911803382
39.21999914169312,48.744074860981534
46.26399912118912,42.64955054930278
22.88300015091896,31.448223214830673
6.4380000180006025,14.804143799798831
5.083000227808952,6.065603008355414
0.0,2.571325093337468
0.0,1.0925512753852777
0.0,0.40093190643005067
0.0,0.2939126542450062
0.0,0.2735052192290979
0.0,0.30269470511736074
0.0,0.3139428327731522
0.0,0.363405868136324
0.0,0.3213307817812477
0.0,0.3152427680876904
0.0,0.35833823696776695
0.0,0.44722615762015006
0.0,0.6480051358696075
0.0830000011343509,1.4615973056160978
6.799000174701214,8.633265348885741
20.92399994492531,23.781677176271167
35.631998739242555,39.78326745169503
45.18399796962738,50.29863016230719
49.551001656055455,54.423510564054766
50.20200115203858,53.62688357864108
45.808000004291536,49.463338544709345
35.113998301029206,40.44521287952151
20.148999860286715,22.35063816538879
4.857000215053558,9.909830762233053
0.0129999995976686,4.006956501262529
0.0,1.5570300673906292
0.0,0.488765917295324
0.0,0.3383139968603583
0.0,0.3123058963799849
0.0,0.3445537629357672
0.0,0.36690224200553656
0.0,0.36503016661653026
0.0,0.31861161434291196
0.0,0.3078571217793173
0.0,0.3433503530340802
0.0,0.42958374459961696
0.0,0.6209629719165551
0.1080000028293579,1.4175835787717783
6.625999933183193,8.398486862523214
20.82799915790558,23.185448419025963
35.70199824333191,39.14480190447399
46.34900086641312,49.95445654426303
51.17499836683273,54.332213088784904
51.23299854278565,53.657176791259225
46.53300014972687,49.740284939493456
35.450998260974885,40.87555431434087
19.979000477790837,22.736176073721477
4.95200020223856,10.070615421278136
0.0,4.092465431860515
0.0,1.5971966145506928
0.0,0.5050592428499034
0.0,0.3526918934598299
0.0,0.31813613951671865
0.0,0.34902396674201425
0.0,0.3661866880959964
0.0,0.3839292714199317
0.0,0.33148802693467594
0.0,0.319960934485841
0.0,0.3559808214780475
0.0,0.4500929075938517
0.0,0.6458581302833878
0.1020000017806887,1.4532434732200845
6.537999896407127,8.612917708413942
21.12199912905693,23.55825886470931
36.10099952459336,39.53145585536957
46.526998431682586,50.257008978298735
51.120001103878025,54.61184960535594
51.25099958896637,54.00794308560235
46.995000984668735,50.17243622064591
36.47200100421906,41.381649907316486
21.131999938488008,23.401350351912637
5.217000085413456,10.385682217947075
0.0129999995976686,4.183829184536423
0.0,1.6128804272945436
0.0,0.507499309098348
0.0,0.36411284852972514
0.0,0.3259849436720833
0.0,0.35904742263457073
0.0,0.37716273842645537
0.0,0.38152110254857685
0.0,0.3267027613108179
0.0,0.3114128981949761
0.0,0.3479683479826365
0.0,0.44088823624687007
0.0,0.6427778733954099
0.1640000072680413,1.4666438330976026
7.681999861001969,8.678372643760273
22.38100018620491,23.692411083323613
36.54400108098984,39.614195292677195
46.73000110149383,50.29402632168361
50.74600081920624,54.690267477035526
50.54999809980393,54.188593214239404
46.658001024723056,50.47962888002395
36.40700087785721,41.96205483300346
21.197000064849853,23.944496738740376
5.258000015020371,10.768049227382457
0.0129999995976686,4.347484055055039
0.0,1.6638999547117521
0.0,0.5175224623962172
0.0,0.36442312384955583
0.0,0.326061291521016
0.0,0.35763650727990476
0.0,0.37909298649789497
0.0,0.36640799370062144
0.0,0.3169050949259794
0.0,0.30520199896501643
0.0,0.3430559650815225
0.0,0.4357992904919333
0.0,0.6403508255956696
0.1569999926723539,1.4860072614252569
7.471000035405159,8.904532499866827
22.414999651908875,24.280280451434002
37.19999995470047,40.279826727254054
47.94500188350678,50.9330974984169
52.38900091648102,55.40225186961038
52.05200095653534,54.975918035507206
47.78399891614914,51.44945534263338
37.31399973392487,43.12827133621488
21.592000200748444,24.807730059794018
5.443999871015549,11.141714787312917
0.0129999995976686,4.495227323217052
0.0,1.7192202512494155
0.0,0.5266976147145033
0.0,0.36614881562002527
0.0,0.3283350407259006
0.0,0.3620611327613836
0.0,0.37898932833224536
0.0,0.6010205962801619
0.0,0.4828205815815766
0.0,0.39171060612957387
0.0,0.36449042480505467
0.0,0.4241744404738502
0.0,0.5421623970448438
0.0,0.8593570739403367
0.0,3.58296243931566
0.7629999862611294,9.91062873193196
3.6259999865293504,17.016536870258197
14.23200011253357,22.378426847628187
14.262999746203423,24.94192629218102
17.106999697685243,26.06749167493411
37.193000004291534,29.514304110492983
30.77899966955185,28.727267432723725
22.454000549316408,18.646241287078176
3.587000116109848,9.777107597461768
0.0449999998416751,4.5151913469816956
0.0,2.18278577581048
0.0,0.9740053112871413
0.0,0.7077055730311467
0.0,0.5779352670535445
0.0,0.541137842380974
0.0,0.5822363467920306
0.0,0.4729097035207918
0.0,0.4492881489997464
0.0,0.44354111252485634
0.0,0.4426910953935502
0.0,0.5299800793560487
0.0,0.7085800980397368
0.0259999991953372,1.1312884477685605
7.713999781012535,4.414050998368434
12.184000096917153,11.742500143732343
27.23000016450882,20.218449779067722
33.51999991059304,25.00186307413238
11.664000113010406,23.339349910872325
12.949000399112702,18.89827412596771
23.33399989008904,15.865774042776652
12.30700039923191,11.797548242594516
7.500000123381615,6.75871899000236
1.1410000041872264,3.793956396409443
0.0,2.0748515162616967
0.0,1.1896539930520313
0.0,0.6508284910142954
0.0,0.5369804263474154
0.0,0.4966800841955202
0.0,0.49063187889621723
0.0,0.5133671461863976
0.0,0.4324163632680263
0.0,0.4178320053964853
0.0,0.4043919116271925
0.0,0.3888722289925707
0.0,0.432888385763924
0.0,0.5495250106250336
0.0,0.8477131661879166
1.2089999625831842,3.179634970980031
5.314000131785869,8.885709863262518
5.796999790966511,15.893760200142863
11.396999657154083,20.671073039599833
15.473000123500825,20.72742944785527
32.92299944519997,18.841626639962197
23.19300059556961,17.968572232382638
20.81200073838234,14.337322869896889
8.11300003528595,7.708827795939787
2.2920000475645064,4.030687297050442
0.0,2.119225835108331
0.0,1.174279606299741
0.0,0.6259855588858149
0.0,0.4967626329431577
0.0,0.45780745598820166
0.0,0.4372483098533536
0.0,0.443740960269102
0.0,0.4669096073381868
0.0,0.46525813952287925
0.0,0.47325989726930856
0.0,0.47229286883558547
0.0,0.5561921332404018
0.0,0.7432663860584476
0.0,1.1593709769578917
6.983999744355679,4.322486286142043
21.265999282598496,11.481022095935685
31.178000950813296,19.52587663395064
27.56800041079521,23.96124192527362
16.471000388860702,22.579562599914414
18.28299958229065,19.238551351428036
21.15500036239624,17.002174295953342
8.059999750554562,13.039739486319679
2.4300000235438346,7.036944425020899
0.2389999963063746,3.7312819944747857
0.0,1.893538100070187
0.0,1.0026672749168108
0.0,0.56288691232247
0.0,0.480035704102234
0.0,0.47017897902854855
0.0,0.48171222652840834
0.0,0.5010667672833161
0.0,0.3940417107819979
0.0,0.3514881786710715
0.0,0.3390072538969772
0.0,0.36005670658246214
0.0,0.44413993594901907
0.0,0.6259891029114703
0.0439999983296729,1.2785963922100407
4.185000097602606,6.478841571382115
21.898999786376955,18.077220376985412
29.176000756025317,31.63630814995085
43.12899903059006,41.807858155454916
42.963999025821686,46.392573327677596
43.73500001907349,46.47453694888524
42.53300090551377,43.823683076245445
33.180999377965925,36.09843939014844
19.815000759363176,19.929223541702545
5.757999920547008,8.930412964991163
0.024999999689171,3.6688563437121258
0.0,1.4879353214161737
0.0,0.5103049624538316
0.0,0.3672090844803357
0.0,0.3258935451760355
0.0,0.34796242904716307
0.0,0.3751122605454709
0.0,0.3368146550854934
0.0,0.32339471137151116
0.0,0.33739300752058626
0.0,0.38110242955918816
0.0,0.4730957006809435
0.0,0.6908766055938654
0.3550000112317502,1.4484850892371366
9.126000487804411,7.790941650824888
23.16099964857101,21.455205982072012
29.489000005722048,36.43297428539822
46.163001010417936,46.37579058272498
48.79299822330475,49.68968318530491
46.07900160551071,47.70828290326256
30.41700076699257,41.96486701965332
22.5719994199276,31.4429929115091
13.107999712824824,15.332944924405643
1.897999941259623,6.514420031181404
0.0,2.733145873269865
0.0,1.1458627925068139
0.0,0.4207983686242785
0.0,0.3090791848095666
0.0,0.2868563833999048
0.0,0.3170345790897096
0.0,0.3378045317104884
0.0,0.3456479086467464
0.0,0.32122140067895605
0.0,0.33279424567374266
0.0,0.37983939818838347
0.0,0.47808414602918287
0.0,0.703723864792181
0.3420000116340816,1.5443153870744364
6.729000157117844,8.984088641064508
22.511000438928605,24.13527326277324
33.17900085926056,40.042164678573606
44.93800147294999,50.04216073513031
46.39199880123139,53.024690661770954
26.539999771118165,50.36530750683376
28.273000991344453,43.164552769320345
14.391999712586404,31.33741443412644
6.4449999684095385,15.47006469828742
7.132999789118767,6.8577051578675
0.0380000012926757,2.9855184801455055
0.0,1.2317547621311886
0.0,0.43986953403933765
0.0,0.31887429060148337
0.0,0.29182931160088627
0.0,0.32335059329534743
0.0,0.34279521327931434
0.0,0.41905581178476237
0.0,0.35828335958732555
0.0,0.34278290546964857
0.0,0.385968448994016
0.0,0.48695576034419774
0.0,0.7043954507767091
0.3700000058300793,1.551053730621934
9.014000254273414,8.788805106707981
23.632999238967894,23.59782695293427
37.53099819660187,39.22973498821259
47.43700020074844,49.694909674099506
51.9229989361763,53.948435878072466
51.53999812841416,53.50208927495139
47.43499962806702,49.651542610440934
31.222999458312987,41.12676438910621
19.82399922847748,23.919410355431694
5.873999758958817,11.14884362471955
0.0190000006463378,4.581063973030873
0.0,1.7476272352997746
0.0,0.5273935114312917
0.0,0.37301763593352266
0.0,0.33856282024245177
0.0,0.37307942714409104
0.0,0.40086264319385273
0.0,0.359590170907655
0.0,0.32530320013407615
0.0,0.3275061272816466
0.0,0.3792337388751496
0.0,0.4801157965604216
0.0,0.7113955822839803
0.4779999926127493,1.5935374378625835
9.492999795079232,9.278218746270452
24.08900040984154,25.035706731081007
38.50300128698349,41.128424588612155
48.64199811935425,51.41618797268187
53.33399832963944,55.35098227977753
53.99000131130219,54.38061180693763
49.56599978923798,49.921073564801894
34.94899829626083,40.41059223277228
13.574999925494197,21.83304661512375
2.7330000042915343,9.329871916132314
0.0,3.7100615242123602
0.0,1.4348090380909186
0.0,0.4535686832466827
0.0,0.3282752461817914
0.0,0.30661484909177356
0.0,0.3471330640032621
0.0,0.36387160835388516
0.0,0.4063318381438564
0.0,0.3512221761633243
0.0,0.33801710677067076
0.0,0.3875843848574108
0.0,0.4890960515376978
0.0,0.7163975217506023
0.4960000118054449,1.5959776897941318
8.380999750494958,9.25402606261628
25.015000598430635,24.825071486234666
40.10900105953217,40.729708516597746
50.500998446941374,51.018525296960554
55.61799916744232,55.09993241514479
54.920998823642734,54.4462586423329
41.232998378276825,50.3518615927015
37.82999959945679,41.48210400785719
23.185000358819963,23.704501960107258
7.107999819517135,10.836863073791777
0.0380000012926757,4.406247503182718
0.0,1.6692557431331703
0.0,0.5018571033435208
0.0,0.35089601003764465
0.0,0.32378308019068625
0.0,0.3591187799635476
0.0,0.39109630567487325
0.0,0.3778864257144076
0.0,0.3340328631550073
0.0,0.3263990914954671
0.0,0.3683054732890533
0.0,0.4639310360194317
0.0,0.6727414423413575
0.5710000168904662,1.5485717389626164
9.710999571084976,8.938588669981275
24.688999680280688,24.062971251521795
39.326000738143925,39.766454777377
48.87399882316589,50.23016409805843
50.32700202703476,54.43391013826642
43.01400101900101,53.94354448080063
35.70899819374085,49.98945160150527
26.2289990401268,41.287673753840586
17.70199959039688,23.675091957194468
6.872000024318695,10.990361399480276
0.0439999983296729,4.503989034912416
0.0,1.7239436626221452
0.0,0.525387155065047
0.0,0.36544398433661884
0.0,0.3303138254436531
0.0,0.3565254323131271
0.0,0.3762766173934298
0.0,0.40752680863386814
0.0,0.34443806746176303
0.0,0.3148209029535895
0.0,0.3333677531552634
0.0,0.4053163475663002
0.0,0.5667893751391342
0.721999992467463,1.2384012727758715
12.096999832987786,6.813649058597429
25.695000182390213,19.434446090374674
36.888000991344455,33.65227890304157
34.92700021266938,44.29428537607192
48.84700136184693,49.41141872474126
51.77300117254257,50.079004957675934
47.7800018787384,48.029870413712096
38.05000097513199,41.11979084696088
22.81499916553497,24.544293545825145
6.621999814808369,11.696269837447574
0.0510000008903443,4.885421045103243
0.0,1.9189381548655884
0.0,0.5993970978419696
0.0,0.4144008853838646
0.0,0.35400452858169695
0.0,0.3700839689786413
0.0,0.3889371023134195
0.0,0.36007283235767057
0.0,0.31894449715369516
0.0,0.30971675066942617
0.0,0.34892484291190545
0.0,0.43549904435207804
0.0,0.6300200309271791
0.4149999896250665,1.4749958224168844
5.52799978941679,8.761617799316134
22.719000432491303,24.21669580800193
39.01700057983398,40.06197674478803
49.670999045372014,50.66291690077101
54.17499882698059,55.117317855358124
52.52400054693222,54.912843951838354
46.56500109672547,51.617370819704874
36.34000017881394,43.61923323358808
18.531000759601596,25.488811502286364
5.54999992698431,11.700924587334905
0.064000000488013,4.741467032666717
0.0,1.7958449651513781
0.0,0.5368423858604261
0.0,0.36931183903211995
0.0,0.32694915820445336
0.0,0.35008618756729565
0.0,0.36710780810165616
0.0,0.40268524091291635
0.0,0.3507977114657738
0.0,0.3267633238035653
0.0,0.3427435119968972
0.0,0.39628438672183874
0.0,0.5371274369329745
0.0629999989760108,1.0906547035809075
7.043000206649304,5.555623676755599
14.510999896526338,16.091794301867484
17.085999846458435,29.09746228660856
30.53499963760376,39.7542280447483
48.16799795627594,45.44223557676588
49.86799999713898,46.679272000789645
46.20500071287155,45.42702617747443
35.68200073242188,38.78825454780034
18.58499979019165,22.29405684675489
4.052000012844801,10.09972723088094
0.0439999983296729,4.2027953427178515
0.0,1.7238968429714443
0.0,0.5613467168262494
0.0,0.3858268667737554
0.0,0.33180745688998803
0.0,0.34389833023505545
0.0,0.36542780125181057
0.0,0.3543402252938332
0.0,0.3176244438772223
0.0,0.31407093462933383
0.0,0.35497200173791493
0.0,0.4436698172780286
0.0,0.6521650345550318
0.5230000085011125,1.4559653032624296
9.606000314950943,8.125693093836308
21.903999164104462,22.31174040692193
35.057998697757725,37.94027463981083
46.59500147104264,48.69650947025845
43.41800167798996,52.899169250556405
49.30199813842773,52.078851705278666
41.77199866771698,47.38766545636314
27.9790010201931,37.58187870468412
19.5400000667572,20.12563969714301
2.3020000867545605,9.079632785192558
0.0,3.781798765403884
0.0,1.4718699917889067
0.0,0.4649722505839807
0.0,0.32639260748733895
0.0,0.29468035989041835
0.0,0.32087279784493145
0.0,0.3410834844197545
0.0,0.3890208946793739
0.0,0.33632371010591405
0.0,0.32564068605192
0.0,0.3696345104184001
0.0,0.48032842778401186
0.0,0.7255002599508901
0.8079999700561166,1.689641015380621
11.449000169038772,10.100556890496188
27.78400064110756,26.166755056210924
42.61700031042099,41.881014327321736
52.7759987616539,52.016061657156264
57.48300121307373,56.150331663744794
56.08299880743027,55.57902702569961
51.34899889469147,51.89675909859794
40.96000031232834,43.66344418798174
23.852000328302385,26.00885594010353
7.561999904215336,12.241909677854608
0.0779999975860119,4.922431529675211
0.0,1.8215250484059964
0.0,0.541991566297199
0.0,0.378454800548165
0.0,0.341693784664385
0.0,0.37740583084856294
0.0,0.40328968870120924
0.0,0.37440212927026945
0.0,0.3372308328149042
0.0,0.34009736501212634
0.0,0.39298192905328627
0.0,0.501650815146443
0.0,0.7439185131414394
0.8999999968335033,1.684009654894471
11.39099999308586,9.871091893485614
26.36599924325943,26.007566629988816
40.83200063228608,41.87219396727426
51.18500123023987,51.62347230230059
55.53699856758118,54.95668753794263
53.54799798727036,53.47873439346041
40.61199925661087,47.75183306421553
29.03399912118912,37.178165308918274
17.34299949288368,20.184312403542656
4.701000219881535,9.384632605058803
0.0700000015366822,3.979338023949947
0.0,1.5244236926095827
0.0,0.4792541467265359
0.0,0.33310835500580394
0.0,0.3086618104557108
0.0,0.34078359130703445
0.0,0.3683216747129336
0.0,0.3719595918318789
0.0,0.3446143047970586
0.0,0.34558078535100706
0.0,0.3874900555484263
0.0,0.4789873808549186
0.0,0.6853307888550418
0.6560000290721655,1.4645109806901642
7.862999825775623,8.23742939144373
26.851000502109528,22.710021329436984
35.47899806261063,37.90363112006869
45.66399985074997,47.75131194114686
37.16500020265579,51.083327654770436
32.22200001001358,49.48119757311685
37.22899798870087,44.38722133738653
36.47599804162979,34.686533312967846
15.186000102758408,18.181564121331487
3.9779998768866074,7.986283723499095
0.0439999983296729,3.3169571715380464
0.0,1.3455817872977682
0.0,0.46090103621195466
0.0,0.33397906777981134
0.0,0.3067169507286911
0.0,0.33463993457678176
0.0,0.36005253788216834
0.0,0.44551314731793745
0.0,0.36539491127245133
0.0,0.32132518836430135
0.0,0.33320080799848906
0.0,0.39786300945095715
0.0,0.5354722394089082
0.7059999682754279,1.1059070438093372
11.001999521255494,5.755773410499096
10.884999909996989,16.355482721328734
11.36300019145012,29.156197199140276
35.342001967430114,39.910800879171916
49.59899896860123,46.4337003837313
42.5610007071495,48.925665710653576
48.24300094604492,48.78127588851111
39.96799971103668,43.34178684234619
23.74099935412407,27.48401890482222
7.907999873757363,13.42564887089389
0.0960000007320195,5.628164352689471
0.0,2.217607070345964
0.0,0.673850956194635
0.0,0.44718691544474237
0.0,0.36215614634699056
0.0,0.36241839736833104
0.0,0.39099936648671113
0.0,0.34690055093328864
0.0,0.32084467029332053
0.0,0.3287733296451291
0.0,0.3816855363986854
0.0,0.48022416901375564
0.0,0.7070888437956039
1.2070000317692755,1.6089954049353088
12.346999529004098,9.077782372832297
27.24600063800812,24.728639657667706
41.33400059700012,40.7849892282486
50.16599905967713,51.11191900151117
54.239000720977785,55.11022224834987
52.22200033903122,54.582872111116146
45.93899848937989,49.98053441115788
35.67300020933151,40.13022860867637
19.92599967956543,21.53243577531406
8.535000199973583,9.41085527726582
0.4970000093057752,3.8029407077601975
0.0,1.4589714072591489
0.0,0.44500106082697
0.0,0.31750557918234595
0.0,0.29868294716280486
0.0,0.33276696515801757
0.0,0.34632409200737513
0.0,0.35240994054424973
0.0,0.3445645657953407
0.0,0.3649354647951467
0.0,0.4168160082020663
0.0,0.527407605008089
0.0,0.7670366486754003
1.1309999649971725,1.6224354413950017
11.78000046491623,8.531859157085417
26.679000546932222,23.10792109268052
40.30499967098236,37.94557125721659
45.34899797439575,47.13206398078374
37.34300187587738,49.498283132825584
42.90999999523163,46.98133324112211
29.59100045681,40.28133904048375
25.34300003528595,29.655520539624348
8.796999737620354,14.896021523305347
2.240000049173832,6.782466987839768
0.0770000000856816,2.960558838163103
0.0,1.2208964452041047
0.0,0.45135493948523486
0.0,0.3345648590009659
0.0,0.31618032448658984
0.0,0.34753419452413375
0.0,0.37124421214352227
0.0,0.3867054023081436
0.0,0.33298899859456077
0.0,0.3168371612724981
0.0,0.35554842857045255
0.0,0.44329390068871105
0.0,0.6530658325765815
1.1319999945908783,1.512495923531907
10.524999526143077,8.9431332387243
24.11999901652336,23.93516904660634
38.20499811649323,39.82132704121726
51.07699906110764,50.847869815826414
54.92200116395951,55.58746945415225
53.89000143289566,55.49906808512552
49.39399983406067,52.15337523835047
40.08800120830536,43.91454628229142
21.855999797582623,25.898091760022304
5.357000120580197,11.881810263012138
0.2189999981597066,4.782859308379038
0.0,1.7828413802651422
0.0,0.5202537645692271
0.0,0.36214853219355325
0.0,0.32396697638090693
0.0,0.35557939982440845
0.0,0.37261330065982684
0.0,0.3624719382889036
0.0,0.3447969573689625
0.0,0.3701503839277263
0.0,0.4408493963848533
0.0,0.5718806201552173
0.0,0.852814494254999
0.6649999744817615,1.8378343610465528
13.178999503254891,10.633890186633382
29.226000695228574,27.581147618123463
43.51699921607971,43.59473927565983
53.01400118350983,52.52968536581312
56.61900029182434,54.75211973837444
53.13899795055389,51.82424728836332
43.1569988322258,43.81463443143027
33.55100057125092,31.203112275259834
5.005999746322632,15.10263933769294
5.881999995708465,6.513666955530643
0.0129999995976686,2.7409794445335867
0.0,1.0995070011221937
0.0,0.3928775350323745
0.0,0.29467955182506034
0.0,0.28261224418745506
0.0,0.3240046608813905
0.0,0.3525273942767776
0.0,0.398450737736587
0.0,0.3423899461515248
0.0,0.3395306395486529
0.0,0.40624929283479494
0.0,0.5327159296189036
0.0,0.8144474352909518
1.521999982520938,1.8717909683393579
14.330000445246696,11.192074759176801
30.54299987435341,28.65546629820551
45.15499993562698,44.997788021223876
54.727999017238616,54.52618589299066
57.413001708984375,58.081906594548904
55.670001733303074,57.407582733290546
48.25200146913529,52.79199043239866
39.75300182104111,42.99624997104917
19.258999710083007,24.27748645714351
4.763999773561955,10.920130456302847
0.0709999990370124,4.307262325627463
0.0,1.5652713895801986
0.0,0.43628896549077967
0.0,0.3063495297144566
0.0,0.29654267201599266
0.0,0.3417860966754544
0.0,0.3722005935997835
0.0,0.39169270261057776
0.0,0.3372665619118405
0.0,0.32456611844644473
0.0,0.36249216170050197
0.0,0.4560671021297042
0.0,0.6742183267764216
1.473999974131584,1.6160568095743657
14.003999527096749,9.41701287742172
29.6280007815361,24.889688105923792
43.713001935482026,40.778934693677094
52.44999989748001,51.48821445771626
53.34499942541122,56.080517017500746
52.74500015497208,56.13363166468484
50.50499959230423,52.89540519271578
41.35399810791016,44.963628051962175
24.429999461174013,27.329803448063988
8.588999744057656,13.168277601514546
0.2529999934043735,5.38754986013685
0.0,1.9812900825589896
0.0,0.5498882010446062
0.0,0.37186704255906594
0.0,0.33238350433297453
0.0,0.3613759632554969
0.0,0.3816995726658829
0.0,0.3639930198873792
0.0,0.31322824968823365
0.0,0.3032178810159011
0.0,0.3402198379194098
0.0,0.4319586154472615
0.0,0.6328665781207384
2.0360000456124543,1.5618623945116996
14.211999520659448,9.51770039767027
30.0280002951622,25.463895892415728
44.09200159788132,41.64623488732747
52.01700120449066,52.37809019565583
55.238001272678375,56.954771387236455
54.38599967956543,56.960518999099726
49.81999857664108,53.74711688177926
40.72300023078918,45.84857483421053
24.322999632358552,28.055366676364628
8.845000131130218,13.488973979779653
0.2790000086463988,5.5357794438089645
0.0,2.037735453652484
0.0,0.5652422772747066
0.0,0.381241902786174
0.0,0.33203263203879546
0.0,0.3546991828263604
0.0,0.3656484626965331
0.0,0.38293864060060256
0.0,0.33286052193359605
0.0,0.32753203695174304
0.0,0.37745995059609416
0.0,0.48828884238510256
0.0,0.7311290128502463
2.1909998828172683,1.7608607646397183
14.760999592542648,10.567386916577817
29.48500091433525,27.543786967311583
41.47199903249741,43.57724292073931
51.28099996328354,53.53516650540489
55.433999884128575,57.60071868896484
54.06000081539154,57.39641555888313
49.38099816560745,53.90506529331208
39.81499903440476,45.824420662607466
21.769999819993973,27.888586461203438
8.52299984484911,13.36021770298481
0.3119999903440476,5.417249180248805
0.0,1.9674089180624914
0.0,0.5367248507482665
0.0,0.36729374336743986
0.0,0.33782605261142756
0.0,0.375757347717216
0.0,0.3969175569353891
0.0,0.3786360582044082
0.0,0.3253168547193387
0.0,0.3111507617928354
0.0,0.35359432365878346
0.0,0.4513602646932538
0.0,0.6736644134470927
2.329000115543604,1.6503809135300773
14.678000473976136,9.957016240741527
30.32099997997284,26.11678211212158
44.36400143146515,42.189441132886074
53.00599889278412,52.91309990303858
56.05699957847595,57.50054686341967
54.36900097370148,57.56989202942167
49.94499945163727,54.51643420151303
40.2830015873909,46.925289037227635
23.271000336408616,29.15474151696478
8.072000105679036,14.064036073599544
0.2780000111460686,5.736388277879783
0.0,2.0799238651565144
0.0,0.5626477020526571
0.0,0.37895142605528237
0.0,0.3380048723172928
0.0,0.3679814436652564
0.0,0.3831077337211796
0.0,0.4461725515739194
0.0,0.36699431446247865
0.0,0.3372419932863808
0.0,0.3747787931767691
0.0,0.47710489116542565
0.0,0.7036604001412966
1.8790000208467248,1.61811214272465
13.594999490380289,9.430449108523982
29.85000067591667,24.641872960158757
44.29599839210511,40.249403820719046
53.33599890232086,51.0138123021807
56.72800069332123,55.74531575373241
55.545000858306885,55.893119870935166
50.832999029159545,52.96386304106032
40.973001980781554,45.49649810314178
24.083000745773315,28.535492969751363
8.871999646425248,13.999403462239675
0.4200000092200935,5.75875431661095
0.0,2.0870895090805632
0.0,0.5711240669579378
0.0,0.3912945155107549
0.0,0.34409608159413824
0.0,0.3755926181495721
0.0,0.40810787525161035
0.0,0.37178421299438924
0.0,0.3401255166337692
0.0,0.354294244655674
0.0,0.4118659522623888
0.0,0.5410740247029544
0.0,0.8242176870556017
2.482000021934509,1.847640556246042
14.57499973654747,10.969418619445392
30.676000986099243,27.723913625478747
45.863001375198365,43.639974283831464
54.61100043296814,52.924868012155805
56.595001635551455,55.46928895337241
54.05100029230118,52.592248889718746
33.88599995851517,44.54381881952286
7.880000072121621,31.890501184804098
5.389000040590763,16.48619467675686
8.511000003218651,7.67729486205748
0.4750000001117587,3.3315201918993678
0.0,1.2847727165584053
0.0,0.4392545355537108
0.0,0.31991616995739086
0.0,0.296378303498828
0.0,0.33670758585246013
0.0,0.36605247818266173
0.0,0.4141552873860512
0.0,0.3516713252517261
0.0,0.33956137124848146
0.0,0.39706638079668793
0.0,0.5187192816939206
0.0,0.7912832113767839
2.7270000834763053,1.885289240522044
15.428999848365784,11.336400027785983
32.05399914622307,28.618004709141598
46.6059984588623,44.71546783821924
55.00600056886673,54.58419487169811
57.91800047874451,58.49321471350534
57.14900005817413,58.179488649708894
51.8249996304512,54.49893197808948
42.27700154542923,46.12264331511089
24.713000390529636,28.153974839278625
9.115000419020651,13.46604045680591
0.5439999881014228,5.434260980210134
0.0,1.9288658739253879
0.0,0.513644468486309
0.0,0.35103681628592304
0.0,0.327944917086778
0.0,0.3691028240442808
0.0,0.39998295115173926
0.0,0.41329133599863516
0.0,0.3532024681235531
0.0,0.34321409372945444
0.0,0.3942730329584863
0.0,0.5174474899776812
0.0,0.7793790102989545
2.8910000586509703,1.8656594646828515
15.689999613165856,10.972352064039027
31.443999066352845,27.900303220919202
45.0509989118576,43.87567331824984
53.03199812173843,53.757841571058556
57.19300033330917,57.65656805855887
56.24500000715256,57.39636685030801
51.13900038242341,53.667021205084666
41.26499932527543,45.25661071811404
24.25400041460991,27.70317022783416
8.64800020635128,13.559019991755488
0.2449999973550438,5.5419005492116735
0.0,1.9861743459318366
0.0,0.53100494463795
0.0,0.3635768673741923
0.0,0.3350979391445538
0.0,0.3703459678377424
0.0,0.4005273946427873
0.0,0.3899242704867252
0.0,0.33177555722051427
0.0,0.3170081467560625
0.0,0.3535777107519763
0.0,0.4535466992841767
0.0,0.6711248348094523
3.2329999098181728,1.6614257296494075
16.051999542713165,9.675827945257936
31.69099995732308,25.489790662016187
45.65400109529495,41.42436850139074
53.31100201368332,52.20708788599287
57.23299946308136,56.996810408660345
56.21200082778931,57.53806537696294
51.020001225471496,54.816743693692345
41.5489984869957,47.590287847178324
24.676000065803528,30.310602166312083
9.046000174283982,15.223786220039642
0.5169999914057553,6.273873466551303
0.0,2.2412578711020097
0.0,0.5795613513008825
0.0,0.3892645154959921
0.0,0.34340658865203816
0.0,0.3695679246867075
0.0,0.3853940520675055
0.0,0.5154024656782192
0.0,0.4209632345887699
0.0,0.3612894784845412
0.0,0.3657344844059221
0.0,0.4338295469366546
0.0,0.5981497864944062
0.2739999890513718,1.20387492553464
3.722000003308058,5.712562228952136
14.2180002117157,15.934311849474907
30.667000463008883,27.664765276908874
36.03500116586685,37.299692910398754
37.74899899959564,42.518960512025025
49.67999956846237,44.67372282879693
49.18000017642975,45.045019494124816
39.55100149154663,40.54006255967277
23.832998995780944,26.1870245722362
8.933999940752983,13.672731920906473
0.5930000260844827,5.859353149107524
0.0,2.2780325885649235
0.0,0.6955916692502797
0.0,0.47970880670606025
0.0,0.4115979060943105
0.0,0.42874708862842187
0.0,0.47246396779215755
0.0,0.39826030252102235
0.0,0.3371391237008252
0.0,0.31343928426637174
0.0,0.33964266376969
0.0,0.41584013689708493
0.0,0.6040801701335503
1.2389999517798425,1.4190807072498968
8.907999684810639,7.669431288072041
18.85599933743477,20.977892755610604
30.15800054788589,35.974264213527945
48.80199874639512,47.534839883191246
55.30800077676773,53.37414593253817
53.46000154495239,54.771691782815125
49.48299861669541,52.78461255039489
40.29899795293808,45.94642214570727
23.63399952530861,28.863418756893704
8.37099996805191,14.422606009840964
0.2670000065490603,6.049996054662125
0.0,2.2145913383364677
0.0,0.5802904898779734
0.0,0.37893020774903036
0.0,0.3271364322224898
0.0,0.3434554508168782
0.0,0.3631987821896162
0.0,0.4167295245773026
0.0,0.42001953574695755
0.0,0.46032490853552843
0.0,0.5354837976090078
0.0,0.7096762048852232
0.0,1.0637877992613771
3.202000019401312,2.0593760445447904
16.962999544143678,9.493449689192431
31.150999381542206,23.352677868093764
42.39199955701828,36.83659994704383
48.5270001077652,43.70642803839275
36.3989985871315,42.04978660583496
15.172000201940536,34.03799125262669
6.096999939680099,23.42495699218341
1.7750000240653754,13.955476103254727
1.2800000097602606,6.754308809978623
0.0380000012926757,3.5098225892228743
0.0,1.7772895655035972
0.0,0.8374933469747858
0.0,0.4197412815929524
0.0,0.3503329936514742
0.0,0.33997507320317844
0.0,0.383692783356112
0.0,0.4455690276163763
0.0,0.4027955916936376
0.0,0.3365806118492037
0.0,0.32105023295086405
0.0,0.3656114338178719
0.0,0.4756682942328708
0.0,0.7279942419246904
4.128999980837107,1.795394795952099
18.381000941991807,10.866054915104595
34.962998197078704,27.77236222590719
48.78200123548508,43.90600467613766
56.433998668193816,54.13122859716417
58.59200039863587,58.46328710862569
57.72399833202362,58.55263213293894
52.852998216152194,55.499845661776405
42.59699869155884,47.952365681103295
25.30699999690056,30.3765119106429
9.776999983787537,15.013657133579255
0.7710000304505229,6.086371750597443
0.0,2.1285672081900495
0.0,0.5461140337905713
0.0,0.3682826021739415
0.0,0.33050052865807494
0.0,0.3633937609102577
0.0,0.3875532898147191
0.0,0.4049016392550298
0.0,0.3463683441880026
0.0,0.33542149997582393
0.0,0.38563424806243607
0.0,0.5063966357189097
0.0,0.7750853521536503
4.383000051975251,1.8790247969329354
16.841999814510345,10.94310095084565
32.45500100016594,27.75818626999855
45.51799912452698,43.50883847577232
52.47300032138825,53.31829891034535
57.19300033330917,57.25025462252754
52.264998273849486,57.046349963801234
47.53799831151962,53.26012620040349
35.59800132751465,44.918435297012344
25.63599972009659,27.78537122998919
9.410999935865403,14.100585844005854
0.5919999964907765,5.877402060266052
0.0,2.0800141850858926
0.0,0.5453832584513085
0.0,0.36162675694163354
0.0,0.32951390034119993
0.0,0.35955127258984637
0.0,0.39432718365320146
0.0,0.40589986474253237
0.0,0.34419497389346365
0.0,0.3211846480325663
0.0,0.3553768424822816
0.0,0.4519892948613103
0.0,0.6687289932330273
2.8959999498724938,1.6206799245625734
16.606000019311907,9.208730095369477
34.08700000166893,24.3283408503873
46.44200079441071,39.76837319101606
47.78399891614914,50.63864418540682
54.73699954032898,55.68399517876761
51.65999962568283,56.59345645870481
44.93600090026855,54.22526490279606
42.47300015687943,47.36169380937304
25.59299973130226,30.528116176979886
9.713000143766404,15.736249872360911
0.7239999874681234,6.589119472631386
0.0,2.3440898890686888
0.0,0.5931837056444161
0.0,0.3881311677263251
0.0,0.34242068472850534
0.0,0.36476730123627926
0.0,0.3902898094537002
0.0,0.40072091082244043
0.0,0.3721893723801311
0.0,0.3668490415039871
0.0,0.3830807982092456
0.0,0.4671685172098555
0.0,0.6641713395621628
1.398999936953187,1.328112711746778
11.690999628305436,6.394939436912537
22.92900099873543,17.482048390422552
28.653000940084457,30.23473621317319
29.34399956583977,39.53191623943193
33.81399988174439,42.49739845820835
35.19200009584427,40.99099539790835
31.44100026130676,36.361892042500635
24.62100074887276,27.471254910741532
16.540999892950058,14.635973336270876
5.11500014781952,7.213583285127368
0.0449999998416751,3.289263669082097
0.0,1.3783747162882771
0.0,0.5072535036397832
0.0,0.3693263842085642
0.0,0.3285173941416932
0.0,0.34796450823944586
0.0,0.38491440281005845
0.0,0.3869780229284827
0.0,0.3417968193015882
0.0,0.34128011938783204
0.0,0.39216482826375526
0.0,0.508459105060569
0.0,0.7790008930210023
3.925999878495932,1.8377219058573246
19.09199913263321,10.10679540263755
34.018999016284944,26.066507820401874
45.99300162792206,42.015853747640335
53.61899983167648,52.378101345811565
57.04800194740296,56.60672279664449
55.27699806213379,56.589393694060185
50.676999547481536,52.71289416176931
41.93899924516678,43.787767250878474
25.441999627351763,25.636799597058978
5.752000256478786,12.14425888785294
0.2230000042077154,4.932680246680976
0.0,1.77417016272034
0.0,0.47388481948524713
0.0,0.32862884297434775
0.0,0.3080633893449391
0.0,0.343467343705041
0.0,0.36494963631299987
0.0,0.4034221781803561
0.0,0.34144455094555654
0.0,0.33057891443637866
0.0,0.37834767400553176
0.0,0.4965589592100254
0.0,0.7662586628339653
4.498999890387059,1.8892530842125415
18.43000059485436,10.856491309148923
34.47899927854538,27.488920278549195
46.61200017690658,43.556180863380426
54.39900134801865,53.93352635928562
52.89600025892258,58.34216766153064
53.88699851989746,58.60721566643035
45.69100142002106,55.57787621225629
42.696998569965366,47.92846502883094
26.12199921131134,30.304246870960508
10.33999995648861,15.174583076834677
0.8339999692514539,6.178592378071376
0.0,2.1334092366801842
0.0,0.5285750542820564
0.0,0.3556885287644608
0.0,0.3219981153934661
0.0,0.35212486425547723
0.0,0.37878892812345716
0.0,0.3910687569502209
0.0,0.3489814097793507
0.0,0.35151511762158144
0.0,0.40975603286443013
0.0,0.5372617408340531
0.0,0.8247317255115403
2.165999913215637,1.8920753390129121
19.091000900268558,10.352595231107303
33.39599932193756,26.51474290779659
44.1110008764267,42.5239058995247
50.73799852848053,52.75506639821189
56.44099861860276,56.8579944906916
56.2729998087883,56.786195116724286
50.895998582839965,52.67785509075437
39.47700084209442,43.2354002720969
20.32799976587296,24.731987051793507
9.448999519944191,11.316204454898834
1.452999994531274,4.513151895467724
0.0,1.6180416014843755
0.0,0.4361158492362925
0.0,0.3076974423336131
0.0,0.2922866112605802
0.0,0.33078322545226124
0.0,0.3557441121991723
0.0,0.5469528812808649
0.0,0.43891366034613116
0.0,0.36062797898958837
0.0,0.35044647009777163
0.0,0.40989658580427724
0.0,0.5474722552605505
2.1040000040084124,1.0450320349367603
9.336000027060509,4.847792460450104
13.276999835968018,13.456308864951135
25.240999584198,23.400613854782925
26.491000118255617,32.20137016790254
31.6399997317791,37.55044084055083
28.301000792980197,40.4293931559154
34.769000158309936,42.625111755302974
38.78799868106842,39.72716074824333
24.097000646591187,26.799525808095932
8.0099998113513,14.499541791081429
0.6320000248774886,6.418612758048943
0.0,2.596283121481538
0.0,0.8332610238556352
0.0,0.5516669878669614
0.0,0.4365127480163106
0.0,0.42210932801344564
0.0,0.4837638253851661
0.0,0.4214512510477964
0.0,0.3581438691674599
0.0,0.3459775660732495
0.0,0.40221768398103963
0.0,0.5336563824449799
0.0,0.8287331826386176
3.3410000249743463,2.03666124251272
18.31899962067604,11.558824214935303
35.69800120592117,28.67382092169353
47.40600159406662,44.556154999732975
54.1830011177063,54.54657013825007
54.62500033378601,58.67363655737467
54.34499820947647,58.84670868805477
52.28000051498413,55.61805198396956
42.56399951219559,47.84867686169488
26.3959996175766,30.48681746721268
10.689999530911448,15.61592047248568
0.9030000214278698,6.427757279532297
0.0,2.2031925414502624
0.0,0.5331988982483745
0.0,0.35551563945598896
0.0,0.3299593563989869
0.0,0.36221516606530973
0.0,0.39679315154839834
0.0,0.3849346904084086
0.0,0.32992458322617624
0.0,0.31461549273958156
0.0,0.3521565106165196
0.0,0.44583442264236506
0.0129999995976686,0.6743415905561829
4.410000080764294,1.740209960969431
18.8330009675026,10.12504901451724
36.207999353408816,26.353164827142443
49.082999103069305,42.53862117086138
56.34400165319443,53.6183830520085
58.345999794006346,58.49293302536011
55.95099798202515,59.04811512504306
49.63500106096268,56.60211132696697
39.87000040531159,49.71488957950048
25.05200092315674,32.169566402605604
10.38400023162365,16.17568469933101
0.9539999902248384,6.692707353787761
0.0,2.3516346749663355
0.0,0.5694205184706621
0.0,0.3719526883174798
0.0,0.3327673365242247
0.0,0.35954894352770805
0.0,0.37388849885868175
0.0,0.4381453174179685
0.0,0.35854091236766955
0.0,0.3421182940634234
0.0,0.39527828689531547
0.0,0.5348832250958574
0.0439999983296729,0.8309904175092068
5.635000131726265,2.06320956162044
19.242001004219052,12.367324062245233
36.91100141525269,30.18065502354077
50.33799901485443,46.35649377107621
57.46099902153015,56.17434381757464
59.70300015687943,60.18061179671969
58.00699926137924,60.2329958152771
52.64200147151947,57.15899646622794
42.26199930429459,49.52347837686539
26.120000692605974,32.11345500435148
10.571000373959542,16.149481393183983
1.070000021196902,6.520379752750908
0.0,2.193576504087874
0.0,0.5344595123002572
0.0,0.37093363422900444
0.0,0.3340930290653237
0.0,0.3709222468115123
0.0,0.399054696100897
0.0,0.5930201245611534
0.0,0.5028172615024128
0.0,0.425267144275297
0.0,0.4043966889554369
0.0,0.45031572731810493
0.0,0.5679217750080195
1.7519999852776529,0.9331730856161032
5.4569999989867215,3.844260910919734
5.789999840557575,10.577231257046973
6.417000166773796,18.652924778461458
9.0149995136261,25.48258340673787
19.696999834775927,29.49223091006279
44.0629994559288,32.67790347031185
42.25999873161316,35.957772546325415
23.73599997639656,33.660921740872524
21.991999714374543,21.688736898047583
8.799999569654466,10.951912581494879
0.1629999937210232,4.762146463628326
0.0,2.0354212461624823
0.0,0.7311731366573699
0.0,0.5184189060343696
0.0,0.43597555304345276
0.0,0.43048342508396925
0.0,0.4930441029948581
0.0,0.45609305650128845
0.0,0.3725791143373187
0.0,0.34317116998535185
0.0,0.3794080483155059
0.0,0.4928564174938947
0.0,0.7505967263105724
2.2029999811947345,1.794542212496911
19.06700019001961,9.973229740900653
33.9450004208088,25.23560525621687
34.36399921298027,40.709115352630626
37.307998015880585,51.489135225840975
58.91999983549118,56.4841291815894
59.08299926757813,57.362010286194945
53.58199950695038,54.83215673003878
43.28300204753876,47.88543599094664
26.80200084924698,31.81471122877938
10.969999601244927,17.01443829357624
0.9949999840185046,7.196113705251898
0.0,2.467419120978032
0.0,0.5925861911715141
0.0,0.38866319795804366
0.0,0.3415611759812704
0.0,0.36882416872307655
0.0,0.4062913168181798
0.0,0.3966662749714618
0.0,0.3548470175239657
0.0,0.36305170856349706
0.0,0.42789727666548316
0.0,0.5803487301857343
0.1009999962570145,0.9224464065475123
6.178999798893929,2.1447820287623576
19.624999758005146,11.448769243444714
32.94700015544891,28.23362627029419
36.19600002527237,44.191922251497
48.48099925994873,54.03565533058984
55.86199919939041,57.72031056472234
53.43799935340881,57.25503334454128
44.51300096273423,52.547822561264034
35.67799958705902,42.389957904815674
16.03700038254261,24.053386518955232
5.192999888658524,11.128158398611204
0.5139999989047647,4.49937268704176
0.0,1.5887940093928152
0.0,0.42487814275813957
0.0,0.2988510362191924
0.0,0.288369509279728
0.0,0.32860322329082653
0.0,0.3576923061987119
0.0,0.3810734469483473
0.0,0.3440238634749715
0.0,0.35111694656844644
0.0,0.4166587449290923
0.0,0.5575193250006331
0.0129999995976686,0.8747117851608033
5.909000024497509,2.0880466069068224
18.057000596523284,11.699789618849753
34.04000092148781,29.058602820123944
45.47700176239014,45.10361297573362
51.99400078058243,54.989600450311386
52.75900005578995,58.77987641504832
49.44700063228607,58.41303922516959
45.205001928806304,54.30227844170162
32.90700102567673,45.0198430292947
19.944000725746157,26.244395644664763
4.760000168681144,12.142404000759125
0.2189999981597066,4.843298580901964
0.0,1.7106381340857062
0.0,0.45209273410428846
0.0,0.3171323584366057
0.0,0.3005381758218365
0.0,0.3403160366675416
0.0,0.3639284732312496
0.0,0.4727913431503943
0.0,0.3915598452037999
0.0,0.3303925848805478
0.0,0.3311306133227689
0.0,0.38721329029782536
0.0,0.535526892135718
0.8869999972358347,1.1265823851579004
10.01900047004223,5.446962291342872
21.122999415397643,14.988413327676913
29.852999480962755,26.265938332421438
33.02800075531006,36.912183331762044
40.00900118112564,43.92657612664359
46.8530014038086,47.35512343338558
50.16300025463104,48.774997763974326
33.74099951863289,44.89380342926298
25.669000953435894,30.007946446623123
6.851999945938587,15.69408013003213
0.801000019647181,6.755031075988497
0.0,2.594475677566869
0.0,0.7424878580681981
0.0,0.46813734287263026
0.0,0.3775063026004604
0.0,0.37110437557367343
0.0,0.4199482884524124
0.0,0.4527458320119019
0.0,0.3726128651068679
0.0,0.3512468330455678
0.0,0.41033419732403537
0.0,0.5665116665725197
0.3700000058300793,0.8850251680266645
8.248000179231168,2.1769210873118467
23.537000505924222,12.954465589267869
40.64800134897232,31.15307800531388
52.43599999666214,46.7612379693985
58.87399898767472,56.075027619770594
61.71100001573563,59.893954203128814
59.47799940347672,59.97028288773129
53.94100165843964,57.10461598294121
43.463000185489655,49.946085124697
27.576000647544863,33.074111050707955
11.260999740362168,17.021100805061206
1.0590000165998936,6.882009746538742
0.0,2.308193081319332
0.0,0.5494549221305975
0.0,0.3727433911591235
0.0,0.3396502423911754
0.0,0.37440523774296575
0.0,0.4172427274592753
0.0,0.4668508661445229
0.0,0.38229005181230596
0.0,0.3559943167426224
0.0,0.39740143564130576
0.0,0.5407260534207203
0.181999994367361,0.8382130569765078
3.778999892920256,2.033907594180533
19.7480000603199,11.358315658909934
36.962001640796665,27.829904952049255
47.84600023746491,43.11853020804269
42.675000486373904,53.01754458563669
59.87999948978424,57.378379888534546
57.66400169134141,57.82180339029857
51.11100058078766,55.16962675707681
43.45399966239929,48.297491757188524
27.396000455617905,32.395184522526606
11.786000128984451,17.355808674437657
1.4249999361485244,7.222866156569549
0.0,2.464334874195712
0.0,0.5976309626868793
0.0,0.4046755803921925
0.0,0.3629855698466833
0.0,0.39824461573734876
0.0,0.4391403862927109
0.0,0.4079408292299403
0.0,0.33894580883639197
0.0,0.31719927312540147
0.0,0.3573603323181825
0.0,0.4597443863589849
0.0,0.7025032413790802
3.867999959290028,1.8168193434072393
13.813999552726743,10.609385445330826
30.53200083255768,27.04151529090745
49.370001177787785,43.2091756926264
58.99100167989731,54.18207095997674
61.84899845123291,59.175871849060066
60.0560005903244,60.03926244599479
54.67899936437607,57.833682414123
44.42500041246414,51.38918464285987
27.79700025558472,34.691276823963435
11.984999599456788,18.303578955275672
1.481999954134226,7.639158468501909
0.0,2.5874529683696372
0.0,0.5910059454345278
0.0,0.3803288210249905
0.0,0.33004444052332216
0.0,0.3518728750910876
0.0,0.3752237002085894
0.0,0.395040947210842
0.0,0.33698794326878023
0.0,0.32890002168515425
0.0,0.3869634089805185
0.0,0.5290521498237337
0.4440000134147703,0.8381992063924137
8.70299952328205,2.212178319926773
23.69999993801117,13.162098214541162
40.3970013666153,31.72128642116274
51.164001379013065,47.51850373131889
57.409998795986176,57.05290977648327
59.79100070714951,61.000173478807724
57.87499843597412,61.23885664701463
53.014999415874485,58.714371010575974
42.75899989128113,52.18794658967426
27.294000004529952,35.31547193237713
11.25099995791912,18.534148918049677
1.4999999733269216,7.557662420272828
0.0,2.507279112211296
0.0,0.5663282483443618
0.0,0.37269695892131754
0.0,0.33868853916547126
0.0,0.3696403691787938
0.0,0.39806461086895856
0.0,0.41570015705323643
0.0,0.3440611766092479
0.0,0.3321868097629132
0.0,0.39479493314533354
0.0,0.5521667161158152
0.4129999946244061,0.8980029131605157
8.544000209569932,2.34713709092566
23.43100096344948,14.07818077972957
40.32399894952774,32.763356503418514
52.4610009932518,48.488886528015136
58.69999845981598,57.776935163566044
60.3869988322258,61.52490039518902
57.29099963903428,61.56124872922897
50.73999910116196,58.80972479513713
42.25299878120423,51.92537450620107
26.330999491214754,35.16318956051554
11.31399951159954,18.58901296598571
1.4339999457448722,7.603946056578841
0.0,2.4768946076929574
0.0,0.5590181200419153
0.0,0.372130283890292
0.0,0.3402872844412923
0.0,0.3787954511021131
0.0,0.40858154826398413
0.0,0.4539387817654226
0.0,0.37312636599875987
0.0,0.36502690340791427
0.0,0.4444837385309594
0.0,0.6297523469557719
0.4649999930150807,1.0108471566305628
8.832999776005746,2.488654757652964
23.57900020837784,14.559589781165121
39.53300044536591,33.615221653836116
50.27200065612793,49.36861503737314
56.05900015115738,58.192908742427825
57.55199837684631,61.47557034560612
54.9299993467331,61.22218012196678
49.67000081300736,57.743724131243575
40.307998476028445,49.56425684383937
24.528999053239826,31.89544363805226
10.424000388383863,16.14601486844676
1.120000024586916,6.493440793071474
0.0,2.1287371655393925
0.0,0.4954906394971269
0.0,0.34333114858716723
0.0,0.32401598525832276
0.0,0.3665852545853704
0.0,0.40582684314277556
0.0,0.5784529481076502
0.0,0.5352722300515909
0.0,0.4847115737233045
0.0,0.4583638748932364
0.0,0.5184412120768268
0.0,0.6664683816808142
1.438999965339899,1.0245879859636937
8.1609999153018,3.836088286893709
13.793999987840651,10.020013813802175
15.983000324964523,17.014736560242515
17.537999871969223,21.990149522083147
19.94799981713295,23.075495559488026
26.59900023341179,23.337847280672623
32.09799942135811,23.868330905096876
23.904000840187077,20.614089288370952
8.95499979197979,12.797768269223825
1.2500000205636024,6.970369302481413
0.0439999983296729,3.355159879177809
0.0,1.5396051339858345
0.0,0.6560761866532265
0.0,0.49490730571161423
0.0,0.42877320461307783
0.0,0.418577117305249
0.0,0.5133242854828548
0.0,0.42971097191130475
0.0,0.35044938830259653
0.0,0.3343080443682681
0.0,0.38785204705117005
0.0,0.527115908314341
0.0,0.8417165349437189
0.2329999952577054,2.183673735335469
9.473000230193138,12.877857563921385
24.963000086545943,30.747507815190723
41.63199965953827,46.81407092843738
53.91600066184998,56.71741215331214
60.57900040626526,60.866434989656724
63.71999810695648,61.1951362994739
61.85599840164185,58.585768635272984
56.12400027751923,51.713562626498074
45.61900134325028,34.94295725924628
28.512999877929687,18.646073447891645
12.479000354409218,7.706559839589256
1.6970000264793634,2.5234630497864314
0.0,0.5559700379094907
0.0,0.3641869486961514
0.0,0.33079918961439814
0.0,0.36374556849710643
0.0,0.39464917420143525
0.0,0.4130434353010995
0.0,0.36987528982505735
0.0,0.3560702278924041
0.0,0.37927669127405217
0.0,0.4742510908689083
0.0,0.6930323589174077
0.0380000012926757,1.4589565709499375
1.6209999597072602,7.5595316851990555
4.828000127077103,20.076326666218897
16.65700024485588,34.302244368791584
38.51700118780136,44.62585403646741
52.482999076843264,48.147041531971524
44.3970006108284,46.697462599618106
36.737999119758605,40.7660081420626
38.8229984331131,30.35461681927954
18.70400100111961,16.754368393080576
13.074000247120855,8.346818874691214
5.972000091671944,3.743710933710848
0.6049999960884452,1.4673136860398313
0.0,0.4856458978607718
0.0,0.34386918142637507
0.0,0.30144241471176164
0.0,0.3251204168962846
0.0,0.3665715083047481
0.0,0.4886263890511223
0.0,0.38159810945790795
0.0,0.3169240724268768
0.0,0.3233518369136644
0.0,0.3891469414133047
0.0,0.5514189060710903
0.333999999538064,1.2451358476440821
5.052999853491784,6.462197469813484
8.542999923229218,17.557468337331503
22.62399993181229,30.757949642624173
44.92799860954285,42.6906811264583
50.82900199174881,50.05638716016498
45.489001090526585,53.15705709491457
58.62400134563446,53.375111301285884
55.25499997854233,48.84391570295606
45.11599903821946,34.18718327079501
26.51699934720993,18.689021500434194
12.239000440835952,8.132837556132248
1.738999985679984,2.936952601351908
0.0,0.7281362917912858
0.0,0.45065610622454966
0.0,0.35296908050908576
0.0,0.3490321952543621
0.0,0.39134166526475117
0.0,0.41942232157635895
0.0,0.34254842782659184
0.0,0.3296996361695762
0.0,0.38729945413502204
0.0,0.5315516667586885
0.0,0.8500204208772629
0.8290000138431788,2.181847640584622
10.876999673247338,12.855156873805184
25.94600016474724,30.839017143419813
41.43600104808807,46.921488594668254
51.775001745224,56.68233376332692
57.72399833202362,60.66854378598077
60.27900077104569,60.85339400223323
58.44399909973145,58.02416991438185
53.08400068759919,50.88847633566174
43.80499952316284,34.175910756758284
27.363999508619308,18.265167108859334
11.661000280976296,7.579942815537963
1.6569999980926513,2.457769082976239
0.0,0.5433997365220317
0.0,0.3577749053787972
0.0,0.3223883570903646
0.0,0.3530810193388191
0.0,0.3826620942726731
0.0,0.6069267012804216
0.0,0.5685519169823133
0.0,0.5079139979243544
0.0,0.43948919200271896
0.0,0.47269415982333685
0.0,0.5779271382599005
0.0320000002440065,0.7753726474701294
0.1730000008177012,2.45921042399747
1.0420000270009042,6.187302190193108
4.276999996006489,10.178006312463964
5.979000042080879,12.618729264736174
5.167000146210194,12.394447843091827
9.544000020623209,12.004153806482043
8.845000131130218,13.440749702879362
10.31300044119358,12.622191681521281
11.617000005841255,8.64998720811946
9.446999974250794,5.055046493921962
3.855000088065863,2.7425902202406105
2.0939999648183583,1.5823324391192626
0.0,0.8880124836441662
0.0,0.720462829795267
0.0,0.6233308555777849
0.0,0.5523778859446091
0.0,0.6019334763115538
0.0,0.6481442721161459
0.0,0.6090111626079305
0.0,0.6071960357683046
0.0,0.6436672117893717
0.0,0.9016843030495302
0.0,1.362712074856806
1.13000006377697,2.2193474666135655
11.628000074625016,7.307668372690677
27.7999990606308,16.78708030922072
38.626999821662906,25.267073049715588
17.18599972486496,28.59904298901558
16.662999908924103,26.309955626215253
12.433999792933465,22.420215870823178
7.312000208199024,19.466956423435892
14.735000363588334,15.51797368986266
19.72100054502487,10.31545259518283
17.87399954557419,6.093856659425157
9.878000148534776,3.033176684911762
3.087999983429909,1.41585835808622
0.0,0.6877176924262728
0.0,0.5705262636446526
0.0,0.5251407329551876
0.0,0.5596479422286419
0.0,0.7034926182643643
0.0,0.40869423727637955
0.0,0.34426612032311305
0.0,0.33613382047774004
0.0,0.39790217483150103
0.0,0.5406929582729936
0.0,0.8663128844954606
1.090000035390258,2.2517911921654425
11.56899961233139,13.196724876505991
26.97799989581108,31.513486250128064
43.10099922895432,47.38348180055618
53.65399958372116,56.917916601385386
59.429997982978826,60.76020393473762
51.87899866104126,60.90520642859595
51.32900138378143,57.97538680928094
55.53699856758118,50.7936513032232
45.22499943971634,33.83625823344504
28.79899961233139,18.015130734699113
12.65500042796135,7.496906908793108
1.8540000512450932,2.467665598105107
0.0,0.5459119234633233
0.0,0.3522819957163717
0.0,0.32587628925551787
0.0,0.3561701001858871
0.0,0.38767627621601725
0.0,0.4207982952679906
0.0,0.34438322217469775
0.0,0.3130030539079702
0.0,0.34066222447502825
0.0,0.42419400597124224
0.0,0.634425933362384
0.3119999903440476,1.6566323180390259
8.253000070452691,9.435439390071801
17.193999961614608,24.57103044560977
32.9459998691082,40.579476599693294
51.40199969291688,52.42436392886299
54.94899862527848,58.12338576078415
60.09899852514267,59.478692473684035
61.327000975608826,57.74993535484585
55.30199905872345,51.83705940416881
44.89700000286103,35.78018988421985
28.79099937558174,19.540043493679594
12.595999965667724,8.37784293600491
2.003999997228384,2.844473998152784
0.0,0.6289407284025635
0.0,0.3920733483880758
0.0,0.3304568633277501
0.0,0.3431272375922916
0.0,0.3645076165388206
0.0,0.39445281317324515
0.0,0.3350465989126158
0.0,0.32643937097463216
0.0,0.3778891994990408
0.0,0.5099866213809167
0.0,0.7958222508896142
1.3640000565350057,2.142587905515518
11.765999537110329,12.679649314369472
27.17500084757805,30.745675961971283
42.85199981927872,46.893639613560275
53.26199825286865,56.95034829650606
59.377001292705536,61.10826660973686
61.055001142025,61.4811325127738
59.30800002098084,58.97084865365709
53.97400083780289,52.3439501793044
44.36299909114837,35.789273740053176
28.12700026512146,19.157612077423504
12.095999546647072,8.004492074549198
1.867000050842762,2.6445728872077803
0.0,0.5789785951961364
0.0,0.3770448915500726
0.0,0.3359501099706228
0.0,0.3602911567169108
0.0,0.3792189701912658
0.0,0.39436623212216154
0.0,0.3444880276785365
0.0,0.3559792133706755
0.0,0.4344054579827934
0.0,0.6066447907739452
0.0,0.9942064798836198
1.1789999733865262,2.5352710463851693
11.15500019788742,14.610137838550974
25.40900044798851,33.72807912894658
38.24599958658219,49.493306642259874
51.57500198841095,58.41175460985728
57.65000179052353,61.73806261743818
59.59100095033646,61.48209553412029
56.84900042295456,58.0005474291529
50.62199817657471,49.82752727917263
37.94899875640869,31.63675943783351
26.548000007867813,15.642585629820825
9.631000284552574,6.23271970880883
1.6159999401122331,2.0570491005693166
0.0,0.47274996561929583
0.0,0.32077389981464616
0.0,0.309804460719627
0.0,0.3532125488821683
0.0,0.3765025157893875
0.0,0.5150201877233174
0.0,0.4198166437167674
0.0,0.3916338914992021
0.0,0.43512126634695697
0.0,0.5884410428309014
0.0,0.9116181221431388
0.5900000014901161,2.1131170352229054
11.195000354647636,11.162728429521833
26.45100098848343,26.966785186529158
37.02300062179565,41.707813676425395
51.3060009598732,51.47196398598807
55.64500073671341,55.685114889144906
48.31099987745285,56.00637669767652
43.195999729633336,53.172743603502
42.53300090551377,46.33531434365682
37.80999798059464,31.573213233096258
25.709000083208085,17.945813444086486
11.521000245809557,7.757905646605151
2.076999975219369,2.5934740708129747
0.0,0.6206812826251344
0.0,0.41162161622196436
0.0,0.367537836415161
0.0,0.3989712326920459
0.0,0.4556118025750454
0.0,0.466650358193687
0.0,0.36397109781924103
0.0,0.31333567767936205
0.0,0.3293592469474035
0.0,0.4092114655846464
0.0,0.6001943500246852
0.0499999993783421,1.4534885840862992
2.892000088244677,7.866962605799947
12.02099963784218,20.715270643149104
32.146000841856,35.317036181858604
44.62500016927719,47.428745564392635
48.00299795150757,54.04671628509249
50.45800051212311,56.19745691674097
57.73600176811218,55.13277138437544
53.90099842071533,49.79231919527054
43.65699822425842,35.18877740740776
28.107000700235368,20.180519443324634
12.364000288844109,9.042944958252566
1.875000030845404,3.149159412969436
0.0,0.7178682545732176
0.0,0.43276458327392386
0.0,0.3449966618392084
0.0,0.3457509364067976
0.0,0.38213095119356044
0.0,0.4675655947958253
0.0,0.3704815302576337
0.0,0.31709761048001905
0.0,0.33239758186308405
0.0,0.41737403521447314
0.0,0.6131368887251509
0.2149999921116978,1.4461060347887023
10.522999980449676,7.642680964086737
22.55600100040436,20.167076756869044
33.35700047850609,34.199711351054056
49.02400069475174,45.994074977125436
55.38900137662888,52.53461138725281
58.46200014591217,54.74646191460746
55.96399965047837,54.062376385416314
49.12999818325043,49.021165620940074
40.26000116348267,34.55587432077953
25.088999193906783,19.54972960463592
10.004999542236328,8.635487750981534
1.7739999944716691,3.017031094336084
0.0,0.7090379089010614
0.0,0.4358797703630158
0.0,0.3476545183214225
0.0,0.3472642193149243
0.0,0.38699765490501054
0.0,0.4388351989191558
0.0,0.3745844849784459
0.0,0.38041722566754155
0.0,0.46351755413359824
0.0,0.6522798222449742
0.0,1.0631662640427904
1.5710000205039978,2.5975310036327164
10.664999561309816,14.349263219577926
24.36100024342537,32.929460080180846
41.47600017786026,48.463569219112394
51.57199907541275,57.28594392367772
57.07099826335907,60.4549690079689
58.67100042581559,59.974423116615846
56.60900153636933,55.73234284094402
53.044001557827,46.631825740677975
43.91100111961365,29.09051221847534
28.13099935650825,15.100016703690804
11.630999906659127,6.273602561780384
1.7469999656826258,2.0821112121162666
0.0,0.48647749912525917
0.0,0.32625683072954414
0.0,0.3173860004098553
0.0,0.3565406606200018
0.0,0.3960638387501239
0.0,0.588553707773265
0.0,0.5683489791044434
0.0,0.5509818068991548
0.0,0.5398769532430119
0.0,0.6699818418341289
0.0,0.9317382297491921
0.6929999686777591,1.4151738155473557
7.941999852955342,4.71943296781608
20.560000469684603,11.441508584788867
33.03899979710579,18.25426416380065
20.63399906516075,21.53726115192686
9.28399951517582,19.682121859192847
7.591999765038491,16.877943368554117
7.053999761939049,15.008131937980652
5.6859998437762265,11.803892461146628
12.876000036001203,7.74714504942298
13.149000155925751,4.602081869904484
5.825999878942967,2.449407548170005
1.2850000293552877,1.2485544065386056
0.0,0.6404035492813481
0.0,0.5284834792724411
0.0,0.47352519716136154
0.0,0.4819320913696928
0.0,0.5942158996779472
0.0,0.6693666966359263
0.0,0.5736668870265461
0.0,0.5005384232050606
0.0,0.4617004088498652
0.0,0.5669687392861981
0.0,0.7579333832267938
0.962999999821186,1.1520135888670173
9.829000495672226,4.090268667787314
24.478000881671907,10.141686220594815
29.62199906349182,16.252406720348766
25.89199908018112,20.048808375256403
6.098999998867512,20.238988659381867
17.213999526500704,19.756534624270028
20.655000970363616,20.693047795891765
12.812000195980072,19.20514152356557
24.616999603509903,14.752009486045155
24.958000708818435,9.540481999771938
13.877000133395196,5.064887184915798
2.6429999083280564,2.4943882484308313
0.0,1.1319195685908199
0.0,0.8252997484643545
0.0,0.6328460303368048
0.0,0.5738878109492361
0.0,0.6765388784391273
0.0,0.46831539692224133
0.0,0.37935207976028323
0.0,0.34475750200184324
0.0,0.3724346780989852
0.0,0.49096121653515307
0.0,0.7621025660673955
0.5970000160858036,1.8185912462004592
8.029999889731407,9.944162531920842
27.79200087785721,24.70308262041637
32.90700102567673,39.35888958965029
52.88799796819687,49.87018894876753
61.96800171613693,54.858695274421144
59.470001220703125,55.65020727259773
52.31500026702881,53.25853466238295
48.21799994945526,46.638764658655454
38.513000042438506,31.803156439747124
24.03200052022934,17.987417462723595
10.529999930858612,7.8867688768676345
3.043999965041876,2.6656924558963095
0.0,0.6268922678194941
0.0,0.39321242024057673
0.0,0.3323932125791907
0.0,0.34868262503429187
0.0,0.3972509245853871
0.0,0.48224063020864766
0.0,0.3769482377637177
0.0,0.33941417497981874
0.0,0.38112070215200733
0.0,0.5270641669152037
0.0,0.8370297283586116
1.5750000105053186,2.114677140074117
12.55100043118,11.801213489515442
27.542999414205557,28.17817419835499
42.131999051570894,43.42354565279824
54.127001514434816,53.7240612939426
60.19199845314026,58.42309549195426
62.59600078821183,59.21188039677484
62.04599940299988,57.17648284469332
55.8070019364357,51.37704681805202
45.801998286247255,37.09763506957463
29.865000863075256,22.017314969301225
13.458000314235688,9.71031603719507
2.6060000970959663,3.1396003551036125
0.0,0.6570483591966332
0.0,0.4107360637001694
0.0,0.3517908753694168
0.0,0.36789227680502723
0.0,0.41317513276157636
0.0,0.4343210822051125
0.0,0.3584859501690204
0.0,0.33311998885457533
0.0,0.3716742347260671
0.0,0.4986915617476085
0.0,0.7879608111136728
1.8880000304430724,2.0156152501808746
12.579000232815742,11.138363725372724
28.122000887393952,27.272910365206855
42.93000161409378,42.651569901193895
52.6939999294281,53.34705281461988
57.88500129938126,58.18267994165421
59.0199997138977,58.91072407960892
54.71899849414826,56.8142800116539
50.16599905967713,50.84710104193006
39.22100148200989,35.589435073648175
24.42199922442436,20.08879576802254
10.74600016117096,8.708294673562051
1.8270000224560496,2.882204841471144
0.0,0.6233772454064871
0.0,0.39093050327152007
0.0,0.34356788537465033
0.0,0.3654046218110515
0.0,0.3986766315477767
0.0,0.4645502983392881
0.0,0.4183370359295181
0.0,0.42004275988920453
0.0,0.4786637042582567
0.0,0.668584435498342
0.0,1.0636064017697104
1.494000052511692,2.2101197224216804
11.00100026190281,10.53820175068719
18.656999866962437,25.248383334704812
31.45999953985214,39.61577450684138
46.68600082635879,48.54402346134186
52.65400079965592,50.74222971916198
39.21299919128418,48.02346318210875
48.66800145626068,40.09146245138986
40.71300147533417,28.498649040630887
23.86399965643883,15.888492558470793
10.751999825239182,8.201002492819514
6.7819999283552175,3.6034445968802484
0.740999977067113,1.286333830058575
0.0,0.41841377577611377
0.0,0.30734605883780336
0.0,0.28945537031495144
0.0,0.32919684300332197
0.0,0.3943161916719483
0.0,0.47319295507190484
0.0,0.38277791697398894
0.0,0.3626906110905111
0.0,0.41357909666906506
0.0,0.5781496783133064
0.0,0.9335127298134778
0.721999992467463,2.284900295925992
13.254000439047816,12.678569509812764
29.576000269651413,29.619179247788022
44.68500091791153,44.60383130516324
55.294999108314514,54.017548651354666
61.85799897432327,57.83836606638772
64.00200080394745,57.590231087207805
60.58800092935562,54.01295948198863
52.5910012459755,46.2607861157826
38.03699930667877,31.465205488886152
27.257999966144563,18.33990132118975
13.608000131845474,8.128495670812471
2.754000112265349,2.640384206495115
0.0,0.6054867700753467
0.0,0.3817468095304711
0.0,0.34083065280424696
0.0,0.3634308585604387
0.0,0.41813349973942554
0.0,0.4993133456898587
0.0,0.39550488217600754
0.0,0.33651784866782164
0.0,0.3418287934735417
0.0,0.4183884678568158
0.0,0.5956859207153321
1.2839999997615814,1.3107319021491068
5.289999935030937,6.635792264044285
15.754999739527705,17.467286904624533
33.881000580787656,30.039637536661964
26.92799995660782,41.27066184384483
47.262001440525054,48.28842315946307
58.02799911260605,51.332204999583105
61.31899868488312,51.38028975282396
55.34300052881241,46.47286618607385
43.58399991512299,32.34225443976266
29.573999696969988,18.286062207307136
13.594999490380289,8.234962566196918
2.852999961078167,2.9734080905893023
0.0129999995976686,0.7340417480468753
0.0,0.44026681564748277
0.0,0.34293255115060933
0.0,0.3349803971552423
0.0,0.38843844575408315
0.0,0.5179171261018408
0.0,0.401869140748999
0.0,0.3431998637558094
0.0,0.3579160635080188
0.0,0.4637702917613621
0.0,0.6821799116395414
1.979000027626753,1.5796325517765115
6.78399998754263,8.315171358287333
17.069000113606453,21.2441297192233
32.49000075221062,34.968306551490514
38.19200055599213,46.101496164458126
46.20000133514405,52.4382135960034
54.27299813270569,54.85050871270043
50.762001292705534,54.51577751602446
50.91500196933747,50.016065849576684
43.41999814271927,36.748548047372275
29.158999996185305,22.02238447563989
13.649999834299088,9.939952687919142
2.1909998828172683,3.4093058790905135
0.0,0.7685759765042791
0.0,0.4680397125306938
0.0,0.37242481626304136
0.0,0.37478639816067044
0.0,0.4267897365548249
0.0,0.5040615881660155
0.0,0.4203645349533431
0.0,0.3836426019242832
0.0,0.4015041267379586
0.0,0.5170887204206416
0.0,0.7768551436612118
1.5190000221133233,1.6326556319743395
8.885999547243118,7.980708498912199
16.944000265598298,20.221621118102757
27.71499936938286,33.37178353105273
40.28800096511841,43.35339415448053
41.32400184154511,47.89111846242633
29.376000512838363,48.62390200342452
42.24700117111206,46.027045987674164
45.0509989118576,38.80565231187003
30.96300100684166,25.023473543098994
24.938999376297,13.757115786118167
10.39500030040741,6.086882970567261
2.4140000635385515,2.1486274937433856
0.0,0.5720190732713257
0.0,0.37534473120634043
0.0,0.3218443651989635
0.0,0.34028770394756325
0.0,0.40308337528790744
0.0,0.45429789976482954
0.0,0.3729105219990015
0.0,0.3584223743375125
0.0,0.42006276552432353
0.0,0.598226102249963
0.0,0.9846599269724851
2.46500003233552,2.5159395005341088
13.063000178337097,13.592619959115982
27.663999143838883,31.17071960568428
41.07400009155273,46.539176749161314
51.039998736381534,56.16203874043056
56.85300156831742,60.21274771928788
59.71499948501587,60.55304225683212
58.21000193119049,57.953208562646594
55.18500047445298,51.380176490715584
43.89200184106827,35.93305001020432
30.31500031590462,20.64932319368635
14.399999949336053,8.848697361392635
3.2319998802244663,2.800638536257403
0.0259999991953372,0.5830551003904214
0.0,0.3773984826116689
0.0,0.3404019987749468
0.0,0.3641066344498124
0.0,0.4048309421326433
0.0,0.48472061832435426
0.0,0.4414870035076248
0.0,0.45133370742467893
0.0,0.521508254517269
0.0,0.7699916233395092
0.0,1.273903989915603
2.5289998723566534,2.617610820297684
13.39300018787384,11.993084489362582
27.74600003004074,27.2973230443682
34.680999608039855,40.759439526626046
47.06000111103058,48.340628188678195
54.07999832630158,49.46131919281824
48.09700021982193,45.49303157840457
42.48000010728836,37.71683608191354
21.995000573396684,27.297451271159307
29.148999186754228,15.746923872445311
4.80100009828806,8.26206023220505
0.3420000116340816,3.579614550034915
0.0259999991953372,1.2794519007472058
0.0,0.43970393680435205
0.0,0.32838074283940444
0.0,0.30883890170404416
0.0,0.35211146527103016
0.0,0.4349193909890684
0.0,0.5823435489833356
0.0,0.46947390360624663
0.0,0.40128037172103564
0.0,0.39940422964282324
0.0,0.4960253082628229
0.0,0.6971423546956587
0.1840000054147094,1.3623998074552843
3.611000056117773,6.406999577411583
19.40700100898743,16.660788363558908
24.76699942111969,27.924720008032665
24.87800039529801,37.12507824369839
32.02900020360947,42.123563665321896
45.250998668670654,44.03586408478873
42.38000022888184,43.92490595068251
52.82600075483322,39.20583756361689
40.444998679161074,26.992395187020303
22.74999903917313,15.375358356322563
11.819999594688417,6.965963927294527
3.5809999385476114,2.6066413594250166
0.0259999991953372,0.7332383362283666
0.0,0.4729625842347741
0.0,0.3787010266591927
0.0,0.3788881149941257
0.0,0.4645610427430698
0.0,0.5654610979350816
0.0,0.494216218416446
0.0,0.4586309238742771
0.0,0.4649172322219237
0.0,0.5878074920816081
0.0,0.8458207458909602
1.031000022403896,1.5287440661979574
4.559000125527382,6.748972433464867
15.855999904274942,16.998841573085105
30.53200083255768,27.847299488442285
49.06499805688858,35.03905106203897
47.87400003910065,36.03288322312492
32.0930000436306,33.565981392349514
21.579000586271288,29.048503126416886
33.40499984502792,22.11266405905996
24.39999908685684,14.214799163384095
16.478000339269638,8.34468662747315
11.984000340104105,4.06870507348861
2.3399999275803567,1.6459787385112474
0.0,0.5906672273602869
0.0,0.418896993129248
0.0,0.3558850903762504
0.0,0.37219052086451226
0.0,0.4873440489299329
0.0,0.48469536771465627
0.0,0.38024402574103855
0.0,0.3452116954812248
0.0,0.37907676444255883
0.0,0.5041508329673005
0.0,0.7897388872969896
1.2150000117719173,2.025541859726821
9.10599989593029,10.970031144448692
31.668999819755555,26.439706467560363
43.6919979763031,41.90855873312269
51.7189980340004,52.948904813698356
57.93400095224381,58.07685674769537
64.84699833869934,59.08252333198275
63.365999441146855,56.94687883751733
57.58500166416168,50.86638083492007
47.59900140047073,36.50040338516236
31.984999928474423,22.09378669866494
15.545000200271607,10.08491879705872
3.734000101685524,3.27370513053877
0.0320000002440065,0.6679043699854187
0.0,0.4082199865832393
0.0,0.34858293383914446
0.0,0.3625175303679758
0.0,0.40100529251886263
0.0,0.46774173928956897
0.0,0.37454131709544786
0.0,0.35739844090970496
0.0,0.39657913228629954
0.0,0.5568455337427024
0.0,0.9121604360094561
3.2400001169741155,2.26409729629755
14.447000056505203,11.87988282654967
29.28400087118149,27.537197518689293
42.70500086069107,42.883604642323085
53.01999879360199,53.2456626878466
59.96899827241898,57.332126695087986
62.64999981880188,56.91791308028358
61.52200135469437,52.45800688300814
55.359999234676366,43.19774619613376
39.79399918317795,28.96375108599663
32.54700064182281,17.29503944533212
15.676999998688698,7.948919478229115
3.598999957740307,2.5039028890643804
0.0,0.5720089225949986
0.0,0.37051162008994387
0.0,0.3260579136932003
0.0,0.34973160791510177
0.0,0.3855846202413418
0.0,0.5015680016284543
0.0,0.4098091565711158
0.0,0.38401324603041365
0.0,0.4249736182591212
0.0,0.5842753065896353
0.0,0.9350680687983655
1.3240000281482935,2.172786176758153
12.64400035917759,10.91599484886442
29.0810002553463,25.85044714450836
42.73500123500824,40.47460762432643
53.12499804973602,50.62738135440009
60.532001326084135,55.009706528527396
52.41700071811676,55.37242931093489
59.92399976491928,52.18268899781363
55.68900101184845,44.77407599108559
46.1689986205101,30.26410337601389
29.06999915957451,17.480373813084196
13.330999893546103,7.7134582648958485
2.920999919474125,2.514453540550811
0.0,0.5827840351526226
0.0,0.37974831604132697
0.0,0.3395038874274386
0.0,0.36521223692289956
0.0,0.4166849583400679
0.0,0.5424374728084408
0.0,0.48156678393350116
0.0,0.44419960211962467
0.0,0.4383775645713987
0.0,0.528608233101799
0.0,0.7337328275259851
0.0389999987930059,1.2915549730136993
6.056000010073185,5.376371645608119
15.901999725103378,13.744225545866149
22.867999963760376,23.7972046484266
18.761999123096462,31.953343462603435
38.08000134944916,34.54100382753781
39.9440010547638,33.88111237577031
37.90800139427185,30.393132684912
31.74699956059456,22.983994447163173
19.038000102043156,13.792057513339179
10.938999967575072,7.558821963114398
4.489999880790711,3.6312512697492325
0.8409999838471413,1.4846806863163198
0.0,0.5291086547968111
0.0,0.3776316513034648
0.0,0.3242001381955509
0.0,0.33743313226383176
0.0,0.43131943345668594
0.0,0.5288749026932887
0.0,0.4585321576560715
0.0,0.4490362710159804
0.0,0.482620723521603
0.0,0.6405161534755358
0.0,0.9773026878865702
2.419999984353781,1.9208054024939027
5.536000026166439,8.728109747384275
22.728000955581667,21.338000092932155
40.262999968528746,34.50697736671993
49.881001665592194,42.92633086545127
51.8859986114502,44.385290599891114
28.35600010991097,41.01635261263167
24.120999302864075,34.08827317340034
32.014000016450886,24.72948677607945
35.31799920320511,14.76587771232639
21.267999855279925,8.385678121106965
8.725999947190285,3.9421283037002595
1.45400002412498,1.474531027807721
0.0,0.4990129791998437
0.0,0.3608526005276612
0.0,0.3237413335857647
0.0,0.3572543989614184
0.0,0.4424419831710734
0.0,0.4666642798416848
0.0,0.41793033720792405
0.0,0.4032473082521132
0.0,0.417960500396522
0.0,0.532745148345296
0.0,0.7951948689456497
0.840000018440187,1.584049929885992
6.408999930024147,7.139191573304791
18.10299939036369,18.17717477449349
32.125999222993855,30.45268713389124
31.45299958944321,39.65412223986217
54.72299963951111,42.61126091446196
52.9090019273758,41.30317804540907
43.36599911212921,36.53889020170484
39.89800020694733,27.914765853200638
18.761999123096462,16.68504794814757
19.829000660181045,9.20172930136323
13.354000317454338,4.291926496773958
2.6869999267160893,1.6125436027294822
0.0,0.5190345922351948
0.0,0.3592425033663
0.0,0.31255408018694386
0.0,0.33129541051574046
0.0,0.4006588697420167
0.0,0.6967844356130808
0.0,0.6477386095521174
0.0,0.5761701015768839
0.0,0.5071194564857121
0.0,0.5633531557183181
0.0,0.6989000641933775
0.5370000055991113,0.9367514832770186
1.2139999821782113,2.9594888816880327
1.9870000076293943,7.236862389573029
3.5780001065135,11.681824810675213
8.094000243246555,14.062777719838278
7.409000254571438,13.523443585932254
24.082000459432603,13.16987706201417
16.506000140905382,13.715542136984213
16.67100014567375,12.242737796987806
7.34499990105629,8.929160259664059
5.086999832689762,5.505157136544585
1.521999982520938,3.0127686355369434
0.3099999953433871,1.618029085067766
0.0,0.8296673589173172
0.0,0.6618826279669469
0.0,0.5602717423226152
0.0,0.5080753943656705
0.0,0.6493761866666111
0.0,0.5262969449628144
0.0,0.40683340603086565
0.0,0.3639815258740314
0.0,0.40959745949400334
0.0,0.5846359100538704
0.0,0.9565031107874321
4.117999912053347,2.404415019207767
16.421999709010123,12.60069388781275
30.872999883890152,28.782749140603205
45.9969986653328,43.53416224002839
50.69300002098083,53.73509290593012
63.93099895954132,58.714093430382874
67.05800086736679,59.84605606828417
65.20399991750718,58.36169569219862
59.91600158214569,53.24031413418906
50.0530016207695,39.599223567758294
35.09900016784668,24.34118010801928
18.468999438285827,10.854628866357462
5.391000099778175,3.4286804117262366
0.1510000076703727,0.6721545278520457
0.0,0.41692549131544576
0.0,0.3567000752953547
0.0,0.36629398026337306
0.0,0.42235435176906844
0.0,0.4687074610644153
0.0,0.3785218699728804
0.0,0.3659634339649762
0.0,0.4360266227740794
0.0,0.6485295393397765
0.0,1.0975269865404282
4.288000064790249,2.8325498051941396
16.525999705791474,15.024069911922728
32.137000318765644,33.116605761391774
47.34199970006943,48.414495623111726
58.95499958753586,57.611662273406985
64.98000150442124,61.35399961062841
67.71100093603134,61.57294524260931
66.12999805212021,58.87693617343903
59.86500135660172,52.16203538826534
49.76199840068817,36.67758464166097
34.58599910736084,21.0425149503776
15.799000014662743,8.958067478580135
5.075999763906002,2.7866243126243346
0.0570000019390136,0.5627001838918243
0.0,0.3710830357710697
0.0,0.33821527075887253
0.0,0.3641269610186906
0.0,0.40124882393250505
0.0,0.3940760896647615
0.0,0.3429583702715379
0.0,0.35311598220640533
0.0,0.411376819412357
0.0,0.556432524087972
0.0,0.910624451622633
1.537000041306019,2.2204162860661745
8.432999748885631,11.574186782155719
21.18199987769127,27.894013652801515
43.61800143480301,44.075252890246254
56.70799907445908,54.53642349651883
63.37400173187256,58.51477383307048
65.05099924087524,58.0930221261297
62.76699840307236,53.111167161805284
49.74700026750565,42.59106504814965
30.87199959754944,25.307394066878725
15.484000192284585,13.007975993624756
10.90500050187111,5.581402103283575
3.3209999465942386,1.8416408188215325
0.0,0.4464081994790052
0.0,0.29740091307487865
0.0,0.2772681801639763
0.0,0.30785341499439844
0.0,0.3331245885230601
0.0,0.6374975823484627
0.0,0.5820848591805303
0.0,0.5278976284493028
0.0,0.4931342773578529
0.0,0.5735487031697163
0.0,0.7480764644466606
2.6889999859035014,1.137033171228
3.5279999105632305,4.0748153955170086
5.608999875783921,10.22347965521472
8.296999832093716,17.229151267749923
13.945000091791153,22.0719354743617
29.39999916911125,22.249843398247446
20.95199974656105,21.20207793380533
15.065000373125075,19.75259245736259
24.220000948905945,15.711999897445951
17.592999188899995,10.409288271367553
7.679000028967858,6.092854942636832
4.209000037610531,3.131299229200397
0.1799999993667006,1.4535467189443965
0.0,0.6260556003863791
0.0,0.47932077142875645
0.0,0.4084373997198418
0.0,0.405772820821564
0.0,0.5387185313772144
0.0,0.4899581403631184
0.0,0.3929911020278399
0.0,0.3592846832317965
0.0,0.3862178042091961
0.0,0.49478271693390397
0.0,0.7683878978594606
1.6549999389052392,1.7753301181910293
5.135999999046326,8.819853522309234
13.085999575257302,21.947891018646107
33.163000385761265,36.91659497891153
44.8820018696785,48.86861623219081
48.32400154590607,54.857361950533736
49.67599842309952,56.39870138304575
57.04600137472153,54.21685181685856
55.51299991130829,47.06790481090546
39.09100122928619,31.13105644771031
23.1189999461174,16.9909314178569
16.997000036835672,7.443335178579603
7.240000131428242,2.4664736501233917
0.0449999998416751,0.5400392024511738
0.0,0.34563036847061346
0.0,0.30234470507529165
0.0,0.322165302396752
0.0,0.3581247667316347
0.0,0.7144153225268903
0.0,0.6796049810021317
0.0,0.6346337001471382
0.0,0.5701036317081057
0.0,0.6496553371427581
0.0,0.8291585058339738
0.6860000182688236,1.0995661033663366
1.6899999476969243,3.1813965855538844
5.414000010192394,7.5214465676886695
22.87100082278252,12.074981796486039
22.418000510931016,14.211028283408709
7.346000187397004,12.798397299391882
8.913000089526177,11.494788797114577
7.622000139355659,11.124722023308278
6.777999809980392,9.452395329219955
5.658999814987183,6.972983390476023
4.686000032722951,4.446434846850378
2.4879999427497386,2.5232348200359516
0.7940000050514937,1.3794442738885326
0.0,0.7490858870837839
0.0,0.6321337545363763
0.0,0.5619815467258117
0.0,0.5451806288990858
0.0,0.6850366519185315
0.0,0.6723755113767194
0.0,0.5780909336810666
0.0,0.5030325576223965
0.0,0.4809021920125399
0.0,0.5738770619606866
0.0,0.7699777899482952
1.9499999396502967,1.2578981636996782
8.89500007033348,4.981935326137714
14.272000269293786,12.662454013654164
17.82800075173378,20.82616084933281
29.900000615119936,26.845040157011578
28.852000410556798,29.307774470363345
27.91400089383125,30.72052737253053
29.435999207496643,32.0180489901134
37.91700191736221,29.237171097312658
46.969001755714416,20.24713648898261
23.115000854730607,11.724734791304384
9.40999964952469,5.432271997822183
1.628000038489699,2.1716632203651325
0.0,0.7328418546622354
0.0,0.5058739400748163
0.0,0.41697843163141185
0.0,0.41106285908525547
0.0,0.5411482922134122
0.0,0.6714755466367517
0.0,0.4832086512446403
0.0,0.3683627599650728
0.0,0.3549167426755386
0.0,0.4219177511906517
0.0,0.576708385432139
0.1710000058170408,1.2088914594639626
4.580999749600887,5.507473929843733
13.807999888658523,14.249581267322812
29.15799970984459,24.899881695679255
32.04899976849556,35.855152087892805
36.17099902868271,44.31324533564703
45.601998529434205,49.921050677640096
48.22000052213669,52.809115897927974
57.365000288486485,50.675626904623854
48.0450017619133,39.53324809619359
35.05200108766556,25.314682454211372
17.70400016307831,12.232823254551207
6.379999842047692,4.403083426420177
0.0259999991953372,1.002512681124998
0.0,0.5781818886008113
0.0,0.4263678026492042
0.0,0.4008745784911194
0.0,0.47606993595537334
0.0,0.5765729766019753
0.0,0.4572626537390585
0.0,0.43633815546653104
0.0,0.4796672205680183
0.0,0.6945949200580696
0.0,1.105191501361717
3.30900010496378,2.4232979730197357
16.70899972975254,11.583213420084544
32.10800023078919,26.325840783630106
45.93300087928772,40.111540360791345
56.547998447418216,48.9155847961562
62.5120013833046,51.50216858421054
26.566999286413196,48.881401352882385
27.667000002861023,42.71272733177458
21.682999556064605,33.87202529226031
28.80699984908104,23.57877603156226
33.15199928998947,15.050651956583774
19.958000626564026,7.2278364118507925
6.329999902844429,2.420526370736105
0.1150000013783574,0.6692191255624805
0.0,0.450477871076603
0.0,0.3844076804976378
0.0,0.40573985863210904
0.0,0.48282397774846425
0.0,0.5286112899958555
0.0,0.39762381522783213
0.0,0.3185627418623439
0.0,0.316136251111914
0.0,0.37705833867458355
0.0,0.5212561484412956
1.0860000453889371,1.1504721806996636
4.548000056743622,5.476081473252604
12.816000314354897,14.528348071745466
27.65199981570244,25.762885704977176
29.990999970436096,37.41676044957978
31.5459995174408,46.53283407109125
44.91199813604355,51.84858279670988
48.527998340129855,54.1237656218665
35.17399904966354,51.448191853931974
43.14200069904327,39.24384903141431
34.05499905467033,24.296157099519462
18.383999747037887,11.631831693606719
7.1009998691082,4.25015911368387
0.1600000012200325,1.0091961083215262
0.0,0.5597046546624707
0.0,0.39297170158209543
0.0,0.35224216325208546
0.0,0.39918822517618535
0.0,0.49743739387951796
0.0,0.38984960983241246
0.0,0.35934846423167205
0.0,0.3905320250389299
0.0,0.5365581233679716
0.0,0.8396780370614891
4.381999765634537,2.0056082238044057
17.17000027835369,10.50997344421489
30.65300056219101,24.960807320390433
41.257999374866486,39.48347086668015
47.63299881219864,49.9798747914178
48.22299932718277,54.51090607166291
58.4480002450943,54.313793618338444
46.4659994506836,50.35319198233741
30.90699934959412,42.2832400575706
29.676000148057938,29.97929553457669
37.88300039768219,19.372933175223213
20.05100055456161,9.510655039719174
6.074999802112579,3.109641298715558
0.0939999977080151,0.7177684854370143
0.0,0.43738504597385014
0.0,0.3611381650942244
0.0,0.3680323632447315
0.0,0.41690441742938544
0.0,0.496706244881664
0.0,0.44295522043880603
0.0,0.42440282381405786
0.0,0.4395785869551556
0.0,0.5560744674623544
0.0,0.8127769750742508
0.2839999961480498,1.5376094119889392
2.7270000834763053,6.760188793263266
10.43599971652031,17.21303899926799
21.735000067949297,29.130707356248585
32.15399902462959,38.075818573917665
50.925998957157134,40.8192166852951
49.67599842309952,39.15604507599558
37.45199816942215,34.01812578303473
30.01400039434433,25.322439441510614
27.2649999165535,14.890718523902553
14.37499997973442,8.066025712851967
6.914000240266323,3.782273802384734
2.1909998828172683,1.4740546704136899
0.0320000002440065,0.495792954513537
0.0,0.3484907983416426
0.0,0.3033880928198674
0.0,0.32149102859199047
0.0,0.40818776941858237
0.0,0.5677955827077052
0.0,0.49431535943943483
0.0,0.4616793831038687
0.0,0.4745855072845838
0.0,0.6033363648836634
0.0,0.8866370715866131
0.7830000004544855,1.6541004532735266
5.079000109434128,7.082412339406354
13.26400022149086,17.788540937389648
30.374000778198244,29.324453636237553
44.20800194978714,37.76181170225143
35.71999928951264,40.97835933719362
36.41400082826615,41.161229227100094
43.03900201559067,38.58731935160501
46.82899863958359,31.559442203896385
34.46799818277359,19.55309592468398
14.236000230908394,10.594671421051027
5.47999990940094,4.742894289280687
1.1359999845921993,1.7303336830064655
0.0,0.5220640281162091
0.0,0.36711770203097593
0.0,0.32852428275559625
0.0,0.35811913663654454
0.0,0.44410104794693844
0.0,0.5572499240336141
0.0,0.42339550214686567
0.0,0.36544248167891047
0.0,0.3932289414520242
0.0,0.5154762643961502
0.0,0.791170355020357
1.7809999448806049,1.897847745301468
9.387000252604484,9.582775420801982
24.6490005505085,23.27138501678194
31.344999474287032,37.49706181730543
28.693000069856645,48.90133841821126
41.98500009298325,55.25688494171415
40.95300036191941,57.53416399615152
53.26799997091293,56.913907240118306
54.753998246192936,52.595196051938196
47.33400151729584,39.82240625892367
34.11600008964539,25.53168854594231
18.799999734163286,12.10981686366456
6.094999880492687,3.9745524981405063
0.2579999969527125,0.7742410075265382
0.0,0.4542294125006135
0.0,0.37347343752027623
0.0,0.37400529353081113
0.0,0.4327603079777743
0.0,0.4612833393830806
0.0,0.37020103873685
0.0,0.34640445267448994
0.0,0.3930493423356009
0.0,0.5284986078606121
0.0,0.835238448043487
3.076999914646149,2.2669227237573693
14.040999851822852,12.326232363922257
29.368000276088715,28.971158897365846
43.16700169563293,44.96923834085465
53.0120006108284,55.94655611208508
57.98300060510636,60.80128697701863
53.70700038194656,61.66687474148615
46.61600132226944,59.794758896487096
56.72399954795838,54.26337848254612
46.40200166463852,39.87520547407014
32.555000878572464,24.55669706710747
18.74299984455109,11.33802406264203
5.382000090181828,3.6151250819116827
0.1830000079143792,0.6822805197882865
0.0,0.4148809369547026
0.0,0.35466140777670907
0.0,0.36114916509882145
0.0,0.38961021387949585
0.0,0.434646084945915
0.0,0.37696543293605955
0.0,0.3933233785030565
0.0,0.46566374363111596
0.0,0.6639538152449366
0.0129999995976686,1.1328695393952408
3.0980000226199627,2.5876691493498427
9.645000185370446,12.157156317021167
21.015999586582183,27.990971886089874
41.513000502586365,44.255850202356065
46.59199855804444,54.64644443069185
49.92600017309189,58.02562999793462
58.46699952363968,56.783503234386444
58.54700189113617,49.4055824984823
48.60300132989884,35.6247754922935
16.83300031840801,19.021664243595943
4.747999813556671,9.426203173228672
2.662999986708164,4.078879627287388
0.1530000026710331,1.3401838190108537
0.0,0.3717706523968705
0.0,0.27000342616412254
0.0,0.2656936135888099
0.0,0.31208311849173953
0.0,0.3387913984352989
0.0,0.5068461080334549
0.0,0.4335218746188496
0.0,0.4364444120494383
0.0,0.4941644242924771
0.0,0.6932324943558446
0.0439999983296729,1.1218194553774914
4.989999786317348,2.4088609787608894
14.541000270843506,11.076199919879437
30.888000071048737,25.71649181417057
36.44000005722046,40.25219957556043
44.5270008635521,49.40066117184502
45.64900171756744,51.79044823203768
44.27400030851364,49.1440661587034
44.71000191450119,41.31082294430052
25.63900057911873,30.178079630987988
25.98799986720085,17.963032218813897
13.404999516010284,10.163678288970674
5.9119998565316205,4.63505698840533
0.7129999828711152,1.562687606901995
0.0,0.46821393371426634
0.0,0.3340477178032909
0.0,0.3098712963211749
0.0,0.3468282090253862
0.0,0.4111126038179334
0.0,0.6306658963632902
0.0,0.5317316555803908
0.0,0.4533115075635058
0.0,0.42047481237777645
0.0,0.4765540737006813
0.0,0.6191827512080117
1.4349999753385785,1.0459443762579135
4.311999748051167,3.9933721638151582
6.456000037193299,10.347712049739702
9.53400023818016,18.044307317904064
19.8210004234314,25.247112070236888
28.89299982666969,29.72471811277526
26.759999092817303,33.39382357444082
24.382000094652177,36.19605988400324
42.96899840354919,33.46588585734367
34.70400003194809,22.928565555810927
19.6130004298687,13.142491839357787
12.97300008237362,6.262909305670432
4.171999969631433,2.4964377497562347
0.0,0.7788348808645138
0.0,0.5111974448524416
0.0,0.40422868013248914
0.0,0.38325632375931107
0.0,0.4722072528781635
0.0,0.5712277400240834
0.0,0.4190253333933652
0.0,0.3412665370126654
0.0,0.3478762216546705
0.0,0.4264659671166114
0.0,0.6185899292451463
0.9559999852254988,1.5098620843568018
7.245999795496464,7.592670388221742
17.188000297546388,19.317007661802425
31.381999799013137,33.35070005365781
45.97099943637848,46.28706409863063
38.44300053834915,53.95861714397158
50.04099818468094,57.092256328718996
61.97300109386444,57.20645681074688
56.31200070619583,53.57422021933964
47.63400115251541,41.5653440284729
34.8759999871254,27.076900310175763
19.73700101852417,13.21520486588989
6.5390001827478414,4.476661140194961
0.4149999896250665,0.9023793217832488
0.0,0.5196598445544286
0.0,0.3989794829820416
0.0,0.3883623638216938
0.0,0.4293011074074145
0.0,0.46097707000428007
0.0,0.380581689318642
0.0,0.38971818058086294
0.0,0.47263134162473885
0.0,0.6893967834687127
0.0320000002440065,1.2038933677638748
4.787999970316887,2.868876755876201
15.563000219464302,13.634759918791906
28.646999222040176,30.18414531571525
42.25200054883957,46.21217143671853
51.43499887228012,56.32214500052588
56.19899915933609,60.149977624075746
60.59500087976456,59.969077497209824
58.815998811721805,55.56254122700011
50.24600142717362,45.620450276647304
41.87300088644028,28.132758880427904
20.245000647306444,14.755956347755026
7.495000232160091,6.221025139370135
1.4339999457448722,1.9426153455461777
0.0,0.4288976455320205
0.0,0.2933834505227527
0.0,0.28534664910220137
0.0,0.3256711483966293
0.0,0.3535192068200558
0.0,0.7631681945214847
0.0,0.6518397143190461
0.0,0.5511366608765508
0.0,0.49694973732477854
0.0,0.5665988184272178
0.0,0.7176477157710386
0.2220000067073851,1.0446456398602044
3.588999918550253,3.533547663220338
5.004000200629235,8.693686502405575
17.489000219106675,14.362390180570738
26.467999694347384,18.565231004187044
33.00899942278862,19.76359267285892
9.829999755024913,21.00158214177404
26.070998985767364,22.928840935315407
21.95599967598915,21.616551963431498
22.96200017809868,16.25821690512555
18.25299920797348,10.419462788488186
13.067999556064606,5.353851558672531
2.261999929994345,2.3304237043431826
0.1009999962570145,0.8985698243070928
0.0,0.6343996305484324
0.0,0.5017135382111052
0.0,0.4653673704740192
0.0,0.6173322196437844
0.0,0.5774470305256545
0.0,0.5093374984671495
0.0,0.4619094490539283
0.0,0.4418173177021422
0.0,0.5136729238488312
0.0,0.6874351629761181
0.1020000017806887,1.173896943224328
1.5630000405013562,4.4779616738217225
6.003000238835812,11.48654112960611
19.372999489307404,20.102873133080347
19.27399989724159,27.688420625754766
27.75999993085861,31.08779178942953
31.32800076842308,32.52790952120509
31.76400032043457,32.29011220352991
39.486001365184784,27.194093728746683
30.852000032663344,17.141048678883486
16.850000051259993,9.549120472903764
7.023000128269196,4.594386978702886
0.9440000152215362,1.8397656670532057
0.0259999991953372,0.6108920969148831
0.0,0.4228986233313169
0.0,0.35660874900940265
0.0,0.35617669193606283
0.0,0.4426788322853722
0.0,0.7145017855201982
0.0,0.6052445957530289
0.0,0.4997184443274247
0.0,0.4219957082931485
0.0,0.4530143825044589
0.0,0.5356647056766919
0.0259999991953372,0.7328301543343281
0.7389999820664526,2.346032932081393
3.316000055372715,5.937135205162424
6.46999993801117,10.05141676034246
6.379999842047692,13.501505654496807
8.332999870479107,15.04680273209299
19.507999119758605,16.96705820083618
22.649000928401943,20.572118194869592
36.7040017080307,20.6174135019098
23.416000776290893,15.861157658227853
28.440999801158902,10.19311756104231
15.674000166654588,5.5752898006354075
7.412000086605549,2.7623747136603507
1.8020000528544189,1.212732976959752
0.0,0.844092801853216
0.0,0.6154002259219331
0.0,0.5065846753932003
0.0,0.5939630405538316
0.0,0.4982959489950112
0.0,0.3834940967043595
0.0,0.35242415561739876
0.0,0.410450930101797
0.0,0.5919988594683153
0.0439999983296729,0.9858212716278753
4.643000043928623,2.644869888478092
16.191000318527223,14.153269449642725
31.08300045013428,31.54506583860942
45.39699939489365,47.15040246588843
56.65400004386902,57.37249847480229
63.358001258373264,61.83809477261134
65.50500189304351,62.48091240167617
63.64200042009354,60.795495938232975
59.06100118398667,55.822571074962624
50.05499808549881,42.28938643421446
36.981999151706695,26.437482304913658
21.538999402523043,12.025419867677348
7.83200019210577,3.7285032216140204
0.7519999816641212,0.7016579041496984
0.0,0.4351018865326685
0.0,0.36820729621353426
0.0,0.37124337026550036
0.0,0.40934074458000913
0.0,0.4867163861689291
0.0,0.37307498450390997
0.0,0.3578474295312272
0.0,0.4350433917702841
0.0,0.6506096921315684
0.0380000012926757,1.119241605389065
4.726999962329865,2.928034420694624
16.526999992132186,16.074311444503923
32.24899952530861,34.81528562852315
47.65300043106079,50.25062404700689
58.88400185108185,59.22765258550644
65.40699847936631,62.792289303711485
66.20300046920777,62.90265706641333
61.933001964092256,60.5456561589241
59.640998835563664,54.38373795849937
45.4490019607544,39.16549307244164
34.08700000166893,22.988306183048657
19.172999732494358,10.065421355962753
5.739000128507614,3.0465565050286907
0.3970000025257468,0.5778476888154235
0.0,0.36680547016140597
0.0,0.3265416972651812
0.0,0.34405958168308387
0.0,0.3859937970300337
0.0,0.5067541559266725
0.0,0.384961843696822
0.0,0.3545176924931418
0.0,0.41390636657763796
0.0,0.5907511721697769
0.0320000002440065,0.9677565017568747
4.613000183105469,2.5672481525902238
16.13799952030182,13.962614256909916
31.08599925518036,31.460463151591167
43.300998985767365,47.2229946746145
54.44100105047226,57.34454444749015
63.884998111724855,61.699055851527625
66.56800023078918,62.32670457397189
65.08099961519241,60.48936665160316
59.796000084877015,55.230717286723
50.713001639842986,41.45764966232436
37.048001618385314,25.769700063977925
21.26400076389313,11.780930035795487
7.28599995225668,3.6639376395621475
0.6170000302791595,0.6749942139403098
0.0,0.4163577984659268
0.0,0.36027589517046826
0.0,0.36974945169807016
0.0,0.4098639170399734
0.0,0.5500813848285804
0.0,0.45528144711761603
0.0,0.41575473413137454
0.0,0.4217062260423387
0.0,0.5344147787189909
0.0,0.7827234953894678
2.190000109970569,1.5443849746829696
9.233999575972556,7.068752921798398
15.780999995470047,17.80779021416392
20.543999996185303,30.130602854660587
40.618999207019804,39.71908069985254
44.831999876499175,42.99172007356372
48.15299982309342,41.92409090008055
40.51899932861328,37.04330182773726
34.906998593807224,28.542037230900355
21.800000194311146,18.313564800024032
11.80699998021126,10.821227731215101
10.395999559760094,5.267887745733772
5.73500001013279,1.936546194734318
0.2820000011473894,0.5748351523892156
0.0,0.3824823759522821
0.0,0.3223414594986077
0.0,0.3395636980182358
0.0,0.42263337845647975
0.0,0.5158594730589539
0.0,0.3943928810860961
0.0,0.3578304922520848
0.0,0.40147230844811677
0.0,0.5298861810152552
0.0,0.8493381821843131
2.3309999179840086,2.170223438165018
12.674999992847445,11.115760892544474
26.55399967193604,26.289076079300468
42.651001830101016,42.33307685238975
49.826000294685365,54.06167275190353
59.08799864530563,59.56599232469286
64.02899826526642,60.83205143042973
63.953001151084905,58.987422479902
58.50300161600113,53.250751853670394
49.25299848556519,38.530057726757875
35.805001034736634,23.334083222832
19.057999666929245,10.70994349173137
1.77799998447299,3.403566868251988
0.0,0.6262934741963234
0.0,0.3812682743716453
0.0,0.3351427678597559
0.0,0.3498787560437008
0.0,0.38341975239903797
0.0,0.5194762154269431
0.0,0.44488880049038143
0.0,0.4561370656892124
0.0,0.536595083475113
0.0,0.7685218785343958
0.0,1.2532395442681654
1.8140000228583808,2.648872207541551
6.729000157117844,12.250525887353078
28.38999957561493,27.704527612583977
42.12099795579911,43.012849618707385
52.93599938869477,52.07594386202948
59.603000278472905,53.74412511893682
59.802001802921296,49.66601257835116
24.537999576330183,38.089373348781045
11.116999586820604,24.30084999467645
7.192000251412392,13.312251713573932
4.137999990433455,7.356980119879758
0.8079999700561166,3.4194101208874157
0.0,1.1620338606382055
0.0,0.395377132200769
0.0,0.29753425875944745
0.0,0.2888625391825501
0.0,0.3384407072394554
0.0,0.40417280556501023
0.0,0.6996595802969698
0.0,0.6355602829038565
0.0,0.5649272211880556
0.0,0.4927413352326092
0.0,0.5444635539927652
0.0,0.6695786218052463
0.0,0.9257826688566377
0.447000005915761,2.9082260222945893
1.7219999960809946,7.182160972527095
3.5829999977350235,12.095151914741312
11.006999925971032,15.462970851830073
13.749999712705613,15.511523178049496
18.625999206304552,15.266527554563115
22.063999791145324,15.433514634455955
15.839000171422958,13.18836358010769
14.035000187754632,9.367799574370895
10.546999663710594,5.791840276462692
5.750999970138073,3.2258628381682293
0.6589999894797802,1.6494216792019347
0.0,0.7866103997959623
0.0,0.6149863703775086
0.0,0.5090395298107927
0.0,0.4690590531671686
0.0,0.5902641666520918
0.0,0.6267242016869464
0.0,0.5448062952009163
0.0,0.4798539169052881
0.0,0.4384904587521617
0.0,0.5009019196578967
0.0,0.6516132817976176
0.0449999998416751,1.035494277903012
1.2919999797642232,3.753516432025603
3.315000025779009,9.568308827280998
9.398999580740927,16.414645887868744
26.434000228643416,22.024706202149392
50.23799913644791,24.032795702389308
45.70700189352036,24.86000609789576
37.11399997711182,25.304089219399867
27.26899900794029,21.976553667698585
31.20600075244904,15.131754374972411
23.450000241994857,9.174869383083921
13.767999731898309,4.729880957177707
4.380999992787838,2.0692846359525414
0.4340000063180924,0.7784674713121993
0.0,0.5392479929926671
0.0,0.4268981777796788
0.0,0.40246471815742557
0.0,0.5160334168640631
0.0,0.5524021645834936
0.0,0.40630353064010183
0.0,0.3588247335762051
0.0,0.40431961671316197
0.0,0.5665586489824844
0.0380000012926757,0.9268440839089453
4.371000210344792,2.4881029899950535
15.650999742746354,12.940259263856072
30.570999675989157,29.10651973417827
45.43699852466583,44.77907419511251
56.43099986314774,55.84509791067669
63.002002019882205,61.030119276046754
65.49999840736389,62.18719617264612
64.28100058794021,60.931434529168264
59.26300151348114,56.54895970821381
50.81800089597702,44.15414845807212
37.97399975299835,28.98442318132945
22.92399956703186,13.813177742234299
8.913000089526177,4.321902700194291
1.0779999370127915,0.7652647745369802
0.0,0.4594959996760423
0.0,0.37953829698929825
0.0,0.37735171167412773
0.0,0.419006652756195
0.0,0.5433580174257181
0.0,0.40249673588467505
0.0,0.3574176121170499
0.0,0.40602286719051855
0.0,0.5706984858693821
0.0320000002440065,0.9248243698211654
4.649999994337559,2.4765460552913803
15.690999899506568,12.931623761653901
30.367000827789308,29.257405402319772
44.25599926233292,44.99034675938743
55.94500037193298,56.000556903226034
62.95400059938431,61.109380451611116
65.94799934148789,62.232744558879304
64.75099960565568,60.95781227656773
60.25600034713745,56.56976765939167
51.46099810123444,44.15982623474939
38.69600109338761,28.979207549265457
23.416000776290893,13.839351632509912
9.146000052690509,4.3447286094938
1.1120000445842744,0.7659149863331446
0.0,0.4595996864964919
0.0,0.3808707898875166
0.0,0.3787896622594313
0.0,0.4194805114516722
0.0,0.5407454194807049
0.0,0.41296518477345145
0.0,0.3808704930237893
0.0,0.42784055391592635
0.0,0.6004507440049202
0.024999999689171,0.9886385427854423
4.274999936819077,2.35100359082222
15.23300020992756,11.491035082510539
29.809999492168423,26.30184212735721
44.19099913597107,41.668681324550086
54.8979983997345,52.61409967388426
48.68400192975998,57.506074406419486
46.89300053358078,58.06862323795047
53.346999998092656,54.98798133032663
55.5710000872612,47.270288940497814
37.72200153827667,32.569177714756556
34.07799947857857,19.47305423821722
19.118000415563586,8.90245116191251
3.361999876201153,2.7602769714061703
0.2160000056587159,0.5696264891725566
0.0,0.3656054942509425
0.0,0.3291375585146515
0.0,0.3548852682432958
0.0,0.3986694701401783
0.0,0.8167471445983807
0.0,0.7407054389634037
0.0,0.6717139534259747
0.0,0.6308130192756654
0.0,0.7655733936093746
0.0,1.0218946491082066
0.7620000208541751,1.4298395897288407
6.752999840378761,4.385290528706142
21.115999464988708,10.170650363990239
34.9419983458519,16.13780175174986
39.95899918794632,18.87376212239266
30.15100059747696,16.932696208357815
19.061000525951385,14.86547435121877
5.800999909341336,13.086803706884385
5.752000256478786,10.488659554719927
6.686000168323517,8.07784256722246
3.473000080138445,5.3677264970541
3.2660001161694527,2.993372316083738
1.13999997459352,1.4536777424439788
0.0510000008903443,0.6972148421699446
0.0,0.5707269125771044
0.0,0.5013655268121511
0.0,0.5158010791614652
0.0,0.7297643360269389
0.0,0.4874942035201405
0.0,0.3893754737584718
0.0,0.38295878607114503
0.0,0.4536303850542754
0.0,0.6473831960452454
0.0,1.0719379613628346
3.874999909698963,2.6481075782754595
14.553999885320664,13.244948273130827
28.960000525712967,29.854168486765452
42.59499811887741,45.88026709794998
53.0810018825531,56.18061783415931
58.68900147199631,60.0930660554341
60.97499877452851,59.91944521972112
55.99800117015839,55.78615583998817
32.87399979233742,46.760814850330355
44.631001887321474,30.805866556678502
20.560000469684603,17.711022707223893
15.487000024318696,8.008627828700202
6.295000150799751,2.4896729429279056
0.5080000139027834,0.5272699267177711
0.0,0.3430344544963112
0.0,0.3195628723209457
0.0,0.3444007308305507
0.0,0.37720111064213724
0.0,0.61100021262121
0.0,0.47734587688664243
0.0,0.38199808690963044
0.0,0.33723869110723687
0.0,0.37446576011899324
0.0,0.4693264024505126
0.112999998354353,0.8190451529568861
2.028999966830016,3.2760118190092697
7.7769998481869695,8.6513517084292
12.408999823331833,15.430322022097451
16.434000064134597,22.630969806143217
31.614000502824783,27.972584692410063
43.54699959039688,32.02685086437635
41.93899924516678,35.53041260446821
34.174000265598295,33.477502852508
29.411000264883043,24.798407355887548
28.626999657154084,15.846539437259949
14.559999549388886,8.47517136179975
9.38000030219555,3.677533053808979
0.8519999884441495,1.2131448450072533
0.0,0.7140735865291209
0.0,0.4752699191575603
0.0,0.3962906403453755
0.0,0.470790878211015
0.0,0.564642603376082
0.0,0.40597738170730213
0.0,0.32245833669656093
0.0,0.3247055767729346
0.0,0.3892008491153163
0.0,0.5423912824171462
2.24900005877018,1.2962060734257101
9.50900026857853,6.360639430497374
20.378999991416933,16.63850242989404
31.09399949193001,29.802581410918922
42.32900000333786,43.23178116628102
49.744001462459565,52.41902828591211
62.73199865102768,56.642613387448456
61.52299958705903,57.69279080663409
58.04100078105927,54.78133784123829
50.79500047206879,43.276468056270055
37.69700054168701,28.304835272857122
22.89599976539612,14.152446245380812
9.190999587178233,4.9853797706323
1.1139999753981829,1.0353454884274729
0.0,0.5627065704736326
0.0,0.39525482434513315
0.0,0.3538725709356367
0.0,0.39160260733483093
0.0,0.5485737801556076
0.0,0.412528522300667
0.0,0.36066771517374685
0.0,0.3965304833131709
0.0,0.5344722946334098
0.0,0.8514197768856372
3.5369999201595785,2.100636984993305
14.269000437259674,10.076570778148517
23.883000988960266,23.929471317018777
30.41999957203865,39.47058891568865
53.40000079631805,51.884777375970565
61.06299932479858,58.209754867213114
64.01199955940247,60.020404598372316
64.14800153017045,58.81242724078043
59.34500034570694,53.79249332087381
49.78999820232392,39.76611117652485
35.87200173377991,24.128722692983498
20.781000077724457,11.039425019025803
6.793999769985676,3.5432279606908565
0.8310000088438392,0.6538822330428021
0.0,0.40434869789651456
0.0,0.3447982456887672
0.0,0.3495709089316161
0.0,0.3851363055807139
0.0,0.7034041276574134
0.0,0.5624801333674362
0.0,0.462888457486406
0.0,0.42279848053652264
0.0,0.4767739958515657
0.0,0.601488361818982
0.8770000222325325,0.9592528139267651
10.632000381946565,3.616764099789518
19.82399922847748,9.314740347862243
20.091999970674514,16.441030530759267
8.615,23.035195815648354
10.496999724507331,27.1006987037829
14.846999570131302,30.490466795819145
19.90100073695183,33.7346864765031
46.52500196695328,31.608924834557946
27.09299996137619,22.4515240410396
15.541000081896785,13.372170523234777
16.62299975216389,6.677421810669558
8.35700006723404,2.7714193147101573
0.447000005915761,0.8984287922589909
0.0,0.5797403841984591
0.0,0.4396001422418548
0.0,0.40323571337386965
0.0,0.5098121067721929
0.0,0.7503612113637583
0.0,0.6010484143599336
0.0,0.485350379762905
0.0,0.4327114503977022
0.0,0.49673056936822835
0.0,0.631438681931634
0.3820000079274178,0.9856389147735067
2.476999873965979,3.603832303200449
7.0930001458525656,9.106110663924898
10.086000142097474,15.497783251915662
22.428999552726747,20.967020033342497
28.342000209093094,23.68725178888866
25.2249991106987,25.77654009767941
29.199999412298205,28.208791058915
31.754999797344208,26.665597179446905
29.88400014162064,20.105315163901874
29.43799978017807,12.91716215636049
12.461999594569209,6.69886267989874
4.790999802350998,2.8777436604882993
0.2149999921116978,1.0221087955976174
0.0,0.6757637328614614
0.0,0.4982112889617149
0.0,0.44711325656223505
0.0,0.5825816589088314
0.0,0.8749787676627082
0.0,0.6058550003011313
0.0,0.41497081674635405
0.0,0.37047201915644107
0.0,0.4055144370520221
0.0,0.49924312767572704
0.3749999933317304,0.876611866605069
2.2860001267492773,3.2886591399141727
7.516999856233597,8.471500723191669
14.046000256538392,15.053378243020603
22.82700054764748,22.973633311646324
26.670000023841855,30.877954954419813
22.331000247001647,39.36907643062728
43.93799858093262,47.40585136038917
57.67899982452393,48.96147120816367
48.41700147390366,40.90052831581661
36.349000701904295,28.392094924620217
22.9840003156662,14.90431313123022
9.539999902248384,5.925627290798085
0.9350000056251884,1.604020615318524
0.0,0.8847997028912818
0.0,0.5697430546062865
0.0,0.46964199495501807
0.0,0.5828611211492015
0.0,0.5351062098717583
0.0,0.412342289024964
0.0,0.37927362291807576
0.0,0.4315747305311794
0.0,0.5885784781285163
0.0129999995976686,0.9417151296152068
3.334000074565411,2.403629813502942
13.354000317454338,11.871091222167015
27.317000428438188,27.381419866425652
41.16000006914139,43.4869419172832
51.77800055027008,55.05528660467693
58.44899847745896,60.31371942179544
62.796998777389526,61.44250602585929
62.40300098180771,59.558696014881136
58.40399996995926,53.893146363667086
49.72199927091599,39.38641991104398
35.512999582290654,23.931099826608385
17.440000566244127,11.010418915833748
4.0329999640584,3.5376511956219154
0.5430000226944686,0.6442235527533506
0.0,0.4007829519028642
0.0,0.3563406936717885
0.0,0.3695918216436569
0.0,0.40186888400199156
0.0,0.499950186010184
0.0,0.3898186695256403
0.0,0.36441888523155025
0.0,0.4029198755842766
0.0,0.5224498569739184
0.0129999995976686,0.8144990024689053
3.680000044107437,2.020650572489415
5.621000230908394,9.98189700637545
25.78300073266029,24.091571401017056
40.02399931430817,40.442334965637755
51.83800129890442,53.04861596175602
59.05299889326096,58.9835486810548
60.26900201559067,60.31278867721557
59.22699942111969,58.26261658191681
56.29899903774262,51.902460936137615
48.5270001077652,36.32499940480505
32.63900028347969,20.93987351204668
12.465999712944033,9.457472684681417
3.406999924182892,3.072493106052279
0.28499999364838,0.6011776933552964
0.0,0.38143792454153297
0.0,0.33453438748672065
0.0,0.35140592850644936
0.0,0.36841834569216836
0.0,0.8290241205532637
0.0,0.7892784711412554
0.0,0.7225958472543529
0.0,0.6207298101019115
0.0,0.6766512476639556
0.0,0.8219787878183914
1.954999959245324,0.9991121953858861
12.469999831318855,2.5722220940249305
13.308999755978585,5.8424209040403365
10.168000001311302,9.305245109966823
9.015999799966812,10.817157961044993
9.344999523162842,9.602286139386042
6.220000241994858,8.897827551769359
9.2760003054142,9.011007391086647
5.536000026166439,7.995419002090182
1.2370000209659338,6.206439158490726
0.2890000157430768,4.121671871074609
0.1140000038780272,2.445577139567052
0.0,1.383388183007815
0.0,0.7836287234430868
0.0,0.6820144760176273
0.0,0.6189528526019837
0.0,0.5872530102410487
0.0,0.7393448849927102
0.0,0.7600654436155622
0.0,0.6426410788191218
0.0,0.5338628024541373
0.0,0.45961417207095245
0.0,0.5092544889503291
0.0,0.6235983595970486
0.0,0.8740561060288122
1.5540000309050084,2.8207669881411968
7.278000229001045,7.018513731062413
14.046999515891075,11.733499400573118
21.09900075912476,15.422098635520253
28.33999963641167,16.857781539559365
32.07099990606308,18.407519533463887
35.0270000910759,21.149061290621756
18.47300058364868,20.803026476843012
23.38500011563301,16.03322928249836
24.67700035214424,10.324101704976389
15.5649997651577,5.532757421497789
6.333000248372555,2.63390661704221
0.8039999800547958,1.1130056836416145
0.0,0.7819404032626854
0.0,0.5906169232859143
0.0,0.5137623749646757
0.0,0.6420604179533466
0.0,0.6351514018326998
0.0,0.46122150003244833
0.0,0.36984170066857974
0.0,0.38197720099905774
0.0,0.4812371712084859
0.0,0.6903512198371546
3.4429999625682832,1.5895835889663015
13.881999511122704,7.613770957631724
21.48099922657013,19.08513562491962
39.82600013017655,32.214292611564915
47.876998844146726,44.49076520477023
41.661001801490784,52.836017115797326
58.86199965953827,56.89018381663732
62.47599929094315,58.041111695766446
59.69899901151657,55.569693758487695
52.09400065898895,44.93451206105097
35.213998179435734,30.343336089338575
24.16200077295304,15.118767010995319
9.908999782204628,5.188461665234397
1.5569999913126231,1.03848474784089
0.0,0.5896814472254899
0.0,0.43702464882417447
0.0,0.4087710470406871
0.0,0.4688846027451966
0.0,0.4859207592864654
0.0,0.3860265735363853
0.0,0.3894198015877711
0.0,0.4614863276933986
0.0,0.6618204676825553
0.0,1.098745202950335
1.6500000476837158,2.5413960763492756
14.336000109314918,12.60551449626684
28.2119999563694,28.71711521591459
42.287000300884245,45.14102409567152
53.66399833917618,55.42821412699565
60.60000025749207,58.51552148035595
62.452000634670256,56.641533582891746
56.72199897527695,48.783020007610325
28.85499921560288,35.28481927394867
23.56799911260605,20.787411710705076
11.99100029051304,11.638650233915873
22.4330006980896,5.383767499902419
9.460999875068664,1.6767855276699575
0.8620000276342035,0.4278776171803474
0.0,0.29394331258854695
0.0,0.27859696742346773
0.0,0.31470682934126154
0.0,0.35585386237528704
0.0,0.6356770729912179
0.0,0.46403150433275314
0.0,0.3757177158365292
0.0,0.38832037193168484
0.0,0.4842042313210135
0.0,0.7037412043847143
2.218999941200018,1.6798439346998928
11.999999786615373,8.306850554559912
25.0899994802475,20.567678085480416
33.54099976181984,34.294109156472345
37.17999833583832,46.56748171295438
38.26699943780899,54.01732388768877
41.12599854946136,57.17757262570518
53.8810009098053,57.6605169742448
59.94400138378143,54.83486034938267
52.163001930713655,44.012834905215676
39.716001496315,30.218504227229527
24.706000440120697,15.32544314363173
10.399000418782236,5.216190928880658
1.5800000301003456,1.0274498944223989
0.0,0.5758861072933568
0.0,0.43918227273305604
0.0,0.4203832442453131
0.0,0.4815014830830374
0.0,0.47935106184466614
0.0,0.3712787893175014
0.0,0.35131391851697114
0.0,0.39262451314899544
0.0,0.5232241280070905
0.0,0.8388157293133969
2.7839999730885028,2.2258292832225566
12.701000248789788,11.670101742318698
26.8240009868145,27.315608712945668
42.6910009598732,43.655075115816935
54.77600043773651,55.17463728496007
61.92000029563904,60.09311769826072
64.17200018644333,60.62941260780607
58.48599880218506,57.89227061407907
49.212999355793,50.84166152647564
37.03799875497818,36.03294102787972
28.654999458789828,22.29810273945332
20.944999796152118,10.7284582519957
12.611000152826309,3.3605044899348706
1.9859999780356885,0.6421496467079436
0.0,0.3865620423440954
0.0,0.3333122075448877
0.0,0.34264145563456355
0.0,0.3670121858880987
0.0,0.5530549530192677
0.0,0.40636115658895244
0.0,0.35245789034026004
0.0,0.38570140115916723
0.0,0.5191319818768118
0.0,0.7970937950283822
2.837000001072884,2.135770905688405
12.978999746441842,11.084860950069768
27.33699999332428,26.08813354747636
41.66699941158295,41.91315729209355
52.94000053405762,54.08878993068423
59.96399889469147,60.0513016799518
63.02300187110901,61.60564336776734
62.45700001239777,60.58530904701779
58.8689996099472,56.49156809602465
51.09299953460693,44.594892988204954
38.76600059747696,29.733037596089503
23.679000086784363,14.73980659421001
10.026000420451163,4.783338801754373
1.5360000117123127,0.8653861722190465
0.0,0.5083882841494467
0.0,0.40395439638756214
0.0,0.39099243145203216
0.0,0.42323801765883606
0.0,0.447844788388216
0.0,0.3566775434530739
0.0,0.35272248990900285
0.0,0.4067082922972206
0.0,0.5587514034565538
0.0,0.9375171922559719
2.658000095486641,2.423583787456155
12.457000216841696,12.314933735047067
26.14599992156029,28.39670287319592
40.32100014448166,44.92256907054356
51.96100160121918,56.11677497659411
58.682001521587374,60.564224102497086
60.80099824666977,60.57834019967488
60.470998237133024,57.083768125942775
53.683999958038335,48.67233006409237
29.74699993848801,32.37698805519512
21.233000103235245,18.53384419603007
19.328999214172363,8.489551284866675
10.56199985086918,2.6225334123309167
1.2190000017732383,0.5335554923330035
0.0,0.33586426935956937
0.0,0.2992307180492207
0.0,0.31810651503835935
0.0,0.3403081130422652
0.0,0.5528503737944578
0.0,0.44856850089239225
0.0,0.40799866607811835
0.0,0.4333508536033332
0.0,0.5684038301224686
0.0,0.8889879778519804
1.99399995803833,1.9154864664375784
12.985999696850778,8.255486188403198
24.811999982595445,19.80104765985693
31.9259994661808,33.10670589021274
38.039998111724856,44.5688157081604
42.35299865961075,51.315334227085124
49.88699927568436,53.9598119711876
51.908000802993776,53.11772404023579
52.33100074052811,47.43272323574339
38.34000185489655,32.41125042983464
20.6989991915226,18.17480074495077
9.043999601602554,8.019467834063938
2.180000070780516,2.6764362728276425
0.1140000038780272,0.5713184932140367
0.0,0.37009618967771524
0.0,0.32797461492142505
0.0,0.345565749604388
0.0,0.3922383725270629
0.0,0.5396269148974014
0.0,0.3998010367274816
0.0,0.326302109898201
0.0,0.3168095540920538
0.0,0.37301814713515336
0.0,0.5129770385939628
0.5319999860040844,1.1932166328653693
7.471999808251858,5.8028385480174
15.790999777913092,15.226033269848143
25.423000348806383,27.357048266785487
40.42799997329712,40.01661086899894
51.01300127506256,48.31867529256003
41.06799837350845,51.821831812517985
46.844999113082885,52.194080935886916
56.29899903774262,48.084442210197444
46.81499873876572,36.411651959930154
38.86199933052063,24.22057796946594
24.65899930596352,12.79662273743323
10.578999583721162,4.703671232355494
1.4770000629127027,1.0800807018711098
0.0,0.5745767227719937
0.0,0.3970654844745462
0.0,0.3548579361489309
0.0,0.3963624790749911
0.0,0.5671647667725171
0.0,0.408476868841265
0.0,0.35075869165161355
0.0,0.3849902990593441
0.0,0.5119162470701017
0.0,0.7919392572902143
2.607999899536371,2.122727314116699
12.673999706506727,10.955693217856544
27.05200054526329,25.723961538246698
42.01900161266327,41.58947531291416
53.75699826717377,53.96462942532131
61.74500153541565,60.15113841397423
65.46400042295456,61.835337163039625
65.40699847936631,61.00769572598593
61.08699798107148,57.24092252901623
53.058999691009525,45.766677527087076
40.569999554157256,31.10641519035612
25.12800009131432,15.595378144426004
10.633999927639962,5.043122099233526
1.6829999972879888,0.8910823525940733
0.0,0.5147448769903609
0.0,0.40538759829942134
0.0,0.3897775361334373
0.0,0.42392225989539706
0.0,0.5704415761027485
0.0,0.40903408320354556
0.0,0.3519281112296241
0.0,0.3894808775745332
0.0,0.5280566087178886
0.0,0.8334033579778459
2.678999946713448,2.269482473081776
12.86099984884262,11.642027850832259
27.10599957585335,26.866296461820603
41.94000158548355,42.74775231838226
53.144999668598174,54.78755258594241
60.007000937461854,60.62171137128558
63.38100168228149,62.16214118582861
63.43700128555298,61.24912770101003
59.65699930906296,57.43174805504935
51.83400015354157,45.95608874389104
39.7980003285408,31.48338435070855
25.02499935388565,15.79580212065152
10.643999710083008,5.0586873131990435
1.7559999752789737,0.872426097220076
0.0,0.4975016287714243
0.0,0.3988023733946361
0.0,0.3817590279371611
0.0,0.42124017979151435
0.0,0.5572809766672019
0.0,0.402623451994732
0.0,0.3458829811634496
0.0,0.37287337162398865
0.0,0.49212195829355293
0.0,0.7594488312916035
2.579000068306923,2.090835191171084
12.44399957537651,10.620892479419709
26.45899917125702,25.081127183948247
41.3030019903183,41.03289122785841
52.68699997901917,53.72926372187478
60.47499938249588,60.07858376366751
64.54199932575226,61.87572713511331
64.5410010933876,61.12840789897102
60.55800055503845,57.38049548387528
52.40700196266175,45.81606626170022
40.24699949502945,31.133502146346228
25.013000025749207,15.633007792745317
10.607999671697616,5.09820174129946
1.7660000144690275,0.8892952329558986
0.0,0.5053326509041445
0.0,0.3976581780639078
0.0,0.3794541258068888
0.0,0.4110726727811354
0.0,0.5203914795376893
0.0,0.39008001047053514
0.0,0.3371933408746762
0.0,0.3549250296436783
0.0,0.45305851548111864
0.0,0.670771218531632
1.7710000340640546,1.820259808323213
8.918000494241715,9.279375354860509
24.115999925136567,22.845213446787426
37.08300137042999,38.57114869151797
50.872998158931736,51.92951414823533
58.91200165271759,58.90124586037228
62.910998556613926,61.025809447424756
61.92200086832047,60.43303195680892
57.32799996376038,56.67770234073911
50.40400148153305,44.79436340604509
38.92299831151962,29.76287746684892
24.28499902129173,14.832013320667402
10.41399957895279,4.922444990554026
1.749000024870038,0.9200987027425853
0.0,0.5223930058508579
0.0,0.4007734247549836
0.0,0.38062200203737506
0.0,0.4039238870489811
0.0,0.4896972326787986
0.0,0.37300996217810145
0.0,0.33095308652147654
0.0,0.36702002125659156
0.0,0.49713940459170514
0.0,0.783489234169413
2.159999992400408,2.207646973654628
11.852999801039696,11.717996942911828
25.84299942731857,27.48911188517298
40.53099865674972,43.43915763139726
52.43599999666214,55.450141788550795
59.917998046875,61.16112480333874
61.92099852800369,62.44605584110533
60.277998430728914,61.5318651345798
56.17399816274643,57.82096830231803
48.78299946784973,45.8712166925839
37.49900135755539,30.458628699779506
20.877000864744183,14.965835876124244
8.547000041604042,4.86551941086139
2.1909998828172683,0.88236089516165
0.0,0.5082458720861801
0.0,0.40703262222332076
0.0,0.39650258671924726
0.0,0.4249117353531931
0.0,0.7896718052641621
0.0,0.6571866266296379
0.0,0.5955893586243369
0.0,0.5928676432011916
0.0,0.7724598503791328
0.0,1.0899347070311862
0.6349999852851034,1.8016904251330668
11.27300009548664,6.5625897310035555
22.86200029969216,15.599411199774062
30.98200028538704,25.10018221327237
44.69000029563904,31.60509094153132
33.42800026893616,33.30340989572661
33.97799960017204,32.99121815204621
40.56700074911117,31.42397279977799
29.652999724149705,26.933686536039627
28.99299970507622,19.18365818104574
25.28100076794624,11.977292934570995
14.513000469207764,5.7969082789974555
2.2459999699890614,2.1277374018622295
0.0879999966593459,0.6981541786050158
0.0,0.5072688305191696
0.0,0.43940087217837565
0.0,0.46428750860770895
0.0,0.6105581171983587
0.0,0.8148752136295662
0.0,0.6890074060005801
0.0,0.5813275093798127
0.0,0.5038709214196674
0.0,0.5715858275968848
0.0,0.7072020990268459
0.1289999984763562,0.9676893555372954
3.651999985724688,3.059863592386246
14.6160001796484,7.475798050122601
19.33900002360344,12.44080358862877
25.18600026726723,15.843375140428545
17.777000526189806,16.22804891169071
19.765000820159912,16.673283873626165
19.845999366045,17.811897432718958
26.59699966073036,16.563696034976413
26.27700046062469,12.933142603593213
21.28099946975708,8.508793152655874
8.047000136077404,4.6516977706019365
3.06500007301569,2.228945082378175
0.922999971434474,0.9645579979715071
0.0,0.7073887644169321
0.0,0.554990223704039
0.0,0.5063537371910309
0.0,0.6678729872485357
0.0,0.4966404213676495
0.0,0.36621923880252455
0.0,0.321325367170253
0.0,0.34116385081782935
0.0,0.4333903743033963
0.0,0.6432542640290091
0.8640000226348639,1.7282513455727273
9.484000298976898,9.184268560920444
24.719000054597856,22.674705851929527
39.17700120687485,38.581091989619395
51.1920011806488,51.85486092124667
58.9170010304451,58.439159345286235
63.35600068569183,60.03019267456872
62.62600116252899,58.59858955383301
58.527998504638674,53.57327539035253
49.86300061941147,41.08341991918428
41.764998717308046,27.59628864935467
25.197999595403672,14.279980479776862
10.270000452399254,4.751953607435738
1.4699999841302631,0.9230044232441911
0.0,0.5099859863905503
0.0,0.39030659428930703
0.0,0.369647614831504
0.0,0.3874567116770361
0.0,0.6447017738555691
0.0,0.5465586554205843
0.0,0.524086644362126
0.0,0.5728895648302775
0.0,0.7616836306000394
0.0,1.1342535754013807
1.7679999452829362,2.142364737348897
10.785000031590462,8.919175441903729
22.654000306129458,21.450692516395026
34.3659997856617,34.10896111369133
46.67599796295166,42.78216199244772
20.511999049186706,45.6718231521334
14.417999968528749,45.40777015192169
18.83399919986725,42.79864045551846
43.85399917602539,36.59308641399656
48.652000982761386,24.130346801195827
19.578000677824026,14.053140684238503
20.46000059127808,6.32039763812508
4.289000094383956,2.145370291173458
0.1510000076703727,0.578932238607002
0.0,0.40525927866676026
0.0,0.38113184084583607
0.0,0.41993300512832193
0.0,0.5092510572514894
0.0,0.5101493370892214
0.0,0.422966647533966
0.0,0.392281533532909
0.0,0.39839866623415476
0.0,0.490906666965623
0.0,0.721685390272843
0.2699999990500509,1.4584641943765537
4.758999882340431,6.245854408890009
12.801000127196312,15.843806622113501
17.8219990336895,28.47517180085182
35.41000089883804,39.94964391384806
42.04799964666367,45.60883298805782
45.97300000905991,46.69267155374799
53.4490004491806,43.13950071675437
38.36600108385086,33.99956194741386
39.62499803304672,20.199142550826075
16.64600017607212,11.12449916690588
2.697999995499849,5.294138880180461
0.2110000021103769,1.902654159313866
0.0,0.518383257170873
0.0,0.33997121970568384
0.0,0.2963161936468844
0.0,0.3106012647412717
0.0,0.3644252970295825
0.0,0.6306071448538985
0.0,0.43355877512400703
0.0,0.3160924184375575
0.0,0.29505595783836075
0.0,0.34115846600782657
0.0,0.44830625445581973
0.0950000032316893,1.0365638309184992
3.3510000641644,4.7111007571859025
6.7580002450943,12.700350898930003
14.685999683737757,23.670549295714924
34.524001893997195,36.80061986156873
46.19800076246262,47.112619869709015
56.6230014371872,53.02945353882654
56.14799893379212,56.01793999603817
62.389999313354494,54.603533936568674
53.7300008058548,44.62940682819912
41.95000034093857,30.222860710450583
25.3919996881485,15.698527428337504
10.99300002515316,5.905245209549156
1.9899999680370093,1.3746607928856147
0.0,0.7284851880504617
0.0,0.467213596941105
0.0,0.39519605908143735
0.0,0.4410229585080274
0.0,0.62517735139999
0.0,0.43278731455361197
0.0,0.33737032552715396
0.0,0.3373354251270316
0.0,0.41338011544596936
0.0,0.5883129283666079
1.359999938160181,1.4658559865664158
14.23699949026108,7.369069346146924
22.606000939607625,18.768627890689032
29.557000991106037,32.83004470467568
50.927999529838566,46.30776465620313
54.494001848697664,54.64637811660767
54.56499958515168,58.14151356663022
55.433999884128575,58.793024209226886
40.10299934148789,56.03600618260248
52.74700072765351,45.36745852436338
38.98499963283539,30.99521996872766
25.388000596761703,15.793206921901023
11.091999617218972,5.419403654422079
1.772999964877963,1.0670125680363605
0.0,0.5861786523887089
0.0,0.4234225935409111
0.0,0.3897881980113951
0.0,0.43173565588758456
0.0,0.5099732659517654
0.0,0.38723043274533536
0.0,0.3510669978135931
0.0,0.39111372893942253
0.0,0.5224013684676694
0.0,0.8192981358697372
1.8150000524520875,2.148127625659108
11.439000386595726,10.9335504756655
24.263999170064928,26.144722641876765
38.74399840593338,42.42153514589582
50.451000561714174,54.48090921844755
58.02000092983246,60.17084602083479
61.55599876642227,61.55639371667589
61.82099864959717,60.218583358696534
56.69100036859513,55.50140374932971
52.364998152256014,41.83285034929003
39.14700083255768,26.101943602221354
20.46899906039238,12.183737187981604
6.9870000898838045,3.908017024674586
1.0890000057965517,0.7117572173210126
0.0,0.42969813456093625
0.0,0.3658643147196355
0.0,0.37006931949872524
0.0,0.3985691416622804
0.0,0.5253856306296906
0.0,0.38736712301815196
0.0,0.32626890930081043
0.0,0.34128305937030484
0.0,0.42332109365479226
0.0,0.6123858968514417
1.5760000400990248,1.6201910965996131
11.310000420212743,8.232488185252462
24.485000832080843,20.869859483412334
35.31999977588654,36.34407996211733
48.06799807786942,50.2493676005091
57.620999648571015,57.84953030654362
61.37899943351746,60.360539512634276
62.30800048112869,60.039152118137906
58.589001593589785,56.52872041497911
51.369998745918274,44.86387112958091
39.47799907445908,30.03091899514198
24.02099942445755,15.145761097925048
9.872000484466552,5.094594409167767
1.3529999877512455,0.9738452776681099
0.0,0.5398558025620879
0.0,0.4040347742475569
0.0,0.3759754508614008
0.0,0.3985556143043296
0.0,0.5227431904298386
0.0,0.3913399138833796
0.0,0.3400924329479623
0.0,0.3642249999780739
0.0,0.464232894851427
0.0,0.7000044511298515
1.3160000481456515,1.8645045066092698
9.684000055789948,9.729789637497495
22.5680003285408,24.000311190741403
36.47000043153763,40.243549402100705
47.50900027751923,53.325770101547235
55.31799953222275,59.69163638762065
58.26699976682663,61.291032333714625
56.93799920558929,60.270857049397065
51.45999986886978,55.96741101128715
42.0420020365715,42.97471315179553
24.251999841928484,27.24172602040427
14.236000230908394,13.040264717340467
6.752000067532062,4.262094731884344
0.0259999991953372,0.8065692748661553
0.0,0.47345875470366855
0.0,0.3800629961770028
0.0,0.3742499825983708
0.0,0.40179980301032103
0.0,0.659375358189323
0.0,0.5714542963342476
0.0,0.49785168268451724
0.0,0.44684051329935237
0.0,0.4925218830204436
0.0,0.6181333184468426
0.2690000015497207,0.9345592352002859
5.4909999781847,3.221841226401074
10.05000010371208,8.168040871875627
7.669000246524811,14.500282689588412
12.51500039279461,19.914433300239697
19.49300098657608,21.554114318915776
22.95899931907654,22.05054786179747
36.12499818086624,21.516582747953276
22.85199949026108,17.45699017592839
16.761999500989916,11.416222305595877
10.8879997420311,6.895466920861176
6.679999990761281,3.742294772235411
0.8420000134408474,1.7319592858531647
0.0,0.7043857998400928
0.0,0.5068965015108031
0.0,0.4180242882735495
0.0,0.39913180272893184
0.0,0.5201692374942026
0.0,0.7834404316065566
0.0,0.7001341748477092
0.0,0.6061560247053526
0.0,0.49762367758766884
0.0,0.5248719073765512
0.0,0.6109466166834215
0.0449999998416751,0.7547229212203197
0.4149999896250665,2.0734380689689096
1.0079999836161733,4.977199517552342
5.988000051677227,8.231820569677012
11.402000061869622,10.308762721802507
6.872999797165394,10.245715486535003
6.77599975079298,10.64844011289733
9.04799971997738,12.076076198944024
8.449999995231629,11.625809802583285
13.53499976873398,9.22039733959096
9.684000055789948,6.277082602413637
6.094999880492687,3.720365038365126
2.496999952346086,2.0415458634974706
0.1270000034756958,1.0687332933569063
0.0,0.8345120465728854
0.0,0.6788451554267002
0.0,0.5829800018907658
0.0,0.6864757154562644
0.0,0.46517032860778273
0.0,0.35412140692584215
0.0,0.3141934476533373
0.0,0.31737589901978414
0.0,0.3847752734406718
0.0,0.5537708072311112
0.3889999904297292,1.4155756796311056
6.04900005966425,7.192270349264146
16.521999587416648,18.584550262859892
32.10200056672096,33.52976862072945
48.23400042295456,47.432561265059874
48.76400018930436,54.785443445955
56.79700196504593,56.704083609240406
62.26100140094757,54.95988704579218
43.581001110076905,48.73291414192745
34.72299931049347,35.329065439360484
28.94400005221367,22.770823568872043
24.01000038266182,11.756719819988524
10.717000073194503,4.044185404181481
1.551999971717596,0.8701886891786541
0.0,0.4799626492629093
0.0,0.35964234556736685
0.0,0.339968710691402
0.0,0.3558797548525035
0.0,0.42815343911493464
0.0,0.35686657572963404
0.0,0.37357182778750675
0.0,0.4455709016402918
0.0,0.6346880376711488
0.0,1.1064323436016483
1.932000048831105,2.6492614176656524
10.26300050199032,12.174966490140983
24.471999163627626,27.85702535850661
38.76800117015839,44.541321771485464
50.50499959230423,55.55185174873896
58.95900073289872,59.645190120424544
62.615998299121856,59.33735016516277
62.17399908304215,54.2147027710506
58.10800148010254,42.98399800385748
39.82600013017655,24.925543045571875
12.17800043284893,12.87647024980613
0.1780000043660402,5.61048284649849
0.0760000025853514,1.7815091200438997
0.0,0.4129055529886058
0.0,0.2816796725775515
0.0,0.2738164986131181
0.0,0.31030914854125247
0.0,0.3291921780018933
0.0,0.6647798001686377
0.0,0.5937684331993971
0.0,0.5405386281053401
0.0,0.49732327212712596
0.0,0.5862379334388034
0.0,0.7725586819302823
0.6790000036731363,1.1717100180632303
11.449000169038772,3.842106069965022
21.162000312805176,9.495238115489482
24.300999494791032,16.042845558268684
31.18400061488152,20.79163292493139
16.98899980008602,21.217409544672282
15.230000377893449,20.60143063391958
24.17099924206734,19.98652653949602
18.648999630212785,16.926818609152523
14.144999848604202,11.8299708415355
15.25500034749508,7.5026506694512705
5.020000160634518,4.020867420903274
1.5920000001043082,1.791907089586769
0.0,0.745801455576771
0.0,0.553725608295894
0.0,0.4610562902103577
0.0,0.45156022017954717
0.0,0.5751138283418759
0.0,0.5423472984454462
0.0,0.40749953843387104
0.0,0.32777034287607026
0.0,0.30340154452914636
0.0,0.3474749925612871
0.0,0.4544131402006107
0.9500000002235176,0.9556342399439642
5.556000104546548,4.1328039444983
9.771999579071998,11.061574876776762
18.332999521493917,20.368450183527813
11.78300029695034,31.123525104352403
39.55499852895737,39.128273852552695
62.01000141859055,43.613645245007106
53.10900168418885,45.65942770004273
41.41500119686127,42.58941599879946
44.476998870372775,32.40233646716391
37.3740004825592,22.05886529113565
23.7590004003048,12.0841834625176
10.53200050354004,4.831446882294756
1.1290000341832638,1.3116307963457492
0.0,0.6916137205210647
0.0,0.44771682522126605
0.0,0.37448983473570213
0.0,0.4244483230515782
0.0,0.542528752100521
0.0,0.4006682043296418
0.0,0.3429908533527382
0.0,0.36588356042946024
0.0,0.47360335370126583
0.0,0.7074659615941347
1.23800005055964,1.8663710756919212
10.209000444412233,9.310688660017082
22.85600063562393,22.856772343771798
33.52200048327446,38.454320880685536
45.66199927806854,51.54786426986967
56.74799820423127,58.36554308278221
58.68700089931488,60.47567602089474
62.95200002670288,59.82031270606177
59.50899801015854,56.028136520045145
52.05200095653534,44.22715733051301
40.42500116825104,29.63614274263382
24.62499984025955,14.829637457217489
10.32899988770485,4.896294684324945
1.506000022515655,0.911490805428475
0.0,0.5209426809767527
0.0,0.40712232206282867
0.0,0.3867402557143941
0.0,0.4172934418703828
0.0,0.5530978274771146
0.0,0.4355784273174192
0.0,0.40263559933751825
0.0,0.42927717033374524
0.0,0.5661506527715495
0.0,0.8412995686342141
1.108999955803156,1.9071865692521845
10.205000326037409,8.98450779889311
23.266000958681108,21.70580221142088
37.281000554561615,35.86192169955799
47.876998844146726,46.95495784112386
54.11699865102768,51.58921256848744
62.77500069379807,51.29984137909753
31.50199924230576,47.10378835950579
41.350001070499424,39.71522186568806
38.53600046634674,28.408292579821175
33.043000942468645,19.097690847005165
22.273000071048735,9.70495317906141
12.415999773740769,3.2465660365670925
0.2969999957457185,0.8059980677919728
0.0,0.49411882189767714
0.0,0.4052038511141602
0.0,0.4027399864812781
0.0,0.4580943719151297
0.0,0.8289408130265239
0.0,0.7732901587390474
0.0,0.6907674915543092
0.0,0.569428266728563
0.0,0.6061962950149817
0.0,0.7081496972138329
0.0,0.8357968865388207
0.3690000083297491,2.0917461478923047
3.511999950557948,4.837533877023629
4.744000208675861,7.794550046622752
4.398000239133835,9.278667906820774
8.641999515295028,8.454341073632241
6.896999993920327,8.18122336357832
5.2120001941919325,8.884967644342357
6.9820001986622815,8.458446458280088
7.464999857842923,6.885365760028364
8.663000393509865,4.8230966443568475
3.610000026524067,2.9601260177258935
1.9700000180304047,1.6983231538427732
0.0749999970616772,0.9849239018665893
0.0,0.8371243786013552
0.0,0.7332636028847525
0.0,0.6518260700495115
0.0,0.756278271667127
0.0,0.8517604572405773
0.0,0.7834851422639831
0.0,0.6932515876221338
0.0,0.5579466253771846
0.0,0.5839881877867238
0.0,0.6719699496775865
0.0,0.7770303436927497
0.1520000051707029,1.88202737982784
1.3550000469386578,4.275016882121563
2.187000021189452,6.964411048037666
2.1819998732209207,8.413409732154438
2.763000121861696,7.706767144458634
3.22200009778142,7.533710125173841
2.0409999368339777,8.274259309513228
1.71900003567338,7.8673810300656735
1.9870000076293943,6.449205741137265
1.4339999457448722,4.494071741615023
0.9359999710321426,2.808173345699906
0.1199999969033524,1.6971857416762834
0.0,1.0072244448946523
0.0,0.8625770481941956
0.0,0.7595668569739377
0.0,0.6736627973163766
0.0,0.7574113237192589
0.0,0.7037376259732991
0.0,0.5339466165977397
0.0,0.4217482293942677
0.0,0.36599229507946546
0.0,0.411380895271099
0.0,0.5099052990587162
0.0,0.8336581656283565
1.5209999529272318,2.9936255786674364
12.627999885678292,7.635161797872611
17.68500088453293,13.494270597185407
13.458000314235688,19.61004197078092
42.40500122547149,23.149826312235426
40.56599840879441,25.29805551801409
27.83400058031082,27.78312916840826
12.136999989748002,26.608963777848654
23.30800066113472,21.63783482321671
28.28299974679947,15.668051558562684
25.09599914431572,9.051525003101146
10.41399957895279,4.181847336047462
1.4500000341236592,1.5490109872445466
0.0,0.9321927980333568
0.0,0.6144766519192074
0.0,0.5081084001104214
0.0,0.6039044909937574
0.0,0.6105960446915457
0.0,0.48222302928433886
0.0,0.39409327337518335
0.0,0.3678370131578828
0.0,0.4232869852733399
0.0,0.5614720437516059
0.0449999998416751,1.0558495290896723
4.13399987205863,4.162418281350817
11.984999599456788,10.944531031676703
14.869999994039537,19.95195122693266
19.868999789953232,29.525412893295286
24.278999357223512,36.46750279664993
31.056999167203905,41.42120537825993
40.18100113630295,44.37165219885963
39.38099800109863,41.72655767508916
39.414001288414,29.797895411252973
29.315999764204022,17.901247738684926
14.494000163674356,8.697551205073085
7.909000160098076,3.279588873333165
2.02200001642108,0.8882342305327101
0.0,0.5393932567816228
0.0,0.4089000681428505
0.0,0.37957968827470073
0.0,0.4451343973420028
0.0,0.5812046742758581
0.0,0.4099534965293216
0.0,0.31920583236762984
0.0,0.3166435809060931
0.0,0.38256798044778406
0.0,0.5322163916379214
0.8100000292435289,1.30467788107161
9.88500009894371,6.050824723967485
22.96200017809868,15.679483695881709
31.96500036358833,28.631561244555883
41.676998167037965,42.624658706869404
53.16500128746033,52.32569561379297
61.78399832487106,56.91101465497699
63.73099920272827,58.18495398657662
60.209999499320986,55.728204959460676
52.626000998020174,45.18486533437457
40.53999917984009,30.96061428666115
23.769999442100527,16.046655243720327
9.76400036931038,5.678615396384681
1.3280000181496143,1.1801720143056345
0.0,0.6326530425516623
0.0,0.43712674014536396
0.0,0.3798498973070777
0.0,0.40964359601427397
0.0,0.7438044360905354
0.0,0.6875735243968666
0.0,0.6691144828179053
0.0,0.650807479022603
0.0,0.815333372933258
0.0,1.1328167251603944
0.3720000008307397,1.6714455016808851
7.871000062525272,4.85900786661676
17.003999987244608,11.013904953343527
33.39599932193756,17.736796879087176
25.781000159978863,21.210516401018417
7.136000134646893,19.200293553216117
22.805000410079955,16.422831422601426
15.046000067591669,14.025621292931694
4.067999972850084,10.884788863956926
7.141000025868416,7.619304589203426
2.91900011703372,5.042443260146039
0.1329999965010211,2.825771262400916
0.0700000015366822,1.326159747296146
0.0,0.6575638452930642
0.0,0.5515763882667358
0.0,0.510898093888536
0.0,0.5517171589830625
0.0,0.6968701432658625
0.0,0.7379733424793395
0.0,0.6346927095497293
0.0,0.5179163971237306
0.0,0.4286922066632126
0.0,0.44700099164087853
0.0,0.5224448160215147
0.0,0.6810803925804793
0.0,1.9668920404889754
0.6750000136718154,4.942744069163289
1.0590000165998936,8.407719411551952
2.858000109046697,11.259331838446005
6.480000233948231,12.380379134075984
9.774000151753423,14.01515877902508
24.14999939084053,17.711521529981066
24.751999233961104,18.687519457084793
30.453999037742616,14.168012082874776
20.72400018811226,9.081104862498387
14.901999914050103,5.0173987632777015
8.045000076889991,2.569485922828317
0.4190000117197633,1.212490167647068
0.0,0.8694594887071955
0.0,0.6761118909729911
0.0,0.5666311158253147
0.0,0.6448085920725549
0.0,0.5239272755344532
0.0,0.38180286061151747
0.0,0.3096835856039875
0.0,0.309524057455627
0.0,0.3677856637564088
0.0,0.5071015804753239
0.0,1.3088746126368644
1.9540000580251216,6.484783430695534
9.197000278234482,17.436155669774326
32.37300011396408,31.679950152976176
36.500999038219454,45.81165314742498
45.07599990844727,54.45880022014891
57.23200123071671,57.786835915020525
62.76300136566162,58.168046829359874
55.44300040721893,54.9904519701004
48.10600074291229,43.356026764937816
30.51500007271767,29.01474456276213
15.581000238656998,15.008559898563794
9.795000002980233,5.354728386380843
1.2060000021755697,1.102118026491787
0.0,0.5819690147015665
0.0,0.4107793003546872
0.0,0.3699815143145887
0.0,0.39753648456718244
0.0,0.4971924618192549
0.0,0.3792389460253928
0.0,0.31640223871916534
0.0,0.3045058982260525
0.0,0.35372240832208524
0.0,0.4798852377478034
0.1270000034756958,1.0639064060630545
5.37300008058548,4.677677028306893
10.226000177264211,12.57190462580749
17.117999766469,23.854381766830176
19.07199956774712,36.53028433544295
47.93699959278107,45.865063567161556
65.9930019569397,50.7825111239297
61.30499878406525,52.17108990158353
49.2660001540184,48.24080612591335
37.8380018901825,35.04647413151606
27.637999914884567,21.435227543796817
17.77600023984909,10.7004931478841
7.794999867379666,3.961597686016134
0.505999986808747,0.9561829999940736
0.0,0.5305692266273712
0.0,0.3745623932738921
0.0,0.3330118307391448
0.0,0.3592100936413875
0.0,0.5069231527671217
0.0,0.3741641007244055
0.0,0.3148352521312024
0.0,0.32649505985900756
0.0,0.4006125200300344
0.0,0.5758291277967925
0.2059999985620379,1.5652458799311095
6.8859999251365664,8.056542835491046
17.747000151872637,20.80728510277612
28.382999625205997,36.4744760453701
49.76199840068817,50.439055810655866
58.41500106573105,58.02047745227814
60.70600185394287,60.46904637302671
63.69700179100037,60.12198662519456
54.14199964761734,56.61704431976591
52.84900117874145,44.83081737313952
40.62799973011017,29.901964216232304
23.85400090098381,15.043542045099397
10.072999500632289,5.106001385280065
1.2150000117719173,0.9873912727007907
0.0,0.5409183890226165
0.0,0.3998486976831087
0.0,0.3695196344716741
0.0,0.38976616247024914
0.0,0.53951586952433
0.0,0.39195080670927246
0.0,0.3326956525305285
0.0,0.35663831159339426
0.0,0.46525938084881224
0.0,0.700201144553721
0.6400000048801303,1.904537453630141
8.878000337481499,9.801752302561486
22.2129993224144,23.929325778143745
37.30900035619736,39.90513748032707
50.432999515533446,52.95164364406041
58.86100142717362,59.5717088334901
63.29399936437607,61.50495335340501
63.91699905872345,60.89994883673531
60.72300055980683,57.374519000394
52.63100037574768,46.0056177357265
40.962000885009765,31.146462148427965
24.00300043225289,15.526263537236625
9.445000428557396,5.09558512251292
1.183999992981553,0.936369081533381
0.0,0.532602894456525
0.0,0.409196524971963
0.0,0.38510310670261133
0.0,0.4152534608157085
0.0,0.5658931882479893
0.0,0.3991820242774806
0.0,0.3312912131606468
0.0,0.3528409637524081
0.0,0.4602352407893964
0.0,0.6897832037614925
0.6219999856874346,1.8706945302443845
8.857000486254693,9.641349022856781
22.59999922156334,23.49168157815933
38.57800016880036,39.403288922991074
51.906998462677,52.589176728384835
59.05000008821487,59.41213015181677
63.76599895477296,61.48642531565258
65.91500016212464,61.00600501026425
62.027998356819154,57.68033549581255
54.09700114011765,46.827478110449654
41.91399824857712,32.29395519273622
23.919999259710316,16.380428553989958
9.31999955356121,5.410492626002857
1.0539999970048666,0.98712588799053
0.0,0.5576027058836605
0.0,0.4221439773975206
0.0,0.3940439596106963
0.0,0.4250269001403026
0.0,0.5247314415472959
0.0,0.3870769576369119
0.0,0.3288066414231435
0.0,0.3531843857986054
0.0,0.4537176148500293
0.0,0.6655309066615466
0.7530000112578273,1.8186178011766505
8.085000233650208,9.399046161983696
22.52600062608719,23.41796877878053
38.38099921703338,39.49074869070734
51.22299978733063,52.778511067799165
58.96400011062622,59.56095362799508
63.365999441146855,61.63557742800031
62.78099830389023,61.097668093272624
58.95799839258194,57.703423947266174
51.53999812841416,46.40337958914893
39.70999977827072,31.493492553745
22.48300063729286,15.83494870364666
8.781000291109086,5.261904476795877
0.8230000288411975,0.9673663540477201
0.0,0.5468731086102447
0.0,0.4191962168658418
0.0,0.3915468811992157
0.0,0.4160806102704789
0.0,0.5299442677332886
0.0,0.4049930022191256
0.0,0.3604339103453925
0.0,0.3964963267916547
0.0,0.5170617619848678
0.0,0.8008634944260121
0.5210000135004521,2.063662518358656
8.950999673604965,10.190287475458215
23.16300022125244,24.678749166045872
38.96199920892715,40.75548826353891
51.88099923372269,53.17646071331841
56.97200072526932,59.2179437341009
57.56400181293488,60.89312024661473
61.09299969911576,59.577756912708274
59.208998374938965,54.86385603598187
52.16800130844116,41.16426265631403
40.22899844884873,25.814671576363704
16.000000057816507,12.158602316166675
5.796999790966511,3.9595881638675934
0.6519999748840928,0.7292197412385474
0.0,0.4400003603938966
0.0,0.37738396379764055
0.0,0.3820850542274171
0.0,0.41450521063325657
0.0,0.4444595286635947
0.0,0.36176145513275904
0.0,0.35562676735488424
0.0,0.40303112956429166
0.0,0.5419651328173599
0.0,0.8824212284159981
0.1590000037197023,2.183746321382267
7.710999948978424,10.495302846857479
20.894999856948854,25.226125276429315
35.693001828193665,42.108264477934156
48.513000206947325,54.2074135034425
47.08100096225738,59.040364593097145
60.80499939203263,59.345931090286804
60.621998341083525,55.34435908726284
56.57200121164322,45.812085656097956
25.847000572681427,28.435390099116734
17.51499944806099,15.494166200075833
15.28799952685833,7.027811713899886
6.399999920427799,2.267749174035021
0.1580000062193721,0.4899539040374969
0.0,0.3187491837449904
0.0,0.2944836114493331
0.0,0.3176680083426513
0.0,0.3376053785585931
0.0,0.6624509076667683
0.0,0.5946123170573265
0.0,0.5314270183789943
0.0,0.46311400743999653
0.0,0.5193043576912688
0.0,0.6388279685457903
0.0570000019390136,0.8850223896572632
5.692000021338463,2.63896281838417
9.972999622225762,6.518731033504009
16.414000499248505,11.187303446148123
15.3179999011755,14.639076894095966
23.48800085306168,14.766162701504571
25.303999137878417,14.458343286003386
19.2130009162426,14.80091685669763
9.63199954390526,13.075742972450598
9.41300050854683,9.521037595272064
19.44800042510033,6.324608105655227
9.13600027024746,3.694725163525768
3.5490000185370447,1.9140842976740429
0.1910000039637089,0.9405023920030465
0.0,0.7178010716754943
0.0,0.5835268455078559
0.0,0.521238432897787
0.0,0.5988604026088223
0.0,0.5804228246212005
0.0,0.5193941457875605
0.0,0.47639252023106177
0.0,0.44042579247749275
0.0,0.5122852314902204
0.0,0.6711066470348409
0.1270000034756958,1.067777655779251
8.38200003683567,3.702230813843863
10.45300047636032,9.386897627157824
14.906000032424927,16.45104659829821
23.309999179840087,22.09626217995371
42.36399975538254,22.538671897820063
41.50899935722351,20.942126723783357
24.52000058412552,19.089124006288394
13.599999895095824,15.39947379580566
11.56400023460388,10.663990618927139
16.773999856114386,6.914823994700399
10.687999985218047,3.8807705737756835
5.0000000822544095,1.8452683239323753
0.1739999983180314,0.8091101234845285
0.0,0.5884154621179082
0.0,0.47787029869588366
0.0,0.45458007618784907
0.0,0.5492612798698248
0.0,0.6381247224459159
0.0,0.4436736214892673
0.0,0.32876484782434995
0.0,0.3105876090098172
0.0,0.3504004688281566
0.0,0.44911831543913905
0.2139999946113676,0.95432856220752
9.197000278234482,4.046026536971331
5.730999891757965,10.891727928646974
7.123000006675721,20.913381768975942
20.903000093698505,33.12913237452507
41.294001467227936,43.942477422441755
55.65999886989594,51.266460160187314
62.66199914693833,54.99284573248455
58.73199940681457,53.60734674521855
51.15900200128556,42.993892006533486
40.71100090265274,27.996935752289637
21.14299898028374,14.029794532145774
6.759999790787697,5.345251524235521
0.5580000172927976,1.3016979927782502
0.0,0.7013121576261307
0.0,0.4654715341103396
0.0,0.39249587831353505
0.0,0.4368576348958803
0.0,0.5159330287841815
0.0,0.37294780074751804
0.0,0.3062526730521183
0.0,0.31751013185695875
0.0,0.38592415669666874
0.0,0.5432786321679929
0.0449999998416751,1.4115127132566911
4.4620000791549685,7.12460203464542
12.50400032401085,19.03274940567357
31.135999194383626,34.55201196551323
48.23899980068207,48.93575366735458
59.1789980006218,56.976577570778986
63.84200017690659,59.76573738847461
64.1650002360344,59.44949725798198
60.979998152256016,55.71001846858433
43.95000201702118,43.25162726981299
33.63700054883957,27.700078993865425
19.724999636411667,13.600475610622338
6.831000094711781,4.665944937126977
0.3649999862350523,0.9170538482868247
0.0,0.5111115721480123
0.0,0.38276244567441087
0.0,0.3572806032028581
0.0,0.38105555718365525
0.0,0.608186930211793
0.0,0.47379021738256727
0.0,0.37991153607411043
0.0,0.34714780059376993
0.0,0.39584890253442734
0.0,0.5142530437119838
0.0449999998416751,0.9468523460999131
1.3049999793618918,3.649362717143127
6.811999789178372,9.566959071585108
15.481000360250473,17.62307878800801
19.362000447511672,26.508296357222967
32.299999750852585,32.82428594265665
35.12400116443634,37.36510559252331
36.56700150489807,40.163697855131964
34.88900165557862,37.55670488068036
32.381000350713734,27.158120978900364
26.56799957275391,17.02132131406239
12.142999653816224,8.6848751651815
3.3219999761879446,3.4594593163260394
0.2249999992083758,1.0277461116973845
0.0,0.6169737412195121
0.0,0.44890191897483805
0.0,0.4021957917138934
0.0,0.4703903941424298
0.0,0.5421490026451646
0.0,0.39589104801416397
0.0,0.330622364282608
0.0,0.3470955227767782
0.0,0.433542063644688
0.0,0.6369727536410625
0.2600000080000609,1.695102666094899
7.477999985814095,8.529162286520004
18.390999697446823,21.527819317408973
30.02499943614006,37.07986289501191
48.45400179862976,50.59599073171616
59.38700004816055,57.83764600106649
62.477999863624575,60.20345670529775
62.43600016117096,59.777946222169064
59.54799890756608,56.20474911860058
49.57999969005585,44.36618686199188
33.205000088214874,29.729890904767178
20.053999359607698,14.84260332780225
7.222999885082245,4.968896245977708
0.4259999942220747,0.9296829951714193
0.0,0.518668959280476
0.0,0.3997220297131155
0.0,0.37773265832702496
0.0,0.4114186118649585
0.0,0.5898405776452273
0.0,0.46492317522742926
0.0,0.4062820200548906
0.0,0.40540922121144835
0.0,0.510280681522563
0.0,0.7226689238713256
0.2529999934043735,1.5251657281390258
7.712000235319138,6.667200492237295
20.98300040721893,16.776334786755694
35.03499827384949,28.545612909793856
40.000998890399934,39.05670833843095
22.7760003221035,44.73515314476831
43.333998165130616,46.48382913657598
57.283001456260685,45.69304541962488
44.01100099802017,41.09979715057783
37.60100180864334,30.714999536105562
36.89799974679947,20.917808527520723
19.326000409126284,10.864229077100754
7.898999864161015,3.882709013681327
0.634000019878149,0.9922638128218905
0.0,0.5885249395003276
0.0,0.45229629092583695
0.0,0.4323017326063875
0.0,0.4966862071531692
0.0,0.41865839607215355
0.0,0.33775717793431664
0.0,0.32252036287648866
0.0,0.3408542391431651
0.0,0.4255670293646731
0.0,0.6260737125123186
0.0190000006463378,1.5913861730269026
4.918000223040581,8.323472722598485
19.94500101208687,21.596532152209964
36.45600053071976,38.110355007648465
49.78499882459641,51.27837087392807
59.09199979066849,56.876203868729725
63.93099895954132,57.23113680022103
64.00999898672104,53.01179580007281
40.22000203371048,43.65400880881719
36.093999574184416,28.580257617405483
30.55699977517128,16.88008698599679
13.53000039100647,8.230846508209195
3.6130001153051854,2.76708615878863
0.2339999927580356,0.6423859685739236
0.0,0.3903735066857189
0.0,0.3246370620001108
0.0,0.33097217749538166
0.0,0.3425355927686074
0.0,0.5500045991343047
0.0,0.4039336365581091
0.0,0.3356638416421733
0.0,0.3489542656604733
0.0,0.4370557404282902
0.0,0.6316883317181574
0.0510000008903443,1.6254440119968991
7.082000077068806,8.046312347522804
20.62600088238716,20.567430287940166
35.830002031326295,35.75431007930211
49.077001492977146,49.269241915089744
57.51899919748306,56.746979432106016
61.72299934387207,59.39445246015276
63.05400047779084,59.10649675369263
59.50799977779389,55.600877223014834
51.91599898576737,43.82310444184712
39.18400115728378,29.15015616212572
21.097000186443328,14.46472983113357
7.444999779462814,4.872165857319322
0.4529999909177423,0.9499140770866401
0.0,0.5427666488343051
0.0,0.415924074829423
0.0,0.3936873804265633
0.0,0.42649083489818235
0.0,0.5111016598796205
0.0,0.4076357793994248
0.0,0.3688703293133792
0.0,0.3953010090054678
0.0,0.5053966290490435
0.0,0.7553015556186439
0.0,1.8384611171696865
5.676999834179878,8.709804786103112
20.217999078035355,21.938527088505882
33.263000264167786,37.32816835420473
48.92800196170807,49.910757910183506
58.99699928998948,56.25942009278707
57.077998213768005,58.16570940460478
60.50499975681305,56.81140855312348
48.43400017976761,51.71471578734262
47.67699908733368,37.307125956330985
37.86699992418289,22.387355481556483
18.337000666856767,10.384441909832615
4.0329999640584,3.4917658839587657
0.068999996013008,0.7085387377015182
0.0,0.4399292781509992
0.0,0.3759666068439505
0.0,0.3836747686564922
0.0,0.41579365193444706
0.0,0.489751337525834
0.0,0.3696651733467089
0.0,0.324904282909951
0.0,0.34371221845570415
0.0,0.4390459675807506
0.0,0.6628416972434416
0.1009999962570145,1.756492287665606
6.36300010919571,8.819450429507665
19.615001002550127,22.150618015527726
32.80400028824806,38.0862568802493
39.88499853849411,51.342936731066025
53.92599941730499,57.9658422759601
59.16100106239319,59.705359295095725
58.46800186395645,58.34348455360958
58.53499845504761,53.28677565949305
29.879998996257783,39.698492230687826
19.091000900268558,25.221654210686687
18.21400036454201,12.292040998169355
4.649999994337559,4.051800373707499
0.8750000272318721,0.7931547663946237
0.0,0.4600672617674406
0.0,0.36899909137615133
0.0,0.3602339262042992
0.0,0.38399237158176086
0.0,0.5558759584703616
0.0,0.49123853310410465
0.0,0.4514155134399023
0.0,0.43358404407277706
0.0,0.5150918063840696
0.0,0.7023949216505778
0.0,1.2107933679382719
2.135000022798777,4.464421570215906
13.527999818325045,11.421459357695921
24.14199915409088,20.467289418748447
25.806999388933185,28.465785423687525
40.19300046443939,31.162985505546846
34.73499863862991,31.000783016170775
37.83699954986572,28.041485025882725
21.40800091743469,21.459385236501696
7.299000080227852,12.989336014177118
3.208999969810248,7.608657804301807
1.566000000908971,3.9420102184159416
0.1460000041220337,1.62543562187148
0.0,0.5916071598151965
0.0,0.4217303487991116
0.0,0.36031768876926173
0.0,0.36726640668830696
0.0,0.450551653747846
0.0,0.6496504990663379
0.0,0.5947779807714478
0.0,0.5298068507747459
0.0,0.4703775292834533
0.0,0.5118295445226665
0.0,0.6286049766732115
0.0,0.8761782484182289
0.1140000038780272,2.577333285074148
1.7710000340640546,6.493095064886979
6.677999931573868,11.228941355390207
11.027999777197838,14.964696799686976
12.46299988090992,15.670832202008793
4.939000074267388,16.221979119011333
27.718000228405,17.583855621048382
26.829000364542008,16.186644715581618
9.545999566316604,11.13042019303356
14.56399966776371,7.144524428716728
3.41599993377924,3.991460498954569
0.0,1.8912600847386887
0.0,0.858048365672252
0.0,0.6441253401458795
0.0,0.541758506493643
0.0,0.50003579279807
0.0,0.5850214431940444
0.0,0.4663797032926231
0.0,0.38994548879297714
0.0,0.3727659952115001
0.0,0.4040355949210269
0.0,0.5229813645420862
0.0,0.8120337841832744
0.0129999995976686,1.8845594004754507
5.307000181376934,8.521195867019042
16.051999542713165,21.25777266834464
31.30600063085556,36.77990345903805
48.77399894475937,49.27448248829161
55.771998076438905,54.93483968802861
52.33399954557419,55.95780133758273
56.75600049495697,52.56186002050127
56.76399867773056,44.066369737216405
51.23800202846528,27.603154504469465
20.1800005209446,15.134095540898187
2.454999993145466,6.936725101279362
2.435999944359064,2.342690104384508
0.0629999989760108,0.5328108205619667
0.0,0.34854136604017444
0.0,0.31551771777016774
0.0,0.3361732426052913
0.0,0.361018917571221
0.0,0.6584101086455797
0.0,0.49093782504887457
0.0,0.40143870782971913
0.0,0.4009076140368623
0.0,0.5047784372725125
0.0,0.721379787977785
0.1510000076703727,1.56999922066927
6.033000099658966,6.774855979553291
19.886000549793245,17.094410584994726
29.586999311447144,29.79293271166938
27.749999121427532,41.83354694059916
39.01799881219864,49.39214538710458
38.71399803161621,53.30887174708503
48.34800020217896,54.11579560790744
55.90000186443329,50.78756918668747
51.01500184774399,38.55851087025234
37.41300137996674,24.347882378612244
16.313000334501268,11.5996712700384
5.452000107765198,3.964390524945089
0.0629999989760108,0.841674504083182
0.0,0.526382260617933
0.0,0.429361197669059
0.0,0.4313044000024509
0.0,0.4940437577837811
0.0,0.7290079708051469
0.0,0.5677457829578114
0.0,0.4650794378747897
0.0,0.4446484417361872
0.0,0.5388696006286358
0.0,0.7261761453015997
0.0380000012926757,1.303545856007508
5.924000211656094,4.9508029909431945
19.64100023150444,12.520971007772854
35.075001511573795,21.56092178242547
45.44399847507477,30.045499584334237
22.53900024056435,35.1153046298027
34.38499906420708,38.51156842112541
31.86600077152252,40.8290264749527
31.36900018453598,38.99033762318748
32.68400084495544,29.448677228008
28.80699984908104,19.440285397597723
12.851000066399576,9.720051150151662
4.525999919176102,3.5954060131311425
0.1319999990006908,1.02520315637812
0.0,0.6614905431933169
0.0,0.5199330600484141
0.0,0.5042199552218828
0.0,0.5994689388639692
0.0,0.5500339966666485
0.0,0.38954671255046763
0.0,0.3011561360675841
0.0,0.2965495560451277
0.0,0.34849113532208964
0.0,0.47450792842544615
0.0,1.1580481063414898
2.75100002348423,5.384607062616518
8.027999830543996,14.558144955720222
16.234000307321548,27.60442444852421
33.550000284910205,41.98977001224245
52.00300130367279,51.74140280485153
59.6720015501976,56.256470583166404
63.04799875974656,57.295443269525265
58.29000019073487,54.452500969001235
43.38400015830994,42.97584166492735
37.32799963474274,28.286052835498538
18.73000023007393,14.247193666866847
3.4679999321699144,5.091950208417008
0.0510000008903443,1.108962461570544
0.0,0.6054451610134649
0.0,0.42200053146907257
0.0,0.37331918300129463
0.0,0.3988068572977292
0.0,0.45503649901066506
0.0,0.3925655324012041
0.0,0.36912053958778934
0.0,0.3760653810855001
0.0,0.4598465945917581
0.0,0.673392059889489
0.1009999962570145,1.3873362505116635
4.34999984562397,5.913502780156476
12.263000124096871,15.577467399835585
28.83999902844429,28.4425235579695
40.40099840402603,40.026824998514996
45.24300048589706,45.3142769762448
41.34199877977371,45.77593450375965
40.269999918937685,42.23992082221168
38.21000160217285,33.6269087776116
23.63999918937683,19.491152994973323
15.31299949645996,10.414393355505808
4.864999938309193,4.91804280636566
0.4929999872110784,1.820501847394875
0.0,0.5229517538180308
0.0,0.348058594555727
0.0,0.3010368564512048
0.0,0.31313684546122594
0.0,0.3572529799757259
0.0,0.6341437569393643
0.0,0.5926896648002522
0.0,0.5374841181281954
0.0,0.4625277027248272
0.0,0.493921990930768
0.0,0.5935935174234743
0.0,0.779127036035061
0.0,2.138716765833752
0.1980000025127083,5.278053019962142
2.53500004991889,9.127748861568316
4.063000081628561,11.933126800869191
6.567999757230282,11.901705588613238
8.933999940752983,11.799782968546664
11.580999967455863,12.751906871710505
10.547999950051308,11.667412207382066
10.1290001308918,8.076241786309652
5.796000018119813,5.169651755946023
2.2459999699890614,3.010152016750404
0.166999999769032,1.634878382512501
0.0,0.8717828634407905
0.0,0.6976987208758614
0.0,0.6102807089340475
0.0,0.5519636223558336
0.0,0.6015791952423752
0.0,0.6217963417552943
0.0,0.580856681215976
0.0,0.5275985170395245
0.0,0.46211452572606504
0.0,0.4974794499562787
0.0,0.604778368403869
0.0,0.8136386799253523
0.0389999987930059,2.340100278982095
1.5150000321120023,5.893190607449838
4.0790000416338446,10.15159584816013
5.101000247001648,13.168807967475482
8.468999787271024,13.262132350334099
9.403999985456467,13.22302200534514
10.71000012278557,14.101157142775397
10.052999935746191,12.783543237958638
6.01200024843216,8.755378993749618
5.93399999409914,5.607224947043827
2.979000095427036,3.2384143741003113
0.6959999932721257,1.7090756176465323
0.0,0.8690658244809933
0.0,0.6730390235848193
0.0,0.5749730965960771
0.0,0.5190131538600794
0.0,0.5861412934067527
0.0,0.43731285421709926
0.0,0.37658838849381676
0.0,0.3534811956548531
0.0,0.3584289362866964
0.0,0.43427138102773044
0.0,0.6240398406609894
0.0,1.3626536752283573
1.7790000140666962,6.119269478214639
6.627999992370605,16.272947507926396
21.278000664711,29.632099637474337
36.393000977039335,41.591698888710575
49.14900156974792,46.91689883845193
49.619998819828034,47.19212282759803
38.942999930381774,42.95351729256767
28.9549990940094,34.08756953988756
30.52400059580803,20.666896425996505
21.336999073028565,11.78421808468444
8.232000219225883,5.784600927808455
2.8810000194609167,2.1416596183712993
0.0449999998416751,0.615009855851531
0.0,0.39425598220633606
0.0,0.3305858007578978
0.0,0.33426064818299245
0.0,0.3710689284399683
0.0,0.467654096864696
0.0,0.3709963905332344
0.0,0.33887337637932163
0.0,0.3632618456733014
0.0,0.45976048577177736
0.0,0.6890919170289168
0.0,1.719431278950402
2.520000119507313,8.434485800564289
10.879999505281448,21.74977314404079
33.320000153779986,38.06893452644348
47.68800018310547,51.31224152599062
58.390998301506045,57.754363727228984
60.15300166368485,59.38709922586169
57.6769992518425,57.53779601267406
53.98600016593933,51.420922680922914
47.53299893379212,35.48131201335362
34.91199797153473,19.91707207262516
16.463000152111054,8.9583086006982
3.388999904990196,3.0075784581048146
0.0,0.6210486050668571
0.0,0.3913242454387779
0.0,0.33334646836987564
0.0,0.34420455261998406
0.0,0.3634512103455407
0.0,0.5150315212697855
0.0,0.38479831648458324
0.0,0.3285286967409774
0.0,0.34634134448931686
0.0,0.4404824304088418
0.0,0.6516524150847857
0.0129999995976686,1.6997606619979653
3.5230000193417075,8.588750626104218
15.955999782681465,21.86390555143356
35.94200123786926,37.49121444089072
49.23800035238266,50.64035544088909
59.34200154066086,57.55045437370028
54.58199829101563,59.693408675534386
53.31999842882156,58.90338903767723
54.18599992275238,54.79922445161002
48.71200173139572,42.10331732988357
35.342001967430114,27.159745673963
18.385000033378603,13.072692231152738
5.640000022947788,4.353226421943733
0.0749999970616772,0.8617235982178578
0.0,0.5023400788501436
0.0,0.395159490971959
0.0,0.382960851509124
0.0,0.41484183117614265
0.0,0.557458599748622
0.0,0.40137815565269974
0.0,0.32481057827560494
0.0,0.33191747871360605
0.0,0.4154204930830746
0.0,0.6025199827565146
0.0,1.5202918263418337
6.392000197172165,7.407247479430268
17.070000399947165,19.130491377541002
20.984000693559647,33.811322083813806
46.56599932909012,47.359270704473765
55.31099958181381,55.12150151116507
56.31000013351441,58.027125292505545
59.39699880361557,57.90209331444332
57.58500166416168,54.3369794869423
49.25400082588196,42.320023541109904
35.938998324871065,27.629606781857355
18.648999630212785,13.416035529375078
5.402000168561935,4.536039167301996
0.0439999983296729,0.9205668579866844
0.0,0.533937900953793
0.0,0.4061847966111132
0.0,0.3845644084989492
0.0,0.4206770854642881
0.0,0.5092908415757119
0.0,0.384212791179972
0.0,0.3320901811927823
0.0,0.3567201313629214
0.0,0.46016751918143456
0.0,0.6849504365026952
0.0,1.8094185925807271
5.581000074148179,9.219965050986834
19.236999572515487,23.1941323363781
34.725998115539554,39.19789425134659
49.1599985575676,52.15416513885771
55.33199943304062,58.71933165618351
58.42000044345856,60.6770337493079
62.807999873161314,59.76416521651404
58.60100092172623,55.632326530729024
49.82699852705002,42.815662048544205
35.331000871658325,27.488879785878314
18.31299995660782,13.097318890605653
5.26600025177002,4.316173940896988
0.0380000012926757,0.8318016050942242
0.0,0.4922129865695855
0.0,0.3962218206854803
0.0,0.3871516205836087
0.0,0.41670194719785025
0.0,0.5558108341334653
0.0,0.42765551955705244
0.0,0.3699528274212831
0.0,0.37965396380850247
0.0,0.48528893011755164
0.0,0.7142749793401786
0.0,1.6523878315304006
5.427999911010265,7.7852608665398195
17.915001015663147,19.66457767597267
32.2479992389679,33.50736854468074
38.538999271392825,45.2850048831531
43.74999815225601,51.567020824296144
47.37400064706802,53.5801474073955
50.11999821186066,52.40581652505057
46.30599882364273,47.41140002999987
47.48300104856492,34.741677288498195
27.84399933576584,22.253241995062147
13.993000485301016,10.8006340904321
3.4010000033676624,3.6804054109539304
0.0,0.840899825005659
0.0,0.5093033052674893
0.0,0.41246759761124846
0.0,0.4117020926544709
0.0,0.462249038234087
0.0,0.6670346922227848
0.0,0.49547921654768284
0.0,0.3943964835675433
0.0,0.3958184069501502
0.0,0.4774659955155637
0.0,0.6603945337741504
0.0,1.4213474715607506
2.5620000787079333,6.188187820655959
14.59400004208088,16.137093423434667
27.9669996380806,28.345182404858722
41.51199816226959,40.083243319477354
26.76199966549873,47.60590921538217
34.29499999523163,51.86315076862063
38.86800104856491,53.22213761976787
43.40400177717209,50.632810306549075
48.07499802827835,39.04360895940236
34.15900007843971,25.564874343701774
15.534000131487849,12.431714451142723
4.206999978423119,4.309782150792224
0.0,0.9518660649816907
0.0,0.5799516090444689
0.0,0.4716397296650601
0.0,0.4682271745242178
0.0,0.5333773878509445
0.0,0.4877070926369301
0.0,0.3806834023964724
0.0,0.34061036960288343
0.0,0.3679044252940054
0.0,0.4695080280343869
0.0,0.7021077959705144
0.0190000006463378,1.7934753736640725
4.961999984681606,8.931891460972173
13.907999767065048,22.66739633798599
34.10799985289574,38.84861855677196
47.232999298572544,51.73748733963286
53.67600177526474,58.022176383904046
61.664000935554505,59.71391087770462
58.33899984359741,58.07483563525336
55.97200194120407,52.62598808731351
47.95000126123429,37.92493877427919
34.5789991569519,22.725206081015724
14.72300000846386,10.495617398619654
5.954999845325947,3.4980723790398662
0.0,0.6987794584328576
0.0,0.42859338886636705
0.0,0.3628024335817566
0.0,0.36890871757574917
0.0,0.3944571389018425
0.0,0.5168401778555874
0.0,0.3826264568710966
0.0,0.3169592089425506
0.0,0.3222807984333485
0.0,0.39564239999944606
0.0,0.5620740490047528
0.0,1.4243994507459659
1.4330000445246698,6.945847505841938
16.945999811291696,18.404573398232458
22.13599986791611,33.32429707169533
40.72000142574311,47.299596831457954
52.308998548984526,55.26436493567058
54.70699916601181,58.168147180761615
47.70999826669693,57.86651434115002
56.79100024700165,53.84209566899708
49.551999888420106,40.82025364977973
27.232000737190248,25.510973023687093
15.707999632358552,12.166689186692237
2.8689999210834505,4.164724676396166
0.0,0.8648530920754587
0.0,0.5077987609271493
0.0,0.38763567351070893
0.0,0.3712354254356719
0.0,0.39671191862917377
0.0,0.5223771356764648
0.0,0.3930725687702319
0.0,0.3369312273963753
0.0,0.3575701450556517
0.0,0.46026925289072096
0.0,0.6851727725339255
0.0,1.7599886317338262
4.412000139951706,8.847441061607428
17.60799937605858,22.380916266611646
33.66099920511246,38.05466174023492
45.35499969244003,50.92310402461461
55.278000402450566,57.49718714543752
41.68000108003616,59.461214311122895
47.70499888896942,58.45684231860297
55.289999730587006,54.077832848685134
45.88700003147125,40.94192972438676
33.023999609947204,25.793070203576768
16.81299972653389,12.1242078268528
4.387000170350075,4.0207828044252745
0.0,0.8058051957722221
0.0,0.48416626485729847
0.0,0.3922953589007791
0.0,0.38946618224693724
0.0,0.4256013990779008
0.0,0.4610450804526252
0.0,0.35969015782033764
0.0,0.3167281836297895
0.0,0.3394774447780634
0.0,0.43065232335190684
0.0,0.6359683180853192
0.0,1.6723343231422565
4.864000165462494,8.600344734106745
18.195999318361284,22.372956522532867
34.59799843549728,38.421235434327805
48.50899906158448,51.47413650580815
52.81700023174286,58.039442693505976
58.27300148487091,59.860638711452495
56.570998871326445,58.745952359608246
56.07799942970276,54.13360944884164
50.1350004529953,40.154596100364415
34.26599990725517,24.564164590494975
17.166000159978868,11.412004465758802
4.090999883264304,3.8088923601380418
0.0,0.7737355551948504
0.0,0.46099003114338427
0.0,0.3721865917183459
0.0,0.3660508242276098
0.0,0.38881383509508194
0.0,0.4294175628067128
0.0,0.3600286879190909
0.0,0.34889441953772404
0.0,0.3899136429945273
0.0,0.5075456267169544
0.0,0.7821302997680115
0.0,1.8835631120524237
4.177000117599964,9.238043267982347
14.864000329971311,23.645365935393745
32.21999943733216,40.122254486765186
47.36299955129624,52.15711758272988
55.5789982700348,57.25358499799456
59.1980013871193,57.83452630485807
58.84399861335755,54.3509418293408
53.41900007486343,46.100195704187676
28.695000642538076,28.849847843647
22.4330006980896,15.267852955971446
5.461000117361546,6.7635318226899415
1.0829999566078186,2.2961421653734786
0.0,0.5223996652263616
0.0,0.34324693556874986
0.0,0.3134952344825224
0.0,0.3376149721856096
0.0,0.3598000913871718
0.0,0.5864323574025185
0.0,0.5415373923030814
0.0,0.4936344847149615
0.0,0.44688444913098857
0.0,0.4999870842229575
0.0,0.6255487405309187
0.0,0.9037951210620149
0.280000006146729,2.7511469194505898
6.9800001394748685,6.9967847916909625
7.939999793767929,12.278053274495262
17.556000918149948,16.4381388258934
10.944000372290612,17.015664663996013
16.93899986088276,16.885553643277714
21.588999341726304,17.655267820528575
11.14100029706955,15.76709046959877
23.55200069308281,10.410438571316856
11.855999633073807,6.477064038493803
4.363999746441841,3.539506687905108
0.8180000092461706,1.7104403655337437
0.0,0.8037770709275668
0.0,0.6131771659119322
0.0,0.5229787787329406
0.0,0.4841971776554627
0.0,0.5429837994929404
0.0,0.45933944131114657
0.0,0.36775871219778705
0.0,0.32387631832488945
0.0,0.3456000173065279
0.0,0.42761695707349906
0.0,0.6201629998202302
0.0,1.5689967519789931
3.851999999284745,7.726899484225683
16.73399969935417,20.509919398427012
32.45699951887131,35.83111117839813
40.80400083065033,48.99754606996264
43.388999536037446,55.99695540291923
58.72499945640564,58.254003380026134
58.471000669002535,57.315860378401624
55.10600044727325,52.61809319019318
46.12899949073792,38.06897384541376
30.829999895095828,22.826681301082886
15.33700020670891,10.643275390097074
2.962000105828047,3.62870459618313
0.0,0.7539861902674395
0.0,0.4461752520022647
0.0,0.36653182369922954
0.0,0.36120199881893184
0.0,0.38704552217519705
0.0,0.5468995260433959
0.0,0.405981911458075
0.0,0.3335132289897384
0.0,0.33839722529985006
0.0,0.41766477139932773
0.0,0.5965455601284547
0.0,1.4518529772758484
3.8509999696910384,7.031476227257933
15.000999506115914,18.620096225823676
29.26499953866005,32.94394765360015
45.0299990606308,45.980955938611714
48.19999890327454,53.39497501032694
60.05300178527832,56.14526303768158
62.87599880456924,56.05684699739728
60.43099910736084,52.24037168775286
50.89299977779388,39.189507280247554
34.73400040626526,24.465438470670158
17.30099979043007,11.518191873686655
3.620000065714121,3.975109015618052
0.0,0.8603204208053649
0.0,0.5159618004956948
0.0,0.4084162421617657
0.0,0.4012865244796765
0.0,0.442950780091009
0.0,0.4595714855885931
0.0,0.3684573735296726
0.0,0.33223960107391964
0.0,0.3492330401856452
0.0,0.4455353146711631
0.0,0.6428117536846549
0.0,1.597133253057088
3.735999904125929,8.103458802998066
17.690000262260437,21.295334462097713
33.624000934362414,36.45709852763585
48.87599939584732,48.774807624476296
54.56299901247025,54.86068704434803
53.34799823045731,56.183322040353495
44.1929997086525,54.471303652695255
47.33099860429764,49.17835230078016
41.73499834299088,35.19674243313926
32.72600054740906,21.275840908885005
16.754000291228294,9.902123290428094
2.3409999571740627,3.415431239157915
0.0,0.8010203714322832
0.0,0.4881180735318256
0.0,0.3886584435536394
0.0,0.3820954284111836
0.0,0.4119445787410118
0.0,0.4808775099140726
0.0,0.37490513677442705
0.0,0.3290903652053592
0.0,0.35301261058875494
0.0,0.45423174614751977
0.0,0.6730569018875914
0.0,1.7092075580997128
3.1600000602006912,8.675619582278388
17.26000037431717,22.521034405401775
32.93599905967712,38.231275805916106
42.3039990067482,50.74923143012183
48.45299945831299,57.083444771426066
54.64699841737748,58.90272354943412
59.570999331474304,57.71340920516423
55.89400014638901,52.93992483036858
47.56200107574463,38.64536500845637
31.63500035405159,23.1080754343101
15.599000257849694,10.521738472368037
3.1889998914301394,3.5427657977385185
0.0,0.7373946622333357
0.0,0.4505470643950892
0.0,0.3745072568540594
0.0,0.37819700133654155
0.0,0.4110303370335272
0.0,0.4794336312237594
0.0,0.37093980991148523
0.0,0.327214991075785
0.0,0.3521586287793304
0.0,0.45263613456061913
0.0,0.6758215101076557
0.0,1.7418158768223864
2.4390000331401827,8.872725580249513
17.02899995684624,22.74464344331196
31.767999411821368,38.78402922562191
46.60500022649765,51.53816480806896
52.30399917125702,57.86239113092422
53.64200025558472,59.61195033243724
55.1839981341362,58.22877351181847
52.645998508930205,53.24035756111145
43.66700108766556,39.021949488435475
29.999000207185745,23.608243252379555
14.43799953341484,10.858496796701635
2.728000113070012,3.6130640819881648
0.0,0.7340148858912289
0.0,0.44486668815437164
0.0,0.3673646536815379
0.0,0.37000529665233833
0.0,0.39899165095628375
0.0,0.38981211330741644
0.0,0.33922939049080014
0.0,0.34946778374524523
0.0,0.4019667779680873
0.0,0.536396989404623
0.0,0.8587298960185477
0.0,2.045715902543494
3.562999919354916,10.221374549823148
15.678000285029412,25.683362354040145
30.967000098228457,42.69471513543811
44.80100126981736,54.03600450651987
52.54599863052368,58.122817689691274
55.49299829244614,57.44986177648817
52.74599838733673,51.603718921116425
44.60600089073181,39.93687170386314
35.05999927043915,22.161566588197438
21.46199994802475,10.9505145573616
11.525999623537064,4.78673079650317
0.94299998562783,1.6240489679628187
0.0,0.42165003971063664
0.0,0.28686206048886687
0.0,0.2690817387934242
0.0,0.30038487493459665
0.0,0.32298809976050896
0.0,0.37946238927809256
0.0,0.33272993742554846
0.0,0.3312097395411027
0.0,0.36654724915112774
0.0,0.46152377607833067
0.0,0.7123128568154893
0.0,1.6999754125305586
1.6320000284910203,8.254508422442845
11.650000212192536,21.873741162504473
22.910999952554704,38.46652678012848
41.45200152158737,51.11749525308609
51.513000667095184,56.33251288482121
55.44700155258179,56.406852146898004
50.12300112485886,51.9912431710107
35.068999793529514,42.00074059179851
19.76699933886528,23.661200036832263
8.687000076770783,11.475672955427852
4.20100005760789,5.048276332084622
0.2100000046100467,1.799260892389076
0.0,0.45731186434626575
0.0,0.30463599560250126
0.0,0.27819011167357005
0.0,0.3027666194956483
0.0,0.318157597377098
0.0,0.3886949704002057
0.0,0.34709997917126334
0.0,0.34706476127595776
0.0,0.38492705676970734
0.0,0.4834499177828964
0.0,0.7248296700072075
0.0,1.6133332006420409
1.5079999533295632,7.60407362316336
11.289999828338622,20.29682393039976
25.60599934577942,36.01392971890313
34.34499993443489,48.144128407069616
48.57800033330918,52.88348215511868
51.66499900341034,52.48626841987883
42.76199869632721,46.73951629229955
44.43200036287308,35.58177432979856
28.07999913096428,19.133960102966853
10.62800026357174,9.640694391344274
7.973999772965908,4.422331859597138
2.7780000522732737,1.6075752913898655
0.0,0.4502043644498501
0.0,0.30247400470211033
0.0,0.27474643742000415
0.0,0.29304571588124545
0.0,0.32167516892110654
0.0,0.45727977784749646
0.0,0.3620818639360368
0.0,0.3210228057225634
0.0,0.3344457971610661
0.0,0.4051224302194481
0.0,0.5899672318609166
0.0,1.525922086483666
1.738999985679984,7.436732672538076
14.22399987578392,19.866415154508182
28.059999566078183,35.582419865131385
40.88199851751328,49.272263607297624
46.7840001320839,56.389335839067186
42.48799829006195,58.4641626892771
43.39500125408173,57.34395818403789
47.30799818038941,52.25276420559203
39.80799908399582,37.156865283761704
27.330000042915344,21.754499636377606
12.837000165581705,10.062898559868334
2.1819998732209207,3.4436480286930293
0.0,0.7177670595741699
0.0,0.43184524559681975
0.0,0.35362277672892173
0.0,0.35512047830303856
0.0,0.3747574911985015
0.0,0.47611243216986104
0.0,0.3711025531283979
0.0,0.32972141152513873
0.0,0.3471133254308785
0.0,0.4407425495130675
0.0,0.6462066437144365
0.0,1.5958771733407462
1.4919999933242798,7.834216578985965
14.004999813437465,20.673583585194176
28.791999661922457,36.206686569281985
40.806999635696414,49.08016989776066
48.42700022935868,55.748099184717454
54.706000933647154,57.64688444171633
53.83400182962418,56.330863835471014
49.98299800872803,50.943027592386514
41.92600168466568,35.88496290956225
27.929999313354493,20.823607316953797
13.132999682426451,9.442471617247378
2.1419999732077124,3.2382092699195657
0.0,0.6970069733741028
0.0,0.43211974711822615
0.0,0.3564954846086246
0.0,0.3603520034652736
0.0,0.3903029860769
0.0,0.44997130464629403
0.0,0.3808537586206304
0.0,0.3430093402834609
0.0,0.3523444265020745
0.0,0.4208547635629241
0.0,0.5938890607375652
0.0,1.3082640315751946
1.111000014990568,5.710483458467893
6.591999953985215,15.68907106927463
15.585999616384507,29.036818643467768
37.37699928760529,41.66823297091893
42.72899951696396,48.840333568709234
49.7140010881424,51.52714669363839
37.7690006184578,50.53988197428839
48.27100074768067,44.68196983609881
37.97499798536301,28.822268226827894
18.079000734090805,15.377004618133816
6.451999918818474,6.926834069533008
0.4460000084154308,2.5195955779190577
0.0,0.6291960082841771
0.0,0.40695769450627267
0.0,0.34568563555633386
0.0,0.3496749705568488
0.0,0.3741817887593061
0.0,0.478706395325384
0.0,0.3748085036195282
0.0,0.33072213456500316
0.0,0.35015889511044535
0.0,0.4456944382137486
0.0,0.6619335509849978
0.0,1.6395653174711124
2.69200007468462,7.987125927039555
13.892999579906464,20.665903181859427
28.681998974084856,35.995614120960234
42.00699817657471,48.81656847885677
49.38099816560745,55.30184765134539
52.163001930713655,57.11112532649722
50.97100157260895,55.46711349930082
46.86700130462646,49.91840163537434
38.79199982643127,35.39090302944184
26.44800012946129,21.14164379622255
12.010999855399133,9.792218479258676
1.7360000252723695,3.3251570841031417
0.0,0.7247636355938657
0.0,0.4445064514715757
0.0,0.36627217911849064
0.0,0.36729684954775227
0.0,0.3975611620808818
0.0,0.4068046755822642
0.0,0.3520114187563637
0.0,0.34816244069686425
0.0,0.3898743286090237
0.0,0.49814219650812447
0.0,0.7745454384133753
0.0,1.8422071293635027
2.435999944359064,8.872937506565025
11.970000439286231,23.100583409922468
25.94900102376938,39.75956808907646
39.83500065326691,52.10764492852348
48.26900017499924,57.37356595550265
52.41099900007248,57.86614873341152
51.08199843883514,54.234505447660176
47.51300142288208,45.368668022836964
38.49699956893921,26.837754117080145
13.082000483870509,13.118948138781958
6.494000134766102,5.621086864684309
0.3580000037327409,1.951284188181162
0.0,0.4623401994683913
0.0,0.31081911457702516
0.0,0.28289801277619386
0.0,0.30819762791307376
0.0,0.32784672740314685
0.0,0.4195943947961287
0.0,0.38175536012277006
0.0,0.38421329665064274
0.0,0.416477490711425
0.0,0.5338443991954306
0.0,0.7894754075578281
0.0,1.6872361945360896
2.1859999915957453,7.8512273886374055
14.319000376462936,20.628335959741047
30.09300042152405,34.75841484597752
42.74000061273575,44.81396890095302
51.209998118877415,48.24131727252688
38.09999886035919,46.830621280670165
39.08099836587906,41.99881542938096
35.738998568058015,33.736021560941424
21.660999418497084,19.61977708373751
24.772999085187912,10.467273629350322
7.204999865889549,4.707078558568443
0.6669999694824219,1.7441633605584503
0.0,0.5530421179612832
0.0,0.3841442213899323
0.0,0.34323760098112477
0.0,0.3637163910336261
0.0,0.40221815621214246
0.0,0.4343861331857208
0.0,0.37206321331938463
0.0,0.3537143001598971
0.0,0.3964193943848035
0.0,0.5014362170573856
0.0,0.7457349099617983
0.0,1.7636328437392201
2.6990000250935555,8.74235253087112
14.229999539852145,22.98921565430505
29.23900030970573,38.83884104388101
41.69299864053726,50.58243331602642
47.77499839305878,55.87475849866867
51.201001703739166,56.77154029096876
53.56799960613251,53.98439630406244
43.51899978876114,46.91434956073761
41.71200202703477,30.056321397338593
27.104999289512637,16.074723853554044
10.56199985086918,7.056552120617459
1.9280000588297843,2.457513986485345
0.0,0.568437571722482
0.0,0.37097334061217097
0.0,0.3393972136306443
0.0,0.36345882679136204
0.0,0.39053779955421175
0.0,0.42973924846787537
0.0,0.4041678654775023
0.0,0.3803963088097849
0.0,0.3713080126286617
0.0,0.4157844365507896
0.0,0.5398271179611662
0.0,0.947352966086141
0.6719999890774488,3.6945576727816034
3.692999915331602,10.421735366284848
3.7240000624954703,19.47572646106992
8.681000412702561,27.740303474153794
12.623999767303468,30.90943477834974
30.20999900579453,30.903485289982388
30.17599954009056,29.266285034247808
24.165999864339827,23.318456132837703
14.741000027656556,12.764355140328407
6.358999990820885,6.678349547641619
0.6230000152811408,3.352762999151434
0.17700000686571,1.4984500833387884
0.0,0.5966964494277324
0.0,0.4288992639551205
0.0,0.36648530435083165
0.0,0.35209207628720574
0.0,0.38639021440941307
0.0,0.5172220156727624
0.0,0.45214019562250796
0.0,0.41244278713927734
0.0,0.4133148191802736
0.0,0.48624801544073437
0.0,0.6547055610934539
0.0,1.1881129791747245
1.4060000157356265,4.544249606494393
13.3080004966259,12.366763620206287
26.788000948429108,22.498014615433558
13.782999919056891,31.851287554161893
22.14400010466576,37.494234665972854
39.44700046777725,40.702168805599214
29.875999904870987,41.9930792610986
28.14300073862076,37.75287455899375
40.43900106906891,23.59199366092682
15.39199952363968,12.213490938459127
5.86399997651577,5.422073163092136
1.806999944075942,2.0779130592729365
0.0,0.6082462594019515
0.0,0.4272020424476692
0.0,0.3738184436038136
0.0,0.38579593219794334
0.0,0.4270091475040786
0.0,0.4324827575856553
0.0,0.349632080052314
0.0,0.3134222438299496
0.0,0.3360436621614332
0.0,0.4147775825299323
0.0,0.6051112133903161
0.0,1.5054291272056957
2.222000029981136,7.691184581731046
13.490000234246256,20.87281955633845
28.52400097370148,36.57284125225885
42.7070014333725,49.40289707149778
50.88199868202209,55.88417451177325
53.151001386642456,57.54456885201591
51.21199869155884,56.0482754618781
48.41199798822403,50.56368344885963
41.439998085498814,34.73954291394779
26.307000834941864,19.45019421824387
11.50600005865097,8.64596170846905
1.217999972179532,2.9907679111191205
0.0,0.6756817274088307
0.0,0.42102947531667134
0.0,0.34989225646613964
0.0,0.35596595192926805
0.0,0.37688188470900064
0.0,0.5509183388096945
0.0,0.5345418616104871
0.0,0.5101784778745578
0.0,0.4696504263433495
0.0,0.5238390921069576
0.0,0.6585108726764365
0.0,0.9202652673636164
2.5080000211298468,2.7049472394159864
5.319000023007393,6.901847083994321
4.210000067204237,11.960285719377653
2.140999943614006,15.3898667629276
3.1639999218285086,14.961866127252577
4.891999967098236,13.84116338610649
15.359000344276428,13.773714333432062
11.834999781847,11.814513571347508
7.8500002112984655,7.486357467685425
7.523999806642532,4.603690940077816
1.7410000448673963,2.609804794320038
0.1520000051707029,1.3959534869981665
0.0,0.7530779087583401
0.0,0.6137531824077346
0.0,0.5497950225123869
0.0,0.5124692892935128
0.0,0.5449821646085807
0.0,0.5189462391712836
0.0,0.4921456592516708
0.0,0.46041295327379234
0.0,0.4261097214743495
0.0,0.47754408557633204
0.0,0.6075558529448297
0.0,0.9003914076462388
1.4550000537186862,2.834443864545652
2.916000028252601,7.456167760789394
13.759000235795977,13.040072230441229
12.364999548196792,17.26962251859052
12.421000178456309,17.724048436539512
13.857999827861786,17.185356536933355
22.795999886989595,17.633051868762287
13.193000431060792,15.518196252839905
12.586000183224678,9.729918817920344
7.568000081777573,5.877027356347868
3.757000012099743,3.189586228238685
0.2040000035613775,1.6037681000520077
0.0,0.8050800321889776
0.0,0.6238228206682418
0.0,0.5409740801993757
0.0,0.50038625246313
0.0,0.5264207680842706
0.0,0.44266869994811714
0.0,0.3789717709632324
0.0,0.3553274943320347
0.0,0.37871550764888523
0.0,0.47156454176242857
0.0,0.682354405616809
0.0,1.5009345507728202
2.4439999243617057,7.167628138278212
12.429000415205955,19.168688143321447
24.729999096393584,33.512171327556885
38.4920001912117,44.90576050417764
49.11999942779541,50.06641936608724
54.36799863338471,50.545526300498416
49.2499996805191,47.20542672395707
39.36699810028076,39.614419762917926
32.23999900221825,24.555753851958684
17.069000113606453,13.325109383634159
9.401000153422356,6.0184579491615295
0.6259999756887555,2.201732439558421
0.0,0.611648546954883
0.0,0.4039457816085113
0.0,0.34333472012143046
0.0,0.3538434966294361
0.0,0.39127127532182
0.0,0.39239857119774174
0.0,0.3624768371134997
0.0,0.3602569669558267
0.0,0.39008205069229
0.0,0.48141236665525605
0.0,0.7136106602129129
0.0,1.5441332525813156
0.6710000236704946,7.043258567495006
8.560999942421914,18.94520850590297
20.23299926519394,33.23349959288324
36.05100163936615,44.13293440648488
38.58599835157394,48.076222784859795
36.955001690387725,47.08074392182486
40.18300170898438,41.58023007324764
24.758000952005386,31.909756330081393
23.653000857830047,17.34483486720494
16.00100034415722,9.013605597444945
5.215000026226043,4.191311489215919
0.1999999975133687,1.5889761897336157
0.0,0.49823855686932805
0.0,0.34338435252729266
0.0,0.31015653078444305
0.0,0.32965110869279934
0.0,0.36237553437240416
0.0,0.43487233866139174
0.0,0.36597471478661253
0.0,0.33387449266056396
0.0,0.3487399667275271
0.0,0.42697407402896453
0.0,0.6132287170431975
1.7689999748766423,1.4156265430471728
12.980000032782556,6.689141504636832
27.596000212430955,18.142030217136657
34.42799905300141,32.11827216506004
34.84100023508072,44.10261537245342
46.44999897718429,50.32710531268801
26.95499947190285,51.919758935655864
36.83400196075439,50.37463255814145
33.5909997010231,44.544901558331084
16.793000161647797,29.297616385051185
9.749000182151796,16.463786531516483
0.3570000062324107,7.501243145678726
0.0,2.710110715159348
0.0,0.6936122919512647
0.0,0.4366080676351807
0.0,0.3604766380906637
0.0,0.36158469628010476
0.0,0.3906520061248115
0.0,0.40006809487805833
0.0,0.33915994271769057
0.0,0.3227430278648223
0.0,0.34855564759245933
0.0,0.43836768325019093
0.0,0.6522917793198888
0.7909999804571272,1.5946859222437655
11.1330000603199,8.011195225417612
27.218000836372376,21.47611897945404
39.78100162267685,37.32901312521526
43.88600012302399,49.52904465198517
47.070998098850254,55.12435712473734
46.91800153017044,55.868807836600716
40.63400144815445,52.92093728882925
38.6349980044365,45.37804002216884
24.043999848365782,28.426759291716984
8.932000395059585,14.984233633109502
0.5220000110007823,6.590199937394687
0.0,2.32524990370231
0.0,0.5797924144379794
0.0,0.3798549783762012
0.0,0.3272317793499678
0.0,0.34331390068999357
0.0,0.3600625510154557
0.0,0.45485504764797435
0.0,0.4448702688581709
0.0,0.45982994042203895
0.0,0.48859278499414865
0.0,0.6146808987483381
0.0,0.8828654259549721
0.064000000488013,1.6116387437496869
5.868999867737293,6.1580184334516535
25.32799984812737,15.836337044749941
32.80199971556664,27.07044055547033
37.27200003147125,34.55308443444116
34.29000061750412,34.329945170198165
36.02300183773041,29.679258340937754
11.024999945163728,23.381820854118896
12.357000338435173,16.24067396896226
4.369999924004078,8.71711591388498
2.100000014007092,5.01537948474288
0.4279999892227352,2.6117638473425595
0.0,1.1515573677739928
0.0,0.5269329302239099
0.0,0.42020363939792976
0.0,0.3899638164030122
0.0,0.4171362049598247
0.0,0.47060671495805895
0.0,0.41256256420298343
0.0,0.3453984525666705
0.0,0.32112925142715015
0.0,0.3514651459428881
0.0,0.43970634151516214
0.0,0.6473843491143947
1.493000022917986,1.5930709102111205
12.572000282406806,8.113431516970907
26.993000082969665,21.797821219137738
39.956998615264894,37.7131028337138
47.4539989066124,50.14429850918906
47.706001229286194,56.12800905193601
46.451999549865725,57.4632560477938
47.4780016708374,55.37295982360839
39.39699847459793,49.06941351856504
24.68799939393997,32.50787944010326
9.506999695897102,17.59628423018115
0.4169999846257269,7.706552870741911
0.0,2.676769402069705
0.0,0.6162627033064407
0.0,0.3909063140356115
0.0,0.3349388912506402
0.0,0.3468109026724207
0.0,0.3684013889277619
0.0,0.4171087995091719
0.0,0.34713572431488754
0.0,0.315776812178748
0.0,0.3434775814919599
0.0,0.42107798903914434
0.0,0.6019051470301513
1.7710000340640546,1.475962786663856
12.493999514579771,7.498498593526228
26.88499996781349,20.773262456485206
41.1520018863678,36.60560099669866
50.14299863576889,49.387552696636746
53.01999879360199,55.69952793257577
51.91500075340271,57.31557516915458
47.9889980506897,55.50318073204586
39.23599961519241,49.48296868732997
24.53599900364876,32.91522925376892
9.258999545574188,17.702697061981475
0.3729999983310699,7.788381956517697
0.0,2.748439613953233
0.0,0.6349584747957333
0.0,0.40354891262948517
0.0,0.3451754288202417
0.0,0.3526892640953884
0.0,0.3705996453429439
0.0,0.41660804427228865
0.0,0.34669366557018033
0.0,0.31758223879550185
0.0,0.3419981662649661
0.0,0.41966902335706574
0.0,0.6090907346949513
1.4079999465495348,1.4750442742449899
11.758000327348707,7.373397000346865
25.905998980998994,20.172426924364906
37.07299850702286,35.682941160031724
44.127001349926,48.41274446180889
51.64800029754639,54.76270651783262
50.895000350475314,56.240749450411116
47.88799993991852,54.281272135121476
39.2260008597374,47.95140500715801
24.20500076174736,31.41461811253003
9.000000353455544,16.839370871867455
0.323999992441386,7.396924929320812
0.0,2.6162086515341487
0.0,0.6312717298977077
0.0,0.4034180473043983
0.0,0.33931993965857793
0.0,0.3486524916466857
0.0,0.36792640008697547
0.0,0.44817337870996976
0.0,0.37250543023858756
0.0,0.3299380292044952
0.0,0.349928767266018
0.0,0.4242714106091963
0.0,0.6045844854427768
0.5279999960027635,1.3739064931018012
10.5839999884367,6.490496638459818
13.996999576687813,17.941488357356615
38.199998738765714,31.999746009452004
45.39999819993973,44.22475652592522
45.59600091934204,50.82865046841757
41.00499881982803,53.06578485420772
45.97900172710419,51.91135113137109
38.05900149822235,46.33898274489811
23.514000082015997,30.566044312034336
8.400000056028366,16.749084833094052
0.2430000023543835,7.513898205671993
0.0,2.707569488297616
0.0,0.6598940605004984
0.0,0.4153074900140719
0.0,0.35411005504030196
0.0,0.36013960033389075
0.0,0.3918711601197719
0.0,0.4092163919178503
0.0,0.35224481554036685
0.0,0.33362373221399527
0.0,0.3682203891647181
0.0,0.46397922651576146
0.0,0.6792600333743862
1.5590000505000354,1.640481720896704
11.11600032746792,8.186358303725719
26.149999012947085,22.01255443964686
38.64099972248078,37.7586174760546
48.2570008468628,49.8009294629097
50.31199978590012,55.31211753164018
49.50500080823898,56.2138787487575
45.73599992752075,53.63994275842395
37.08899898052216,46.69445029701506
22.86100001335144,29.728149133069174
8.142999896109105,15.767258895635605
0.1699999922700226,6.928170474384514
0.0,2.450905997061304
0.0,0.5899776094832591
0.0,0.38501149214937225
0.0,0.34122299661726824
0.0,0.35715794805104706
0.0,0.3796373669483831
0.0,0.3842174768128565
0.0,0.34494489293146335
0.0,0.3338201230431774
0.0,0.3549730184102165
0.0,0.42507205322783964
0.0,0.5984341246355325
1.1370000141859056,1.287738584631256
7.638000099360943,5.9354115891456605
15.34599970281124,16.948678782922883
25.61399958252907,31.091273865699772
24.513000633716583,43.10356552532742
40.088999440670015,49.03418020009995
47.22799992084504,50.11287091493607
37.37499871492386,47.556639024530135
35.786001756191254,39.70895606500762
12.375000357627869,22.55592999151775
6.386000019609928,10.77105764210224
0.0839999986346811,4.716661200480802
0.0,1.795375374874898
0.0,0.50687989089638
0.0,0.3466296415776014
0.0,0.30683413510609947
0.0,0.32224637370290493
0.0,0.3390750901241387
0.0,0.5410700027152363
0.0,0.48798531240517545
0.0,0.4365625661052764
0.0,0.41198422093742654
0.0,0.4510068134670811
0.0,0.5671161200917725
0.0,0.8773773578075426
0.1439999930746853,2.9261331174096887
3.420000052154064,7.973448647175517
7.339000236988068,14.65708102124078
17.521999398469926,20.695546164342336
21.51400045990944,23.347741430061205
26.872000353336336,24.98457827874592
29.29199905395508,27.60009378671646
15.951000404953955,25.7153304374218
12.662000378370283,15.671858016337668
5.375000139772892,8.264039458206723
0.0,3.8994547687258043
0.0,1.7045437853889804
0.0,0.6758591670995313
0.0,0.5038150743607964
0.0,0.44415272745170764
0.0,0.4316066771945251
0.0,0.4654932659106063
0.0,0.4110232008421527
0.0,0.3496109442718859
0.0,0.3269079491635784
0.0,0.3543529950188739
0.0,0.4395166008919477
0.0,0.6476989788176226
1.1720000229775906,1.5228646514245445
11.499000108242036,7.431579246606146
25.74899921298027,20.325333704948427
39.21299919128418,35.62953660879817
44.77800084590912,47.77949366637639
49.238998584747314,53.608153664384574
47.02300078630447,54.638289558887486
42.88600133895874,52.219705167497914
32.6190007185936,45.3013046503067
20.886999620199205,28.1914939396722
4.695000042319298,14.51695407969611
0.0,6.27408392574106
0.0,2.251684440427593
0.0,0.571338789981923
0.0,0.38004697929003406
0.0,0.3337773700816823
0.0,0.35315298357645847
0.0,0.3740586556454322
0.0,0.4507427239537772
0.0,0.41371993844929544
0.0,0.4060665485675314
0.0,0.4319556857805167
0.0,0.5366731597815774
0.0,0.7620301221484053
0.7629999862611294,1.4873370458717858
10.581000156402588,6.356003313107151
25.31399994730949,17.096701208438194
37.11800112247467,29.558685251474383
40.31499842643738,38.79339418275016
36.71400046348572,41.36961712871279
25.74099897623062,39.50109368784087
20.166000620126724,35.602067026410786
30.606999714374545,28.640189997979576
13.594999490380289,16.353192097885266
2.3430000163614757,8.78228989464896
0.0939999977080151,4.0581895596640445
0.0,1.6103839569379175
0.0,0.5769606829221761
0.0,0.42352085887321406
0.0,0.38033125324440853
0.0,0.3999861261035714
0.0,0.4386356560619814
0.0,0.33905991110352
0.0,0.3128724911775706
0.0,0.31968338867849005
0.0,0.3531163581573803
0.0,0.4315178988933829
0.0,0.6438056316659121
0.1830000079143792,1.4328794376179574
9.019999918341638,7.247369650815215
13.479000165462494,20.052187606011124
39.97400142908096,36.041994954347615
48.775001285076144,48.04370071479253
52.1879988193512,52.34103588070189
43.80499952316284,50.72193467514855
35.64799921274185,43.74000585215432
26.175000009536745,31.611636963231227
18.89199937582016,15.553792098079413
3.4110000425577165,7.185338033352579
0.0629999989760108,3.220819630058749
0.0,1.261744921585279
0.0,0.41569201221290447
0.0,0.29340190077533146
0.0,0.2670792336322899
0.0,0.29370172053176374
0.0,0.30842462894573275
0.0,0.5390429163205305
0.0,0.523997853452872
0.0,0.49757203017627555
0.0,0.4553740365071488
0.0,0.49024105034901627
0.0,0.6002331096532622
0.0,0.7915419275420053
0.7340000266581774,2.2098441045092687
3.6149999177455903,5.7392610568233895
2.581999900341034,10.036693199745246
0.1889999929163605,12.829487821502344
2.2860001267492773,12.43110838149275
4.557999839186668,11.682023679571492
4.871000115871429,12.421627521429743
7.509000132977962,11.21851119160652
0.6430000294744969,6.8858763931478775
0.0,4.092914042238678
0.0,2.309976262641804
0.0,1.2913428908160756
0.0,0.7342697393894195
0.0,0.6056500657568021
0.0,0.5671335445025137
0.0,0.5289021270456059
0.0,0.5228253815655729
0.0,0.37475793821338027
0.0,0.34377652899628236
0.0,0.3472083917413173
0.0,0.3875202863623521
0.0,0.48926468732766804
0.0,0.7302543697838806
0.9070000114291906,1.6314820505731873
11.371000428199768,7.980563987025194
26.19900071978569,21.600256597655157
39.56700196504593,37.08435904860496
49.5969983959198,48.13629571608135
50.481999168396,52.39668513434274
43.62100023984909,51.68077823434557
37.843001267910005,46.813835601466046
20.153001005649568,37.202808326823366
15.295000504255295,20.18187653464931
3.451999972164631,9.677260080065045
0.0,4.191366102972201
0.0,1.568795636546399
0.0,0.4683737587263542
0.0,0.32654764256307056
0.0,0.2998212739905076
0.0,0.32573330065767675
0.0,0.34992515676122693
0.0,0.43341703014448285
0.0,0.3561380560962217
0.0,0.3071623059215822
0.0,0.3065616462978401
0.0,0.3547223095422876
0.0,0.4774728474513229
0.0129999995976686,0.9876254764039603
1.3819999473541975,4.336788194796869
5.298999944627285,12.58055157159056
18.65200048923493,24.011150022404536
39.14700083255768,35.49919187494687
51.97399916172028,42.903361544609076
50.56299976825714,46.0805802328246
45.7319987821579,46.97231863362448
36.2639989566803,42.49308569533485
21.71699902176857,27.01390104992049
6.7869998195767405,13.705360064165934
0.0320000002440065,6.055901492578643
0.0,2.381927539142115
0.0,0.7061974434022391
0.0,0.4577738026449723
0.0,0.3650936163669186
0.0,0.35519564098944617
0.0,0.3743528006052865
0.0,0.38918715670571796
0.0,0.3306950787029096
0.0,0.31446609922086016
0.0,0.3504242018796503
0.0,0.4406724644572075
0.0,0.6521471551060676
1.0269999682158233,1.5540223678946494
11.044000250697136,8.2238056616698
24.45699897646904,22.55123782992363
38.54700156211853,38.78663777521678
47.99700034141541,50.618267569201336
50.24600142717362,55.793598862375525
49.51200075864792,56.11070518391472
44.95700075149536,52.98502486297063
35.80799983978272,45.25860894339426
21.37700025677681,27.40284694467272
6.526000054776668,13.47312535379614
0.0320000002440065,5.65688737396683
0.0,2.0332015765884095
0.0,0.5284281262223209
0.0,0.3546512272993901
0.0,0.3152707798739097
0.0,0.3384450811081167
0.0,0.35740769526389027
0.0,0.3842685809292431
0.0,0.330414944794029
0.0,0.31143622664069487
0.0,0.3413319444589849
0.0,0.42396926522920175
0.0,0.6146160976375852
0.9759999994188548,1.4421566697955133
11.07000050663948,7.4024342066049575
25.359000508785247,20.586978271518433
38.82999838352203,36.09091831667083
48.08399855136872,48.07714296613421
51.0040007519722,53.57121437208993
50.13700102567673,54.154824674129486
45.61000082015991,51.318509674072274
36.15199975013733,44.00558671712876
21.59900015115738,26.898853156055726
6.426000176370144,13.610668686883793
0.0320000002440065,5.841909427323512
0.0,2.1345287269886053
0.0,0.5735877791472844
0.0,0.37840299381608405
0.0,0.32487593528947656
0.0,0.3351836674287915
0.0,0.3542625811017518
0.0,0.38484109007753425
0.0,0.33504241531182605
0.0,0.3228507618892139
0.0,0.35646597016469705
0.0,0.44785288508848414
0.0,0.6601750380066889
0.1069999973056838,1.540115996343749
7.636999813020229,7.911006601282529
22.82800083398819,21.666751725162783
37.7530001449585,37.25726334009852
46.93599846839905,48.783234794821055
49.80399810314179,53.923250610487806
44.669998676776885,54.29332897458759
39.482000219821934,51.13504325083324
35.41799908161163,43.48990257705962
21.085000858306884,26.145082674537385
6.051999891698361,13.082963651929584
0.0320000002440065,5.56871524333954
0.0,2.0294566830779828
0.0,0.5498008566296526
0.0,0.3671838304320616
0.0,0.3251147741930825
0.0,0.3463992890795426
0.0,0.3676023418083787
0.0,0.3694636613316833
0.0,0.32186189735175247
0.0,0.31196288810909856
0.0,0.34860547026619315
0.0,0.43445034744617134
0.0,0.6342043492331035
0.9169999864324928,1.5132404348360642
9.928000087738038,8.118976812192374
24.69800020337105,22.602361587456294
38.88299918174744,38.85930862188339
48.39299870967865,50.58508529254369
50.91500196933747,55.73188685825893
49.12100176811219,56.01712251356671
44.29299958705902,52.88059309107917
35.08400203466415,45.097301400729584
20.734000997543337,27.007011133943283
5.816999869346619,13.102699867742402
0.0129999995976686,5.489949699533837
0.0,2.003379788153938
0.0,0.5312177512289158
0.0,0.3529199134571744
0.0,0.31051512153553107
0.0,0.33039388695465666
0.0,0.34804351296142805
0.0,0.3740451145331774
0.0,0.3310985841335995
0.0,0.31973180153606723
0.0,0.35345260160309916
0.0,0.43521893107465326
0.0,0.6359080215091151
0.740999977067113,1.4818539384433203
10.137000367641448,7.525322934005943
23.875998984575272,20.962114404950825
37.063997983932495,36.38676393202373
45.94999958515167,47.93836754083633
48.66400031089783,52.998442608288364
47.76099849224091,53.25347542592458
42.20399912834168,49.934304104873114
34.16700031518936,42.07818722622735
19.9809989964962,24.697945039442605
5.352000229358673,12.349696692994664
0.0,5.348366819066661
0.0,1.984167097828218
0.0,0.5447466863399105
0.0,0.35923043396456966
0.0,0.32208380929194386
0.0,0.3412904293848467
0.0,0.36078678847556667
0.0,0.3802308559949909
0.0,0.3275024709291756
0.0,0.31038899227577665
0.0,0.33983612263974333
0.0,0.4252981556459729
0.0,0.6293617247231305
0.6199999906867742,1.504712454612766
9.17500014066696,7.910838468670845
23.051001014709477,21.702445134265083
37.34400010824204,37.49042219298227
46.951000709533695,49.24856483152935
49.6659996676445,54.36351744447436
48.19799833059311,54.393838825907025
43.52599973917008,51.106846854346145
33.41799945950508,43.25128220183509
18.79299978375435,25.696487261056898
4.674000191092492,12.710028647269523
0.0,5.389504988597972
0.0,1.9881507660554987
0.0,0.5509095131313163
0.0,0.3683518298781876
0.0,0.32197642714849534
0.0,0.34103161923188186
0.0,0.36120211114574746
0.0,0.39072742785061043
0.0,0.34225214178008695
0.0,0.3384651234213795
0.0,0.3807533613712128
0.0,0.4874289668564286
0.0,0.7185770528271264
0.6179999956861139,1.6737628634912627
9.15300000309944,8.561518718089376
22.14000101327896,23.177220484358923
35.35499952793121,39.433179262876514
44.03700022697449,50.782535771642415
47.08600033998489,55.43530621290207
46.17799914360047,55.36691233124052
41.68799926280976,51.404509064810625
33.07199897646904,42.564410307407385
18.75100008130073,24.611806858607704
4.693999755978584,11.936112768564906
0.0,5.070237370750734
0.0,1.856663003696927
0.0,0.5004134882773672
0.0,0.3470776742749981
0.0,0.3154808608203062
0.0,0.343851683659346
0.0,0.3650338309923454
0.0,0.4718521305040589
0.0,0.40255629431323287
0.0,0.3515548515133559
0.0,0.3455496329987155
0.0,0.39465405010219123
0.0,0.5280587543893074
0.1400000030733645,0.9915305341993059
2.9240000082552435,3.836635524800846
7.835000024139881,10.899672854755606
16.317999712228776,20.28418669598443
24.480999686717983,29.452749969107767
36.23300034999848,35.110959003312246
41.47300137281418,38.20711429868425
38.657998428344726,40.07407789145197
30.770999432802203,36.400469820840016
18.31400024294853,22.340466729232244
4.383000051975251,11.650891637802122
0.0,5.278859242243426
0.0,2.120616010118808
0.0,0.683660667911172
0.0,0.4658058737311512
0.0,0.3910837972816079
0.0,0.38296415024969194
0.0,0.41252431119126937
0.0,0.3570466975096081
0.0,0.31979382313122706
0.0,0.30936337050715723
0.0,0.33715710286849315
0.0,0.40513003634954137
0.0,0.5884231163880654
0.1329999965010211,1.3541687184678657
2.7450001026690005,6.5216316878369875
19.38300029873848,18.682783575143134
35.40899855852127,33.93072029897145
44.93499855995179,46.39204046760286
48.1590015411377,52.261599236897055
46.93000085830688,52.94709320681436
43.68699859857559,50.04783909865788
32.00700006604195,42.00191311870302
17.941000244617463,23.616241435153146
3.993000064045191,10.977558379854473
0.0,4.66690102630428
0.0,1.7639714380247253
0.0,0.49233719481155275
0.0,0.3351042982177543
0.0,0.2978357210090118
0.0,0.31517900886546285
0.0,0.32779966246735837
0.0,0.41499566389646914
0.0,0.35298813251246297
0.0,0.3230646057839372
0.0,0.3393305213030959
0.0,0.41178389408492616
0.0,0.5905337945651262
0.0570000019390136,1.280766555459372
5.796000018119813,6.03189425362008
15.574000288248062,16.944090347119744
29.8360007750988,30.66948929514204
45.51299974679947,42.33052698782513
51.24500197887421,48.38219186135701
48.83800083875656,49.678323523998266
44.74199875354767,47.77072494915553
35.67300020933151,40.91281050579888
19.27399989724159,24.39241962177413
4.936000242233276,12.102087091548102
0.0,5.212238125311477
0.0,1.9737001091880457
0.0,0.5652275509999266
0.0,0.37688894754408725
0.0,0.3202745108386236
0.0,0.3289476287697575
0.0,0.35954828446730974
0.0,0.40088569196872414
0.0,0.34731513774820744
0.0,0.33278483772982975
0.0,0.3700526595980461
0.0,0.4693377978913486
0.0,0.6951800006401859
0.1419999980740249,1.5913030786918745
7.452000243365765,8.091762656399181
23.25499986290932,22.050692373684477
34.84000200271606,37.5810838159493
44.24699873924256,48.897137156895226
45.91900097846985,54.03724276065827
48.40899918317795,54.57236749070032
43.60799857139588,51.676757136072425
34.33499912500382,44.14273304598673
19.22000086665153,26.459910256351748
4.412000139951706,12.902755714995521
0.0,5.350499286353589
0.0,1.9421666434726546
0.0,0.5205141610519162
0.0,0.3558569891870554
0.0,0.3213467780367604
0.0,0.3498620520146297
0.0,0.3761462151299098
0.0,0.5373533399137003
0.0,0.44917367422021925
0.0,0.37651470668746956
0.0,0.36185633690628627
0.0,0.4050073548353144
0.0,0.518634708771216
0.0,0.870279229176896
1.517999992519617,3.3465288883873394
5.728999832570553,9.472752285940306
6.81700019389391,17.329010595508983
9.650999849438668,24.44950988633292
22.511000438928605,28.62895562921252
20.79499997854233,31.304079576390134
40.37200037002564,34.63430216891425
32.04099953174591,32.86311900087765
18.02800050854683,20.923022839171548
2.8470000402629374,11.193191095164845
0.0,5.109799113656793
0.0,2.200508746643152
0.0,0.8165104960676814
0.0,0.5613921793856259
0.0,0.46578563885763286
0.0,0.44382966865253237
0.0,0.4803190599568188
0.0,0.3981551623291203
0.0,0.34924344990136363
0.0,0.33361277347231016
0.0,0.3614880654175899
0.0,0.4473708907222109
0.0,0.6530344498396985
0.0389999987930059,1.4596922244823405
5.014999755918979,7.185831867882185
22.13599986791611,19.843153728927884
36.20900169372559,34.80812224030495
45.889998836517336,46.20657464538302
46.27999959468842,51.108780526093085
36.65800086021424,51.05143175397601
36.737000887393954,47.31357736621584
33.088999736309056,38.82797551052911
18.572000175714493,22.046334423337665
4.198999998420477,10.788172250900951
0.0,4.66720890264426
0.0,1.764859525923218
0.0,0.5211305968623076
0.0,0.3573372801047351
0.0,0.3176760431485516
0.0,0.33786676076639977
0.0,0.36400103864659156
0.0,0.3499078011220055
0.0,0.3377918869203755
0.0,0.3610685797780752
0.0,0.40876973694323426
0.0,0.5210712607949972
0.0,0.7750263370200993
0.2729999915510416,1.6492896195447873
8.616000286340714,7.9011148726514415
22.22400041818619,21.4360834649631
36.19699825763703,36.927740146432605
45.86199903488159,47.28847836562564
45.59299800634384,50.158933382034306
43.06599947690964,47.34749966110502
35.82600088596344,39.39029106906482
31.5459995174408,27.3174279488836
13.588999826312063,12.763793964726583
4.736999744772911,5.869224337978023
0.0,2.6634601690407314
0.0,1.0877279894266811
0.0,0.40007382813042824
0.0,0.29953944830223916
0.0,0.2808962228388659
0.0,0.312055220751624
0.0,0.3343383279070258
0.0,0.48601206035619343
0.0,0.4281575997918844
0.0,0.38390793849448007
0.0,0.37181332741730977
0.0,0.4259316101151386
0.0,0.5647731913227056
0.0320000002440065,0.9656411471164653
2.761000062674284,3.641721449387925
12.521000056862832,10.238436415450915
20.376999418735505,18.463402646950318
23.72200007557869,25.439130809647697
26.420000327825548,28.397072882311683
15.840999717116356,29.157019669839315
17.371999580860138,30.592646529674532
25.712000942230222,27.57999915208135
11.191000236272812,16.390542772241997
1.2999999597668648,8.692859483616692
0.0,4.044867250876767
0.0,1.7592109817266464
0.0,0.6989202176872641
0.0,0.5058530541642436
0.0,0.4325698383764497
0.0,0.4234184672497213
0.0,0.450021429914715
0.0,0.3973757288471928
0.0,0.3835372829264295
0.0,0.3896047442512853
0.0,0.41328553626712944
0.0,0.5043760917881237
0.0,0.7110774177246328
0.1830000079143792,1.313141206896731
8.853999627232552,5.396391420151507
21.523000982999804,14.856239234719956
26.257000895738603,26.317933856078557
32.35599935412407,34.79186501979828
39.42300181150436,37.051545313937325
39.63500089645386,35.340883430753436
27.060999014377597,31.20734023826463
19.04500005245209,23.46805850608008
5.807000086903572,11.954525636945453
0.9749999698251486,5.987848644299167
0.0,2.8262057150155306
0.0,1.2155614532902839
0.0,0.489960363975593
0.0,0.36902937376871703
0.0,0.3397127786265419
0.0,0.36041114926471246
0.0,0.391763544153156
0.0,0.3920492370932229
0.0,0.34633952892119335
0.0,0.33441427000399143
0.0,0.3704685209784656
0.0,0.46945323776453723
0.0,0.6929737117114876
0.3509999891370535,1.5600227838648215
8.605999990403653,7.720622826814652
22.414999651908875,21.198196359191623
34.86600123167038,36.30309140273503
42.930999846458434,47.334692826952256
44.66799810409546,52.13892287594932
44.96699950695038,52.40686874764305
38.42700006484986,49.15327560050148
31.8230007827282,41.29726552861079
17.321999641656877,23.94420771496637
3.6419999465346335,11.647924962810109
0.0,4.891636083232505
0.0,1.8136158559790678
0.0,0.5174694212153554
0.0,0.3590641558915377
0.0,0.323313691643998
0.0,0.34815156218861887
0.0,0.37412274153237896
0.0,0.3580539114347526
0.0,0.32199901400799197
0.0,0.3161245840235746
0.0,0.3463039190282247
0.0,0.4248438601555037
0.0,0.6153172553756409
0.3180000074394047,1.3749285020732454
8.461000064015389,6.719720953490054
17.9070007789135,18.997973830444472
29.33099995136261,33.868217807497295
43.41199995994568,45.394252348627376
46.32899924755097,50.563926404884896
44.99200050354004,50.77539321660995
40.26399820089341,47.30537261213575
30.85899998307228,38.89139466217586
16.89499958574772,21.418219595040593
3.337999936193228,10.091342900608266
0.0,4.318132773850645
0.0,1.6667615926691464
0.0,0.5023617625103466
0.0,0.34290908860042685
0.0,0.30416663685680495
0.0,0.321260540843276
0.0,0.3382410291316254
0.0,0.48138909208056113
0.0,0.4634036593272217
0.0,0.44649933320470153
0.0,0.4349108186191214
0.0,0.4918043072282203
0.0,0.6424601524123658
0.0,0.9917339328463589
1.9090000100433824,3.316782620251179
9.18499992311001,9.035471052868028
11.019000281095504,15.82093134403229
8.470000073611736,20.65592291218894
15.739000293016431,21.098432688031874
13.355999863147735,20.0524695875815
22.912000238895416,20.662688269189427
15.90499955713749,18.39574291501727
6.21499983727932,10.65118114394801
1.7419999460875988,5.888174101029123
0.0,2.900893621189254
0.0,1.3640060809201429
0.0,0.6601498492913587
0.0,0.5212326698444251
0.0,0.4829132844441171
0.0,0.4681964909644532
0.0,0.482095845527947
0.0,0.3587463993765413
0.0,0.3280489363029067
0.0,0.3255226993401135
0.0,0.363756358748568
0.0,0.4535794482819203
0.0,0.6583534959304546
0.1949999939650297,1.5029994569186655
7.826000014543533,7.475848665961197
21.17199906826019,20.889474661350253
33.413000081777575,36.33233297961099
41.90300126075745,47.70705521242959
45.82400047779083,52.44386085646493
44.587999844551085,52.46685306446893
39.61099813222885,48.46269246476037
29.2569993019104,39.523556263446814
15.420999611616136,21.707920300875394
2.9379999090731146,10.291964572029455
0.0,4.417746137976646
0.0,1.6732546969769255
0.0,0.49136646188529465
0.0,0.33841368232454566
0.0,0.3095336854684033
0.0,0.32981813866778137
0.0,0.3467989776908819
0.0,0.33495918114137435
0.0,0.33743406870269343
0.0,0.350519285382969
0.0,0.3606146969167249
0.0,0.40949790584189555
0.0,0.5426694677996317
0.0,0.9718217444685953
3.633999966531992,3.84728348340307
14.566999499797822,11.17921584205968
13.443000127077102,21.161948523265977
29.79699987769127,29.57446976406234
33.630000598430634,31.919437892947876
23.16300022125244,29.969466672284266
16.08600003540516,26.631603875671114
10.001000450849531,19.516482187594683
6.320000120401383,9.227795981424196
1.0220000128075482,4.40896179586649
0.0,2.1913682414165567
0.0,1.0610274101740549
0.0,0.48431478841629405
0.0,0.370400723721832
0.0,0.3383245498500764
0.0,0.3343418535936091
0.0,0.3353613822055714
0.0,0.5063893298911196
0.0,0.45519214500673116
0.0,0.4072795326109709
0.0,0.3773041785189083
0.0,0.4150906224648601
0.0,0.5235709393430236
0.0,0.7794985764633332
0.457000013012439,2.6072594778452602
1.8249999632686376,7.174286981948784
2.980999897867441,12.848946383765764
10.048999817371367,17.36774785041809
8.115000094473363,18.75537372989314
14.2570000821352,19.001538505894796
25.482999043464662,21.23388125896454
21.150000984668733,19.847925702163156
9.814999567866325,11.860662158727648
0.4870000022090971,6.463222183798041
0.0,3.21898845538497
0.0,1.6020789431514484
0.0,0.7855503945598112
0.0,0.6000686356864338
0.0,0.522818882656949
0.0,0.4825311394474868
0.0,0.4771468326229868
0.0,0.3570663867957358
0.0,0.3206536230112293
0.0,0.3204655489511788
0.0,0.3615136346686631
0.0,0.45394072341466585
0.0,0.6711994633703892
0.2280000077560544,1.5173290667416797
7.079000245034695,8.068162324769157
20.53000009536743,22.288862634726936
34.300999659299855,38.28287256479263
43.41199995994568,49.37561850888388
47.59900140047073,53.61815887519292
46.25499859809876,52.57021618195943
40.79099916219712,47.80702516147069
28.409000908136367,38.29233288509505
13.297999687194825,20.566115156412128
2.5069999915361403,9.368503244561808
0.0,3.9248337702666016
0.0,1.5119598082719106
0.0,0.47230796647657236
0.0,0.3318185738061688
0.0,0.3021954617077219
0.0,0.3318639492549534
0.0,0.3499896621544446
0.0,0.3434194798734306
0.0,0.3381134247227705
0.0,0.36730135408230125
0.0,0.4232975268011381
0.0,0.5357515881762707
0.0,0.7900313370388801
0.024999999689171,1.6149515320467098
3.7670000512897968,7.847344493610518
18.701000142097477,21.314866894142966
33.318999867439274,36.587287452731815
42.226001319885256,46.47077406474523
46.577998657226566,48.49287124156952
40.19099989175797,44.283136980874204
39.86099988222122,35.41111239331109
24.795999509096145,23.61686467017446
8.199000012874604,10.631730210738525
1.6509999489039182,4.814084659346513
0.0,2.210740463329213
0.0,0.9494660948216916
0.0,0.3825490063854626
0.0,0.2923407172538074
0.0,0.277903225547634
0.0,0.3119509241570319
0.0,0.3363146414348323
0.0,0.36675628247803876
0.0,0.32829421680553683
0.0,0.3249942543969622
0.0,0.36812175705097616
0.0,0.4688120006517108
0.0,0.7032156684768519
0.1199999969033524,1.5926718978530594
6.752000067532062,8.239690599015782
20.19899979948997,22.628665685142785
34.037000062465665,38.410774827684676
43.05800129413605,49.47115421703883
47.11699894666672,54.05606657096319
45.4540013384819,53.54701618671418
39.23599961519241,49.631474090644296
30.635999802351,40.89297027076993
15.634000009894372,22.507534794466835
2.726000053882599,10.18035584100655
0.0,4.165735892823764
0.0,1.5743281310956394
0.0,0.47415284960663745
0.0,0.33535005095148723
0.0,0.3056188460705535
0.0,0.3358901526672499
0.0,0.35858929771663883
0.0,0.36151865957437884
0.0,0.32748383155491734
0.0,0.3259925555331366
0.0,0.3710873431605952
0.0,0.4639490106023315
0.0,0.6893462570330927
0.1270000034756958,1.5498675869564924
6.845999768376351,8.108675608762672
19.77399928927421,22.384242534126553
33.41199979543686,38.23975608621324
42.17300052165985,49.21970588105065
46.16599981546402,53.480595295769824
44.1769992351532,52.58364096948079
36.79799986839294,47.94755879027503
28.989000613689424,38.505015357221886
14.35000001013279,20.507083884477616
2.7860000322759157,9.272118070593903
0.0,3.856618291097028
0.0,1.4806952025209152
0.0,0.45994991692315257
0.0,0.32228139903795505
0.0,0.30018725309520955
0.0,0.33157438447831994
0.0,0.3529036123145904
0.0,0.3636583409937365
0.0,0.3307274448725262
0.0,0.32977837612120703
0.0,0.37129624352923457
0.0,0.4686358194798231
0.0,0.6947715046895402
0.1140000038780272,1.5575781672341482
6.634999942779541,8.065940069385936
19.900000450611117,22.269167351722718
33.612999838590625,37.84691321202688
42.23899888038636,48.63907149689539
46.45499835491181,52.872858404091424
44.95200137376786,51.978189859730854
39.575998380184174,47.59312292098999
30.11999993681908,38.46503441980907
15.28799952685833,20.60260638850076
2.641000105887652,9.319383727524961
0.0,3.867967279063804
0.0,1.4981253350526096
0.0,0.4749627030241702
0.0,0.33741190364185186
0.0,0.3103015171949352
0.0,0.34024413031259815
0.0,0.36144054658977043
0.0,0.3479422560680125
0.0,0.3174741185044071
0.0,0.3225729719429676
0.0,0.36255922768664145
0.0,0.4581241362289126
0.0,0.6741878655779042
0.0890000021830201,1.5165774857252836
5.958999963700771,8.003113563188485
19.85499988913536,22.192233331033158
33.300000588893894,38.09730580432074
41.6710005569458,48.98945692539214
45.86399960756302,53.032827928066254
44.462000737190245,51.649598877770565
38.945000503063206,46.46722420726504
29.270999202728277,36.43827735815729
11.990000004172323,18.885188244496074
2.266000048369169,8.435032084839685
0.0,3.553146079246487
0.0,1.401319206027048
0.0,0.460988123879901
0.0,0.33169463835789686
0.0,0.29903223083487573
0.0,0.32603928348847805
0.0,0.3419004373505179
0.0,0.33602961213993165
0.0,0.31915666302333445
0.0,0.3353355275526909
0.0,0.3851742112962529
0.0,0.48758834370744547
0.0,0.7195088415878957
0.0129999995976686,1.5580422741281137
6.23699997484684,8.085758737666266
19.271999324560166,22.230964277301517
32.10800023078919,37.88635835511344
36.62399934053421,48.27000897066934
36.15199975013733,51.55132140500205
41.00899996519089,49.18668498822621
26.18500081896782,42.70925259113312
23.86499994277954,31.865834986312052
9.387999511957169,15.651396013413157
0.5200000160001218,6.996909130598818
0.0,3.0163134314332685
0.0,1.2234033596622091
0.0,0.432943412149325
0.0,0.3141837726466889
0.0,0.28981822719265304
0.0,0.31748135212210143
0.0,0.33843231711403593
0.0,0.4516540646493169
0.0,0.452349274797099
0.0,0.4595271909988618
0.0,0.4558127357631124
0.0,0.5266903008633692
0.0,0.6921715423651039
0.0,1.0359106940403582
0.3670000133290887,3.4378666362592156
4.717000179886818,9.166906888144357
12.607000034451485,16.138105593494007
10.657000351548197,20.390276466693198
10.371999876499176,19.215225225601877
7.19300002425909,16.11498618568693
10.037000489234924,14.357784432683674
7.145999917089939,11.051312698892186
2.003999997228384,5.99515353679657
0.0510000008903443,3.3339869804680347
0.0,1.8190155939864263
0.0,1.0079924554271358
0.0,0.5702589510394527
0.0,0.48090473885115764
0.0,0.45821270133834335
0.0,0.4505372541377853
0.0,0.4614872629860683
0.0,0.4494672472302669
0.0,0.43755011252194104
0.0,0.42521830503429686
0.0,0.4033833761426752
0.0,0.4527618305597986
0.0,0.579164621011088
0.0,0.8336803467358862
0.0190000006463378,2.625152800317322
0.662999979481101,7.032018990431513
6.5390001827478414,12.4933067377976
14.563000408411026,16.19486164680549
16.256999704241753,15.98603096663952
12.478000068068503,14.585896372965406
9.897999713420868,14.717394561086383
7.794000094532967,12.564999011584689
3.101000111401081,7.195861653046949
0.3320000045374036,4.048968124112912
0.0,2.202012550543462
0.0,1.241409380316202
0.0,0.71059440783225
0.0,0.5805480185882855
0.0,0.5409954440720114
0.0,0.503448443072848
0.0,0.4773167762180258
0.0,0.4760181968486203
0.0,0.42196825470243177
0.0,0.3853610256912985
0.0,0.3844901123336915
0.0,0.45492629723490347
0.0,0.6180750735543137
0.0,1.0881026750057936
3.3099998778104784,4.323052083189999
11.808999525904657,12.022366705621991
26.416999468803407,21.499186891147072
34.300999659299855,29.147939041682655
26.41599918246269,31.975705686807633
19.73999982357025,31.772682183810645
21.65100066304207,31.3653490953786
18.25900092601776,26.898438839742116
10.266999593377111,15.557538256985803
1.9759999388456344,8.062606539598534
0.0,3.721490800636155
0.0,1.6210427722707392
0.0,0.6439676837290504
0.0,0.47502800731320993
0.0,0.4142669792114092
0.0,0.4169248872722632
0.0,0.45441405027705645
0.0,0.4309192760528198
0.0,0.3930587296480579
0.0,0.3678879270063979
0.0,0.3750920646424804
0.0,0.44202417555664264
0.0,0.6002811671913203
0.0,1.0808152504744275
2.4480000427365303,4.35644159136074
12.048000180125236,12.16269053544317
13.810000461339952,21.93122755101749
38.13800152540207,29.898565766130172
37.0029990029335,32.76710677027703
31.41400074601173,32.2709245460374
27.678999330997467,31.183202791895187
24.347000342607497,26.1595394383158
14.240999608635905,14.641130576729775
1.975000037625432,7.507495375445911
0.0,3.474478172659874
0.0,1.5195353212846179
0.0,0.6063023682071693
0.0,0.4400633275974542
0.0,0.387495063261262
0.0,0.3843273897482348
0.0,0.4168388758786023
0.0,0.33441467804834246
0.0,0.3109127630479633
0.0,0.3169400354428217
0.0,0.3588645671866834
0.0,0.4445897796297712
0.0,0.6507075929748162
0.0320000002440065,1.4814905772411397
6.0159998533129695,7.780710649362633
18.625000973939898,21.88162080151694
31.473999440670013,37.74827746714864
40.2140003156662,48.796022262913844
44.53499904632569,53.12766704491207
43.23700119972229,52.279412490980974
36.98100091934205,47.78981401579721
28.3630000603199,38.32373876588685
14.040999851822852,19.93934450873307
2.078000004813075,8.742018172911235
0.0,3.5910816232860086
0.0,1.4048796451517516
0.0,0.4498421173462911
0.0,0.3190260808076709
0.0,0.2944921803807041
0.0,0.3207095342568521
0.0,0.3333514611822153
0.0,0.43525289962068203
0.0,0.43115781350793053
0.0,0.4322206830778824
0.0,0.41132380688629505
0.0,0.46204288643385677
0.0,0.5895970508163529
0.0,0.8504625185924982
1.0449999874085187,2.6588983065528526
5.423999792635441,7.169130915190492
4.033999993652105,12.802947883350509
4.557999839186668,16.450332988330295
8.03499978095293,15.894001248904639
7.821999896168709,13.98302168275629
11.52500036418438,13.594856445619039
18.59600088596344,11.107926661074162
5.6980001989007,6.08745724026646
0.6430000294744969,3.368236187653882
0.0,1.8718865332433157
0.0,1.0989736688163663
0.0,0.6532509059059832
0.0,0.5482546940578946
0.0,0.5180330278904044
0.0,0.48155681894027763
0.0,0.4435740208432876
0.0,0.3875968577187242
0.0,0.38272851495271815
0.0,0.38157803619746117
0.0,0.3772039016196504
0.0,0.423628839328885
0.0,0.5544639714261783
0.0,0.905632586037474
1.8920000204443927,3.314401585182974
8.350999889671803,9.43122881250722
5.732000178098679,17.256621143562455
18.31899962067604,23.209881051097597
20.18299932599068,24.197491131850654
23.462999856472017,22.622943307842526
16.920999841690065,21.47740271449089
16.723999916911126,16.974560054966382
7.769000124931336,8.688072252273559
0.9500000002235176,4.424702808175769
0.0,2.2314466509968045
0.0,1.1273556979745627
0.0,0.5582253815632845
0.0,0.43720901609930607
0.0,0.4001495134803866
0.0,0.38721870605501213
0.0,0.38926877359926165
0.0,0.33674894619067863
0.0,0.3238840528284865
0.0,0.3358959821997476
0.0,0.3707462180831603
0.0,0.45426007313653827
0.0,0.6559063622621553
0.0,1.3858914984230484
2.771000101864338,6.638397072468485
13.609999677538871,18.658484158090182
26.60700047016144,33.053142889397485
30.594000099897382,43.553107528345926
38.51500061511994,47.07047756263188
36.519998316764834,45.13087158543723
28.87099968910217,39.36312019348145
23.266000958681108,29.1931209399019
11.282999877929688,14.206057954771177
2.2130000203847886,6.523601084096092
0.0,2.908735921851226
0.0,1.2059047948835153
0.0,0.4447240353907858
0.0,0.3229800557850727
0.0,0.29356707506547014
0.0,0.3116925701884819
0.0,0.33082776876565595
0.0,0.3390865841374865
0.0,0.3200203106698713
0.0,0.3298008884782237
0.0,0.37244290317275697
0.0,0.4572565743367054
0.0,0.6639608620333352
0.0,1.445709223119276
3.9899999752640727,7.1545651439683775
15.97099996984005,20.325898988502367
29.390000413656235,35.69252237149647
38.17300127744675,46.708630360875816
42.24599883079529,51.04624810525349
37.5730020070076,50.31424624885831
35.231000993251804,45.85400378635951
27.267000489234924,36.33920558350427
10.251000146865843,18.49635590527739
1.1739999537914991,8.002679073895726
0.0,3.3227929576592783
0.0,1.3206232089815393
0.0,0.42655385711895566
0.0,0.3053823499833899
0.0,0.2831545465918524
0.0,0.3072415375895798
0.0,0.32402858993171574
0.0,0.34861651038751
0.0,0.32476371163103196
0.0,0.32749512842324163
0.0,0.3656095976182924
0.0,0.45221912698820227
0.0,0.6514874780563904
0.0129999995976686,1.4086051817717296
5.183000106215477,6.982394928847041
17.422999806404114,19.90746269234589
29.385999268293386,34.721541867767066
37.91300077199936,45.39162560667311
41.9360004401207,49.63159204755511
40.57200012683869,48.998060150827676
34.84100023508072,45.02450379439763
26.594999088048937,36.28576787522861
13.204999759197236,19.115137466362544
1.7989999640733003,8.665295711755752
0.0,3.64166426816157
0.0,1.4421783374090278
0.0,0.47236722460282693
0.0,0.33513090362639303
0.0,0.3045179355344069
0.0,0.3238576881201671
0.0,0.34327376104625207
0.0,0.3611286413849198
0.0,0.36663357918616385
0.0,0.37862212624068237
0.0,0.38223662894950916
0.0,0.4261251801658156
0.0,0.5636033109755122
0.0,0.931417156154556
1.7129999864846468,3.4176232350724085
7.966999822556973,9.78151528337172
15.933999645113946,17.977540331993783
17.003999987244608,24.07330891302654
17.593999475240707,24.613604967934748
15.388000432252884,22.051975521871025
15.12099997639656,19.935037907787734
2.9369998794794085,14.963744635071075
0.3170000099390745,7.163652154122081
0.0,3.5997576915153435
0.0,1.8666852973507981
0.0,0.9760139921307563
0.0,0.5081874300486275
0.0,0.4031300081093131
0.0,0.38540411792562473
0.0,0.38216408301943117
0.0,0.3759747723157384
0.0,0.41690340075708393
0.0,0.4200943683300699
0.0,0.4233462777853544
0.0,0.402592086450729
0.0,0.4479012807531815
0.0,0.5700880022340321
0.0,0.8045429678820074
0.0,2.4020872408045193
0.2810000036470592,6.408016295560769
1.6259999793022872,11.385116525377546
9.288999919891358,14.64483154816287
7.6330002081394195,13.91622814186982
1.2139999821782113,11.972364198948656
1.0330000174045564,11.76274222450597
0.6470000194758176,9.707294344987188
4.01000005364418,5.246660673405444
2.407000113129616,2.967376461518662
0.0,1.709692406484059
0.0,1.0284864692017437
0.0,0.6497243550938688
0.0,0.5527385066017242
0.0,0.5390525007780109
0.0,0.49730685521915025
0.0,0.44204066696709815
0.0,0.43832573606166986
0.0,0.3904208455613948
0.0,0.36314709695388697
0.0,0.36792167777594714
0.0,0.4371164404640772
0.0,0.5901897214818747
0.0,1.0631935755056994
2.062000044807792,4.54815425166062
10.41700043797493,12.943011885200226
9.419000172615052,23.36071038161005
20.62699911475181,31.733767553397588
14.340000227689744,35.25291691780091
19.309999935626983,35.15499331576484
34.319000705480576,34.61743931889534
27.579999738931654,29.604549656595502
13.422000275850296,16.6031163836377
1.8389999924600124,7.929910590010031
0.0,3.4796611244976523
0.0,1.523849395401776
0.0,0.6004612752169903
0.0,0.4442306467298684
0.0,0.3876093088023897
0.0,0.3919551278531018
0.0,0.41828294598297877
0.0,0.33667091802427807
0.0,0.3174962514718728
0.0,0.3171254870155826
0.0,0.3370570013366107
0.0,0.39097652288020723
0.0,0.5355576547827305
0.0,1.051728620417416
1.3469999385625124,4.855881384951728
6.78399998754263,14.386136784638678
18.31899962067604,27.09596825020654
23.05199924707413,37.38834398422922
30.039999623298645,41.117107180527285
30.78499933362007,39.45140712669917
24.480999686717983,34.957231512580606
15.10700007557869,25.963632668937954
8.515999894440174,12.346175591179303
1.2869999601691962,5.561915298849344
0.0,2.57710929164929
0.0,1.1674298895682609
0.0,0.4608953625615686
0.0,0.3335909167371157
0.0,0.29867392204701904
0.0,0.30618964968515294
0.0,0.3180081545721207
0.0,0.31322462313675453
0.0,0.3071592203727258
0.0,0.3183400642658983
0.0,0.3400194973126053
0.0,0.38408952969259447
0.0,0.5214629650328841
0.0,1.0228989941147824
1.5070000521093607,4.595785186226879
6.838000045120716,13.866412326948986
9.954999603033066,26.49425801771028
22.152000341415405,37.02060392516
31.60000060200691,41.16991871953011
36.53900170326233,40.047654076303765
27.70899970531464,36.13866856523923
13.396000019907952,27.231539766277585
9.85499972462654,12.545436943599157
0.8259999892488122,5.295622144320182
0.0,2.3766747337792604
0.0,1.0763613776117562
0.0,0.42586067687720064
0.0,0.31161750836697005
0.0,0.2854738019114094
0.0,0.29478840682522517
0.0,0.2970657138100692
0.0,0.31475228043871795
0.0,0.3291608525746103
0.0,0.3583564052571143
0.0,0.3842068034729787
0.0,0.44878614555977814
0.0,0.6148722646718046
0.0,1.1066485016580139
1.2070000317692755,4.539416820896523
5.863000203669071,13.01699023434094
16.413000212907793,23.732936617817206
22.31700034618378,31.258106310537887
14.340999487042428,31.237673943553652
10.711000409126282,26.24616705230304
9.864000247716904,20.967477336440766
2.423000073134899,14.1910739793522
1.5500000409036876,6.456894690479551
0.1219999999273568,3.223747481235436
0.0,1.6916919471536365
0.0,0.8907707442529499
0.0,0.47196218556724484
0.0,0.37966815595781167
0.0,0.3594961728481576
0.0,0.3605426427030137
0.0,0.35615443403366953
0.0,0.441049213181915
0.0,0.4261124585808388
0.0,0.4123980352189392
0.0,0.3938856624725408
0.0,0.4383814856942211
0.0,0.5619358721209159
0.0,0.830887993792338
0.0129999995976686,2.7363957402110097
1.040999997407198,7.4774119618109305
4.160999900847673,13.33659125651632
6.851000173091888,17.451167153801237
8.975000383853912,17.58368983583791
13.953000328540805,16.22938971791948
13.251999866366386,16.744162772893908
14.979999654889108,14.487518402082582
5.477999850213528,7.965895443643843
0.1259999979520216,4.195174834792103
0.0,2.15293904623815
0.0,1.1607556227381741
0.0,0.6462520902271249
0.0,0.5301780530763789
0.0,0.5031952859388132
0.0,0.4760690556799195
0.0,0.4495274417953832
0.0,0.3952683792116919
0.0,0.389906015086786
0.0,0.38381027262059175
0.0,0.3823147797584534
0.0,0.4335097158141434
0.0,0.5713597309097115
0.0,0.9315566798139895
0.5319999860040844,3.42098882155759
5.9950000020861625,9.606375238937991
14.033999901413916,17.276196415679795
12.10099995136261,22.91883499094418
10.976000292301178,23.67927003792354
19.57100072741509,22.062892991474694
13.007999834418298,20.845894424319265
8.587999971210957,16.53261204157557
3.648000124096871,8.534794508942536
0.1730000008177012,4.390962803661823
0.0,2.2256599218930515
0.0,1.1348797057036841
0.0,0.5702097106312535
0.0,0.44557927571902317
0.0,0.4128413685291473
0.0,0.40125482539380236
0.0,0.4076498775609902
0.0,0.32893932575492985
0.0,0.3181649421754161
0.0,0.3363718673626758
0.0,0.37824598843630935
0.0,0.4570540880584823
0.0,0.6544771227360303
0.0,1.3861434222544944
4.100999922454357,6.861647251418659
16.047000164985658,19.53346079383578
27.531000086069103,34.85532319699015
36.00399845123291,45.673222203254696
39.67000064849854,49.174489065238404
33.71000091195106,47.085672877516075
25.55200031518936,40.571226364714754
19.930000824928285,29.33317569885935
8.33499992966652,13.486822293145318
1.0879999762028456,5.802749163380691
0.0,2.5514971088085856
0.0,1.0795645074280242
0.0,0.39935489983164835
0.0,0.293816960967545
0.0,0.27732130730923793
0.0,0.30383475008686733
0.0,0.31513298467200773
0.0,0.3154594510999908
0.0,0.31254219302974107
0.0,0.3388074279303795
0.0,0.3783069956515516
0.0,0.45252678899027937
0.0,0.6425886439738263
0.0,1.314213831706771
4.106000070422888,6.371803964078427
15.754999739527705,18.294393574340006
27.934000458717342,33.280933529138565
34.913000311851505,43.942257353578306
27.505000857114798,46.738739889349254
32.05900057792664,43.269157075200766
22.66300082921982,35.45957713212285
6.3389999124407765,23.750548582247323
0.8660000176355243,10.095684785928045
0.0629999989760108,4.318710784720523
0.0,1.9878495651377102
0.0,0.8910539958040627
0.0,0.3720642632312541
0.0,0.2866538982678737
0.0,0.27024502509805776
0.0,0.29791352337558885
0.0,0.30437519222165327
0.0,0.34063783809409603
0.0,0.319654051894322
0.0,0.3231275684027267
0.0,0.361300944989281
0.0,0.4398179783233042
0.0,0.6246221176574804
0.0,1.3359353254150066
4.282999916821718,6.7160300318683905
15.481000360250473,19.390815090792522
27.698000663518908,34.290111532211306
36.35300184726715,45.197347640310014
41.03699976682663,49.504644003255024
39.77099875926972,48.69427298375539
34.87399941444397,44.5317930831228
26.41500095009804,35.497140539714266
12.934000211954118,18.21844986353602
1.6519999784976245,7.9553330918295035
0.0,3.3172917128886494
0.0,1.334331977032125
0.0,0.4546398936557982
0.0,0.32772525168290095
0.0,0.2984623648053301
0.0,0.31707467059338734
0.0,0.3314223214784371
0.0,0.36029256194829934
0.0,0.36596801644058097
0.0,0.39175057957547577
0.0,0.4199118899793497
0.0,0.5005212188631829
0.0,0.7007391510305128
0.0,1.2430178223763195
1.3789999869465828,4.92751196610076
9.017000086307526,13.44209872501237
26.932999334335328,24.13477267946516
34.66800204753876,31.307165235280994
22.55799951910973,30.441275829757963
1.6679999385029078,24.613432140520644
1.8630000608414408,18.707064212986403
0.6290000002831221,12.252709263903753
0.4109999996237456,5.785567947072642
2.5989998899400235,3.062010162419507
0.0,1.6587096213975123
0.0,0.8796225737088493
0.0,0.47199664239106437
0.0,0.38678632575552907
0.0,0.3695343504307259
0.0,0.38596172772414444
0.0,0.3951379849715158
0.0,0.3538684182820309
0.0,0.32201069599682736
0.0,0.31684935560915617
0.0,0.3471710889227689
0.0,0.4183491339860484
0.0,0.5975682430607933
0.0,1.2552628849074243
2.492000061124563,6.182082890314716
9.588000295758247,17.79659809861865
21.41599910020828,32.19902892862048
35.87700111150742,43.290088851792476
39.46800031900406,47.80729569946017
39.16100073337555,46.942988442352835
26.55800081729889,42.98262389387404
23.853000614643097,34.17789343050548
9.846000228524208,17.558925193207607
1.2689999409765005,7.746108561754228
0.0,3.270366062351635
0.0,1.3338931597183858
0.0,0.4620422285196505
0.0,0.33285903073780776
0.0,0.30033474851998365
0.0,0.3213913213501551
0.0,0.3355731285689399
0.0,0.34972367225480927
0.0,0.32305863526982387
0.0,0.3256616223949407
0.0,0.3638990756989057
0.0,0.44443267223890864
0.0,0.6401666944360892
0.0,1.3588437055210982
3.6949999745190154,6.850885297145163
15.148999778032303,19.554776957375662
28.1710005402565,34.612559365204405
37.89799853086472,45.61539866924286
42.393001897335054,49.92499959332603
40.67100177288056,48.72309320211411
35.405001521110535,44.23626818146024
27.685999281406403,34.85572871054922
13.110999544858933,17.6361040771859
1.7599999652802945,7.604850099469934
0.0,3.1817211321102725
0.0,1.2985510263698445
0.0,0.44963202035320654
0.0,0.32664689018191495
0.0,0.2998189965070092
0.0,0.32572256542343114
0.0,0.3421365494633625
0.0,0.32245171858396915
0.0,0.316404819943543
0.0,0.330456512592999
0.0,0.36390133369714023
0.0,0.4261313283396885
0.0,0.5973039357710098
0.0,1.1824287288050568
0.7129999828711152,5.759972397770199
9.907999495863915,16.722518853460038
24.617999889850616,30.625955565997533
27.84700019478798,40.9541681940215
39.77099875926972,43.72534633159637
35.04399879693985,40.313896908419466
19.120999220609665,33.2100945356914
3.7510000912845136,22.52577644927161
2.131000032797456,9.909663143115383
0.1009999962570145,4.414852635881731
0.0,2.084936703762838
0.0,0.9578623729997446
0.0,0.4026426965583648
0.0,0.29960507581742213
0.0,0.28082613663681383
0.0,0.30136897704430987
0.0,0.3168080720658014
0.0,0.36233320320956414
0.0,0.33559211294698926
0.0,0.33862308243289585
0.0,0.37821909189490327
0.0,0.45934098637795867
0.0,0.6531534039375505
0.0,1.3739723303701197
3.2269999890029437,7.006823893104282
14.129000402092936,19.886887280600412
23.977999435663225,35.04184300235339
32.89000026583672,45.86517565556935
30.96900067090988,49.91221799373626
33.57699980020523,48.5337183700289
24.263999170064928,43.71592092888695
16.643999603390693,34.05708589434624
12.021999924182891,17.149911658934187
1.549000011309981,7.382991489299706
0.0,3.08084737858602
0.0,1.2567585187511787
0.0,0.43817803202995226
0.0,0.32062533499273865
0.0,0.2958685575319188
0.0,0.3215007987325745
0.0,0.3398709760459938
0.0,0.32191896854367635
0.0,0.31955093816987107
0.0,0.34672871382907033
0.0,0.39285606800245926
0.0,0.47972021475500826
0.0,0.6834868994734382
0.0,1.3852807523097312
4.063000081628561,6.8955000045469825
15.614000445008278,19.62877467257636
25.281999000310897,34.74042377625193
26.422000900506973,44.91518766743796
34.28900033116341,47.4879270700046
31.05300007581711,43.87809290204729
21.42700019598007,36.28909854412079
13.362999813556671,24.876518598284036
5.474000245332718,10.871920703947543
0.3859999979287386,4.590585289086616
0.0,2.0601278639691216
0.0,0.9205356861491288
0.0,0.38301179515863104
0.0,0.29672893165411157
0.0,0.28168635143831905
0.0,0.3117072838551498
0.0,0.32148198742951667
0.0,0.362060605513065
0.0,0.330387617284432
0.0,0.32953785002298114
0.0,0.3691351145652256
0.0,0.45088698826331114
0.0,0.6425730614936247
0.0,1.3511342164182238
3.821999881714583,7.018247007599899
15.369000126719476,20.051855595452448
27.820000679492956,35.29342807446208
36.93500007152557,46.06963547468185
42.05900074243546,50.154262640476226
41.19999919891357,48.887420676435745
35.863001210689546,44.30780112539019
27.578999452590946,34.98542966961861
13.414000039100648,17.959785469514983
1.7999999936670066,7.756479967151371
0.0,3.2105490712182863
0.0,1.3027021853412903
0.0,0.44922408832902355
0.0,0.3280176956938314
0.0,0.3019188947483365
0.0,0.3298801121228774
0.0,0.3487751834766407
0.0,0.3547486238181591
0.0,0.3415494458523712
0.0,0.3425039956938209
0.0,0.359414520422662
0.0,0.41280571393469084
0.0,0.5591941166768916
0.0,1.0316365532523821
1.302000018954277,4.480051411070995
5.405999773442745,13.16059044940131
19.793000621795656,24.56961232185364
19.185999346971517,33.7283355825288
34.449999190568924,36.872060963426314
25.832000385522843,35.388871060269224
31.13799976706505,32.12251920069967
15.39800021469593,24.47502320323672
6.6500001299381255,11.720049451845032
0.5039999918080866,5.1835584209220755
0.0,2.3705035810491872
0.0,1.1027593805161968
0.0,0.4640732073823788
0.0,0.3483380820123213
0.0,0.3203525493207521
0.0,0.330636613741517
0.0,0.3425639461200419
0.0,0.3842313915837024
0.0,0.3700887531840375
0.0,0.3654334531245488
0.0,0.37146231872628305
0.0,0.4233152549527586
0.0,0.561141462494353
0.0,0.9610474021519934
1.4580000141263008,3.9031236834611214
11.675000181794166,11.183473734429906
12.6080003207922,20.581848026173454
13.658000071048736,27.779216637441095
23.28399995088577,29.39663270235062
21.250999095439912,27.350810928344725
19.868999789953232,25.038967858212338
10.062000458836556,19.23873459543501
5.977999755740166,9.553713420118603
0.6409999702870846,4.581978102411542
0.0,2.2097715551406147
0.0,1.0902010132798128
0.0,0.5170849952966506
0.0,0.4026580669930472
0.0,0.37205512235007643
0.0,0.37202046952742546
0.0,0.380898331735017
0.0,0.3531237797505621
0.0,0.34250816324792266
0.0,0.3436320778574528
0.0,0.35123863089563584
0.0,0.4027791071603341
0.0,0.5377504874173819
0.0,0.9456895572426064
2.459999884366989,3.9332172202638214
9.470999657511712,11.321663776550974
11.012999590039254,21.021764510529383
26.657000409364706,28.629617596353803
36.52199888944626,30.463247798510963
28.10000074982643,28.130994074855533
17.326999019384385,25.144249095916752
7.744000155329704,18.751419825979642
11.404999893903732,9.23145220552172
1.8379999628663064,4.516457036371742
0.0,2.236670792390193
0.0,1.1236398718931846
0.0,0.52807721266523
0.0,0.39972216037900316
0.0,0.3598457786001797
0.0,0.3536593757855839
0.0,0.35924380314802484
0.0,0.33354352055184006
0.0,0.32591937575888424
0.0,0.3412347187228235
0.0,0.37738508935818177
0.0,0.44586651831067037
0.0,0.6262099030454245
0.0,1.2431597943018589
3.5479999889433387,5.989422796879496
14.997999674081802,17.19234665759972
27.56800041079521,31.157078270401275
30.483999412059784,41.19250512054989
36.6639984703064,43.92420877252306
31.10799939274788,41.023701152120324
18.640999393463137,34.489412350314005
15.635000296235084,24.196002732770783
8.128000222444534,10.969017947401321
2.2899999883770943,4.8924171443070685
0.0,2.2371556957917553
0.0,1.0002030629877534
0.0,0.4094504787094359
0.0,0.3041139888197982
0.0,0.2870082653014521
0.0,0.30856961077145695
0.0,0.3258545116075714
0.0,0.36372783805310194
0.0,0.37088215989260265
0.0,0.3944544487892251
0.0,0.4150765667123985
0.0,0.4908902156718873
0.0,0.6682866399169766
0.0,1.1467574091149229
3.830000118464232,4.530584467095989
10.44200040757656,12.437607601881027
15.18099969804287,22.312552901165827
25.93099997758865,29.02498480711665
26.14299906253815,28.670548937831608
12.177000146508217,24.18237181408065
0.6450000244751573,19.47492775780814
4.073000120818615,13.302571251051768
3.613999888151884,6.32071659126452
1.3389999585598709,3.289954978738512
0.0,1.7287136368985685
0.0,0.9010737449117004
0.0,0.48384718563673745
0.0,0.39441122359662717
0.0,0.37747488203924146
0.0,0.38476748850462694
0.0,0.39018152296476594
0.0,0.325995670882985
0.0,0.32095758510553946
0.0,0.3307925382622384
0.0,0.3454262993012422
0.0,0.39216816597485116
0.0,0.5273773512703234
0.0,0.9818903259400811
0.0389999987930059,4.253219794758729
4.446999891996383,12.44799514566149
14.764999710917474,23.63122548392841
31.238999931812288,32.9471568444797
41.07899946928024,36.03865636297635
35.28900116920471,34.055536902972634
31.473999440670013,30.181518280335837
25.769000831842423,22.040290892209327
10.303999918103218,10.08148586950132
2.4140000635385515,4.481254307478666
0.0,2.1064064203522035
0.0,1.0086401547704427
0.0,0.4510112102595823
0.0,0.34372476352711334
0.0,0.3143543775945104
0.0,0.31814321381372535
0.0,0.31785407198193877
0.0,0.3925507958106963
0.0,0.3465113522711076
0.0,0.3205591378201332
0.0,0.3289897272556222
0.0,0.37292934705636327
0.0,0.4933911550311106
0.0,0.9306777706210104
4.588000213503838,4.215076322321381
10.08499985575676,12.628435915453094
15.536999963521955,23.816318362780976
21.19599977850914,33.479369036470146
25.404999302625654,38.47751965999603
37.39399799346924,39.31468773143633
34.92299906730652,38.86683262961252
25.168999507427216,33.07235871570451
13.540000173449515,17.905152787310737
1.6660000076889991,7.9515209122640735
0.0,3.3911848403619866
0.0,1.4783084273231883
0.0,0.5550330282441739
0.0,0.39603524813694607
0.0,0.34513597001454654
0.0,0.34572038695149654
0.0,0.35586239692089816
0.0,0.4230413070420868
0.0,0.39824857926927504
0.0,0.3826849974811609
0.0,0.3742039836211396
0.0,0.43374969632497856
0.0,0.5707713137626914
0.0,0.9076682917959988
0.7050000028684735,3.2205541719922004
8.002000088095665,8.951345548502037
10.776999794840814,15.96522198847362
15.413000401854516,21.041269947460723
20.533999186754222,21.68676053294114
19.656000418663027,20.107803702609882
8.810999638438226,19.802560266511783
5.185000165402889,16.518223645857404
4.105000040829181,9.112922162030426
0.7129999828711152,4.925524890976292
0.0,2.5562341461117777
0.0,1.357420648554606
0.0,0.7093437220954469
0.0,0.5543012419635696
0.0,0.4993809526786208
0.0,0.4671151608261945
0.0,0.4537350484303065
0.0,0.4445330798040543
0.0,0.4416562272940895
0.0,0.4383286748979507
0.0,0.41824217020267884
0.0,0.46606932940028073
0.0,0.5943817204203724
0.0,0.8509881530728723
0.4330000088177621,2.6950706588583335
2.7719998747110366,7.220167965590954
3.71299999371171,12.717161079134259
3.8949999880790713,16.211929601005146
5.405000000596047,15.773108179313795
5.102000019848347,14.212973398736546
4.239999928027392,13.961864849073546
2.537000109106302,11.4484278432812
1.490000062510371,6.280583072773047
0.1990000000130385,3.446909962743521
0.0,1.8803341149751627
0.0,1.0808864702603647
0.0,0.6317570161273969
0.0,0.5273453805369458
0.0,0.5038288722200586
0.0,0.4768039320941483
0.0,0.4569195308489725
0.0,0.38960083115180694
0.0,0.39622176796064845
0.0,0.40876894377837225
0.0,0.407634465863396
0.0,0.4609198922165004
0.0,0.6031117112522146
0.0,0.942180458349841
0.4509999959170818,3.3082588396753585
3.0849998946487904,9.146196720898152
18.39799964785576,16.470620990140098
23.55800035715103,21.424490237236025
25.89399965286255,20.830462462050576
12.58900001525879,17.864379601989476
3.986999886482954,15.923427830338479
2.350999996364117,11.95328400841781
0.28499999364838,6.076614007226058
0.0320000002440065,3.21404328795416
0.0,1.729011463427118
0.0,0.9618091200904122
0.0,0.542795241739867
0.0,0.4507047253966863
0.0,0.4326551563239523
0.0,0.42328064683159544
0.0,0.4129070258453222
0.0,0.41311737958541406
0.0,0.405093899208254
0.0,0.39873946923163855
0.0,0.38735823659159774
0.0,0.42485522006438775
0.0,0.5467715456835659
0.0,0.8446508116727429
0.1410000005736947,2.992300947500127
2.929999929070473,8.273367737191064
6.50300014436245,15.10868257539613
15.363999722003935,20.150318512916563
14.642999694943429,20.58356676399708
17.700999304056168,19.020907059993068
9.362999542355537,18.051117715665274
8.702000263929367,14.177698560612543
4.625999797582627,7.341182659907
0.3300000095367432,3.8387340648046555
0.0,2.010329397810357
0.0,1.0834347301561917
0.0,0.5729820396006107
0.0,0.45471808458146235
0.0,0.42849844978324
0.0,0.4190038938720578
0.0,0.41582539228323306
0.0,0.4314502976355808
0.0,0.4294167811037707
0.0,0.4276689976287474
0.0,0.403647996342874
0.0,0.44764637109158295
0.0,0.5700641213237707
0.0,0.8114887996896037
0.0,2.5483459427527024
0.1020000017806887,6.761253963240556
1.1909999433904888,11.879582359194757
7.568999854624272,15.075133517299381
8.366000076830387,14.378804530245917
4.105000040829181,12.547047260829382
2.1999998924136164,12.273695397504738
1.4030000553280115,10.086035719897065
1.0079999836161733,5.577183273136616
0.3150000149384141,3.1608831965497566
0.0,1.7906862392276526
0.0,1.0869368235234702
0.0,0.6780051846682493
0.0,0.5712689525035343
0.0,0.5501988133448841
0.0,0.5081841576704755
0.0,0.4575509210263512
