y_true_kw,y_pred_kw
0.0,-0.048604356171168095
0.0,-0.05305576194317349
0.0,-0.09172581424570816
0.0,-0.09836153333704069
0.0,-0.09298306776483689
0.0,-0.04809131344964984
0.0,0.655724031494386
3.681000073701144,6.875647598232403
16.693000283241272,19.35523016199339
30.51199921369553,31.104899143955564
39.95899918794632,38.43972445578064
42.5400008559227,41.53408437139953
25.41500011205673,35.14777076770718
25.4489995777607,27.722525626695237
23.15899907588959,20.44577947674957
10.220999772548677,11.724382355903876
2.3890000939369203,4.153865896778832
0.0,1.6247055545794107
0.0,0.7047982145759673
0.0,0.18666138610834568
0.0,-0.040509173145148805
0.0,-0.07821950802779067
0.0,-0.1611052672149595
0.0,-0.1102413080366865
0.0,-0.08468683794363578
0.0,-0.08462905194306888
0.0,-0.11291471096546377
0.0,-0.11743340365716251
0.0,-0.09136721882145718
0.0,-0.018823889532007754
0.0,0.8062417683059256
3.6749998961389063,6.920139662424038
16.58299959540367,19.456346108522965
29.825999965667727,32.123434893738114
39.04000100374222,41.00940834443329
44.29700073242188,46.962998300714304
44.86100201845169,44.14446258609645
39.50900178909302,37.91910576800086
29.945999408960343,28.153141113801077
14.926999883651732,14.871227047444677
2.0360000456124543,4.3286961147938525
0.0,1.6212835249919473
0.0,0.7432645381713856
0.0,0.15210703137218406
0.0,-0.07489025614679862
0.0,-0.11482671793648888
0.0,-0.19495181072623807
0.0,-0.14452001328660696
0.0,0.002071583627993645
0.0,-0.018365658615467198
0.0,-0.07628939515929817
0.0,-0.0820374406558064
0.0,-0.06404511643853343
0.0,-0.013697668658194162
0.0,0.5772964640309094
1.0220000128075482,6.21581912743671
10.6799997484684,17.5600512191782
16.715000420808792,28.5658689924552
30.85300031900406,34.90254247214942
37.613001136779786,36.890240286193816
38.601998825073245,30.031154163488907
18.77099964618683,21.67053256418344
12.088000336885452,14.763541979489208
13.181000075936318,8.181295001219459
2.156999903619289,3.03174311245776
0.0,1.2908844437124212
0.0,0.6392940669198135
0.0,0.22225554814125403
0.0,0.019611993831458743
0.0,-0.02559185758071951
0.0,-0.09960548993645155
0.0,-0.03781694489023857
0.0,-0.02804792761483646
0.0,-0.04060150386065939
0.0,-0.08498503861508795
0.0,-0.0775337574964842
0.0,-0.03560982751448487
0.0,0.060353915321022605
0.0,0.7988820875776252
2.8419998922944067,5.99495786094223
16.294000028967858,16.477954831826324
28.90200034976005,27.88179459113713
37.232999134063725,36.44376342978643
30.11600084543228,42.2535858544547
44.4180004620552,39.88948423226723
33.64699930429459,31.59955065984156
24.50500039696693,20.03943153339703
9.108000468611715,9.27703588061005
1.9280000588297843,2.745248900138242
0.0,1.1728529086121386
0.0,0.5836682661159098
0.0,0.1570106423027649
0.0,-0.03915147462979771
0.0,-0.07179544063830534
0.0,-0.13912401944351077
0.0,-0.07950526071147855
0.0,-0.13579032039423128
0.0,-0.10438622307613714
0.0,-0.11078898828855094
0.0,-0.08837906941560342
0.0,-0.08180708687442206
0.0,-0.05794423981168728
0.0,0.375430397152394
2.2359999307990077,2.5300554904328663
7.416999977827072,7.8871407580339135
5.97099980533123,12.151389238190392
18.544000374078752,14.472796882323676
6.456000037193299,16.682966406152325
17.088999678492545,16.908524328592208
32.318999029397965,17.667849235492348
14.085000126957894,15.59963763002608
8.398999769687652,9.325063127830537
0.4330000088177621,3.1394772701206195
0.0,1.3162173355221651
0.0,0.7498502174305692
0.0,0.31807315964518307
0.0,0.09500242942473858
0.0,0.051312442288130686
0.0,-0.06316802119786792
0.0,-0.05641695124308346
0.0,-0.02626916779345495
0.0,-0.03618692077665331
0.0,-0.0787752980681167
0.0,-0.0761890404377237
0.0,-0.05853109645107302
0.0,0.0018550624718150222
0.0,0.6334881086301483
3.176000020205975,5.026007590017484
15.72999976992607,14.416885900061843
29.41499935626984,23.523971932220043
26.13400059342385,29.590849642174213
40.706999757289886,33.300530597841494
39.93799933671952,30.583717856098865
34.79799819231033,25.2683060298542
14.83299966931343,18.01791593805465
12.50700015604496,9.940919743172051
3.168000040203333,3.614611776123364
0.0,1.569964083651357
0.0,0.7375149801873351
0.0,0.2235062410425589
0.0,0.01767879471896744
0.0,-0.023726579857177868
0.0,-0.09670225754621402
0.0,-0.04984358441311423
0.0,-0.0848093996576525
0.0,-0.07567374606507124
0.0,-0.09420086326344235
0.0,-0.0885701215361862
0.0,-0.0688932737748192
0.0,-0.0011448680477934847
0.0,0.7856741062538826
3.848999910503626,5.860634974460573
17.303000363111497,16.59305102414678
29.85600033998489,27.196609657235342
38.3859985947609,34.94119140257426
31.69499904870987,40.99792265694445
27.534000945091247,40.013514682317
31.780999026298524,35.46286181997412
19.93099905729294,26.582648300657354
13.805000056624412,14.815168698506074
2.1100000531971457,5.136636320389854
0.0,2.1340264784217142
0.0,0.9348094014097883
0.0,0.20056851204880938
0.0,-0.041302726189852514
0.0,-0.08314897748322372
0.0,-0.16348900643645564
0.0,-0.12335031740994272
0.0,-0.0865979288130334
0.0,-0.07660981958234778
0.0,-0.09622417260501072
0.0,-0.09230540895007036
0.0,-0.07472484885600046
0.0,-0.007479370759799681
0.0,0.7814527300514991
3.917000125646591,5.810668699670821
15.713000037074089,16.64406332620043
28.198000055551528,27.59550569428123
38.220998589992526,35.98532816271035
44.33099814414978,42.88399373140189
43.5119998383522,42.5090974023515
39.145998492240906,38.05863328276281
29.52500004410744,28.58210718038579
15.2610000115633,15.101041077431521
2.2689998804032805,4.718091177216289
0.0,1.9313497106725057
0.0,0.8946099869586338
0.0,0.19423373217616258
0.0,-0.0502723449990729
0.0,-0.08657302280091693
0.0,-0.16374220886065705
0.0,-0.12553567559926265
0.0,-0.03969870563275146
0.0,-0.05093016259815164
0.0,-0.08661335838940803
0.0,-0.07738997263467481
0.0,-0.03805873849537128
0.0,0.05504387915046527
0.0,0.7563557096836069
4.505999840795994,4.654075206380666
10.50499996125698,12.917876949255186
12.148000058531762,21.489930837324536
34.100999902486805,28.426279449968987
41.99600118875504,35.96109137901038
34.22299991846085,37.71838444394048
38.175001850128176,35.15806524493388
21.65200094938278,26.812629616824253
6.347000149190426,15.050141937501069
0.4730000051110983,4.953404105439306
0.0,2.0209221840556384
0.0,0.9312198221640684
0.0,0.21421058486201783
0.0,-0.01812765449812495
0.0,-0.06327334278076559
0.0,-0.13684710474973874
0.0,-0.07381381262556808
0.0,-0.11260624777503216
0.0,-0.08179497736666634
0.0,-0.08883627242864779
0.0,-0.0738102208747004
0.0,-0.06447638307412873
0.0,-0.025481785136759846
0.0,0.5128033787547435
0.1650000047683716,3.3207397069562568
4.6909999239444735,9.920425979958718
10.923999780416487,15.650493871649003
16.795999993681907,19.68561880599249
35.21599875211716,23.460040532605213
20.05100055456161,23.19192466023417
14.889999558925629,23.438669650162225
29.942000317573548,20.337321910235048
12.148000058531762,12.780512153484358
1.99399995803833,4.284551802008309
0.0,1.715640770381754
0.0,0.8454760846688409
0.0,0.2530430233872719
0.0,0.021753634229514138
0.0,-0.020990539446491277
0.0,-0.12246848910630115
0.0,-0.09233772394600942
0.0,-0.06835892474223612
0.0,-0.05674819502783178
0.0,-0.10698058327287173
0.0,-0.0868777979024487
0.0,-0.11236430945657053
0.0,-0.13261266323481125
0.0,0.15946398678175577
0.0950000032316893,2.199923176176543
3.854000058472157,7.153641779853999
5.680000179708004,10.615760875524186
3.247000067383051,11.753365703586315
3.815999960899353,10.575237101250883
4.003999876081943,7.961928590485266
1.964999998435378,7.350241490009891
3.960999887287617,6.702012091868639
3.101000111401081,4.336181117972785
0.4320000113174319,1.8895979065797999
0.0,0.9326644883849385
0.0,0.6009084676543981
0.0,0.4292105768923321
0.0,0.26669999479267703
0.0,0.2565380556028389
0.0,0.11267150970501277
0.0,0.029832671769984206
0.0,-0.11787671416587701
0.0,-0.097267725957127
0.0,-0.13090515516214934
0.0,-0.10129820492477576
0.0,-0.12067908930366644
0.0,-0.1366195661610326
0.0,0.14819265616087407
0.0,1.6693598912319638
0.0950000032316893,5.65691975080046
0.5439999881014228,8.21495034700442
2.563999881148338,9.263121979462829
5.35099994301796,8.873069575693538
6.57300016194582,7.401978184141709
7.7769998481869695,7.902714743802946
7.514999797046185,7.816101495652917
2.7469999051094054,5.1316767165943284
0.0380000012926757,2.0920354843649336
0.0,1.0260446693046907
0.0,0.6629712925100114
0.0,0.4534857629559882
0.0,0.27712006656432
0.0,0.2609638102529752
0.0,0.10264954355927877
0.0,0.005869729251011854
0.0,-0.0756428862806661
0.0,-0.07460520982508523
0.0,-0.09578036194951885
0.0,-0.09713350672747151
0.0,-0.0691622514237508
0.0,0.009861306512082252
0.0,0.8300326491072259
2.946999918669462,6.177951995113444
15.549999577999117,17.167441449799696
30.71299925684929,28.460578478956037
28.88700016260147,37.739599092612885
29.959999309778212,44.30458255647902
47.07999862194061,42.53386567916085
40.37099802970887,37.9135918675099
29.52299947142601,28.56201141201995
10.38700006365776,15.493206077268363
1.9960000172257424,4.6922063269713234
0.0,1.8543435345933494
0.0,0.8497782066634582
0.0,0.16910213057480167
0.0,-0.05936883621726446
0.0,-0.09974695029364469
0.0,-0.174154705939209
0.0,-0.12557545254418825
0.0,-0.07248661536690212
0.0,-0.0719220631989447
0.0,-0.09631037761464586
0.0,-0.0976774202522293
0.0,-0.07435209596587229
0.0,-0.0014101427703235858
0.0,0.8418940363761286
4.239999928027392,6.973433422702766
17.353000302314758,19.204851275574207
31.679000629186632,31.516285111457066
41.257999374866486,40.66322842959264
46.77299903631211,46.75460716225238
46.68899963140488,44.36143008296333
41.77300100803375,38.70607998511821
31.849000011682516,28.542257731927485
16.703000065684318,15.154165731857244
2.8799999898672106,4.599462260202358
0.0,1.8077083880568843
0.0,0.8340583097853708
0.0,0.16672245083151987
0.0,-0.07005060619438759
0.0,-0.10992139152335496
0.0,-0.1890525751848373
0.0,-0.1395272832601989
0.0,-0.07413021407263903
0.0,-0.07153943451784855
0.0,-0.10104271905243167
0.0,-0.10164893702050296
0.0,-0.08051545740149908
0.0,-0.008797667692346745
0.0,0.8504861567462527
4.30199996560812,7.314729298221248
17.697000212669373,20.19120461107056
31.859000821113582,32.696428582975685
40.93499931573868,41.47302126415557
45.92600092887879,47.56222923690233
45.4139981007576,45.55914365459106
40.17799822330475,39.83611577298051
30.769999146461487,29.912702555993178
16.353000491261483,16.031965473688622
2.8689999210834505,4.894314876545442
0.0,1.8895289526888215
0.0,0.8583803744812453
0.0,0.17619064348764396
0.0,-0.06825717273854487
0.0,-0.10720467323748023
0.0,-0.18904332022480969
0.0,-0.14181298906889472
0.0,-0.07979715871068947
0.0,-0.07629348662507648
0.0,-0.1010159920233398
0.0,-0.10279951490139821
0.0,-0.07725918250193496
0.0,-0.0030188750298800193
0.0,0.8427862507315274
4.399000011980534,6.713807099076725
17.74800043821335,18.636713677293365
31.83100101947785,30.58654756981126
40.939000461101536,39.6721486796056
46.26199854850769,46.24231874772901
46.96200180530548,44.75428079951967
41.45200152158737,39.81493619504162
31.503999814987186,30.44316964104177
16.69199999690056,16.548043775580325
2.920999919474125,4.855624301605174
0.0,1.8734787404979962
0.0,0.8883155979715351
0.0,0.17597794680225354
0.0,-0.0712277434634298
0.0,-0.11080160679222077
0.0,-0.19431437278808128
0.0,-0.14385540525886675
0.0,-0.059908330357147016
0.0,-0.060704655487444414
0.0,-0.09307004477908491
0.0,-0.08424377151235846
0.0,-0.053014120201072504
0.0,0.02155248195283274
0.0,0.6611791902723649
2.088000044003129,4.400990292279715
12.759999684095384,12.67404620220293
20.676000821590424,20.967372669422986
17.84200065255165,27.869976008990733
34.04000092148781,34.301310125650836
34.41599972486496,34.007051499724
29.22700098156929,31.13861197782733
30.303999220132827,23.03980388977282
12.688999893665311,11.73353805110186
2.009000016823411,3.2247990038931293
0.0,1.296999562317092
0.0,0.6930028166071621
0.0,0.1962698255397729
0.0,-0.012771092043244628
0.0,-0.05262065904108269
0.0,-0.13126926035893677
0.0,-0.08157844232543532
0.0,-0.005460557987741102
0.0,-0.0255888630605164
0.0,-0.07889310422471693
0.0,-0.07370123445150874
0.0,-0.030367895929479694
0.0,0.0659966795220189
0.0,0.7797345410738687
4.539000047147274,6.557131924804992
17.471999459266662,17.755968092957666
31.81799935102463,29.395577668901495
41.0139993429184,37.653610695371356
45.81999933242798,42.641805703479825
44.96800184726715,38.80980066793864
38.83399952888489,30.215326451757093
14.495000450015068,19.166730184318922
9.13600027024746,9.240439800814043
0.4460000084154308,2.8686222888907658
0.0,1.1821699210608283
0.0,0.5707469685520913
0.0,0.15824372183260604
0.0,-0.0320108585281392
0.0,-0.0694256452128548
0.0,-0.13666743487059685
0.0,-0.06771762531510457
0.0,0.03578553968936693
0.0,0.009130652531603556
0.0,-0.0609004382910895
0.0,-0.06579714810191864
0.0,-0.04281779037804122
0.0,0.02690721985264022
0.0,0.6717395884622401
4.286000005602837,7.64143872715757
17.74499957919121,20.322324693979233
32.10599965810776,32.56441770765732
41.12999969482422,39.46608230974729
46.881001205444335,41.21901227226993
35.32799795866013,33.467067259731095
23.405999966859817,22.198669720150377
12.070000317692758,13.326494042711905
9.449999806284906,6.74383347227725
0.0,2.424492970627682
0.0,1.0260071549986471
0.0,0.48003186917232166
0.0,0.16293465419262665
0.0,-0.010531485530124937
0.0,-0.04675141245003626
0.0,-0.11520719601829268
0.0,-0.0467582941918691
0.0,-0.004706235083912005
0.0,-0.015265305782784608
0.0,-0.06383789159248052
0.0,-0.06227337342506373
0.0,-0.04605300860739418
0.0,0.0014257347970779016
0.0,0.4755331974607202
0.2350000063050538,3.5056440502589417
4.568999907970428,10.006672506037495
8.764999817609787,15.451488781086972
19.926999965906145,18.747125149493876
23.15399969816208,21.27705183138857
38.51599884748459,20.452643969560064
36.667001383304594,18.89923688409627
8.867000268697739,14.697381912032736
6.293999864459038,8.446675406143138
0.5419999931007624,3.1409272050691976
0.0,1.3975877584737362
0.0,0.7624187370863444
0.0,0.3195307702167858
0.0,0.11210944126743194
0.0,0.06281147812766198
0.0,-0.02654972513235189
0.0,0.01821388385189493
0.0,-0.0432028328332638
0.0,-0.03509147562036548
0.0,-0.07812644913257004
0.0,-0.06665504539801478
0.0,-0.0784548936494632
0.0,-0.07697031001971825
0.0,0.3304554837432512
0.8239999942481518,3.2903053911590945
4.814000226259232,9.822865116963417
12.448999980092047,14.89457406087728
16.697000401616098,17.22568260196787
19.177000877857207,17.647887067252142
22.45500083565712,15.493649901161286
16.95599959373474,14.175847763951827
13.739999930262568,11.682134168878965
7.215000161826611,7.216902152159053
0.6820000282675028,3.0391138434416076
0.0,1.365391806112418
0.0,0.7103602894716003
0.0,0.35438944778621745
0.0,0.15816649927060164
0.0,0.11409941216261216
0.0,-0.01020955935821162
0.0,-0.0030528698886109207
0.0,-0.016908745169451414
0.0,-0.012759430508383976
0.0,-0.05340851959529272
0.0,-0.04169390736328665
0.0,-0.025989649728724792
0.0,0.02431606540286363
0.0,0.5910261911672415
2.829000021070242,5.072816240593003
9.735999540686608,14.089726629065993
22.52500033974648,21.780028906077398
24.528999053239826,25.755704607526262
23.897999122142792,27.584759262799558
18.86199900150299,23.970210749263657
13.605999559164047,19.746687312495723
21.654999754428864,14.972358778295138
12.05999950826168,9.340601073810879
0.740999977067113,3.801007186496408
0.0,1.5461861932197936
0.0,0.6705679394104329
0.0,0.22631850117200425
0.0,0.025271926082480967
0.0,-0.016083730206014613
0.0,-0.11088442540594104
0.0,-0.047954798257403536
0.0,-0.08519971918755882
0.0,-0.07034011960431713
0.0,-0.09378928164951286
0.0,-0.08015162351435051
0.0,-0.07020847046067819
0.0,-0.0331919187451402
0.0,0.507747149283685
1.108999955803156,4.048963642631883
8.07999982893467,11.793387988821955
9.234999862313272,18.45195987051809
25.475999093055727,22.221680204715007
20.56499984741211,24.902634172252426
22.96499898314476,23.4042511149688
16.791999875307084,21.632743600238115
21.623000861406325,17.86718918520136
6.293999864459038,11.396970264122587
1.1259999454021454,4.36469290866833
0.0,1.7833502954228906
0.0,0.8612174485343502
0.0,0.2842631574807044
0.0,0.04753739793197734
0.0,-0.007863635486567905
0.0,-0.11070286605733728
0.0,-0.06766544692313903
0.0,-0.11133283644977701
0.0,-0.0945642199446631
0.0,-0.10802240279153444
0.0,-0.10362462607653067
0.0,-0.07321334082473532
0.0,0.0011019867420101331
0.0,0.8030726588841166
2.09200003400445,5.83295608826346
12.361999716162682,16.488845197463853
31.40600050926209,26.821338933012058
42.59800103187561,35.33902881598088
47.96600173473358,42.69503348207844
47.72500050783157,42.72305272655416
43.221000726223,39.73719376338761
32.76800024986267,31.50012724379026
18.07200078368187,17.482938119781544
3.6669999161362647,5.3782288135900576
0.0,2.104651500686587
0.0,0.9855740242799269
0.0,0.20746671058272215
0.0,-0.05226717094977125
0.0,-0.09674950602475482
0.0,-0.17721084207370486
0.0,-0.13172251837347915
0.0,-0.012113353172462704
0.0,-0.022958301002895393
0.0,-0.0755800098852375
0.0,-0.07038599173815442
0.0,-0.04542595850064847
0.0,0.023351988520185746
0.0129999995976686,0.632555596992356
3.6380000849068166,5.875716059080382
18.454999537467955,16.330889370553002
30.68000007748604,26.649971283457802
42.01399812698365,33.64960298511149
32.19500049471855,36.4904224995827
28.578000004291532,30.599846492884595
15.868999518752098,22.311080147955316
5.380000030994416,13.833050673640711
4.6770000231266025,6.588355159436088
4.158000068813562,2.1548564799453502
0.0,0.9307531504855696
0.0,0.4715169324109798
0.0,0.17434296136256752
0.0,-0.0010695298125655978
0.0,-0.039594636859454434
0.0,-0.11520854016750395
0.0,-0.05861573186958585
0.0,-0.07666768482569719
0.0,-0.07727848317354225
0.0,-0.10303243792492972
0.0,-0.10640476606492746
0.0,-0.08222731056743009
0.0,-0.006121564331254936
0.0129999995976686,0.843526001382124
5.334000210165978,7.232340042196917
19.06399933099747,19.60134276928126
33.30700053930283,31.90556480754971
43.30299955844879,41.03921945439311
47.33799855470657,47.34382847612732
48.43800132513047,45.11697202386007
40.751998264789584,40.05160727731196
23.914999881982805,30.819687215349923
11.90900043129921,17.149238239949142
3.370000112950802,5.248256139662966
0.0129999995976686,1.9476265027138253
0.0,0.8664808563761288
0.0,0.1615447684547618
0.0,-0.08236405977716357
0.0,-0.12633066211103985
0.0,-0.2091315205437473
0.0,-0.1517962425072271
0.0,-0.07377456001485937
0.0,-0.0819262408227652
0.0,-0.11071768853416672
0.0,-0.12058681758952491
0.0,-0.09603935432773682
0.0,-0.023391425993575216
0.0190000006463378,0.856119792289624
5.6620001605153085,7.631581158197746
19.478000799417497,20.64909760106184
33.83900087833405,33.390950754675046
43.67299869775772,42.576992659081704
48.8290003156662,48.803440421150036
48.99100151538849,46.73341917777531
43.21600134849548,41.68831399020011
27.89800042033196,32.14538689610666
12.214999730587008,18.13218420850054
2.7430000434815884,5.773070409902505
0.0,2.176636490017295
0.0,0.9480910888502776
0.0,0.17448616350001728
0.0,-0.07277291608970121
0.0,-0.1258427123107017
0.0,-0.20722714163585024
0.0,-0.15081072236494725
0.0,-0.01565628073426792
0.0,-0.03647170581828698
0.0,-0.08507153911113546
0.0,-0.094104817588926
0.0,-0.07570802015591888
0.0,-0.009694948320661645
0.024999999689171,0.7973387797836939
5.936000053286553,8.055890292140019
20.46899906039238,21.250023455609025
33.85300077915192,33.3674121983877
43.42300105571747,40.853433427524415
48.07899917364121,44.815350486951324
43.30900127649307,40.40501132735013
27.31299928307533,33.27921676410994
13.501999562382698,24.422453285677086
18.44300020933151,14.393935237641193
3.891000126451254,5.4519580117828585
0.0,2.1312274795967205
0.0,0.8569697587157379
0.0,0.19118191583527067
0.0,-0.03818658566167176
0.0,-0.08485665399086906
0.0,-0.1628280554891282
0.0,-0.10247997467658135
0.0,-0.06474623907259561
0.0,-0.06813883926456257
0.0,-0.09884063629415776
0.0,-0.10137932267037099
0.0,-0.07805603262056818
0.0,0.007060461242294397
0.0129999995976686,0.9510488405669335
6.031000040471554,8.274763950820759
20.588000271320343,21.81527266584086
34.77899891376495,34.73650116316435
45.01799973249435,43.65227705104254
50.05800099849701,50.13100374718946
49.31200100183487,48.68902428507419
46.14700053691864,43.31514795894775
33.56299989938736,33.30602402020735
19.853999602794648,18.443949140623758
4.95200020223856,5.795399857454612
0.0,2.167070945230335
0.0,0.9304378470582353
0.0,0.16288140826053965
0.0,-0.09019354309679314
0.0,-0.12675262935225348
0.0,-0.20659130553204505
0.0,-0.15312945119663793
0.0,-0.02923995182685947
0.0,-0.039547912485207976
0.0,-0.08667945558608742
0.0,-0.08433893218402874
0.0,-0.06722206326379934
0.0,-0.013969762389485607
0.0,0.5985403561256711
4.399999784827233,5.505673226416251
15.6609995251894,15.374109064395514
29.4560008263588,24.44916413584528
32.93500082731247,30.292621315116953
25.104999667406084,34.302688003752465
23.473000665903093,31.50608181662512
22.969000128507616,26.762010633481424
16.284000246524812,19.887076267290475
15.33499963402748,11.003063977289036
4.928999778330327,3.8416463156684832
0.0,1.559243799207168
0.0,0.7688303446706116
0.0,0.24838836215735216
0.0,0.021895175631592934
0.0,-0.038027060696860585
0.0,-0.1286008513689864
0.0,-0.06190369110582587
0.0,-0.05834890259411542
0.0,-0.06864250275746828
0.0,-0.10382919083835707
0.0,-0.10858855390519415
0.0,-0.0785947112067616
0.0,0.010352775811866582
0.0,0.9115175138920224
6.2070001140236855,8.059570412180745
21.157999167442323,21.185486399059357
34.936000735759734,33.738262953889546
43.17099873304368,42.21701012847657
49.58499906778336,48.4575403121448
44.39999941587448,46.84652322269666
32.43000000357628,41.52652687896005
24.706000440120697,32.07776534407833
17.462000703811647,18.527565189768843
4.356999796032905,6.116402006158441
0.0,2.256873679054447
0.0,0.9454436650529532
0.0,0.16804582031850196
0.0,-0.07902655695247715
0.0,-0.12432859725304242
0.0,-0.2055760612552969
0.0,-0.14327277837479663
0.0,-0.03852213898031695
0.0,-0.057221682159396076
0.0,-0.10299192820272957
0.0,-0.10809379972016742
0.0,-0.06843604256289086
0.0,0.038099776784675216
0.0,0.9909055221037018
6.254999994039536,8.826226431502144
21.194999492168428,22.79835162346908
35.51599838733673,35.946996229216786
45.72499883174896,44.44860826866108
50.37499933958054,50.23686618724032
50.1670013999939,48.084963563393835
46.3359991979599,41.95924799187594
34.506999080181124,31.56762134834385
19.66099979639053,17.687187545334368
2.22100000038743,5.5247949124439035
0.0,1.9625244731916327
0.0,0.7988341302121935
0.0,0.13389917991024816
0.0,-0.08913267227884963
0.0,-0.13141311456871346
0.0,-0.21385490766389337
0.0,-0.15017867254810158
0.0,-0.01730610121785843
0.0,-0.03597683397946859
0.0,-0.08464234761760106
0.0,-0.08126052321131419
0.0,-0.032507754648700204
0.0,0.07299513503764568
0.0,0.8837478636969083
2.0000000072270634,7.568844195366333
16.03399952352047,20.025729544882978
27.4530003452301,32.474891483122235
43.83400166511536,41.269602717392125
48.00699909687042,47.159182022669384
39.21999914169312,44.323035269855566
46.26399912118912,36.85637587198429
22.88300015091896,24.8152580754944
6.4380000180006025,11.813832398567216
5.083000227808952,3.2674495895562696
0.0,1.241146576726788
0.0,0.5888162366585763
0.0,0.1398919108585525
0.0,-0.057279708976418896
0.0,-0.09733151728280817
0.0,-0.17071586673460873
0.0,-0.09906842683261669
0.0,-0.054874876370688386
0.0,-0.07150449134340903
0.0,-0.11062793809854461
0.0,-0.12681923250281027
0.0,-0.09976045004814568
0.0,-0.0204740261165631
0.0830000011343509,0.9373827098167873
6.799000174701214,8.975196739087501
20.92399994492531,23.537444871778447
35.631998739242555,37.06383439333094
45.18399796962738,46.01833783775805
49.551001656055455,51.687793393219444
50.20200115203858,49.42153179228234
45.808000004291536,43.94857027223942
35.113998301029206,34.12920044098525
20.148999860286715,19.755629942398194
4.857000215053558,6.448268648146874
0.0129999995976686,2.406818680646169
0.0,0.9996654280704718
0.0,0.16878099270188607
0.0,-0.07884445393468872
0.0,-0.13451543507520353
0.0,-0.21831186980327566
0.0,-0.15973783355698176
0.0,-0.0617002837246253
0.0,-0.07341715608949312
0.0,-0.10674791751170598
0.0,-0.11627373449646694
0.0,-0.0919700403752472
0.0,-0.013117375108314372
0.1080000028293579,0.9643997900460366
6.625999933183193,9.159846706724872
20.82799915790558,23.73418465546598
35.70199824333191,37.23202231950884
46.34900086641312,46.460310423924966
51.17499836683273,52.30980843105434
51.23299854278565,50.04274285289191
46.53300014972687,44.66589304172145
35.450998260974885,34.64207913332917
19.979000477790837,19.697405987026194
4.95200020223856,6.42744652763761
0.0,2.436877709482536
0.0,1.0147757848879049
0.0,0.17193806644230636
0.0,-0.08981516744008802
0.0,-0.13955960013988922
0.0,-0.2248501940098738
0.0,-0.16634564767285873
0.0,-0.06402864927291176
0.0,-0.07165697373121271
0.0,-0.10834685290560012
0.0,-0.11565261582767068
0.0,-0.09072922679104065
0.0,-0.006930594033120241
0.1020000017806887,0.9833193635063493
6.537999896407127,9.783297483713602
21.12199912905693,24.905062555854933
36.10099952459336,38.53725126512835
46.526998431682586,47.292988443285104
51.120001103878025,52.9379496395052
51.25099958896637,50.639526392946436
46.995000984668735,44.98185507649386
36.47200100421906,35.14336852731898
21.131999938488008,20.42261898957807
5.217000085413456,6.733674986035325
0.0129999995976686,2.4287654499108613
0.0,0.9618682750438736
0.0,0.15450396158084095
0.0,-0.1050834530529193
0.0,-0.1501233851351227
0.0,-0.23771840759830049
0.0,-0.17652137762303993
0.0,-0.07581637186115352
0.0,-0.08183688326510413
0.0,-0.11094656506840993
0.0,-0.12098339161843905
0.0,-0.09967844308408108
0.0,-0.01875233522649422
0.1640000072680413,0.9718772062397156
7.681999861001969,9.40684569002457
22.38100018620491,24.14857350618516
36.54400108098984,37.74071604854797
46.73000110149383,46.60634551345202
50.74600081920624,52.4760730500639
50.54999809980393,50.467984612999075
46.658001024723056,45.05901821566871
36.40700087785721,35.59418983813389
21.197000064849853,20.70055782786399
5.258000015020371,6.5792416949988155
0.0129999995976686,2.355222458371755
0.0,0.9822545844877233
0.0,0.15250645398553672
0.0,-0.10902089460696195
0.0,-0.1528798318351213
0.0,-0.23681085150478048
0.0,-0.1803802272987314
0.0,-0.08184901451871915
0.0,-0.09003862513701383
0.0,-0.12083800809248987
0.0,-0.13299355578066205
0.0,-0.11166966638970936
0.0,-0.030314819107233076
0.1569999926723539,0.9926299595905674
7.471000035405159,9.830349025114442
22.414999651908875,25.11528590037632
37.19999995470047,38.81162245257067
47.94500188350678,47.66390703438854
52.38900091648102,53.581271096662775
52.05200095653534,51.73391429729153
47.78399891614914,46.72893159168673
37.31399973392487,37.68226324345711
21.592000200748444,22.421436279808333
5.443999871015549,7.391197261555359
0.0129999995976686,2.644929158085155
0.0,1.0498817089461845
0.0,0.15774836697914943
0.0,-0.11217231046222624
0.0,-0.16110089989783621
0.0,-0.24866290955483733
0.0,-0.18954901241538102
0.0,-0.2712398507545906
0.0,-0.18256548302633804
0.0,-0.1564790919844778
0.0,-0.14040277010285676
0.0,-0.15972880935811712
0.0,-0.17659325272717952
0.0,0.2962787671537811
0.0,4.025751763931397
0.7629999862611294,12.494516287677065
3.6259999865293504,18.557252343119302
14.23200011253357,21.172937948904497
14.262999746203423,22.098785805149454
17.106999697685243,18.714221155971835
37.193000004291534,19.833718751126668
30.77899966955185,21.02053904048342
22.454000549316408,15.623044202683552
3.587000116109848,5.994387629875338
0.0449999998416751,2.0853292716000564
0.0,1.1356352382708916
0.0,0.45797572652304464
0.0,0.11800775319630685
0.0,-0.00947986021761446
0.0,-0.19429813898187845
0.0,-0.1852934416198133
0.0,0.06327551787819928
0.0,0.039656082790404446
0.0,-0.05237882297083281
0.0,-0.07121692935257193
0.0,-0.10514003682068032
0.0,-0.13637183821350907
0.0259999991953372,0.21837034969390784
7.713999781012535,4.800001389431577
12.184000096917153,14.04116025933802
27.23000016450882,21.116301109977634
33.51999991059304,23.14482285571966
11.664000113010406,20.367065250885126
12.949000399112702,13.503486309278824
23.33399989008904,10.112479492983885
12.30700039923191,8.806581567181203
7.500000123381615,6.429770095970054
1.1410000041872264,3.022008861479845
0.0,1.334611433030673
0.0,0.743957889170237
0.0,0.3852469505276621
0.0,0.194998709657336
0.0,0.1338914863978436
0.0,0.017205600517040773
0.0,0.056084702086384774
0.0,-0.02490092218537633
0.0,-0.0297078262512927
0.0,-0.08395180877566147
0.0,-0.07721337518870429
0.0,-0.07618287575355837
0.0,-0.060339766458435
0.0,0.3408461526051958
1.2089999625831842,3.0182505689096897
5.314000131785869,8.975910930202765
5.796999790966511,13.500073702006164
11.396999657154083,15.728346247857155
15.473000123500825,16.786402565794887
32.92299944519997,15.688370050095878
23.19300059556961,15.16279832540651
20.81200073838234,12.708419604576504
8.11300003528595,7.84208463099786
2.2920000475645064,3.0939016556161905
0.0,1.4238891752157543
0.0,0.8176712618316007
0.0,0.38775475289903966
0.0,0.18380292509862983
0.0,0.1271932544100331
0.0,0.013836673766764715
0.0,0.03626137865038527
0.0,0.006098885967605022
0.0,0.01090014419072216
0.0,-0.05318795626408976
0.0,-0.051480784432358845
0.0,-0.08113604092670691
0.0,-0.10883359143985302
0.0,0.27469935913634813
6.983999744355679,3.646852979945177
21.265999282598496,10.79836654886393
31.178000950813296,15.698712462346068
27.56800041079521,16.961632329405248
16.471000388860702,15.93684000105061
18.28299958229065,12.684522568104605
21.15500036239624,11.389810753901404
8.059999750554562,9.733832932607447
2.4300000235438346,6.683703423556228
0.2389999963063746,3.021462143186722
0.0,1.3233761136253306
0.0,0.6296208077925258
0.0,0.2941961847653295
0.0,0.12710555037714533
0.0,0.08657694510108921
0.0,-0.03307422083493969
0.0,-0.0063519311398093775
0.0,-0.05055568927535978
0.0,-0.05273396707745075
0.0,-0.08743815634741557
0.0,-0.0821533137282523
0.0,-0.057714963615616
0.0,0.021028514547503402
0.0439999983296729,0.8249517177763825
4.185000097602606,6.060645652927837
21.898999786376955,16.292828094181772
29.176000756025317,25.910822962814002
43.12899903059006,33.2236309915727
42.963999025821686,40.313844952800665
43.73500001907349,41.17825108929225
42.53300090551377,38.6869575897378
33.180999377965925,30.716811817632525
19.815000759363176,18.059251020959323
5.757999920547008,6.230215672999214
0.024999999689171,2.423317825600665
0.0,1.0275901927042954
0.0,0.20494624589550314
0.0,-0.046147666971337084
0.0,-0.09355520531174441
0.0,-0.18158935683389626
0.0,-0.12346906689929031
0.0,-0.017243943309196513
0.0,-0.038978869840983324
0.0,-0.09184720715877392
0.0,-0.0903532359381441
0.0,-0.0452537132738625
0.0,0.05924756353315805
0.3550000112317502,0.9296212471669385
9.126000487804411,7.915801923715119
23.16099964857101,20.549663479118934
29.489000005722048,32.368823468565594
46.163001010417936,40.29416574001593
48.79299822330475,45.77154492611496
46.07900160551071,43.49151832783605
30.41700076699257,37.06777211768989
22.5719994199276,26.60421501933967
13.107999712824824,14.176231124507453
1.897999941259623,4.676791431952672
0.0,1.751146576127113
0.0,0.7057225831792698
0.0,0.15031403024882417
0.0,-0.053822511556839904
0.0,-0.09090996797522582
0.0,-0.1651298720185561
0.0,-0.09787635710708115
0.0,0.003694408049769879
0.0,-0.031241258002101244
0.0,-0.09558979998217823
0.0,-0.10498722071067315
0.0,-0.05971778741464892
0.0,0.04989216627580953
0.3420000116340816,0.9773751655291438
6.729000157117844,10.411647475510753
22.511000438928605,25.70661719597068
33.17900085926056,39.5010252141828
44.93800147294999,47.893959326233556
46.39199880123139,52.130870248798104
26.539999771118165,47.713997783161226
28.273000991344453,38.229732690717924
14.391999712586404,26.044451914598675
6.4449999684095385,13.638620630309955
7.132999789118767,4.6681789281801365
0.0380000012926757,1.778658108430935
0.0,0.6817505681989862
0.0,0.1333006195959483
0.0,-0.07495831426234406
0.0,-0.11491763414041001
0.0,-0.18636603561985166
0.0,-0.10718132504241032
0.0,-0.055534298924153666
0.0,-0.07575943856490303
0.0,-0.11757520275545896
0.0,-0.13307421921749796
0.0,-0.10615796613590063
0.0,-0.021333693044188806
0.3700000058300793,0.964764629365114
9.014000254273414,9.280878936687536
23.632999238967894,23.716311087374365
37.53099819660187,37.169827057692196
47.43700020074844,46.056794311617935
51.9229989361763,51.87261488902284
51.53999812841416,49.9015735263028
47.43499962806702,44.65722507846861
31.222999458312987,35.42427985927313
19.82399922847748,21.81998351775787
5.873999758958817,7.8441536936592495
0.0190000006463378,2.92986645982673
0.0,1.101349306807796
0.0,0.1584415866076485
0.0,-0.1039748550625681
0.0,-0.15420492165380836
0.0,-0.23875002427557068
0.0,-0.17546760344032286
0.0,-0.05299786455498742
0.0,-0.07139621711596265
0.0,-0.11537529391087595
0.0,-0.1261145139184915
0.0,-0.08470439251332651
0.0,0.020313527387705643
0.4779999926127493,1.0469183880848483
9.492999795079232,9.572392158944517
24.08900040984154,24.33090870410596
38.50300128698349,37.80210076722732
48.64199811935425,46.752213154999566
53.33399832963944,52.60242801927079
53.99000131130219,50.484471604161335
49.56599978923798,45.027544876723844
34.94899829626083,35.005434299083255
13.574999925494197,19.99061678294946
2.7330000042915343,6.431088383839738
0.0,2.2804732990425736
0.0,0.8641037741771265
0.0,0.12953569242208057
0.0,-0.10236714222340337
0.0,-0.14532123774549094
0.0,-0.23012656591380334
0.0,-0.1658132438955299
0.0,-0.045834178536252726
0.0,-0.07116530374259078
0.0,-0.11421966146426299
0.0,-0.1343195653506108
0.0,-0.1001764663904247
0.0,-0.009159955556743066
0.4960000118054449,1.0297111907457772
8.380999750494958,9.83671076726156
25.015000598430635,25.009155310837414
40.10900105953217,38.78274104500035
50.500998446941374,47.82609440880716
55.61799916744232,53.55339149456838
54.920998823642734,51.637312739752744
41.232998378276825,46.520808955117076
37.82999959945679,36.78337409881009
23.185000358819963,22.203212212349797
7.107999819517135,7.626929939532012
0.0380000012926757,2.8372994113877947
0.0,1.092721968223453
0.0,0.15472562688458338
0.0,-0.09721632832859332
0.0,-0.1493456684084669
0.0,-0.2310166493239579
0.0,-0.1677467258700246
0.0,-0.044897629630491376
0.0,-0.060746048731679145
0.0,-0.09878407159145669
0.0,-0.11389464996893625
0.0,-0.08894300049749725
0.0,-0.004781298261151451
0.5710000168904662,1.0296718189883507
9.710999571084976,9.43003409032101
24.688999680280688,23.698786836900524
39.326000738143925,36.77063571541148
48.87399882316589,45.67988325993089
50.32700202703476,51.59051937539214
43.01400101900101,50.12951272876864
35.70899819374085,45.277434792922755
26.2289990401268,35.920427767741096
17.70199959039688,22.121990226135082
6.872000024318695,8.45844442841525
0.0439999983296729,3.274603437599855
0.0,1.221645619196544
0.0,0.19273515866200985
0.0,-0.0793726725741862
0.0,-0.12902888666051265
0.0,-0.20678444532519114
0.0,-0.14760719356834973
0.0,-0.11942410881748725
0.0,-0.09823392056361674
0.0,-0.10986532525939958
0.0,-0.10704397873946592
0.0,-0.0820621610397021
0.0,-0.013564923951900579
0.721999992467463,0.8559960774108398
12.096999832987786,7.285214271965746
25.695000182390213,19.552838151157715
36.888000991344455,30.548597707255972
34.92700021266938,38.211145086103265
48.84700136184693,45.051387212466345
51.77300117254257,44.99380792972448
47.7800018787384,42.20311132040707
38.05000097513199,34.866692618485565
22.81499916553497,21.911336001259116
6.621999814808369,8.442038809431995
0.0510000008903443,3.2715229739966656
0.0,1.3127008360341992
0.0,0.24451133096223732
0.0,-0.06204476363985602
0.0,-0.12346715186301084
0.0,-0.2137279598248496
0.0,-0.15601127760538824
0.0,-0.08683002011170707
0.0,-0.08688115693636614
0.0,-0.11340059044412631
0.0,-0.12698622943216029
0.0,-0.10192926671855937
0.0,-0.024724528745118796
0.4149999896250665,0.9886043329322298
5.52799978941679,8.960288028205227
22.719000432491303,23.21917250358333
39.01700057983398,36.13461644072449
49.670999045372014,45.04393162784891
54.17499882698059,51.470251628530015
52.52400054693222,50.56786686087627
46.56500109672547,46.44455641363207
36.34000017881394,37.948042025984094
18.531000759601596,23.465974098645603
5.54999992698431,8.536166665221284
0.064000000488013,3.199038571334981
0.0,1.2285334482054469
0.0,0.19353506624222072
0.0,-0.08506960704128336
0.0,-0.1343666488758071
0.0,-0.21292595701995753
0.0,-0.16075844927436372
0.0,-0.08219636305403615
0.0,-0.0817050647849408
0.0,-0.11128228104260059
0.0,-0.10864523474831153
0.0,-0.06683014229242631
0.0,0.010741323066995045
0.0629999989760108,0.7734863861804294
7.043000206649304,5.122657670988438
14.510999896526338,14.177443502541427
17.085999846458435,22.64310386418262
30.53499963760376,30.048863916508097
48.16799795627594,38.36300987274403
49.86799999713898,41.10714593823455
46.20500071287155,41.47027694110785
35.68200073242188,35.33381049398901
18.58499979019165,22.25365884673532
4.052000012844801,7.824779629898831
0.0439999983296729,3.0540522657819795
0.0,1.309526674927625
0.0,0.259890512699188
0.0,-0.022304805368479758
0.0,-0.08565219537482416
0.0,-0.1733913397407253
0.0,-0.1086231694564383
0.0,-0.024509705591833686
0.0,-0.04655043306752629
0.0,-0.08980681205651492
0.0,-0.0959865553412188
0.0,-0.051495064179256145
0.0,0.061858497999524004
0.5230000085011125,1.003748719828105
9.606000314950943,8.078762437887749
21.903999164104462,20.46315552235201
35.057998697757725,32.69500651789401
46.59500147104264,41.93610626577502
43.41800167798996,48.43305535725376
49.30199813842773,47.04144771184445
41.77199866771698,41.67357142545439
27.9790010201931,31.409116633919638
19.5400000667572,18.255418362268358
2.3020000867545605,6.749379692368022
0.0,2.6885131883847713
0.0,1.0262499494000408
0.0,0.17602007404903625
0.0,-0.06378438007372214
0.0,-0.10511570671875815
0.0,-0.17378363543821432
0.0,-0.10626325849468668
0.0,-0.05130844678638238
0.0,-0.06916108963853776
0.0,-0.11000059360788428
0.0,-0.12849151469746034
0.0,-0.10584076755673422
0.0,-0.0198089708749212
0.8079999700561166,1.1083120445965342
11.449000169038772,11.609355855200395
27.78400064110756,27.879045060913825
42.61700031042099,41.54967203969297
52.7759987616539,49.920885362807304
57.48300121307373,55.04954406379246
56.08299880743027,52.86375531347533
51.34899889469147,47.552570470011624
40.96000031232834,38.90036329656674
23.852000328302385,24.86754240494355
7.561999904215336,9.320936883318426
0.0779999975860119,3.316871469625299
0.0,1.1544008501667884
0.0,0.1520577774817286
0.0,-0.11753586734342353
0.0,-0.16586731152094025
0.0,-0.2530444170084775
0.0,-0.1890861976654182
0.0,-0.008412196287984439
0.0,-0.04738220659448433
0.0,-0.10883871871372347
0.0,-0.12962049081465696
0.0,-0.08773454283636488
0.0,0.02288040548652978
0.8999999968335033,1.0806107587449354
11.39099999308586,11.316573959650526
26.36599924325943,27.55219306095872
40.83200063228608,41.559369875408464
51.18500123023987,49.91424979256369
55.53699856758118,54.71849781282458
53.54799798727036,52.107226644113375
40.61199925661087,45.01332544323985
29.03399912118912,33.55760695046959
17.34299949288368,19.7571885594104
4.701000219881535,7.50012329396991
0.0700000015366822,2.895634481199317
0.0,1.03208250690164
0.0,0.16333236845506305
0.0,-0.07581985328400703
0.0,-0.13060213155821232
0.0,-0.20409728177216713
0.0,-0.1301270124914448
0.0,-0.01158590722582059
0.0,-0.03342260556484397
0.0,-0.08552354853032304
0.0,-0.08980195999314929
0.0,-0.03972631283979132
0.0,0.06471014147905363
0.6560000290721655,0.9984230411463455
7.862999825775623,9.640412599793477
26.851000502109528,24.165311957338005
35.47899806261063,36.37099372311627
45.66399985074997,43.73114712921545
37.16500020265579,48.1841981072922
32.22200001001358,44.74736405950899
37.22899798870087,38.23217241485265
36.47599804162979,28.425376136640445
15.186000102758408,16.904613149044273
3.9779998768866074,6.451016838294003
0.0439999983296729,2.4128615248181253
0.0,0.8887245228222714
0.0,0.17360268513585803
0.0,-0.053134969431861974
0.0,-0.10236646230713825
0.0,-0.18090006023262986
0.0,-0.10277955212043528
0.0,-0.09905876404358085
0.0,-0.0895560692048642
0.0,-0.10970793056876965
0.0,-0.11212961099810086
0.0,-0.08869233636330942
0.0,-0.02530351764879188
0.7059999682754279,0.7893902737864074
11.001999521255494,5.6848836991494025
10.884999909996989,15.406179386625789
11.36300019145012,24.36940311814945
35.342001967430114,31.741335194237493
49.59899896860123,41.054113546692314
42.5610007071495,45.323011127146124
48.24300094604492,46.62082516310347
39.96799971103668,41.50612430439384
23.74099935412407,28.199030588055386
7.907999873757363,10.863170014051237
0.0960000007320195,4.183039815856068
0.0,1.7188670224618652
0.0,0.30819435456079414
0.0,-0.03595896231389441
0.0,-0.10845775673914662
0.0,-0.1961573638869317
0.0,-0.1353734085335598
0.0,-0.046277596458588324
0.0,-0.06425281309075132
0.0,-0.10882856816247671
0.0,-0.11622964769066967
0.0,-0.06513535683601795
0.0,0.062271920519111984
1.2070000317692755,1.1386109372740878
12.346999529004098,9.239949394710454
27.24600063800812,23.021025394513515
41.33400059700012,35.81827481488845
50.16599905967713,44.574992624888864
54.239000720977785,51.37218656374618
52.22200033903122,51.212452181519694
45.93899848937989,46.415475464023494
35.67300020933151,35.93650463808409
19.92599967956543,21.1357070599974
8.535000199973583,7.741023129643702
0.4970000093057752,2.911003620374837
0.0,1.0499169427218291
0.0,0.15935095306296587
0.0,-0.07925126734926004
0.0,-0.12267194945553869
0.0,-0.19553391287713792
0.0,-0.13396305857444762
0.0,-0.006800692282066603
0.0,-0.030429300162959277
0.0,-0.09216546708748588
0.0,-0.10016412011345024
0.0,-0.05899605428815484
0.0,0.04159280569494769
1.1309999649971725,0.8973794815421727
11.78000046491623,8.635892411654243
26.679000546932222,21.990406539320198
40.30499967098236,33.778185786860284
45.34899797439575,41.059459621872584
37.34300187587738,45.31035595832371
42.90999999523163,41.938927862982815
29.59100045681,34.736220965907286
25.34300003528595,24.9316645642441
8.796999737620354,14.50832472752891
2.240000049173832,5.8525171109865965
0.0770000000856816,2.3043952361189035
0.0,0.8097853913043874
0.0,0.16508312824499735
0.0,-0.044896265315173704
0.0,-0.09764799426713848
0.0,-0.17437589216473273
0.0,-0.09860774596138489
0.0,-0.05281701158059515
0.0,-0.06964720951624154
0.0,-0.1071329472003646
0.0,-0.1184432837809615
0.0,-0.07182536575638847
0.0,0.03966724485967793
1.1319999945908783,1.1323506684466609
10.524999526143077,10.099033724734259
24.11999901652336,24.331902292680518
38.20499811649323,37.40990188383314
51.07699906110764,46.700301306015895
54.92200116395951,53.238579951478464
53.89000143289566,52.35799672684587
49.39399983406067,48.23320714317534
40.08800120830536,39.446935418339365
21.855999797582623,25.043499027808124
5.357000120580197,9.391354245757212
0.2189999981597066,3.3825732561384254
0.0,1.2007774023630837
0.0,0.164114011033076
0.0,-0.10682681451571814
0.0,-0.15322408182925476
0.0,-0.23372479213273012
0.0,-0.15756975499885373
0.0,0.039482476993504545
0.0,-0.005146320646652408
0.0,-0.08542531932202599
0.0,-0.09553196055765942
0.0,-0.02914734712639941
0.0,0.11892286745914113
0.6649999744817615,1.1610489545959646
13.178999503254891,12.320132784513266
29.226000695228574,29.016972219579813
43.51699921607971,42.73001451012932
53.01400118350983,49.938094356295615
56.61900029182434,53.416395304043284
53.13899795055389,48.84795253764134
43.1569988322258,38.95711828892242
33.55100057125092,26.561938151294804
5.005999746322632,14.704357933007776
5.881999995708465,5.417690559674909
0.0129999995976686,1.9734656072614714
0.0,0.6620591164446665
0.0,0.11415994240890959
0.0,-0.07611260516517263
0.0,-0.11552847508086919
0.0,-0.18645304240831645
0.0,-0.10341196964539033
0.0,0.008522978142698062
0.0,-0.036539705003690956
0.0,-0.09453927063124024
0.0,-0.116037684626705
0.0,-0.06131720967205016
0.0,0.08156475067310073
1.521999982520938,1.3300597034690806
14.330000445246696,11.978289088527431
30.54299987435341,28.14808245674444
45.15499993562698,42.24433514513508
54.727999017238616,50.49883715087039
57.413001708984375,55.94919965607665
55.670001733303074,54.95740156337633
48.25200146913529,49.739389155640396
39.75300182104111,39.28416223016749
19.258999710083007,24.48937254943138
4.763999773561955,9.136144200129635
0.0709999990370124,3.3725804430252264
0.0,1.185117190036371
0.0,0.15447598324520867
0.0,-0.08927526472349955
0.0,-0.13956541787699236
0.0,-0.21969187765991427
0.0,-0.15535706748500772
0.0,-0.034859595775504085
0.0,-0.05702206905171412
0.0,-0.09758236134310089
0.0,-0.11246243798157853
0.0,-0.0758051626734387
0.0,0.0280043591081523
1.473999974131584,1.2067685636313208
14.003999527096749,10.496708504858086
29.6280007815361,25.160702535423574
43.713001935482026,38.21815500782157
52.44999989748001,47.32708226030643
53.34499942541122,53.77117613343381
52.74500015497208,53.5071950735997
50.50499959230423,49.70665659510335
41.35399810791016,40.994647950745666
24.429999461174013,27.0890480671612
8.588999744057656,11.261509209361147
0.2529999934043735,4.409322997692225
0.0,1.54544708170318
0.0,0.21202730297846795
0.0,-0.08804139823631128
0.0,-0.13854934398841853
0.0,-0.21768798630487002
0.0,-0.1521807006329235
0.0,-0.045910213621432355
0.0,-0.0595997707237922
0.0,-0.0958308805836556
0.0,-0.11041847075665978
0.0,-0.08457113462930206
0.0,0.005845941233052349
2.0360000456124543,1.155583758631813
14.211999520659448,10.559650400643
30.0280002951622,25.498468545404343
44.09200159788132,38.79627846668032
52.01700120449066,47.865791372136854
55.238001272678375,54.300645767868936
54.38599967956543,53.90634874255754
49.81999857664108,50.086185730752
40.72300023078918,41.79367970069318
24.322999632358552,27.55871737224689
8.845000131130218,11.303889997391648
0.2790000086463988,4.38643182377957
0.0,1.5543775579300299
0.0,0.2240728833166994
0.0,-0.08896356546922538
0.0,-0.13642216353770995
0.0,-0.21114606000945915
0.0,-0.14882919415201007
0.0,-0.05296472460164048
0.0,-0.07158827244783772
0.0,-0.11347559382634012
0.0,-0.13495795122296633
0.0,-0.10899104033010633
0.0,-0.013813940720948575
2.1909998828172683,1.1975552281451058
14.760999592542648,11.252720130123203
29.48500091433525,27.228360367442747
41.47199903249741,40.927059413388875
51.28099996328354,49.55681252397303
55.433999884128575,55.43754976823085
54.06000081539154,54.84197399557947
49.38099816560745,50.81158503646768
39.81499903440476,42.509373901602615
21.769999819993973,28.39522933812698
8.52299984484911,11.603827173005747
0.3119999903440476,4.413346020817059
0.0,1.5127264392585307
0.0,0.19513580943494147
0.0,-0.09848687639688998
0.0,-0.1538428574550575
0.0,-0.2398383405640597
0.0,-0.18221813705001305
0.0,-0.060867372559496216
0.0,-0.07829137384873897
0.0,-0.11310788428752927
0.0,-0.131017740705053
0.0,-0.09818262457473519
0.0,0.006542461347424977
2.329000115543604,1.2371605028601516
14.678000473976136,11.665324923419801
30.32099997997284,27.50211237052646
44.36400143146515,41.1614640533049
53.00599889278412,50.21896105548027
56.05699957847595,56.30170586025069
54.36900097370148,55.536766995696546
49.94499945163727,51.726083250675465
40.2830015873909,43.67375126160033
23.271000336408616,29.41073804226636
8.072000105679036,12.014228067860364
0.2780000111460686,4.492245366451586
0.0,1.5089931498143052
0.0,0.1928853785243051
0.0,-0.11107091530331845
0.0,-0.1621569276201018
0.0,-0.2406663965037353
0.0,-0.17438966189264038
0.0,-0.04090554662699504
0.0,-0.06758572822700662
0.0,-0.10881323359921832
0.0,-0.12302387078221821
0.0,-0.08019734175874507
0.0,0.03623776816478397
1.8790000208467248,1.2223489724117649
13.594999490380289,11.314090072189325
29.85000067591667,26.742369186386874
44.29599839210511,40.25899353754524
53.33599890232086,49.36151146899129
56.72800069332123,55.415230399020935
55.545000858306885,54.30268476844554
50.832999029159545,50.22869327423398
40.973001980781554,42.082280169927515
24.083000745773315,28.70209268790552
8.871999646425248,11.984126798951673
0.4200000092200935,4.521519811394583
0.0,1.5146304138167341
0.0,0.1875187686721753
0.0,-0.11187617797541957
0.0,-0.16278346453385836
0.0,-0.24431417855182996
0.0,-0.16803051257196822
0.0,0.038572065663952465
0.0,-0.012753260224437263
0.0,-0.09542600359823883
0.0,-0.11042649249069085
0.0,-0.05084897696391008
0.0,0.0930478114574397
2.482000021934509,1.177760050189332
14.57499973654747,13.769744579002248
30.676000986099243,31.299769703533954
45.863001375198365,45.44268933960451
54.61100043296814,53.039019675550456
56.595001635551455,56.54246615470772
54.05100029230118,52.18305739556484
33.88599995851517,41.82155105522809
7.880000072121621,28.726467141185047
5.389000040590763,16.274213537563384
8.511000003218651,6.387171273489948
0.4750000001117587,2.4329319668897114
0.0,0.7833742789630873
0.0,0.12247405933244668
0.0,-0.08864265614259134
0.0,-0.13215924990694647
0.0,-0.2048775717255632
0.0,-0.11477567431157644
0.0,-0.01772485192491094
0.0,-0.05967142209309286
0.0,-0.11167256329428593
0.0,-0.1385948536235779
0.0,-0.09638996651215194
0.0,0.026427503140559333
2.7270000834763053,1.3681075349858487
15.428999848365784,13.302655574001253
32.05399914622307,30.41662700951977
46.6059984588623,44.55386345738799
55.00600056886673,53.01044535059305
57.91800047874451,58.245711531632885
57.14900005817413,57.28287556751048
51.8249996304512,53.00532844743509
42.27700154542923,44.04143633043259
24.713000390529636,29.523985538850553
9.115000419020651,11.933131351667749
0.5439999881014228,4.442820762217378
0.0,1.4610704277612365
0.0,0.1695728459907266
0.0,-0.10946150397057594
0.0,-0.16238439708226507
0.0,-0.24456085126368082
0.0,-0.17973073005375967
0.0,-0.011725938028009739
0.0,-0.04588488735816567
0.0,-0.09523675018153706
0.0,-0.11666961439658019
0.0,-0.08662880524943425
0.0,0.021245554404551226
2.8910000586509703,1.3160829809195989
15.689999613165856,12.355050202869371
31.443999066352845,28.73282142626173
45.0509989118576,42.58000064057596
53.03199812173843,51.08115076561242
57.19300033330917,56.58455067708116
56.24500000715256,55.84097958032563
51.13900038242341,51.450141035626054
41.26499932527543,42.34519875124589
24.25400041460991,28.551130051479163
8.64800020635128,12.315890063070245
0.2449999973550438,4.827752695787426
0.0,1.596931221011306
0.0,0.20025449114936067
0.0,-0.09297941134851499
0.0,-0.1438924300865011
0.0,-0.22241083410074527
0.0,-0.16461318000860617
0.0,-0.06281390349158367
0.0,-0.06759549208014323
0.0,-0.0961587472387134
0.0,-0.10618921133764042
0.0,-0.07866119031476465
0.0,0.023763996313658386
3.2329999098181728,1.2777333011703647
16.051999542713165,10.679939750530588
31.69099995732308,25.381972140705052
45.65400109529495,38.47987009370199
53.31100201368332,47.509845311715395
57.23299946308136,54.5518570607024
56.21200082778931,55.28859225792608
51.020001225471496,52.18765208707202
41.5489984869957,44.30804647025159
24.676000065803528,30.82322547743596
9.046000174283982,13.981341277368506
0.5169999914057553,5.6046056045272685
0.0,1.8631823521389381
0.0,0.23825555576159457
0.0,-0.09082495292791862
0.0,-0.13763312290883012
0.0,-0.2128141480641976
0.0,-0.15908383322872932
0.0,-0.15227494641902112
0.0,-0.11249871450584165
0.0,-0.10949376119922402
0.0,-0.10032326216586052
0.0,-0.0662098490103587
0.0,0.006306332959551408
0.2739999890513718,0.8134534511334801
3.722000003308058,5.9067950822794755
14.2180002117157,15.641361556028707
30.667000463008883,23.48665458991264
36.03500116586685,28.913008259879433
37.74899899959564,35.37673867114169
49.67999956846237,37.69353489747272
49.18000017642975,38.53160398641263
39.55100149154663,34.799250792429774
23.832998995780944,25.617798645406886
8.933999940752983,11.974041183651437
0.5930000260844827,4.76673801757672
0.0,1.7238713213375454
0.0,0.2963932239977012
0.0,-0.042077755778034756
0.0,-0.1274341130983214
0.0,-0.23463259742386075
0.0,-0.15927456484448788
0.0,-0.055316645242834375
0.0,-0.0645262795582104
0.0,-0.09283768322447669
0.0,-0.09722289347801465
0.0,-0.049390949796778674
0.0,0.07124238120862897
1.2389999517798425,1.1731399980438229
8.907999684810639,7.914780942722883
18.85599933743477,19.40383861863682
30.15800054788589,30.34762890104161
48.80199874639512,39.789796156781286
55.30800077676773,49.06945563577603
53.46000154495239,52.09768839388074
49.48299861669541,50.900099846788926
40.29899795293808,43.68928969917013
23.63399952530861,30.366335167249282
8.37099996805191,13.469981978843922
0.2670000065490603,5.53352380964788
0.0,1.9516400743910967
0.0,0.26513995182482464
0.0,-0.05979002816862746
0.0,-0.11443638461633798
0.0,-0.1837405321051648
0.0,-0.1155661129973202
0.0,0.1376702497256024
0.0,0.10366331712172722
0.0,0.0029392480340903054
0.0,-0.025835881508305777
0.0,-0.029594434509278067
0.0,-0.014481673012262108
3.202000019401312,0.4915904258657249
16.962999544143678,8.873305939044831
31.150999381542206,22.14136816940811
42.39199955701828,33.32129051183865
48.5270001077652,38.3478168576678
36.3989985871315,35.774371728834105
15.172000201940536,23.994286440675026
6.096999939680099,13.71800387394636
1.7750000240653754,8.92344097206348
1.2800000097602606,5.725810799973287
0.0380000012926757,2.749934045975501
0.0,1.2370232469585911
0.0,0.46805124985197066
0.0,0.1572118772891186
0.0,0.0022087311073581695
0.0,-0.039163030548637116
0.0,-0.11395727951134312
0.0,-0.0170524075321125
0.0,-0.03522569887418302
0.0,-0.0609944367341963
0.0,-0.10182487647944499
0.0,-0.11875752349128396
0.0,-0.07843591475878002
0.0,0.048048817815351696
4.128999980837107,1.3887994244102644
18.381000941991807,12.372511465324477
34.962998197078704,28.480025058428467
48.78200123548508,42.13484571308526
56.433998668193816,50.70563996304679
58.59200039863587,56.84969792257466
57.72399833202362,56.731086514927
52.852998216152194,53.14729635012411
42.59699869155884,45.32182859739739
25.30699999690056,31.567983071124942
9.776999983787537,13.540047033897304
0.7710000304505229,5.1322633792164405
0.0,1.6856720210987888
0.0,0.1961506296021856
0.0,-0.1072661127881069
0.0,-0.15213712740374757
0.0,-0.22812395911385663
0.0,-0.16587143250234407
0.0,-0.012813398594957781
0.0,-0.048325224126340015
0.0,-0.09548941511295056
0.0,-0.11917134714054972
0.0,-0.08910144053256239
0.0,0.02112780204245046
4.383000051975251,1.3067873216588535
16.841999814510345,11.952045116397967
32.45500100016594,27.848711431758808
45.51799912452698,41.39306203401931
52.47300032138825,49.740345106536765
57.19300033330917,55.59660329895294
52.264998273849486,55.422665924790195
47.53799831151962,51.39305784703023
35.59800132751465,43.000173173782876
25.63599972009659,30.165784604613783
9.410999935865403,13.834201656807425
0.5919999964907765,5.5073338567582395
0.0,1.791792245498818
0.0,0.2223071896016216
0.0,-0.07707199226463576
0.0,-0.12846378275739131
0.0,-0.19891909981835273
0.0,-0.141017897206278
0.0,-0.062248525135920676
0.0,-0.07152170130491853
0.0,-0.09576245261264271
0.0,-0.10680642602853982
0.0,-0.07899808306685709
0.0,0.021913855395370496
2.8959999498724938,1.2457930162967505
16.606000019311907,9.807810093194886
34.08700000166893,23.621146114528266
46.44200079441071,36.21354895932598
47.78399891614914,45.49451746891759
54.73699954032898,53.219317041508674
51.65999962568283,54.571039422548466
44.93600090026855,52.21363570952086
42.47300015687943,44.57293401530611
25.59299973130226,31.393079178725955
9.713000143766404,14.759270416201035
0.7239999874681234,6.119090027285939
0.0,2.050816256649668
0.0,0.2594391021573486
0.0,-0.07502125174959345
0.0,-0.12978177473976277
0.0,-0.20211395468740465
0.0,-0.1500530383547162
0.0,0.021903372932244092
0.0,-0.002299874840040031
0.0,-0.06242900294466658
0.0,-0.05360641302716551
0.0,-0.0016621165502462149
0.0,0.10663709307165903
1.398999936953187,0.894635014297912
11.690999628305436,6.889867715542755
22.92900099873543,17.336349937922357
28.653000940084457,26.373440454099644
29.34399956583977,32.574339987544285
33.81399988174439,37.64607269822398
35.19200009584427,36.99019927213509
31.44100026130676,32.54515200945237
24.62100074887276,24.42054699873629
16.540999892950058,15.435384121453245
5.11500014781952,7.124470485707096
0.0449999998416751,3.0875753232701273
0.0,1.1233576232777835
0.0,0.2491840452879867
0.0,0.0029220394433897567
0.0,-0.056851731510001474
0.0,-0.13663566473935645
0.0,-0.043642191225447935
0.0,-0.005874684277523828
0.0,-0.03691170106019895
0.0,-0.08723919485286236
0.0,-0.09460282096669853
0.0,-0.03309480639071766
0.0,0.13232670086118742
3.925999878495932,1.4176202019048962
19.09199913263321,10.348476819499615
34.018999016284944,24.13764963235385
45.99300162792206,36.90985020930573
53.61899983167648,46.11608695133545
57.04800194740296,53.39030801177938
55.27699806213379,54.281818810424895
50.676999547481536,50.74062340728652
41.93899924516678,41.51479210135099
25.441999627351763,27.541121152039388
5.752000256478786,11.858303079804301
0.2230000042077154,4.699945473104596
0.0,1.537101964999936
0.0,0.19160933921992251
0.0,-0.07635859895564126
0.0,-0.11926424614674458
0.0,-0.18975539350111867
0.0,-0.12452601286030737
0.0,-0.02821377052976437
0.0,-0.05381418816308028
0.0,-0.09512058681296032
0.0,-0.11019786201423327
0.0,-0.06732689673473287
0.0,0.07766967599623062
4.498999890387059,1.4714693949761943
18.43000059485436,11.527481313538107
34.47899927854538,26.58464418999528
46.61200017690658,40.08180386719353
54.39900134801865,49.35501019121178
52.89600025892258,56.22692453036904
53.88699851989746,56.92864537623753
45.69100142002106,53.83447935904526
42.696998569965366,45.78207069020744
26.12199921131134,32.01122667746637
10.33999995648861,14.216009240277376
0.8339999692514539,5.652223726350811
0.0,1.8343711826537195
0.0,0.20682252775454735
0.0,-0.09305638035267617
0.0,-0.1308807194151655
0.0,-0.19855460082917994
0.0,-0.14646403922150736
0.0,0.0014389548473120461
0.0,-0.03312514781215552
0.0,-0.08817533549876286
0.0,-0.09118213438650263
0.0,-0.015777623902904866
0.0,0.1695685877731616
2.165999913215637,1.48127490875271
19.091000900268558,10.671895252527904
33.39599932193756,24.695269548465873
44.1110008764267,37.65007906305049
50.73799852848053,46.64650578606349
56.44099861860276,53.963282563106866
56.2729998087883,55.17352455730728
50.895998582839965,51.48877309059555
39.47700084209442,41.4748432154477
20.32799976587296,26.880997786956264
9.448999519944191,11.172809809886063
1.452999994531274,4.333472406836538
0.0,1.4067216048946807
0.0,0.1718120757140095
0.0,-0.07924959386701241
0.0,-0.11879014285421599
0.0,-0.18891270877929903
0.0,-0.12461869617747928
0.0,-0.15859629200968187
0.0,-0.11893530347239363
0.0,-0.1138685460246317
0.0,-0.10454962609503145
0.0,-0.08038807469754844
0.0,-0.02661450998495929
2.1040000040084124,0.6945401972049393
9.336000027060509,5.1552817039826015
13.276999835968018,13.97931083890864
25.240999584198,20.90489510897674
26.491000118255617,25.831437839041925
31.6399997317791,31.735488083103334
28.301000792980197,33.81957597320878
34.769000158309936,36.3295824432987
38.78799868106842,34.7679669031561
24.097000646591187,27.170188914100066
8.0099998113513,13.516840558737583
0.6320000248774886,5.496204464843185
0.0,2.0294667905121666
0.0,0.4092421559682898
0.0,0.02218097697012969
0.0,-0.08531076346117612
0.0,-0.1940591449535325
0.0,-0.11920286599365178
0.0,-0.006389578703130477
0.0,-0.04219235482805782
0.0,-0.08793962302056091
0.0,-0.11063652551568066
0.0,-0.0660627642500048
0.0,0.08309462001554169
3.3410000249743463,1.541551633333599
18.31899962067604,12.179072122541978
35.69800120592117,27.65554524368285
47.40600159406662,41.28938413280919
54.1830011177063,50.405330860727325
54.62500033378601,56.89905862128878
54.34499820947647,57.54813477471591
52.28000051498413,54.507509082057716
42.56399951219559,46.371138489976204
26.3959996175766,33.15902974565189
10.689999530911448,15.413128900099785
0.9030000214278698,6.2525108239325515
0.0,1.985506154812339
0.0,0.21577868020366853
0.0,-0.0851355308542539
0.0,-0.13073840795187935
0.0,-0.19929157255800584
0.0,-0.14705102178850582
0.0,-0.033661289157663435
0.0,-0.05187685745426118
0.0,-0.08339470622921276
0.0,-0.09675162036260866
0.0,-0.050907072029086356
0.0129999995976686,0.07969622951442587
4.410000080764294,1.4987864790144334
18.8330009675026,10.925978302393217
36.207999353408816,25.2524914035777
49.082999103069305,38.33562495348451
56.34400165319443,48.78380327461472
58.345999794006346,56.449030687298425
55.95099798202515,57.62988992318794
49.63500106096268,55.58522597605157
39.87000040531159,48.075004457832094
25.05200092315674,33.998816299282176
10.38400023162365,15.55961462807383
0.9539999902248384,6.546069581429545
0.0,2.196598564680789
0.0,0.2618324950917352
0.0,-0.08108752113205586
0.0,-0.13086515768125326
0.0,-0.2027893489766644
0.0,-0.14044656710790668
0.0,0.007181449054910152
0.0,-0.03396296541098831
0.0,-0.08527017762081818
0.0,-0.10253062171908352
0.0,-0.054090935680274954
0.0439999983296729,0.10933164081516042
5.635000131726265,1.682185597205021
19.242001004219052,14.158043145880702
36.91100141525269,30.83268995902931
50.33799901485443,44.83345578716454
57.46099902153015,53.41968659201724
59.70300015687943,59.22357775435855
58.00699926137924,59.41755791699876
52.64200147151947,56.14673035516474
42.26199930429459,48.18262729007369
26.120000692605974,34.468333587684604
10.571000373959542,15.692159689679618
1.070000021196902,6.124077907584375
0.0,1.9073659287606257
0.0,0.19457594844507425
0.0,-0.11781246875152221
0.0,-0.1498866175439266
0.0,-0.2238188225298574
0.0,-0.1661633419778732
0.0,-0.10111708380906703
0.0,-0.09099879851085715
0.0,-0.11743333655399832
0.0,-0.10592582777947623
0.0,-0.06976253903448548
0.0,-0.0198407409327013
1.7519999852776529,0.5645960944018902
5.4569999989867215,3.5515343703384814
5.789999840557575,9.769807158237077
6.417000166773796,14.016098243642055
9.0149995136261,16.372109408723894
19.696999834775927,21.376199684870983
44.0629994559288,26.661590285177397
42.25999873161316,32.70390835979699
23.73599997639656,32.58633830770342
21.991999714374543,25.08634261844133
8.799999569654466,11.14804200209795
0.1629999937210232,4.334335831491359
0.0,1.6897232142218552
0.0,0.3844973987091076
0.0,0.0702817703602715
0.0,-0.03858209559835607
0.0,-0.16340387171628556
0.0,-0.07680260335579256
0.0,0.0016168670381616485
0.0,-0.04189226373673845
0.0,-0.08811300259686067
0.0,-0.10204926045157356
0.0,-0.05464721963465645
0.0,0.08853634808548116
2.2029999811947345,1.4389638226916726
19.06700019001961,11.06721344720573
33.9450004208088,25.025656868676805
34.36399921298027,37.79246368614615
37.307998015880585,46.85011586039583
58.91999983549118,54.63111334473063
59.08299926757813,56.482878896291204
53.58199950695038,54.03930169734908
43.28300204753876,46.87668858865428
26.80200084924698,35.40509900105435
10.969999601244927,18.003493778076866
0.9949999840185046,7.376825603544248
0.0,2.291914332301422
0.0,0.2491290193834097
0.0,-0.08450991548846537
0.0,-0.13237518291535272
0.0,-0.20190768100211284
0.0,-0.13305809119135478
0.0,0.04792853648882933
0.0,-0.0052207579020769335
0.0,-0.07419062998451942
0.0,-0.07924164658328137
0.0,0.006689820190858897
0.1009999962570145,0.23127228540920836
6.178999798893929,1.6848614112906355
19.624999758005146,12.085445727734532
32.94700015544891,26.886855417883723
36.19600002527237,40.28656924452256
48.48099925994873,49.47501542012775
55.86199919939041,56.259929846435504
53.43799935340881,57.16404752125346
44.51300096273423,53.11202007784725
35.67799958705902,42.374461446821996
16.03700038254261,27.30677277963936
5.192999888658524,11.512825687355686
0.5139999989047647,4.565928931971399
0.0,1.4423170982118176
0.0,0.1747448720572154
0.0,-0.07578656362028964
0.0,-0.11550921237994508
0.0,-0.18332381298677441
0.0,-0.11647199859274945
0.0,0.014380280863826547
0.0,-0.026635774458432765
0.0,-0.08686474709368233
0.0,-0.09827468181683735
0.0,-0.021065631373476515
0.0129999995976686,0.18342530575381058
5.909000024497509,1.6768003215670357
18.057000596523284,12.68485246824543
34.04000092148781,28.119945223211907
45.47700176239014,41.65586914102643
51.99400078058243,50.91240651516191
52.75900005578995,57.23772212826195
49.44700063228607,57.38473847952065
45.205001928806304,53.56349564338837
32.90700102567673,44.06904519972497
19.944000725746157,29.357495437516093
4.760000168681144,12.684789543677232
0.2189999981597066,4.936297596205989
0.0,1.5226052675983424
0.0,0.1743549920446493
0.0,-0.08819785494787422
0.0,-0.12684869369373475
0.0,-0.19703383718058048
0.0,-0.12985235741814527
0.0,-0.10344022760624355
0.0,-0.09306941491475612
0.0,-0.0996252142481821
0.0,-0.09617187473878329
0.0,-0.05413621994949712
0.0,0.029996569361659925
0.8869999972358347,0.930379623176659
10.01900047004223,5.63477417916317
21.122999415397643,14.444488931762377
29.852999480962755,22.06884654098728
33.02800075531006,30.020628534170463
40.00900118112564,40.476448118392184
46.8530014038086,45.77536611061799
50.16300025463104,48.81084900351315
33.74099951863289,45.320300299808416
25.669000953435894,33.99005150543168
6.851999945938587,15.695788837101754
0.801000019647181,6.450701359173271
0.0,2.362901130911273
0.0,0.3820870525856551
0.0,-0.00034403075593403276
0.0,-0.09567688692938486
0.0,-0.18318292181463702
0.0,-0.10273854050569776
0.0,0.007258903202695746
0.0,-0.03457500232830843
0.0,-0.08263783378076142
0.0,-0.10646523228097061
0.0,-0.07028751529531577
0.3700000058300793,0.07269443292954061
8.248000179231168,1.7082130202099592
23.537000505924222,15.526143392450724
40.64800134897232,33.54672328066505
52.43599999666214,47.27535598466961
58.87399898767472,54.89121615668726
61.71100001573563,59.99375915369105
59.47799940347672,59.914726269054526
53.94100165843964,56.776393555791024
43.463000185489655,49.39424141009256
27.576000647544863,36.41128346690581
11.260999740362168,17.05438389869301
1.0590000165998936,6.583180397020098
0.0,2.0205547757096873
0.0,0.20916159929899408
0.0,-0.10727345755968817
0.0,-0.1473482430807938
0.0,-0.2209397695407071
0.0,-0.1731339721289229
0.0,-0.000598954066789878
0.0,-0.030878375391836188
0.0,-0.07394708223087676
0.0,-0.08718415011581708
0.0,-0.05762509210856283
0.181999994367361,0.0670644360501148
3.778999892920256,1.521522284245079
19.7480000603199,13.004740705907556
36.962001640796665,28.987366778571356
47.84600023746491,42.02638542027357
42.675000486373904,50.047773161948534
59.87999948978424,56.474556620417665
57.66400169134141,57.36752189976412
51.11100058078766,54.56635831443694
43.45399966239929,47.760231871347074
27.396000455617905,36.20112630757467
11.786000128984451,18.217831192914126
1.4249999361485244,7.291557853064671
0.0,2.2188290085083477
0.0,0.24390137882848145
0.0,-0.09627407465039073
0.0,-0.14339787879348329
0.0,-0.2238315896413443
0.0,-0.16756445686926075
0.0,-0.02263894360179146
0.0,-0.04761029439936862
0.0,-0.08144952370597425
0.0,-0.09875840402312608
0.0,-0.05238167040466905
0.0,0.09170645475994171
3.867999959290028,1.618616540199159
13.813999552726743,11.970663192704498
30.53200083255768,26.50002126075536
49.370001177787785,39.63727143312801
58.99100167989731,49.2498487663562
61.84899845123291,57.105607246363476
60.0560005903244,59.08614457441757
54.67899936437607,57.10776340934798
44.42500041246414,50.43530931489696
27.79700025558472,37.971142075293486
11.984999599456788,18.769317706101923
1.481999954134226,7.727297232435276
0.0,2.5034179799180345
0.0,0.27367397708983765
0.0,-0.08482858058828578
0.0,-0.12331246220746347
0.0,-0.18450739001993088
0.0,-0.1275300786837378
0.0,-0.022007546393066332
0.0,-0.046169531060426656
0.0,-0.08532234330638203
0.0,-0.11223375259944182
0.0,-0.08421427847845812
0.4440000134147703,0.05732206699583592
8.70299952328205,1.7943994619587407
23.69999993801117,14.893778415350281
40.3970013666153,32.133775743493764
51.164001379013065,45.8621908494935
57.409998795986176,54.23678736079963
59.79100070714951,60.060076747881666
57.87499843597412,60.7625223808537
53.014999415874485,58.346509931352976
42.75899989128113,51.93265165165445
27.294000004529952,39.467258711740485
11.25099995791912,19.26509401684668
1.4999999733269216,7.688606084313719
0.0,2.364006402363767
0.0,0.24619622000259145
0.0,-0.0951641940702096
0.0,-0.13272368748999602
0.0,-0.20054151716759208
0.0,-0.16180477087923728
0.0,0.020674506559202624
0.0,-0.029711126786895047
0.0,-0.08230265047852214
0.0,-0.11217050392953731
0.0,-0.07431166324316568
0.4129999946244061,0.09381565705434688
8.544000209569932,1.951614039058601
23.43100096344948,17.23721980412605
40.32399894952774,35.2512942151731
52.4610009932518,48.977572549748274
58.69999845981598,56.761876112599765
60.3869988322258,61.594765217296214
57.29099963903428,61.67636840896326
50.73999910116196,58.8431746937932
42.25299878120423,52.13470128118065
26.330999491214754,39.75264645185198
11.31399951159954,19.532855075316135
1.4339999457448722,7.688569001690645
0.0,2.254097421290921
0.0,0.21869369570409475
0.0,-0.1141965881571644
0.0,-0.15062060267239585
0.0,-0.22446947450971463
0.0,-0.17123571466763132
0.0,0.06593324384036242
0.0,-0.0034250022291145016
0.0,-0.07276700470083132
0.0,-0.10339418630447438
0.0,-0.04532969354631328
0.4649999930150807,0.15789177480768718
8.832999776005746,1.9410135198315173
23.57900020837784,16.368812831030212
39.53300044536591,33.91785914606453
50.27200065612793,48.08490673983661
56.05900015115738,56.01736058939506
57.55199837684631,60.76729713291456
54.9299993467331,60.66210425471532
49.67000081300736,57.06986068362574
40.307998476028445,48.80034595127418
24.528999053239826,35.7798335974746
10.424000388383863,17.0582057315778
1.120000024586916,6.716779174531915
0.0,1.9820435874860731
0.0,0.19359890913624644
0.0,-0.10307144985525155
0.0,-0.1384479666415089
0.0,-0.21030468975855018
0.0,-0.15785066036535395
0.0,0.08644027954242783
0.0,0.04737422744838532
0.0,-0.04581419204948564
0.0,-0.05140618034600647
0.0,-0.012671875431350524
0.0,0.040920120745682326
1.438999965339899,0.561772344094613
8.1609999153018,3.6820393418074504
13.793999987840651,9.56354447806401
15.983000324964523,13.329134977932014
17.537999871969223,15.08130373940074
19.94799981713295,17.711252239822684
26.59900023341179,20.505062414968933
32.09799942135811,23.25878901521316
23.904000840187077,21.709000802337634
8.95499979197979,16.839849898412965
1.2500000205636024,8.67533484786848
0.0439999983296729,3.793827376107287
0.0,1.4191342606040056
0.0,0.38923397497066364
0.0,0.1411435454615867
0.0,0.04637640389840049
0.0,-0.06011068953908803
0.0,0.07922808417548688
0.0,0.0380247017339817
0.0,-0.014427158092023738
0.0,-0.06572091701127655
0.0,-0.08905817525763987
0.0,-0.04293165322491571
0.0,0.12502867015219385
0.2329999952577054,1.9086317623380586
9.473000230193138,14.53516060261514
24.963000086545943,30.669649656570392
41.63199965953827,44.64452150321944
53.91600066184998,53.77331505580645
60.57900040626526,60.11523044650172
63.71999810695648,61.14585454733035
61.85599840164185,58.941181596349544
56.12400027751923,52.16638646980048
45.61900134325028,39.786348489562336
28.512999877929687,20.1841034322429
12.479000354409218,8.43417824440195
1.6970000264793634,2.605953318286249
0.0,0.2637011500492781
0.0,-0.08334960500102181
0.0,-0.12043979339137229
0.0,-0.18789639719203968
0.0,-0.1370993868427958
0.0,0.10162492657336036
0.0,0.04385471394443506
0.0,-0.03862487136534323
0.0,-0.03874185288253819
0.0,0.04360883729978961
0.0,0.2016548129349473
0.0380000012926757,1.1460605616602582
1.6209999597072602,9.282952558040732
4.828000127077103,21.503405671870013
16.65700024485588,32.24633761530592
38.51700118780136,39.50958527996342
52.482999076843264,45.308941663014714
44.3970006108284,44.48366891355356
36.737999119758605,38.29748240245471
38.8229984331131,28.25431804900773
18.70400100111961,18.83918067956286
13.074000247120855,9.347684217359923
5.972000091671944,3.9324592556857048
0.6049999960884452,1.2729865887936032
0.0,0.23705444781677654
0.0,-0.017754121549271862
0.0,-0.07675765443136873
0.0,-0.14497912552441783
0.0,-0.02800654810756463
0.0,-0.053653706357538467
0.0,-0.06575580804052308
0.0,-0.08341350437119795
0.0,-0.0824895416344271
0.0,-0.030766045459077726
0.0,0.08156958211508766
0.333999999538064,1.145000950024654
5.052999853491784,7.272930334510744
8.542999923229218,17.67142749419289
22.62399993181229,27.257899435226392
44.92799860954285,35.920000979934684
50.82900199174881,46.7858078768143
45.489001090526585,51.965223818939855
58.62400134563446,53.138921285549834
55.25499997854233,48.71822644316457
45.11599903821946,38.26582958922082
26.51699934720993,19.346756465277707
12.239000440835952,8.047684231443277
1.738999985679984,2.7465915723244594
0.0,0.35438070497551516
0.0,-0.045826021356108124
0.0,-0.11140046279669485
0.0,-0.1757254912857531
0.0,-0.0918748193822114
0.0,0.026690526612837592
0.0,-0.0242871172422714
0.0,-0.0759190108025864
0.0,-0.09849826947677821
0.0,-0.05446453971296843
0.0,0.11044560350413613
0.8290000138431788,1.7837299024968527
10.876999673247338,14.091003064295684
25.94600016474724,30.432517223379953
41.43600104808807,44.52428158120454
51.775001745224,53.28003004722012
57.72399833202362,59.38748943368986
60.27900077104569,60.19945908852155
58.44399909973145,57.574144833857815
53.08400068759919,50.65800574060824
43.80499952316284,38.91085219685281
27.363999508619308,19.905029332874314
11.661000280976296,8.218041771595283
1.6569999980926513,2.4414791128673485
0.0,0.23794019495458257
0.0,-0.08747422448176029
0.0,-0.11751026504038187
0.0,-0.17937275290543012
0.0,-0.1321732802967011
0.0,0.04627854030790329
0.0,0.027421471772661216
0.0,-0.07266445013272088
0.0,-0.073666918465794
0.0,-0.06909579420387402
0.0,-0.06836222304716696
0.0320000002440065,0.28037300731329373
0.1730000008177012,2.498501880167785
1.0420000270009042,6.823652810994317
4.276999996006489,8.864522912066795
5.979000042080879,9.385086872516718
5.167000146210194,9.375613364894795
9.544000020623209,9.554436079503857
8.845000131130218,12.008399052230507
10.31300044119358,13.419377214339614
11.617000005841255,11.40582545981704
9.446999974250794,6.113116390481123
3.855000088065863,2.7997780526486955
2.0939999648183583,1.291108753868548
0.0,0.6147280520336642
0.0,0.36709027951968026
0.0,0.2570433694746643
0.0,0.07376817852190223
0.0,0.15688492088938422
0.0,0.11740245793347245
0.0,0.07845890285676546
0.0,-0.05705796851734686
0.0,-0.10273293221481279
0.0,-0.20466190063695122
0.0,-0.36357531571991497
1.13000006377697,-0.03936260816934656
11.628000074625016,5.33761491159772
27.7999990606308,16.22847230199944
38.626999821662906,23.376989304530426
17.18599972486496,24.955963317484773
16.662999908924103,23.432746869575162
12.433999792933465,19.141407866122556
7.312000208199024,17.866059161047268
14.735000363588334,17.18109597625915
19.72100054502487,13.929103367024366
17.87399954557419,7.421423337490249
9.878000148534776,3.066662518595256
3.087999983429909,1.0501360093460088
0.0,0.29711861686185537
0.0,0.07473660315491479
0.0,-0.030109162943477957
0.0,-0.16238009279280474
0.0,-0.04255880049003147
0.0,0.028192910511226785
0.0,-0.02429030809983706
0.0,-0.07694712625496838
0.0,-0.1080743591682155
0.0,-0.06670617024663113
0.0,0.09584560483401319
1.090000035390258,1.8572171248678169
11.56899961233139,14.805427979651162
26.97799989581108,31.531733392579497
43.10099922895432,45.46581827385663
53.65399958372116,54.12520584557039
59.429997982978826,60.07894431944124
51.87899866104126,60.85224490859195
51.32900138378143,58.39342616057544
55.53699856758118,51.530388538334755
45.22499943971634,39.36324013451799
28.79899961233139,19.999489018368664
12.65500042796135,8.279050901292385
1.8540000512450932,2.512250734387009
0.0,0.25881885578009395
0.0,-0.07485698126571254
0.0,-0.11639523887965839
0.0,-0.17819306734519752
0.0,-0.13019583135480503
0.0,-0.015842839011943874
0.0,-0.03814254568630163
0.0,-0.06518517679733415
0.0,-0.07351748876009374
0.0,-0.01838811434636331
0.0,0.12472131447005197
0.3119999903440476,1.6396261600001802
8.253000070452691,11.011122875845233
17.193999961614608,24.40407385066697
32.9459998691082,36.86067628718255
51.40199969291688,46.99387710130832
54.94899862527848,55.9140261173634
60.09899852514267,58.7261216094728
61.327000975608826,57.50790409863471
55.30199905872345,51.194227929884796
44.89700000286103,39.81261061829598
28.79099937558174,21.526487124987334
12.595999965667724,9.491610781201919
2.003999997228384,3.0662816934348416
0.0,0.3389565829596661
0.0,-0.05774276586984716
0.0,-0.09952836132016932
0.0,-0.15436757093660117
0.0,-0.09301976594045575
0.0,0.0202355883241713
0.0,-0.014921423664480182
0.0,-0.05938719829250291
0.0,-0.08204005317901053
0.0,-0.045174535223227605
0.0,0.10883978803212063
1.3640000565350057,1.9092381155065108
11.765999537110329,14.471888822093453
27.17500084757805,30.619339202240354
42.85199981927872,44.36770100640717
53.26199825286865,53.48973656143586
59.377001292705536,59.95326229336598
61.055001142025,61.1847822432946
59.30800002098084,59.112788024112554
53.97400083780289,52.69625426062566
44.36299909114837,40.79232599206735
28.12700026512146,21.36846514434894
12.095999546647072,9.060814584851208
1.867000050842762,2.791969805019192
0.0,0.297715259227618
0.0,-0.07265824066290494
0.0,-0.10625517695010339
0.0,-0.1651638993949895
0.0,-0.11779868904198737
0.0,0.06596851661789843
0.0,0.0018245444724536153
0.0,-0.07439071643196701
0.0,-0.10287670071020574
0.0,-0.026441316290980274
0.0,0.2129474297617332
1.1789999733865262,2.1948673689697484
11.15500019788742,17.097781745052522
25.40900044798851,34.564022905537115
38.24599958658219,48.24246537809964
51.57500198841095,56.28629172163558
57.65000179052353,61.38553935222156
59.59100095033646,61.75028700378099
56.84900042295456,58.969297866001476
50.62199817657471,51.61481456363221
37.94899875640869,38.443227637307075
26.548000007867813,18.624046849328664
9.631000284552574,7.332657629752065
1.6159999401122331,2.143740161441533
0.0,0.23172051212940892
0.0,-0.0748650805309166
0.0,-0.11673770807502046
0.0,-0.1886687194914326
0.0,-0.12957271032690082
0.0,0.042841685540424806
0.0,-0.01642106249350589
0.0,-0.08119548688532996
0.0,-0.09916945231149975
0.0,-0.05426306094381381
0.0,0.0921477838806328
0.5900000014901161,1.540624843646978
11.195000354647636,13.214503826237248
26.45100098848343,29.197522125341635
37.02300062179565,42.098119897538815
51.3060009598732,49.920239677442446
55.64500073671341,55.944303297403984
48.31099987745285,56.34402192900163
43.195999729633336,53.14881400044823
42.53300090551377,46.784377033626235
37.80999798059464,37.85003095845973
25.709000083208085,21.608930062274233
11.521000245809557,9.013567447093875
2.076999975219369,2.508027014099191
0.0,0.2599925703790051
0.0,-0.07593750478393918
0.0,-0.12947231575115253
0.0,-0.201926561499192
0.0,-0.13124278884804724
0.0,0.02642104434374068
0.0,-0.018343305149818093
0.0,-0.056516537813655475
0.0,-0.06458058828921659
0.0,-0.012130775736403532
0.0,0.1190577653146076
0.0499999993783421,1.3967308629649688
2.892000088244677,9.204158689851695
12.02099963784218,20.905837391038
32.146000841856,31.978634675306346
44.62500016927719,41.53928531729627
48.00299795150757,51.71869856688411
50.45800051212311,55.820556374900015
57.73600176811218,55.45526954574828
53.90099842071533,50.483909670051794
43.65699822425842,41.336784867878954
28.107000700235368,23.654367847070063
12.364000288844109,10.47738931382157
1.875000030845404,3.350704839594297
0.0,0.3924864949992357
0.0,-0.03240986968593587
0.0,-0.09454784354431703
0.0,-0.1499626543142527
0.0,-0.06334674812430642
0.0,0.007324381647855566
0.0,-0.02461509574108857
0.0,-0.05605789596706551
0.0,-0.060641126789405406
0.0,-0.009065455325521998
0.0,0.11745353043440551
0.2149999921116978,1.3359906330630968
10.522999980449676,8.90504117649845
22.55600100040436,20.81809174302255
33.35700047850609,31.56696383846377
49.02400069475174,40.55623161195709
55.38900137662888,50.11131573011407
58.46200014591217,53.94894837761143
55.96399965047837,53.922462714410166
49.12999818325043,49.207654174431624
40.26000116348267,40.229391763251684
25.088999193906783,22.708863220942618
10.004999542236328,9.84997819991487
1.7739999944716691,3.0816399075751257
0.0,0.35994288745979164
0.0,-0.03958757317960425
0.0,-0.09776650936289669
0.0,-0.1556082481105733
0.0,-0.07093708603425594
0.0,0.12013062687587195
0.0,0.033574222490684286
0.0,-0.05281584544559819
0.0,-0.0861607539834926
0.0,-0.014069138523735703
0.0,0.21510866439248988
1.5710000205039978,2.013869370526848
10.664999561309816,15.262417133775237
24.36100024342537,31.709938919046955
41.47600017786026,45.72922207230671
51.57199907541275,54.341382901448696
57.07099826335907,59.73675473109231
58.67100042581559,59.98769766926584
56.60900153636933,56.644136895933485
53.044001557827,48.39377749043839
43.91100111961365,36.208126931250845
28.13099935650825,18.84931285246394
11.630999906659127,7.909089612456991
1.7469999656826258,2.2904664459489648
0.0,0.24104283878755578
0.0,-0.05465745823406408
0.0,-0.10168232805130495
0.0,-0.16672421912574126
0.0,-0.10279703069758292
0.0,0.14663891499818743
0.0,0.10361313867845984
0.0,-0.027228665835737076
0.0,-0.04721187745608074
0.0,-0.0621011758130795
0.0,-0.09061442638925099
0.6929999686777591,0.3174302227012025
7.941999852955342,4.471563423240352
20.560000469684603,12.145303154279071
33.03899979710579,17.025897144674637
20.63399906516075,18.21694601282679
9.28399951517582,17.023995697879904
7.591999765038491,14.861401851612124
7.053999761939049,14.105429899938896
5.6859998437762265,12.50020472847587
12.876000036001203,10.005128960102113
13.149000155925751,5.900663772419394
5.825999878942967,2.790571696754331
1.2850000293552877,1.0476868817439242
0.0,0.36937182594207074
0.0,0.15308074165061056
0.0,0.06607671165355783
0.0,-0.0559203205636188
0.0,0.08072293401540331
0.0,0.06670741329985105
0.0,0.031082493561017333
0.0,-0.07269751560850862
0.0,-0.0900509949093331
0.0,-0.12312934039805115
0.0,-0.16928757733155808
0.962999999821186,0.26147536895361345
9.829000495672226,4.338611130555684
24.478000881671907,12.045092432362848
29.62199906349182,16.792725042517446
25.89199908018112,18.26808160343915
6.098999998867512,18.56788169654869
17.213999526500704,18.036254200376348
20.655000970363616,19.75644197018842
12.812000195980072,21.385010238314635
24.616999603509903,19.666188560650532
24.958000708818435,12.250508600003776
13.877000133395196,5.579642340771906
2.6429999083280564,2.1619663064492514
0.0,0.7363071758605891
0.0,0.3090787246426959
0.0,0.09029199014441644
0.0,-0.09732734950395244
0.0,0.046386369861387555
0.0,0.06667935042484419
0.0,-0.0026429885298322464
0.0,-0.06545467641073968
0.0,-0.07668473706910395
0.0,-0.01640022899685717
0.0,0.15420184456875166
0.5970000160858036,1.608389689712108
8.029999889731407,12.689875588276891
27.79200087785721,27.7863457642517
32.90700102567673,40.19786987093414
52.88799796819687,48.23129924558897
61.96800171613693,55.629068599649635
59.470001220703125,57.35425155281717
52.31500026702881,54.9695405658842
48.21799994945526,49.01408330604415
38.513000042438506,39.60959248635824
24.03200052022934,22.579421983601605
10.529999930858612,9.43921177787593
3.043999965041876,2.7623110986119572
0.0,0.3214098719135985
0.0,-0.04308704135803696
0.0,-0.09988233757610657
0.0,-0.15967325823857303
0.0,-0.0694809154344262
0.0,0.06475648610891334
0.0,0.003189046234366291
0.0,-0.0449999449290621
0.0,-0.06553587613923527
0.0,-0.03191232998708292
0.0,0.11481485683308504
1.5750000105053186,1.791357590617707
12.55100043118,14.214735255253311
27.542999414205557,30.292701902431105
42.131999051570894,43.67746473710342
54.127001514434816,51.94906804083577
60.19199845314026,58.53199866602903
62.59600078821183,59.94998947490063
62.04599940299988,57.84609649194726
55.8070019364357,52.50108295989303
45.801998286247255,44.0332219081387
29.865000863075256,26.165165398938797
13.458000314235688,11.356262046558873
2.6060000970959663,3.264538570358017
0.0,0.3169124415624721
0.0,-0.0664434176485085
0.0,-0.10412180530263954
0.0,-0.1585215034235558
0.0,-0.10115943368425284
0.0,0.033598775876789125
0.0,-0.01453806348034073
0.0,-0.05995504607172386
0.0,-0.0773777510092717
0.0,-0.03498160403828074
0.0,0.11804169248520396
1.8880000304430724,1.741098161228038
12.579000232815742,13.034379417513414
28.122000887393952,28.414989118781286
42.93000161409378,41.60410696541232
52.6939999294281,51.1354427902316
57.88500129938126,58.28074346248309
59.0199997138977,59.43893976530703
54.71899849414826,57.53117746217055
50.16599905967713,51.807435773615936
39.22100148200989,41.6793808356263
24.42199922442436,23.187232117011277
10.74600016117096,10.057833304696494
1.8270000224560496,2.9614025803492035
0.0,0.3120180924245298
0.0,-0.06225754994102701
0.0,-0.11212841939657453
0.0,-0.1750912512742686
0.0,-0.11170019153130734
0.0,0.17534699975098614
0.0,0.09343939347281288
0.0,-0.012457768484652243
0.0,-0.01106180479527559
0.0,0.10489173111864605
0.0,0.35978795404352004
1.494000052511692,1.579561867522401
11.00100026190281,12.154951082136824
18.656999866962437,26.71575585109015
31.45999953985214,39.2063458074553
46.68600082635879,46.70242267431599
52.65400079965592,51.538835229477264
39.21299919128418,50.02153269585702
48.66800145626068,41.76716473108723
40.71300147533417,29.903561443808563
23.86399965643883,20.0492990523679
10.751999825239182,10.352562149745223
6.7819999283552175,4.366112329447885
0.740999977067113,1.226755985200792
0.0,0.181899902881277
0.0,-0.03857567344419745
0.0,-0.08503564121280668
0.0,-0.14525404564124356
0.0,-0.03340438287321375
0.0,0.11485258151475802
0.0,0.02238797435453639
0.0,-0.05732275338077105
0.0,-0.08897790150566601
0.0,-0.05294643239351249
0.0,0.09817184428196904
0.721999992467463,1.721799552417982
13.254000439047816,15.479445688692117
29.576000269651413,32.80403842265137
44.68500091791153,46.37921621926013
55.294999108314514,54.2171943101107
61.85799897432327,59.64793259386646
64.00200080394745,59.994309563614316
60.58800092935562,56.819398432652186
52.5910012459755,50.20991511893221
38.03699930667877,40.23990137031416
27.257999966144563,22.795280687619083
13.608000131845474,9.711370325000788
2.754000112265349,2.748213458619062
0.0,0.2941940978783671
0.0,-0.04888785512709998
0.0,-0.10239486019368357
0.0,-0.16001412317507296
0.0,-0.08923362902772289
0.0,0.060444707088540606
0.0,-0.0042227859419038255
0.0,-0.059545842465924516
0.0,-0.06576908327353317
0.0,-0.009951396409309143
0.0,0.11547934184832725
1.2839999997615814,1.254842504071919
5.289999935030937,7.893139469082043
15.754999739527705,18.5758265036159
33.881000580787656,28.130716921010595
26.92799995660782,36.56301002572632
47.262001440525054,47.487712198559976
58.02799911260605,53.38352508340988
61.31899868488312,54.68620366582589
55.34300052881241,50.43241855861397
43.58399991512299,41.047641378506654
29.573999696969988,22.802036114804068
13.594999490380289,9.988488105500553
2.852999961078167,3.280650674139438
0.0129999995976686,0.4358269854600877
0.0,0.011672730261533648
0.0,-0.0722172110196663
0.0,-0.13404957741926937
0.0,-0.0332260304446772
0.0,0.014389129031049608
0.0,-0.024602827015008558
0.0,-0.06041632493932113
0.0,-0.06704960198858181
0.0,-0.03637912913074792
0.0,0.06921377679311613
1.979000027626753,1.391211109220121
6.78399998754263,10.05614345861009
17.069000113606453,23.295921647839464
32.49000075221062,34.85797044563928
38.19200055599213,43.40622379130506
46.20000133514405,52.486629212601095
54.27299813270569,56.02502204847211
50.762001292705534,55.57709632997876
50.91500196933747,51.32481025972739
43.41999814271927,43.460415353019194
29.158999996185305,26.343505686189268
13.649999834299088,11.765575243789135
2.1909998828172683,3.5870309857160128
0.0,0.4046932878241535
0.0,-0.036162052207831044
0.0,-0.09974399848393359
0.0,-0.1637770601247865
0.0,-0.09259074180880411
0.0,0.10819155169027611
0.0,0.02274282747816858
0.0,-0.06057061910446042
0.0,-0.061414502503080705
0.0,0.018778699843456703
0.0,0.19368357934204572
1.5190000221133233,1.3366075603324534
8.885999547243118,9.494516261658221
16.944000265598298,21.88989793090181
27.71499936938286,32.638409896608316
40.28800096511841,39.883572113188286
41.32400184154511,47.50488781198492
29.376000512838363,50.118635486989746
42.24700117111206,47.67244353453856
45.0509989118576,40.74860731047645
30.96300100684166,32.08012839738021
24.938999376297,18.2753494804807
10.39500030040741,7.771497234645876
2.4140000635385515,2.252439047184364
0.0,0.29324090581580176
0.0,-0.018377530276545553
0.0,-0.0818788821521698
0.0,-0.1458065665787611
0.0,-0.033423131150105895
0.0,0.07875719421592464
0.0,0.015296485616602365
0.0,-0.042966756308064014
0.0,-0.0673646910377159
0.0,-0.020777982927653482
0.0,0.1802985834244678
2.46500003233552,2.093732578658547
13.063000178337097,15.135982767532134
27.663999143838883,31.32723046398789
41.07400009155273,44.93591111159195
51.039998736381534,53.432630359196
56.85300156831742,59.64481139936753
59.71499948501587,60.939073332786904
58.21000193119049,58.70337541750329
55.18500047445298,52.692999112791234
43.89200184106827,43.3797685838927
30.31500031590462,25.437818153020736
14.399999949336053,11.134185562354448
3.2319998802244663,3.134147997312393
0.0259999991953372,0.28987064514522076
0.0,-0.05930613063391972
0.0,-0.08751346122082969
0.0,-0.1403201115377588
0.0,-0.09757581744952344
0.0,0.18458943514524595
0.0,0.09975153555492594
0.0,-0.016920364093972518
0.0,-0.026494364766814035
0.0,0.05024995412645514
0.0,0.2383036811019021
2.5289998723566534,1.4027293212606864
13.39300018787384,13.361031000530918
27.74600003004074,29.664216301919183
34.680999608039855,42.141331022949124
47.06000111103058,48.573848678159905
54.07999832630158,51.751114770537136
48.09700021982193,48.114425472746284
42.48000010728836,39.17900488652015
21.995000573396684,29.419429809223402
29.148999186754228,20.890991366985183
4.80100009828806,11.175566200894984
0.3420000116340816,4.544613643174247
0.0259999991953372,1.1977539712855734
0.0,0.1769018803506387
0.0,-0.039288812251568314
0.0,-0.08616378859480014
0.0,-0.1543720966868739
0.0,-0.04532793183264272
0.0,0.09537677550466622
0.0,0.016589227150128685
0.0,-0.063228650379405
0.0,-0.06972135971314647
0.0,-0.015306882662450547
0.0,0.09591647953407359
0.1840000054147094,1.0634318480563554
3.611000056117773,7.606707445579882
19.40700100898743,18.594139927377817
24.76699942111969,27.793672144642457
24.87800039529801,34.45141278008685
32.02900020360947,42.6715785531347
45.250998668670654,46.42873478935741
42.38000022888184,47.021429007116545
52.82600075483322,43.579798639409184
40.444998679161074,36.24172286886022
22.74999903917313,20.575942577272343
11.819999594688417,8.674582721294751
3.5809999385476114,2.6975491373525307
0.0259999991953372,0.39975407220950687
0.0,0.025452330244429458
0.0,-0.07109017142245619
0.0,-0.14977533082525352
0.0,-0.015686839995119273
0.0,0.21448168398347228
0.0,0.10591653131823778
0.0,-0.029241325867191748
0.0,-0.04817732911369077
0.0,0.013492380901046791
0.0,0.12362877417076903
1.031000022403896,0.9094183552944414
4.559000125527382,8.296318812681017
15.855999904274942,20.07574902360374
30.53200083255768,29.628411110570703
49.06499805688858,34.45166846943916
47.87400003910065,37.19367225320036
32.0930000436306,35.36005914304745
21.579000586271288,30.003305032102638
33.40499984502792,23.869935592159678
24.39999908685684,18.927712568667012
16.478000339269638,11.405198920661928
11.984000340104105,5.135248074140625
2.3399999275803567,1.6430626214997504
0.0,0.34145094011893756
0.0,0.062038610329325575
0.0,-0.029307366328987228
0.0,-0.10435009482405812
0.0,0.06486537454290799
0.0,0.1031199063940868
0.0,0.024575342030070224
0.0,-0.03153934465156834
0.0,-0.04903635891671584
0.0,-0.0003472412841536293
0.0,0.1665834472833827
1.2150000117719173,1.869890768816005
9.10599989593029,12.71968635680611
31.668999819755555,26.83601909987098
43.6919979763031,39.89748850660592
51.7189980340004,49.51700428007191
57.93400095224381,57.41579104742656
64.84699833869934,59.83642216710726
63.365999441146855,58.20484165630365
57.58500166416168,52.34385985969635
47.59900140047073,44.17089112116284
31.984999928474423,28.101138879556792
15.545000200271607,13.356547893519123
3.734000101685524,3.906095398003175
0.0320000002440065,0.3821879649627645
0.0,-0.03401570707255206
0.0,-0.07553991965861298
0.0,-0.1259989691265172
0.0,-0.06032203726752125
0.0,0.14494289443208622
0.0,0.043087070401041136
0.0,-0.040987120673456966
0.0,-0.05156852930810191
0.0,0.014625336163035588
0.0,0.23803799259636294
3.2400001169741155,1.8985572486156306
14.447000056505203,14.349560507100763
29.28400087118149,29.83396535784975
42.70500086069107,43.74239111945121
53.01999879360199,52.59979918400905
59.96899827241898,59.264160503823646
62.64999981880188,61.11487944343089
61.52200135469437,57.49212550040321
55.359999234676366,48.301937199053256
39.79399918317795,37.2374177965319
32.54700064182281,22.142098549365123
15.676999998688698,10.11461257364719
3.598999957740307,2.7627842549099513
0.0,0.28539043961473426
0.0,-0.052530226483629906
0.0,-0.0874289317305502
0.0,-0.13512726276544187
0.0,-0.06148812974674921
0.0,0.12928959624118092
0.0,0.035217835158478095
0.0,-0.04557548225389443
0.0,-0.058905081649731884
0.0,0.009758289717498883
0.0,0.211326418734753
1.3240000281482935,1.725632749240829
12.64400035917759,12.234185639385727
29.0810002553463,26.285465523924508
42.73500123500824,38.834213509376184
53.12499804973602,47.39386724147506
60.532001326084135,54.78143033854176
52.41700071811676,56.85996790018597
59.92399976491928,54.29831156230548
55.68900101184845,47.61530663089698
46.1689986205101,39.25625248868965
29.06999915957451,23.98167762337603
13.330999893546103,10.58336702476092
2.920999919474125,2.8648819953733065
0.0,0.2902367100091822
0.0,-0.04150660982899177
0.0,-0.0888057411556338
0.0,-0.14737911220747463
0.0,-0.066196760394873
0.0,0.20514676023794332
0.0,0.1097532057438532
0.0,-0.01528641884122163
0.0,-0.017175942006484174
0.0,0.07268101024847884
0.0,0.22071179482179504
0.0389999987930059,0.9588241773227568
6.056000010073185,5.802718856033871
15.901999725103378,13.756255564499448
22.867999963760376,20.920441942664887
18.761999123096462,26.437652197145916
38.08000134944916,32.4250972978861
39.9440010547638,35.37259982404051
37.90800139427185,32.492882574387686
31.74699956059456,24.59209668114162
19.038000102043156,17.5846677022894
10.938999967575072,9.489934016963526
4.489999880790711,4.425280972750692
0.8409999838471413,1.4938225391635243
0.0,0.30488571084850585
0.0,0.04814291506992245
0.0,-0.028743136832292307
0.0,-0.09907347434339767
0.0,0.05883973474367564
0.0,0.23493857940371093
0.0,0.12038343415523495
0.0,-0.01143063513107058
0.0,-0.025247749045629597
0.0,0.05295885208713394
0.0,0.21514261397063672
2.419999984353781,1.1510594620796695
5.536000026166439,9.511028195912798
22.728000955581667,21.95205133791177
40.262999968528746,32.68935391296597
49.881001665592194,38.892013949708215
51.8859986114502,41.841216749674444
28.35600010991097,38.88252790782753
24.120999302864075,31.493304322731262
32.014000016450886,24.140701796157316
35.31799920320511,19.02929436992647
21.267999855279925,11.775791729488551
8.725999947190285,5.380377513876533
1.45400002412498,1.5350222934830535
0.0,0.25582965246042855
0.0,0.006695826162312443
0.0,-0.051857891726179495
0.0,-0.11568020327958731
0.0,0.01861552853050144
0.0,0.14650953751709742
0.0,0.0685228429196845
0.0,-0.031920549265562495
0.0,-0.028919473772574977
0.0,0.05833813862060919
0.0,0.23209786699761048
0.840000018440187,1.1930364602063903
6.408999930024147,7.949738154811415
18.10299939036369,18.715717092000403
32.125999222993855,28.284260034937276
31.45299958944321,35.27914373728295
54.72299963951111,41.56781479166697
52.9090019273758,43.09562744153494
43.36599911212921,38.68769779845301
39.89800020694733,30.20401438643995
18.761999123096462,22.008774490646843
19.829000660181045,12.45982251206471
13.354000317454338,5.729726142032078
2.6869999267160893,1.7408933626436376
0.0,0.2895354377951633
0.0,0.017533306512471827
0.0,-0.04693052577135937
0.0,-0.10829473472549811
0.0,0.016618382004046237
0.0,0.22511432996160707
0.0,0.14895055857314146
0.0,-0.017654698127255564
0.0,-0.04618542797383121
0.0,-0.03256649572397023
0.0,-0.02291446876687553
0.5370000055991113,0.3787896596942827
1.2139999821782113,3.001286652074734
1.9870000076293943,7.915265999467717
3.5780001065135,10.621852441051368
8.094000243246555,11.485486017301216
7.409000254571438,12.04575114823824
24.082000459432603,13.058033784693436
16.506000140905382,15.170595512346202
16.67100014567375,15.304440031349365
7.34499990105629,13.237484186174534
5.086999832689762,7.812709318339365
1.521999982520938,3.8075333866004937
0.3099999953433871,1.5998404379949434
0.0,0.6143501937938967
0.0,0.3512522578522479
0.0,0.213374445474923
0.0,0.06456814013990814
0.0,0.24811138411392314
0.0,0.1343788037757419
0.0,0.052079540185091824
0.0,-0.0035300279045119357
0.0,-0.024226921473523948
0.0,0.022766935288801374
0.0,0.227705084236421
4.117999912053347,2.3011125016269585
16.421999709010123,15.184389402106259
30.872999883890152,31.045927292763892
45.9969986653328,44.055260442603114
50.69300002098083,52.49312438937333
63.93099895954132,59.69724264511431
67.05800086736679,62.01624396397554
65.20399991750718,60.89457161264254
59.91600158214569,56.47439986722329
50.0530016207695,48.933266459940256
35.09900016784668,30.77166017462985
18.468999438285827,14.192923033612342
5.391000099778175,4.173571439708701
0.1510000076703727,0.37952719488652775
0.0,-0.03779494395544108
0.0,-0.06495597718920122
0.0,-0.11108534768566249
0.0,-0.06123512545971531
0.0,0.15338602775184446
0.0,0.06531780692365291
0.0,-0.004751201648351168
0.0,-0.02694217822999414
0.0,0.036232590049084856
0.0,0.2999162778800878
4.288000064790249,2.5669374125696676
16.525999705791474,17.48301955690794
32.137000318765644,34.04088739060596
47.34199970006943,47.561943626220106
58.95499958753586,55.40479881040415
64.98000150442124,61.21008200612173
67.71100093603134,62.62304731353792
66.12999805212021,60.59714490740545
59.86500135660172,54.80820438053167
49.76199840068817,45.809987372299645
34.58599910736084,27.752247330786155
15.799000014662743,12.291302791113878
5.075999763906002,3.4536367101864127
0.0570000019390136,0.32244562722945225
0.0,-0.04462816150326724
0.0,-0.06500252662802065
0.0,-0.11576606208984908
0.0,-0.07194335365179078
0.0,0.1264929224909309
0.0,0.03906671581334557
0.0,-0.050653379124109166
0.0,-0.059481786112502696
0.0,0.053932799831265005
0.0,0.3414038543769504
1.537000041306019,2.035978565251266
8.432999748885631,12.963760964967532
21.18199987769127,27.042445311647754
43.61800143480301,40.49458479348434
56.70799907445908,50.35598340827592
63.37400173187256,58.00196152538296
65.05099924087524,60.00834997494314
62.76699840307236,56.66115364175293
49.74700026750565,46.653443603569535
30.87199959754944,33.0379686879884
15.484000192284585,17.165975712610127
10.90500050187111,7.555516832229731
3.3209999465942386,2.2146599655984733
0.0,0.25165275740030074
0.0,-0.0370276681136637
0.0,-0.0718596561466812
0.0,-0.11977780202693603
0.0,-0.045285271301201566
0.0,0.2605603090272236
0.0,0.16694611321870156
0.0,0.010647229551667553
0.0,-0.007328420407768377
0.0,0.04695755954077463
0.0,0.11884292768019561
2.6889999859035014,0.6508403142423596
3.5279999105632305,4.452740521805091
5.608999875783921,11.110236422499023
8.296999832093716,16.089405756508405
13.945000091791153,18.498234057317205
29.39999916911125,20.547742472085268
20.95199974656105,21.693060848553685
15.065000373125075,20.788592971743952
24.220000948905945,17.531136991196213
17.592999188899995,14.256803370965027
7.679000028967858,8.390853005430335
4.209000037610531,4.017259018223835
0.1799999993667006,1.454906072284929
0.0,0.4088922441313064
0.0,0.15652859318991025
0.0,0.05556703920327061
0.0,-0.04159326252959021
0.0,0.15072822579854678
0.0,0.1081668324011863
0.0,0.017891867508154816
0.0,-0.053122492405870615
0.0,-0.04939732777079621
0.0,0.058312441726721245
0.0,0.2977600192564671
1.6549999389052392,1.7764538143401465
5.135999999046326,9.830464764785516
13.085999575257302,21.302721305778768
33.163000385761265,32.96410392062737
44.8820018696785,43.11194071385096
48.32400154590607,53.501845697762796
49.67599842309952,57.95393891285959
57.04600137472153,56.7499078203606
55.51299991130829,49.4655539810922
39.09100122928619,38.867208261461734
23.1189999461174,21.911302384426754
16.997000036835672,9.939430247939054
7.240000131428242,2.9647230946994334
0.0449999998416751,0.2990035689727039
0.0,-0.03717441837785895
0.0,-0.07850305733905212
0.0,-0.13013629935364873
0.0,-0.044117913903127054
0.0,0.24304969050354952
0.0,0.16869224176390737
0.0,-0.015900793609593983
0.0,-0.041753743966824325
0.0,-0.04346534358941305
0.0,-0.0571552448530466
0.6860000182688236,0.2842824871232801
1.6899999476969243,2.7834422461675086
5.414000010192394,7.462763842160351
22.87100082278252,10.073759534843253
22.418000510931016,10.588738734092951
7.346000187397004,10.107874800022381
8.913000089526177,9.993683424317286
7.622000139355659,10.716833505607374
6.777999809980392,10.465426442196149
5.658999814987183,9.510248054844636
4.686000032722951,6.089346311038909
2.4879999427497386,3.1341900698031178
0.7940000050514937,1.279395017223779
0.0,0.5131929840279964
0.0,0.2931003509358072
0.0,0.18741140905990902
0.0,0.04505047618831244
0.0,0.21525958143002544
0.0,0.13915736510509122
0.0,0.051825174882722425
0.0,-0.05842719879954482
0.0,-0.06462766473956777
0.0,-0.007491864266982964
0.0,0.07667011609946059
1.9499999396502967,0.8183114734033222
8.89500007033348,5.562969563010592
14.272000269293786,14.192330710022894
17.82800075173378,20.381355204232413
29.900000615119936,23.61936857826678
28.852000410556798,27.890971206392535
27.91400089383125,30.68206720877007
29.435999207496643,33.248148306455775
37.91700191736221,32.77620208614947
46.969001755714416,29.000363950828024
23.115000854730607,17.629706882870913
9.40999964952469,7.604464497268363
1.628000038489699,2.308732670351772
0.0,0.4242755953815398
0.0,0.10134654725966397
0.0,-0.01231959551530716
0.0,-0.1081761800226326
0.0,0.06101020412009006
0.0,0.0009025925720583805
0.0,-0.037148985078609045
0.0,-0.05622648003772142
0.0,-0.05481358283905468
0.0,-0.008141498919541842
0.0,0.0912993619938196
0.1710000058170408,1.1810700581674403
4.580999749600887,6.0521231071335215
13.807999888658523,14.480815400205197
29.15799970984459,22.180226462064
32.04899976849556,30.111496532295007
36.17099902868271,42.45301492789675
45.601998529434205,51.18820128473969
48.22000052213669,55.18809677558747
57.365000288486485,53.30775632707778
48.0450017619133,47.864134762801456
35.05200108766556,31.037049148661687
17.70400016307831,15.241315814744498
6.379999842047692,4.969480202805831
0.0259999991953372,0.5634865342277722
0.0,0.016905762848378886
0.0,-0.08700858700048109
0.0,-0.15673129794997404
0.0,-0.05407169739397977
0.0,0.2620005743437912
0.0,0.11195885597542093
0.0,-0.020691847891601778
0.0,-0.057468303536706504
0.0,-0.0437074281244593
0.0,0.06657026264394922
3.30900010496378,1.2720880115280968
16.70899972975254,14.088668051112691
32.10800023078919,30.940799392326625
45.93300087928772,43.95664619669933
56.547998447418216,50.57116597701313
62.5120013833046,54.24703770474827
26.566999286413196,52.084219421117496
27.667000002861023,45.19398220242592
21.682999556064605,38.729203425274825
28.80699984908104,32.80589844015651
33.15199928998947,21.45660487150495
19.958000626564026,9.706205578358599
6.329999902844429,2.5837202556305376
0.1150000013783574,0.3328523566458468
0.0,-0.013665823723013878
0.0,-0.07402538897108546
0.0,-0.12905034691332995
0.0,-0.024023248972339692
0.0,0.038981825463943576
0.0,-0.013853257485946305
0.0,-0.047141782178941646
0.0,-0.05304513263413115
0.0,-0.008499390611949882
0.0,0.09569986813753384
1.0860000453889371,1.1949049551968316
4.548000056743622,5.677326049062293
12.816000314354897,13.459322024110506
27.65199981570244,20.461096212495114
29.990999970436096,28.467006525736792
31.5459995174408,42.643758369896695
44.91199813604355,53.2534860819266
48.527998340129855,58.02539612092305
35.17399904966354,56.82620837429665
43.14200069904327,50.61499576095099
34.05499905467033,30.941739587630295
18.383999747037887,14.705833333159767
7.1009998691082,5.040641210845489
0.1600000012200325,0.5921325259502965
0.0,0.03192212061198542
0.0,-0.06069653042313576
0.0,-0.11240590096740592
0.0,-0.010157791386207454
0.0,0.1681121536254262
0.0,0.05133541304597129
0.0,-0.03904923088951007
0.0,-0.062351212427661465
0.0,-0.02505530070569871
0.0,0.1296671826941776
4.381999765634537,1.5796994925473895
17.17000027835369,13.137903536255143
30.65300056219101,28.593366344612065
41.257999374866486,42.22347209833231
47.63299881219864,50.79910527078666
48.22299932718277,57.41485119690842
58.4480002450943,58.90739493803077
46.4659994506836,55.425933262407604
30.90699934959412,48.63707508917291
29.676000148057938,40.49999275989181
37.88300039768219,26.135359874448035
20.05100055456161,12.354220756449022
6.074999802112579,3.4485643415569376
0.0939999977080151,0.38022363421671806
0.0,-0.021601209229811798
0.0,-0.07920931832290003
0.0,-0.12329608741685447
0.0,-0.03048633394618485
0.0,0.22086482232683624
0.0,0.12037781968548272
0.0,-0.006043340638892808
0.0,-0.012335388124714977
0.0,0.08803954285607629
0.0,0.27187185030870076
0.2839999961480498,1.177805029117416
2.7270000834763053,7.466259357057693
10.43599971652031,17.474168466720712
21.735000067949297,26.357164852633694
32.15399902462959,32.768582643385216
50.925998957157134,39.11834559139552
49.67599842309952,40.66208987731336
37.45199816942215,36.169919610235006
30.01400039434433,28.02065605725823
27.2649999165535,20.272182995558552
14.37499997973442,11.20320018272448
6.914000240266323,5.133856563587155
2.1909998828172683,1.619074946155131
0.0320000002440065,0.29557361705152896
0.0,0.035453906657922266
0.0,-0.03302878197750164
0.0,-0.09504474169139975
0.0,0.053259573958346434
0.0,0.1589002277162729
0.0,0.06751273853312831
0.0,-0.039746209981326275
0.0,-0.030797829040562108
0.0,0.07768584110695964
0.0,0.27308825726845515
0.7830000004544855,1.2808781600428762
5.079000109434128,7.718706876205876
13.26400022149086,18.15669638260224
30.374000778198244,26.68051555806344
44.20800194978714,32.15089144278455
35.71999928951264,38.989551735536466
36.41400082826615,42.15920921841321
43.03900201559067,40.4677620683846
46.82899863958359,34.1871953664059
34.46799818277359,26.471502969669153
14.236000230908394,14.858048680639067
5.47999990940094,6.498024971514915
1.1359999845921993,1.9076790300863207
0.0,0.2787820697398655
0.0,0.005507423084559898
0.0,-0.0652559942322317
0.0,-0.14085930206078512
0.0,-0.002245698210329869
0.0,0.08213978800517996
0.0,0.004968829800762423
0.0,-0.041550403440143574
0.0,-0.05986983573587342
0.0,-0.014963852555330281
0.0,0.14027246225880177
1.7809999448806049,1.7817414878809554
9.387000252604484,10.723740441126758
24.6490005505085,23.63660694817012
31.344999474287032,35.755800284376114
28.693000069856645,45.57287276149098
41.98500009298325,55.272752450353266
40.95300036191941,59.27293987474018
53.26799997091293,59.13631399680702
54.753998246192936,55.18813432911345
47.33400151729584,49.03307371918327
34.11600008964539,32.62411968050438
18.799999734163286,16.136755124982834
6.094999880492687,4.81351916638848
0.2579999969527125,0.4284774845107402
0.0,-0.027326919138783087
0.0,-0.0765438619675557
0.0,-0.12419228190936443
0.0,-0.057660635837869595
0.0,0.10504923885701173
0.0,0.040023307944175926
0.0,-0.006704523393423069
0.0,-0.02990310973323629
0.0,0.014733077016577889
0.0,0.20139319561153524
3.076999914646149,2.292664189307646
14.040999851822852,13.717782195840996
29.368000276088715,28.215466897187078
43.16700169563293,42.16570713613356
53.0120006108284,52.5571633196205
57.98300060510636,60.0508553026229
53.70700038194656,62.11992451256979
46.61600132226944,60.79225469171443
56.72399954795838,55.466981543495855
46.40200166463852,47.233762329724094
32.555000878572464,30.66270107663742
18.74299984455109,15.527555098131693
5.382000090181828,4.697770185765645
0.1830000079143792,0.42648150143405444
0.0,-0.01929106830667713
0.0,-0.04090074679019045
0.0,-0.07898169858066503
0.0,-0.036259980164200706
0.0,0.16759819588115135
0.0,0.06630455003465774
0.0,-0.03064071486152449
0.0,-0.009265186788481414
0.0,0.16301897210363164
0.0129999995976686,0.587313042946535
3.0980000226199627,2.364319589451629
9.645000185370446,12.93075988368019
21.015999586582183,26.015156106478983
41.513000502586365,40.365348001493835
46.59199855804444,51.11020276681979
49.92600017309189,58.50339632022566
58.46699952363968,60.279574909622575
58.54700189113617,53.98563498746664
48.60300132989884,37.05847283875962
16.83300031840801,21.98165580928943
4.747999813556671,10.834340442422864
2.662999986708164,5.131759682177014
0.1530000026710331,1.5256235978798933
0.0,0.18812491174138454
0.0,-0.05747630426004603
0.0,-0.08727339471643905
0.0,-0.14187918323639748
0.0,-0.06659266422128551
0.0,0.2444031536843766
0.0,0.12203802093940913
0.0,-0.003955670297344213
0.0,-0.016307879368455583
0.0,0.08892710278913088
0.0439999983296729,0.34368648306095717
4.989999786317348,1.6262826561078154
14.541000270843506,11.691166220279502
30.888000071048737,25.233659104190778
36.44000005722046,37.64492215445399
44.5270008635521,45.35777385078452
45.64900171756744,50.09213077342563
44.27400030851364,49.01797258343695
44.71000191450119,41.27309512462672
25.63900057911873,31.48898015028913
25.98799986720085,24.20750319025953
13.404999516010284,15.062799587613133
5.9119998565316205,7.001543299554443
0.7129999828711152,1.8389597124982628
0.0,0.2373566068772831
0.0,-0.019358105444151057
0.0,-0.062038624094276046
0.0,-0.11499747313655373
0.0,-0.009240477794929945
0.0,0.07945429188575848
0.0,0.005525075293807621
0.0,-0.0756002427064222
0.0,-0.06428694435775123
0.0,0.005687672242663103
0.0,0.1113015333365038
1.4349999753385785,0.8241510529499168
4.311999748051167,4.021217323944704
6.456000037193299,10.024230431495864
9.53400023818016,14.681035802206855
19.8210004234314,18.459203422356225
28.89299982666969,25.665978556209396
26.759999092817303,33.54642750625116
24.382000094652177,39.05076755139926
42.96899840354919,37.769838786834505
34.70400003194809,31.719506887231823
19.6130004298687,18.33073226394808
12.97300008237362,8.56326640965295
4.171999969631433,2.7847422379938704
0.0,0.4669800683958162
0.0,0.09832372620215357
0.0,-0.013493753806717787
0.0,-0.10053111842177509
0.0,0.04068623962084228
0.0,0.014169342009363095
0.0,-0.025225834395738195
0.0,-0.04157480982641579
0.0,-0.04395580902084506
0.0,0.003420959715760674
0.0,0.12465770146772565
0.9559999852254988,1.5720295031793377
7.245999795496464,8.87738836452739
17.188000297546388,19.82595731956733
31.381999799013137,31.117699267676663
45.97099943637848,41.61385654136824
38.44300053834915,52.59175448828008
50.04099818468094,57.337917860977335
61.97300109386444,57.35732565451397
56.31200070619583,53.53012628633614
47.63400115251541,47.89445971237958
34.8759999871254,33.2707140000573
19.73700101852417,17.22838982876739
6.5390001827478414,5.299617809069256
0.4149999896250665,0.5014421370379638
0.0,-0.03355906342889077
0.0,-0.08577585151373636
0.0,-0.13390685174104622
0.0,-0.058881381852671555
0.0,0.2055678102846769
0.0,0.07765848366488903
0.0,-0.026250917428844042
0.0,-0.028663468277125098
0.0,0.12941126117959773
0.0320000002440065,0.5647557539085954
4.787999970316887,2.7498582029139778
15.563000219464302,14.723833079453504
28.646999222040176,28.48719572127301
42.25200054883957,42.748739381172975
51.43499887228012,52.81613039781863
56.19899915933609,60.226304028174816
60.59500087976456,62.62573331341134
58.815998811721805,59.99399325148764
50.24600142717362,50.32779861919474
41.87300088644028,37.3353178529711
20.245000647306444,20.688611673403962
7.495000232160091,9.474481985720447
1.4339999457448722,2.6714552783366257
0.0,0.259046623185119
0.0,-0.03849114805806181
0.0,-0.06551475730237752
0.0,-0.11838846280219262
0.0,-0.052052266670607625
0.0,0.21042230010868973
0.0,0.09185919280959493
0.0,-0.05032227129343944
0.0,-0.06381940708815659
0.0,-0.023185832536772533
0.0,0.026594260606132486
0.2220000067073851,0.5727079186905483
3.588999918550253,3.78835998884323
5.004000200629235,9.782832356377686
17.489000219106675,13.93906510482501
26.467999694347384,16.196862456630562
33.00899942278862,18.44949398352645
9.829999755024913,20.798690331557445
26.070998985767364,24.180096067398225
21.95599967598915,25.31455305990528
22.96200017809868,24.394468421237868
18.25299920797348,16.633226385862415
13.067999556064606,8.00085207887871
2.261999929994345,2.5357581304242114
0.1009999962570145,0.5884640017797883
0.0,0.2265064242285295
0.0,0.07227198253821349
0.0,-0.04324893764283477
0.0,0.15959333135700665
0.0,0.18093260959120439
0.0,0.08628705521995111
0.0,-0.0264268916666084
0.0,-0.02167719142071775
0.0,0.05967822334024603
0.0,0.18652802553985742
0.1020000017806887,0.9225035721031021
1.5630000405013562,4.553558277275241
6.003000238835812,10.998232434413612
19.372999489307404,16.441171490776327
19.27399989724159,21.339430299966935
27.75999993085861,28.263586123246
31.32800076842308,33.92542954943201
31.76400032043457,35.68491077062277
39.486001365184784,30.90564817725901
30.852000032663344,23.972513341878816
16.850000051259993,13.86863033303905
7.023000128269196,6.876795502345926
0.9440000152215362,2.211156049563586
0.0259999991953372,0.3835558183019424
0.0,0.08020935840870191
0.0,-0.006983856985523562
0.0,-0.08324505980818366
0.0,0.06349956923462348
0.0,0.10545492709835988
0.0,0.03190252374988928
0.0,-0.07988622532667657
0.0,-0.07392695537187655
0.0,-0.04461173738958893
0.0,-0.009656569594090406
0.0259999991953372,0.4087375479257056
0.7389999820664526,2.280486046544341
3.316000055372715,6.031653455243405
6.46999993801117,8.222127068056734
6.379999842047692,9.755176743943943
8.332999870479107,12.450891785385599
19.507999119758605,16.598677644184804
22.649000928401943,22.90136361339154
36.7040017080307,25.588960184252052
23.416000776290893,23.18537937525621
28.440999801158902,14.374644728628754
15.674000166654588,7.226881589755219
7.412000086605549,2.789588641035266
1.8020000528544189,0.8708206629452004
0.0,0.4085947222113549
0.0,0.18016488624193092
0.0,0.002330996346629838
0.0,0.16043118831416736
0.0,0.15065624546258088
0.0,0.0640763903387637
0.0,0.009990554619054945
0.0,-0.020828760119194663
0.0,0.02204275075208685
0.0439999983296729,0.24171357255741627
4.643000043928623,2.586229779453575
16.191000318527223,15.964016797149823
31.08300045013428,31.7514525329791
45.39699939489365,46.00006801231108
56.65400004386902,55.43641209189523
63.358001258373264,61.747703128456926
65.50500189304351,63.165653595108886
63.64200042009354,61.78779471172921
59.06100118398667,57.42298633364633
50.05499808549881,49.997065818094974
36.981999151706695,31.654607205667418
21.538999402523043,15.286385645921325
7.83200019210577,4.515918827856562
0.7519999816641212,0.37068648228330714
0.0,-0.05296632705078307
0.0,-0.057280437902106685
0.0,-0.09227779872040792
0.0,-0.0516679714838722
0.0,0.1980160316039894
0.0,0.0717828707992762
0.0,-0.010978293506629197
0.0,-0.04723288351877437
0.0,0.020411125314161505
0.0380000012926757,0.30599575616463454
4.726999962329865,2.8091004469845817
16.526999992132186,19.19255333123352
32.24899952530861,36.80215092551405
47.65300043106079,50.82671910413129
58.88400185108185,58.471869633275965
65.40699847936631,63.31762128721452
66.20300046920777,64.13058951748023
61.933001964092256,62.295008538459186
59.640998835563664,57.35669172414338
45.4490019607544,48.48669523988678
34.08700000166893,28.41631853920112
19.172999732494358,12.667297673932227
5.739000128507614,3.6125901260143554
0.3970000025257468,0.3178385732024435
0.0,-0.052811565056781334
0.0,-0.06606849856955858
0.0,-0.10834702540835693
0.0,-0.06472957374415611
0.0,0.16603270069323567
0.0,0.0646500305632767
0.0,0.0028927973998266604
0.0,-0.031110579685553398
0.0,0.00946190512791921
0.0320000002440065,0.2153784837061236
4.613000183105469,2.5143485124586444
16.13799952030182,16.329004604186125
31.08599925518036,32.56521298617548
43.300998985767365,46.87220630560868
54.44100105047226,55.77078909557555
63.884998111724855,61.90723817558463
66.56800023078918,63.30796107107245
65.08099961519241,61.77189733519073
59.796000084877015,57.31351315528776
50.713001639842986,50.0206882975482
37.048001618385314,31.750308110484987
21.26400076389313,15.1915556058082
7.28599995225668,4.496427557438177
0.6170000302791595,0.39089646356414287
0.0,-0.03949834384428641
0.0,-0.05676832472583689
0.0,-0.09688043819542669
0.0,-0.0547166493745798
0.0,0.23614982658856337
0.0,0.10278149894161365
0.0,-0.024021648801018147
0.0,-0.03058616613867149
0.0,0.062246303680061774
0.0,0.23900928165161606
2.190000109970569,1.232035618696174
9.233999575972556,8.76975840768923
15.780999995470047,20.47366597142782
20.543999996185303,31.51758208691843
40.618999207019804,38.94537963281184
44.831999876499175,45.632510049243194
48.15299982309342,46.81045465937084
40.51899932861328,40.99001695682579
34.906998593807224,31.977602464363187
21.800000194311146,24.518364688518872
11.80699998021126,14.85251561152275
10.395999559760094,7.013654834688858
5.73500001013279,2.131769266135584
0.2820000011473894,0.3496805513795813
0.0,0.034178686720076054
0.0,-0.04717993279686081
0.0,-0.1085686316871583
0.0,0.03710142727305685
0.0,0.18130859806505067
0.0,0.0686287712900765
0.0,0.0007260392218680356
0.0,-0.01864246662071037
0.0,0.0739844584639156
0.0,0.3252527846104877
2.3309999179840086,2.3482405103047173
12.674999992847445,12.373047651155378
26.55399967193604,25.050063423230938
42.651001830101016,38.32027205176949
49.826000294685365,49.24964288346007
59.08799864530563,58.316771771001875
64.02899826526642,61.487431364778715
63.953001151084905,60.513048556866735
58.50300161600113,55.25906412725028
49.25299848556519,48.03919435089961
35.805001034736634,31.658944270275825
19.057999666929245,15.960521266165442
1.77799998447299,4.79485154610482
0.0,0.42108440405233005
0.0,-0.005184714843802063
0.0,-0.03993535451471307
0.0,-0.08426878072744597
0.0,-0.016096682839784437
0.0,0.3047206216378077
0.0,0.16685508978225466
0.0,0.031414289349777
0.0,0.020774461912334147
0.0,0.1496300057422414
0.0,0.4533761331221724
1.8140000228583808,1.762220648893587
6.729000157117844,13.281175679581803
28.38999957561493,27.57471610613515
42.12099795579911,41.68056399190703
52.93599938869477,50.08165846490066
59.603000278472905,53.67238530434788
59.802001802921296,50.305082714581694
24.537999576330183,36.623258187851754
11.116999586820604,22.620769295197597
7.192000251412392,15.511516470032172
4.137999990433455,9.323187467884685
0.8079999700561166,4.623699380062488
0.0,1.2678915878915085
0.0,0.19333906559887815
0.0,-0.03129723103283037
0.0,-0.06961612250237295
0.0,-0.1226720017578902
0.0,-0.02245350285393117
0.0,0.264375560721733
0.0,0.1703818982432412
0.0,0.004337312156735801
0.0,-0.011166616247832162
0.0,0.023451359309612785
0.0,0.06573564131870457
0.0,0.49206128181875075
0.447000005915761,2.838869117147598
1.7219999960809946,7.24138952148427
3.5829999977350235,10.132675933087855
11.006999925971032,11.685025906709855
13.749999712705613,13.528651203006193
18.625999206304552,15.761377274186708
22.063999791145324,17.199672551158052
15.839000171422958,15.884941312009122
14.035000187754632,13.269991533812947
10.546999663710594,8.065309565819415
5.750999970138073,4.293363352083656
0.6589999894797802,1.7240532802953639
0.0,0.5767596633429541
0.0,0.28993674821449444
0.0,0.15945225717204162
0.0,0.02534184357563267
0.0,0.20557449812659306
0.0,0.1990830575770539
0.0,0.09490761865247463
0.0,-0.03598153403129152
0.0,-0.040011575263074625
0.0,0.019088646224471748
0.0,0.10569596154147956
0.0449999998416751,0.7075521439690138
1.2919999797642232,3.9915680322916405
3.315000025779009,10.063822387240881
9.398999580740927,14.696429045486125
26.434000228643416,17.753357525395216
50.23799913644791,22.07104736683071
45.70700189352036,26.08583029701498
37.11399997711182,28.085264343305482
27.26899900794029,26.470316524173242
31.20600075244904,22.34685732033494
23.450000241994857,13.725419468268026
13.767999731898309,6.746333756645095
4.380999992787838,2.326400799712959
0.4340000063180924,0.5391945964522131
0.0,0.18486892371409386
0.0,0.05306694338763765
0.0,-0.046640922773812904
0.0,0.13167140131233168
0.0,0.19482793526075193
0.0,0.08965343545718579
0.0,0.036725490685030296
0.0,0.009538293923919722
0.0,0.0575125145278189
0.0380000012926757,0.2763184428016962
4.371000210344792,2.6766929568928597
15.650999742746354,15.139209669407654
30.570999675989157,29.76721009357191
45.43699852466583,43.66892832582645
56.43099986314774,53.39310452019835
63.002002019882205,60.88102836784149
65.49999840736389,63.26021935086096
64.28100058794021,62.1982832144907
59.26300151348114,58.263593372041136
50.81800089597702,52.47099339650848
37.97399975299835,36.01958852564259
22.92399956703186,18.62252650680024
8.913000089526177,5.687791855806909
1.0779999370127915,0.46603191323484716
0.0,-0.02399545873583442
0.0,-0.02843435786210414
0.0,-0.059968004827513584
0.0,-0.01398625541960516
0.0,0.1859359756748705
0.0,0.08602520965836341
0.0,0.03463212032370172
0.0,0.005546979884122727
0.0,0.045978876311630654
0.0320000002440065,0.24576938673511456
4.649999994337559,2.5992495726480875
15.690999899506568,14.944727995174851
30.367000827789308,29.758112065811027
44.25599926233292,43.8448112290762
55.94500037193298,53.595189954783855
62.95400059938431,60.9686481773796
65.94799934148789,63.243666847031704
64.75099960565568,62.16237791433305
60.25600034713745,58.20308820502151
51.46099810123444,52.34035150581568
38.69600109338761,35.81338697975739
23.416000776290893,18.55986721005617
9.146000052690509,5.658464105660111
1.1120000445842744,0.4647452061194133
0.0,-0.022844860299915934
0.0,-0.029221107307473473
0.0,-0.06120225574317245
0.0,-0.018779193804700806
0.0,0.21660457073761807
0.0,0.07713049155642487
0.0,-0.017514245748691537
0.0,-0.03106202033769754
0.0,0.0682299936752569
0.024999999689171,0.3481641639014893
4.274999936819077,2.169401005038707
15.23300020992756,12.753861411778107
29.809999492168423,26.32552168262439
44.19099913597107,40.03282319868002
54.8979983997345,49.99858129683577
48.68400192975998,58.38531738222441
46.89300053358078,61.40393891134096
53.346999998092656,59.53217659995003
55.5710000872612,52.80449253625535
37.72200153827667,43.560847293650035
34.07799947857857,26.736423108043994
19.118000415563586,12.601152180666805
3.361999876201153,3.5075109989364384
0.2160000056587159,0.31974482991907704
0.0,-0.034996817463804855
0.0,-0.07200980403711443
0.0,-0.12295378596046273
0.0,-0.0458783236336203
0.0,0.3961995608639365
0.0,0.25600312829940053
0.0,0.03458390024136851
0.0,-0.017465834697274057
0.0,-0.0012048214820638559
0.0,0.00879730891638103
0.7620000208541751,0.43668946409779674
6.752999840378761,4.381251176000834
21.115999464988708,11.514500725919321
34.9419983458519,16.71159660370531
39.95899918794632,18.05712895547203
30.15100059747696,16.508104556082692
19.061000525951385,14.07046999426886
5.800999909341336,12.488466882664076
5.752000256478786,11.059222047944576
6.686000168323517,10.727129787962545
3.473000080138445,7.639831816381722
3.2660001161694527,3.9814567036442305
1.13999997459352,1.4032592374603716
0.0510000008903443,0.4382974671332079
0.0,0.20045467612291457
0.0,0.08360826589013409
0.0,-0.02970582192350117
0.0,0.23024169421351964
0.0,0.24227474825236095
0.0,0.10278974819807785
0.0,-0.0003815911383658402
0.0,-0.02857115397011059
0.0,0.06802038533274465
0.0,0.37209169192323366
3.874999909698963,2.4082601272667508
14.553999885320664,14.387886806984296
28.960000525712967,28.846551798834433
42.59499811887741,43.46954322709525
53.0810018825531,53.736931442024975
58.68900147199631,60.42178994375903
60.97499877452851,61.870434147214546
55.99800117015839,59.2322496987773
32.87399979233742,51.15306844252151
44.631001887321474,40.8413734302811
20.560000469684603,25.039443172964518
15.487000024318696,12.270965151658482
6.295000150799751,3.4434165481447137
0.5080000139027834,0.3366219403851993
0.0,-0.0146616168169246
0.0,-0.04817145161747052
0.0,-0.09205792376118394
0.0,-0.027142914792377404
0.0,0.1132252752397952
0.0,0.017527313545640064
0.0,-0.06701770898948825
0.0,-0.06214054568223673
0.0,-0.017664459815433464
0.0,0.05585110318144433
0.112999998354353,0.6979989985437002
2.028999966830016,3.6025678039315223
7.7769998481869695,9.196291298558089
12.408999823331833,14.050090118054746
16.434000064134597,19.186353116819063
31.614000502824783,28.07317666747054
43.54699959039688,36.540695480444775
41.93899924516678,42.36139988118585
34.174000265598295,41.436393682315384
29.411000264883043,34.76185764604198
28.626999657154084,21.123529873450593
14.559999549388886,10.74377547449122
9.38000030219555,3.962942597135635
0.8519999884441495,0.8453661436490305
0.0,0.2404647096759514
0.0,0.032269933200193376
0.0,-0.07335515270029241
0.0,0.09116881167092311
0.0,0.0682316320618774
0.0,0.0016034924549083729
0.0,-0.024573348984366555
0.0,-0.031248906656747608
0.0,0.016692870260176643
0.0,0.13283676759140134
2.24900005877018,1.4998616896404124
9.50900026857853,6.941002641054275
20.378999991416933,16.00219402974878
31.09399949193001,25.82412830618354
42.32900000333786,36.83384577575985
49.744001462459565,50.668943028042335
62.73199865102768,57.90791125902874
61.52299958705903,59.82629461424632
58.04100078105927,57.35402613767622
50.79500047206879,51.991679056727065
37.69700054168701,35.04006985481538
22.89599976539612,18.582306364169668
9.190999587178233,6.213078941019499
1.1139999753981829,0.5972895716875578
0.0,0.003924503759753659
0.0,-0.05261866296466397
0.0,-0.08536963100801186
0.0,0.002077305620472321
0.0,0.19330248273533035
0.0,0.09201344539474493
0.0,0.0331493421988642
0.0,0.025122261601351503
0.0,0.12389484872290007
0.0,0.3830569837554887
3.5369999201595785,2.3372399258172134
14.269000437259674,10.940352629006929
23.883000988960266,22.488775380077918
30.41999957203865,34.75948318082627
53.40000079631805,45.90744655865147
61.06299932479858,56.58914481027504
64.01199955940247,60.93534977531005
64.14800153017045,60.62699036390872
59.34500034570694,56.18347552621132
49.78999820232392,49.541173045359
35.87200173377991,32.536847527268996
20.781000077724457,16.634151825539902
6.793999769985676,5.102964794189035
0.8310000088438392,0.4222912689848798
0.0,-0.007372949836736024
0.0,-0.03169927640274902
0.0,-0.06938129151795397
0.0,-0.00033506506352062176
0.0,0.20880574849316424
0.0,0.08314154028340262
0.0,-0.03893630133131998
0.0,-0.05282256512678686
0.0,0.0004472838254056394
0.0,0.07657178205567591
0.8770000222325325,0.6847414007581984
10.632000381946565,3.1364360827187725
19.82399922847748,7.998421818170344
20.091999970674514,11.701051104607775
8.615,15.376306622592962
10.496999724507331,22.672346293250435
14.846999570131302,30.995862531026738
19.90100073695183,38.061388424352174
46.52500196695328,37.87249271575482
27.09299996137619,31.16201954656541
15.541000081896785,17.0324795630929
16.62299975216389,8.293049159149074
8.35700006723404,2.967814376638536
0.447000005915761,0.5685190097677737
0.0,0.16023821487077874
0.0,0.012234044097364838
0.0,-0.08715325428297008
0.0,0.09272372069283313
0.0,0.21276457821944073
0.0,0.0905296968777807
0.0,-0.035059961026447956
0.0,-0.04718612938924298
0.0,-0.005055123192799674
0.0,0.05727395091006923
0.3820000079274178,0.6625910571936133
2.476999873965979,4.0437341605870305
7.0930001458525656,10.457905142931677
10.086000142097474,15.463632328762568
22.428999552726747,18.792717235996932
28.342000209093094,23.191787284041048
25.2249991106987,27.007294092797444
29.199999412298205,30.504159592226507
31.754999797344208,31.46693054681331
29.88400014162064,29.484585120751774
29.43799978017807,19.455806335957035
12.461999594569209,9.387180010840556
4.790999802350998,3.1156509374282946
0.2149999921116978,0.6850097281863593
0.0,0.23478191598816195
0.0,0.056171382394735375
0.0,-0.05941559441083981
0.0,0.14349538729307834
0.0,-0.11407214121619366
0.0,-0.11095531794692136
0.0,-0.08454977431984823
0.0,-0.07406079119800835
0.0,-0.034652395338899675
0.0,0.021129592994326235
0.3749999933317304,0.7895089340665582
2.2860001267492773,3.2553072976311124
7.516999856233597,8.30498547431827
14.046000256538392,12.23722270330514
22.82700054764748,16.2562523115607
26.670000023841855,25.626449814660816
22.331000247001647,37.84194838668573
43.93799858093262,48.34342976468951
57.67899982452393,51.1063950992863
48.41700147390366,50.0793831003076
36.349000701904295,36.41939493006561
22.9840003156662,19.490861129436333
9.539999902248384,6.574890209155178
0.9350000056251884,0.9109334943995634
0.0,0.1615430073271761
0.0,-0.037290614946710945
0.0,-0.1324665865125863
0.0,-0.0007757937593432934
0.0,0.24099545179125192
0.0,0.1222998555244125
0.0,0.04965068554650605
0.0,0.026067186344639226
0.0,0.10981789116360816
0.0129999995976686,0.3665569352771279
3.334000074565411,2.5838040948419243
13.354000317454338,12.335334926730111
27.317000428438188,24.513676922258774
41.16000006914139,38.17096278949309
51.77800055027008,49.817278608347145
58.44899847745896,58.88169233315025
62.796998777389526,61.97958604144981
62.40300098180771,61.07076717395676
58.40399996995926,55.900301620392305
49.72199927091599,48.67374773839736
35.512999582290654,32.595763963356454
17.440000566244127,17.352754989959422
4.0329999640584,5.417027148741186
0.5430000226944686,0.4750310397665135
0.0,0.018092966268968808
0.0,-0.00932551596895697
0.0,-0.05238192754190716
0.0,0.004656894887214574
0.0,0.18816013548034421
0.0,0.0768121514386402
0.0,-0.0012312266378411915
0.0,-0.010312991323913792
0.0,0.09105885214211049
0.0129999995976686,0.3420223567516436
3.680000044107437,2.2333814824051275
5.621000230908394,10.704281155754051
25.78300073266029,21.836869533080332
40.02399931430817,34.85206357997288
51.83800129890442,46.95527713933712
59.05299889326096,57.15150638351842
60.26900201559067,60.7475102698405
59.22699942111969,59.69490071853311
56.29899903774262,53.778511043992
48.5270001077652,45.30738431977416
32.63900028347969,29.043592078364718
12.465999712944033,14.881024908255448
3.406999924182892,4.527257206400885
0.28499999364838,0.40620870865757147
0.0,-0.010351063004289153
0.0,-0.03974821719447908
0.0,-0.08672632186951026
0.0,-0.013621409130322094
0.0,0.3339476782923283
0.0,0.2417285418882844
0.0,0.026154448647026346
0.0,-0.009207412536752196
0.0,-0.01134877324527922
0.0,-0.028919482419267756
1.954999959245324,0.2833270654350212
12.469999831318855,2.0594255540496924
13.308999755978585,5.509581668776369
10.168000001311302,7.323169085092218
9.015999799966812,7.8428044728093695
9.344999523162842,7.606951134809551
6.220000241994858,7.802778342603252
9.2760003054142,8.894036869105056
5.536000026166439,9.122438303351498
1.2370000209659338,8.740159008830746
0.2890000157430768,5.845383085056255
0.1140000038780272,3.2835629968665314
0.0,1.3618037307078368
0.0,0.5681726406278087
0.0,0.36594084761276524
0.0,0.26449823113078264
0.0,0.11137720137287443
0.0,0.29042707152204483
0.0,0.1605643183880861
0.0,0.06469754904490141
0.0,-0.06546579016692727
0.0,-0.06991169376282469
0.0,-0.041612498200915685
0.0,-0.007261187701688668
0.0,0.47022811114261276
1.5540000309050084,2.81515460455766
7.278000229001045,7.5228244334615
14.046999515891075,10.639021255679785
21.09900075912476,12.608726748090227
28.33999963641167,15.408752963217553
32.07099990606308,18.64902488977239
35.0270000910759,23.520500189093426
18.47300058364868,26.355304881107045
23.38500011563301,24.753490697724466
24.67700035214424,15.8941689223854
15.5649997651577,7.826710211538953
6.333000248372555,2.7817502452874763
0.8039999800547958,0.770425633167955
0.0,0.3414862445598836
0.0,0.13887624729542283
0.0,-0.01849439826494187
0.0,0.17643808266373764
0.0,0.042839021628139046
0.0,-0.011749484362428009
0.0,-0.032166674349152095
0.0,-0.04538514039189518
0.0,-0.012270429481746059
0.0,0.10058519836543284
3.4429999625682832,1.62076196135344
13.881999511122704,8.178982148064478
21.48099922657013,18.960483668246255
39.82600013017655,29.669100865501356
47.876998844146726,39.815213955367746
41.661001801490784,52.1836213041601
58.86199965953827,58.2786798249456
62.47599929094315,59.84856417997026
59.69899901151657,57.83838140578637
52.09400065898895,53.2908838173946
35.213998179435734,36.72655359358657
24.16200077295304,19.263606334969666
9.908999782204628,6.206508488573317
1.5569999913126231,0.5389487494815419
0.0,-0.03328837272194998
0.0,-0.08247054089560452
0.0,-0.12664777607359654
0.0,-0.05566554442848472
0.0,0.2707039167051872
0.0,0.11065542881261653
0.0,-0.015511099157512143
0.0,-0.03196600663445648
0.0,0.08751598529405163
0.0,0.40673073494250833
1.6500000476837158,2.0939812983797044
14.336000109314918,14.30176710433639
28.2119999563694,29.72435635014598
42.287000300884245,45.67718880710004
53.66399833917618,55.46806752920823
60.60000025749207,61.07872282663606
62.452000634670256,61.61841486387065
56.72199897527695,54.688610534774575
28.85499921560288,39.97043260874027
23.56799911260605,26.72212408885497
11.99100029051304,14.642452894729587
22.4330006980896,7.005280962888053
9.460999875068664,1.9528506049052083
0.8620000276342035,0.23525147177821165
0.0,-0.03426564422568236
0.0,-0.06683813240551753
0.0,-0.11003770079917094
0.0,-0.03606241691959308
0.0,0.025688948308963483
0.0,-0.028011123052302522
0.0,-0.041264073010672905
0.0,-0.053398412679870465
0.0,-0.02218773641121316
0.0,0.08401152750476579
2.218999941200018,1.716640889299368
11.999999786615373,9.945666184606797
25.0899994802475,22.61140925567333
33.54099976181984,35.16636311837096
37.17999833583832,45.5982740869056
38.26699943780899,55.46405267652301
41.12599854946136,58.891607170272
53.8810009098053,58.60993876643772
59.94400138378143,55.613653330099744
52.163001930713655,51.43498661859353
39.716001496315,37.632158828957046
24.706000440120697,20.38227766795336
10.399000418782236,6.286511722498939
1.5800000301003456,0.557023046881354
0.0,-0.028331850950601215
0.0,-0.08404979463088388
0.0,-0.1311496566912419
0.0,-0.06625908756347287
0.0,0.19225018853050013
0.0,0.06986289351452168
0.0,-0.008822905600217056
0.0,-0.029317168991517845
0.0,0.04558122426187022
0.0,0.28484433494857914
2.7839999730885028,2.366341619464336
12.701000248789788,13.665167345099473
26.8240009868145,27.93367786621063
42.6910009598732,42.626857196411024
54.77600043773651,53.40615473741829
61.92000029563904,61.183476287543094
64.17200018644333,63.57082054999872
58.48599880218506,61.94639110162438
49.212999355793,55.59149085463597
37.03799875497818,46.34880900466091
28.654999458789828,29.91173052677606
20.944999796152118,15.530202922933125
12.611000152826309,4.625701839826768
1.9859999780356885,0.4324376428054962
0.0,-0.004567284175864217
0.0,-0.032706842259913646
0.0,-0.06791558384570617
0.0,-0.0055219649802172935
0.0,0.17477407203579787
0.0,0.08201950187730464
0.0,0.037330688029105885
0.0,0.013465146308081877
0.0,0.04595660333867639
0.0,0.21179269169752057
2.837000001072884,2.353923749228339
12.978999746441842,12.496878386448893
27.33699999332428,25.739476727293543
41.66699941158295,39.789314285454175
52.94000053405762,51.135178207734114
59.96399889469147,59.9218807837833
63.02300187110901,62.65480726669087
62.45700001239777,61.80038418907133
58.8689996099472,57.826267095136544
51.09299953460693,52.000328426903714
38.76600059747696,36.73948210645983
23.679000086784363,20.25778659328934
10.026000420451163,6.357525670066577
1.5360000117123127,0.5317024415410021
0.0,-0.01769955755395778
0.0,-0.03055566452104
0.0,-0.06036697081715575
0.0,-0.008024485871842534
0.0,0.19001804071402073
0.0,0.06611942468338006
0.0,-0.024826321632184872
0.0,-0.04242075982970769
0.0,0.06240765493474615
0.0,0.37271231508145414
2.658000095486641,2.466612300268454
12.457000216841696,13.579326763046291
26.14599992156029,27.592887946780444
40.32100014448166,42.624511935065875
51.96100160121918,54.03643546941751
58.682001521587374,61.53051493958218
60.80099824666977,63.62282996728775
60.470998237133024,61.505144873098274
53.683999958038335,53.519993630255264
29.74699993848801,41.3558702992401
21.233000103235245,23.898439745375597
19.328999214172363,11.9511414469431
10.56199985086918,3.5329653481850314
1.2190000017732383,0.34079176546483136
0.0,-0.024743453584786676
0.0,-0.045935515570257074
0.0,-0.08480993372968205
0.0,-0.02158691307348609
0.0,0.13968063052381077
0.0,0.04511891351413913
0.0,-0.026683668483721598
0.0,-0.009632186553414829
0.0,0.12119812020964321
0.0,0.4140555501953812
1.99399995803833,1.9990101624788292
12.985999696850778,8.59260028886143
24.811999982595445,18.633062244740458
31.9259994661808,28.709805567142908
38.039998111724856,38.487276368196646
42.35299865961075,51.24243753079518
49.88699927568436,58.11824867007562
51.908000802993776,58.61662626406556
52.33100074052811,53.2788502281417
38.34000185489655,43.76125760268058
20.6989991915226,25.324629239704265
9.043999601602554,12.17561417881743
2.180000070780516,3.7145596177641265
0.1140000038780272,0.32977869478472843
0.0,-0.020190065526584373
0.0,-0.06199620821162307
0.0,-0.11689116530001772
0.0,-0.025943542458539
0.0,0.09357877806101961
0.0,0.0035141428391192026
0.0,-0.04612308225365322
0.0,-0.047049594622736
0.0,0.0017097525566460714
0.0,0.11266650641670165
0.5319999860040844,1.294572014713378
7.471999808251858,7.33638315340189
15.790999777913092,17.51575827420521
25.423000348806383,28.499169674137775
40.42799997329712,39.26474333962174
51.01300127506256,51.27513673251583
41.06799837350845,56.938250327948566
46.844999113082885,57.02162426963864
56.29899903774262,52.96635883594408
46.81499873876572,46.477935003015524
38.86199933052063,31.455973357766744
24.65899930596352,16.788661344091686
10.578999583721162,5.507082575184526
1.4770000629127027,0.6834990706106777
0.0,0.05535072825461625
0.0,-0.05018855460445195
0.0,-0.09353809728296404
0.0,0.02053229398065988
0.0,0.17162061040655252
0.0,0.07335162155035213
0.0,0.03163539632479159
0.0,0.006508138933013552
0.0,0.04425941458239177
0.0,0.21297333811853858
2.607999899536371,2.378741693562391
12.673999706506727,12.2432826961784
27.05200054526329,25.162319735758665
42.01900161266327,39.20255208338084
53.75699826717377,50.64212713855905
61.74500153541565,59.75385161176978
65.46400042295456,62.75047370394358
65.40699847936631,62.04621685127774
61.08699798107148,58.44825709386003
53.058999691009525,53.38473306426267
40.569999554157256,38.37363308473343
25.12800009131432,21.3977469156573
10.633999927639962,6.744855522948899
1.6829999972879888,0.5298900121729994
0.0,-0.02138909963306416
0.0,-0.02858404863706343
0.0,-0.05548325301606995
0.0,-0.0033177617446333713
0.0,0.22226783537033767
0.0,0.10757762986054484
0.0,0.062043689802662616
0.0,0.034158700505619574
0.0,0.0736114580523076
0.0,0.2630098753248553
2.678999946713448,2.608383708502065
12.86099984884262,13.084392167083596
27.10599957585335,26.409069435308176
41.94000158548355,40.57073278528161
53.144999668598174,51.72196055628779
60.007000937461854,60.26871889783626
63.38100168228149,63.03221171258589
63.43700128555298,62.309388305473846
59.65699930906296,58.63186825264394
51.83400015354157,53.82589474728102
39.7980003285408,39.255773907677934
25.02499935388565,22.38282983935943
10.643999710083008,7.116350442783886
1.7559999752789737,0.5578415947027691
0.0,0.006318848318747627
0.0,-0.001959393992979175
0.0,-0.02500011350657163
0.0,0.023978186866505574
0.0,0.2173426014807846
0.0,0.11891306789823858
0.0,0.07859475818014597
0.0,0.059111584208293655
0.0,0.10037331692195756
0.0,0.2769643720939229
2.579000068306923,2.538518055406193
12.44399957537651,11.886282094890042
26.45899917125702,24.146273672542968
41.3030019903183,37.70665217089951
52.68699997901917,49.530154285259165
60.47499938249588,59.15992664949821
64.54199932575226,62.53723362932564
64.5410010933876,62.003750948608136
60.55800055503845,58.20305201954499
52.40700196266175,52.95792989477827
40.24699949502945,38.75058185236894
25.013000025749207,22.644914708016145
10.607999671697616,7.437329638849693
1.7660000144690275,0.6110026663425101
0.0,0.024267009028313885
0.0,0.015524311435215682
0.0,-0.00918422294453905
0.0,0.04309289887400046
0.0,0.11842254661642254
0.0,0.060789310019817314
0.0,0.03218412625348796
0.0,0.019693270989187273
0.0,0.05492583672316928
0.0,0.19916355893802218
1.7710000340640546,2.1651523248698172
8.918000494241715,10.525846165446767
24.115999925136567,22.299648145384523
37.08300137042999,35.41563355304496
50.872998158931736,47.666617694694345
58.91200165271759,58.06926524872218
62.910998556613926,61.67967070924857
61.92200086832047,61.142749655723215
57.32799996376038,57.15960605512332
50.40400148153305,51.14222922712009
38.92299831151962,36.4272972797469
24.28499902129173,20.76180109116433
10.41399957895279,6.764298172594498
1.749000024870038,0.5900317829829493
0.0,0.0014725536129660682
0.0,-0.01836051920848096
0.0,-0.0485425259337704
0.0,0.0044574823183765044
0.0,0.1203783051915413
0.0,0.05941320889935667
0.0,0.029844909478929788
0.0,0.005092526062215205
0.0,0.02673108421195694
0.0,0.18511071101164694
2.159999992400408,2.488873802491488
11.852999801039696,13.3318682136702
25.84299942731857,27.61754317411976
40.53099865674972,42.06230022035729
52.43599999666214,53.57217141574088
59.917998046875,61.45096509197068
61.92099852800369,63.320520639576486
60.277998430728914,62.51932939981821
56.17399816274643,59.09762879937073
48.78299946784973,52.76484624643477
37.49900135755539,35.90892415129437
20.877000864744183,19.58496179802284
8.547000041604042,6.249500925684335
2.1909998828172683,0.5162180192610197
0.0,-0.034359667343428435
0.0,-0.04731334521027433
0.0,-0.08188024073703987
0.0,-0.03797313803333268
0.0,0.3102136513505499
0.0,0.1522516426848133
0.0,-0.018348169508108858
0.0,-0.0366282948178049
0.0,0.018467546287008585
0.0,0.1265013360724458
0.6349999852851034,0.9256428688076765
11.27300009548664,6.137735378001187
22.86200029969216,15.645474684070688
30.98200028538704,23.68557637977893
44.69000029563904,28.67824217780248
33.42800026893616,33.93890822462652
33.97799960017204,35.634996529810394
40.56700074911117,35.699377117962435
29.652999724149705,33.5082472534085
28.99299970507622,29.476708099657372
25.28100076794624,18.761229046568104
14.513000469207764,8.780613902470774
2.2459999699890614,2.4175826550359303
0.0879999966593459,0.34509982864688443
0.0,0.040003191192015466
0.0,-0.055148297211319044
0.0,-0.1420586238619309
0.0,0.03931722874866374
0.0,0.2951339209454842
0.0,0.15037973273366403
0.0,-0.030708855428985785
0.0,-0.04984633206534729
0.0,-0.022530133605887057
0.0,0.011971179185559844
0.1289999984763562,0.45537989751206887
3.651999985724688,3.0416788912951587
14.6160001796484,8.169000765936948
19.33900002360344,11.843372349372439
25.18600026726723,13.59997436945534
17.777000526189806,15.151277727178828
19.765000820159912,16.44786220047576
19.845999366045,18.547677524644243
26.59699966073036,19.496082578770668
26.27700046062469,19.02411176087626
21.28099946975708,12.891036989845697
8.047000136077404,6.5736243667701055
3.06500007301569,2.3376630373960765
0.922999971434474,0.6690864960127623
0.0,0.3087849707351068
0.0,0.1322915900799575
0.0,-0.006612849323630737
0.0,0.22197061215739777
0.0,0.13169992873644637
0.0,0.03328370347535281
0.0,-0.0171320643817887
0.0,-0.033994609212901775
0.0,0.0034464828183743967
0.0,0.1437658986668465
0.8640000226348639,1.8754471459841437
9.484000298976898,10.720379913869127
24.719000054597856,23.253008732916413
39.17700120687485,37.57589349334517
51.1920011806488,49.77588420140856
58.9170010304451,59.13708539587646
63.35600068569183,61.974530912634286
62.62600116252899,60.755027387685196
58.527998504638674,55.960714408987236
49.86300061941147,49.79033342962494
41.764998717308046,35.254726466285035
25.197999595403672,19.596941138400048
10.270000452399254,6.017201580211645
1.4699999841302631,0.5293390881001591
0.0,-0.022724137647895555
0.0,-0.05691622621615987
0.0,-0.08383342681477805
0.0,-0.01198823068545507
0.0,0.1988565749750933
0.0,0.0798026930021365
0.0,-0.03729399921815617
0.0,-0.05179000760897884
0.0,0.02848688802947394
0.0,0.20637435157785006
1.7679999452829362,1.327278717812424
10.785000031590462,8.425964308066495
22.654000306129458,20.460217895938037
34.3659997856617,30.733449474890577
46.67599796295166,36.86193967024639
20.511999049186706,41.555663625056255
14.417999968528749,40.717370146747164
18.83399919986725,38.10132544061293
43.85399917602539,34.430747964296806
48.652000982761386,30.745897722620334
19.578000677824026,20.535128611469027
20.46000059127808,9.812086794200527
4.289000094383956,2.4882935373772455
0.1510000076703727,0.2698617978905586
0.0,-0.016724091338454657
0.0,-0.08407486780382127
0.0,-0.16419955156112162
0.0,-0.05267121324311495
0.0,0.2094065054239292
0.0,0.08758446603978454
0.0,-0.018075244807788257
0.0,-0.0061946639432535755
0.0,0.11208549528373243
0.0,0.3358367184217735
0.2699999990500509,1.398994339270315
4.758999882340431,6.388394596662985
12.801000127196312,14.607683404367236
17.8219990336895,23.818372573096482
35.41000089883804,33.30952305346102
42.04799964666367,44.25459181917614
45.97300000905991,49.78044835263145
53.4490004491806,47.42794126797911
38.36600108385086,37.190977334785195
39.62499803304672,26.604823405930574
16.64600017607212,15.136314041952065
2.697999995499849,7.881712528088331
0.2110000021103769,2.492307611517214
0.0,0.3264571382010162
0.0,0.016687714971804796
0.0,-0.04363586959544755
0.0,-0.09562274766975212
0.0,0.021587422667790984
0.0,-0.04048390314460229
0.0,-0.039339493281900076
0.0,-0.022207505171691372
0.0,-0.012456235314593493
0.0,0.01934302338916294
0.0,0.09547242357471042
0.0950000032316893,1.2707521939110504
3.3510000641644,5.6785169649496465
6.7580002450943,13.793256401013982
14.685999683737757,22.524537852402027
34.524001893997195,32.64115939052156
46.19800076246262,46.54376873698509
56.6230014371872,53.97562524506335
56.14799893379212,56.492817645839416
62.389999313354494,54.87603083009993
53.7300008058548,50.224411313527014
41.95000034093857,35.72846737201013
25.3919996881485,19.930841096212717
10.99300002515316,6.940104973882801
1.9899999680370093,0.8056942027666767
0.0,0.03659713219717867
0.0,-0.06151020083877201
0.0,-0.10933907214112054
0.0,-0.022160243506339147
0.0,0.02842218920306272
0.0,-0.01530766816074157
0.0,-0.022220884822290836
0.0,-0.022139498588479835
0.0,0.020969491693903233
0.0,0.14241962316863105
1.359999938160181,1.7161456442762397
14.23699949026108,8.991790003755447
22.606000939607625,20.540543089075342
29.557000991106037,32.9199572947073
50.927999529838566,43.91520810949531
54.494001848697664,55.154676251861964
54.56499958515168,59.49093570343795
55.433999884128575,59.42737090059224
40.10299934148789,56.367568384244095
52.74700072765351,51.698762322926015
38.98499963283539,37.23040027603189
25.388000596761703,20.36434472359511
11.091999617218972,6.510564270791521
1.772999964877963,0.574949974954553
0.0,-0.03230791397544436
0.0,-0.0745797204484017
0.0,-0.10951653284556567
0.0,-0.035652016403836494
0.0,0.1468384959367207
0.0,0.06415349044954467
0.0,0.014856992391068052
0.0,-0.003917333942951733
0.0,0.053487530636629255
0.0,0.2609819893774583
1.8150000524520875,2.3156762534812443
11.439000386595726,11.492615122572834
24.263999170064928,24.318263933870227
38.74399840593338,38.37434987508381
50.451000561714174,49.95704051389962
58.02000092983246,58.99049515262744
61.55599876642227,61.69965041045581
61.82099864959717,60.63428592196444
56.69100036859513,55.99307791889454
52.364998152256014,49.102174554721245
39.14700083255768,32.863622832148714
20.46899906039238,17.497051541997337
6.9870000898838045,5.425544170488777
1.0890000057965517,0.45354716430264563
0.0,-0.009592976848559073
0.0,-0.03246117660350148
0.0,-0.07345995495682266
0.0,-0.026005043473138395
0.0,0.07110781168031163
0.0,0.02052125614435979
0.0,0.001543644079828363
0.0,-0.009227624723963511
0.0,0.02764024749178212
0.0,0.15438743178191677
1.5760000400990248,1.8915326478565642
11.310000420212743,9.064459843725155
24.485000832080843,20.05293222682453
35.31999977588654,32.97796851334547
48.06799807786942,45.67979306043455
57.620999648571015,56.801325089874794
61.37899943351746,60.68607091851781
62.30800048112869,60.341370489915924
58.589001593589785,56.555083827094
51.369998745918274,50.84461237683975
39.47799907445908,36.248760951362364
24.02099942445755,20.674598995136215
9.872000484466552,6.683133494733893
1.3529999877512455,0.5657632013904287
0.0,-0.016054161286522983
0.0,-0.04103382191012161
0.0,-0.0683086261940814
0.0,-0.011187877493566215
0.0,0.11170913566674115
0.0,0.04375993812528603
0.0,0.005508128092873127
0.0,-0.008781561677394814
0.0,0.04927091511504275
0.0,0.2184519981565789
1.3160000481456515,2.1275826384924774
9.684000055789948,10.629244207331217
22.5680003285408,22.87994266931802
36.47000043153763,36.77055721738895
47.50900027751923,49.24514038507588
55.31799953222275,58.592582988574264
58.26699976682663,61.20762830769059
56.93799920558929,60.258260878558275
51.45999986886978,55.8309973246337
42.0420020365715,49.23349033384702
24.251999841928484,33.482364129703946
14.236000230908394,18.158312636070278
6.752000067532062,5.696643833922592
0.0259999991953372,0.4858924252698196
0.0,-0.02102189273113997
0.0,-0.04781507684428073
0.0,-0.08846611632413633
0.0,-0.028308087948041724
0.0,0.27349615526926707
0.0,0.15006488677867208
0.0,0.000898791720743447
0.0,-0.010689527963103435
0.0,0.05908902765042455
0.0,0.15926917642806934
0.2690000015497207,0.6645167181097724
5.4909999781847,2.9225417737284696
10.05000010371208,7.25677606687792
7.669000246524811,10.923754609152413
12.51500039279461,14.15896633212902
19.49300098657608,18.825410071204466
22.95899931907654,23.07869356339667
36.12499818086624,24.069724753248252
22.85199949026108,19.87624662690267
16.761999500989916,15.135230888840873
10.8879997420311,8.721744495359639
6.679999990761281,4.793047424740482
0.8420000134408474,1.879230572887837
0.0,0.48645302932318435
0.0,0.18383013312189642
0.0,0.06615008758409224
0.0,-0.026595541574647996
0.0,0.17112762744936472
0.0,0.20571238992346252
0.0,0.10938512490864288
0.0,-0.057786515907694624
0.0,-0.05865702802259985
0.0,-0.037903180795950606
0.0,-0.015839458870692158
0.0449999998416751,0.31885548179214307
0.4149999896250665,1.849124278380864
1.0079999836161733,5.0172028526417956
5.988000051677227,6.868894578857901
11.402000061869622,7.760119967335912
6.872999797165394,8.484476251884713
6.77599975079298,9.956471360095021
9.04799971997738,12.650456418125898
8.449999995231629,13.607257809345864
13.53499976873398,13.037395420515345
9.684000055789948,8.968347543727
6.094999880492687,5.117751174146937
2.496999952346086,2.0881056938069746
0.1270000034756958,0.7983700528861127
0.0,0.46932369170182986
0.0,0.2916784757837704
0.0,0.10066104674641041
0.0,0.2592589128282045
0.0,0.12140603310029063
0.0,0.026772875671205718
0.0,-0.032356440786677244
0.0,-0.03676837994299209
0.0,0.013504807334648872
0.0,0.14999714780758722
0.3889999904297292,1.5234142891814724
6.04900005966425,8.264118669901658
16.521999587416648,18.86051412473153
32.10200056672096,31.505035612526626
48.23400042295456,43.955503144788445
48.76400018930436,55.127561012010965
56.79700196504593,59.280015414079685
62.26100140094757,57.79376155946488
43.581001110076905,51.37240762008174
34.72299931049347,43.178927401754684
28.94400005221367,29.075207514399658
24.01000038266182,16.137521402476047
10.717000073194503,5.1006076466912695
1.551999971717596,0.5477589224115358
0.0,0.01027892399398643
0.0,-0.04689004953746334
0.0,-0.08113704602910099
0.0,0.003453192911872488
0.0,0.184261583614644
0.0,0.06696904784853158
0.0,-0.030902145646492546
0.0,-0.022988891848480006
0.0,0.13687896594112473
0.0,0.5770034264594123
1.932000048831105,2.6029567269831557
10.26300050199032,12.244690339309228
24.471999163627626,24.82942129235503
38.76800117015839,39.81047815742202
50.50499959230423,51.5939239705427
58.95900073289872,59.84793282269176
62.615998299121856,62.14663414284378
62.17399908304215,58.427655427474015
58.10800148010254,46.00655414474039
39.82600013017655,30.896910630925845
12.17800043284893,16.165944325811054
0.1780000043660402,8.118331189943357
0.0760000025853514,2.433540610380105
0.0,0.253519393683289
0.0,-0.03349822565674188
0.0,-0.06082792578661154
0.0,-0.10961127522700015
0.0,-0.043427395478286474
0.0,0.22133765405509542
0.0,0.12463805228956898
0.0,-0.01648474611351461
0.0,-0.021769807385353085
0.0,0.01755335881924086
0.0,0.08243906566294446
0.6790000036731363,0.6040126845759128
11.449000169038772,3.5736008887038593
21.162000312805176,9.466248287760669
24.300999494791032,14.133589043074535
31.18400061488152,16.867753211821764
16.98899980008602,19.20856877830399
15.230000377893449,20.297506064193996
24.17099924206734,20.486032951579666
18.648999630212785,19.069538205623466
14.144999848604202,16.66679474890705
15.25500034749508,10.940797100876514
5.020000160634518,5.821040723216083
1.5920000001043082,1.9468626059320284
0.0,0.4783482169000044
0.0,0.17300669032993846
0.0,0.057322607250082536
0.0,-0.04734364295485023
0.0,0.13510808833615126
0.0,0.07404744267476138
0.0,-0.0018191788586335578
0.0,-0.049374530687609705
0.0,-0.0444978256498361
0.0,-0.008012110911693092
0.0,0.07611066786377005
0.9500000002235176,0.9357150814765646
5.556000104546548,4.771578324544043
9.771999579071998,12.167682684058999
18.332999521493917,19.99391286942521
11.78300029695034,28.499794145896722
39.55499852895737,40.02190408095172
62.01000141859055,47.61629253378114
53.10900168418885,49.90233978762657
41.41500119686127,47.46876405483507
44.476998870372775,41.951964359153685
37.3740004825592,28.76967300657791
23.7590004003048,15.899915672021185
10.53200050354004,5.471746644882288
1.1290000341832638,0.8565728304057414
0.0,0.1486488556582959
0.0,-0.016343077115732615
0.0,-0.07879316500117768
0.0,0.05452667025819123
0.0,0.1081847260521483
0.0,0.045655815384665746
0.0,0.018970577659992938
0.0,0.0033213018842080666
0.0,0.035991351115456774
0.0,0.18148867387403783
1.23800005055964,2.0122794493557343
10.209000444412233,9.765927151872278
22.85600063562393,21.516837765271482
33.52200048327446,34.89429834054055
45.66199927806854,47.00176428810362
56.74799820423127,57.30123061167367
58.68700089931488,60.89363135547476
62.95200002670288,60.28718513661776
59.50899801015854,56.27174444074384
52.05200095653534,50.555481625747596
40.42500116825104,35.74343585563751
24.62499984025955,20.32266856631037
10.32899988770485,6.437647067187806
1.506000022515655,0.5220619205746941
0.0,-0.01827084718050987
0.0,-0.03673126089027938
0.0,-0.06495610856832862
0.0,-0.013522763855506964
0.0,0.21928034457152945
0.0,0.08243385134473527
0.0,-0.01861961099546805
0.0,-0.05119701090447951
0.0,-0.022277715077782603
0.0,0.11384218392717424
1.108999955803156,1.3788478784472697
10.205000326037409,10.19197457665849
23.266000958681108,23.555291957554466
37.281000554561615,36.743138650579304
47.876998844146726,45.64326750133398
54.11699865102768,51.2255312352031
62.77500069379807,50.65129970720009
31.50199924230576,45.42073851970367
41.350001070499424,40.221773397041574
38.53600046634674,37.63165764629353
33.043000942468645,28.780552707569598
22.273000071048735,15.305523030497408
12.415999773740769,4.044623507526317
0.2969999957457185,0.4444567746944732
0.0,0.01557716763747713
0.0,-0.04943180065447642
0.0,-0.09097360494116916
0.0,0.011338344433079364
0.0,0.24569314149474186
0.0,0.16085159400767995
0.0,-0.030178311911110006
0.0,-0.044893920139708
0.0,-0.04974053954685645
0.0,-0.05599373987167369
0.0,0.23409856979886862
0.3690000083297491,1.6841091638180417
3.511999950557948,4.727481584831347
4.744000208675861,6.383888496555518
4.398000239133835,6.905042268803021
8.641999515295028,6.610925405996023
6.896999993920327,6.841687815565388
5.2120001941919325,8.463225799973213
6.9820001986622815,9.393366321128902
7.464999857842923,9.655579888208129
8.663000393509865,7.135338544611539
3.610000026524067,4.2395110145909305
1.9700000180304047,1.6930803446635294
0.0749999970616772,0.723737458989965
0.0,0.48322019733838184
0.0,0.3534522589296037
0.0,0.1574869026093365
0.0,0.29323601644314884
0.0,0.2720393424629043
0.0,0.1721986020713434
0.0,-0.03337338974162127
0.0,-0.04695204398920401
0.0,-0.05485859313885237
0.0,-0.0628589753706527
0.0,0.2008352535408922
0.1520000051707029,1.406475466047394
1.3550000469386578,3.8519489904653135
2.187000021189452,5.1336978163258005
2.1819998732209207,5.690071427144658
2.763000121861696,5.733731586223025
3.22200009778142,6.228578129195078
2.0409999368339777,7.818752102037392
1.71900003567338,8.670252571563246
1.9870000076293943,8.844650412761421
1.4339999457448722,6.388362324302977
0.9359999710321426,3.82027510501731
0.1199999969033524,1.6247867720710494
0.0,0.7462781435433229
0.0,0.5090797331281476
0.0,0.3831873853420779
0.0,0.17520156481548832
0.0,0.29209586749149874
0.0,0.12458262532313819
0.0,0.027758514746020743
0.0,-0.060590513963672876
0.0,-0.059704968060069606
0.0,-0.03920074031675232
0.0,0.006702909249303848
0.0,0.5383896542774167
1.5209999529272318,3.406320079295462
12.627999885678292,9.191187613838254
17.68500088453293,14.602807734287142
13.458000314235688,19.26432995439903
42.40500122547149,23.627121735185092
40.56599840879441,26.383830410671024
27.83400058031082,28.565954597374613
12.136999989748002,29.286396147448365
23.30800066113472,28.3061857327894
28.28299974679947,20.704105469893108
25.09599914431572,11.40657937265075
10.41399957895279,4.12465676033597
1.4500000341236592,1.019094590085126
0.0,0.32371754704348077
0.0,0.06429807720436158
0.0,-0.0695229423467015
0.0,0.13411489046170882
0.0,0.046288937095162325
0.0,-0.01549808694575898
0.0,-0.06047566198728381
0.0,-0.047218185475292086
0.0,0.014040682573135482
0.0,0.12498777374624032
0.0449999998416751,0.9512753062455819
4.13399987205863,4.081616297219781
11.984999599456788,10.344701710917578
14.869999994039537,16.40456324046982
19.868999789953232,22.58033633875302
24.278999357223512,33.060902369512384
31.056999167203905,41.73411318142982
40.18100113630295,45.999610751682404
39.38099800109863,43.982653780871736
39.414001288414,38.217736243275006
29.315999764204022,23.895777998971795
14.494000163674356,12.217440256786935
7.909000160098076,3.8840111614550548
2.02200001642108,0.5032835127515538
0.0,0.0636793071299062
0.0,-0.036876918076238524
0.0,-0.10881076372986671
0.0,0.00794827446285401
0.0,0.0543465298949356
0.0,0.011168045909723284
0.0,0.00402529426328517
0.0,0.00279159145647849
0.0,0.041630454729607774
0.0,0.15492038658414548
0.8100000292435289,1.5544382933023149
9.88500009894371,6.395540255221086
22.96200017809868,14.838713167251946
31.96500036358833,24.711054710333585
41.676998167037965,36.22579569028224
53.16500128746033,50.580745374913455
61.78399832487106,57.99346052012798
63.73099920272827,59.71885363352262
60.209999499320986,57.22870036241528
52.626000998020174,52.36340185859144
40.53999917984009,37.3088387319545
23.769999442100527,21.448136235800547
9.76400036931038,7.175022706332873
1.3280000181496143,0.6152587322246659
0.0,-0.010818122617049675
0.0,-0.051376465549551935
0.0,-0.07489992021748071
0.0,0.005862488727263415
0.0,0.28436539946718775
0.0,0.19313296857657736
0.0,0.013580362234357019
0.0,-0.019212524794172653
0.0,-0.046475785595141095
0.0,-0.08677029271512401
0.3720000008307397,0.2420121193696827
7.871000062525272,2.70358488303093
17.003999987244608,7.991309543013962
33.39599932193756,11.98979157419037
25.781000159978863,13.609691640755807
7.136000134646893,13.383385701374321
22.805000410079955,12.279582722413641
15.046000067591669,11.852923950835395
4.067999972850084,10.929735203449804
7.141000025868416,9.80339731772493
2.91900011703372,6.664464845322936
0.1329999965010211,3.7057459205119687
0.0700000015366822,1.2428836615352488
0.0,0.3448653257596558
0.0,0.12080959499009797
0.0,0.02744931066547908
0.0,-0.09411411723689218
0.0,0.07749009656807668
0.0,0.02415312634357772
0.0,-0.02091703159127753
0.0,-0.09653133703053446
0.0,-0.08024045614191391
0.0,-0.05207953383084611
0.0,-0.023039433029436646
0.0,0.3399004195770517
0.0,1.6339169841464973
0.6750000136718154,4.631994771110498
1.0590000165998936,6.34351608576149
2.858000109046697,7.474642417498784
6.480000233948231,9.272330877017291
9.774000151753423,11.997189684888715
24.14999939084053,17.8671452656046
24.751999233961104,22.148982082787924
30.453999037742616,20.842755569269357
20.72400018811226,12.962039771187348
14.901999914050103,6.770552213898581
8.045000076889991,2.5632914186769153
0.4190000117197633,0.8261922541162436
0.0,0.4206042166432221
0.0,0.22288180628197485
0.0,0.030305861250416052
0.0,0.1681780871236741
0.0,0.024893609290819463
0.0,-0.004921290452127601
0.0,-0.0089839897844404
0.0,-0.010471871974645969
0.0,0.018778230262370216
0.0,0.11064202300403353
0.0,1.557913019097649
1.9540000580251216,7.473607036566451
9.197000278234482,18.05223741801902
32.37300011396408,30.166489319422546
36.500999038219454,42.73578189759581
45.07599990844727,54.73848363772511
57.23200123071671,58.93254759645464
62.76300136566162,58.93306241923541
55.44300040721893,55.330794380564015
48.10600074291229,48.72207727579149
30.51500007271767,33.42874292143983
15.581000238656998,19.226802391904954
9.795000002980233,6.629826760525319
1.2060000021755697,0.6796932478711625
0.0,0.015474325029297839
0.0,-0.046127131497281336
0.0,-0.08043604343853021
0.0,-0.014236048758448014
0.0,0.08245162667400782
0.0,0.008299552178794856
0.0,-0.036487480051433964
0.0,-0.030796792912903402
0.0,0.02173158696911348
0.0,0.1370775101900318
0.1270000034756958,1.157680978587044
5.37300008058548,4.6690537088571045
10.226000177264211,11.33800942867297
17.117999766469,18.795954199597325
19.07199956774712,28.122712077946723
47.93699959278107,43.02153999450104
65.9930019569397,53.282293664170105
61.30499878406525,56.52346798492418
49.2660001540184,53.16776005967253
37.8380018901825,44.59685898702795
27.637999914884567,26.927916717606415
17.77600023984909,14.298177296597688
7.794999867379666,4.942581372370706
0.505999986808747,0.575102330375031
0.0,0.039991587828819924
0.0,-0.03590907486366433
0.0,-0.07911146193607092
0.0,0.016440488985945703
0.0,0.049437236842012205
0.0,0.017177761923305918
0.0,0.006451798946617612
0.0,-0.0014573647750964203
0.0,0.032795720123023814
0.0,0.1520750641303734
0.2059999985620379,1.869090850438166
6.8859999251365664,9.109904537198824
17.747000151872637,20.716563891133887
28.382999625205997,33.983703880836224
49.76199840068817,46.322209622159875
58.41500106573105,57.08106341280084
60.70600185394287,60.66778322456896
63.69700179100037,60.03249195098611
54.14199964761734,56.157186532779754
52.84900117874145,49.84571378635869
40.62799973011017,34.60445889372427
23.85400090098381,19.54574649829746
10.072999500632289,6.485501402686491
1.2150000117719173,0.5830078501654523
0.0,-0.011311361388741815
0.0,-0.03795006631011145
0.0,-0.06535886438192266
0.0,-0.009888400158648822
0.0,0.10251825340750836
0.0,0.04902380380561289
0.0,0.029057508910567006
0.0,0.011869011731758444
0.0,0.03775742079371332
0.0,0.17633073104261085
0.6400000048801303,2.1533271466299286
8.878000337481499,10.88233817548781
22.2129993224144,23.81627528178064
37.30900035619736,38.15735050252078
50.432999515533446,49.916255134460066
58.86100142717362,59.1262155764675
63.29399936437607,61.878861719868176
63.91699905872345,60.88110275614462
60.72300055980683,56.98696485157743
52.63100037574768,50.9920743015311
40.962000885009765,35.54669855445689
24.00300043225289,19.91489257489767
9.445000428557396,6.413633799787411
1.183999992981553,0.5171708897322973
0.0,-0.03333314671385323
0.0,-0.038446249987286324
0.0,-0.06342915779781513
0.0,-0.01961483478338962
0.0,0.11299932126156456
0.0,0.049200008232012954
0.0,0.030511502312871336
0.0,0.015098591210591927
0.0,0.04088837747687307
0.0,0.17641208707565026
0.6219999856874346,2.141095368109302
8.857000486254693,10.765159922368975
22.59999922156334,23.477591055232644
38.57800016880036,37.81135861836336
51.906998462677,49.539316016329614
59.05000008821487,58.96060986381291
63.76599895477296,61.88223902543724
65.91500016212464,61.002546480242074
62.027998356819154,57.324508464067634
54.09700114011765,51.94092207484751
41.91399824857712,37.2764331268562
23.919999259710316,21.201908074119004
9.31999955356121,6.802926622193144
1.0539999970048666,0.5283495251001311
0.0,-0.041658713715750105
0.0,-0.04467837220501516
0.0,-0.06813961507709748
0.0,-0.019611947809123703
0.0,0.06448092925725514
0.0,0.029682547150159916
0.0,0.021189277040644133
0.0,0.005464228614315406
0.0,0.025614914739372496
0.0,0.15005153924605147
0.7530000112578273,2.0768178755652187
8.085000233650208,10.15952083723519
22.52600062608719,22.647942771377842
38.38099921703338,36.970215677813336
51.22299978733063,49.18025416542252
58.96400011062622,58.87098621883019
63.365999441146855,61.783213610221146
62.78099830389023,60.95417753213012
58.95799839258194,57.09984137886886
51.53999812841416,50.97844804912581
39.70999977827072,35.89937775092473
22.48300063729286,20.541963530245063
8.781000291109086,6.6999594560641444
0.8230000288411975,0.5386363952675628
0.0,-0.0316336799175295
0.0,-0.04027441643108496
0.0,-0.06332104677141462
0.0,-0.02481541150844293
0.0,0.12973666643686182
0.0,0.05220602172297904
0.0,0.011655677948541707
0.0,-0.0042200685157555914
0.0,0.059059610772923196
0.0,0.26615512209667286
0.5210000135004521,2.2261429010401184
8.950999673604965,10.467352116164559
23.16300022125244,22.597266990643604
38.96199920892715,36.51635530960507
51.88099923372269,48.38121349091128
56.97200072526932,57.88290292522007
57.56400181293488,60.80041814883871
61.09299969911576,59.599425951413686
59.208998374938965,54.48532577288815
52.16800130844116,47.49927583682335
40.22899844884873,32.373911738002384
16.000000057816507,17.750596821862054
5.796999790966511,5.519081502043695
0.6519999748840928,0.4543523184203144
0.0,-0.009433171943067663
0.0,-0.03876288848945857
0.0,-0.082410335650842
0.0,-0.030241283131563018
0.0,0.1630087877179472
0.0,0.060474424967967566
0.0,-0.014226136925819942
0.0,-0.013710334523611624
0.0,0.09425293783696792
0.0,0.39222091384077873
0.1590000037197023,2.1864390425839426
7.710999948978424,10.54043499591212
20.894999856948854,22.650709334709475
35.693001828193665,37.62557110599605
48.513000206947325,50.073813951706825
47.08100096225738,58.92372212212378
60.80499939203263,61.428308219064625
60.621998341083525,58.16624250706731
56.57200121164322,47.199135478468
25.847000572681427,33.622423018912635
17.51499944806099,18.77654570863904
15.28799952685833,9.984968594619424
6.399999920427799,3.1123830106124286
0.1580000062193721,0.3162292641253732
0.0,-0.019865766559154188
0.0,-0.045438600795861706
0.0,-0.08724057656927786
0.0,-0.028651924866708103
0.0,0.1589207747149014
0.0,0.09273645918161524
0.0,-0.03368986400424985
0.0,-0.03607171045036413
0.0,-0.028130667613827404
0.0,-0.0032351990906457767
0.0570000019390136,0.378401853283031
5.692000021338463,2.411475558601516
9.972999622225762,6.776291026594675
16.414000499248505,10.068475431814212
15.3179999011755,11.843145397855688
23.48800085306168,12.780443404916305
25.303999137878417,13.124221386111406
19.2130009162426,13.937559400670603
9.63199954390526,13.78633052668514
9.41300050854683,12.434893028838509
19.44800042510033,8.468667435774487
9.13600027024746,4.8383858973615625
3.5490000185370447,1.870088566353839
0.1910000039637089,0.6509452635372144
0.0,0.32318362820859275
0.0,0.17778656929419184
0.0,0.024147645243509624
0.0,0.15373708587154833
0.0,0.19189799496244042
0.0,0.10412366561031203
0.0,-0.02635505862453144
0.0,-0.03949653651057532
0.0,-0.01163649978116539
0.0,0.043166162879892056
0.1270000034756958,0.533455212614304
8.38200003683567,3.937499938941496
10.45300047636032,10.65736389313811
14.906000032424927,16.895333912042176
23.309999179840087,20.49971291252318
42.36399975538254,21.610880318148148
41.50899935722351,19.761833221462503
24.52000058412552,16.985602390175963
13.599999895095824,14.853527732132305
11.56400023460388,13.091677595098743
16.773999856114386,9.058084907447626
10.687999985218047,5.000804375350116
5.0000000822544095,1.8140104139343753
0.1739999983180314,0.541054386033823
0.0,0.20760462870788343
0.0,0.07717587613465604
0.0,-0.03438697532620075
0.0,0.1279655973527734
0.0,-0.012095185706515355
0.0,-0.034825928449536886
0.0,-0.03849287940194643
0.0,-0.036838037998074336
0.0,0.004360422014297469
0.0,0.08783274171913844
0.2139999946113676,1.0674335760499754
9.197000278234482,3.5799437462715407
5.730999891757965,8.77413906567761
7.123000006675721,14.383545420438596
20.903000093698505,22.49220210841053
41.294001467227936,38.40159641663704
55.65999886989594,50.8490761615115
62.66199914693833,56.51480663524202
58.73199940681457,55.73635838721633
51.15900200128556,50.75273921679058
40.71100090265274,32.86698529755137
21.14299898028374,17.396029983571616
6.759999790787697,6.304357149039243
0.5580000172927976,0.695625777049719
0.0,0.04314144873912831
0.0,-0.06063467932781761
0.0,-0.11480298018219068
0.0,-0.019289842984470534
0.0,0.047777455420758785
0.0,0.009518747585135823
0.0,-0.003794656637684926
0.0,-0.012704293226825286
0.0,0.026856666910868104
0.0,0.14382372392096324
0.0449999998416751,1.660633085958093
4.4620000791549685,7.834894058963762
12.50400032401085,18.3247524898454
31.135999194383626,31.076544945808067
48.23899980068207,43.88287067717346
59.1789980006218,55.452275887248376
63.84200017690659,59.315861311674254
64.1650002360344,58.73729198423853
60.979998152256016,54.397067876064604
43.95000201702118,46.903288248216505
33.63700054883957,30.72527194888807
19.724999636411667,16.96604190628372
6.831000094711781,5.750016543033512
0.3649999862350523,0.5520940990046171
0.0,-0.012256622357677188
0.0,-0.05465485120224622
0.0,-0.08783181339067347
0.0,-0.02577892108717325
0.0,0.0812046568645691
0.0,0.0065302331212699904
0.0,-0.05027867367018258
0.0,-0.04569111325619301
0.0,-0.0007683892786774366
0.0,0.08585063851957764
0.0449999998416751,0.7990507917829344
1.3049999793618918,3.6587489903950092
6.811999789178372,9.406589581137437
15.481000360250473,15.127446010715948
19.362000447511672,20.93229346538557
32.299999750852585,30.49134038772293
35.12400116443634,38.531515714628675
36.56700150489807,42.48427567252378
34.88900165557862,40.78829071248476
32.381000350713734,35.23899390837548
26.56799957275391,22.102685384330492
12.142999653816224,11.355434734377749
3.3219999761879446,3.7873430336236096
0.2249999992083758,0.6116153501999659
0.0,0.11469289170829294
0.0,-0.02116071005722965
0.0,-0.10379710791373362
0.0,0.03613882522712637
0.0,0.07041751893525153
0.0,0.026857517307127626
0.0,0.013991132002397808
0.0,0.0025601971566758114
0.0,0.039137688545461305
0.0,0.17156234521125885
0.2600000080000609,1.94383825396863
7.477999985814095,9.518566743741435
18.390999697446823,21.625641709573166
30.02499943614006,35.257109285943216
48.45400179862976,47.24775238696045
59.38700004816055,57.26634017917582
62.477999863624575,60.46120293527943
62.43600016117096,59.585327211312844
59.54799890756608,55.47499803041682
49.57999969005585,49.29447669320474
33.205000088214874,34.273896396229794
20.053999359607698,19.366574160681928
7.222999885082245,6.300708663843849
0.4259999942220747,0.5418493073492484
0.0,-0.013898641715415501
0.0,-0.04088225387439938
0.0,-0.0714465645127018
0.0,-0.018270809035247783
0.0,0.0986738093631779
0.0,0.020251195861519605
0.0,-0.04056453463462159
0.0,-0.048325144391400135
0.0,-0.03086994627160683
0.0,0.05793154043252963
0.2529999934043735,1.115605432150992
7.712000235319138,7.16821091427786
20.98300040721893,18.30686823829714
35.03499827384949,29.439064617199577
40.000998890399934,38.310962312854436
22.7760003221035,46.849142525949254
43.333998165130616,49.8629293592532
57.283001456260685,48.74560418718279
44.01100099802017,45.08377100409763
37.60100180864334,39.43070832707032
36.89799974679947,26.95141673099596
19.326000409126284,14.20204478791998
7.898999864161015,4.265393840225511
0.634000019878149,0.5304448976403602
0.0,0.0262891445836064
0.0,-0.06659421631864171
0.0,-0.12466730946394823
0.0,-0.02264064877035965
0.0,0.104560891190285
0.0,0.02320818550467396
0.0,-0.045932477133314525
0.0,-0.052193495560872244
0.0,0.0066257785815389825
0.0,0.17023552681494192
0.0190000006463378,1.535440613517876
4.918000223040581,9.18846607037242
19.94500101208687,21.499272613492877
36.45600053071976,36.34878561428846
49.78499882459641,48.671288120721776
59.09199979066849,57.47953816997546
63.93099895954132,59.384082137867686
64.00999898672104,55.0382774675471
40.22000203371048,44.77477007533379
36.093999574184416,33.36167928314735
30.55699977517128,20.000887040571705
13.53000039100647,10.597208559636003
3.6130001153051854,3.2942186286274637
0.2339999927580356,0.3860670324745359
0.0,-0.01663710490523467
0.0,-0.06329964830944827
0.0,-0.10458073826527274
0.0,-0.03208598017537044
0.0,0.007094083184503455
0.0,-0.012527289856159814
0.0,-0.01524378131925952
0.0,-0.021508567005992144
0.0,0.006888699668542997
0.0,0.12671869151687487
0.0510000008903443,1.7023458290544995
7.082000077068806,8.375894391417438
20.62600088238716,19.687269710395867
35.830002031326295,32.82493943125359
49.077001492977146,44.84491490004443
57.51899919748306,55.52041567606559
61.72299934387207,59.02854098484929
63.05400047779084,58.20212419885054
59.50799977779389,53.983300249055375
51.91599898576737,47.403216172020755
39.18400115728378,32.65055678192864
21.097000186443328,18.29918344953547
7.444999779462814,5.831500844402673
0.4529999909177423,0.4937332510096877
0.0,-0.04398907851348277
0.0,-0.07021807815698025
0.0,-0.10450929818117699
0.0,-0.05702555382223132
0.0,0.07039743064847462
0.0,0.015804730512447282
0.0,-0.02196479597331534
0.0,-0.029016458009655986
0.0,0.02429762251057853
0.0,0.1934985902869062
0.0,1.756840408819289
5.676999834179878,8.436927374114536
20.217999078035355,19.583435555070714
33.263000264167786,32.36370323349192
48.92800196170807,43.93023992464866
58.99699928998948,54.17984465609124
57.077998213768005,57.442268928645085
60.50499975681305,56.01640851750358
48.43400017976761,50.531011827263825
47.67699908733368,42.52953875810885
37.86699992418289,27.28855094813182
18.337000666856767,14.555048935093263
4.0329999640584,4.475248894529537
0.068999996013008,0.3991643900619304
0.0,-0.026553109313850368
0.0,-0.06200176178662859
0.0,-0.11297496842081739
0.0,-0.05500940933076948
0.0,0.07877184549714072
0.0,0.02499903399164799
0.0,-0.0055518715125363535
0.0,-0.014254070629504116
0.0,0.028339148093740926
0.0,0.18531493705113541
0.1009999962570145,1.830053674583866
6.36300010919571,9.033015014154193
19.615001002550127,20.64476770645178
32.80400028824806,34.44934033094783
39.88499853849411,47.057143563176815
53.92599941730499,57.375560149859815
59.16100106239319,60.662591416463144
58.46800186395645,59.257207316440166
58.53499845504761,53.726916821309615
29.879998996257783,45.1693883604943
19.091000900268558,28.851740991333322
18.21400036454201,15.847060022255999
4.649999994337559,5.067928713483245
0.8750000272318721,0.4558374872638403
0.0,-0.025039709041429964
0.0,-0.05259503912808709
0.0,-0.0870647488987219
0.0,-0.03031970900323508
0.0,0.17769980372557007
0.0,0.09415164951925903
0.0,-0.009778437113211538
0.0,-0.0013712323622680628
0.0,0.07574713460835242
0.0,0.21864837893777223
0.0,0.8907183531226452
2.135000022798777,4.121026388075104
13.527999818325045,10.335361088138457
24.14199915409088,16.719976741644004
25.806999388933185,22.298404398290245
40.19300046443939,29.027905559039503
34.73499863862991,32.62176267963568
37.83699954986572,29.80878018119777
21.40800091743469,22.63406970605363
7.299000080227852,16.029274788083683
3.208999969810248,9.079354123487157
1.566000000908971,4.933277662785369
0.1460000041220337,1.7285592309438418
0.0,0.3460711612028656
0.0,0.0661488455873302
0.0,-0.013249809810215778
0.0,-0.08495970956407786
0.0,0.06415601881919299
0.0,0.07785880397900236
0.0,0.031274073342740044
0.0,-0.05817757174668611
0.0,-0.04766141101147525
0.0,-0.012289264510426376
0.0,0.0410565223551303
0.0,0.44783370041418813
0.1140000038780272,2.0035388189618404
1.7710000340640546,5.5446999839749305
6.677999931573868,8.010528667214542
11.027999777197838,9.617380253574007
12.46299988090992,11.82397221469334
4.939000074267388,14.433249240195805
27.718000228405,17.59271708305384
26.829000364542008,18.079681158339675
9.545999566316604,15.653703134307404
14.56399966776371,10.024510761374472
3.41599993377924,5.707650924819437
0.0,2.030442952419989
0.0,0.5576874535393603
0.0,0.2518548842429577
0.0,0.13069637366341613
0.0,0.0010891777607352077
0.0,0.1372925579173666
0.0,0.1287294040557589
0.0,0.04469193968517693
0.0,-0.02178025363113048
0.0,-0.011784713408305295
0.0,0.09253668041677315
0.0,0.3450773198923178
0.0129999995976686,1.811864602621645
5.307000181376934,8.377708838638762
16.051999542713165,18.897068238546062
31.30600063085556,31.698021713041243
48.77399894475937,43.495882340527565
55.771998076438905,53.75539560548092
52.33399954557419,57.17051692297284
56.75600049495697,53.83083418791538
56.76399867773056,43.49056660233928
51.23800202846528,31.94191325382861
20.1800005209446,18.679789166656434
2.454999993145466,10.080155015766106
2.435999944359064,3.064305597416385
0.0629999989760108,0.30699327356877415
0.0,-0.02372371897500948
0.0,-0.05937175695629222
0.0,-0.10829955465601747
0.0,-0.031051749165624892
0.0,-0.008264711938152675
0.0,-0.017272827435263205
0.0,-0.025312683259430667
0.0,-0.017287225094921387
0.0,0.02574002888245669
0.0,0.15777346446747548
0.1510000076703727,1.4358257741800762
6.033000099658966,6.433691324254198
19.886000549793245,15.682968642102022
29.586999311447144,25.73296297133566
27.749999121427532,35.41466857478034
39.01799881219864,46.71457809616479
38.71399803161621,52.19474790903094
48.34800020217896,52.72971494496593
55.90000186443329,48.96532555807993
51.01500184774399,42.87209968819597
37.41300137996674,29.006489876385686
16.313000334501268,15.875201439121678
5.452000107765198,4.83766437022941
0.0629999989760108,0.42222935375185855
0.0,-0.038377921159037556
0.0,-0.08905874947658585
0.0,-0.15869922163350944
0.0,-0.09961027428818811
0.0,-0.016780750222902374
0.0,-0.03550345751155225
0.0,-0.06453757710031874
0.0,-0.060239536365042055
0.0,-0.039724422037292165
0.0,0.02484359387789531
0.0380000012926757,0.8152309690310549
5.924000211656094,4.519543234675798
19.64100023150444,12.16583578139793
35.075001511573795,19.30442929760293
45.44399847507477,24.605602711461316
22.53900024056435,31.251819373320828
34.38499906420708,35.16061730705374
31.86600077152252,37.510588978598555
31.36900018453598,37.80417042741957
32.68400084495544,35.95674596954436
28.80699984908104,25.628163771856237
12.851000066399576,13.179314392700041
4.525999919176102,3.7465425052123615
0.1319999990006908,0.478200368350026
0.0,0.02544357273246603
0.0,-0.08122367416285385
0.0,-0.17628510379038587
0.0,-0.06516268563189428
0.0,-0.01585649858064249
0.0,-0.025603660074110676
0.0,-0.01924238416738673
0.0,-0.0168286443276926
0.0,0.02112473341384477
0.0,0.11993908247475932
0.0,1.3312118575155678
2.75100002348423,5.634666625302937
8.027999830543996,13.653186784302946
16.234000307321548,23.566778280870807
33.550000284910205,35.26201904775979
52.00300130367279,49.07058654757495
59.6720015501976,55.476840451093466
63.04799875974656,56.549322841921146
58.29000019073487,53.257827039181976
43.38400015830994,46.72303132099458
37.32799963474274,31.649320976196464
18.73000023007393,17.733392125446336
3.4679999321699144,5.987966686986866
0.0510000008903443,0.591838193351524
0.0,-0.015831417289164817
0.0,-0.07031622835170011
0.0,-0.1042061933772194
0.0,-0.028764362240186712
0.0,0.11841979984432205
0.0,0.04533342817310969
0.0,-0.027416832756723603
0.0,-0.012357447071375802
0.0,0.0797434416834768
0.0,0.2639503335221958
0.1009999962570145,1.2116582822961686
4.34999984562397,5.698981709184034
12.263000124096871,14.090894015558797
28.83999902844429,23.699603176587452
40.40099840402603,33.21789724125198
45.24300048589706,42.6394856793035
41.34199877977371,45.5154496431601
40.269999918937685,41.445211249253994
38.21000160217285,31.952049873862627
23.63999918937683,22.403046471354322
15.31299949645996,12.201168952326283
4.864999938309193,6.429038757545563
0.4929999872110784,2.0699794047170634
0.0,0.2913244849305918
0.0,0.0034642840251993406
0.0,-0.04788160277421126
0.0,-0.10207495968852882
0.0,0.0019435030439735324
0.0,0.09822742543815
0.0,0.0605483168655408
0.0,-0.044793714133126133
0.0,-0.038753950128810694
0.0,-0.028213165534932513
0.0,-0.007944259604599463
0.0,0.3102230644230938
0.0,1.5363908573416432
0.1980000025127083,4.398745466396873
2.53500004991889,6.266089610892756
4.063000081628561,7.394689920484641
6.567999757230282,8.567102174987879
8.933999940752983,9.894028098835467
11.580999967455863,12.096059909560038
10.547999950051308,12.884677393455119
10.1290001308918,11.106816346379784
5.796000018119813,6.870648238300617
2.2459999699890614,3.9390880881112755
0.166999999769032,1.5797934201491917
0.0,0.5935781267283678
0.0,0.33561337629805543
0.0,0.2365134673449405
0.0,0.08198452294837724
0.0,0.1740033788448818
0.0,0.08510960057253333
0.0,0.03857209350823326
0.0,-0.06369396825379642
0.0,-0.05627995989591719
0.0,-0.03513024715445977
0.0,-0.003172939467863997
0.0,0.35271473909674655
0.0389999987930059,1.8286629564372912
1.5150000321120023,5.293914286448126
4.0790000416338446,7.65900524198917
5.101000247001648,8.935916343367957
8.468999787271024,10.183218293181515
9.403999985456467,11.4801119325822
10.71000012278557,13.470252034741774
10.052999935746191,13.77443493889162
6.01200024843216,11.720107773068538
5.93399999409914,7.303078070535236
2.979000095427036,4.1866247924959605
0.6959999932721257,1.6909600563962757
0.0,0.6027426271147494
0.0,0.32022995187487957
0.0,0.20362942160864622
0.0,0.057925891659914616
0.0,0.1669306464399429
0.0,0.10978296757494754
0.0,0.038380472515543246
0.0,-0.032831446844585395
0.0,-0.030907365306640663
0.0,0.036257712689352295
0.0,0.18633646687724525
0.0,1.170947333044114
1.7790000140666962,6.31438248414838
6.627999992370605,15.68213165388723
21.278000664711,26.522117263767903
36.393000977039335,36.70705435806251
49.14900156974792,45.86995875249486
49.619998819828034,48.162706853684426
38.942999930381774,43.40601258450079
28.9549990940094,33.96779661801554
30.52400059580803,24.690751101117797
21.336999073028565,14.689768434909539
8.232000219225883,7.882645909191684
2.8810000194609167,2.524155112768514
0.0449999998416751,0.37354985378485606
0.0,0.02580075143681504
0.0,-0.04144077597076332
0.0,-0.09613232943023886
0.0,0.003034595735574172
0.0,0.07774640740680938
0.0,0.02338467519347004
0.0,-0.018945966909241177
0.0,-0.019755539101367223
0.0,0.050230769272011144
0.0,0.23977955392307793
0.0,1.8111929282862205
2.520000119507313,8.534022946282382
10.879999505281448,19.522845831004624
33.320000153779986,32.92339541662068
47.68800018310547,45.446586411534575
58.390998301506045,55.9816814327883
60.15300166368485,59.10346803431876
57.6769992518425,57.10785807803264
53.98600016593933,49.980380613788014
47.53299893379212,39.08837996546069
34.91199797153473,22.760806818400056
16.463000152111054,11.90406244129696
3.388999904990196,3.860882610278337
0.0,0.3786153394740466
0.0,-0.028315707936127726
0.0,-0.058056970059557636
0.0,-0.10652495938079073
0.0,-0.04573055323522289
0.0,0.022419982311080555
0.0,-0.001468665895971312
0.0,-0.014094925507610934
0.0,-0.023122704702195566
0.0,0.0072195906550413524
0.0,0.13711029141635234
0.0129999995976686,1.7286781741203316
3.5230000193417075,8.864969632593104
15.955999782681465,20.821083562738714
35.94200123786926,34.53414810527218
49.23800035238266,46.404819057946
59.34200154066086,56.27856090530438
54.58199829101563,59.12493562666693
53.31999842882156,57.632850044104586
54.18599992275238,52.78215966382391
48.71200173139572,45.25627916918711
35.342001967430114,29.93279858018068
18.385000033378603,16.257423581053857
5.640000022947788,5.148419539957548
0.0749999970616772,0.45624723266515876
0.0,-0.043479294662471246
0.0,-0.0713692764239403
0.0,-0.11069978757034321
0.0,-0.062343955439016545
0.0,0.002226865709771264
0.0,-0.009657335723444758
0.0,-0.010951895507817458
0.0,-0.01241623960758817
0.0,0.023405080146922164
0.0,0.14837329587526613
0.0,1.5894872627467969
6.392000197172165,7.963380697981799
17.070000399947165,19.03964119009774
20.984000693559647,31.71683535936593
46.56599932909012,43.10181277702079
55.31099958181381,53.65651106847902
56.31000013351441,57.22996525396976
59.39699880361557,56.27387257472747
57.58500166416168,51.8820718252228
49.25400082588196,45.0186385398295
35.938998324871065,30.20342985704891
18.648999630212785,16.349762222676787
5.402000168561935,5.14892932108521
0.0439999983296729,0.4554790442970933
0.0,-0.05230512222811438
0.0,-0.08159330922647431
0.0,-0.11964460585815016
0.0,-0.05985776904674144
0.0,0.007788848321753555
0.0,-0.008683587206094245
0.0,-0.01759094222220453
0.0,-0.028814416539956207
0.0,-0.0022584686960134756
0.0,0.13265713509319874
0.0,1.8142581144591545
5.581000074148179,9.260455296474793
19.236999572515487,21.632775228357048
34.725998115539554,35.863258109072824
49.1599985575676,47.76745463552185
55.33199943304062,57.33911145497951
58.42000044345856,60.08232784117029
62.807999873161314,58.65721977067592
58.60100092172623,53.71208415956024
49.82699852705002,45.76957160341549
35.331000871658325,29.736516102930416
18.31299995660782,16.047406671845387
5.26600025177002,5.076475464428583
0.0380000012926757,0.42826017147686124
0.0,-0.053835414624962864
0.0,-0.0746126255052468
0.0,-0.1129244964470647
0.0,-0.07563770367311096
0.0,0.020754852816744912
0.0,-0.020228890172362166
0.0,-0.05125729491590432
0.0,-0.0549817541223766
0.0,-0.027185362574257757
0.0,0.08862197110923845
0.0,1.3185751363573588
5.427999911010265,7.903679576092463
17.915001015663147,19.759414075025973
32.2479992389679,32.57234370805251
38.538999271392825,42.648956297581805
43.74999815225601,51.473675983845524
47.37400064706802,53.73373718197323
50.11999821186066,51.18603694046326
46.30599882364273,45.817876950419155
47.48300104856492,39.07377905862671
27.84399933576584,25.65552077448072
13.993000485301016,13.24152364835232
3.4010000033676624,3.9062236130462082
0.0,0.39566696660689604
0.0,-0.04313125185705144
0.0,-0.09949275705106055
0.0,-0.1573936985124323
0.0,-0.08817714875815579
0.0,-0.12184155664588081
0.0,-0.09110410643142296
0.0,-0.06742295658258152
0.0,-0.06440981633414303
0.0,-0.033462594395838506
0.0,0.061082437547115814
0.0,1.1780767014294027
2.5620000787079333,5.9073172648832015
14.59400004208088,15.252204380288678
27.9669996380806,25.065247858772643
41.51199816226959,33.716703605815475
26.76199966549873,43.58918055001333
34.29499999523163,47.9956185463084
38.86800104856491,48.98733945958941
43.40400177717209,46.50789052649469
48.07499802827835,41.491757815050576
34.15900007843971,28.82405013960601
15.534000131487849,15.477302083471193
4.206999978423119,4.637513635772814
0.0,0.43797751332597534
0.0,-0.051312883827619574
0.0,-0.13010472938470186
0.0,-0.2051138290531371
0.0,-0.14722482325302788
0.0,0.06735840546891472
0.0,0.01755256335528585
0.0,-0.014787628002374306
0.0,-0.024551904121026036
0.0,0.024476308950476575
0.0,0.1885598163944649
0.0190000006463378,1.792668940815747
4.961999984681606,8.886080193255792
13.907999767065048,20.535436275123516
34.10799985289574,34.40562435714073
47.232999298572544,46.477930311573566
53.67600177526474,56.08364131820436
61.664000935554505,58.743447574283415
58.33899984359741,56.79151496803851
55.97200194120407,50.288747795347135
47.95000126123429,41.154223416660045
34.5789991569519,26.015199504802638
14.72300000846386,13.968468402668579
5.954999845325947,4.378920006593293
0.0,0.403087258086068
0.0,-0.03030118401715831
0.0,-0.062487270729994986
0.0,-0.10993602372111702
0.0,-0.05643362852837067
0.0,-0.010401142371064556
0.0,-0.01604756972713916
0.0,-0.01858241486303875
0.0,-0.017635183341382227
0.0,0.017467557720738394
0.0,0.13418074467126237
0.0,1.506720853954353
1.4330000445246698,7.075417166587128
16.945999811291696,17.130376490201662
22.13599986791611,29.30566609500589
40.72000142574311,41.585687766757765
52.308998548984526,53.149795810121525
54.70699916601181,57.22574392116292
47.70999826669693,56.388493525359685
56.79100024700165,51.22541397720333
49.551999888420106,42.50750514831268
27.232000737190248,26.949028562349618
15.707999632358552,14.758694667182542
2.8689999210834505,4.873965270566154
0.0,0.4696721194971334
0.0,-0.040077027177330825
0.0,-0.07276402010050435
0.0,-0.11612996844226897
0.0,-0.06046002711606773
0.0,0.003274945356738182
0.0,-0.014139135247892468
0.0,-0.025075439701732843
0.0,-0.0346145205889334
0.0,-0.006909175513125795
0.0,0.12157731714149994
0.0,1.6544281940093224
4.412000139951706,8.752595573454355
17.60799937605858,20.87628260731976
33.66099920511246,34.82658136530211
45.35499969244003,46.52996602400259
55.278000402450566,55.897054657691136
41.68000108003616,58.37621208914404
47.70499888896942,56.53955911102235
55.289999730587006,51.16020408690509
45.88700003147125,42.99274251306401
33.023999609947204,27.31807215425507
16.81299972653389,14.451561640002662
4.387000170350075,4.5189483319448485
0.0,0.39977887610276175
0.0,-0.06096669338953538
0.0,-0.08824908141190135
0.0,-0.13494860212927007
0.0,-0.09201408675407374
0.0,-0.00650802919143402
0.0,-0.016579289116254087
0.0,-0.027264952201592113
0.0,-0.035314414430391294
0.0,-0.003001199481808596
0.0,0.12432809645006498
0.0,1.6356372071189222
4.864000165462494,8.415789421195614
18.195999318361284,20.457318729709797
34.59799843549728,34.34587740129343
48.50899906158448,46.51076865377309
52.81700023174286,56.233213034725786
58.27300148487091,58.74743376630662
56.570998871326445,57.119401262140435
56.07799942970276,51.639354854177505
50.1350004529953,42.37248273311686
34.26599990725517,25.81488345332715
17.166000159978868,13.589325681574987
4.090999883264304,4.3483652206763255
0.0,0.4055894382354298
0.0,-0.045225340653683624
0.0,-0.07411553176843422
0.0,-0.11636951446609646
0.0,-0.07310535917508068
0.0,0.06578881577348417
0.0,0.004117993360514632
0.0,-0.04971481061231221
0.0,-0.05376455428878683
0.0,0.016266244026175547
0.0,0.22073435779661388
0.0,1.6304592487243095
4.177000117599964,8.468504856674718
14.864000329971311,20.310803164369474
32.21999943733216,34.611051097129106
47.36299955129624,46.60952040800105
55.5789982700348,55.446120772442384
59.1980013871193,56.91423735234693
58.84399861335755,52.94119420596838
53.41900007486343,43.32555180133151
28.695000642538076,31.05791515981825
22.4330006980896,16.47959061529098
5.461000117361546,8.339237186794017
1.0829999566078186,2.6016961092117685
0.0,0.27070363191231567
0.0,-0.046427053195110236
0.0,-0.08118534281291803
0.0,-0.13454480203327324
0.0,-0.0751348984790326
0.0,0.06132774947539621
0.0,0.035665330789599964
0.0,-0.04296408494309942
0.0,-0.036913835050138274
0.0,-0.02495283336687143
0.0,0.00886821213728739
0.0,0.40563577635480963
0.280000006146729,2.199843929916357
6.9800001394748685,6.4180892572703225
7.939999793767929,9.61300857110934
17.556000918149948,11.35472065808144
10.944000372290612,12.691787601331143
16.93899986088276,13.319540891933839
21.588999341726304,14.667752919713687
11.14100029706955,14.87916183946822
23.55200069308281,12.89654889794587
11.855999633073807,8.030709338714527
4.363999746441841,4.410784564122793
0.8180000092461706,1.6005740979316925
0.0,0.4928119702974616
0.0,0.2197549327089997
0.0,0.12412685889646446
0.0,-0.000982040527084116
0.0,0.0985336801719314
0.0,-0.02055223346570645
0.0,-0.03029784491738252
0.0,-0.03793787110001902
0.0,-0.04609991662221872
0.0,-0.009798676131692531
0.0,0.11688499762097934
0.0,1.5022430297221498
3.851999999284745,7.129095216414613
16.73399969935417,17.863000160744733
32.45699951887131,30.496119665636336
40.80400083065033,42.94094915537447
43.388999536037446,53.737120155078166
58.72499945640564,57.06787914167607
58.471000669002535,56.07776311313565
55.10600044727325,50.42768303412724
46.12899949073792,40.62462978506431
30.829999895095828,24.245932496456618
15.33700020670891,13.073056396949207
2.962000105828047,4.282006120002803
0.0,0.41216537747735116
0.0,-0.027390320071769662
0.0,-0.07025633706178948
0.0,-0.11611986782253314
0.0,-0.07005647052393624
0.0,-0.05701517203382914
0.0,-0.0421507357234929
0.0,-0.03382729796012095
0.0,-0.03225342384806097
0.0,-0.006885380663445781
0.0,0.08796999486577142
0.0,1.3590217309118082
3.8509999696910384,7.021874050226396
15.000999506115914,17.947563591289345
29.26499953866005,30.373551473047186
45.0299990606308,41.870959007085794
48.19999890327454,52.06419665583652
60.05300178527832,54.675836693625804
62.87599880456924,53.52840648628493
60.43099910736084,48.74361584168345
50.89299977779388,40.07620358619781
34.73400040626526,24.6341415512518
17.30099979043007,13.03912393401592
3.620000065714121,4.221687278744652
0.0,0.41891843304203324
0.0,-0.05563929974745131
0.0,-0.10164773929731227
0.0,-0.1595914182819277
0.0,-0.11021032502303238
0.0,-0.0022064890944955284
0.0,-0.019456384374852267
0.0,-0.043021383698738605
0.0,-0.05284690417342784
0.0,-0.04070976266366606
0.0,0.052953920979173924
0.0,1.3040807838107655
3.735999904125929,8.383327220653754
17.690000262260437,21.28921481987271
33.624000934362414,34.90630584166586
48.87599939584732,45.38773001341855
54.56299901247025,53.032945102681865
53.34799823045731,53.249666161537455
44.1929997086525,49.6176786208324
47.33099860429764,44.03162490648855
41.73499834299088,36.21061448068152
32.72600054740906,22.77009545860801
16.754000291228294,11.645354784031099
2.3409999571740627,3.548032267289255
0.0,0.403025393295232
0.0,-0.0410324868283793
0.0,-0.08513571028022163
0.0,-0.13724464379967916
0.0,-0.08554958276265537
0.0,-0.020891672728099192
0.0,-0.02869723148197806
0.0,-0.038624308873212804
0.0,-0.04804914947980423
0.0,-0.023510649653854077
0.0,0.09657504143187842
0.0,1.5301908722781312
3.1600000602006912,8.290568566340458
17.26000037431717,20.648927961551543
32.93599905967712,34.47854377388295
42.3039990067482,45.98678670869811
48.45299945831299,55.42648240859268
54.64699841737748,57.74586706931667
59.570999331474304,55.837113632691505
55.89400014638901,50.174268844695
47.56200107574463,40.325840413694294
31.63500035405159,23.295834216766167
15.599000257849694,11.813100447729886
3.1889998914301394,3.824817313936286
0.0,0.37358519495037434
0.0,-0.056318923326113664
0.0,-0.09322339999869858
0.0,-0.1461418798219958
0.0,-0.10448416459510737
0.0,0.004705535107128109
0.0,-0.019000182324010503
0.0,-0.03645676437154202
0.0,-0.04673580514909565
0.0,-0.015540252582174119
0.0,0.11897136488689797
0.0,1.6198749692520515
2.4390000331401827,8.670216387841132
17.02899995684624,20.889838661192606
31.767999411821368,35.03522593919553
46.60500022649765,46.743929734455556
52.30399917125702,56.17986303133338
53.64200025558472,58.70166263305757
55.1839981341362,56.642488406898444
52.645998508930205,50.61847680520617
43.66700108766556,41.188349728830325
29.999000207185745,24.735277062090468
14.43799953341484,12.744853215393082
2.728000113070012,4.0474540860002035
0.0,0.37757543007009087
0.0,-0.05583694782782333
0.0,-0.0850817287544115
0.0,-0.13235589814725623
0.0,-0.08782581519394435
0.0,0.09288485485119452
0.0,0.0201701762082359
0.0,-0.05672070375133846
0.0,-0.055974689291907714
0.0,0.047406506773537554
0.0,0.3143958536575926
0.0,1.7572885910800708
3.562999919354916,9.882924699140458
15.678000285029412,23.118962971961714
30.967000098228457,38.63888612538174
44.80100126981736,50.11539957927001
52.54599863052368,57.50206006181323
55.49299829244614,58.1372499075243
52.74599838733673,51.473954495136525
44.60600089073181,37.54046103722506
35.05999927043915,23.53418847263977
21.46199994802475,11.338842256546089
11.525999623537064,5.571497978857462
0.94299998562783,1.75196517072234
0.0,0.21361367275807702
0.0,-0.05001301419697177
0.0,-0.08146038294300043
0.0,-0.13261160116468818
0.0,-0.067067054889017
0.0,0.05755517637463044
0.0,0.005056327637424987
0.0,-0.05060683197651401
0.0,-0.04460275685494194
0.0,0.048872439192700526
0.0,0.2696215190321827
0.0,1.569527216017093
1.6320000284910203,7.845640471439515
11.650000212192536,18.91333988495682
22.910999952554704,32.65357491859623
41.45200152158737,45.516846935562924
51.513000667095184,54.69122055628599
55.44700155258179,55.90834375144795
50.12300112485886,50.778790802623085
35.068999793529514,38.57175165627005
19.76699933886528,24.104099974698187
8.687000076770783,11.139666885944727
4.20100005760789,5.712214716065617
0.2100000046100467,1.9392586211080862
0.0,0.24358285757959675
0.0,-0.04361915778861767
0.0,-0.07859123364712806
0.0,-0.13146441741913859
0.0,-0.05710087259174012
0.0,0.08624391972506834
0.0,0.024767672331898957
0.0,-0.042072348204970494
0.0,-0.03677721191411576
0.0,0.05827860779180781
0.0,0.2704363547600629
0.0,1.400565495956366
1.5079999533295632,7.3194489802900184
11.289999828338622,18.137698670286554
25.60599934577942,31.22904354760226
34.34499993443489,42.74394172433692
48.57800033330918,51.288546582944356
51.66499900341034,52.138736306818814
42.76199869632721,45.602153208282964
44.43200036287308,32.516844053690015
28.07999913096428,20.38610276858479
10.62800026357174,10.220005646423441
7.973999772965908,5.360363045967585
2.7780000522732737,1.7582588574274194
0.0,0.2388841909830186
0.0,-0.02316882211161435
0.0,-0.06249521345546696
0.0,-0.10750694577035654
0.0,-0.027821725595847002
0.0,-0.0066452903776321876
0.0,-0.01652387266995295
0.0,-0.02800215652216141
0.0,-0.028350737338762894
0.0,0.01944677277326158
0.0,0.15684560518460297
0.0,1.5495748474245934
1.738999985679984,7.057120671241985
14.22399987578392,17.31421569581999
28.059999566078183,29.662260778513705
40.88199851751328,42.57291294532898
46.7840001320839,53.419168966574674
42.48799829006195,56.7404994894194
43.39500125408173,55.38444764216688
47.30799818038941,48.87198842581563
39.80799908399582,38.27310665923124
27.330000042915344,22.526188884631495
12.837000165581705,12.489403753672285
2.1819998732209207,4.196461410966199
0.0,0.41801710058197483
0.0,-0.02792359186826234
0.0,-0.0629454634478798
0.0,-0.11372117011176827
0.0,-0.061490492820875445
0.0,0.00018340230367233645
0.0,-0.012349284887441157
0.0,-0.031788707877760954
0.0,-0.03302000845290734
0.0,0.002248474984433979
0.0,0.13322522226233713
0.0,1.4640777686237063
1.4919999933242798,7.236940555131381
14.004999813437465,18.239582742015017
28.791999661922457,31.07069555603067
40.806999635696414,42.968530517985464
48.42700022935868,53.19857181130075
54.706000933647154,56.063694131796225
53.83400182962418,54.25007486351898
49.98299800872803,47.825346433114845
41.92600168466568,37.0485928042446
27.929999313354493,20.88337456195699
13.132999682426451,10.978980303560983
2.1419999732077124,3.6372012252888175
0.0,0.3718689267451085
0.0,-0.040861810553325946
0.0,-0.0754764386353747
0.0,-0.12933966299979432
0.0,-0.08139541327947677
0.0,-0.002029966514387971
0.0,-0.01808356156876395
0.0,-0.04269097226737623
0.0,-0.03322261301040952
0.0,0.031806820456542775
0.0,0.17319736397628016
0.0,1.1880009735154309
1.111000014990568,5.016227418839076
6.591999953985215,12.72506052206357
15.585999616384507,21.5626021418215
37.37699928760529,31.46823818826973
42.72899951696396,43.134270795474784
49.7140010881424,48.5402665043448
37.7690006184578,48.16591885677632
48.27100074768067,41.63642717248242
37.97499798536301,31.29325249925847
18.079000734090805,16.874992154969192
6.451999918818474,8.72167793569242
0.4460000084154308,2.894891900159625
0.0,0.33527566180704016
0.0,-0.014114066296967605
0.0,-0.06794792968337086
0.0,-0.13072694532257165
0.0,-0.05197093536124621
0.0,0.015605401928993706
0.0,-0.014180562830742954
0.0,-0.036711801899939056
0.0,-0.04264652731288404
0.0,-0.00660468445006733
0.0,0.13000451099569216
0.0,1.4396136437271156
2.69200007468462,7.549928746214292
13.892999579906464,18.518830143756915
28.681998974084856,31.55177018559428
42.00699817657471,43.1083379557798
49.38099816560745,52.79059943668639
52.163001930713655,55.35422420153717
50.97100157260895,52.9099940494937
46.86700130462646,46.40548493084447
38.79199982643127,37.30905394600976
26.44800012946129,22.61465017589918
12.010999855399133,11.764622832248618
1.7360000252723695,3.6547599824677137
0.0,0.3578314804139152
0.0,-0.049610117702068704
0.0,-0.08407367497171425
0.0,-0.13152526399687983
0.0,-0.07357807371127627
0.0,0.04932957087785314
0.0,-0.000595098951452433
0.0,-0.05322351385492251
0.0,-0.045167346239453864
0.0,0.057828170902277806
0.0,0.3058627627512516
0.0,1.7219307934146513
2.435999944359064,8.224513734816025
11.970000439286231,19.513013576356364
25.94900102376938,33.12526125695907
39.83500065326691,45.27633948345159
48.26900017499924,54.580764709837844
52.41099900007248,56.516978402808896
51.08199843883514,52.359948270520285
47.51300142288208,41.48156673892952
38.49699956893921,27.64737468199393
13.082000483870509,13.325991495069065
6.494000134766102,6.676611946928421
0.3580000037327409,2.1934798321403473
0.0,0.23820561221514558
0.0,-0.05263776648044435
0.0,-0.07799259612529966
0.0,-0.12961953656381578
0.0,-0.06476483112216819
0.0,0.04715411497387284
0.0,0.0075980889938411095
0.0,-0.05806985430208269
0.0,-0.0657990787199983
0.0,-0.025596258861684498
0.0,0.09683166260495443
0.0,1.0254101707419268
2.1859999915957453,7.421110901441731
14.319000376462936,19.631666871540162
30.09300042152405,31.704955567489
42.74000061273575,39.45943018151323
51.209998118877415,43.784445900371296
38.09999886035919,39.84900115827276
39.08099836587906,32.7200776646016
35.738998568058015,26.61458122430632
21.660999418497084,20.510936320702044
24.772999085187912,11.95803104160501
7.204999865889549,5.6474911095750135
0.6669999694824219,1.6306745237773312
0.0,0.2558650639201017
0.0,-0.015519642364797623
0.0,-0.07018486917708187
0.0,-0.13882661432897042
0.0,-0.05771601524991
0.0,-0.010646661612173466
0.0,-0.03782524278613282
0.0,-0.07116270967833344
0.0,-0.08344990997745771
0.0,-0.03290176323847238
0.0,0.11209839609176611
0.0,1.4051284047315842
2.6990000250935555,7.957899623457731
14.229999539852145,20.40418221871331
29.23900030970573,34.332888748333666
41.69299864053726,45.534615826804675
47.77499839305878,53.83712340860934
51.201001703739166,54.71284972338129
53.56799960613251,51.116227554143244
43.51899978876114,42.92108989760353
41.71200202703477,31.42774058144024
27.104999289512637,16.575299293571042
10.56199985086918,8.119953019334226
1.9280000588297843,2.55454680068207
0.0,0.28137599015866954
0.0,-0.04729552708874956
0.0,-0.09730109676786926
0.0,-0.16194008922765984
0.0,-0.10914720426832876
0.0,0.012685692588522118
0.0,-0.008299148125409786
0.0,-0.05642140541606737
0.0,-0.044555578876993365
0.0,0.0009793553277857026
0.0,0.08294635757605534
0.0,0.6440272272374347
0.6719999890774488,3.2101610676161965
3.692999915331602,9.265688691784153
3.7240000624954703,15.388128875407324
8.681000412702561,20.868504939305893
12.623999767303468,26.31473548450961
30.20999900579453,27.108935854745788
30.17599954009056,25.271845019591012
24.165999864339827,19.53541806242049
14.741000027656556,12.714248085163346
6.358999990820885,6.2948559027827695
0.6230000152811408,3.418573519298389
0.17700000686571,1.358132630901338
0.0,0.3546294871905794
0.0,0.09063303854058075
0.0,0.01886131663743605
0.0,-0.06459473795500136
0.0,0.017604329980807326
0.0,-0.08208085449575012
0.0,-0.06961755808700862
0.0,-0.0873694791537897
0.0,-0.06341581076047015
0.0,-0.01597947471856391
0.0,0.08418245375515859
0.0,0.8270938447645049
1.4060000157356265,3.399268970231775
13.3080004966259,9.649737158937238
26.788000948429108,15.587364163927447
13.782999919056891,21.032621878828103
22.14400010466576,29.642214310244874
39.44700046777725,35.72560203981088
29.875999904870987,38.54710922303461
28.14300073862076,34.5144731496477
40.43900106906891,24.718656924324733
15.39199952363968,11.581562569952036
5.86399997651577,5.744407185820798
1.806999944075942,1.9980149373307299
0.0,0.27868955615982505
0.0,-0.014842141820930105
0.0,-0.07307900697633965
0.0,-0.16349409062066722
0.0,-0.09985303293029843
0.0,-0.06736069543580601
0.0,-0.06213223101684991
0.0,-0.06863061197438658
0.0,-0.07313329582423347
0.0,-0.03857358856049283
0.0,0.07381562987994505
0.0,1.3110595877729891
2.222000029981136,7.143634259751864
13.490000234246256,18.665412751969257
28.52400097370148,31.948199053770395
42.7070014333725,43.73783802498918
50.88199868202209,53.301085685145964
53.151001386642456,55.12252667215701
51.21199869155884,52.649900647657745
48.41199798822403,45.99833726604408
41.439998085498814,34.48604884003122
26.307000834941864,18.29949968905963
11.50600005865097,9.089479029652173
1.217999972179532,3.005109381951174
0.0,0.3279042631618485
0.0,-0.061195255681255306
0.0,-0.09846804019759865
0.0,-0.15371867357479954
0.0,-0.10828263177951855
0.0,0.018058241969732644
0.0,0.008790930618773327
0.0,-0.06697356653653563
0.0,-0.05888021657618911
0.0,-0.06110695069316176
0.0,-0.05367690329582568
0.0,0.2966429445538112
2.5080000211298468,2.1439279603569306
5.319000023007393,6.665583410102689
4.210000067204237,10.21903863458009
2.140999943614006,11.815108994643802
3.1639999218285086,12.052667743738235
4.891999967098236,11.084346873698415
15.359000344276428,11.086279188285332
11.834999781847,10.71494658057338
7.8500002112984655,8.608888624528436
7.523999806642532,5.030766578908389
1.7410000448673963,2.7430113040240607
0.1520000051707029,1.1249364074702286
0.0,0.4645961720382159
0.0,0.2422235593830796
0.0,0.17255159251105492
0.0,0.03731455860602104
0.0,0.09224193560263402
0.0,-0.05132067196443478
0.0,-0.04482578616588828
0.0,-0.09130881212936821
0.0,-0.07426272943706064
0.0,-0.06636007571654959
0.0,-0.046014289660760335
0.0,0.3501175705553788
1.4550000537186862,2.382817770798857
2.916000028252601,7.316557279995304
13.759000235795977,11.226094469044252
12.364999548196792,13.061820405338095
12.421000178456309,14.032479830064908
13.857999827861786,13.627672681599163
22.795999886989595,14.136965222538558
13.193000431060792,14.004127392338841
12.586000183224678,11.22959346513565
7.568000081777573,6.6442495039377105
3.757000012099743,3.4580076568805245
0.2040000035613775,1.3203897069081576
0.0,0.4870072535907589
0.0,0.21596855203837373
0.0,0.12332124368697117
0.0,-0.020982996514361696
0.0,0.03830988747804309
0.0,0.02997646332289218
0.0,-0.009415185365593243
0.0,-0.06001579836806406
0.0,-0.0681219666161911
0.0,-0.02173957962779395
0.0,0.10270292258746347
0.0,1.116438746959306
2.4439999243617057,7.172570440885
12.429000415205955,18.590016088442034
24.729999096393584,30.814108773442577
38.4920001912117,39.900107985206226
49.11999942779541,46.84819831787403
54.36799863338471,46.534049671210134
49.2499996805191,41.262454905858256
39.36699810028076,33.95722035766584
32.23999900221825,25.827848939660313
17.069000113606453,14.631200318867753
9.401000153422356,6.943308978974462
0.6259999756887555,2.145927642531928
0.0,0.30326981054853824
0.0,-0.020730086854368238
0.0,-0.07443979238192766
0.0,-0.137083724440152
0.0,-0.05633854381473387
0.0,0.03960734601483468
0.0,0.00285184054745094
0.0,-0.050331476302965326
0.0,-0.0478210706248581
0.0,0.021283619670964357
0.0,0.17684600437064846
0.0,1.1281443583008963
0.6710000236704946,6.673132742943019
8.560999942421914,17.32382440299496
20.23299926519394,28.915337569924667
36.05100163936615,37.91865397251597
38.58599835157394,44.35267351932676
36.955001690387725,43.43621962392409
40.18300170898438,36.394189801316145
24.758000952005386,26.65409632962632
23.653000857830047,17.860870253058437
16.00100034415722,9.522093650246505
5.215000026226043,4.799716271591298
0.1999999975133687,1.5373265839588026
0.0,0.24430361918356536
0.0,-0.015310629615431427
0.0,-0.0630685403082161
0.0,-0.12149156568935086
0.0,-0.03805259802514015
0.0,-0.033364126758224644
0.0,-0.04259656847548491
0.0,-0.061684076240800786
0.0,-0.06358647488092158
0.0,-0.03421139350250595
0.0,0.06245164665846878
1.7689999748766423,1.105370991096454
12.980000032782556,6.284210452278558
27.596000212430955,16.88942872306444
34.42799905300141,28.37791328244745
34.84100023508072,38.39531049973307
46.44999897718429,46.90019196996813
26.95499947190285,48.32187897805217
36.83400196075439,45.67113094880616
33.5909997010231,39.40462736751412
16.793000161647797,29.743618514940025
9.749000182151796,16.67249308340964
0.3570000062324107,8.433889500200399
0.0,2.7300549858688274
0.0,0.3519502652770213
0.0,-0.024485387663969863
0.0,-0.07580568496481196
0.0,-0.13786439688488028
0.0,-0.08116467130611493
0.0,-0.015000520327066988
0.0,-0.02844246426294878
0.0,-0.05697406789008683
0.0,-0.05804045606309149
0.0,-0.015557030952975323
0.0,0.11459951190784531
0.7909999804571272,1.3106464274084835
11.1330000603199,7.4424676873438
27.218000836372376,19.215733035359385
39.78100162267685,32.45045651694952
43.88600012302399,43.56443458039852
47.070998098850254,52.147771413461115
46.91800153017044,53.318452606875375
40.63400144815445,49.22285617208189
38.6349980044365,40.627450749608144
24.043999848365782,28.554276540886093
8.932000395059585,14.615304013167437
0.5220000110007823,7.255942097595254
0.0,2.390224757555711
0.0,0.29441929779001635
0.0,-0.04679617230200928
0.0,-0.0817775953428736
0.0,-0.1412087288278555
0.0,-0.08776858119737752
0.0,0.06281598880548582
0.0,0.04243283455703312
0.0,-0.0291477981606916
0.0,-0.0325528991662153
0.0,-0.021189223071319596
0.0,0.03244773751619348
0.064000000488013,0.5803647085328536
5.868999867737293,4.991818931544788
25.32799984812737,14.40436930889283
32.80199971556664,23.845242002578246
37.27200003147125,28.83801289835143
34.29000061750412,28.799616818617828
36.02300183773041,22.54333765192529
11.024999945163728,15.756148817491018
12.357000338435173,11.639354533927643
4.369999924004078,8.245523768924857
2.100000014007092,4.84774023864779
0.4279999892227352,2.577380040005791
0.0,0.8698809643961334
0.0,0.23931271929489806
0.0,0.03252727948941701
0.0,-0.019439554436495782
0.0,-0.09858972625374221
0.0,-0.013288618813631942
0.0,-0.04555026628217369
0.0,-0.05340644689652369
0.0,-0.07189080365214273
0.0,-0.0817511170254352
0.0,-0.04850657113674248
0.0,0.06779845470430695
1.493000022917986,1.2987329654169832
12.572000282406806,7.267491369436885
26.993000082969665,18.917503858882725
39.956998615264894,32.428765329817224
47.4539989066124,44.02286231188985
47.706001229286194,53.28729828151602
46.451999549865725,55.162950219462886
47.4780016708374,52.10253754651188
39.39699847459793,44.46859123973622
24.68799939393997,32.28954928442762
9.506999695897102,16.44470057108027
0.4169999846257269,8.025076319825914
0.0,2.6712257732489473
0.0,0.30275342096310776
0.0,-0.05558309589156847
0.0,-0.09330929123935366
0.0,-0.14971657269901062
0.0,-0.10554853077722204
0.0,-0.07008187037879222
0.0,-0.06535683980783888
0.0,-0.07294585265898401
0.0,-0.08123114429654216
0.0,-0.04661353972397976
0.0,0.06323646022471707
1.7710000340640546,1.241400209884286
12.493999514579771,6.711976423875607
26.88499996781349,17.82048852211839
41.1520018863678,30.85329201641703
50.14299863576889,42.64055075276992
53.01999879360199,52.53081442782633
51.91500075340271,54.74688754630782
47.9889980506897,52.27658458434736
39.23599961519241,44.93328599037291
24.53599900364876,32.201893790615216
9.258999545574188,15.908218418547788
0.3729999983310699,7.778219247262187
0.0,2.68729501620898
0.0,0.31296295052563394
0.0,-0.056424123073117956
0.0,-0.10173314542545905
0.0,-0.15783187695368878
0.0,-0.11156337266805426
0.0,-0.05321233479970343
0.0,-0.053748661375720846
0.0,-0.06936422680422508
0.0,-0.07573900008603779
0.0,-0.03637761160532767
0.0,0.0758862216078656
1.4079999465495348,1.218472669686118
11.758000327348707,6.669045388513719
25.905998980998994,17.459193465754915
37.07299850702286,30.10574036208245
44.127001349926,41.71445284759522
51.64800029754639,51.359273155321
50.895000350475314,53.475096541462854
47.88799993991852,50.59602790858499
39.2260008597374,43.01127537061868
24.20500076174736,30.84994224265902
9.000000353455544,15.404885274158948
0.323999992441386,7.507092016028778
0.0,2.548968095394531
0.0,0.30246883494596744
0.0,-0.05727879728458694
0.0,-0.09687739066434982
0.0,-0.15629056772158723
0.0,-0.10204997595979123
0.0,-0.08021154150610699
0.0,-0.07555690350861553
0.0,-0.07991473519932774
0.0,-0.08355624685814936
0.0,-0.04747933668417513
0.0,0.05402448479188515
0.5279999960027635,1.0838346657419002
10.5839999884367,5.801587774570757
13.996999576687813,15.850654248030589
38.199998738765714,27.214061125460525
45.39999819993973,37.76550240606617
45.59600091934204,47.60703117824191
41.00499881982803,50.149215003074254
45.97900172710419,48.227186977888955
38.05900149822235,41.43362657510888
23.514000082015997,30.224541186159556
8.400000056028366,15.570744851432721
0.2430000023543835,7.705984777435974
0.0,2.609321792285328
0.0,0.32597121755979586
0.0,-0.03658274079693185
0.0,-0.09846468748719915
0.0,-0.16345643263446957
0.0,-0.10978794196499038
0.0,-0.040461200553319254
0.0,-0.04637503263534875
0.0,-0.06587475841079236
0.0,-0.07540780225613014
0.0,-0.04577812229552383
0.0,0.0650316784784867
1.5590000505000354,1.2465585868290907
11.11600032746792,7.030058219376333
26.149999012947085,18.828533760464474
38.64099972248078,32.29032506809866
48.2570008468628,43.97153800105734
50.31199978590012,52.542358634634994
49.50500080823898,53.41153068858426
45.73599992752075,49.91201911169027
37.08899898052216,41.47908053713493
22.86100001335144,28.799366564318625
8.142999896109105,14.308241703097922
0.1699999922700226,7.229662999356431
0.0,2.4182039963434416
0.0,0.28742739113592275
0.0,-0.04958108111243668
0.0,-0.09311493828955315
0.0,-0.15466192391524475
0.0,-0.11273498769398366
0.0,-0.04621202922311898
0.0,-0.05236483251431879
0.0,-0.08053836044065962
0.0,-0.06886526053955586
0.0,-0.015619387999370002
0.0,0.10441999962795567
1.1370000141859056,0.9974459672323348
7.638000099360943,4.844698116137027
15.34599970281124,13.625634137860706
25.61399958252907,23.675784712505425
24.513000633716583,33.92457743142095
40.088999440670015,43.86800284649569
47.22799992084504,46.17541785725443
37.37499871492386,43.459285311608696
35.786001756191254,34.35323778471102
12.375000357627869,21.100432695923168
6.386000019609928,8.94276667577804
0.0839999986346811,4.530964496045977
0.0,1.6767372103743754
0.0,0.2563104934080632
0.0,-0.027591447127482925
0.0,-0.07452085214650073
0.0,-0.14270060810832297
0.0,-0.08522545182656718
0.0,-0.09622511795937456
0.0,-0.0753215360850887
0.0,-0.08819871824532878
0.0,-0.06433168628699222
0.0,-0.03797948206578125
0.0,0.009657027660585238
0.0,0.47172523526477894
0.1439999930746853,1.993355488169192
3.420000052154064,6.079775193814202
7.339000236988068,9.350828331388529
17.521999398469926,11.611296546528715
21.51400045990944,14.99955963250228
26.872000353336336,17.61297170812955
29.29199905395508,21.208940758096112
15.951000404953955,21.295851446814964
12.662000378370283,16.332461474284038
5.375000139772892,7.7915425083288525
0.0,3.8711411384396808
0.0,1.4491462438580507
0.0,0.3431853407463851
0.0,0.08942304555932373
0.0,0.028002488730029543
0.0,-0.07955716161843773
0.0,-0.027236306452754433
0.0,-0.06219540850557323
0.0,-0.058394722750114085
0.0,-0.07350336902000722
0.0,-0.07404699611172172
0.0,-0.03191418971090418
0.0,0.0886071586429896
1.1720000229775906,1.1733038107610718
11.499000108242036,6.31244049788085
25.74899921298027,16.964727864517656
39.21299919128418,29.14912608759179
44.77800084590912,40.21372383231814
49.238998584747314,49.40005596394782
47.02300078630447,50.797899929837754
42.88600133895874,47.490406681377515
32.6190007185936,39.55400744483713
20.886999620199205,27.060047111516866
4.695000042319298,12.726374351499016
0.0,6.177749725050521
0.0,2.107348424873285
0.0,0.2566412456264099
0.0,-0.06163052885978216
0.0,-0.10150814556008093
0.0,-0.16791363497158512
0.0,-0.11532790577602456
0.0,-0.015312062522717815
0.0,-0.024359923657746266
0.0,-0.06622315281244417
0.0,-0.06634452717614561
0.0,-0.04687937666859392
0.0,0.021435343706046522
0.7629999862611294,0.730593999183186
10.581000156402588,5.553458280424738
25.31399994730949,16.0516339228867
37.11800112247467,26.516561549034712
40.31499842643738,33.11809979905551
36.71400046348572,35.582170163131934
25.74099897623062,30.113630958311482
20.166000620126724,23.89007827444427
30.606999714374545,19.3132711813206
13.594999490380289,14.65326245567804
2.3430000163614757,8.183432116858786
0.0939999977080151,3.9543381919346015
0.0,1.222554612274017
0.0,0.23407755300453958
0.0,-0.014297086620995977
0.0,-0.06467282037858481
0.0,-0.14497174580382566
0.0,-0.07386833611320937
0.0,0.019805420471799534
0.0,-0.013925819137123263
0.0,-0.0699774200171385
0.0,-0.06274457841161227
0.0,0.015613224603643311
0.0,0.18078963948214583
0.1830000079143792,1.1270700148996031
9.019999918341638,7.118579785409231
13.479000165462494,18.48390735629097
39.97400142908096,32.19881655079124
48.775001285076144,43.34293519126346
52.1879988193512,50.564985552827444
43.80499952316284,48.70679810900598
35.64799921274185,39.19547976250724
26.175000009536745,25.506508244587103
18.89199937582016,13.548243167487035
3.4110000425577165,5.468080125353586
0.0629999989760108,2.588828776110481
0.0,0.9484689602366805
0.0,0.1733856369911695
0.0,-0.05143350714050292
0.0,-0.08819065903305005
0.0,-0.14614724237611781
0.0,-0.06550998932274238
0.0,-0.0708913881928816
0.0,-0.06708349444073584
0.0,-0.11562268874454665
0.0,-0.09327627163801323
0.0,-0.09493433349872712
0.0,-0.09263800987567732
0.0,0.2117986611392414
0.7340000266581774,1.4994221898513826
3.6149999177455903,5.040788960523907
2.581999900341034,7.596306007169393
0.1889999929163605,8.791256830027868
2.2860001267492773,9.002197222678538
4.557999839186668,8.459345086641259
4.871000115871429,9.58677155621487
7.509000132977962,9.925793712927032
0.6430000294744969,7.698370513865421
0.0,4.0612747825622435
0.0,2.207588926563473
0.0,1.0010988671678052
0.0,0.4594373517581243
0.0,0.2578752454483719
0.0,0.20796375455847232
0.0,0.06993021241344163
0.0,0.06072181142976035
0.0,-0.0043400795037375345
0.0,-0.02847389777667684
0.0,-0.07249212867999327
0.0,-0.07207961210330363
0.0,-0.01886206289355538
0.0,0.12052352914400444
0.9070000114291906,1.142046242432747
11.371000428199768,7.009559413674877
26.19900071978569,18.88811464245621
39.56700196504593,31.874235196069876
49.5969983959198,42.03862808781043
50.481999168396,48.90689343492198
43.62100023984909,47.58205144746503
37.843001267910005,41.07160710928424
20.153001005649568,30.481763925001346
15.295000504255295,18.812554682232054
3.451999972164631,8.519461681930649
0.0,4.128531921043616
0.0,1.3939789948782764
0.0,0.20624390734557096
0.0,-0.04715783407409383
0.0,-0.08600014124535443
0.0,-0.15052046485967902
0.0,-0.09122458606618161
0.0,-0.10198526198970054
0.0,-0.08082450894384516
0.0,-0.0818240805456871
0.0,-0.07395348740678685
0.0,-0.042834744038883814
0.0,0.031040196671193246
0.0129999995976686,0.7586856896136863
1.3819999473541975,3.4865634448772065
5.298999944627285,10.169797745524788
18.65200048923493,17.2836022312233
39.14700083255768,25.404424693784463
51.97399916172028,35.7082390264105
50.56299976825714,40.16542928834458
45.7319987821579,42.086293223388644
36.2639989566803,37.69940551982909
21.71699902176857,25.77450689509081
6.7869998195767405,11.104949553766067
0.0320000002440065,5.360185813566821
0.0,2.117930166386538
0.0,0.3632772811646806
0.0,-0.0062858169835181
0.0,-0.07650342573644661
0.0,-0.15964605496143205
0.0,-0.10012686945299307
0.0,-0.054679493881039695
0.0,-0.06027738244132343
0.0,-0.0841389136729647
0.0,-0.09146002940576842
0.0,-0.05295184227064759
0.0,0.06416003677301177
1.0269999682158233,1.1701187324310358
11.044000250697136,7.277291503045847
24.45699897646904,19.828937967512047
38.54700156211853,33.919336310756336
47.99700034141541,45.19758062530756
50.24600142717362,53.00124416622629
49.51200075864792,52.605272593806276
44.95700075149536,47.98658122698649
35.80799983978272,39.03250565210573
21.37700025677681,25.332669966351595
6.526000054776668,10.758586698848564
0.0320000002440065,4.937347788292435
0.0,1.7391668103687237
0.0,0.22563602258491583
0.0,-0.07268412072949991
0.0,-0.11234079875620757
0.0,-0.1787170958110652
0.0,-0.1274540410509252
0.0,-0.05306071245459186
0.0,-0.05720750508991506
0.0,-0.07881307347883534
0.0,-0.08560014078416228
0.0,-0.052026728734348646
0.0,0.05265146762937942
0.9759999994188548,1.0721307726757092
11.07000050663948,6.802512799079221
25.359000508785247,18.621914564450407
38.82999838352203,31.729904588905214
48.08399855136872,42.36412144931293
51.0040007519722,50.248963061382305
50.13700102567673,49.93377311078607
45.61000082015991,45.460896328482974
36.15199975013733,37.29198943728819
21.59900015115738,24.952215795444133
6.426000176370144,11.26905966229021
0.0320000002440065,5.1645242782274945
0.0,1.7878708382144353
0.0,0.24873771836902486
0.0,-0.05791172815338905
0.0,-0.09914799796389386
0.0,-0.1587709319370667
0.0,-0.10479944134966493
0.0,-0.060177445137272335
0.0,-0.06614550967917335
0.0,-0.09207394896204979
0.0,-0.09969843570540379
0.0,-0.06967149507626948
0.0,0.0336856781810711
0.1069999973056838,1.0756722119254403
7.636999813020229,6.964757548207146
22.82800083398819,19.158385284507844
37.7530001449585,32.536963449851385
46.93599846839905,43.03924639099913
49.80399810314179,50.7186167611287
44.669998676776885,50.33549897360478
39.482000219821934,45.45341497050422
35.41799908161163,36.91602462751846
21.085000858306884,24.389413453106414
6.051999891698361,10.951920240151056
0.0320000002440065,5.023309036925013
0.0,1.7287582395783527
0.0,0.23824752207128036
0.0,-0.06171661412471694
0.0,-0.1068119910515975
0.0,-0.17559247142597706
0.0,-0.12604205355685152
0.0,-0.0576100005765653
0.0,-0.06220749615054245
0.0,-0.08952178123697024
0.0,-0.09937008197384152
0.0,-0.06340785370615888
0.0,0.04022260183809684
0.9169999864324928,1.123733873292926
9.928000087738038,7.359426586700211
24.69800020337105,20.24254727253375
38.88299918174744,34.245920746767254
48.39299870967865,45.09138951931656
50.91500196933747,52.79799703212482
49.12100176811219,52.626440239836455
44.29299958705902,47.984938242250244
35.08400203466415,39.14060498855605
20.734000997543337,25.43953932701448
5.816999869346619,10.790008196756895
0.0129999995976686,4.864165137822566
0.0,1.7312385491175446
0.0,0.24182168522843517
0.0,-0.0595407826801955
0.0,-0.10278672715385809
0.0,-0.1696679718641537
0.0,-0.12051390598153422
0.0,-0.054748125914020535
0.0,-0.06210471086767906
0.0,-0.08646740039071293
0.0,-0.09471074981485844
0.0,-0.059511462895090364
0.0,0.04157772427969883
0.740999977067113,1.0487691558789347
10.137000367641448,6.601539541219564
23.875998984575272,18.41697052555135
37.063997983932495,31.388448194766568
45.94999958515167,41.997121819373206
48.66400031089783,49.572010874495696
47.76099849224091,49.05739665477237
42.20399912834168,44.346663784764665
34.16700031518936,35.60039068779114
19.9809989964962,23.251700500359753
5.352000229358673,10.524933506019558
0.0,4.98922733864135
0.0,1.7490065177523972
0.0,0.25388444106060926
0.0,-0.04382863581233408
0.0,-0.09650182441104112
0.0,-0.16466219011234373
0.0,-0.1117351674289439
0.0,-0.05244697976671263
0.0,-0.055628613026196747
0.0,-0.07549400574205792
0.0,-0.0806754592100009
0.0,-0.05065939421805522
0.0,0.0479551664128432
0.6199999906867742,1.1063320320610268
9.17500014066696,7.302517131613133
23.051001014709477,19.890239884383156
37.34400010824204,33.59844748201671
46.951000709533695,44.55394628315449
49.6659996676445,51.601828507401265
48.19799833059311,50.20160779804454
43.52599973917008,44.8333745671253
33.41799945950508,35.6386913399058
18.79299978375435,22.598632647300462
4.674000191092492,9.859782351735221
0.0,4.666611967023281
0.0,1.6665959215208614
0.0,0.2386408964210467
0.0,-0.06535757759276004
0.0,-0.10483427247013816
0.0,-0.17311021274845273
0.0,-0.12215401460436477
0.0,-0.03311699573827294
0.0,-0.04509275122575876
0.0,-0.07945129006442765
0.0,-0.08566003317319386
0.0,-0.053641468794071015
0.0,0.06165730200700664
0.6179999956861139,1.160595977403689
9.15300000309944,7.237251294605411
22.14000101327896,19.7699346295624
35.35499952793121,33.8626837644125
44.03700022697449,44.9387386347126
47.08600033998489,52.46493105708248
46.17799914360047,52.148187109199945
41.68799926280976,46.59440573930335
33.07199897646904,36.19970787747484
18.75100008130073,22.414701522728684
4.693999755978584,9.563973256662285
0.0,4.621438162476237
0.0,1.6479156386667686
0.0,0.2226618997029371
0.0,-0.06555101404560412
0.0,-0.10199319161667793
0.0,-0.17069017470458503
0.0,-0.12553934418190466
0.0,-0.15942570818036203
0.0,-0.1154669248823633
0.0,-0.09909022338540444
0.0,-0.07826079918036136
0.0,-0.047847760725721444
0.0,0.022946534154912254
0.1400000030733645,0.6640169337610708
2.9240000082552435,2.8769453137133945
7.835000024139881,8.626654462360984
16.317999712228776,13.977855975443607
24.480999686717983,18.93310164890125
36.23300034999848,26.30710126934634
41.47300137281418,31.13671855621282
38.657998428344726,33.86938157504931
30.770999432802203,30.77500567131309
18.31400024294853,21.365363447682107
4.383000051975251,9.647071518973483
0.0,4.78823503245554
0.0,1.8436014279261128
0.0,0.33465722149578847
0.0,0.015132068398977475
0.0,-0.05053732832162217
0.0,-0.1418122527837396
0.0,-0.0983155637857405
0.0,-0.06251695104270685
0.0,-0.05844806292746171
0.0,-0.07364437007698652
0.0,-0.06835088831945794
0.0,-0.017309648521723536
0.0,0.10287209912594131
0.1329999965010211,1.0677195824969397
2.7450001026690005,5.132086036986161
19.38300029873848,14.115058680887584
35.40899855852127,24.791427458280225
44.93499855995179,36.04056026024125
48.1590015411377,46.111551657034695
46.93000085830688,48.16830235421034
43.68699859857559,44.98488385312081
32.00700006604195,35.71204882399151
17.941000244617463,21.446304266255936
3.993000064045191,8.50116422671401
0.0,4.250267939096334
0.0,1.6481137362279001
0.0,0.2385163097132742
0.0,-0.04478635800761209
0.0,-0.08030574453879344
0.0,-0.14334982513920502
0.0,-0.09273744545957052
0.0,-0.05851054156789408
0.0,-0.055078598278820126
0.0,-0.0727049583814765
0.0,-0.06697859576877321
0.0,-0.023262776781894243
0.0,0.08845214353653649
0.0570000019390136,1.0079413690415322
5.796000018119813,5.403538326426827
15.574000288248062,14.92829886933036
29.8360007750988,25.443653815605316
45.51299974679947,34.95770499540214
51.24500197887421,44.43186308013973
48.83800083875656,46.57777939583284
44.74199875354767,43.89635496797902
35.67300020933151,36.529456761707074
19.27399989724159,24.044650785840354
4.936000242233276,10.307587208257944
0.0,4.732006813262895
0.0,1.7672466849738713
0.0,0.27128589500105493
0.0,-0.031003685524532996
0.0,-0.07812024372759768
0.0,-0.14405305666574952
0.0,-0.08279825157892402
0.0,-0.0771555954522037
0.0,-0.07210580497822107
0.0,-0.09298471284069318
0.0,-0.09730649614136963
0.0,-0.0629757584490058
0.0,0.04592439577807722
0.1419999980740249,1.119587026546567
7.452000243365765,7.063284427435136
23.25499986290932,19.451369583370585
34.84000200271606,32.72915074822937
44.24699873924256,42.905982045414255
45.91900097846985,50.88280857486259
48.40899918317795,51.27832857757917
43.60799857139588,46.983924834657465
34.33499912500382,38.35846351947133
19.22000086665153,24.895056144317508
4.412000139951706,10.438966986246156
0.0,4.619743538736511
0.0,1.629554365310697
0.0,0.21855530223280428
0.0,-0.06911612199893426
0.0,-0.11292969610890985
0.0,-0.18870677516726342
0.0,-0.1438575934154231
0.0,-0.19061220958581626
0.0,-0.1388860434269052
0.0,-0.12137601502637323
0.0,-0.10727109217808317
0.0,-0.0929514145902421
0.0,-0.0698507222859662
0.0,0.4564776352096269
1.517999992519617,2.5668787308778818
5.728999832570553,8.439576964747582
6.81700019389391,13.628466280254704
9.650999849438668,17.501903638096067
22.511000438928605,22.42300774409702
20.79499997854233,24.57282739127922
40.37200037002564,28.215634038078093
32.04099953174591,28.27268226308866
18.02800050854683,21.098656341558467
2.8470000402629374,9.475388873553491
0.0,4.252104109773371
0.0,1.7261081954989668
0.0,0.42406023380807634
0.0,0.0880332886136217
0.0,-0.01811484904304339
0.0,-0.14582313043462955
0.0,-0.11028165734678703
0.0,-0.03398388537331623
0.0,-0.04204101334940136
0.0,-0.07080141147450231
0.0,-0.07047919976498364
0.0,-0.02660352832221173
0.0,0.08925000498894697
0.0389999987930059,1.0760116801973314
5.014999755918979,6.827639983793606
22.13599986791611,18.47461059725928
36.20900169372559,30.995048554435208
45.889998836517336,40.88583963517507
46.27999959468842,48.30716908093557
36.65800086021424,47.69441555935695
36.737000887393954,42.22749478687946
33.088999736309056,32.81733878532455
18.572000175714493,20.720525164014035
4.198999998420477,9.134826477791266
0.0,4.249425576713558
0.0,1.5171603266856173
0.0,0.23713566930624141
0.0,-0.044145394676930225
0.0,-0.09017147504392593
0.0,-0.15899520331786882
0.0,-0.09723377174082605
0.0,0.01958210371894918
0.0,-0.003121508435364448
0.0,-0.05829253100142735
0.0,-0.04678875096110105
0.0,0.008269545567813452
0.0,0.14900366865431203
0.2729999915510416,1.0440681975333432
8.616000286340714,6.989713357290662
22.22400041818619,18.92668809999455
36.19699825763703,32.22042720725767
45.86199903488159,41.72167796570406
45.59299800634384,47.4545943191927
43.06599947690964,44.59474019844054
35.82600088596344,34.21966661471282
31.5459995174408,21.519421442058785
13.588999826312063,11.000850911930181
4.736999744772911,4.359285331134674
0.0,2.1285841083698456
0.0,0.7972356388459303
0.0,0.16077815048210375
0.0,-0.044434220534119474
0.0,-0.07517681305155395
0.0,-0.13755692522556476
0.0,-0.07382867624364395
0.0,-0.15676911343877575
0.0,-0.11476170035699382
0.0,-0.10947439085302753
0.0,-0.08658972482360429
0.0,-0.07038081882558367
0.0,-0.03372327547277766
0.0320000002440065,0.5029288372540123
2.761000062674284,3.156561204976839
12.521000056862832,9.899107874175382
20.376999418735505,15.774468582616828
23.72200007557869,19.202271489073674
26.420000327825548,22.12388539922366
15.840999717116356,21.68342166011996
17.371999580860138,21.52561460568083
25.712000942230222,20.015023034171264
11.191000236272812,14.642452849765862
1.2999999597668648,7.0231833278186135
0.0,3.255480706733265
0.0,1.264532896250814
0.0,0.34381714067422375
0.0,0.05953563191120505
0.0,-0.012320019679833719
0.0,-0.12783105070643225
0.0,-0.08590591499012835
0.0,-0.03606642066880565
0.0,-0.04038899085142014
0.0,-0.0822549506658274
0.0,-0.0700800243529099
0.0,-0.046219079591989204
0.0,0.024786650725412
0.1830000079143792,0.6655953278225912
8.853999627232552,4.251125262993511
21.523000982999804,12.618317230903285
26.257000895738603,21.305121767091656
32.35599935412407,27.375565172614273
39.42300181150436,32.19168720428887
39.63500089645386,31.317278853451263
27.060999014377597,26.48136379395703
19.04500005245209,19.286051266979037
5.807000086903572,11.173994932521323
0.9749999698251486,4.682779203226462
0.0,2.2521692468831613
0.0,0.8928660669684475
0.0,0.21799307699806242
0.0,0.0017069971334647688
0.0,-0.04580312937416424
0.0,-0.12646442640733563
0.0,-0.0672858076158855
0.0,-0.08177439580135787
0.0,-0.07347788742452216
0.0,-0.08973837872820442
0.0,-0.09081975680777932
0.0,-0.06363200381060168
0.0,0.034482762241102916
0.3509999891370535,1.027775450088424
8.605999990403653,6.548732674875771
22.414999651908875,18.314073389631233
34.86600123167038,30.945615557325716
42.930999846458434,40.45006642879762
44.66799810409546,47.86964317832911
44.96699950695038,47.891087876297306
38.42700006484986,42.90635394725406
31.8230007827282,34.046014172570075
17.321999641656877,21.623496490639532
3.6419999465346335,9.255912437616864
0.0,4.181256226329934
0.0,1.477341400075937
0.0,0.2101168892340899
0.0,-0.06489024020046517
0.0,-0.10271635064021356
0.0,-0.17430061852831819
0.0,-0.13339151598189677
0.0,-0.06246949822938134
0.0,-0.06382060238278867
0.0,-0.0878390796971918
0.0,-0.08764821367090835
0.0,-0.05375742348310364
0.0,0.04707289440069484
0.3180000074394047,0.9554722231608579
8.461000064015389,5.5659550965756175
17.9070007789135,15.778728328859687
29.33099995136261,27.210755234560267
43.41199995994568,37.00433404878587
46.32899924755097,45.31207855474548
44.99200050354004,46.173558010764374
40.26399820089341,41.92572746161149
30.85899998307228,32.894877885264066
16.89499958574772,19.76696253709642
3.337999936193228,7.818804569568976
0.0,3.6395625875541078
0.0,1.4056705025691416
0.0,0.2287270199694919
0.0,-0.04376232038299544
0.0,-0.08254951684926888
0.0,-0.14816810487102533
0.0,-0.10136788690920165
0.0,-0.12255035218716727
0.0,-0.09477921214630425
0.0,-0.11003369401969809
0.0,-0.0895490324599018
0.0,-0.09038572361993037
0.0,-0.08582605778977698
0.0,0.3418908402039765
1.9090000100433824,2.584404295843561
9.18499992311001,8.508701123431612
11.019000281095504,12.97605559461033
8.470000073611736,14.625411408412585
15.739000293016431,14.564581380200105
13.355999863147735,12.496463018982348
22.912000238895416,12.513137616290399
15.90499955713749,12.657001469345898
6.21499983727932,10.20821327264733
1.7419999460875988,5.4121760747885075
0.0,2.621077641902856
0.0,0.9845231065877973
0.0,0.34375621134403966
0.0,0.12946441460034594
0.0,0.0798288006740979
0.0,-0.044331516123503265
0.0,-0.03672957352993757
0.0,-0.06344042358483373
0.0,-0.06420935835893156
0.0,-0.0860703505197292
0.0,-0.08984646609426292
0.0,-0.06055634946772474
0.0,0.040388326732435254
0.1949999939650297,1.0149897063095155
7.826000014543533,6.186602012990198
21.17199906826019,17.384454784876347
33.413000081777575,29.94904273431961
41.90300126075745,40.42136338193361
45.82400047779083,48.377490951100874
44.587999844551085,48.59050660071384
39.61099813222885,43.44333958215165
29.2569993019104,32.85837822553175
15.420999611616136,19.170127429600505
2.9379999090731146,7.8467924455752565
0.0,3.8206799184491507
0.0,1.4353870193219398
0.0,0.22518832663849736
0.0,-0.04648816319673402
0.0,-0.08932839719346848
0.0,-0.15481729682690232
0.0,-0.114059680410529
0.0,-0.02440068997943512
0.0,-0.02793437787266287
0.0,-0.06926500403874772
0.0,-0.05347679100960577
0.0,-0.026024741682992916
0.0,0.04112908335487864
0.0,0.5519738176336313
3.633999966531992,2.993118783116173
14.566999499797822,9.014809038499758
13.443000127077102,14.915538121295974
29.79699987769127,19.773063746090294
33.630000598430634,23.977649272807398
23.16300022125244,23.28736230955178
16.08600003540516,20.568777721900005
10.001000450849531,15.001020629202074
6.320000120401383,8.092286663389045
1.0220000128075482,3.1752461923208997
0.0,1.6809894262685678
0.0,0.7809213204933366
0.0,0.26625616723177187
0.0,0.06080064750612761
0.0,0.022199651332590706
0.0,-0.05874644426630645
0.0,-0.018417116278457143
0.0,-0.17329273209859494
0.0,-0.12497196348676227
0.0,-0.12151330613949629
0.0,-0.09293786653722949
0.0,-0.08723721598405434
0.0,-0.0741468714398097
0.0,0.3112399413153066
0.457000013012439,1.994934480381922
1.8249999632686376,6.600030371749603
2.980999897867441,10.093669606587042
10.048999817371367,11.850869585312436
8.115000094473363,13.023480948417689
14.2570000821352,12.37001910586733
25.482999043464662,13.856957952214005
21.150000984668733,14.524160327423909
9.814999567866325,10.877771887978701
0.4870000022090971,5.010592941919025
0.0,2.3161815103426395
0.0,1.025844154600118
0.0,0.4169568039552598
0.0,0.16425834063149394
0.0,0.09768987198193743
0.0,-0.04874568381677109
0.0,-0.04431518605058532
0.0,-0.05330251178073389
0.0,-0.06527074202760405
0.0,-0.10107885902547778
0.0,-0.10876570857536506
0.0,-0.07706147821718166
0.0,0.01877805398436372
0.2280000077560544,0.9566540122953626
7.079000245034695,7.202133490253303
20.53000009536743,20.195966501135082
34.300999659299855,34.25117280252771
43.41199995994568,44.56133706673264
47.59900140047073,50.782025815936365
46.25499859809876,47.95216512432612
40.79099916219712,40.88342561845791
28.409000908136367,30.673492461701578
13.297999687194825,17.54392993427946
2.5069999915361403,6.342407775936119
0.0,2.740283485113097
0.0,1.0467632770965087
0.0,0.17154782250263886
0.0,-0.07486687959661745
0.0,-0.1139604597178924
0.0,-0.1870369174784168
0.0,-0.1334243920971982
0.0,0.019342676785101695
0.0,-0.0057055519144498384
0.0,-0.06776101453674525
0.0,-0.062086219988234534
0.0,-0.015224492065252074
0.0,0.10199613689761847
0.024999999689171,0.8885621273768347
3.7670000512897968,7.227208688676493
18.701000142097477,20.00929468336765
33.318999867439274,33.84487026841543
42.226001319885256,42.995211925029786
46.577998657226566,46.65711481536821
40.19099989175797,39.94582665991082
39.86099988222122,27.999287552719437
24.795999509096145,16.906114052138847
8.199000012874604,8.467355713306569
1.6509999489039182,3.1116756330040642
0.0,1.4165919719865165
0.0,0.5358752900945655
0.0,0.12508957318223218
0.0,-0.05062803437481885
0.0,-0.0804488382780971
0.0,-0.14463597254792313
0.0,-0.07585805730236643
0.0,-0.07456279226572063
0.0,-0.07497994690968576
0.0,-0.1008571477504675
0.0,-0.10502502940184949
0.0,-0.07044511447477407
0.0,0.03957687008563149
0.1199999969033524,1.0546677152461466
6.752000067532062,7.093426339448425
20.19899979948997,19.82535635426732
34.037000062465665,33.44273666361551
43.05800129413605,43.96406553672018
47.11699894666672,51.364970503999835
45.4540013384819,50.050255938739575
39.23599961519241,44.48582896348311
30.635999802351,34.774441071109884
15.634000009894372,20.023089836225637
2.726000053882599,6.921263696076629
0.0,2.927379498549675
0.0,1.118466786756496
0.0,0.16417553456239176
0.0,-0.08512405285915504
0.0,-0.11975098679989875
0.0,-0.19302465894922122
0.0,-0.1457628190328421
0.0,-0.06012925985234516
0.0,-0.06933662391733189
0.0,-0.10024712260629667
0.0,-0.1079218128317698
0.0,-0.06907156215855781
0.0,0.037412581182665994
0.1270000034756958,1.0122252550734139
6.845999768376351,7.20856208218818
19.77399928927421,20.15415792343058
33.41199979543686,34.02071281463788
42.17300052165985,44.402762724910936
46.16599981546402,50.95641380239896
44.1769992351532,48.71175680962837
36.79799986839294,42.227126402828866
28.989000613689424,31.666397971456227
14.35000001013279,17.85736718037454
2.7860000322759157,6.268199988509577
0.0,2.7071321218051945
0.0,1.0491352154792122
0.0,0.167587808678404
0.0,-0.07241346844401655
0.0,-0.1150117214929984
0.0,-0.18836228963856286
0.0,-0.13510910391262523
0.0,-0.06852027106921017
0.0,-0.07083850337442968
0.0,-0.09803868172550838
0.0,-0.10113946383315219
0.0,-0.06908308974440006
0.0,0.0310982140655445
0.1140000038780272,1.0119047842122368
6.634999942779541,7.295350347883989
19.900000450611117,20.435115001685226
33.612999838590625,33.981093473454116
42.23899888038636,43.905731652921325
46.45499835491181,50.351110822592666
44.95200137376786,48.00733901387412
39.575998380184174,41.57649064702256
30.11999993681908,31.32946751775345
15.28799952685833,17.680576337761252
2.641000105887652,6.417617416338738
0.0,2.797490931184612
0.0,1.067467742591207
0.0,0.1748683607533844
0.0,-0.0731455487375805
0.0,-0.11311856647619069
0.0,-0.18968609828595417
0.0,-0.1412857697900393
0.0,-0.04270003535189631
0.0,-0.05124259666961538
0.0,-0.08825158959737998
0.0,-0.09072755156231033
0.0,-0.0604987605005559
0.0,0.03603088323177828
0.0890000021830201,0.9575107137171193
5.958999963700771,7.087488126040823
19.85499988913536,19.814257843887667
33.300000588893894,33.408468010434675
41.6710005569458,43.420452059732554
45.86399960756302,49.70704660460563
44.462000737190245,46.98756276535699
38.945000503063206,39.612278316902426
29.270999202728277,28.994696320533663
11.990000004172323,15.846678640932732
2.266000048369169,5.604832432960298
0.0,2.46261857608292
0.0,0.9715926856477979
0.0,0.17563735868810276
0.0,-0.06703171675330372
0.0,-0.09991336435705055
0.0,-0.17172122547409888
0.0,-0.11982161615962954
0.0,-0.020626881897715388
0.0,-0.03981641202790624
0.0,-0.09027194311611966
0.0,-0.09781646482145283
0.0,-0.06409248963453684
0.0,0.03422231554066263
0.0129999995976686,0.8968643766329656
6.23699997484684,7.378434638117799
19.271999324560166,20.57385652080957
32.10800023078919,34.335799205270916
36.62399934053421,43.64150551578303
36.15199975013733,48.52868626358369
41.00899996519089,43.985890609536064
26.18500081896782,34.912793222997514
23.86499994277954,24.40644509777345
9.387999511957169,13.404526916133134
0.5200000160001218,4.902698658560919
0.0,2.097687249216712
0.0,0.7971273384479058
0.0,0.15876807788638694
0.0,-0.05404096537028984
0.0,-0.09004610343409579
0.0,-0.15832057631179527
0.0,-0.09999519777663231
0.0,-0.013610953679286136
0.0,-0.01120487412577846
0.0,-0.07251491339915139
0.0,-0.0648711967724495
0.0,-0.08072043492645298
0.0,-0.08603632070991277
0.0,0.26762684519676827
0.3670000133290887,2.947075533436231
4.717000179886818,9.559477749274246
12.607000034451485,15.317591870135283
10.657000351548197,17.527028261605764
10.371999876499176,16.057583764144717
7.19300002425909,11.28205942631855
10.037000489234924,8.69743130859109
7.145999917089939,7.271020727157911
2.003999997228384,5.144987638236818
0.0510000008903443,2.506321773521629
0.0,1.2512112611655695
0.0,0.6237248614259139
0.0,0.32669356375324754
0.0,0.16363199738747095
0.0,0.13412492297836448
0.0,0.03027995304398165
0.0,0.03823979451236029
0.0,-0.07851130589638294
0.0,-0.0636762290320777
0.0,-0.1024297045597251
0.0,-0.08643477833195534
0.0,-0.09956477868548476
0.0,-0.10952053304782372
0.0,0.2109791851929238
0.0190000006463378,1.8813345307769342
0.662999979481101,6.309234856542263
6.5390001827478414,9.723827405687059
14.563000408411026,11.31537198474237
16.256999704241753,11.684277048160261
12.478000068068503,10.398503707780344
9.897999713420868,10.825698613999391
7.794000094532967,10.564905336763472
3.101000111401081,7.393094680810062
0.3320000045374036,3.442210917596844
0.0,1.6765720580733519
0.0,0.8264753045712763
0.0,0.42876391014750675
0.0,0.226599853711703
0.0,0.18140266703779806
0.0,0.03699627802367181
0.0,0.015384758061472825
0.0,-0.10901623760873064
0.0,-0.08094248985499851
0.0,-0.09248914534727913
0.0,-0.07963858171942129
0.0,-0.06777443004456221
0.0,-0.029665961671981184
0.0,0.5355285553259389
3.3099998778104784,3.6967909868643707
11.808999525904657,11.3070462037205
26.416999468803407,18.497165769649143
34.300999659299855,23.23489275621145
26.41599918246269,27.2369546462457
19.73999982357025,26.21147385281317
21.65100066304207,24.647632106693486
18.25900092601776,21.472875301878602
10.266999593377111,14.711346722166489
1.9759999388456344,6.444519732537625
0.0,2.808596657903796
0.0,1.1088840947328569
0.0,0.28892607961039896
0.0,0.03015209864032073
0.0,-0.032880311467331655
0.0,-0.13661290141625562
0.0,-0.0814302457350159
0.0,-0.07140850903238412
0.0,-0.059675562559991166
0.0,-0.0786630436916849
0.0,-0.07408742285987416
0.0,-0.06370486610956691
0.0,-0.01937612964368457
0.0,0.5526815379243009
2.4480000427365303,3.63336915281233
12.048000180125236,11.071267900621516
13.810000461339952,18.18635728975653
38.13800152540207,23.222415062150347
37.0029990029335,26.892798239214507
31.41400074601173,25.58101876828963
27.678999330997467,23.931975513881504
24.347000342607497,20.23565991162728
14.240999608635905,13.504976550166704
1.975000037625432,5.787900871435287
0.0,2.6372699130602717
0.0,1.0845441248931398
0.0,0.28516154848801806
0.0,0.03882115707894078
0.0,-0.015791273593101993
0.0,-0.10318911809380465
0.0,-0.054500774801139726
0.0,-0.06296940342195323
0.0,-0.06381958255477399
0.0,-0.09014669374658899
0.0,-0.0925301629059379
0.0,-0.0598951478870836
0.0,0.034889582649742734
0.0320000002440065,0.977205028425185
6.0159998533129695,6.527381789562095
18.625000973939898,18.48143016288718
31.473999440670013,31.379634836270583
40.2140003156662,41.54660660347411
44.53499904632569,48.45585767467609
43.23700119972229,47.04327769917854
36.98100091934205,41.0925675483947
28.3630000603199,30.39800989354952
14.040999851822852,16.463551286755596
2.078000004813075,5.698097350494711
0.0,2.5611063684470805
0.0,1.0454679304566243
0.0,0.18363065655522734
0.0,-0.05936620501864222
0.0,-0.09486396842710951
0.0,-0.16718644759212192
0.0,-0.12386365022921612
0.0,-0.06704547902435534
0.0,-0.054836981633825554
0.0,-0.09923418522918524
0.0,-0.07787651743582144
0.0,-0.09485026994818786
0.0,-0.10542678826276787
0.0,0.21742507860873395
1.0449999874085187,2.086382436214188
5.423999792635441,6.960037945857721
4.033999993652105,10.77728355112596
4.557999839186668,12.16621752854353
8.03499978095293,11.943450491611463
7.821999896168709,10.05850356938713
11.52500036418438,9.412573074846557
18.59600088596344,8.488780931926241
5.6980001989007,5.6334427028213785
0.6430000294744969,2.5959929830190953
0.0,1.3260781539183764
0.0,0.7096667457305892
0.0,0.40816832313087037
0.0,0.22352872391166978
0.0,0.1993137286658216
0.0,0.06303414775178812
0.0,0.01882994038507735
0.0,-0.06793364995026194
0.0,-0.0570064626349549
0.0,-0.08832548028664935
0.0,-0.06681719481092285
0.0,-0.05046169474403257
0.0,-0.014228442665429983
0.0,0.43181709059810247
1.8920000204443927,2.8658051230520547
8.350999889671803,8.922254147917275
5.732000178098679,14.228924050041366
18.31899962067604,16.933147690630094
20.18299932599068,18.69149066636679
23.462999856472017,17.73326154268841
16.920999841690065,16.037844713767193
16.723999916911126,12.920685509123066
7.769000124931336,7.989318192096954
0.9500000002235176,3.39878429589007
0.0,1.631180144858936
0.0,0.7679669866886747
0.0,0.3116385033351418
0.0,0.11070974492420496
0.0,0.0693499441227726
0.0,-0.03262349516483683
0.0,-0.009059711654252206
0.0,-0.031123188253015008
0.0,-0.03673122998285711
0.0,-0.07523843420982265
0.0,-0.07017059663330599
0.0,-0.030808598002345505
0.0,0.06980747772334273
0.0,0.8592645585660948
2.771000101864338,5.822092871377574
13.609999677538871,16.303311381890225
26.60700047016144,27.49193383440766
30.594000099897382,35.86614632172592
38.51500061511994,41.68476447259797
36.519998316764834,40.089722336706885
28.87099968910217,32.88499740311214
23.266000958681108,22.98392617336893
11.282999877929688,12.624951100992424
2.2130000203847886,4.839580147360204
0.0,2.1921546319951872
0.0,0.8745962397127566
0.0,0.1914605240146971
0.0,-0.02579253186808607
0.0,-0.05999859546620137
0.0,-0.12542394072130758
0.0,-0.07047586366616432
0.0,-0.058024971358167074
0.0,-0.06155362339607878
0.0,-0.09207736623045112
0.0,-0.08878289004790915
0.0,-0.04657217598282479
0.0,0.06320069958169791
0.0,0.9609150285882788
3.9899999752640727,5.91546428243384
15.97099996984005,16.799917636923865
29.390000413656235,28.541016744091266
38.17300127744675,37.87644353091603
42.24599883079529,45.23799680052774
37.5730020070076,44.930778363697655
35.231000993251804,39.359524549108365
27.267000489234924,29.07736476798783
10.251000146865843,15.946519822160544
1.1739999537914991,5.460319836258539
0.0,2.4009569628371845
0.0,0.9802482923960354
0.0,0.17673655620761192
0.0,-0.05017204973936363
0.0,-0.08225119552168461
0.0,-0.14843501491210387
0.0,-0.10412514975258491
0.0,-0.08353916412730186
0.0,-0.07833148986344077
0.0,-0.10100477352193026
0.0,-0.10087125222349304
0.0,-0.07547435128765778
0.0,0.005639666638597801
0.0129999995976686,0.8448820526165206
5.183000106215477,5.725983727351845
17.422999806404114,16.788105849704813
29.385999268293386,28.344670855521137
37.91300077199936,36.98185948876563
41.9360004401207,43.728092996622514
40.57200012683869,42.95343339033786
34.84100023508072,37.644376528637586
26.594999088048937,28.54685803501794
13.204999759197236,16.323817655931983
1.7989999640733003,6.017539539714957
0.0,2.6311687599475087
0.0,1.043717129804831
0.0,0.19340250738704978
0.0,-0.04469531012165774
0.0,-0.08209702436831404
0.0,-0.1523307731032434
0.0,-0.11501182556520301
0.0,-0.060994137703643383
0.0,-0.05555018951036002
0.0,-0.08986807571935104
0.0,-0.06917824975204934
0.0,-0.0518612643626461
0.0,-0.012830400985687301
0.0,0.4235540888669613
1.7129999864846468,2.634725950649046
7.966999822556973,8.367875877249853
15.933999645113946,13.53862948172304
17.003999987244608,17.028764206072253
17.593999475240707,18.877486654832907
15.388000432252884,16.975134167195264
15.12099997639656,14.993175131291794
2.9369998794794085,11.290937333156617
0.3170000099390745,6.228801682887955
0.0,2.3938930233405493
0.0,1.2518632106002632
0.0,0.6538789285648811
0.0,0.2853107310036559
0.0,0.10264779799669776
0.0,0.07006058656100073
0.0,-0.02357095452317151
0.0,-0.010562522328472213
0.0,-0.08821658976389107
0.0,-0.07112210839519012
0.0,-0.10549047500530999
0.0,-0.0840151945315199
0.0,-0.10446568314021398
0.0,-0.1170340572937666
0.0,0.17446331024098852
0.0,1.7081767512765256
0.2810000036470592,5.829174817275401
1.6259999793022872,8.91193569699829
9.288999919891358,10.508130503770422
7.6330002081394195,10.150130269120307
1.2139999821782113,8.2388937357712
1.0330000174045564,8.133382840318538
0.6470000194758176,7.369950365628091
4.01000005364418,4.682671076116982
2.407000113129616,2.1332634041536576
0.0,1.1468614708192924
0.0,0.6275823910140008
0.0,0.39657584006261803
0.0,0.2300004895443638
0.0,0.22081650270886
0.0,0.08358664449257924
0.0,0.014511087038656167
0.0,-0.12427317385246853
0.0,-0.09617689493283392
0.0,-0.10769688961994911
0.0,-0.09540112931449929
0.0,-0.09022466678914488
0.0,-0.05719926174129704
0.0,0.5348622818444057
2.062000044807792,4.081696465732197
10.41700043797493,12.651969077036899
9.419000172615052,20.676590461970306
20.62699911475181,25.952913415958918
14.340000227689744,29.93340451261217
19.309999935626983,27.572550433505263
34.319000705480576,25.304322278867367
27.579999738931654,21.31673283754737
13.422000275850296,13.507433886187581
1.8389999924600124,5.185456002097075
0.0,2.1721857567851592
0.0,0.9424213993892168
0.0,0.26265454653378084
0.0,0.008351052240864715
0.0,-0.04683740343972731
0.0,-0.15302661355797134
0.0,-0.1174804351958708
0.0,-0.03648425716587202
0.0,-0.0424893933794772
0.0,-0.0767796512599091
0.0,-0.06837606535840689
0.0,-0.03284245725671593
0.0,0.04821014520361264
0.0,0.6760499734179686
1.3469999385625124,4.294444425042132
6.78399998754263,12.672633855465682
18.31899962067604,21.738386673239745
23.05199924707413,29.199997065602325
30.039999623298645,35.11887011693038
30.78499933362007,33.70212798665989
24.480999686717983,28.31275623051097
15.10700007557869,19.5792245457369
8.515999894440174,9.891421882354402
1.2869999601691962,3.2111680893180337
0.0,1.5104796688275033
0.0,0.7678708179736389
0.0,0.2255133027937637
0.0,0.008559761611011879
0.0,-0.03264060208932469
0.0,-0.10107686279353224
0.0,-0.04762748101141178
0.0,-0.05501317071534228
0.0,-0.058598812711181385
0.0,-0.09091984995770436
0.0,-0.07523738519715926
0.0,-0.030694233406544674
0.0,0.056998426311844125
0.0,0.6821265017048685
1.5070000521093607,3.6468536243406837
6.838000045120716,10.83233301697042
9.954999603033066,18.487605272533756
22.152000341415405,25.49468698316327
31.60000060200691,32.378076085612896
36.53900170326233,33.04272685199102
27.70899970531464,29.59828471437705
13.396000019907952,20.95750025911564
9.85499972462654,10.300241011126486
0.8259999892488122,3.082291799961085
0.0,1.4492537153617329
0.0,0.735459853545064
0.0,0.20592874369516473
0.0,-0.00020590479991992872
0.0,-0.03307362915570624
0.0,-0.10108314535478592
0.0,-0.057049336056816016
0.0,-0.01291081013568885
0.0,-0.014740835576245406
0.0,-0.06403299764045967
0.0,-0.06036672839677891
0.0,-0.050137896424230305
0.0,-0.015536239019229653
0.0,0.4333228302179325
1.2070000317692755,3.9568218011231293
5.863000203669071,11.966669657407628
16.413000212907793,19.489458645597644
22.31700034618378,23.505240997712335
14.340999487042428,23.21076393391708
10.711000409126282,17.23736860953209
9.864000247716904,12.169041092912362
2.423000073134899,8.622860784510452
1.5500000409036876,4.892459170837977
0.1219999999273568,2.108713479877566
0.0,1.0450187156960897
0.0,0.5115881376668518
0.0,0.24749935558474712
0.0,0.07774000214338084
0.0,0.05099318174611896
0.0,-0.03313408333922968
0.0,-0.006865791610571881
0.0,-0.12085055145424371
0.0,-0.08963569375809094
0.0,-0.10704680698846845
0.0,-0.0827398560183632
0.0,-0.09207356347824452
0.0,-0.09651690336132582
0.0,0.2628370764487482
0.0129999995976686,2.1794210341755593
1.040999997407198,7.217893043324823
4.160999900847673,11.0033008755704
6.851000173091888,12.646908301057607
8.975000383853912,12.668490496207095
13.953000328540805,10.721973332428659
13.251999866366386,10.725054479665921
14.979999654889108,10.328686140272927
5.477999850213528,7.132438345534265
0.1259999979520216,3.0045772287382655
0.0,1.3837848510627633
0.0,0.697134097468349
0.0,0.3642412897309399
0.0,0.17654970836348371
0.0,0.15063173829813886
0.0,0.015246248670504337
0.0,-0.0203495907183327
0.0,-0.07057337990241797
0.0,-0.06048080962504371
0.0,-0.08866086907764928
0.0,-0.0730378689124505
0.0,-0.0619145102300999
0.0,-0.028422982875188893
0.0,0.42760238515696647
0.5319999860040844,3.0665349374494086
5.9950000020861625,9.416880171985435
14.033999901413916,14.964003711697453
12.10099995136261,18.018109557210067
10.976000292301178,19.752635818082872
19.57100072741509,18.389204075080023
13.007999834418298,16.798068229826043
8.587999971210957,13.438999646745357
3.648000124096871,8.138903035094717
0.1730000008177012,3.3981946410503574
0.0,1.5778176666150343
0.0,0.7500996264791321
0.0,0.3100400957466398
0.0,0.10928629875404869
0.0,0.0632954491379896
0.0,-0.03912431773662978
0.0,-0.010876985269413733
0.0,-0.023579465922177162
0.0,-0.03620083751500036
0.0,-0.07814107341039689
0.0,-0.06997246497395329
0.0,-0.023996614952810927
0.0,0.0832544400387357
0.0,0.8971681847835427
4.100999922454357,5.841847424320687
16.047000164985658,16.35362693048883
27.531000086069103,28.217741666020558
36.00399845123291,37.834790931868106
39.67000064849854,44.26022846238524
33.71000091195106,42.54266468833065
25.55200031518936,34.73576804118961
19.930000824928285,22.349861686228444
8.33499992966652,10.803220393494781
1.0879999762028456,3.5992553100166855
0.0,1.7132319405476395
0.0,0.7558828931244614
0.0,0.16823064340251642
0.0,-0.03937179200345179
0.0,-0.0720173136081127
0.0,-0.13877874235003965
0.0,-0.08534172210334924
0.0,-0.020471433026550884
0.0,-0.027629819048079943
0.0,-0.07014393393129684
0.0,-0.05079253909934993
0.0,-0.006071632808814245
0.0,0.09652680963562818
0.0,0.8123065821420117
4.106000070422888,5.386305605622107
15.754999739527705,15.193748987809006
27.934000458717342,26.51616857640424
34.913000311851505,35.66976518440861
27.505000857114798,40.94383191867248
32.05900057792664,37.29648596102281
22.66300082921982,27.573926153032865
6.3389999124407765,15.703967187649058
0.8660000176355243,6.713545104401729
0.0629999989760108,2.0281762299333064
0.0,1.0150396326253286
0.0,0.4995862957416284
0.0,0.1440688032135532
0.0,-0.038609050745405035
0.0,-0.05993358519600811
0.0,-0.1258715193319359
0.0,-0.07503422912488653
0.0,-0.08788771072444057
0.0,-0.0814460247047811
0.0,-0.10337805806701256
0.0,-0.10145210378799899
0.0,-0.07091415166010687
0.0,0.014269557476362993
0.0,0.8246606618569894
4.282999916821718,5.5794796796818025
15.481000360250473,16.294427543683817
27.698000663518908,27.705352668872116
36.35300184726715,36.732433856893586
41.03699976682663,43.51641757148228
39.77099875926972,42.267165515177766
34.87399941444397,36.89025819838021
26.41500095009804,27.211584288775953
12.934000211954118,14.615439458249968
1.6519999784976245,4.7804746089433525
0.0,2.0353531361754307
0.0,0.865624154651878
0.0,0.16973576856451228
0.0,-0.053737864279533455
0.0,-0.0867855404040533
0.0,-0.15611153062465222
0.0,-0.11606631714501087
0.0,0.031252854585223935
0.0,0.019688901294133004
0.0,-0.04237262004751226
0.0,-0.046165122774102355
0.0,-0.0466272923540994
0.0,-0.023142565314755392
0.0,0.38237352145365844
1.3789999869465828,4.093045411810246
9.017000086307526,12.123559630472254
26.932999334335328,19.853786712398765
34.66800204753876,23.749847329496937
22.55799951910973,21.897644178742624
1.6679999385029078,14.416827980616494
1.8630000608414408,9.160225486164999
0.6290000002831221,6.371579777347496
0.4109999996237456,3.931360884665712
2.5989998899400235,1.8110622864422345
0.0,0.9215326044492677
0.0,0.4579800374225439
0.0,0.2247312733566681
0.0,0.06212855133245558
0.0,0.03909765867973414
0.0,-0.03809686329212941
0.0,0.0035020724715716517
0.0,-0.0848235918797092
0.0,-0.07878309608891165
0.0,-0.09872565352910613
0.0,-0.09208520549389758
0.0,-0.059092690346629936
0.0,0.026457342723927968
0.0,0.7879997195838295
2.492000061124563,5.080848175425223
9.588000295758247,14.785389622266436
21.41599910020828,25.523044186615337
35.87700111150742,34.687833587441794
39.46800031900406,41.54734504706072
39.16100073337555,39.796635456021
26.55800081729889,34.70274850441192
23.853000614643097,25.45286446434052
9.846000228524208,13.492530456296892
1.2689999409765005,4.244203610708183
0.0,1.8474606467596217
0.0,0.8250382986518549
0.0,0.16804104497924688
0.0,-0.056546857152347384
0.0,-0.0878647438729093
0.0,-0.15910477828831845
0.0,-0.11240665030693892
0.0,-0.07318070027402912
0.0,-0.07236504009108158
0.0,-0.10037250797795065
0.0,-0.09920565712377274
0.0,-0.06693411227875132
0.0,0.017773381938479688
0.0,0.8203820826402692
3.6949999745190154,5.405530087868383
15.148999778032303,15.777983639772321
28.1710005402565,27.319860918836724
37.89799853086472,37.28815525654322
42.393001897335054,44.78552526936192
40.67100177288056,43.273219683990185
35.405001521110535,37.91375414033717
27.685999281406403,28.000028355068345
13.110999544858933,14.421852545817641
1.7599999652802945,4.1777254795941285
0.0,1.7801010309746799
0.0,0.8121838097103053
0.0,0.1578681428562509
0.0,-0.0631314702539573
0.0,-0.09719710539453619
0.0,-0.17132338442910383
0.0,-0.12340809349315815
0.0,-0.021590963827775048
0.0,-0.034703276167474
0.0,-0.08050151176971043
0.0,-0.07243843158487524
0.0,-0.024587981818939328
0.0,0.07262794830987879
0.0,0.7452769363606255
0.7129999828711152,5.442549789853361
9.907999495863915,15.51880852475193
24.617999889850616,26.66429990328797
27.84700019478798,35.40082147258483
39.77099875926972,40.519441370410306
35.04399879693985,36.342896884290816
19.120999220609665,27.58518026709274
3.7510000912845136,16.84690579354144
2.131000032797456,7.724905916584481
0.1009999962570145,2.4565266098333365
0.0,1.125441298289533
0.0,0.5573989033256308
0.0,0.17024230424434622
0.0,-0.013885593333462919
0.0,-0.05107461346164916
0.0,-0.1163065078771969
0.0,-0.05300469236038573
0.0,-0.05873434222119432
0.0,-0.06087896877619439
0.0,-0.09267118977428418
0.0,-0.0891186814174284
0.0,-0.051035720478156174
0.0,0.04226782161947007
0.0,0.8822427140429396
3.2269999890029437,6.295608656585354
14.129000402092936,17.886501325819047
23.977999435663225,30.110928689258465
32.89000026583672,39.52361439693261
30.96900067090988,45.8443569812899
33.57699980020523,43.41790996872823
24.263999170064928,37.12451908504846
16.643999603390693,26.536713492688392
12.021999924182891,13.81210919856088
1.549000011309981,4.278694999653846
0.0,1.8014842318163566
0.0,0.7899505737557637
0.0,0.15773743016090325
0.0,-0.059055010404112644
0.0,-0.09246580036781805
0.0,-0.16514069115966024
0.0,-0.11585508864814584
0.0,-0.018578845689624077
0.0,-0.028787227010797986
0.0,-0.07690827023227892
0.0,-0.06574019701443222
0.0,-0.028910895171431722
0.0,0.06037711177488886
0.0,0.781339440952929
4.063000081628561,5.9903294771053925
15.614000445008278,17.106402723752772
25.281999000310897,29.156470267014456
26.422000900506973,38.135926016045765
34.28900033116341,43.126031708879026
31.05300007581711,38.381688518957546
21.42700019598007,29.00174901105366
13.362999813556671,17.75235364733301
5.474000245332718,7.949755479240871
0.3859999979287386,2.3242715191987884
0.0,1.032421287448676
0.0,0.48306641251192495
0.0,0.1340412382341426
0.0,-0.04505551913866857
0.0,-0.07215195196282904
0.0,-0.1435951808469947
0.0,-0.08829333593916765
0.0,-0.07410284522407962
0.0,-0.07357852208924265
0.0,-0.10236942479389859
0.0,-0.1029656628054941
0.0,-0.07348307628599861
0.0,0.004162135613680645
0.0,0.8028986492303322
3.821999881714583,5.997915986485911
15.369000126719476,17.418710024077967
27.820000679492956,29.61591396983186
36.93500007152557,38.84905015462973
42.05900074243546,45.19037235843677
41.19999919891357,42.693687502321175
35.863001210689546,36.60239095581529
27.578999452590946,26.845454973634
13.414000039100648,14.193665599546772
1.7999999936670066,4.20729396625614
0.0,1.7086553260851085
0.0,0.7782340737362914
0.0,0.15573650544992518
0.0,-0.06450731723219913
0.0,-0.10093929647369636
0.0,-0.17759985931323147
0.0,-0.13044785527891775
0.0,-0.05355942405557712
0.0,-0.053062958334848795
0.0,-0.08457351539240182
0.0,-0.0709493540449509
0.0,-0.03976255775804162
0.0,0.027851074101408912
0.0,0.6089918815480293
1.302000018954277,3.7344591767877797
5.405999773442745,11.097396767587083
19.793000621795656,18.571080674426852
19.185999346971517,24.541419075074003
34.449999190568924,30.21586586187088
25.832000385522843,29.873151974491293
31.13799976706505,26.399889220336796
15.39800021469593,19.137728422814547
6.6500001299381255,9.842906102008158
0.5039999918080866,3.0239946038802197
0.0,1.3427000415299208
0.0,0.6934137870050833
0.0,0.21727977056237247
0.0,0.014766214409265316
0.0,-0.023411610313973756
0.0,-0.10183905970124879
0.0,-0.054540770162911006
0.0,-0.05175844841636003
0.0,-0.04251019319734478
0.0,-0.07378974693828798
0.0,-0.060639344893042596
0.0,-0.04536359768665968
0.0,-0.0004037336447710316
0.0,0.4902596720576624
1.4580000141263008,3.432191590623016
11.675000181794166,10.36255464698776
12.6080003207922,16.714325551976067
13.658000071048736,20.570186303863267
23.28399995088577,23.03805023732076
21.250999095439912,20.83920909804133
19.868999789953232,18.12815610936552
10.062000458836556,13.87745662525258
5.977999755740166,7.973450330503505
0.6409999702870846,2.8244247967839913
0.0,1.2530322517648464
0.0,0.6630984170241003
0.0,0.2666853011750142
0.0,0.07144210498950165
0.0,0.034185797948501156
0.0,-0.055530789672579656
0.0,-0.021544903969999446
0.0,-0.030077819598335873
0.0,-0.033134252118375104
0.0,-0.07479610088890268
0.0,-0.06593626989258819
0.0,-0.04955124293063112
0.0,-0.0025488017761005483
0.0,0.48927583387879425
2.459999884366989,3.56636033066931
9.470999657511712,10.694727759102186
11.012999590039254,17.514162337695353
26.657000409364706,21.94356938904508
36.52199888944626,24.85638876167689
28.10000074982643,22.779225760460484
17.326999019384385,19.520510486895724
7.744000155329704,14.63906518656172
11.404999893903732,8.091832365904805
1.8379999628663064,2.9388304822380995
0.0,1.3333110053658794
0.0,0.7006922548676964
0.0,0.28077708015349323
0.0,0.07556777724725694
0.0,0.0333441830719918
0.0,-0.051052151717858596
0.0,-0.010923019000215417
0.0,-0.0207312902720964
0.0,-0.03430430552517552
0.0,-0.07869627922091985
0.0,-0.07301733979892507
0.0,-0.03520609967990493
0.0,0.048588582826037396
0.0,0.7275317119948383
3.5479999889433387,5.216634782377232
14.997999674081802,14.883895889372615
27.56800041079521,25.344038243378826
30.483999412059784,33.081347828504754
36.6639984703064,38.03771384361776
31.10799939274788,35.30933148860132
18.640999393463137,27.882713609488903
15.635000296235084,17.89106611398185
8.128000222444534,8.875919474839696
2.2899999883770943,2.923624945145993
0.0,1.3217649161226253
0.0,0.6344829327722488
0.0,0.1765639086987104
0.0,-0.013339283203645629
0.0,-0.047266566891848556
0.0,-0.11221041407218307
0.0,-0.05900704268653559
0.0,-0.0008660309149954998
0.0,-0.00534910697582601
0.0,-0.05850193375545372
0.0,-0.05562606858251065
0.0,-0.06406340494583668
0.0,-0.04561823631555775
0.0,0.40353595437828305
3.830000118464232,3.8344914174506854
10.44200040757656,11.43825322057561
15.18099969804287,18.549548563310744
25.93099997758865,22.32637039372986
26.14299906253815,22.40195451816001
12.177000146508217,17.797319722425918
0.6450000244751573,13.133008282539128
4.073000120818615,9.117972909380624
3.613999888151884,5.181213088777348
1.3389999585598709,2.2378999530049484
0.0,1.1233139194687847
0.0,0.553397186708653
0.0,0.24988454733091953
0.0,0.07508284859418174
0.0,0.048599967929990676
0.0,-0.03471428814311825
0.0,-0.01215442433769906
0.0,-0.037292529942427155
0.0,-0.0364563057415605
0.0,-0.07163115679650543
0.0,-0.05535092462352434
0.0,-0.02373560702997525
0.0,0.050375183504593996
0.0,0.6082814629113176
0.0389999987930059,3.621127688295064
4.446999891996383,10.390447886425717
14.764999710917474,17.062448892658963
31.238999931812288,22.584676590928787
41.07899946928024,27.3611218049449
35.28900116920471,26.36860219208704
31.473999440670013,22.69993448948683
25.769000831842423,15.63768873711662
10.303999918103218,7.697297086148766
2.4140000635385515,2.4530200471588266
0.0,1.160198097588344
0.0,0.6174929492034281
0.0,0.22284305348345668
0.0,0.025948777717787475
0.0,-0.0029752951008500256
0.0,-0.07943242345949916
0.0,-0.03870809840997198
0.0,-0.1384980403296277
0.0,-0.1113901803211172
0.0,-0.1155516330688463
0.0,-0.10342718527307647
0.0,-0.08028729488226517
0.0,-0.028645554891776823
0.0,0.5574809706492482
4.588000213503838,3.2262851364342815
10.08499985575676,10.173941433586164
15.536999963521955,16.993495926099214
21.19599977850914,22.885905510094673
25.404999302625654,29.70604770212575
37.39399799346924,31.19168096997727
34.92299906730652,31.720316397019964
25.168999507427216,26.681501960722485
13.540000173449515,14.934944080816072
1.6660000076889991,4.192771631365999
0.0,1.7264474444347924
0.0,0.9400734989895596
0.0,0.254905914134246
0.0,0.0023581085231106635
0.0,-0.0473855284325541
0.0,-0.135913755249244
0.0,-0.1055617451121294
0.0,-0.10878261092664845
0.0,-0.08335925303634635
0.0,-0.1040703905345158
0.0,-0.09039953708615087
0.0,-0.10287832463709973
0.0,-0.10373052678008544
0.0,0.28472977275547795
0.7050000028684735,2.4661275275445735
8.002000088095665,8.058383626261405
10.776999794840814,12.632337311479608
15.413000401854516,15.126740153355804
20.533999186754222,16.57271160565424
19.656000418663027,15.422881450213866
8.810999638438226,15.373506963026488
5.185000165402889,14.026675691043646
4.105000040829181,8.879905400903983
0.7129999828711152,3.6286488676815476
0.0,1.6554999312814838
0.0,0.8534079396201139
0.0,0.39911386716114106
0.0,0.16707496256623405
0.0,0.11180155163123107
0.0,-0.02053697011876189
0.0,-0.028234816778514582
0.0,-0.07664624632605267
0.0,-0.061391735383605664
0.0,-0.10209505167692348
0.0,-0.07913980444251514
0.0,-0.08625718724497629
0.0,-0.08199703294711966
0.0,0.2637674063092663
0.4330000088177621,2.1960331968827655
2.7719998747110366,6.918458539230321
3.71299999371171,10.544153669184675
3.8949999880790713,12.030070217733961
5.405000000596047,12.378151339860306
5.102000019848347,11.30268790452522
4.239999928027392,11.06580506492566
2.537000109106302,9.713891754964745
1.490000062510371,6.213815333302909
0.1990000000130385,2.6900585888119672
0.0,1.267302250097805
0.0,0.670515214475102
0.0,0.3731033560117798
0.0,0.19871618443016736
0.0,0.17343419802902948
0.0,0.049741353747098885
0.0,0.02791183588974487
0.0,-0.039627645861988914
0.0,-0.033223356765494844
0.0,-0.079971352764327
0.0,-0.0646666615599957
0.0,-0.06653303516018622
0.0,-0.053072455213449096
0.0,0.32344929601241923
0.4509999959170818,2.9348804525066194
3.0849998946487904,9.023516587114402
18.39799964785576,14.163302005025965
23.55800035715103,16.352503606760784
25.89399965286255,16.103377841088857
12.58900001525879,13.199832580284546
3.986999886482954,10.92672074901172
2.350999996364117,8.513427813484082
0.28499999364838,5.188644286257308
0.0320000002440065,2.225628699948928
0.0,1.063277912962597
0.0,0.5612301340027973
0.0,0.3039421583628352
0.0,0.1380949894554363
0.0,0.11445128897457521
0.0,0.012474555668818998
0.0,0.01404153505468042
0.0,-0.04699025081731985
0.0,-0.04581985164152588
0.0,-0.08726475047909095
0.0,-0.07121469992122556
0.0,-0.060855529826721724
0.0,-0.034059750047645956
0.0,0.36157177515087735
0.1410000005736947,2.424143401440798
2.929999929070473,7.308364748650275
6.50300014436245,11.422921376812567
15.363999722003935,13.776520211612405
14.642999694943429,15.356372585929826
17.700999304056168,15.201068220505709
9.362999542355537,14.645980295684712
8.702000263929367,11.661304760687642
4.625999797582627,6.958122880857079
0.3300000095367432,2.7783668475316086
0.0,1.3295061350049027
0.0,0.714175878587368
0.0,0.3245995201207422
0.0,0.13443573761100888
0.0,0.09871804867380185
0.0,-0.00020076481157645099
0.0,0.016751115622493096
0.0,-0.06688358288521343
0.0,-0.05492942608497989
0.0,-0.09836394269276905
0.0,-0.08038950501642028
0.0,-0.0978223191090021
0.0,-0.11053434971820084
0.0,0.20606106833246896
0.0,2.170908924506192
0.1020000017806887,6.876950949908104
1.1909999433904888,10.22469482988055
7.568999854624272,11.455339938705267
8.366000076830387,10.922002645727874
4.105000040829181,9.187255625483523
2.1999998924136164,8.920551944744789
1.4030000553280115,8.01316050951036
1.0079999836161733,5.249376355161549
0.3150000149384141,2.429459066422272
0.0,1.2105135278240495
0.0,0.6821307618832835
0.0,0.42891097425176217
0.0,0.2501339238265072
0.0,0.23134463405377786
0.0,0.08953710094542705
0.0,0.03016875344427611
