y_true_kw,y_pred_kw
0.0,0.33383775549717476
0.0,0.31145501467252834
0.0,0.30944356606645035
0.0,0.341887536794127
0.0,0.4220533662266683
0.0,0.5892993792151692
0.0,1.2721074732015243
3.681000073701144,6.86641891014788
16.693000283241272,19.297362357711457
30.51199921369553,33.23071927513074
39.95899918794632,42.78877186246724
42.5400008559227,45.83251379171906
25.41500011205673,43.2917483757834
25.4489995777607,38.14121205199514
23.15899907588959,29.418048940059037
10.220999772548677,15.19850801781362
2.3890000939369203,6.779951242547375
0.0,2.894291880900048
0.0,1.2542019960466835
0.0,0.4888585633168062
0.0,0.3555867382188849
0.0,0.3165828635478996
0.0,0.32493377164885096
0.0,0.34025853219645774
0.0,0.32274659532339334
0.0,0.29550016243229776
0.0,0.2900408999736241
0.0,0.32697677843546025
0.0,0.4013483185072008
0.0,0.5733385339995669
0.0,1.3030301497613521
3.6749998961389063,7.327309474425441
16.58299959540367,20.793215881003825
29.825999965667727,35.91345319298762
39.04000100374222,46.41335906121644
44.29700073242188,50.65215149679653
44.86100201845169,49.54843210485403
39.50900178909302,44.95584788912689
29.945999408960343,35.650117707480526
14.926999883651732,18.517942678321603
2.0360000456124543,7.796284228396852
0.0,3.162412435393081
0.0,1.3013155318717011
0.0,0.4463916070672039
0.0,0.3136523927802655
0.0,0.28512760555517885
0.0,0.30290842313864597
0.0,0.31857842744316456
0.0,0.3311495420169597
0.0,0.3154375879780517
0.0,0.31652116315218154
0.0,0.3438618809307149
0.0,0.41107803423157363
0.0,0.5655050514802369
0.0,1.1416201053178838
1.0220000128075482,5.889734487206014
10.6799997484684,16.839861089708485
16.715000420808792,29.8617778051078
30.85300031900406,38.677705745694844
37.613001136779786,40.386848951049956
38.601998825073245,36.361274935460855
18.77099964618683,29.709693207925092
12.088000336885452,20.68966443593352
13.181000075936318,10.010314865424334
2.156999903619289,4.702784870307231
0.0,2.2373478098328192
0.0,1.073638991656036
0.0,0.4691471218613169
0.0,0.3455062632871111
0.0,0.31077213574994605
0.0,0.3157869055321312
0.0,0.3359615354557034
0.0,0.310241378200776
0.0,0.29677827362099507
0.0,0.30284090315233725
0.0,0.3363075044327388
0.0,0.4024284140690481
0.0,0.5688378167717227
0.0,1.227817948739701
2.8419998922944067,6.424931369719312
16.294000028967858,18.344169967375137
28.90200034976005,32.80920007194006
37.232999134063725,43.13598092281001
30.11600084543228,46.53708091124242
44.4180004620552,44.1673370779314
33.64699930429459,37.32850917487059
24.50500039696693,26.25677605448855
9.108000468611715,12.03968270412809
1.9280000588297843,5.145243052893503
0.0,2.281808095509577
0.0,1.0122676184093786
0.0,0.3985670866219503
0.0,0.2884396443676783
0.0,0.2666634520174295
0.0,0.2826075046026497
0.0,0.29713263128248596
0.0,0.3936503206872566
0.0,0.36601521319009184
0.0,0.33914077635635936
0.0,0.33214560845437774
0.0,0.36825739096692245
0.0,0.4691522769194193
0.0,0.7884755692295525
2.2359999307990077,3.022858795566073
7.416999977827072,8.663733366430035
5.97099980533123,15.680716750297407
18.544000374078752,21.09260934869723
6.456000037193299,22.897122437100784
17.088999678492545,22.810834713019773
32.318999029397965,23.462625635164887
14.085000126957894,20.104684748870085
8.398999769687652,10.893210444450379
0.4330000088177621,5.303669083066754
0.0,2.5186098209322414
0.0,1.2603570182043775
0.0,0.6072577893361337
0.0,0.4599128466036387
0.0,0.41362954075085556
0.0,0.38944476770825676
0.0,0.3828449660935361
0.0,0.3141094239011418
0.0,0.30645700992385866
0.0,0.31131879279558106
0.0,0.33611401941232544
0.0,0.4008195576262308
0.0,0.5561123932964561
0.0,1.1382750364500298
3.176000020205975,5.494507523790796
15.72999976992607,15.72086290407477
29.41499935626984,27.983420832175494
26.13400059342385,36.761694489385
40.706999757289886,39.2155113894017
39.93799933671952,36.79603518083965
34.79799819231033,31.840377689676718
14.83299966931343,23.433782684471904
12.50700015604496,11.362733074040651
3.168000040203333,5.209992462657107
0.0,2.3557011725595367
0.0,1.0758744807574172
0.0,0.45573733887711704
0.0,0.32877633105911785
0.0,0.3020562184725736
0.0,0.3055849002240425
0.0,0.323529900043575
0.0,0.3268070148685804
0.0,0.3012395671464179
0.0,0.29408388419803566
0.0,0.3198567192665385
0.0,0.38861017066913855
0.0,0.5475358651063392
0.0,1.23405400547345
3.848999910503626,6.389068296358864
17.303000363111497,18.31685887519197
29.85600033998489,32.20627185036393
38.3859985947609,42.398330028829925
31.69499904870987,46.67544746671254
27.534000945091247,46.17242817142485
31.780999026298524,42.5248843501319
19.93099905729294,34.162484375524116
13.805000056624412,18.046157041813117
2.1100000531971457,7.965505546929165
0.0,3.2936072074303917
0.0,1.3616452500066718
0.0,0.47342434847319137
0.0,0.32933489382568837
0.0,0.29801340799509857
0.0,0.3082184720213805
0.0,0.32358354323066596
0.0,0.3045827965301483
0.0,0.2829635791141614
0.0,0.27988584090545
0.0,0.3077563383624667
0.0,0.3758338111355873
0.0,0.5254743958531616
0.0,1.21951661159929
3.917000125646591,6.531452164440588
15.713000037074089,19.06894893250721
28.198000055551528,33.66755980923167
38.220998589992526,44.291917400885936
44.33099814414978,48.85211125528449
43.5119998383522,48.37075032859732
39.145998492240906,44.47845826382894
29.52500004410744,35.597139779125435
15.2610000115633,18.51974755574961
2.2689998804032805,7.887355437695485
0.0,3.242971156807645
0.0,1.3459667991942617
0.0,0.4652925843059531
0.0,0.32488983129977955
0.0,0.28977218829848356
0.0,0.2975614547029837
0.0,0.30567544679451464
0.0,0.3453909639321091
0.0,0.3133390832173582
0.0,0.29844079373310245
0.0,0.3173293210944732
0.0,0.3757728040512438
0.0,0.518996711771654
0.0,1.076140067655595
4.505999840795994,5.221889419835203
10.50499996125698,15.013201774192508
12.148000058531762,27.44370536316117
34.100999902486805,37.47999118309945
41.99600118875504,42.33342930852582
34.22299991846085,42.710777871228636
38.175001850128176,39.82609880354315
21.65200094938278,31.753738024220095
6.347000149190426,16.59914339924024
0.4730000051110983,7.182489279361446
0.0,3.0324690224343227
0.0,1.3038776458189691
0.0,0.462078408356684
0.0,0.3203092608806634
0.0,0.2843051597685282
0.0,0.2907275605711188
0.0,0.3130697020154774
0.0,0.3944226748367272
0.0,0.35711590090886786
0.0,0.3296644989296446
0.0,0.3338173328946627
0.0,0.3833098686281506
0.0,0.5039915302929405
0.0,0.942414122453014
0.1650000047683716,4.0408098022011485
4.6909999239444735,11.58726448076104
10.923999780416487,21.01039909854747
16.795999993681907,28.713833594244143
35.21599875211716,31.984264223024077
20.05100055456161,32.113479746651066
14.889999558925629,32.03448518306281
29.942000317573548,27.520306376368097
12.148000058531762,15.357332253762
1.99399995803833,7.027476236376753
0.0,3.0056820241199302
0.0,1.346209022225647
0.0,0.5509405189821683
0.0,0.4064537756040227
0.0,0.3663391660812668
0.0,0.36307568117746747
0.0,0.3794510293705163
0.0,0.37878267813739247
0.0,0.38309571787192404
0.0,0.38695328120296096
0.0,0.3734437158902289
0.0,0.4196542627208867
0.0,0.5365945569464814
0.0,0.7976178197789912
0.0950000032316893,2.6346348896619483
3.854000058472157,7.145288562974363
5.680000179708004,12.352416988314536
3.247000067383051,15.22049961536421
3.815999960899353,14.049160905139981
4.003999876081943,11.735724183012703
1.964999998435378,11.116017358178215
3.960999887287617,8.978999046584779
3.101000111401081,4.907319679400844
0.4320000113174319,2.7015625570704165
0.0,1.5179777563325048
0.0,0.9532109172016869
0.0,0.6303928676518558
0.0,0.5375552083525545
0.0,0.5279982054059507
0.0,0.4839447821596477
0.0,0.4236561268309587
0.0,0.3968451401843068
0.0,0.39207474821838406
0.0,0.3844722985081094
0.0,0.3622646356755764
0.0,0.3972418773754358
0.0,0.4926883740702242
0.0,0.7014417613070829
0.0,2.2285580021728433
0.0950000032316893,6.117058191798551
0.5439999881014228,10.651180598788324
2.563999881148338,13.311841711535154
5.35099994301796,12.707152830653794
6.57300016194582,11.279671589713876
7.7769998481869695,11.73946417104806
7.514999797046185,10.240078229746185
2.7469999051094054,5.724838300543048
0.0380000012926757,3.096484572333347
0.0,1.696199065158904
0.0,1.0427565358679605
0.0,0.6744902987415842
0.0,0.565027196899431
0.0,0.5491311900820866
0.0,0.4946689172274743
0.0,0.4248446481811181
0.0,0.3218599299440064
0.0,0.29670277851905313
0.0,0.28800493326595683
0.0,0.31788656378331603
0.0,0.385143987083926
0.0,0.5487164471539127
0.0,1.2611481356176828
2.946999918669462,6.7850228804265384
15.549999577999117,19.25000246622491
30.71299925684929,33.744005585827125
28.88700016260147,44.55920659070163
29.959999309778212,49.117408434412454
47.07999862194061,48.385774892386124
40.37099802970887,44.53163646960283
29.52299947142601,35.91161158636466
10.38700006365776,19.022743558594023
1.9960000172257424,8.161450385315636
0.0,3.3146642244117897
0.0,1.3504364287899948
0.0,0.4590603576486904
0.0,0.31552236132113276
0.0,0.28700971587541124
0.0,0.298413434457521
0.0,0.3167687982282146
0.0,0.3285259297044541
0.0,0.297805505683427
0.0,0.28826627245236
0.0,0.31941039099446134
0.0,0.3912365961813733
0.0,0.5533472034841562
0.0,1.2816970844826283
4.239999928027392,7.24830885487235
17.353000302314758,20.5541877885576
31.679000629186632,35.635195348528406
41.257999374866486,46.31060004383489
46.77299903631211,50.626783072333644
46.68899963140488,49.64920229800107
41.77300100803375,45.25014503326995
31.849000011682516,36.04647202788213
16.703000065684318,18.97371816088166
2.8799999898672106,8.062263623727446
0.0,3.274301675020644
0.0,1.3413270857484785
0.0,0.4581396545084539
0.0,0.31980485064792924
0.0,0.2896742699619277
0.0,0.3046438005990904
0.0,0.32077437256391006
0.0,0.31845885928364465
0.0,0.2904011969780248
0.0,0.28631756431503785
0.0,0.31745394585412945
0.0,0.39148257888063476
0.0,0.5517580927738112
0.0,1.2951974485534261
4.30199996560812,7.443716426058101
17.697000212669373,21.233440675981075
31.859000821113582,36.58935427259024
40.93499931573868,47.157107691069996
45.92600092887879,51.484330119491254
45.4139981007576,50.57863017564716
40.17799822330475,46.26502369115761
30.769999146461487,37.05158490353224
16.353000491261483,19.544407318817466
2.8689999210834505,8.210088729725916
0.0,3.3103321129634287
0.0,1.3555077903386437
0.0,0.4584073922090576
0.0,0.3208811269249108
0.0,0.2868447076565586
0.0,0.3011929333656009
0.0,0.3139685282901887
0.0,0.3218526869260069
0.0,0.28905212209684655
0.0,0.27995452265885584
0.0,0.3087907524483905
0.0,0.37795406404496024
0.0,0.5406384758011448
0.0,1.2729750092944154
4.399000011980534,7.186427365740836
17.74800043821335,20.5022723250101
31.83100101947785,35.61117441192249
40.939000461101536,46.36912853081611
46.26199854850769,50.99098195564831
46.96200180530548,50.32797597595054
41.45200152158737,46.49232080604449
31.503999814987186,37.7987620617164
16.69199999690056,20.254948708426557
2.920999919474125,8.566500539382604
0.0,3.44585718731635
0.0,1.4014829787010497
0.0,0.46531235002860283
0.0,0.32009560924562025
0.0,0.28547577826595505
0.0,0.30173160068404126
0.0,0.3173241088211448
0.0,0.31658703030982904
0.0,0.30007553190667935
0.0,0.2955179557860014
0.0,0.3181285806112101
0.0,0.37174497397908535
0.0,0.5042673550580379
0.0,1.0326932207285844
2.088000044003129,5.121758482890112
12.759999684095384,15.034892891680828
20.676000821590424,27.46908827541513
17.84200065255165,37.24947810482616
34.04000092148781,41.45287257321508
34.41599972486496,40.7262818238417
29.22700098156929,37.34351392530496
30.303999220132827,29.024802326921314
12.688999893665311,14.273376876969035
2.009000016823411,5.908567525645625
0.0,2.503813602839026
0.0,1.119706021973734
0.0,0.43949974834986516
0.0,0.3154980282156697
0.0,0.28640840610118623
0.0,0.2922016093210583
0.0,0.30503878952318086
0.0,0.31147742085028773
0.0,0.29735306178500376
0.0,0.3028212105423882
0.0,0.3357598338913086
0.0,0.40195986298368824
0.0,0.5608171401410327
0.0,1.198009863338798
4.539000047147274,6.488343371239653
17.471999459266662,18.63211147599951
31.81799935102463,33.229063458771506
41.0139993429184,43.40254445637434
45.81999933242798,46.408603236961994
44.96800184726715,43.55305785257239
38.83399952888489,36.30573900862505
14.495000450015068,25.119529571982426
9.13600027024746,11.50226949369722
0.4460000084154308,4.9042969307967015
0.0,2.1927638543752863
0.0,0.9862241656127975
0.0,0.3952668298970643
0.0,0.2876567938835094
0.0,0.26640167758455197
0.0,0.2822411669623833
0.0,0.2987801838177718
0.0,0.3117384365020587
0.0,0.3077229100880885
0.0,0.3248029918483314
0.0,0.36557682634326477
0.0,0.45038684801746703
0.0,0.6374303003154767
0.0,1.328203998616475
4.286000005602837,7.227147427732442
17.74499957919121,20.01964855353324
32.10599965810776,34.46902461401433
41.12999969482422,43.405470606113525
46.881001205444335,44.46638412071247
35.32799795866013,39.06563007587235
23.405999966859817,29.51439405762079
12.070000317692758,18.580279896446307
9.449999806284906,8.298140562250598
0.0,3.7739497802215216
0.0,1.7992700137524889
0.0,0.858060469597584
0.0,0.3934035695208893
0.0,0.2990513095028761
0.0,0.2810407876413452
0.0,0.299777008558727
0.0,0.32249730749164085
0.0,0.3324569810501886
0.0,0.3258263721105168
0.0,0.31835266091672954
0.0,0.3244479359125804
0.0,0.36675165629219697
0.0,0.4789236949333279
0.0,0.8675507798986545
0.2350000063050538,3.7732293055773427
4.568999907970428,10.809228303819404
8.764999817609787,19.58080932362876
19.926999965906145,26.180157384765415
23.15399969816208,27.718567121292647
38.51599884748459,25.880141933978578
36.667001383304594,23.388370340828782
8.867000268697739,17.605914516182594
6.293999864459038,8.7942077719285
0.5419999931007624,4.219693811160282
0.0,2.061741412264717
0.0,1.0686858453129666
0.0,0.5267751188912656
0.0,0.39520829939633484
0.0,0.3597198556130998
0.0,0.3428980772870785
0.0,0.35175127113511584
0.0,0.3757654934867427
0.0,0.37194873830501024
0.0,0.36492903562683443
0.0,0.3592786417244481
0.0,0.41047811676548435
0.0,0.5318893926344099
0.0,0.8831544569499058
0.8239999942481518,3.422671531833537
4.814000226259232,9.50688199995716
12.448999980092047,16.6086683668388
16.697000401616098,21.228258864564264
19.177000877857207,21.129504289924952
22.45500083565712,18.979496884300023
16.95599959373474,17.658407636524615
13.739999930262568,13.92188846199696
7.215000161826611,7.4569522396410814
0.6820000282675028,3.8604114362278272
0.0,1.9687100808969251
0.0,1.0675071328597379
0.0,0.5918795729102624
0.0,0.47440485294369344
0.0,0.4422787043836594
0.0,0.4160956598480505
0.0,0.4080763105503177
0.0,0.3737929018079345
0.0,0.357594234690678
0.0,0.3505140098951438
0.0,0.36372215690014953
0.0,0.4299955180273819
0.0,0.5804217901913932
0.0,1.0969490862313627
2.829000021070242,4.963593827937755
9.735999540686608,14.016221514257431
22.52500033974648,24.711069496413785
24.528999053239826,32.204493148796644
23.897999122142792,33.69974640692539
18.86199900150299,31.270595112466758
13.605999559164047,27.833100336846403
21.654999754428864,21.28648749894746
12.05999950826168,11.016861688302418
0.740999977067113,5.176780641189152
0.0,2.3481869316026547
0.0,1.0971154092381536
0.0,0.49236364889391393
0.0,0.38053804811376674
0.0,0.3511153285389349
0.0,0.3567690398168137
0.0,0.3761984413196924
0.0,0.3908686464337289
0.0,0.35671505137105497
0.0,0.3326620247785002
0.0,0.33407395012972096
0.0,0.387298555460094
0.0,0.514538897713429
0.0,0.9558934788074973
1.108999955803156,4.216526022076329
8.07999982893467,11.991790042298838
9.234999862313272,21.401769374804502
25.475999093055727,28.539091504517515
20.56499984741211,31.00651287574849
22.96499898314476,30.376113316442336
16.791999875307084,29.333826487181323
21.623000861406325,24.277529414463096
6.293999864459038,13.351815769207692
1.1259999454021454,6.420442678420244
0.0,2.886498691071938
0.0,1.3378587484595963
0.0,0.5713894132932232
0.0,0.41765605869803607
0.0,0.3698207549113692
0.0,0.36369035606265876
0.0,0.3851758633074149
0.0,0.3085892755900464
0.0,0.2794366135581733
0.0,0.26870023328584747
0.0,0.2904060812463138
0.0,0.34553160586173637
0.0,0.4837423715278964
0.0,1.1412597165195808
2.09200003400445,6.192102061231907
12.361999716162682,18.265273276775407
31.40600050926209,32.54063644085374
42.59800103187561,43.52888836579632
47.96600173473358,48.77061879793477
47.72500050783157,48.88901928653523
43.221000726223,46.167476095405036
32.76800024986267,38.33984348782979
18.07200078368187,20.79953652565785
3.6669999161362647,8.916173839389145
0.0,3.624752965569966
0.0,1.483153802437009
0.0,0.4932154526258775
0.0,0.33307973701210686
0.0,0.29100722570754567
0.0,0.2965278519138901
0.0,0.3051772421523456
0.0,0.29636904412063936
0.0,0.2994605735559541
0.0,0.31529633175392957
0.0,0.34685570906752144
0.0,0.4147944632537976
0.0,0.5731572117037983
0.0129999995976686,1.1710502161447025
3.6380000849068166,6.052732905212131
18.454999537467955,17.319925774354115
30.68000007748604,30.62313053386484
42.01399812698365,39.64626549425344
32.19500049471855,41.20778724800375
28.578000004291532,36.90272764283655
15.868999518752098,29.443313582417115
5.380000030994416,19.59043851129605
4.6770000231266025,8.719968306957684
4.158000068813562,3.8598239311106957
0.0,1.8152520975396573
0.0,0.8683340784638075
0.0,0.40443708544885176
0.0,0.3075146678214262
0.0,0.28931102838808087
0.0,0.3009568737262808
0.0,0.3128396446603324
0.0,0.33303056398065856
0.0,0.2961008986456394
0.0,0.28284121158867415
0.0,0.3129089441202016
0.0,0.3867410811095138
0.0,0.5531230369998804
0.0129999995976686,1.2897837679570503
5.334000210165978,7.4335014737629335
19.06399933099747,20.87778011011543
33.30700053930283,35.922532572004855
43.30299955844879,46.618884677720374
47.33799855470657,51.15598028926833
48.43800132513047,50.4609955225719
40.751998264789584,46.52366810278216
23.914999881982805,37.813764891899886
11.90900043129921,20.607594124256646
3.370000112950802,8.869387262064178
0.0129999995976686,3.576219651114093
0.0,1.440650158432941
0.0,0.47571188053292757
0.0,0.3285918097563414
0.0,0.29420652741697606
0.0,0.31090675996254097
0.0,0.32781884270064665
0.0,0.3277883675324515
0.0,0.2941656847927645
0.0,0.28265850266815323
0.0,0.31613951056804235
0.0,0.38880051387385667
0.0,0.5562040314888385
0.0190000006463378,1.3129036887652277
5.6620001605153085,7.67305584681188
19.478000799417497,21.536945651633374
33.83900087833405,36.76749725462239
43.67299869775772,47.387973280363205
48.8290003156662,51.82754060401925
48.99100151538849,51.16096676997485
43.21600134849548,47.08662288284845
27.89800042033196,38.22457103793847
12.214999730587008,20.795704055057644
2.7430000434815884,8.996956035230834
0.0,3.643699008902998
0.0,1.4693924907355937
0.0,0.476902419368369
0.0,0.32204106823703316
0.0,0.2924340933597885
0.0,0.30923079793306335
0.0,0.32780966947058765
0.0,0.32963700402653673
0.0,0.30607986638458884
0.0,0.3050445472626462
0.0,0.3407312901205992
0.0,0.42263861647005857
0.0,0.5963217740533849
0.024999999689171,1.3397532267622663
5.936000053286553,7.6790919696201065
20.46899906039238,21.272296044432984
33.85300077915192,36.02352125984265
43.42300105571747,45.750456957885575
48.07899917364121,48.9325743527311
43.30900127649307,46.88764296198269
27.31299928307533,41.25962747832045
13.501999562382698,31.56529842694345
18.44300020933151,16.29297855215775
3.891000126451254,7.164392399728909
0.0,2.996696921704086
0.0,1.261225899693052
0.0,0.4577781146321314
0.0,0.3228654831382031
0.0,0.2942025340192794
0.0,0.30872088502613615
0.0,0.3293029998767831
0.0,0.3331348950999181
0.0,0.29544144241269765
0.0,0.28544520646009997
0.0,0.3173927305239853
0.0,0.4003309365667066
0.0,0.5781915669015836
0.0129999995976686,1.3822390513414013
6.031000040471554,8.176825242191539
20.588000271320343,22.666899577026037
34.77899891376495,38.23184405522801
45.01799973249435,48.75298935992115
50.05800099849701,53.19874755763617
49.31200100183487,52.567768168378294
46.14700053691864,48.426365475870185
33.56299989938736,39.308812806361615
19.853999602794648,21.47337577569626
4.95200020223856,9.187523082808084
0.0,3.6682165499541086
0.0,1.4573575932388738
0.0,0.46906408446837394
0.0,0.3255712688680851
0.0,0.2887213948152702
0.0,0.30571945511799703
0.0,0.3237025065696901
0.0,0.3368474247889709
0.0,0.31677032005301503
0.0,0.3086697548015508
0.0,0.3223922086576153
0.0,0.3844896070846193
0.0,0.5279922327764421
0.0,1.0607034602212029
4.399999784827233,5.359668443304138
15.6609995251894,15.233481711347045
29.4560008263588,26.894078994527476
32.93500082731247,35.350288292247555
25.104999667406084,38.06849680817465
23.473000665903093,36.105445382845154
22.969000128507616,32.11145673618635
16.284000246524812,24.32437518558696
15.33499963402748,12.42356449284307
4.928999778330327,5.753562110307915
0.0,2.614329200492028
0.0,1.2141500382343902
0.0,0.5116429646845836
0.0,0.36662256153561534
0.0,0.32373487842150056
0.0,0.32387779125871263
0.0,0.34576515179419365
0.0,0.34247069908746874
0.0,0.30054441774008656
0.0,0.2870966334103782
0.0,0.3184295402496783
0.0,0.39761252012605314
0.0,0.5762292910144393
0.0,1.342791606187799
6.2070001140236855,7.80820753833018
21.157999167442323,21.608844692498877
34.936000735759734,36.76322852568493
43.17099873304368,47.228650318714976
49.58499906778336,51.72953118736862
44.39999941587448,51.197467570201795
32.43000000357628,47.10785545603483
24.706000440120697,38.156211114402026
17.462000703811647,20.978296126737874
4.356999796032905,9.162876754693082
0.0,3.693948642176501
0.0,1.4693943651656025
0.0,0.4710983234393147
0.0,0.32175621073827715
0.0,0.28731615879746314
0.0,0.30608310434802016
0.0,0.32858074025346395
0.0,0.34278827873453405
0.0,0.30807244041875304
0.0,0.30374275200939
0.0,0.3461467249480801
0.0,0.43663394793166493
0.0,0.636343389730169
0.0,1.4655595067421918
6.254999994039536,8.590440217055797
21.194999492168428,23.435301617445973
35.51599838733673,39.148298463204476
45.72499883174896,49.363017242889555
50.37499933958054,53.38916758385289
50.1670013999939,52.39810992889667
46.3359991979599,47.558619265997706
34.506999080181124,37.76606421514337
19.66099979639053,20.0542018400724
2.22100000038743,8.361291666209636
0.0,3.290141997565977
0.0,1.3072852590708794
0.0,0.42230554858161784
0.0,0.2972490923115703
0.0,0.27616646859191285
0.0,0.30271565743993123
0.0,0.32561633291135283
0.0,0.30347527192397616
0.0,0.2845582800526304
0.0,0.28672915607348315
0.0,0.3242209617874868
0.0,0.3956630682742399
0.0,0.5631020489181648
0.0,1.2545680164231254
2.0000000072270634,7.346669294830096
16.03399952352047,20.87227079529149
27.4530003452301,36.28793126373927
43.83400166511536,46.751033821266944
48.00699909687042,50.463981574186064
39.21999914169312,48.479159368081994
46.26399912118912,42.181502165671
22.88300015091896,30.871575379916926
6.4380000180006025,14.540446087899811
5.083000227808952,5.840850576210332
0.0,2.4394336880570795
0.0,1.0459889553507438
0.0,0.3846825367607389
0.0,0.2746680442610927
0.0,0.2544870416135539
0.0,0.27471202963371205
0.0,0.2891662106770464
0.0,0.3340884882384328
0.0,0.2970668156217711
0.0,0.28800750999238517
0.0,0.3274495277872296
0.0,0.4093239160338274
0.0,0.5931825321851542
0.0830000011343509,1.426051480427729
6.799000174701214,8.703984503653514
20.92399994492531,23.86292131239992
35.631998739242555,39.63899856507069
45.18399796962738,49.99165314295999
49.551001656055455,54.1842793399452
50.20200115203858,53.38961120376565
45.808000004291536,49.06513639998628
35.113998301029206,39.91473877032608
20.148999860286715,22.06904565550016
4.857000215053558,9.591021591466586
0.0129999995976686,3.8335717718934603
0.0,1.5089929871159988
0.0,0.46806661827976015
0.0,0.3143769178494311
0.0,0.28790496738474286
0.0,0.3092216818166294
0.0,0.33206508523078965
0.0,0.3349219080670173
0.0,0.29448737647896606
0.0,0.2818196145447671
0.0,0.31515525269039
0.0,0.3944851717727632
0.0,0.5700252389657776
0.1080000028293579,1.388024806765161
6.625999933183193,8.496543868742725
20.82799915790558,23.32567396046681
35.70199824333191,39.05281907465653
46.34900086641312,49.67488029818968
51.17499836683273,54.106394738954826
51.23299854278565,53.425587901742865
46.53300014972687,49.33644424251932
35.450998260974885,40.323999587566924
19.979000477790837,22.401556460545397
4.95200020223856,9.725164930973705
0.0,3.9064588730024212
0.0,1.543709451008976
0.0,0.48217376876837936
0.0,0.32592773637902395
0.0,0.2924802248600206
0.0,0.31248238836975467
0.0,0.33083242080507935
0.0,0.3506880456813092
0.0,0.3052814978075504
0.0,0.2917263262640885
0.0,0.32587185797652185
0.0,0.41227754137053285
0.0,0.5922348740296752
0.1020000017806887,1.4199039776062738
6.537999896407127,8.721380999959846
21.12199912905693,23.724229684167902
36.10099952459336,39.475634918827055
46.526998431682586,50.00343388557568
51.120001103878025,54.416425893260445
51.25099958896637,53.80919942185053
46.995000984668735,49.8000146824256
36.47200100421906,40.87435556963257
21.131999938488008,23.075248813104675
5.217000085413456,10.0421079558403
0.0129999995976686,3.991693774110362
0.0,1.555721774256135
0.0,0.4827015449504046
0.0,0.33438278863480864
0.0,0.2982004835954118
0.0,0.32000784441488034
0.0,0.33931086339957206
0.0,0.3476332489569544
0.0,0.3003261388872755
0.0,0.28409909158554786
0.0,0.31839642699191933
0.0,0.4033801001765198
0.0,0.5884065615751415
0.1640000072680413,1.4306075979256772
7.681999861001969,8.755938274366642
22.38100018620491,23.79902629900218
36.54400108098984,39.504846250657444
46.73000110149383,49.99438861206348
50.74600081920624,54.4505614527882
50.54999809980393,53.951801401044435
46.658001024723056,50.07443948397977
36.40700087785721,41.41773566080218
21.197000064849853,23.57966192274805
5.258000015020371,10.368465161300376
0.0129999995976686,4.1289346036036445
0.0,1.6015148352833677
0.0,0.49131583987161703
0.0,0.3343632279813259
0.0,0.29803555969840045
0.0,0.3187361061703962
0.0,0.3405588901912728
0.0,0.33398059716673134
0.0,0.2911038583582129
0.0,0.27785795934939367
0.0,0.3131705625563775
0.0,0.3981131493843451
0.0,0.585612128705729
0.1569999926723539,1.4500703789693632
7.471000035405159,8.991638295593361
22.414999651908875,24.39875952009578
37.19999995470047,40.18529444135108
47.94500188350678,50.659996214213606
52.38900091648102,55.190973384093915
52.05200095653534,54.76772570160394
47.78399891614914,51.08847861658749
37.31399973392487,42.64118762227424
21.592000200748444,24.4915421144046
5.443999871015549,10.766961281361763
0.0129999995976686,4.283497624918428
0.0,1.6571669792864485
0.0,0.4999252465993134
0.0,0.3357009572274407
0.0,0.29944233385619307
0.0,0.3217098744633543
0.0,0.33979133980540704
0.0,0.5287350767118553
0.0,0.43278948523886096
0.0,0.354240299323555
0.0,0.3349640684532297
0.0,0.3875131468853166
0.0,0.49046221272425516
0.0,0.8235992710271283
0.0,3.5916420466952625
0.7629999862611294,10.058578793662061
3.6259999865293504,17.048768040732313
14.23200011253357,22.115830992826318
14.262999746203423,24.58059934166682
17.106999697685243,25.630001540059897
37.193000004291534,28.961814688639432
30.77899966955185,28.250183012973135
22.454000549316408,18.39556642726076
3.587000116109848,9.462585152094338
0.0449999998416751,4.272136988400529
0.0,2.0644643806572365
0.0,0.9175658597924093
0.0,0.6551652676055789
0.0,0.531513764820652
0.0,0.4840788688426032
0.0,0.5186352938356396
0.0,0.44394218285165676
0.0,0.422504220607638
0.0,0.40996970753317385
0.0,0.4123463965129406
0.0,0.4911045769209009
0.0,0.6524756143787612
0.0259999991953372,1.0770935409966522
7.713999781012535,4.434672769613187
12.184000096917153,11.911136330597753
27.23000016450882,20.245832523456997
33.51999991059304,24.72814366208127
11.664000113010406,23.024470629051265
12.949000399112702,18.661607438621505
23.33399989008904,15.563141320894513
12.30700039923191,11.594059220087196
7.500000123381615,6.693164723904495
1.1410000041872264,3.7074375476585626
0.0,1.980859468505369
0.0,1.125664554369923
0.0,0.6243019807386432
0.0,0.5120430983742272
0.0,0.47266503269369176
0.0,0.45995157564637723
0.0,0.4824718918785115
0.0,0.4023014843809087
0.0,0.38991785182227034
0.0,0.37260537712873226
0.0,0.3629094736944964
0.0,0.4040893155959555
0.0,0.509809695829228
0.0,0.8216105046561203
1.2089999625831842,3.187338046195496
5.314000131785869,8.957549786676891
5.796999790966511,15.777037545514345
11.396999657154083,20.257193637468735
15.473000123500825,20.352242288134452
32.92299944519997,18.654658179021354
23.19300059556961,17.720166425035156
20.81200073838234,14.138079152801236
8.11300003528595,7.681288453886031
2.2920000475645064,3.9645256833028903
0.0,2.0456343465001803
0.0,1.1243975301354892
0.0,0.6040765011486906
0.0,0.47618340325831504
0.0,0.4380588093690266
0.0,0.4121761439547805
0.0,0.41857254149803313
0.0,0.43637261276881545
0.0,0.43586089514626736
0.0,0.43704343918982236
0.0,0.4400731896701935
0.0,0.5150465696730613
0.0,0.681392048365159
0.0,1.1017241245255696
6.983999744355679,4.287319355601832
21.265999282598496,11.506674838409033
31.178000950813296,19.34229191106968
27.56800041079521,23.481873785252553
16.471000388860702,22.126493863146425
18.28299958229065,18.93821134909787
21.15500036239624,16.65846686126742
8.059999750554562,12.78211106993249
2.4300000235438346,6.990669401881062
0.2389999963063746,3.6771781734573055
0.0,1.8305036386846454
0.0,0.9581922258004878
0.0,0.5433709485031631
0.0,0.45934237470338035
0.0,0.44772788617421977
0.0,0.4495601489448081
0.0,0.4680677839268441
0.0,0.36230352657442766
0.0,0.3258042093315176
0.0,0.31137647133497603
0.0,0.3330278477057565
0.0,0.4101827170498071
0.0,0.5767678899650949
0.0439999983296729,1.247456013165654
4.185000097602606,6.485958145901161
21.898999786376955,18.062641630406613
29.176000756025317,31.320466836407913
43.12899903059006,41.203130869940054
42.963999025821686,45.88578164020709
43.73500001907349,46.126748359736894
42.53300090551377,43.399551919897284
33.180999377965925,35.63244444703521
19.815000759363176,19.750289709757837
5.757999920547008,8.729988626542116
0.024999999689171,3.5471292595219577
0.0,1.449024828058131
0.0,0.49061258993009765
0.0,0.3433433774679885
0.0,0.3040154506577872
0.0,0.31613622977286165
0.0,0.34288184476139444
0.0,0.3146325411019758
0.0,0.3020163172117156
0.0,0.3092748384034389
0.0,0.3507340164584636
0.0,0.4369775638381125
0.0,0.6379874401887075
0.3550000112317502,1.4113631999285117
9.126000487804411,7.857304865633014
23.16099964857101,21.53843997194278
29.489000005722048,36.269027603326606
46.163001010417936,45.98865811780908
48.79299822330475,49.38496296119483
46.07900160551071,47.50683056502788
30.41700076699257,41.61222647179719
22.5719994199276,31.034056523656226
13.107999712824824,15.218937349025502
1.897999941259623,6.374983007374702
0.0,2.636262164627594
0.0,1.109937536854169
0.0,0.40592458605507814
0.0,0.2908815325742972
0.0,0.26941003950864706
0.0,0.2904683155798461
0.0,0.31276377238660735
0.0,0.3237598554878778
0.0,0.3007352328303832
0.0,0.3051747904799748
0.0,0.3488735468198796
0.0,0.4408083501041666
0.0,0.6497660561390689
0.3420000116340816,1.5043277286665822
6.729000157117844,9.129904114271856
22.511000438928605,24.361072163368657
33.17900085926056,40.06897580268927
44.93800147294999,49.87346170262881
46.39199880123139,52.88371803371833
26.539999771118165,50.219015880580805
28.273000991344453,42.75625998142624
14.391999712586404,30.808438031718303
6.4449999684095385,15.207367078750288
7.132999789118767,6.625999595400914
0.0380000012926757,2.8431725990810532
0.0,1.1773718823546886
0.0,0.42087457177652454
0.0,0.2977394796357117
0.0,0.2719439924858187
0.0,0.29457819571070337
0.0,0.3167127622409258
0.0,0.3837936594553447
0.0,0.33018006500189034
0.0,0.31274563980593045
0.0,0.352766807936729
0.0,0.44562388534814873
0.0,0.6447565483478531
0.3700000058300793,1.5091830522370246
9.014000254273414,8.842684307709293
23.632999238967894,23.657059991360462
37.53099819660187,39.07552866431326
47.43700020074844,49.37122385852028
51.9229989361763,53.69826017902981
51.53999812841416,53.27438151412603
47.43499962806702,49.28615475167797
31.222999458312987,40.651876577266954
19.82399922847748,23.660997919686658
5.873999758958817,10.840790426650557
0.0190000006463378,4.401605930403653
0.0,1.693751400853834
0.0,0.5029136161172515
0.0,0.34435880188267043
0.0,0.3109434153842025
0.0,0.3342502953601901
0.0,0.3620417283953749
0.0,0.3305493472954335
0.0,0.3000942764046219
0.0,0.29794274787273933
0.0,0.3456970171987836
0.0,0.43963441007607634
0.0,0.6526388123635395
0.4779999926127493,1.5526781393824098
9.492999795079232,9.354510346240527
24.08900040984154,25.11167935246797
38.50300128698349,40.97844398396715
48.64199811935425,51.11711857015381
53.33399832963944,55.1377663548324
53.99000131130219,54.1848801041877
49.56599978923798,49.59262240087461
34.94899829626083,39.97907261438856
13.574999925494197,21.633368562135693
2.7330000042915343,9.07701020177203
0.0,3.561239601102553
0.0,1.390998243786656
0.0,0.4334509849255589
0.0,0.30320018282055566
0.0,0.28167029899348744
0.0,0.31044804843789015
0.0,0.3290102707584601
0.0,0.37325508222562614
0.0,0.32425675154543193
0.0,0.3086957924531217
0.0,0.35385190396333954
0.0,0.44757077945813395
0.0,0.6555122948314362
0.4960000118054449,1.55451584179391
8.380999750494958,9.320581529470775
25.015000598430635,24.8984944789537
40.10900105953217,40.60146817008977
50.500998446941374,50.75740628727123
55.61799916744232,54.91631133656114
54.920998823642734,54.275457164581965
41.232998378276825,50.042974475756786
37.82999959945679,41.044956688557676
23.185000358819963,23.464640822461654
7.107999819517135,10.517132774538439
0.0380000012926757,4.228581925770859
0.0,1.6210821408377565
0.0,0.4800219025119794
0.0,0.32527426042281743
0.0,0.29817234810255744
0.0,0.3224120443944986
0.0,0.35391509129558657
0.0,0.3498557563488381
0.0,0.31123701791134406
0.0,0.3009291677410236
0.0,0.33954385286950767
0.0,0.42742194807204226
0.0,0.6189658602536181
0.5710000168904662,1.5164527627317455
9.710999571084976,9.021283171615211
24.688999680280688,24.1354411878326
39.326000738143925,39.599278668704954
48.87399882316589,49.88689385708023
50.32700202703476,54.161732261378404
43.01400101900101,53.71136355237271
35.70899819374085,49.62040443227811
26.2289990401268,40.79967897498605
17.70199959039688,23.443174306855056
6.872000024318695,10.730160757427717
0.0439999983296729,4.355572772835146
0.0,1.6828035281094809
0.0,0.5050123348315204
0.0,0.34073009773240115
0.0,0.30678232711577497
0.0,0.3233180538330556
0.0,0.3438811463920682
0.0,0.36925263850595863
0.0,0.31660348201533534
0.0,0.2890814551318238
0.0,0.3085776159007153
0.0,0.3754281475624316
0.0,0.5237573691231217
0.721999992467463,1.2177920443463635
12.096999832987786,6.882025801045376
25.695000182390213,19.50675277239311
36.888000991344455,33.43405047613452
34.92700021266938,43.772794797428496
48.84700136184693,48.94672841011439
51.77300117254257,49.69677383104364
47.7800018787384,47.53186242823632
38.05000097513199,40.530489136736286
22.81499916553497,24.219802009061873
6.621999814808369,11.390196308534469
0.0510000008903443,4.7035691977291325
0.0,1.8601017464219523
0.0,0.5722141569796138
0.0,0.3837612586584737
0.0,0.3267045131463387
0.0,0.333370421776476
0.0,0.35280112927756413
0.0,0.32954228212679637
0.0,0.2944702440150176
0.0,0.2836858117015288
0.0,0.3199083999952405
0.0,0.3996399963620465
0.0,0.5780686604681233
0.4149999896250665,1.4445505332969677
5.52799978941679,8.831664048124763
22.719000432491303,24.24535843311263
39.01700057983398,39.83911983365945
49.670999045372014,50.26635126968017
54.17499882698059,54.80629852131662
52.52400054693222,54.63580584319824
46.56500109672547,51.20440510364418
36.34000017881394,43.07874873392496
18.531000759601596,25.180094882734252
5.54999992698431,11.370618896102423
0.064000000488013,4.558260753536725
0.0,1.745382257756653
0.0,0.5132438392093758
0.0,0.341911663163498
0.0,0.3016983360405406
0.0,0.315518947451721
0.0,0.33310310896796363
0.0,0.36734192370821805
0.0,0.32283254192543615
0.0,0.29843678564549736
0.0,0.3156320658021784
0.0,0.36737222462806196
0.0,0.4975376539404326
0.0629999989760108,1.0752234081755256
7.043000206649304,5.579617716402958
14.510999896526338,16.082526484026396
17.085999846458435,28.731298567575873
30.53499963760376,39.06366373599404
48.16799795627594,44.855675540083766
49.86799999713898,46.301328853916786
46.20500071287155,45.0746309510452
35.68200073242188,38.44226170518275
18.58499979019165,22.24087448223448
4.052000012844801,9.94137399577104
0.0439999983296729,4.0880236221006205
0.0,1.6855198729790823
0.0,0.5396692479165109
0.0,0.36134733793987917
0.0,0.30953557015093436
0.0,0.3128824868644628
0.0,0.3349671758367551
0.0,0.3291367243324537
0.0,0.2963238934274849
0.0,0.28914420230517734
0.0,0.3275999302933896
0.0,0.4110838410453736
0.0,0.6047567346327243
0.5230000085011125,1.4271119350508132
9.606000314950943,8.193116966582195
21.903999164104462,22.335608461098623
35.057998697757725,37.67717020844035
46.59500147104264,48.236713099358035
43.41800167798996,52.52418492432465
49.30199813842773,51.77426305970674
41.77199866771698,46.93702647422803
27.9790010201931,37.016912315393625
19.5400000667572,19.891929833808447
2.3020000867545605,8.862649485462054
0.0,3.6554953296098405
0.0,1.4335514505146505
0.0,0.44792708555902616
0.0,0.30584153745975723
0.0,0.2756315898447028
0.0,0.29344893438731934
0.0,0.3150885335026541
0.0,0.35704326924059504
0.0,0.31055687155755246
0.0,0.297651150567297
0.0,0.3377524175782981
0.0,0.43856866713392795
0.0,0.6622226355680519
0.8079999700561166,1.6438446916120397
11.449000169038772,10.226653739093775
27.78400064110756,26.363719311991137
42.61700031042099,41.90403616759415
52.7759987616539,51.876111508543644
57.48300121307373,56.04594666034459
56.08299880743027,55.45881974924289
51.34899889469147,51.614627809703336
40.96000031232834,43.2515640662791
23.852000328302385,25.750989551921567
7.561999904215336,11.896296698512106
0.0779999975860119,4.7202332478332725
0.0,1.7618703687290669
0.0,0.5149482234780686
0.0,0.34759626056683884
0.0,0.31228010989091504
0.0,0.3362219534895988
0.0,0.3623532497208947
0.0,0.3498279515826335
0.0,0.3153891638752861
0.0,0.31246943459712556
0.0,0.3604436063781044
0.0,0.4613072352932315
0.0,0.6845761731170691
0.8999999968335033,1.6409652651590205
11.39099999308586,9.991335240954658
26.36599924325943,26.148980210737054
40.83200063228608,41.82246002577313
51.18500123023987,51.428208647020085
55.53699856758118,54.81817153110125
53.54799798727036,53.364012416377925
40.61199925661087,47.44496320946146
29.03399912118912,36.716572333570625
17.34299949288368,19.9680383145605
4.701000219881535,9.146058498232911
0.0700000015366822,3.8356463035098862
0.0,1.4788093249409449
0.0,0.46147639056044
0.0,0.31272145560908093
0.0,0.28787176556491273
0.0,0.31041106435331567
0.0,0.3390001481926467
0.0,0.3470372175237479
0.0,0.3223148581020802
0.0,0.318394508155243
0.0,0.3580087319797882
0.0,0.4443820503912739
0.0,0.6355630954646353
0.6560000290721655,1.4359880317801255
7.862999825775623,8.372370353718864
26.851000502109528,22.8841655531521
35.47899806261063,37.80684412713025
45.66399985074997,47.41556065618711
37.16500020265579,50.80239962748066
32.22200001001358,49.23055601426453
37.22899798870087,43.99196972928981
36.47599804162979,34.22596754822084
15.186000102758408,18.05178889164233
3.9779998768866074,7.845953441613351
0.0439999983296729,3.215955827957525
0.0,1.3099203622735853
0.0,0.44474992224353116
0.0,0.31396543991388304
0.0,0.2871885112716557
0.0,0.30572846482338795
0.0,0.332947947307733
0.0,0.4039821203055129
0.0,0.33548215132595866
0.0,0.2943644579755853
0.0,0.30763932232213814
0.0,0.3676249433207849
0.0,0.4936931042531464
0.7059999682754279,1.0892948274461731
11.001999521255494,5.782602853857099
10.884999909996989,16.365490830002507
11.36300019145012,28.8394245565881
35.342001967430114,39.25271996994997
49.59899896860123,45.877818779165814
42.5610007071495,48.58977589926523
48.24300094604492,48.46434480490104
39.96799971103668,43.00533139525053
23.74099935412407,27.339630378565534
7.907999873757363,13.160760931762848
0.0960000007320195,5.451835029109322
0.0,2.1620889623813864
0.0,0.6442085589652907
0.0,0.415575182293602
0.0,0.3355956629859864
0.0,0.32810987172667017
0.0,0.35565607047148684
0.0,0.32153865745406773
0.0,0.29830081280551485
0.0,0.3009396868507245
0.0,0.35002254809871497
0.0,0.44283505682943214
0.0,0.6538071007158548
1.2070000317692755,1.5761344893556068
12.346999529004098,9.14547879410679
27.24600063800812,24.71804655874396
41.33400059700012,40.49537515216667
50.16599905967713,50.65660762967326
54.239000720977785,54.793328763102096
52.22200033903122,54.3871760268225
45.93899848937989,49.685393773436346
35.67300020933151,39.73066483725824
19.92599967956543,21.44129900799245
8.535000199973583,9.273211011072924
0.4970000093057752,3.7076328846773654
0.0,1.4329033545671777
0.0,0.42994596804899765
0.0,0.29722058787930805
0.0,0.27817282552042577
0.0,0.30256703674739377
0.0,0.31819819269878014
0.0,0.3323469229458339
0.0,0.3244747241801137
0.0,0.3367947058358963
0.0,0.38487970506291663
0.0,0.4879459574519834
0.0,0.7095713853481644
1.1309999649971725,1.5744850499965297
11.78000046491623,8.569488298671413
26.679000546932222,23.078517312361242
40.30499967098236,37.650360167012
45.34899797439575,46.634158374162254
37.34300187587738,49.08192273498362
42.90999999523163,46.64568355669905
29.59100045681,39.81784983132585
25.34300003528595,29.180886242767112
8.796999737620354,14.779260820549808
2.240000049173832,6.686096532932731
0.0770000000856816,2.883085338406222
0.0,1.1866106321903716
0.0,0.43700376515964673
0.0,0.31715517818990646
0.0,0.297894048031897
0.0,0.3202102061952212
0.0,0.34590190493507694
0.0,0.35436087105761604
0.0,0.3071636593419033
0.0,0.2895542140119815
0.0,0.32576921671937276
0.0,0.40841488006682714
0.0,0.6026580680762492
1.1319999945908783,1.486792373544856
10.524999526143077,9.07816402438249
24.11999901652336,24.100211210038328
38.20499811649323,39.74535842498731
51.07699906110764,50.584833825877425
54.92200116395951,55.39627324983978
53.89000143289566,55.336358571500355
49.39399983406067,51.87246435455357
40.08800120830536,43.51303875408025
21.855999797582623,25.68452864687343
5.357000120580197,11.596606170912946
0.2189999981597066,4.60758961334213
0.0,1.732785285987681
0.0,0.4959122031414257
0.0,0.33346348111933777
0.0,0.2971071699189219
0.0,0.31827267268288484
0.0,0.33767070836080626
0.0,0.34154063358543246
0.0,0.3236014391189245
0.0,0.3389598375712711
0.0,0.4035510176344161
0.0,0.5263243497423242
0.0,0.7874561849467059
0.6649999744817615,1.7838914784755624
13.178999503254891,10.787164604188996
29.226000695228574,27.763033737315737
43.51699921607971,43.565638073653425
53.01400118350983,52.33802376527484
56.61900029182434,54.62014447987167
53.13899795055389,51.70527194395599
43.1569988322258,43.49370284245553
33.55100057125092,30.792542356223965
5.005999746322632,14.973377500283606
5.881999995708465,6.3780906406290026
0.0129999995976686,2.6435300771934305
0.0,1.0628516931755336
0.0,0.3788963849860071
0.0,0.2769253522649119
0.0,0.26436754433102294
0.0,0.29594297264477876
0.0,0.32653212233762086
0.0,0.3696417581821973
0.0,0.3184211258925869
0.0,0.3109259465546486
0.0,0.37108766273649524
0.0,0.48856839075027736
0.0,0.7485149027581165
1.521999982520938,1.8258437908542111
14.330000445246696,11.303941911047913
30.54299987435341,28.747937849166696
45.15499993562698,44.88543247720333
54.727999017238616,54.298617921448766
57.413001708984375,57.946994042287855
55.670001733303074,57.320162061126744
48.25200146913529,52.58700290080189
39.75300182104111,42.65138529983397
19.258999710083007,24.157009259376192
4.763999773561955,10.692543515570739
0.0709999990370124,4.176113161377648
0.0,1.538151925573018
0.0,0.4218473024358182
0.0,0.2861644346253985
0.0,0.27441836520873314
0.0,0.3076179948693185
0.0,0.33816180554758024
0.0,0.36297753368155083
0.0,0.3148152839193544
0.0,0.2999373355837999
0.0,0.33500057953814566
0.0,0.42182002324032464
0.0,0.6227091546740893
1.473999974131584,1.5911759841792794
14.003999527096749,9.524348522751902
29.6280007815361,24.981651971587002
43.713001935482026,40.61675851808184
52.44999989748001,51.15935022814248
53.34499942541122,55.83413251416913
52.74500015497208,55.950607286838036
50.50499959230423,52.602686293890685
41.35399810791016,44.54773201888233
24.429999461174013,27.138675294239928
8.588999744057656,12.915389958878684
0.2529999934043735,5.241837781981829
0.0,1.9465113717232216
0.0,0.5294378419497558
0.0,0.34649477677431156
0.0,0.30863573314498327
0.0,0.3273117760752493
0.0,0.34878429218089946
0.0,0.33664333579444955
0.0,0.29219752493376144
0.0,0.2800938871889582
0.0,0.31441520627852454
0.0,0.39901464478167137
0.0,0.5844076540711132
2.0360000456124543,1.5387979144339523
14.211999520659448,9.645249374777263
30.0280002951622,25.56701220302672
44.09200159788132,41.486234370344675
52.01700120449066,52.043594645621425
55.238001272678375,56.69839511752748
54.38599967956543,56.755453094106244
49.81999857664108,53.421593939762445
40.72300023078918,45.39387573219694
24.322999632358552,27.79255054722588
8.845000131130218,13.184843968375853
0.2790000086463988,5.360009368608453
0.0,1.9912925532468522
0.0,0.5421050424561847
0.0,0.3533881791756167
0.0,0.3072627502173271
0.0,0.3208351059453506
0.0,0.33385506032028367
0.0,0.3528702132633999
0.0,0.3086684919872847
0.0,0.3002413830596257
0.0,0.3455174643266913
0.0,0.4470107768025945
0.0,0.6695770111213692
2.1909998828172683,1.7199790183133754
14.760999592542648,10.65294124579363
29.48500091433525,27.58880212316069
41.47199903249741,43.41623860104927
51.28099996328354,53.258012481978405
55.433999884128575,57.41211025798267
54.06000081539154,57.250678632191786
49.38099816560745,53.646667541921985
39.81499903440476,45.442478141273895
21.769999819993973,27.711536753369252
8.52299984484911,13.097000075038203
0.3119999903440476,5.260484279895508
0.0,1.9286596339194055
0.0,0.5153070236268622
0.0,0.3405621757734101
0.0,0.3111126558025276
0.0,0.3371293533066434
0.0,0.3587993006541005
0.0,0.3479256087749022
0.0,0.3010416111217444
0.0,0.28541898157245765
0.0,0.32447100654773575
0.0,0.41509719552016955
0.0,0.6203076926621449
2.329000115543604,1.6225447309144534
14.678000473976136,10.099044550425083
30.32099997997284,26.2686858870567
44.36400143146515,42.12223752436139
53.00599889278412,52.68986072196014
56.05699957847595,57.3480851208866
54.36900097370148,57.448033799185566
49.94499945163727,54.290200312461934
40.2830015873909,46.580538129542404
23.271000336408616,28.97086102269895
8.072000105679036,13.775224108882524
0.2780000111460686,5.555545977204835
0.0,2.0309842310284254
0.0,0.537418065064297
0.0,0.3494339394227627
0.0,0.3102405118384112
0.0,0.3299461196963626
0.0,0.3469259319675321
0.0,0.40831473151602116
0.0,0.3382526319157208
0.0,0.30855611611386613
0.0,0.34379994227164773
0.0,0.4391168941122648
0.0,0.64840769139187
1.8790000208467248,1.5883811075812462
13.594999490380289,9.566273116545645
29.85000067591667,24.82425787185494
44.29599839210511,40.228879414174884
53.33599890232086,50.828928139190964
56.72800069332123,55.624554192277074
55.545000858306885,55.79340617659865
50.832999029159545,52.757180814767665
40.973001980781554,45.181471804724154
24.083000745773315,28.364970374754822
8.871999646425248,13.713286369673362
0.4200000092200935,5.574180437227801
0.0,2.035575424880779
0.0,0.5444930158962868
0.0,0.36033991791832687
0.0,0.3156564096943849
0.0,0.33644948535094454
0.0,0.3691281874642446
0.0,0.35005079248494636
0.0,0.3195854153130271
0.0,0.3251371111869579
0.0,0.37794377189188705
0.0,0.498765598190614
0.0,0.7617719139654605
2.482000021934509,1.7960802167086405
14.57499973654747,11.183170803335885
30.676000986099243,28.042230115512577
45.863001375198365,43.79236082710407
54.61100043296814,52.909418899422505
56.595001635551455,55.469500866197144
54.05100029230118,52.58055973658058
33.88599995851517,44.24981757251178
7.880000072121621,31.425625765371898
5.389000040590763,16.229507565050994
8.511000003218651,7.45029438117675
0.4750000001117587,3.190925706851687
0.0,1.2321610581389322
0.0,0.4209875870211618
0.0,0.2991334312320555
0.0,0.2762591800349013
0.0,0.30685602000939155
0.0,0.33853375454075935
0.0,0.38263033128134327
0.0,0.3260496679480702
0.0,0.3109508292429721
0.0,0.3626851851501289
0.0,0.47505379435078265
0.0,0.7255166397853695
2.7270000834763053,1.8433219432536425
15.428999848365784,11.478397956816243
32.05399914622307,28.779749368937154
46.6059984588623,44.70007960716756
55.00600056886673,54.45691890287897
57.91800047874451,58.43542522411248
57.14900005817413,58.148623846028016
51.8249996304512,54.36333714771843
42.27700154542923,45.85809085945259
24.713000390529636,28.037568186667336
9.115000419020651,13.200493543572703
0.5439999881014228,5.272279455378481
0.0,1.8921556381567437
0.0,0.4933256456425354
0.0,0.3256153222385204
0.0,0.3019745976211949
0.0,0.3311765765087364
0.0,0.36191098557561974
0.0,0.38397030311840497
0.0,0.32998758848266047
0.0,0.31698150732403024
0.0,0.3633079088286013
0.0,0.47599971296523985
0.0,0.7162114839636814
2.8910000586509703,1.8260585636654483
15.689999613165856,11.089274409746013
31.443999066352845,28.006058658811565
45.0509989118576,43.78304302511565
53.03199812173843,53.5429188926219
57.19300033330917,57.52557697597602
56.24500000715256,57.314413871431434
51.13900038242341,53.46900969183963
41.26499932527543,44.92666326760334
24.25400041460991,27.56795260610659
8.64800020635128,13.336369129289407
0.2449999973550438,5.409758843374222
0.0,1.9579466146268325
0.0,0.5126325413221131
0.0,0.33934255195166085
0.0,0.3111539563023341
0.0,0.3354178030481584
0.0,0.3650175697264228
0.0,0.3590992362356196
0.0,0.30893965937846146
0.0,0.2932601224850828
0.0,0.3277246413912368
0.0,0.41998064449231826
0.0,0.621015803335024
3.2329999098181728,1.6387904801292728
16.051999542713165,9.781950501434359
31.69099995732308,25.55107690925373
45.65400109529495,41.23081443621651
53.31100201368332,51.84075917088277
57.23299946308136,56.74010733434285
56.21200082778931,57.38491764286725
51.020001225471496,54.56356473893806
41.5489984869957,47.2046712637774
24.676000065803528,30.14060153777336
9.046000174283982,15.01006169396067
0.5169999914057553,6.142764983185778
0.0,2.212158172578487
0.0,0.5580794666457057
0.0,0.3618708077335191
0.0,0.31861417264033204
0.0,0.335140143510319
0.0,0.35173234929895475
0.0,0.4640548722490845
0.0,0.38566583155500583
0.0,0.33301869583314003
0.0,0.3409060689410764
0.0,0.40527229658016795
0.0,0.5561128297697523
0.2739999890513718,1.184315433648922
3.722000003308058,5.723721708515719
14.2180002117157,15.91026036765722
30.667000463008883,27.307803630668232
36.03500116586685,36.561740884867625
37.74899899959564,41.82791284106495
49.67999956846237,44.161490750637356
49.18000017642975,44.55826674846845
39.55100149154663,40.090756089681975
23.832998995780944,26.083358537864434
8.933999940752983,13.534079589408869
0.5930000260844827,5.738498338298195
0.0,2.231272633419827
0.0,0.6650759049524657
0.0,0.4460091482829112
0.0,0.38025737729220777
0.0,0.3864076690480728
0.0,0.4286052829735464
0.0,0.3667186240053617
0.0,0.31369877365839827
0.0,0.28997494087649417
0.0,0.31555218931048784
0.0,0.3879305770532875
0.0,0.5634514982516734
1.2389999517798425,1.406768542629294
8.907999684810639,7.722534769995281
18.85599933743477,20.94649522463335
30.15800054788589,35.60624140261036
48.80199874639512,46.94090006654191
55.30800077676773,52.938520577171026
53.46000154495239,54.53397911869919
49.48299861669541,52.51569649820088
40.29899795293808,45.59622930285327
23.63399952530861,28.79562965172304
8.37099996805191,14.27810152293095
0.2670000065490603,5.949872631804588
0.0,2.192826541748228
0.0,0.5606959841444357
0.0,0.3552494682450053
0.0,0.3059971761590995
0.0,0.31438169837048147
0.0,0.33514856828697787
0.0,0.40074350372520195
0.0,0.40210548974471283
0.0,0.4296104148621619
0.0,0.49778340842539165
0.0,0.6569211069755844
0.0,0.9815136775410922
3.202000019401312,1.9575946709977914
16.962999544143678,9.483611261289067
31.150999381542206,23.36788769756995
42.39199955701828,36.67894228301937
48.5270001077652,43.357680859580604
36.3989985871315,41.62461783526819
15.172000201940536,33.52884352819265
6.096999939680099,22.74898762381884
1.7750000240653754,13.468167577461566
1.2800000097602606,6.572622298155777
0.0380000012926757,3.390163030562639
0.0,1.6950190592214491
0.0,0.7944469941408231
0.0,0.40688871485733513
0.0,0.336085247341592
0.0,0.3248779480934912
0.0,0.3597296591283916
0.0,0.42136673726648005
0.0,0.3705589669497421
0.0,0.31186648093481517
0.0,0.2947465317602912
0.0,0.33566083141552067
0.0,0.43756917032987686
0.0,0.6706565483870097
4.128999980837107,1.7629056773542202
18.381000941991807,11.003700304995926
34.962998197078704,27.907435910816695
48.78200123548508,43.82505990890505
56.433998668193816,53.90161396372973
58.59200039863587,58.31691307201585
57.72399833202362,58.45878486112597
52.852998216152194,55.30112010268712
42.59699869155884,47.62768144400763
25.30699999690056,30.20653288999915
9.776999983787537,14.721455726984875
0.7710000304505229,5.907772491727634
0.0,2.087321191352005
0.0,0.5233049094065514
0.0,0.34037751250570153
0.0,0.30441113556600574
0.0,0.32677866999698724
0.0,0.35128738073087296
0.0,0.3771886695369389
0.0,0.32448101807402513
0.0,0.310809282357598
0.0,0.3562045266950368
0.0,0.4669961970438681
0.0,0.7136465410840801
4.383000051975251,1.839226400493773
16.841999814510345,11.037416529099966
32.45500100016594,27.814495991710743
45.51799912452698,43.37185456889679
52.47300032138825,53.05566690187903
57.19300033330917,57.08005181428706
52.264998273849486,56.95585335162779
47.53799831151962,53.05606647901574
35.59800132751465,44.5866707523056
25.63599972009659,27.685888155242523
9.410999935865403,13.902006473530644
0.5919999964907765,5.751707326990278
0.0,2.0534856252113665
0.0,0.5278188032160317
0.0,0.3398791082170722
0.0,0.30849262323430987
0.0,0.32898368447348086
0.0,0.3624724052609709
0.0,0.37402676726068484
0.0,0.3203967083566671
0.0,0.29784392319722697
0.0,0.32991093785746883
0.0,0.41885556415099534
0.0,0.6182764710846314
2.8959999498724938,1.5986853341401952
16.606000019311907,9.294408942279924
34.08700000166893,24.364727359679925
46.44200079441071,39.55549538553117
47.78399891614914,50.25038850113356
54.73699954032898,55.415253157669405
51.65999962568283,56.43621455880668
44.93600090026855,53.976065528412576
42.47300015687943,46.97250776890778
25.59299973130226,30.367606513523604
9.713000143766404,15.532031599485448
0.7239999874681234,6.467741121120057
0.0,2.320034043381691
0.0,0.5727741910583309
0.0,0.36305686877691995
0.0,0.3192182008703791
0.0,0.33252247113423805
0.0,0.3572969018270391
0.0,0.37732367107581927
0.0,0.3514480231170155
0.0,0.34136635226567225
0.0,0.3592713562632537
0.0,0.43937724678211887
0.0,0.6228384426638949
1.398999936953187,1.3043731864303985
11.690999628305436,6.467466202191624
22.92900099873543,17.568785597272846
28.653000940084457,30.027294662046614
29.34399956583977,38.99622863356774
33.81399988174439,42.0312158263391
35.19200009584427,40.72710202564621
31.44100026130676,35.98220648231835
24.62100074887276,27.08351292280526
16.540999892950058,14.582266753735894
5.11500014781952,7.1758783599055675
0.0449999998416751,3.239186723044517
0.0,1.3491130515094403
0.0,0.49315504328916726
0.0,0.3524240113552114
0.0,0.3129461374140512
0.0,0.3246093725950806
0.0,0.36263371604776523
0.0,0.3604538147645828
0.0,0.31969342148580127
0.0,0.31473381443025383
0.0,0.3619157791207872
0.0,0.4710965376748958
0.0,0.7231735553071585
3.925999878495932,1.8045286498662096
19.09199913263321,10.170971041795333
34.018999016284944,26.044233079955703
45.99300162792206,41.73386913570628
53.61899983167648,51.968446805557235
57.04800194740296,56.35071259854965
55.27699806213379,56.47289784417948
50.676999547481536,52.53319140774552
41.93899924516678,43.51702225403593
25.441999627351763,25.6581453773115
5.752000256478786,12.075165526363618
0.2230000042077154,4.872938551921086
0.0,1.7657571012283624
0.0,0.4608614722697656
0.0,0.3092666637921624
0.0,0.2885870018900922
0.0,0.3140271591669956
0.0,0.3366339123674821
0.0,0.3727024268347133
0.0,0.3177602580821363
0.0,0.3045858202818655
0.0,0.34842972788671167
0.0,0.45775434223047257
0.0,0.7074372561510113
4.498999890387059,1.8547010878764367
18.43000059485436,10.93260235431026
34.47899927854538,27.50618826855639
46.61200017690658,43.35798711364957
54.39900134801865,53.622962668846704
52.89600025892258,58.152482148663815
53.88699851989746,58.512732065276026
45.69100142002106,55.393303696474426
42.696998569965366,47.61817528822655
26.12199921131134,30.200226411481424
10.33999995648861,14.963017176432235
0.8339999692514539,6.054204756734988
0.0,2.1133844080243667
0.0,0.5106890768881064
0.0,0.3318550239529235
0.0,0.2999575374463936
0.0,0.3206089332431819
0.0,0.34651972358149147
0.0,0.3638453000616429
0.0,0.3255447410657308
0.0,0.3228443408555035
0.0,0.37701536493500115
0.0,0.4972064774839194
0.0,0.7654771071897408
2.165999913215637,1.8559532400071388
19.091000900268558,10.430759895738868
33.39599932193756,26.529484546257187
44.1110008764267,42.295534675736675
50.73799852848053,52.400180161434115
56.44099861860276,56.664425367740925
56.2729998087883,56.742526091108154
50.895998582839965,52.559727528384265
39.47700084209442,43.00155608819155
20.32799976587296,24.773913927891183
9.448999519944191,11.262574111068774
1.452999994531274,4.462007160290327
0.0,1.6132478798498975
0.0,0.42502063565171266
0.0,0.28975465548919654
0.0,0.27391760470810167
0.0,0.3022334892296224
0.0,0.3279668595729744
0.0,0.49044499349853077
0.0,0.3999748562098371
0.0,0.3313054653042025
0.0,0.3261316515916718
0.0,0.3817986647248159
0.0,0.5074521177489006
2.1040000040084124,1.0298124639970527
9.336000027060509,4.886465046429658
13.276999835968018,13.5397132487618
25.240999584198,23.24046972852116
26.491000118255617,31.665726465697507
31.6399997317791,37.01129225155558
28.301000792980197,40.00125013019225
34.769000158309936,42.19606396846856
38.78799868106842,39.33618525149843
24.097000646591187,26.7107003231937
8.0099998113513,14.3581249283976
0.6320000248774886,6.275476951624542
0.0,2.529741300108916
0.0,0.7943945745804799
0.0,0.5138621821573843
0.0,0.40497788089195735
0.0,0.3830468475509749
0.0,0.4402722382389854
0.0,0.39170324477236734
0.0,0.3349186746062921
0.0,0.3202745540831358
0.0,0.37104856947561404
0.0,0.492238485012749
0.0,0.7645805885598803
3.3410000249743463,1.997054865212112
18.31899962067604,11.626403878144217
35.69800120592117,28.669703349978903
47.40600159406662,44.36737580238916
54.1830011177063,54.279056559691476
54.62500033378601,58.52706637606419
54.34499820947647,58.78974065126869
52.28000051498413,55.48129135209849
42.56399951219559,47.583971109954476
26.3959996175766,30.43923852862192
10.689999530911448,15.445535473847453
0.9030000214278698,6.329657046001335
0.0,2.1945038936177994
0.0,0.5176592607460533
0.0,0.333994776373291
0.0,0.30866110284329695
0.0,0.3310691810539248
0.0,0.36396667946614863
0.0,0.35721640311050523
0.0,0.30896081348279114
0.0,0.2925438779248027
0.0,0.32731343516598294
0.0,0.41499390351794735
0.0129999995976686,0.6270287246367569
4.410000080764294,1.7273448933043762
18.8330009675026,10.233149178383702
36.207999353408816,26.384209119469155
49.082999103069305,42.30960613311557
56.34400165319443,53.288065832563674
58.345999794006346,58.29601389142024
55.95099798202515,58.93953068958492
49.63500106096268,56.43242436584789
39.87000040531159,49.42889546376686
25.05200092315674,32.07144870804675
10.38400023162365,15.982934447664892
0.9539999902248384,6.588210710349078
0.0,2.341437213868851
0.0,0.5517564699261996
0.0,0.3477589872898666
0.0,0.31013045706272063
0.0,0.3273140898713927
0.0,0.3433152675998685
0.0,0.4044423432318259
0.0,0.33303346099411035
0.0,0.3144377951849968
0.0,0.36315471931671084
0.0,0.491908979807389
0.0439999983296729,0.7663541761644375
5.635000131726265,2.025321165707086
19.242001004219052,12.523963053140557
36.91100141525269,30.33101218667585
50.33799901485443,46.31758585576219
57.46099902153015,56.022624993192125
59.70300015687943,60.112633771063756
58.00699926137924,60.21713220712795
52.64200147151947,57.050858525823195
42.26199930429459,49.281202099094976
26.120000692605974,31.97201427684726
10.571000373959542,15.879189530169667
1.070000021196902,6.361271190223034
0.0,2.165746238210941
0.0,0.5135071836280579
0.0,0.342257157576255
0.0,0.3081728795024945
0.0,0.33419237752080283
0.0,0.3618840313797077
0.0,0.536173639103215
0.0,0.45855723601462595
0.0,0.3874023233013815
0.0,0.37343052681601907
0.0,0.4180106881113024
0.0,0.5249172568710213
1.7519999852776529,0.9132071991758183
5.4569999989867215,3.836141236147377
5.789999840557575,10.573435680419642
6.417000166773796,18.353868425676012
9.0149995136261,24.772710616849842
19.696999834775927,28.814677014026085
44.0629994559288,32.271765436033235
42.25999873161316,35.683881489567725
23.73599997639656,33.51931518801786
21.991999714374543,21.868149509645775
8.799999569654466,10.979516661871411
0.1629999937210232,4.700610342600006
0.0,1.993639048736291
0.0,0.7017589715677699
0.0,0.4881029042616759
0.0,0.40760786749620814
0.0,0.3924737855084876
0.0,0.4513441203944334
0.0,0.42202188411705127
0.0,0.34703234362025787
0.0,0.3173065372145719
0.0,0.35124990284655866
0.0,0.45669184892310366
0.0,0.6954042908002795
2.2029999811947345,1.766808655931139
19.06700019001961,10.061323776113422
33.9450004208088,25.286394621392596
34.36399921298027,40.534252051000415
37.307998015880585,51.15288725607406
58.91999983549118,56.28229121422461
59.08299926757813,57.29520604203132
53.58199950695038,54.691962057331615
43.28300204753876,47.639293897234204
26.80200084924698,31.778606932990648
10.969999601244927,16.875067520892866
0.9949999840185046,7.088229312482659
0.0,2.447136527308415
0.0,0.5717907070065169
0.0,0.36310999184325743
0.0,0.31869257299688636
0.0,0.33675289223803573
0.0,0.37302158048603606
0.0,0.37350486160477414
0.0,0.3342104403580431
0.0,0.33543405486086236
0.0,0.39510605929691667
0.0,0.5377797841093249
0.1009999962570145,0.8569887016384161
6.178999798893929,2.0986961919953853
19.624999758005146,11.50912851329213
32.94700015544891,28.217281286303155
36.19600002527237,43.97308538940489
48.48099925994873,53.74630011859414
55.86199919939041,57.59541322560481
53.43799935340881,57.27569261140354
44.51300096273423,52.50348041412029
35.67799958705902,42.23227545685468
16.03700038254261,24.12601696031478
5.192999888658524,11.092113787707811
0.5139999989047647,4.464768230431632
0.0,1.5908701530513283
0.0,0.41697082441320593
0.0,0.2836667888842583
0.0,0.2721881217391555
0.0,0.30224891107551977
0.0,0.33186645560255557
0.0,0.35614603446983273
0.0,0.3217472884776971
0.0,0.32270309887653287
0.0,0.3826301946463703
0.0,0.514789943111283
0.0129999995976686,0.8108955937850454
5.909000024497509,2.0481308213927627
18.057000596523284,11.810608725793148
34.04000092148781,29.108775468685373
45.47700176239014,44.95278849730068
51.99400078058243,54.766852330347135
52.75900005578995,58.69199425667105
49.44700063228607,58.41815847060626
45.205001928806304,54.25647700498483
32.90700102567673,44.89018931303385
19.944000725746157,26.34030085960337
4.760000168681144,12.103877647480429
0.2189999981597066,4.79545196882917
0.0,1.7078084155271458
0.0,0.43941070039769814
0.0,0.29734386363557797
0.0,0.28068454512030233
0.0,0.31020289957463965
0.0,0.3350461959595425
0.0,0.4291174419180358
0.0,0.3598287009185768
0.0,0.3050727655017839
0.0,0.30874603449459387
0.0,0.36255217255136274
0.0,0.4993641787005737
0.8869999972358347,1.1216884821909054
10.01900047004223,5.497870081442356
21.122999415397643,15.052082489736923
29.852999480962755,26.058861469989527
33.02800075531006,36.40932212744674
40.00900118112564,43.559855183399726
46.8530014038086,47.19957346750319
50.16300025463104,48.66450057704632
33.74099951863289,44.79119061506527
25.669000953435894,30.14502588405871
6.851999945938587,15.638795626994346
0.801000019647181,6.668214460678315
0.0,2.5649655444785853
0.0,0.7136648850604395
0.0,0.43928927563380943
0.0,0.3525642000062277
0.0,0.33911901451483234
0.0,0.3854673630091523
0.0,0.41881090051911574
0.0,0.3468897855310802
0.0,0.32429004543996476
0.0,0.3777930557702159
0.0,0.5202172912681278
0.3700000058300793,0.8127904540684885
8.248000179231168,2.1318762579792265
23.537000505924222,13.125100249742498
40.64800134897232,31.34388042494998
52.43599999666214,46.80214787157418
58.87399898767472,56.00699236185355
61.71100001573563,59.89601859840279
59.47799940347672,60.012755898266086
53.94100165843964,57.063594242220326
43.463000185489655,49.79189855309193
27.576000647544863,33.02258425376957
11.260999740362168,16.785041619686613
1.0590000165998936,6.73352350444857
0.0,2.287462553370215
0.0,0.5298118411819217
0.0,0.3460994118017411
0.0,0.31470280764818787
0.0,0.33872304697855493
0.0,0.3785458377708165
0.0,0.43241481846450186
0.0,0.3574831099380591
0.0,0.33099241738323526
0.0,0.3697561918858986
0.0,0.5005171124444869
0.181999994367361,0.7737632373552191
3.778999892920256,1.9931067824434487
19.7480000603199,11.461200065094465
36.962001640796665,27.930760574292893
47.84600023746491,43.041385462666945
42.675000486373904,52.801357455599955
59.87999948978424,57.271555297526305
57.66400169134141,57.817341823386585
51.11100058078766,55.08498516720729
43.45399966239929,48.12289531101432
27.396000455617905,32.380694229551494
11.786000128984451,17.210158838649168
1.4249999361485244,7.113163184204478
0.0,2.4458992465839127
0.0,0.5770041930880399
0.0,0.37701665889506486
0.0,0.33753231078182994
0.0,0.3615394403711999
0.0,0.4001781710175265
0.0,0.37716721512732326
0.0,0.3163018716113568
0.0,0.29407729478962114
0.0,0.3311133943685205
0.0,0.4266580843674031
0.0,0.6522764456234761
3.867999959290028,1.8009944311496926
13.813999552726743,10.721285808984721
30.53200083255768,27.0717178322302
49.370001177787785,42.99345372772197
58.99100167989731,53.842105843869945
61.84899845123291,58.981372412012504
60.0560005903244,59.9705403637663
54.67899936437607,57.70511774928953
44.42500041246414,51.15401217222767
27.79700025558472,34.62005514552525
11.984999599456788,18.095687031950877
1.481999954134226,7.50712994596854
0.0,2.574300854298604
0.0,0.5709097657335584
0.0,0.3544699578870276
0.0,0.3080794695096592
0.0,0.3220031186124086
0.0,0.34523652657730297
0.0,0.36611769367914815
0.0,0.31474243007800384
0.0,0.3042780670123662
0.0,0.3564332079826286
0.0,0.4860215175123644
0.4440000134147703,0.7709936375805028
8.70299952328205,2.172892136912583
23.69999993801117,13.281114088044896
40.3970013666153,31.779179721690653
51.164001379013065,47.422814837007394
57.409998795986176,56.88773054891521
59.79100070714951,60.938996955974886
57.87499843597412,61.25066941337251
53.014999415874485,58.6692625869903
42.75899989128113,52.047977754268565
27.294000004529952,35.31448660255282
11.25099995791912,18.34307485279023
1.4999999733269216,7.435563172632806
0.0,2.4997049749103706
0.0,0.5479369162373802
0.0,0.3471457594210061
0.0,0.31508442053515745
0.0,0.33625663698510827
0.0,0.36282023164535493
0.0,0.3863917872085243
0.0,0.32129590719420925
0.0,0.3066072511540073
0.0,0.3627895830095772
0.0,0.5068038595271295
0.4129999946244061,0.825911458369076
8.544000209569932,2.301850835244111
23.43100096344948,14.27176833061984
40.32399894952774,32.96675105916418
52.4610009932518,48.54921388161829
58.69999845981598,57.74816318649677
60.3869988322258,61.55208049059952
57.29099963903428,61.63366008711749
50.73999910116196,58.82159174764071
42.25299878120423,51.845048570556315
26.330999491214754,35.171803375861266
11.31399951159954,18.364285211104292
1.4339999457448722,7.451992717166977
0.0,2.45690207068082
0.0,0.5381604018330014
0.0,0.344330715310923
0.0,0.31428730006856115
0.0,0.34166410520972357
0.0,0.3705873787337514
0.0,0.4229209785271378
0.0,0.34850591856564717
0.0,0.33589935477185445
0.0,0.4069500610639269
0.0,0.577161239891851
0.4649999930150807,0.9299941321775456
8.832999776005746,2.4295498655162406
23.57900020837784,14.700717328664187
39.53300044536591,33.719773356329675
50.27200065612793,49.344750566012586
56.05900015115738,58.11619752684609
57.55199837684631,61.47714822202643
54.9299993467331,61.26868194029054
49.67000081300736,57.724886453530935
40.307998476028445,49.43868532922404
24.528999053239826,31.901956331638537
10.424000388383863,15.97661633073878
1.120000024586916,6.384772314425438
0.0,2.121818916099776
0.0,0.4799485857860494
0.0,0.31956055025123564
0.0,0.30068517131758515
0.0,0.33209891137901265
0.0,0.3693802657236904
0.0,0.5400545164877633
0.0,0.4998851941784219
0.0,0.4473973108914847
0.0,0.4274517623622275
0.0,0.4854402344532355
0.0,0.6205926943871023
1.438999965339899,0.9976356876815805
8.1609999153018,3.844371771054786
13.793999987840651,10.076768003048006
15.983000324964523,16.866542027637717
17.537999871969223,21.544803411481407
19.94799981713295,22.70450975687054
26.59900023341179,23.239248261145544
32.09799942135811,23.782806875642546
23.904000840187077,20.570433433486613
8.95499979197979,12.954069171282743
1.2500000205636024,7.038722756825627
0.0439999983296729,3.3380534579372094
0.0,1.5065571492692853
0.0,0.6358383234926898
0.0,0.4751418386120894
0.0,0.4104599327257759
0.0,0.39388593352190504
0.0,0.4850057088244629
0.0,0.4003130829567747
0.0,0.328439319769401
0.0,0.31007170836961606
0.0,0.3584553448168779
0.0,0.48670575940948757
0.0,0.7775824902477452
0.2329999952577054,2.152304414180036
9.473000230193138,13.025779103584354
24.963000086545943,30.864082081377056
41.63199965953827,46.755298743569455
53.91600066184998,56.57547528248588
60.57900040626526,60.82739974476332
63.71999810695648,61.2371889878304
61.85599840164185,58.57322183811399
56.12400027751923,51.602986297231666
45.61900134325028,34.963278707670696
28.512999877929687,18.473007867353967
12.479000354409218,7.600648772931709
1.6970000264793634,2.523368669301297
0.0,0.5396766545558234
0.0,0.3404851078971602
0.0,0.30891784141788087
0.0,0.33187277541342336
0.0,0.3613941731286927
0.0,0.39245979044037144
0.0,0.35144662070074956
0.0,0.33243185722142277
0.0,0.35609052671919583
0.0,0.44832176031759113
0.0,0.654941161750678
0.0380000012926757,1.4415346494483718
1.6209999597072602,7.715443693943513
4.828000127077103,20.285495563587542
16.65700024485588,34.21043457137611
38.51700118780136,44.19388112359388
52.482999076843264,47.783580035625135
44.3970006108284,46.503275685566955
36.737999119758605,40.44328067368012
38.8229984331131,29.97498106314571
18.70400100111961,16.683207541677188
13.074000247120855,8.303528470436774
5.972000091671944,3.685012890526752
0.6049999960884452,1.4359862578839309
0.0,0.4718097474315791
0.0,0.3273765212976902
0.0,0.28687710407145167
0.0,0.30367940297000984
0.0,0.3475336434068417
0.0,0.4451946388515018
0.0,0.3519916709532077
0.0,0.29344943192210227
0.0,0.30221985800956214
0.0,0.36561964625035914
0.0,0.517220691955527
0.333999999538064,1.2446545014467947
5.052999853491784,6.54778665315968
8.542999923229218,17.65177054286525
22.62399993181229,30.55585681617581
44.92799860954285,42.154823667058224
50.82900199174881,49.666481869361135
45.489001090526585,52.99413514907012
58.62400134563446,53.22012122699762
55.25499997854233,48.654158554997785
45.11599903821946,34.20564236202953
26.51699934720993,18.559768122604723
12.239000440835952,8.00105368811108
1.738999985679984,2.900390911321768
0.0,0.6982477377776984
0.0,0.41995608731082257
0.0,0.32944303503441213
0.0,0.32009812348212224
0.0,0.36101634688745443
0.0,0.39019027728936956
0.0,0.32044482636648314
0.0,0.30497577619294525
0.0,0.3573433486657747
0.0,0.49062396849113804
0.0,0.7857384664729784
0.8290000138431788,2.143585745381925
10.876999673247338,12.976263313262372
25.94600016474724,30.915993584379777
41.43600104808807,46.82643767825096
51.775001745224,56.495302182072344
57.72399833202362,60.582365055493355
60.27900077104569,60.853062479866715
58.44399909973145,57.952653275162675
53.08400068759919,50.70067991240584
43.80499952316284,34.15833577682537
27.363999508619308,18.093129718463487
11.661000280976296,7.465607591712918
1.6569999980926513,2.448198779167254
0.0,0.5263673729845342
0.0,0.3344499081066202
0.0,0.30169348972170856
0.0,0.3233094833202488
0.0,0.3514823116191108
0.0,0.5625033300315782
0.0,0.5278245941319021
0.0,0.4658153514911021
0.0,0.40974290559926124
0.0,0.4420765810828125
0.0,0.5366794325639358
0.0320000002440065,0.750029661199119
0.1730000008177012,2.471935803694746
1.0420000270009042,6.296198888612998
4.276999996006489,10.182758921726968
5.979000042080879,12.419667660920025
5.167000146210194,12.198118027964234
9.544000020623209,11.933967853445552
8.845000131130218,13.361265066021405
10.31300044119358,12.606166021981693
11.617000005841255,8.726599985287336
9.446999974250794,5.066979043988214
3.855000088065863,2.688558575882068
2.0939999648183583,1.517644713227079
0.0,0.8526844281230866
0.0,0.6884684383186045
0.0,0.5956032485974608
0.0,0.5209107932077651
0.0,0.5685113609889798
0.0,0.6098582062254493
0.0,0.5735210944922364
0.0,0.5621706379293888
0.0,0.5971282205738601
0.0,0.8248742208841785
0.0,1.2321497450960104
1.13000006377697,2.0554524274051262
11.628000074625016,7.115497764484477
27.7999990606308,16.68094016787677
38.626999821662906,25.083578337000485
17.18599972486496,28.305910367990798
16.662999908924103,26.09508383262913
12.433999792933465,22.330199357703655
7.312000208199024,19.38129519338829
14.735000363588334,15.520325826219757
19.72100054502487,10.370344794236708
17.87399954557419,6.068541323490024
9.878000148534776,2.962352328617645
3.087999983429909,1.3580681787259323
0.0,0.6609024431812482
0.0,0.5436147913900461
0.0,0.49626561508028544
0.0,0.5179853717773684
0.0,0.6522075871755239
0.0,0.38226097732538306
0.0,0.32327420483510444
0.0,0.3117245799878227
0.0,0.36673327228720254
0.0,0.4979144432659989
0.0,0.7984881666664145
1.090000035390258,2.2125390077504963
11.56899961233139,13.317959177654814
26.97799989581108,31.575534454612104
43.10099922895432,47.29240989487189
53.65399958372116,56.76161148440552
59.429997982978826,60.71625282451993
51.87899866104126,60.94843950761696
51.32900138378143,57.97301648760259
55.53699856758118,50.70229571296761
45.22499943971634,33.91900582234408
28.79899961233139,17.894515725649235
12.65500042796135,7.408569525742343
1.8540000512450932,2.468809573161594
0.0,0.5311850804985437
0.0,0.33133389227388677
0.0,0.30564712603602223
0.0,0.3268834742374458
0.0,0.35685344194005486
0.0,0.38964762629049715
0.0,0.3225545258416666
0.0,0.29240285159034524
0.0,0.3190771300934463
0.0,0.39879438293726205
0.0,0.5956424480130551
0.3119999903440476,1.660328179678383
8.253000070452691,9.57964165751595
17.193999961614608,24.65635458108827
32.9459998691082,40.364312662618225
51.40199969291688,52.025782507797466
54.94899862527848,57.881749417690706
60.09899852514267,59.39575809450106
61.327000975608826,57.62584551425
55.30199905872345,51.610519130253174
44.89700000286103,35.76400994340367
28.79099937558174,19.43282221508267
12.595999965667724,8.30492960501733
2.003999997228384,2.8500929356564564
0.0,0.6104962618122614
0.0,0.3680772042942496
0.0,0.31138519950226695
0.0,0.31768009377023687
0.0,0.33939623588804674
0.0,0.36893918269804665
0.0,0.31557214143070433
0.0,0.3041956124299992
0.0,0.35085579929956906
0.0,0.4723412896030721
0.0,0.7377207160365817
1.3640000565350057,2.1199526252481995
11.765999537110329,12.828387935369664
27.17500084757805,30.818626124329832
42.85199981927872,46.773149284819
53.26199825286865,56.747246852874234
59.377001292705536,61.02488159556759
61.055001142025,61.491232494455794
59.30800002098084,58.93279072332555
53.97400083780289,52.21407458638463
44.36299909114837,35.804562821958456
28.12700026512146,19.031298300562536
12.095999546647072,7.921708000598785
1.867000050842762,2.6501469926979446
0.0,0.5630869336679166
0.0,0.35320616974959584
0.0,0.31525333534310634
0.0,0.3314725168227599
0.0,0.35034576833744213
0.0,0.37113291813213833
0.0,0.3239387345835747
0.0,0.32765600440757336
0.0,0.3976580505723297
0.0,0.5575810706890237
0.0,0.9185907864398948
1.1789999733865262,2.487007887429523
11.15500019788742,14.77634601791545
25.40900044798851,33.848390023648186
38.24599958658219,49.464250611583786
51.57500198841095,58.33672452693038
57.65000179052353,61.76711791151409
59.59100095033646,61.59338564811621
56.84900042295456,58.11199593854153
50.62199817657471,49.91444475866401
37.94899875640869,31.90215044898706
26.548000007867813,15.66313669880684
9.631000284552574,6.206030579084517
1.6159999401122331,2.073062803509003
0.0,0.4626816154439265
0.0,0.30185123609709985
0.0,0.28975431824851827
0.0,0.3219523609967122
0.0,0.34596142671775465
0.0,0.4793291861474331
0.0,0.39300319268608613
0.0,0.3632065743814418
0.0,0.4036903137456752
0.0,0.5449748414903887
0.0,0.8428838602208096
0.5900000014901161,2.065444935768909
11.195000354647636,11.241800212663792
26.45100098848343,27.047870090750777
37.02300062179565,41.63447671559936
51.3060009598732,51.26942658194811
55.64500073671341,55.60287311220014
48.31099987745285,56.05105152300818
43.195999729633336,53.161746350720506
42.53300090551377,46.28391366688633
37.80999798059464,31.753687453367334
25.709000083208085,17.97583421548249
11.521000245809557,7.715346955319523
2.076999975219369,2.584864204611878
0.0,0.6007909369859363
0.0,0.38698895716682863
0.0,0.3449035663005231
0.0,0.36652914334482295
0.0,0.41981827823933565
0.0,0.43235971772846343
0.0,0.34064745936933716
0.0,0.29290958919387383
0.0,0.3094870883829073
0.0,0.38568989668303505
0.0,0.564709791064608
0.0499999993783421,1.4544926349552258
2.892000088244677,7.988729310724194
12.02099963784218,20.82425380191428
32.146000841856,35.12873305407237
44.62500016927719,46.97300260290649
48.00299795150757,53.753333537016424
50.45800051212311,56.11559598799991
57.73600176811218,55.03933851017806
53.90099842071533,49.64944772923671
43.65699822425842,35.27437168034439
28.107000700235368,20.132474928914206
12.364000288844109,8.955565943673207
1.875000030845404,3.130077675741776
0.0,0.6926989157489847
0.0,0.4061997853074752
0.0,0.32479954394281835
0.0,0.3205132858767885
0.0,0.35662724142254765
0.0,0.4324630592937237
0.0,0.34650909011777103
0.0,0.2969269833630238
0.0,0.3131927461529166
0.0,0.3939223056536003
0.0,0.5768311645697569
0.2149999921116978,1.4442777307105794
10.522999980449676,7.7521192636752865
22.55600100040436,20.28003743618622
33.35700047850609,34.03699440969901
49.02400069475174,45.55507739746463
55.38900137662888,52.23066030180389
58.46200014591217,54.63576635639633
55.96399965047837,53.94026734895449
49.12999818325043,48.85479042598665
40.26000116348267,34.637462387563886
25.088999193906783,19.519481721599035
10.004999542236328,8.560725839457422
1.7739999944716691,2.998695340977578
0.0,0.6836644589933519
0.0,0.40900588267492677
0.0,0.32745937505513195
0.0,0.3218109938655783
0.0,0.36077235459924895
0.0,0.4161216622865084
0.0,0.3547589629422225
0.0,0.352926900527912
0.0,0.4264940724492631
0.0,0.6006708419191173
0.0,0.9816281241360129
1.5710000205039978,2.5363455880550663
10.664999561309816,14.449952859481222
24.36100024342537,32.96255693623001
41.47600017786026,48.37698092977285
51.57199907541275,57.18167039379191
57.07099826335907,60.47120554188359
58.67100042581559,60.081426379130896
56.60900153636933,55.82983400573606
53.044001557827,46.68007936305182
43.91100111961365,29.35535060231083
28.13099935650825,15.165943960287025
11.630999906659127,6.281253550338619
1.7469999656826258,2.10375363222083
0.0,0.478363262095277
0.0,0.3108126354304783
0.0,0.3001450600916763
0.0,0.3292535156060584
0.0,0.3676064203230871
0.0,0.5559880099533412
0.0,0.5360860126384333
0.0,0.5106569286727389
0.0,0.504698325962657
0.0,0.6238586320902145
0.0,0.8595657420170624
0.6929999686777591,1.344657885274362
7.941999852955342,4.702935878914591
20.560000469684603,11.548048620981168
33.03899979710579,18.262934136790445
20.63399906516075,21.350273711560913
9.28399951517582,19.51728873993822
7.591999765038491,16.84865886375887
7.053999761939049,14.896983962450554
5.6859998437762265,11.700321005434542
12.876000036001203,7.737608250695433
13.149000155925751,4.593276186941613
5.825999878942967,2.4052461050386
1.2850000293552877,1.1993400258516431
0.0,0.6189023569100681
0.0,0.5077935958564652
0.0,0.4539460096089329
0.0,0.45429245644657557
0.0,0.5622098631500287
0.0,0.6233049425549128
0.0,0.5378485367070152
0.0,0.4658302648975929
0.0,0.43473290395317493
0.0,0.5289307104386965
0.0,0.6983902643277501
0.962999999821186,1.0996290186259536
9.829000495672226,4.094621322468371
24.478000881671907,10.291077554904462
29.62199906349182,16.325429748775793
25.89199908018112,19.90048861320323
6.098999998867512,20.0818420272769
17.213999526500704,19.7098794725493
20.655000970363616,20.59616318235835
12.812000195980072,19.17560643270955
24.616999603509903,14.759434441843247
24.958000708818435,9.486542387218801
13.877000133395196,4.943174781577106
2.6429999083280564,2.3906551539743823
0.0,1.0822303512791283
0.0,0.7831437704735988
0.0,0.5987287546400019
0.0,0.534045591942255
0.0,0.6325655041954582
0.0,0.4382577343933869
0.0,0.35655101080669044
0.0,0.3211386216194223
0.0,0.34784371048740986
0.0,0.458860289169173
0.0,0.7116262803333695
0.5970000160858036,1.7975981241931014
8.029999889731407,10.100647956140966
27.79200087785721,24.909172366947978
32.90700102567673,39.37722288470969
52.88799796819687,49.68003424739362
61.96800171613693,54.7905026384424
59.470001220703125,55.74465677106307
52.31500026702881,53.29939187135881
48.21799994945526,46.63111092312152
38.513000042438506,31.99735921772298
24.03200052022934,18.005540597258896
10.529999930858612,7.82007733571546
3.043999965041876,2.648553751947591
0.0,0.607560969659718
0.0,0.3712662761346169
0.0,0.3142740421862405
0.0,0.32367507120378763
0.0,0.3710885611799648
0.0,0.4502567963833376
0.0,0.3550555993335049
0.0,0.3184351598661183
0.0,0.35702354397175684
0.0,0.49081864858221214
0.0,0.7770584083390235
1.5750000105053186,2.0843799314773666
12.55100043118,11.93956169883149
27.542999414205557,28.332733139426537
42.131999051570894,43.432368085344066
54.127001514434816,53.58712702687622
60.19199845314026,58.38626944418843
62.59600078821183,59.288409633390444
62.04599940299988,57.18664397858792
55.8070019364357,51.30994160533902
45.801998286247255,37.19426850223696
29.865000863075256,21.93428795627173
13.458000314235688,9.613294338971802
2.6060000970959663,3.1309588661969014
0.0,0.6363357793086803
0.0,0.38589930807232237
0.0,0.3317324696343838
0.0,0.3408077061271371
0.0,0.3830377864172692
0.0,0.4063327253463886
0.0,0.33773845215716397
0.0,0.3117272295713139
0.0,0.34733995458849404
0.0,0.4644617334072429
0.0,0.7322109489796187
1.8880000304430724,1.9905726739278482
12.579000232815742,11.24029529596836
28.122000887393952,27.340122749652572
42.93000161409378,42.545855754477
52.6939999294281,53.14749167683145
57.88500129938126,58.11648758025932
59.0199997138977,58.94930920405917
54.71899849414826,56.81993662745377
50.16599905967713,50.80116219358098
39.22100148200989,35.73426598562525
24.42199922442436,20.06045585940409
10.74600016117096,8.655644345278105
1.8270000224560496,2.8852567947063155
0.0,0.6057554365560158
0.0,0.36812664517153
0.0,0.3232384176263782
0.0,0.33673929273991193
0.0,0.36903371273634833
0.0,0.44431317181978186
0.0,0.39916786630741247
0.0,0.39221892577340184
0.0,0.4474267261397057
0.0,0.6265534268242388
0.0,0.9969361589474881
1.494000052511692,2.1500397458154485
11.00100026190281,10.62629276931213
18.656999866962437,25.376340179240557
31.45999953985214,39.601718903727836
46.68600082635879,48.3899511853504
52.65400079965592,50.714013823738
39.21299919128418,48.18554360587239
48.66800145626068,40.06907889096895
40.71300147533417,28.329115278381874
23.86399965643883,15.900363792804331
10.751999825239182,8.200421089741479
6.7819999283552175,3.580831013538143
0.740999977067113,1.2731216473432545
0.0,0.4115121661882317
0.0,0.29644361731330904
0.0,0.2781988697937708
0.0,0.3098975042772449
0.0,0.37443276393977315
0.0,0.44758436783409267
0.0,0.36307147596193406
0.0,0.3392968234026546
0.0,0.3847568033291445
0.0,0.5348036627316215
0.0,0.8613453613858457
0.721999992467463,2.2325770240807414
13.254000439047816,12.818737542618395
29.576000269651413,29.808025460944357
44.68500091791153,44.693908217641706
55.294999108314514,54.01205524884826
61.85799897432327,57.920361825821246
64.00200080394745,57.78387438782434
60.58800092935562,54.142372607569726
52.5910012459755,46.3204327907222
38.03699930667877,31.63615305190392
27.257999966144563,18.278010548703314
13.608000131845474,8.043853267426465
2.754000112265349,2.6268285685318724
0.0,0.5897446927033989
0.0,0.3629516966993813
0.0,0.3235000769017186
0.0,0.338394308364151
0.0,0.38990598042943697
0.0,0.464592842771492
0.0,0.37013566854597396
0.0,0.3135819184321526
0.0,0.3207834644201993
0.0,0.39384697217415265
0.0,0.5593210147814776
1.2839999997615814,1.3099877045201538
5.289999935030937,6.741114909999249
15.754999739527705,17.622555145597325
33.881000580787656,29.945185179161193
26.92799995660782,40.87491953435219
47.262001440525054,48.05800556647408
58.02799911260605,51.38075012053658
61.31899868488312,51.435275651409675
55.34300052881241,46.51444264560584
43.58399991512299,32.608317099869396
29.573999696969988,18.34485721997179
13.594999490380289,8.18875047254299
2.852999961078167,2.95809898135792
0.0129999995976686,0.7107851708153581
0.0,0.41706455480919113
0.0,0.3254547021952198
0.0,0.31278886316868226
0.0,0.3645739983276258
0.0,0.4780375136860899
0.0,0.37493553252686
0.0,0.3205201093608108
0.0,0.3361823337013281
0.0,0.4336403770220797
0.0,0.6347279793176549
1.979000027626753,1.5666467831258046
6.78399998754263,8.419998348834014
17.069000113606453,21.394507916373733
32.49000075221062,34.931619077469065
38.19200055599213,45.82842641259871
46.20000133514405,52.29783744471407
54.27299813270569,54.892064540995165
50.762001292705534,54.496430756347884
50.91500196933747,49.94616419634937
43.41999814271927,36.873687976067615
29.158999996185305,22.016806106125983
13.649999834299088,9.869104726210082
2.1909998828172683,3.3919761542778
0.0,0.741395944230831
0.0,0.43913352555861773
0.0,0.3505148457118781
0.0,0.346470856954238
0.0,0.3949515195290365
0.0,0.4734188935683744
0.0,0.3950388953811842
0.0,0.35606337466984367
0.0,0.3750285629211627
0.0,0.48503401213326286
0.0,0.7279110408137575
1.5190000221133233,1.6073874721479466
8.885999547243118,8.069330282787377
16.944000265598298,20.358752193074615
27.71499936938286,33.310594131220306
40.28800096511841,43.03327550415277
41.32400184154511,47.72036824946578
29.376000512838363,48.703710737870985
42.24700117111206,46.04166741425026
45.0509989118576,38.76831054701117
30.96300100684166,25.243252312119413
24.938999376297,13.875681088620235
10.39500030040741,6.084429641222476
2.4140000635385515,2.136992160994464
0.0,0.5568123794254659
0.0,0.3578638886156678
0.0,0.30679093805850843
0.0,0.3181890720946809
0.0,0.3796900037810012
0.0,0.4268235569574706
0.0,0.35226364153113077
0.0,0.33488613983425763
0.0,0.39067973607198
0.0,0.5540517051412863
0.0,0.9118538850941755
2.46500003233552,2.466794918082936
13.063000178337097,13.66426354523146
27.663999143838883,31.19712935549009
41.07400009155273,46.448128640671804
51.039998736381534,56.00785419503222
56.85300156831742,60.17907163351828
59.71499948501587,60.63672016269811
58.21000193119049,57.9910450347361
55.18500047445298,51.34661379159769
43.89200184106827,36.1136684335694
30.31500031590462,20.666477927944594
14.399999949336053,8.83593970177726
3.2319998802244663,2.825045500061913
0.0259999991953372,0.5696186053149475
0.0,0.3571714569007489
0.0,0.3230210972245968
0.0,0.33909865309130804
0.0,0.37649640832964504
0.0,0.46370966500474364
0.0,0.42071538455112883
0.0,0.4205457738553125
0.0,0.48551374264772895
0.0,0.7148017227400991
0.0,1.179832483847599
2.5289998723566534,2.5131884402747513
13.39300018787384,12.048246818325381
27.74600003004074,27.480835451001823
34.680999608039855,40.906025630708555
47.06000111103058,48.414055385221594
54.07999832630158,49.6459764435194
48.09700021982193,45.80511494488893
42.48000010728836,37.814122291775504
21.995000573396684,27.261300420111795
29.148999186754228,15.812030002625656
4.80100009828806,8.275227862682284
0.3420000116340816,3.553599134540245
0.0259999991953372,1.2609605335527359
0.0,0.4305436815771245
0.0,0.3158547611004392
0.0,0.296121987575498
0.0,0.33004765860596014
0.0,0.4101075078422534
0.0,0.5413746408504814
0.0,0.43788550168700635
0.0,0.3716191009747221
0.0,0.37303038029452074
0.0,0.46421823810691687
0.0,0.6504949061826327
0.1840000054147094,1.3423986158759456
3.611000056117773,6.476621497697693
19.40700100898743,16.806675676065097
24.76699942111969,27.89871616753267
24.87800039529801,36.843232397869905
32.02900020360947,41.99811468680882
45.250998668670654,44.170627509550215
42.38000022888184,44.06080851425204
52.82600075483322,39.366602930894004
40.444998679161074,27.34299273302851
22.74999903917313,15.517928243278531
11.819999594688417,6.942433200353264
3.5809999385476114,2.5781882268851106
0.0259999991953372,0.7079914511964772
0.0,0.4481058586810035
0.0,0.35850377375298625
0.0,0.35214499245718583
0.0,0.43450004684747157
0.0,0.5382779810398562
0.0,0.4692467318917547
0.0,0.42747578798346614
0.0,0.4354225243913328
0.0,0.5515456134781207
0.0,0.7904825962488895
1.031000022403896,1.4868185342660185
4.559000125527382,6.840883854098994
15.855999904274942,17.235712925623766
30.53200083255768,27.98619861495221
49.06499805688858,34.9445115500275
47.87400003910065,36.00460659990846
32.0930000436306,33.72157471754397
21.579000586271288,28.997836845893573
33.40499984502792,21.98387468046766
24.39999908685684,14.223583526299157
16.478000339269638,8.343872268231305
11.984000340104105,4.022818180363163
2.3399999275803567,1.607149674540403
0.0,0.5751271107457347
0.0,0.40423337200619625
0.0,0.3431106984954388
0.0,0.35324243991162324
0.0,0.46493348067708823
0.0,0.45634779637040146
0.0,0.36071045352470976
0.0,0.32542318429827854
0.0,0.357039218018239
0.0,0.473171695936273
0.0,0.7386292883852472
1.2150000117719173,2.0111894004219555
9.10599989593029,11.087902090387757
31.668999819755555,26.527341293126995
43.6919979763031,41.79897906072765
51.7189980340004,52.701193396281894
57.93400095224381,57.966018640522066
64.84699833869934,59.13074582562309
63.365999441146855,56.95185597328386
57.58500166416168,50.79094208825506
47.59900140047073,36.65112097953747
31.984999928474423,22.133826607853642
15.545000200271607,10.084235612048147
3.734000101685524,3.296190362517157
0.0320000002440065,0.6522689062840631
0.0,0.3876463696164449
0.0,0.3325624947358958
0.0,0.34017207158230356
0.0,0.3769201889826622
0.0,0.4453635672058
0.0,0.358029176716519
0.0,0.3363585694687182
0.0,0.37349815906922734
0.0,0.5227331713018629
0.0,0.8553294275125305
3.2400001169741155,2.228700520097958
14.447000056505203,12.025255016952036
29.28400087118149,27.743326272423076
42.70500086069107,42.9688606100407
53.01999879360199,53.18626294058417
59.96899827241898,57.388019388485745
62.64999981880188,57.190813084173286
61.52200135469437,52.63890301632205
55.359999234676366,43.221810420435204
39.79399918317795,29.02959407729484
32.54700064182281,17.240166397421422
15.676999998688698,7.889077457044694
3.598999957740307,2.4938369568528076
0.0,0.5592647837589984
0.0,0.3533753820374329
0.0,0.31231617720481347
0.0,0.3296820997398111
0.0,0.3652645653775913
0.0,0.4738324354552659
0.0,0.387975439187007
0.0,0.35898314387241986
0.0,0.3973900321814334
0.0,0.5456405427002141
0.0,0.8718154317541413
1.3240000281482935,2.1308625995403547
12.64400035917759,10.980470131004637
29.0810002553463,25.90661066203993
42.73500123500824,40.3763151662247
53.12499804973602,50.39840766329718
60.532001326084135,54.94259448656758
52.41700071811676,55.504823264237174
59.92399976491928,52.27816020056737
55.68900101184845,44.817335849489936
46.1689986205101,30.557363526675402
29.06999915957451,17.651791470089172
13.330999893546103,7.7551136399567575
2.920999919474125,2.52988505086678
0.0,0.5702002250652863
0.0,0.36241183795506543
0.0,0.3240502202868398
0.0,0.3419549090956013
0.0,0.3914465018632665
0.0,0.5142282209525202
0.0,0.45505677263563676
0.0,0.41196761577626884
0.0,0.410210249267542
0.0,0.49851634805936107
0.0,0.6913375149186152
0.0389999987930059,1.2676122036124733
6.056000010073185,5.425969135696285
15.901999725103378,13.860887970800775
22.867999963760376,23.734368251824414
18.761999123096462,31.60161265041874
38.08000134944916,34.32150540432395
39.9440010547638,33.981631328881925
37.90800139427185,30.35274816483098
31.74699956059456,22.844806447251983
19.038000102043156,13.817160225345624
10.938999967575072,7.5697559774691205
4.489999880790711,3.6068285520182024
0.8409999838471413,1.4579336904556646
0.0,0.5159668190431266
0.0,0.36381532410859063
0.0,0.3121814006707482
0.0,0.319766023004883
0.0,0.41164449761903105
0.0,0.5067606752741829
0.0,0.43813459106284297
0.0,0.41961089208308244
0.0,0.451673035820252
0.0,0.6002293750492181
0.0,0.9135924319840804
2.419999984353781,1.8626961385342276
5.536000026166439,8.774625328752412
22.728000955581667,21.430475557844538
40.262999968528746,34.41154121423213
49.881001665592194,42.613049552546144
51.8859986114502,44.127859801146016
28.35600010991097,40.94062070196216
24.120999302864075,33.858847016632666
32.014000016450886,24.495279179027673
35.31799920320511,14.78922695872881
21.267999855279925,8.423847975718376
8.725999947190285,3.9298338079236235
1.45400002412498,1.4533897620211353
0.0,0.48879921444980345
0.0,0.3487645882150925
0.0,0.31281457586974354
0.0,0.3389631870183295
0.0,0.42239221813633565
0.0,0.4450524970727518
0.0,0.39785164499533665
0.0,0.37666708023592965
0.0,0.39292472519331756
0.0,0.5029187474385376
0.0,0.7490139927808306
0.840000018440187,1.5544290587455576
6.408999930024147,7.197018639665522
18.10299939036369,18.272910011876732
32.125999222993855,30.354053224881643
31.45299958944321,39.311745138096725
54.72299963951111,42.40965345345176
52.9090019273758,41.40324401354064
43.36599911212921,36.50447430474663
39.89800020694733,27.796066396763774
18.761999123096462,16.770486567281026
19.829000660181045,9.263888383766268
13.354000317454338,4.29506085333986
2.6869999267160893,1.5985791868342594
0.0,0.5088677335572125
0.0,0.347347964892984
0.0,0.30236688915436305
0.0,0.3152099809026945
0.0,0.38355034352741885
0.0,0.6544539242072226
0.0,0.606701365605743
0.0,0.5304046787775263
0.0,0.4722789843177614
0.0,0.5260060132581059
0.0,0.648573079089933
0.5370000055991113,0.9039197536096102
1.2139999821782113,2.9751256933173296
1.9870000076293943,7.371181646733088
3.5780001065135,11.755652133916216
8.094000243246555,13.988292814568606
7.409000254571438,13.501641825477801
24.082000459432603,13.290760017748392
16.506000140905382,13.797686164767676
16.67100014567375,12.315535486635774
7.34499990105629,9.023847496686823
5.086999832689762,5.539278682408536
1.521999982520938,2.9812142375765163
0.3099999953433871,1.5666386031985011
0.0,0.8021776160298958
0.0,0.6374134004022293
0.0,0.5388330364925402
0.0,0.4834346792420566
0.0,0.6183442250252823
0.0,0.4939757894918374
0.0,0.38499986723765856
0.0,0.3430729632608441
0.0,0.3850532351664807
0.0,0.5449788344801716
0.0,0.8886037535766547
4.117999912053347,2.3719861111451492
16.421999709010123,12.703023981894745
30.872999883890152,28.914763291794618
45.9969986653328,43.565768535354756
50.69300002098083,53.66288795834446
63.93099895954132,58.764020122531704
67.05800086736679,60.032711502914054
65.20399991750718,58.5047344575591
59.91600158214569,53.34255901573367
50.0530016207695,39.86933247248529
35.09900016784668,24.378246010938422
18.468999438285827,10.846326883203027
5.391000099778175,3.4664171091983813
0.1510000076703727,0.656420356800422
0.0,0.39483640450656343
0.0,0.3399630664852963
0.0,0.3434420368160035
0.0,0.3943073119773895
0.0,0.4440505987028735
0.0,0.36006753466363894
0.0,0.3435216630519474
0.0,0.4071629795202499
0.0,0.6023777212967878
0.0,1.0201626109069917
4.288000064790249,2.781734355028091
16.525999705791474,15.137993324767693
32.137000318765644,33.207818607080256
47.34199970006943,48.39888693901427
58.95499958753586,57.523927236326266
64.98000150442124,61.38452975252784
67.71100093603134,61.72793965509871
66.12999805212021,59.01577222933117
59.86500135660172,52.269141156050246
49.76199840068817,36.98275129392547
34.58599910736084,21.16045433713204
15.799000014662743,8.99546639313312
5.075999763906002,2.832841500499856
0.0570000019390136,0.5530201445323242
0.0,0.35209669190309545
0.0,0.3222649732136143
0.0,0.34051707051382346
0.0,0.37507990650608947
0.0,0.37685299820695073
0.0,0.32706135516722656
0.0,0.32824894214544076
0.0,0.3818833855142275
0.0,0.5205332177384635
0.0,0.8551952030916253
1.537000041306019,2.1895366075715588
8.432999748885631,11.66708328381143
21.18199987769127,27.912596135529313
43.61800143480301,43.87799691653642
56.70799907445908,54.2563554483297
63.37400173187256,58.42653857027541
65.05099924087524,58.227258683973574
62.76699840307236,53.233901056947246
49.74700026750565,42.639202468000335
30.87199959754944,25.537467562906983
15.484000192284585,13.096438498832782
10.90500050187111,5.606860377008592
3.3209999465942386,1.862780317209828
0.0,0.44175980377533713
0.0,0.2863494405293283
0.0,0.2669409276344298
0.0,0.29081198976782213
0.0,0.31742899928091667
0.0,0.603045092655224
0.0,0.5487587886263984
0.0,0.48866417027971476
0.0,0.46117637456785826
0.0,0.539228612481922
0.0,0.7010575312043704
2.6889999859035014,1.1057744685320388
3.5279999105632305,4.102441337260908
5.608999875783921,10.34972452248839
8.296999832093716,17.24175739245673
13.945000091791153,21.840425599853123
29.39999916911125,22.106283042773406
20.95199974656105,21.298077291940277
15.065000373125075,19.741854757913647
24.220000948905945,15.665067781667807
17.592999188899995,10.46076845171158
7.679000028967858,6.124515775136874
4.209000037610531,3.1085504385002944
0.1799999993667006,1.4154174227239393
0.0,0.6078243590584302
0.0,0.4618800516793725
0.0,0.3932281001567009
0.0,0.38539798723672974
0.0,0.5140340077791946
0.0,0.4581294585343619
0.0,0.3681249476306282
0.0,0.332487804087059
0.0,0.3597449516776847
0.0,0.46545948715474184
0.0,0.7243150763997463
1.6549999389052392,1.7644837788380816
5.135999999046326,8.90355921614336
13.085999575257302,22.022032299408746
33.163000385761265,36.738801832539345
44.8820018696785,48.492775689416355
48.32400154590607,54.695144030604666
49.67599842309952,56.48941818785332
57.04600137472153,54.27527349205873
55.51299991130829,47.052069442113975
39.09100122928619,31.400176006474172
23.1189999461174,17.133887665255127
16.997000036835672,7.483785219036762
7.240000131428242,2.490980787678952
0.0449999998416751,0.5288472740328397
0.0,0.3289285774128687
0.0,0.28820045545844253
0.0,0.3014204434073662
0.0,0.3374832571249611
0.0,0.6720920446402573
0.0,0.637165861591305
0.0,0.5830312019987877
0.0,0.5298478923388282
0.0,0.6044222125487517
0.0,0.7665025712976554
0.6860000182688236,1.0474279892783622
1.6899999476969243,3.157007542753872
5.414000010192394,7.584360269610801
22.87100082278252,12.052408961385861
22.418000510931016,14.031671878152942
7.346000187397004,12.66372139788454
8.913000089526177,11.493620890464495
7.622000139355659,11.075150876384196
6.777999809980392,9.408591845399084
5.658999814987183,6.987992225253281
4.686000032722951,4.457487941063305
2.4879999427497386,2.490692977693543
0.7940000050514937,1.3280337010766072
0.0,0.7235425844756603
0.0,0.6082303244736043
0.0,0.5398631883757369
0.0,0.5173347163105142
0.0,0.6510307043020156
0.0,0.6254442184212701
0.0,0.5372564916146257
0.0,0.4624788396374054
0.0,0.44660819103933236
0.0,0.5350651006264096
0.0,0.714750769876653
1.9499999396502967,1.226092172580055
8.89500007033348,5.007379901951675
14.272000269293786,12.792995874319812
17.82800075173378,20.83705198607724
29.900000615119936,26.629410122004735
28.852000410556798,29.212087064944775
27.91400089383125,30.864995536008152
29.435999207496643,32.17372592616958
37.91700191736221,29.4476099660792
46.969001755714416,20.642989249006863
23.115000854730607,11.955720715443354
9.40999964952469,5.465079420969207
1.628000038489699,2.1471501761165346
0.0,0.7095282633991736
0.0,0.48381369278177366
0.0,0.39765164108681117
0.0,0.384916095612533
0.0,0.5087004181469998
0.0,0.6110884576105848
0.0,0.44531023375733036
0.0,0.34281561857898346
0.0,0.3343513235408487
0.0,0.39825214084308136
0.0,0.5415549834967975
0.1710000058170408,1.21159231471481
4.580999749600887,5.545468977843074
13.807999888658523,14.31424477348785
29.15799970984459,24.731243688921506
32.04899976849556,35.36469677396946
36.17099902868271,43.97820593801864
45.601998529434205,49.87987466762607
48.22000052213669,52.805044676088656
57.365000288486485,50.6721855559961
48.0450017619133,39.76143544763867
35.05200108766556,25.403447776825164
17.70400016307831,12.212275797324988
6.379999842047692,4.389535698520408
0.0259999991953372,0.9637058789849576
0.0,0.5426411557572243
0.0,0.40034660696670965
0.0,0.3702505434784318
0.0,0.4402699215521445
0.0,0.5535196384484171
0.0,0.43977603402032134
0.0,0.4118425699740981
0.0,0.45140487710980537
0.0,0.647409490347171
0.0,1.0265101491332023
3.30900010496378,2.3406092375752277
16.70899972975254,11.667410724461053
32.10800023078919,26.556964960173257
45.93300087928772,40.28256456268154
56.547998447418216,48.92259227199162
62.5120013833046,51.55285669862169
26.566999286413196,49.1053972950025
27.667000002861023,42.818312742612186
21.682999556064605,33.94447423246895
28.80699984908104,23.662333918223336
33.15199928998947,15.018179721037006
19.958000626564026,7.145458637531148
6.329999902844429,2.3781262479604344
0.1150000013783574,0.6505339101111062
0.0,0.43117326437740533
0.0,0.36922357592094246
0.0,0.38464154023814345
0.0,0.45880379633207924
0.0,0.4871203727470539
0.0,0.3697988534766965
0.0,0.2971067513115189
0.0,0.2975402427094255
0.0,0.3558898879614532
0.0,0.4904330583157766
1.0860000453889371,1.156104126531273
4.548000056743622,5.503461742673585
12.816000314354897,14.531472841276987
27.65199981570244,25.453828002029802
29.990999970436096,36.744048586177
31.5459995174408,46.06141578421547
44.91199813604355,51.77749979025858
48.527998340129855,54.157486778189636
35.17399904966354,51.53231566725306
43.14200069904327,39.55958419700707
34.05499905467033,24.347863727679492
18.383999747037887,11.56096506118016
7.1009998691082,4.225439095695271
0.1600000012200325,0.9692673471657525
0.0,0.5261996670908439
0.0,0.37147833344497894
0.0,0.32946980929492187
0.0,0.3744589422714355
0.0,0.47402288306420753
0.0,0.372956091286711
0.0,0.33914207127404117
0.0,0.3682470542630941
0.0,0.5027669164095344
0.0,0.7846421702493637
4.381999765634537,1.97230790186129
17.17000027835369,10.650888349047277
30.65300056219101,25.20647776773686
41.257999374866486,39.65418416826339
47.63299881219864,49.98666706366262
48.22299932718277,54.60334934317966
58.4480002450943,54.61370685736671
46.4659994506836,50.55024538551894
30.90699934959412,42.37427415506619
29.676000148057938,30.09977832407947
37.88300039768219,19.31889504543141
20.05100055456161,9.412595473990244
6.074999802112579,3.0736800681278185
0.0939999977080151,0.6971606983529669
0.0,0.41726502415461875
0.0,0.3461640626128168
0.0,0.3487493170543114
0.0,0.396315597182618
0.0,0.47448424855619864
0.0,0.4212586279407131
0.0,0.3946487264190067
0.0,0.4108774720216212
0.0,0.5232577336416285
0.0,0.7648426413052745
0.2839999961480498,1.506404019362359
2.7270000834763053,6.8155477179484905
10.43599971652031,17.32298153194457
21.735000067949297,29.046732585318257
32.15399902462959,37.73835813366695
50.925998957157134,40.646802729037276
49.67599842309952,39.30319622400845
37.45199816942215,34.04234411540008
30.01400039434433,25.27811086169639
27.2649999165535,14.992720530004217
14.37499997973442,8.117347273968885
6.914000240266323,3.7768579775734423
2.1909998828172683,1.4571853806873138
0.0320000002440065,0.4856747972109319
0.0,0.33684234552528725
0.0,0.2932581626772685
0.0,0.30584352286642097
0.0,0.39099714878833514
0.0,0.5334003785291116
0.0,0.4635342381084227
0.0,0.42612855132421495
0.0,0.4417717284246531
0.0,0.5654371164217293
0.0,0.8302557656105449
0.7830000004544855,1.615472295953541
5.079000109434128,7.090325777977017
13.26400022149086,17.814266136369838
30.374000778198244,29.141771201896887
44.20800194978714,37.333400854874455
35.71999928951264,40.745282227755155
36.41400082826615,41.23970309324907
43.03900201559067,38.62815371850908
46.82899863958359,31.59269652021429
34.46799818277359,19.810098676682248
14.236000230908394,10.7470515416424
5.47999990940094,4.772633334109139
1.1359999845921993,1.7254183389362978
0.0,0.5105637705892645
0.0,0.3523875826360968
0.0,0.31394029674881796
0.0,0.33476985434608997
0.0,0.41865268509421705
0.0,0.517415781560148
0.0,0.39633477015573787
0.0,0.34161254307238087
0.0,0.3678485898330398
0.0,0.48067470632798637
0.0,0.73526607042228
1.7809999448806049,1.8788466580713978
9.387000252604484,9.616320484063536
24.6490005505085,23.284268770126456
31.344999474287032,37.35637790078426
28.693000069856645,48.634027522404914
41.98500009298325,55.17076987519608
40.95300036191941,57.64128450495519
53.26799997091293,56.99319040175679
54.753998246192936,52.629876607380496
47.33400151729584,40.0987576856238
34.11600008964539,25.6308171720516
18.799999734163286,12.131227428737368
6.094999880492687,4.00307602161523
0.2579999969527125,0.7518366983468028
0.0,0.4297490139549285
0.0,0.35478918603020376
0.0,0.34998820154995397
0.0,0.40382014800537724
0.0,0.43415688795804586
0.0,0.3511586876940197
0.0,0.3262643893846991
0.0,0.36868008549054776
0.0,0.49372603396803516
0.0,0.7792136157901093
3.076999914646149,2.25531140913695
14.040999851822852,12.432608147126976
29.368000276088715,29.01706596737755
43.16700169563293,44.86068315164588
53.0120006108284,55.76975820358137
57.98300060510636,60.7562038348193
53.70700038194656,61.74305014265511
46.61600132226944,59.83376983346636
56.72399954795838,54.219583674876915
46.40200166463852,40.02968549828418
32.555000878572464,24.584300110195326
18.74299984455109,11.371991117469234
5.382000090181828,3.670431577391378
0.1830000079143792,0.6681737750430957
0.0,0.3939366037944431
0.0,0.3394447623202521
0.0,0.34105398601099873
0.0,0.3672088161888821
0.0,0.41544134013239076
0.0,0.35927763255402523
0.0,0.3652617015046699
0.0,0.43362005338958487
0.0,0.6231864415081457
0.0129999995976686,1.0679290900121627
3.0980000226199627,2.536147756852573
9.645000185370446,12.21043154541088
21.015999586582183,28.005140938625864
41.513000502586365,44.11945799393178
46.59199855804444,54.46138430360307
49.92600017309189,58.02285296159596
58.46699952363968,56.994183685704094
58.54700189113617,49.45003457077593
48.60300132989884,35.34652015029395
16.83300031840801,18.917652977336218
4.747999813556671,9.3677964242443
2.662999986708164,4.070408922735661
0.1530000026710331,1.3498595694659297
0.0,0.37022204702250494
0.0,0.260541214802424
0.0,0.2554409077351503
0.0,0.2932390952910947
0.0,0.3217993888139265
0.0,0.48815840716076836
0.0,0.41658532069589305
0.0,0.40926061005109665
0.0,0.46250770414972925
0.0,0.6494977334632646
0.0439999983296729,1.0507931082210238
4.989999786317348,2.3402306498963026
14.541000270843506,11.088686333005544
30.888000071048737,25.708381869873083
36.44000005722046,40.08541960860676
44.5270008635521,49.105622319577684
45.64900171756744,51.61249421967121
44.27400030851364,49.18899527470277
44.71000191450119,41.23368526990344
25.63900057911873,30.04023312522334
25.98799986720085,18.05958961828403
13.404999516010284,10.254755060462966
5.9119998565316205,4.666347365542241
0.7129999828711152,1.5642751695051171
0.0,0.46259643455630534
0.0,0.3242343962422109
0.0,0.30077257056219836
0.0,0.33068310328180595
0.0,0.3939159682468316
0.0,0.5829246191662364
0.0,0.4917409175973335
0.0,0.41566651797161497
0.0,0.3912770398933917
0.0,0.44760105810311007
0.0,0.5808956522774366
1.4349999753385785,1.0334219997642862
4.311999748051167,3.996406930839206
6.456000037193299,10.375737092744266
9.53400023818016,17.864936019920172
19.8210004234314,24.744253001419743
28.89299982666969,29.358525040216914
26.759999092817303,33.41245217643983
24.382000094652177,36.304138675826934
42.96899840354919,33.639531006958045
34.70400003194809,23.340920859816055
19.6130004298687,13.383116284361858
12.97300008237362,6.3176745902636195
4.171999969631433,2.4811448982887825
0.0,0.7534572121752408
0.0,0.48747013974292464
0.0,0.3852569693082959
0.0,0.35964586547548616
0.0,0.4449871693925281
0.0,0.52276881064129
0.0,0.38861099703256846
0.0,0.3188906364965029
0.0,0.32780851668850813
0.0,0.40269979188176985
0.0,0.5818782558889044
0.9559999852254988,1.516581182964911
7.245999795496464,7.683127794306141
17.188000297546388,19.423939155122632
31.381999799013137,33.23384653558253
45.97099943637848,45.914049344004574
38.44300053834915,53.742034036426794
50.04099818468094,57.077795761484346
61.97300109386444,57.15107967178325
56.31200070619583,53.45391051891396
47.63400115251541,41.6636070887847
34.8759999871254,27.108517265175777
19.73700101852417,13.194179351775016
6.5390001827478414,4.48027969063836
0.4149999896250665,0.8684884495414857
0.0,0.48592900723190574
0.0,0.37555867769315987
0.0,0.3609365829997927
0.0,0.39943593876915046
0.0,0.43970114783611
0.0,0.361616698980539
0.0,0.3608683220183784
0.0,0.4371291322029395
0.0,0.642665341376329
0.0320000002440065,1.1284844672807917
4.787999970316887,2.814350913621646
15.563000219464302,13.67546668086107
28.646999222040176,30.180217656260588
42.25200054883957,46.08906555089233
51.43499887228012,56.180368638798036
56.19899915933609,60.203965114534974
60.59500087976456,60.239366494391675
58.815998811721805,55.85637482841644
50.24600142717362,45.84322304670284
41.87300088644028,28.52353663404795
20.245000647306444,14.961140883264104
7.495000232160091,6.323010381694221
1.4339999457448722,1.997737474497699
0.0,0.42729222578166254
0.0,0.28248344897748484
0.0,0.2741332162542252
0.0,0.3059337948922598
0.0,0.3344560579249386
0.0,0.7133627288229103
0.0,0.6080824874660161
0.0,0.5081675921626615
0.0,0.46408688646054413
0.0,0.5315302555484905
0.0,0.6698495152852767
0.2220000067073851,1.0183474115301103
3.588999918550253,3.5463555897568098
5.004000200629235,8.806652966665954
17.489000219106675,14.3900536772016
26.467999694347384,18.404925881934204
33.00899942278862,19.669609060376338
9.829999755024913,21.11268257802203
26.070998985767364,23.04790542754164
21.95599967598915,21.784116475680527
22.96200017809868,16.568147202386942
18.25299920797348,10.645563721168966
13.067999556064606,5.397949528476495
2.261999929994345,2.2911378893963255
0.1009999962570145,0.8688641053617312
0.0,0.609151448001809
0.0,0.48158009030827087
0.0,0.4413638695909782
0.0,0.5864238169394083
0.0,0.5445288204941492
0.0,0.4788741804580326
0.0,0.42753953073141476
0.0,0.41367938064371546
0.0,0.4849545212147683
0.0,0.6475885505452601
0.1020000017806887,1.1581241151308823
1.5630000405013562,4.491802202627628
6.003000238835812,11.5342123835546
19.372999489307404,19.945248359263974
19.27399989724159,27.2560262359245
27.75999993085861,30.835122806628235
31.32800076842308,32.66085236090671
31.76400032043457,32.43341933323287
39.486001365184784,27.33022043856933
30.852000032663344,17.44857708949868
16.850000051259993,9.749336684329274
7.023000128269196,4.666790215353174
0.9440000152215362,1.839876200767622
0.0259999991953372,0.5974290903431357
0.0,0.40818960219488803
0.0,0.34411051544504395
0.0,0.3383051117053149
0.0,0.42250130904386596
0.0,0.6632322249232642
0.0,0.5623554756295338
0.0,0.4596554776682152
0.0,0.395689510484461
0.0,0.42731444843619115
0.0,0.50327408004299
0.0259999991953372,0.7202022358070748
0.7389999820664526,2.3521974138745856
3.316000055372715,6.0038933323159105
6.46999993801117,10.002427317037832
6.379999842047692,13.21878766999883
8.332999870479107,14.788935883070572
19.507999119758605,16.912315431454484
22.649000928401943,20.577656969197065
36.7040017080307,20.71323132154805
23.416000776290893,16.044354712891337
28.440999801158902,10.278247401070104
15.674000166654588,5.5393245923210275
7.412000086605549,2.6827356246804595
1.8020000528544189,1.1643267498021337
0.0,0.8054629684523689
0.0,0.5880043087237559
0.0,0.47932066920339955
0.0,0.5640199456136203
0.0,0.4677130088187287
0.0,0.3625350849281837
0.0,0.33104169991110916
0.0,0.38307791589039497
0.0,0.5487227005895918
0.0439999983296729,0.9136656456830675
4.643000043928623,2.607722444814679
16.191000318527223,14.235180487670718
31.08300045013428,31.622377483955578
45.39699939489365,47.1615154586652
56.65400004386902,57.33263276225815
63.358001258373264,61.88663510335022
65.50500189304351,62.610505157573144
63.64200042009354,60.8893326520643
59.06100118398667,55.8675576125144
50.05499808549881,42.44131148552441
36.981999151706695,26.31946548447563
21.538999402523043,11.955876420507373
7.83200019210577,3.7597667891643853
0.7519999816641212,0.6809117253942586
0.0,0.4084204243934968
0.0,0.3491316904299721
0.0,0.3474643584673267
0.0,0.3817211815821075
0.0,0.45953767305528626
0.0,0.35250178615234584
0.0,0.33267688577923554
0.0,0.4012206181286088
0.0,0.5986901241551533
0.0380000012926757,1.0342421514338342
4.726999962329865,2.8715979638176883
16.526999992132186,16.22900936553734
32.24899952530861,35.011066606678376
47.65300043106079,50.37559107406544
58.88400185108185,59.28143096679282
65.40699847936631,62.91199998627235
66.20300046920777,63.09685838826264
61.933001964092256,60.726719008914706
59.640998835563664,54.555456425158
45.4490019607544,39.43614592129441
34.08700000166893,22.90709747605366
19.172999732494358,9.982880394931351
5.739000128507614,3.066633569134117
0.3970000025257468,0.5630464508088582
0.0,0.3450079353696375
0.0,0.309058215313167
0.0,0.32022929136141226
0.0,0.3586583659513057
0.0,0.47639302003730666
0.0,0.36410075692648036
0.0,0.3325123243559551
0.0,0.38564795519300554
0.0,0.5470383040086525
0.0320000002440065,0.8961272018511302
4.613000183105469,2.532767664391541
16.13799952030182,14.06925190827496
31.08599925518036,31.567376983407232
43.300998985767365,47.24687618210939
54.44100105047226,57.30132783368464
63.884998111724855,61.7547528001207
66.56800023078918,62.47368541460028
65.08099961519241,60.606407787181844
59.796000084877015,55.316056533018056
50.713001639842986,41.67910816827399
37.048001618385314,25.71544493387446
21.26400076389313,11.726166823629606
7.28599995225668,3.696418697669555
0.6170000302791595,0.6574939681264037
0.0,0.39226708485116657
0.0,0.3417518647248842
0.0,0.34565455284881474
0.0,0.3819705026202112
0.0,0.523857964689666
0.0,0.4327528227734408
0.0,0.38794434170156483
0.0,0.3963088742881125
0.0,0.5050834242901479
0.0,0.7390941205445245
2.190000109970569,1.5204485230799198
9.233999575972556,7.1713771297801525
15.780999995470047,18.03093343850397
20.543999996185303,30.241024812599985
40.618999207019804,39.578899633811055
44.831999876499175,43.00207665700898
48.15299982309342,42.20941915796195
40.51899932861328,37.13397010183418
34.906998593807224,28.489288397705117
21.800000194311146,18.36398422300279
11.80699998021126,10.836423408312854
10.395999559760094,5.234504807923553
5.73500001013279,1.9078231005801278
0.2820000011473894,0.5613388034552668
0.0,0.3686321139630335
0.0,0.31075514806431764
0.0,0.32259120050321
0.0,0.4043643731991193
0.0,0.48605845088419974
0.0,0.3733531723626591
0.0,0.3355415689092246
0.0,0.3757385948715323
0.0,0.49803357362659884
0.0,0.7984476726568082
2.3309999179840086,2.164547723672553
12.674999992847445,11.199341288706636
26.55399967193604,26.313130097679885
42.651001830101016,42.153633260596735
49.826000294685365,53.80072001571586
59.08799864530563,59.48938243413507
64.02899826526642,60.92468313020192
63.953001151084905,59.07083915422045
58.50300161600113,53.289687908909634
49.25299848556519,38.88479359907682
35.805001034736634,23.55651153159945
19.057999666929245,10.835422500870473
1.77799998447299,3.4827101951353416
0.0,0.6171184983716619
0.0,0.364560305771553
0.0,0.3214173890056416
0.0,0.33003102114664895
0.0,0.36245876259299875
0.0,0.5030278161351496
0.0,0.4296807221452468
0.0,0.42876347772756745
0.0,0.5020176908766472
0.0,0.7193664802456501
0.0,1.1736894101986817
1.8140000228583808,2.5667173535710344
6.729000157117844,12.301570802124658
28.38999957561493,27.779479235087962
42.12099795579911,43.00225725833279
52.93599938869477,51.97700827025159
59.603000278472905,53.711837377875334
59.802001802921296,49.751202102933796
24.537999576330183,37.802690825164476
11.116999586820604,23.838969602809573
7.192000251412392,13.127788863978587
4.137999990433455,7.27700239130132
0.8079999700561166,3.394089697620614
0.0,1.1530458392062777
0.0,0.3933514738458441
0.0,0.29062273843569303
0.0,0.28128652782264035
0.0,0.3230834662492198
0.0,0.38777790072915624
0.0,0.6593757582108335
0.0,0.597393451899989
0.0,0.5217058549152686
0.0,0.461605149781773
0.0,0.5126526538198384
0.0,0.6280796181302173
0.0,0.9012149278289567
0.447000005915761,2.9117032257205473
1.7219999960809946,7.261560910111404
3.5829999977350235,12.077434932408124
11.006999925971032,15.247637336694702
13.749999712705613,15.37504498034246
18.625999206304552,15.336413831790297
22.063999791145324,15.444251403459795
15.839000171422958,13.185606857831099
14.035000187754632,9.412706656375637
10.546999663710594,5.813571990950487
5.750999970138073,3.201431620513241
0.6589999894797802,1.6016649423446074
0.0,0.7614327593174391
0.0,0.5918548433138673
0.0,0.49024304165444516
0.0,0.44700701637767026
0.0,0.5641380044526461
0.0,0.5898953916146235
0.0,0.5116020261301656
0.0,0.4435814848064135
0.0,0.41077770256398327
0.0,0.47244649409506034
0.0,0.6128483985296203
0.0449999998416751,1.0166361767186687
1.2919999797642232,3.768127749170333
3.315000025779009,9.65106471791487
9.398999580740927,16.363444037952245
26.434000228643416,21.716786609042966
50.23799913644791,23.831187192041966
45.70700189352036,24.962654825057513
37.11399997711182,25.380791147195694
27.26899900794029,22.07394839517646
31.20600075244904,15.333958872813398
23.450000241994857,9.292100274673729
13.767999731898309,4.736625637434495
4.380999992787838,2.032630696793573
0.4340000063180924,0.7546856891552567
0.0,0.5185152865864774
0.0,0.41092760354888486
0.0,0.38288279501477684
0.0,0.4927834967106804
0.0,0.5186336505601988
0.0,0.38508123028176977
0.0,0.3392067232599837
0.0,0.38067674767434034
0.0,0.5295582684334552
0.0380000012926757,0.864297195475763
4.371000210344792,2.4714327449036118
15.650999742746354,13.025033090150735
30.570999675989157,29.187121143611165
45.43699852466583,44.76269395478252
56.43099986314774,55.74323605105123
63.002002019882205,61.04812534652062
65.49999840736389,62.32659078178321
64.28100058794021,61.03047354397046
59.26300151348114,56.602014729403294
50.81800089597702,44.35434374135981
37.97399975299835,28.955557424366127
22.92399956703186,13.797611039149029
8.913000089526177,4.379477723642141
1.0779999370127915,0.7452855704755661
0.0,0.43327073181797476
0.0,0.3623699255298551
0.0,0.3562317672753649
0.0,0.3937438217338674
0.0,0.5103928058940868
0.0,0.38176236678241493
0.0,0.3380858907961461
0.0,0.38227178646090937
0.0,0.5330314009138158
0.0320000002440065,0.8614013723033963
4.649999994337559,2.4584946959309804
15.690999899506568,13.009557186349937
30.367000827789308,29.32232007809116
44.25599926233292,44.96340267089759
55.94500037193298,55.89865068218969
62.95400059938431,61.12884436971828
65.94799934148789,62.370856027904
64.75099960565568,61.05651339118143
60.25600034713745,56.62305401174838
51.46099810123444,44.36371315673858
38.69600109338761,28.957634438927347
23.416000776290893,13.831040892349536
9.146000052690509,4.403695705013618
1.1120000445842744,0.7463088636067412
0.0,0.43377584481462594
0.0,0.36377138255210906
0.0,0.3576757466401117
0.0,0.39413784007633157
0.0,0.5118525702027819
0.0,0.39175666680476295
0.0,0.3560184206578303
0.0,0.40000707351348064
0.0,0.56222075681626
0.024999999689171,0.9261447100565774
4.274999936819077,2.314159694608342
15.23300020992756,11.539863834360762
29.809999492168423,26.366593375805326
44.19099913597107,41.622840560001684
54.8979983997345,52.48494325640884
48.68400192975998,57.55190089946655
46.89300053358078,58.32754464200289
53.346999998092656,55.20420639205774
55.5710000872612,47.417831838132805
37.72200153827667,32.88228630773815
34.07799947857857,19.59558865391461
19.118000415563586,8.94136767980515
3.361999876201153,2.79116189269541
0.2160000056587159,0.5597844418182872
0.0,0.3495574322654824
0.0,0.31508276029595333
0.0,0.3335706638408662
0.0,0.3759488162101425
0.0,0.7738212893945092
0.0,0.698576436719607
0.0,0.6212681136779903
0.0,0.5874242101363667
0.0,0.7129283958778787
0.0,0.9459127644068308
0.7620000208541751,1.360713556681493
6.752999840378761,4.364288874540077
21.115999464988708,10.286746488382448
34.9419983458519,16.242587423819476
39.95899918794632,18.861628128555715
30.15100059747696,16.946446420173462
19.061000525951385,14.937133400874005
5.800999909341336,13.009748843317956
5.752000256478786,10.372895459138064
6.686000168323517,8.031120482066038
3.473000080138445,5.358542974198004
3.2660001161694527,2.9560806303246956
1.13999997459352,1.4021595232056892
0.0510000008903443,0.6748316052108313
0.0,0.5502866482889155
0.0,0.4818596225804114
0.0,0.48923690289854577
0.0,0.694323034264878
0.0,0.46808890301559525
0.0,0.37376346883982636
0.0,0.3596306278844746
0.0,0.4230092291024684
0.0,0.6035941613579142
0.0,1.001714477408681
3.874999909698963,2.60428644020046
14.553999885320664,13.292813675547109
28.960000525712967,29.845467582217974
42.59499811887741,45.7699845337978
53.0810018825531,56.0571961294401
58.68900147199631,60.12061834192626
60.97499877452851,60.10163437768516
55.99800117015839,55.95668166416273
32.87399979233742,46.85987391263284
44.631001887321474,31.093812605868113
20.560000469684603,17.86289416484038
15.487000024318696,8.101947975361766
6.295000150799751,2.54345374201433
0.5080000139027834,0.5240992015726317
0.0,0.33165015631955064
0.0,0.30900280317907247
0.0,0.327358425439181
0.0,0.3595322309643094
0.0,0.5688930138624897
0.0,0.44553624254795143
0.0,0.3541561348772224
0.0,0.31837037602942686
0.0,0.3558636462607503
0.0,0.44494080856087076
0.112999998354353,0.8202306271021209
2.028999966830016,3.318449588915863
7.7769998481869695,8.77482478287397
12.408999823331833,15.428528575910414
16.434000064134597,22.325028650783107
31.614000502824783,27.757746086787172
43.54699959039688,32.15553478712445
41.93899924516678,35.683587162627674
34.174000265598295,33.639821824120666
29.411000264883043,25.0024646702278
28.626999657154084,15.869917087563548
14.559999549388886,8.387478725591519
9.38000030219555,3.590637146344409
0.8519999884441495,1.1643667812275802
0.0,0.6783156655811491
0.0,0.45287492426979875
0.0,0.374430127574237
0.0,0.4477204700209393
0.0,0.5192153267236801
0.0,0.3771476984678096
0.0,0.3012921976178764
0.0,0.30590256370039887
0.0,0.3679661851891712
0.0,0.5116664270163657
2.24900005877018,1.31132812425536
9.50900026857853,6.417856925568769
20.378999991416933,16.691648152035725
31.09399949193001,29.60042940720326
42.32900000333786,42.75769642991374
49.744001462459565,52.154637644666096
62.73199865102768,56.64827867745898
61.52299958705903,57.71100376412814
58.04100078105927,54.78145189115087
50.79500047206879,43.470011739281574
37.69700054168701,28.320486129938736
22.89599976539612,14.104946743136608
9.190999587178233,4.983038234429849
1.1139999753981829,0.994843590259533
0.0,0.5275958520952824
0.0,0.37442000114386503
0.0,0.33285196154643537
0.0,0.36858099682939316
0.0,0.5144659000783581
0.0,0.3900248378932002
0.0,0.33959696645296783
0.0,0.37414771415458753
0.0,0.5054768824916017
0.0,0.8045385709035879
3.5369999201595785,2.097762556776489
14.269000437259674,10.123540471046548
23.883000988960266,23.935012001702027
30.41999957203865,39.25910169517405
53.40000079631805,51.558676367148635
61.06299932479858,58.1134388784331
64.01199955940247,60.13489716436594
64.14800153017045,58.92088442184295
59.34500034570694,53.88307022727073
49.78999820232392,40.1660384943676
35.87200173377991,24.401297967317255
20.781000077724457,11.204366061713484
6.793999769985676,3.636528197012958
0.8310000088438392,0.6423977504877768
0.0,0.38498394350662435
0.0,0.3305203203951097
0.0,0.3305553442783471
0.0,0.3645988517905752
0.0,0.6561966472133104
0.0,0.5246096482304831
0.0,0.426926984740572
0.0,0.3943332552114139
0.0,0.44719875114788454
0.0,0.5622243917433051
0.8770000222325325,0.9429281212003653
10.632000381946565,3.597968443547768
19.82399922847748,9.316895806276005
20.091999970674514,16.23070118717679
8.615,22.53462907438975
10.496999724507331,26.72840346637319
14.846999570131302,30.454489113216354
19.90100073695183,33.809947805660265
46.52500196695328,31.773905562540445
27.09299996137619,22.722752572789894
15.541000081896785,13.432558396832466
16.62299975216389,6.643169665608689
8.35700006723404,2.7253819755533715
0.447000005915761,0.8664354073689632
0.0,0.5526687632015572
0.0,0.41834474185619674
0.0,0.3778526594944663
0.0,0.48114982150634944
0.0,0.6997157737262976
0.0,0.5612121108030123
0.0,0.44949784514781077
0.0,0.4064587193666776
0.0,0.46830204514242163
0.0,0.592666982065411
0.3820000079274178,0.9693154946107946
2.476999873965979,3.6294780436186245
7.0930001458525656,9.237032060208803
10.086000142097474,15.545429028234292
22.428999552726747,20.787641833874005
28.342000209093094,23.581971672638034
25.2249991106987,25.909057865569384
29.199999412298205,28.323399709759855
31.754999797344208,26.82840226810781
29.88400014162064,20.388968167993546
29.43799978017807,13.077827743052143
12.461999594569209,6.689372956003465
4.790999802350998,2.817565110536798
0.2149999921116978,0.9838390536295125
0.0,0.6446360188052969
0.0,0.4757668232203658
0.0,0.42208049579642853
0.0,0.5521935923541711
0.0,0.7823237277860137
0.0,0.5487610292657209
0.0,0.3827414609044831
0.0,0.34802393626758155
0.0,0.3832259085654228
0.0,0.46911380485957427
0.3749999933317304,0.8807504747225267
2.2860001267492773,3.280319553549696
7.516999856233597,8.480356417965039
14.046000256538392,14.852317686959303
22.82700054764748,22.37735420218381
26.670000023841855,30.292522238446306
22.331000247001647,39.11901907965473
43.93799858093262,47.32870910309875
57.67899982452393,48.98989180175724
48.41700147390366,41.21415921490681
36.349000701904295,28.60654931689911
22.9840003156662,14.920552115930997
9.539999902248384,5.868110217745418
0.9350000056251884,1.5289107966189586
0.0,0.8286723116839276
0.0,0.5338428551845014
0.0,0.43465462915064523
0.0,0.5384217002304551
0.0,0.5075569337756026
0.0,0.3933331985573832
0.0,0.3581975675632207
0.0,0.4057642660047648
0.0,0.5525478069468917
0.0129999995976686,0.8831940041465469
3.334000074565411,2.3929174372378936
13.354000317454338,11.904420071245559
27.317000428438188,27.32025701613764
41.16000006914139,43.26524424080649
51.77800055027008,54.81371331155096
58.44899847745896,60.26858893960569
62.796998777389526,61.555502954839994
62.40300098180771,59.67416954365884
58.40399996995926,53.98630594035631
49.72199927091599,39.77479162283302
35.512999582290654,24.21046943725386
17.440000566244127,11.21818079538631
4.0329999640584,3.656737302772079
0.5430000226944686,0.6385132624640597
0.0,0.3845016097712444
0.0,0.3432686981371047
0.0,0.35034628096040804
0.0,0.3808346642310356
0.0,0.4712495151693665
0.0,0.36840372448347225
0.0,0.3393789062190477
0.0,0.37595162808848076
0.0,0.4912936156557234
0.0129999995976686,0.7677979733800273
3.680000044107437,2.0195560680118314
5.621000230908394,10.056762816440525
25.78300073266029,24.109369158316788
40.02399931430817,40.210581355132305
51.83800129890442,52.723107044657574
59.05299889326096,58.87907475914611
60.26900201559067,60.40624949568316
59.22699942111969,58.36864333343027
56.29899903774262,52.000627877578545
48.5270001077652,36.75387667487028
32.63900028347969,21.262337421072843
12.465999712944033,9.63757336012003
3.406999924182892,3.159669395968974
0.28499999364838,0.5922830046212764
0.0,0.3633085963896263
0.0,0.3198607378876986
0.0,0.3302885842251639
0.0,0.3486172817924578
0.0,0.7785514318359936
0.0,0.7380180188588706
0.0,0.6623806445336534
0.0,0.5759854733872329
0.0,0.6294026135295466
0.0,0.7600018944052008
1.954999959245324,0.9525117118651999
12.469999831318855,2.5423754609270475
13.308999755978585,5.895475308684422
10.168000001311302,9.30790403282824
9.015999799966812,10.722324048105225
9.344999523162842,9.562032250796404
6.220000241994858,8.952665419058334
9.2760003054142,9.019710768117665
5.536000026166439,7.999250668189235
1.2370000209659338,6.245655753251074
0.2890000157430768,4.148763093655225
0.1140000038780272,2.4292665581802604
0.0,1.3364871111678227
0.0,0.7577705403537324
0.0,0.6570618422145309
0.0,0.5950951306902946
0.0,0.558570959383884
0.0,0.7032544107193999
0.0,0.7060089280565316
0.0,0.5968759240997106
0.0,0.49043615709787136
0.0,0.4291488545764611
0.0,0.4773962985842228
0.0,0.5817700616097063
0.0,0.8530315564313511
1.5540000309050084,2.821381364299204
7.278000229001045,7.103027622328883
14.046999515891075,11.741473456224544
21.09900075912476,15.257792473573648
28.33999963641167,16.766439535624837
32.07099990606308,18.517278183637192
35.0270000910759,21.302869020058278
18.47300058364868,21.04436724587717
23.38500011563301,16.3216623756788
24.67700035214424,10.476927974680088
15.5649997651577,5.528501249965463
6.333000248372555,2.567674982676784
0.8039999800547958,1.0694341473460343
0.0,0.7462174229919148
0.0,0.5635474471691425
0.0,0.48453190743449914
0.0,0.6076686091076552
0.0,0.5810194996835529
0.0,0.4266284323396512
0.0,0.34449019582137536
0.0,0.35765215994981653
0.0,0.4492161614650931
0.0,0.6416177646708384
3.4429999625682832,1.5831810827229185
13.881999511122704,7.608990969208142
21.48099922657013,19.057332401526537
39.82600013017655,32.00886836069977
47.876998844146726,44.10779281567645
41.661001801490784,52.66208841864096
58.86199965953827,56.93403429969559
62.47599929094315,58.089288341739525
59.69899901151657,55.61866121479721
52.09400065898895,45.16098806099759
35.213998179435734,30.366601632891673
24.16200077295304,15.083941481314774
9.908999782204628,5.199049382797367
1.5569999913126231,0.9967023614750067
0.0,0.5503652059519324
0.0,0.41075227621576615
0.0,0.37955142734296066
0.0,0.43382682929541716
0.0,0.4676444064253038
0.0,0.3707526523258757
0.0,0.3635343106213856
0.0,0.4292511983339527
0.0,0.6177463932920385
0.0,1.0294675434471445
1.6500000476837158,2.485666020013289
14.336000109314918,12.725368271030266
28.2119999563694,28.91811586111075
42.287000300884245,45.2820627140034
53.66399833917618,55.492141422087364
60.60000025749207,58.69487998470488
62.452000634670256,57.02091631215691
56.72199897527695,49.00143736538366
28.85499921560288,35.20645545650537
23.56799911260605,20.718894910007272
11.99100029051304,11.532582614972968
22.4330006980896,5.3354016426378275
9.460999875068664,1.6725124043427768
0.8620000276342035,0.42389675964725154
0.0,0.2844872124597079
0.0,0.26946444669318775
0.0,0.2992312909617219
0.0,0.3400615055399262
0.0,0.581266888571371
0.0,0.4290372843190054
0.0,0.35031801119515527
0.0,0.36383777939698686
0.0,0.45250200744987773
0.0,0.6541027410304654
2.218999941200018,1.6768255449936473
11.999999786615373,8.371785501388871
25.0899994802475,20.685005559627474
33.54099976181984,34.306468022815
37.17999833583832,46.4126475681487
38.26699943780899,53.99574716775932
41.12599854946136,57.285196781257575
53.8810009098053,57.703981279851085
59.94400138378143,54.827324064330654
52.163001930713655,44.20476916330561
39.716001496315,30.27261819963584
24.706000440120697,15.314581276470095
10.399000418782236,5.225723545330297
1.5800000301003456,0.987717436741655
0.0,0.5388706733211085
0.0,0.41329143253651307
0.0,0.3905413657993975
0.0,0.44550386777423934
0.0,0.45647793393087255
0.0,0.3547378875686161
0.0,0.33045990478480475
0.0,0.3685277512969572
0.0,0.49148738408325665
0.0,0.7881209367811346
2.7839999730885028,2.2187096144605976
12.701000248789788,11.78542391022205
26.8240009868145,27.429378012670085
42.6910009598732,43.63168103296416
54.77600043773651,55.063519427539845
61.92000029563904,60.13051780112578
64.17200018644333,60.843615694730175
58.48599880218506,58.077672246814096
49.212999355793,50.95699986919806
37.03799875497818,36.29909874750898
28.654999458789828,22.37524011851639
20.944999796152118,10.767783101863124
12.611000152826309,3.4080618398644273
1.9859999780356885,0.6326658758169633
0.0,0.37080303817801763
0.0,0.3220811069567739
0.0,0.3268902019281364
0.0,0.3508678337323467
0.0,0.5180500119014696
0.0,0.3847590202125152
0.0,0.3337603524365282
0.0,0.3646507206935276
0.0,0.4868101906569898
0.0,0.7451421609855126
2.837000001072884,2.134474693370077
12.978999746441842,11.160666967931085
27.33699999332428,26.14155786299902
41.66699941158295,41.84575297389436
52.94000053405762,53.93259414135539
59.96399889469147,60.03727830284963
63.02300187110901,61.713732278832865
62.45700001239777,60.6519927588796
58.8689996099472,56.497495810219355
51.09299953460693,44.718326266926
38.76600059747696,29.700208326427152
23.679000086784363,14.739582794767468
10.026000420451163,4.835143507294042
1.5360000117123127,0.8400045289220044
0.0,0.4781658592670793
0.0,0.3846510466370556
0.0,0.3688107563513809
0.0,0.3981041628803342
0.0,0.4275001131866816
0.0,0.34045700511314286
0.0,0.3291196540684088
0.0,0.3785942230323511
0.0,0.5226601117445593
0.0,0.8798754255513073
2.658000095486641,2.3985046641913446
12.457000216841696,12.369529465368387
26.14599992156029,28.416865409273555
40.32100014448166,44.83036196952524
51.96100160121918,56.007026620257776
58.682001521587374,60.611040538403444
60.80099824666977,60.80123409689885
60.470998237133024,57.28121575311729
53.683999958038335,48.77911106091953
29.74699993848801,32.58190754054209
21.233000103235245,18.544376807931336
19.328999214172363,8.505936827213272
10.56199985086918,2.6613775905141908
1.2190000017732383,0.5272802044935386
0.0,0.32229195752477247
0.0,0.2890023782793506
0.0,0.30231006486653195
0.0,0.3249481253267779
0.0,0.5155036751898963
0.0,0.4187757397044536
0.0,0.37684112825261146
0.0,0.4039631449144426
0.0,0.5344327688237921
0.0,0.8373800738737087
1.99399995803833,1.8969510462525667
12.985999696850778,8.243264534913049
24.811999982595445,19.773657576921483
31.9259994661808,32.88865915502458
38.039998111724856,44.218058858567645
42.35299865961075,51.30208464681436
49.88699927568436,54.30369715510701
51.908000802993776,53.48823129963975
52.33100074052811,47.8270971933972
38.34000185489655,33.10098168935028
20.6989991915226,18.596279885829112
9.043999601602554,8.212637350098415
2.180000070780516,2.751582460238469
0.1140000038780272,0.5619683647099333
0.0,0.35363190119107835
0.0,0.31326957133746525
0.0,0.3235094208113218
0.0,0.36882906463164145
0.0,0.5024987927296902
0.0,0.37503949380282503
0.0,0.3060086278085504
0.0,0.3006497480033737
0.0,0.3554589605520284
0.0,0.48754057292112946
0.5319999860040844,1.2078453376409997
7.471999808251858,5.911225316610391
15.790999777913092,15.4329366195949
25.423000348806383,27.43628298999311
40.42799997329712,39.81362301074493
51.01300127506256,48.26052383955025
41.06799837350845,52.03346023105044
46.844999113082885,52.33147861202143
56.29899903774262,48.157944280141024
46.81499873876572,36.63083155283866
38.86199933052063,24.258163193013004
24.65899930596352,12.721086236265666
10.578999583721162,4.65396411511385
1.4770000629127027,1.039707301231905
0.0,0.543402614700491
0.0,0.3786067604471134
0.0,0.33641872307070786
0.0,0.3774187562755075
0.0,0.5295365228071226
0.0,0.3854986819117747
0.0,0.3313248360683765
0.0,0.3630757178074563
0.0,0.4801036503587509
0.0,0.7403605240024891
2.607999899536371,2.122972332239384
12.673999706506727,11.014111178180098
27.05200054526329,25.75368525182935
42.01900161266327,41.49722111767281
53.75699826717377,53.78514659136672
61.74500153541565,60.120677899464326
65.46400042295456,61.93872165186136
65.40699847936631,61.0736571231958
61.08699798107148,57.2568214747609
53.058999691009525,45.93001651072138
40.569999554157256,31.086416982471185
25.12800009131432,15.597607439731433
10.633999927639962,5.1013035927612025
1.6829999972879888,0.8639025858384585
0.0,0.48419305653395367
0.0,0.3863618834539809
0.0,0.368138436748855
0.0,0.3988274434831704
0.0,0.5361707704650143
0.0,0.38872318474725753
0.0,0.33485061746970785
0.0,0.3691793057220998
0.0,0.49655825135352205
0.0,0.7806434358285207
2.678999946713448,2.271662292285659
12.86099984884262,11.701541115782677
27.10599957585335,26.89255715906014
41.94000158548355,42.665843011674596
53.144999668598174,54.63485860432909
60.007000937461854,60.61073779558785
63.38100168228149,62.27466975824619
63.43700128555298,61.32630315146868
59.65699930906296,57.456640417421
51.83400015354157,46.15499750472608
39.7980003285408,31.50466948141863
25.02499935388565,15.851365820143396
10.643999710083008,5.1472635945395115
1.7559999752789737,0.8503335056547451
0.0,0.47137193237326747
0.0,0.3826332708540515
0.0,0.36323872864976153
0.0,0.3985306132864027
0.0,0.524226225809512
0.0,0.3838427676369678
0.0,0.330590052182696
0.0,0.3561196833690887
0.0,0.4663133392180683
0.0,0.7157106851193475
2.579000068306923,2.1064687172686156
12.44399957537651,10.693515038762197
26.45899917125702,25.113197306265175
41.3030019903183,40.9000137058675
52.68699997901917,53.4992407719104
60.47499938249588,60.01501811035003
64.54199932575226,61.96134536631436
64.5410010933876,61.17965338539823
60.55800055503845,57.378206254400396
52.40700196266175,45.98823557340501
40.24699949502945,31.181039211495758
25.013000025749207,15.726548152871894
10.607999671697616,5.200633801004751
1.7660000144690275,0.8681034849205321
0.0,0.4790461525127386
0.0,0.38250192792264953
0.0,0.3620043918831216
0.0,0.39065623819392736
0.0,0.4847650868130787
0.0,0.3684512524384923
0.0,0.31931559200270476
0.0,0.3370976599790609
0.0,0.4280125928122754
0.0,0.6313966942920984
1.7710000340640546,1.836265061739596
8.918000494241715,9.349154650888783
24.115999925136567,22.872084929961673
37.08300137042999,38.404842222946556
50.872998158931736,51.63671551095827
58.91200165271759,58.79103338909018
62.910998556613926,61.07504884654506
61.92200086832047,60.442138168761204
57.32799996376038,56.62464908341002
50.40400148153305,44.90050785990238
38.92299831151962,29.778910793928894
24.28499902129173,14.882494157407216
10.41399957895279,4.99018984999492
1.749000024870038,0.8931525319838204
0.0,0.49209387448176933
0.0,0.3825769540794228
0.0,0.3601650366136089
0.0,0.3813638339939741
0.0,0.45710426403322524
0.0,0.3523231925595083
0.0,0.3128060972835953
0.0,0.34581810591756007
0.0,0.4640652951297394
0.0,0.7292730471143778
2.159999992400408,2.2048046837808517
11.852999801039696,11.789442915052998
25.84299942731857,27.545308643302388
40.53099865674972,43.414207817408936
52.43599999666214,55.38512427447007
59.917998046875,61.209668379192465
61.92099852800369,62.57371683844374
60.277998430728914,61.63731921947097
56.17399816274643,57.9037069413204
48.78299946784973,46.06841797898393
37.49900135755539,30.388595763239792
20.877000864744183,14.929624270319382
8.547000041604042,4.913114925382728
2.1909998828172683,0.8529122176767892
0.0,0.4751379505760705
0.0,0.38408572972469057
0.0,0.3696132178828195
0.0,0.3949856518479985
0.0,0.7447368173283163
0.0,0.6186233427747349
0.0,0.5513790854249131
0.0,0.5525093736422938
0.0,0.7186557123423867
0.0,1.0097550513739233
0.6349999852851034,1.7281718746337122
11.27300009548664,6.459991374607286
22.86200029969216,15.512469865815849
30.98200028538704,24.898016554284897
44.69000029563904,31.28177058917584
33.42800026893616,33.20956112746226
33.97799960017204,33.18425136506717
40.56700074911117,31.66459738038162
29.652999724149705,27.244491355946714
28.99299970507622,19.569836889605543
25.28100076794624,12.211377024537281
14.513000469207764,5.858914642751771
2.2459999699890614,2.114325922270101
0.0879999966593459,0.6787266114343699
0.0,0.486870282318403
0.0,0.4202539591782115
0.0,0.43621362335579106
0.0,0.5755460051881057
0.0,0.763179804292063
0.0,0.6434785246419028
0.0,0.5346363670491406
0.0,0.46998779608202745
0.0,0.5349745195441507
0.0,0.6593329004939197
0.1289999984763562,0.9372670674221457
3.651999985724688,3.0549734989088773
14.6160001796484,7.565240503659027
19.33900002360344,12.47018346121755
25.18600026726723,15.708402092319202
17.777000526189806,16.16328664300181
19.765000820159912,16.76096515933763
19.845999366045,17.865399345724352
26.59699966073036,16.645899943918312
26.27700046062469,13.078540314076342
21.28099946975708,8.602156789171765
8.047000136077404,4.636826146810623
3.06500007301569,2.167820855010539
0.922999971434474,0.9292743650811762
0.0,0.6777179681074157
0.0,0.5314509896119277
0.0,0.4794396795827119
0.0,0.6345725682483024
0.0,0.4657351673962356
0.0,0.3461796368903178
0.0,0.30237020951225096
0.0,0.32170762693198207
0.0,0.40809972482015333
0.0,0.6049534063472326
0.8640000226348639,1.7364677043563814
9.484000298976898,9.290763719470041
24.719000054597856,22.794712117271864
39.17700120687485,38.551471873936435
51.1920011806488,51.67659025626834
58.9170010304451,58.391824998828675
63.35600068569183,60.13718106268479
62.62600116252899,58.647859805008956
58.527998504638674,53.53522545268791
49.86300061941147,41.19762380439432
41.764998717308046,27.56612175602696
25.197999595403672,14.230174463375475
10.270000452399254,4.751960823816557
1.4699999841302631,0.8919756729839573
0.0,0.48103524154057525
0.0,0.3720177073489754
0.0,0.3497411771862622
0.0,0.3672885724936501
0.0,0.6067328694400334
0.0,0.513215293223296
0.0,0.4841225275585004
0.0,0.5299723609211504
0.0,0.7055422448888639
0.0,1.0491762910198554
1.7679999452829362,2.067867541688208
10.785000031590462,8.821664137227147
22.654000306129458,21.332713431144832
34.3659997856617,33.83496448146352
46.67599796295166,42.38053317235262
20.511999049186706,45.43750108834717
14.417999968528749,45.30399895404118
18.83399919986725,42.711813828742876
43.85399917602539,36.63108030780229
48.652000982761386,24.530682093034116
19.578000677824026,14.367446205532676
20.46000059127808,6.451088553127178
4.289000094383956,2.169203790512379
0.1510000076703727,0.5671829637263391
0.0,0.3886944486781114
0.0,0.36286846675782425
0.0,0.3905482305537755
0.0,0.4757017783184021
0.0,0.48452166858156775
0.0,0.40077922877559113
0.0,0.3647444389076795
0.0,0.3741044804393835
0.0,0.46614266391289993
0.0,0.6858178175045013
0.2699999990500509,1.449541535885759
4.758999882340431,6.284920686277057
12.801000127196312,15.908116176358108
17.8219990336895,28.311598939232525
35.41000089883804,39.53736908755168
42.04799964666367,45.43244528876085
45.97300000905991,46.87119105847305
53.4490004491806,43.19888538901782
38.36600108385086,33.92228503069509
39.62499803304672,20.376787329109007
16.64600017607212,11.254881986702792
2.697999995499849,5.364087150892967
0.2110000021103769,1.9208121094009087
0.0,0.5115891448167076
0.0,0.3295579865801085
0.0,0.28724401664057864
0.0,0.29621063965747735
0.0,0.34975333481764936
0.0,0.568204608035157
0.0,0.3981267723538041
0.0,0.29612850690530124
0.0,0.28145115374533936
0.0,0.32588949467111583
0.0,0.426333207050245
0.0950000032316893,1.0606298215194996
3.3510000641644,4.786971853956066
6.7580002450943,12.84020416565162
14.685999683737757,23.61393753756562
34.524001893997195,36.36822148600592
46.19800076246262,46.82931374503445
56.6230014371872,52.97953078772334
56.14799893379212,55.96567256985656
62.389999313354494,54.5402133786981
53.7300008058548,44.69444456609162
41.95000034093857,30.191165164101644
25.3919996881485,15.61212973708693
10.99300002515316,5.860614456228812
1.9899999680370093,1.3103616813976688
0.0,0.6760914830232776
0.0,0.43703784658046685
0.0,0.36683478636266365
0.0,0.40925566648964024
0.0,0.5691151435373392
0.0,0.3997706254107882
0.0,0.3153619248251921
0.0,0.31867852260599683
0.0,0.39082148666710975
0.0,0.5545283549254044
1.359999938160181,1.4818326087160867
14.23699949026108,7.467602921863224
22.606000939607625,18.933654477722897
29.557000991106037,32.84039723346349
50.927999529838566,46.066422325055925
54.494001848697664,54.55141189160956
54.56499958515168,58.20286275560697
55.433999884128575,58.788988890979724
40.10299934148789,55.97265725008787
52.74700072765351,45.46165814724666
38.98499963283539,30.970095086059835
25.388000596761703,15.728932224219992
11.091999617218972,5.415024793951177
1.772999964877963,1.023400937659372
0.0,0.5466533866914693
0.0,0.3985342924556181
0.0,0.3633310495510479
0.0,0.40182750953529517
0.0,0.47729467813940735
0.0,0.3657127095167161
0.0,0.32964876671148235
0.0,0.3666994949253185
0.0,0.48877379576031366
0.0,0.7665579722511005
1.8150000524520875,2.1407196186714352
11.439000386595726,10.944847642457558
24.263999170064928,26.06790549471971
38.74399840593338,42.18739284440696
50.451000561714174,54.20984911592673
58.02000092983246,60.0930774180268
61.55599876642227,61.618843179634815
61.82099864959717,60.25852972371766
56.69100036859513,55.50207971852387
52.364998152256014,42.09559558474182
39.14700083255768,26.253817511692038
20.46899906039238,12.306066231909876
6.9870000898838045,3.997120451931318
1.0890000057965517,0.6974184955714111
0.0,0.40778613646297457
0.0,0.34920304398763113
0.0,0.34788216959524615
0.0,0.3738969653078112
0.0,0.48492060717341917
0.0,0.3623690551331875
0.0,0.30674488056565863
0.0,0.32230673530427284
0.0,0.39936768537630296
0.0,0.5763077454190806
1.5760000400990248,1.636199685348246
11.310000420212743,8.291328462680367
24.485000832080843,20.892070248647865
35.31999977588654,36.162743562807336
48.06799807786942,49.91803596065058
57.620999648571015,57.70176046865661
61.37899943351746,60.37624890020828
62.30800048112869,60.015168553881104
58.589001593589785,56.43633125726093
51.369998745918274,44.93957980838751
39.47799907445908,30.016014161852326
24.02099942445755,15.159814006224897
9.872000484466552,5.136252770605697
1.3529999877512455,0.9400259340724664
0.0,0.5068109817308166
0.0,0.3838036123901982
0.0,0.35438081798151694
0.0,0.37488844498129853
0.0,0.4850120778361844
0.0,0.3670647571693432
0.0,0.31874575145532724
0.0,0.3420546903370655
0.0,0.43650470618274484
0.0,0.6577805292923735
1.3160000481456515,1.8749683648927542
9.684000055789948,9.810313248445778
22.5680003285408,24.04863659891132
36.47000043153763,40.12100487922375
47.50900027751923,53.120105122400396
55.31799953222275,59.636367062004325
58.26699976682663,61.336468797139034
56.93799920558929,60.278234118335796
51.45999986886978,55.91381388926177
42.0420020365715,43.10766709682998
24.251999841928484,27.278072863508715
14.236000230908394,13.093556532769897
6.752000067532062,4.324038860233059
0.0259999991953372,0.7833310674257676
0.0,0.4453239360201714
0.0,0.36029858482519067
0.0,0.3499744568463561
0.0,0.37572354638840544
0.0,0.6223935372272738
0.0,0.5374797302213097
0.0,0.460193601263723
0.0,0.41826060751927985
0.0,0.4655971676680839
0.0,0.5839883585046504
0.2690000015497207,0.9193514864592252
5.4909999781847,3.2228975784399068
10.05000010371208,8.219414434338951
7.669000246524811,14.4202757058438
12.51500039279461,19.59175688810521
19.49300098657608,21.349749393915104
22.95899931907654,22.12226230759802
36.12499818086624,21.490298984100704
22.85199949026108,17.362372635160735
16.761999500989916,11.43118095313404
10.8879997420311,6.889890537601983
6.679999990761281,3.716426260495521
0.8420000134408474,1.6942053968506032
0.0,0.6838610637249192
0.0,0.48865907483032867
0.0,0.40271297709936216
0.0,0.3802556275773684
0.0,0.49772796201257025
0.0,0.731610255770478
0.0,0.6521393824812507
0.0,0.5552961659175736
0.0,0.46454328979168596
0.0,0.4931603571544782
0.0,0.5719943606212853
0.0449999998416751,0.7335860109484452
0.4149999896250665,2.0671903232210322
1.0079999836161733,5.042024805567769
5.988000051677227,8.237677889439711
11.402000061869622,10.176744570121887
6.872999797165394,10.143017835776531
6.77599975079298,10.663753840907757
9.04799971997738,12.06319984532482
8.449999995231629,11.621486929925638
13.53499976873398,9.280666720084856
9.684000055789948,6.327388151841607
6.094999880492687,3.7072697430037276
2.496999952346086,1.9788475835888795
0.1270000034756958,1.0298039853524652
0.0,0.8013729106126373
0.0,0.6520825406600353
0.0,0.5551653650912565
0.0,0.6545335518939621
0.0,0.43848480561435194
0.0,0.33609054151288376
0.0,0.29568056556534045
0.0,0.30104128771968425
0.0,0.3659767465851428
0.0,0.5259051382693096
0.3889999904297292,1.4289730211438325
6.04900005966425,7.2869870467758435
16.521999587416648,18.706442878890325
32.10200056672096,33.44324637958478
48.23400042295456,47.11101166013135
48.76400018930436,54.62167626165274
56.79700196504593,56.764308971866946
62.26100140094757,54.91738583146675
43.581001110076905,48.56637604516768
34.72299931049347,35.333845940184325
28.94400005221367,22.72155171986912
24.01000038266182,11.713245031729445
10.717000073194503,4.031994519852966
1.551999971717596,0.8439310178686109
0.0,0.4559709709895367
0.0,0.34535787602346374
0.0,0.32411710971786656
0.0,0.3410736823500572
0.0,0.4090133165753885
0.0,0.339800335021833
0.0,0.34579219559168295
0.0,0.4128410234804494
0.0,0.5935625205689681
0.0,1.041437418595435
1.932000048831105,2.6030588880831345
10.26300050199032,12.150326532404412
24.471999163627626,27.751493390711627
38.76800117015839,44.3115287993199
50.50499959230423,55.34160643019489
58.95900073289872,59.66021283878611
62.615998299121856,59.57105959385661
62.17399908304215,54.4085717572106
58.10800148010254,43.01121918471935
39.82600013017655,25.11885027583603
12.17800043284893,12.967505227628727
0.1780000043660402,5.687106329346759
0.0760000025853514,1.8293681104713702
0.0,0.41255815412903024
0.0,0.2725045330329354
0.0,0.26409720095754746
0.0,0.2927735917035565
0.0,0.3132076829386173
0.0,0.6271991006370911
0.0,0.5592750372202497
0.0,0.5009655774178834
0.0,0.4668932508610718
0.0,0.5514887369724515
0.0,0.7234465099281566
0.6790000036731363,1.1355655992016036
11.449000169038772,3.812818996696983
21.162000312805176,9.519856867286977
24.300999494791032,15.959387830039
31.18400061488152,20.5183964118657
16.98899980008602,21.053362572333704
15.230000377893449,20.649245322124003
24.17099924206734,19.960037307190937
18.648999630212785,16.91546583746451
14.144999848604202,11.930258764385881
15.25500034749508,7.585425102670447
5.020000160634518,4.03286856911214
1.5920000001043082,1.7558834344221084
0.0,0.7236053851450595
0.0,0.5334573226628655
0.0,0.4440564144703201
0.0,0.429313939866512
0.0,0.5487595477938937
0.0,0.5050443169677525
0.0,0.38291758372851586
0.0,0.3083680676176417
0.0,0.29026627924417964
0.0,0.33336371744822785
0.0,0.43437640839448494
0.9500000002235176,0.9673458016640062
5.556000104546548,4.187337270632012
9.771999579071998,11.185644882033227
18.332999521493917,20.357919017021683
11.78300029695034,30.782434364632714
39.55499852895737,38.88590884219421
62.01000141859055,43.707110639277985
53.10900168418885,45.69748101675992
41.41500119686127,42.60511064871866
44.476998870372775,32.571549547439865
37.3740004825592,22.099767574032292
23.7590004003048,12.016945200139618
10.53200050354004,4.75377667782552
1.1290000341832638,1.2593626416891162
0.0,0.6557260956408933
0.0,0.4276721299440494
0.0,0.3564336855169867
0.0,0.40566126042523337
0.0,0.5043926118832125
0.0,0.3777206190224143
0.0,0.32456438718449265
0.0,0.3468551355785855
0.0,0.44627601019755764
0.0,0.6641925462443258
1.23800005055964,1.8704636148077944
10.209000444412233,9.321717872270394
22.85600063562393,22.801346075961277
33.52200048327446,38.233893127844865
45.66199927806854,51.229014702343925
56.74799820423127,58.2380746713677
58.68700089931488,60.510173201367984
62.95200002670288,59.808737708843054
59.50899801015854,55.945591527702426
52.05200095653534,44.31755771122756
40.42500116825104,29.629870721155392
24.62499984025955,14.875215751093105
10.32899988770485,4.955881413456328
1.506000022515655,0.8837467945823809
0.0,0.49113915618453186
0.0,0.3882921327631295
0.0,0.3656574196557932
0.0,0.3930241020577555
0.0,0.5299331508787798
0.0,0.4189547596096166
0.0,0.3818441140901215
0.0,0.40618985321088674
0.0,0.5320075579793658
0.0,0.7880862563365969
1.108999955803156,1.8757842023980973
10.205000326037409,9.016852917794424
23.266000958681108,21.776985043871782
37.281000554561615,35.83641964449207
47.876998844146726,46.764385685245344
54.11699865102768,51.45683523564402
62.77500069379807,51.31132097967854
31.50199924230576,46.97947235388333
41.350001070499424,39.5652333245321
38.53600046634674,28.54737997684754
33.043000942468645,19.248570334776993
22.273000071048735,9.774421365094614
12.415999773740769,3.245773565103808
0.2969999957457185,0.7864466923568803
0.0,0.47552003810549714
0.0,0.39232901982403867
0.0,0.3867212059598534
0.0,0.4400786346577218
0.0,0.7750118279764354
0.0,0.7207969045227076
0.0,0.632560105664964
0.0,0.5301781889692723
0.0,0.566187068406224
0.0,0.6583330757795544
0.0,0.8024603070985588
0.3690000083297491,2.0717075802986233
3.511999950557948,4.891975236053384
4.744000208675861,7.8056824171498675
4.398000239133835,9.18884909214357
8.641999515295028,8.39307931356102
6.896999993920327,8.197466008668101
5.2120001941919325,8.863815082182299
6.9820001986622815,8.44311483214952
7.464999857842923,6.928459736400793
8.663000393509865,4.876100253796942
3.610000026524067,2.9583862555534592
1.9700000180304047,1.6425737452948144
0.0749999970616772,0.9498613754930361
0.0,0.8050248323603676
0.0,0.7046957274709831
0.0,0.6209542977474387
0.0,0.720260946181061
0.0,0.7946398534757914
0.0,0.7282220698884843
0.0,0.6322248637304646
0.0,0.5176931447768485
0.0,0.5438766963416509
0.0,0.6235686481520964
0.0,0.7449839107164964
0.1520000051707029,1.8626483307627157
1.3550000469386578,4.324660574183765
2.187000021189452,6.968675890116035
2.1819998732209207,8.312348781562008
2.763000121861696,7.639960907849809
3.22200009778142,7.551544711159371
2.0409999368339777,8.256364677840445
1.71900003567338,7.852968860480188
1.9870000076293943,6.477054275679969
1.4339999457448722,4.527699329856789
0.9359999710321426,2.79104886090131
0.1199999969033524,1.6335526208730016
0.0,0.9681844572766383
0.0,0.8264739149783829
0.0,0.7275558645756309
0.0,0.6393912279316137
0.0,0.7192473184721326
0.0,0.6553456686886541
0.0,0.5013052877770272
0.0,0.39539383570301795
0.0,0.34999004240248527
0.0,0.39373502360095214
0.0,0.4854808783624723
0.0,0.8303035962086367
1.5209999529272318,3.030725979768664
12.627999885678292,7.791568566055513
17.68500088453293,13.627256221920524
13.458000314235688,19.523340599617562
42.40500122547149,23.038251794624486
40.56599840879441,25.339348037723397
27.83400058031082,27.70562219389365
12.136999989748002,26.531723922944828
23.30800066113472,21.62753943513403
28.28299974679947,15.622615545125726
25.09599914431572,8.928844930623296
10.41399957895279,4.04692880502017
1.4500000341236592,1.4799843331102993
0.0,0.883419153288368
0.0,0.5845872831090586
0.0,0.4802357810895112
0.0,0.5744808799793308
0.0,0.561439606243228
0.0,0.4458650450021753
0.0,0.3641534420806025
0.0,0.34544404981857557
0.0,0.40044103074824233
0.0,0.5301803875088182
0.0449999998416751,1.0537999472477761
4.13399987205863,4.154314533098961
11.984999599456788,10.935038341609845
14.869999994039537,19.71226931107573
19.868999789953232,28.939567966855495
24.278999357223512,36.046889875306945
31.056999167203905,41.3689842409553
40.18100113630295,44.35947915841014
39.38099800109863,41.75919246862198
39.414001288414,30.186343881158887
29.315999764204022,18.190426566416626
14.494000163674356,8.804678574570087
7.909000160098076,3.28467471036166
2.02200001642108,0.8578792661803678
0.0,0.5121146041877216
0.0,0.3889905913250256
0.0,0.356078287503385
0.0,0.41853751343458756
0.0,0.5331132907946431
0.0,0.3820973593549374
0.0,0.30136476951053015
0.0,0.302209166495172
0.0,0.36495307771218294
0.0,0.5055555160712296
0.8100000292435289,1.3253499080186035
9.88500009894371,6.082324386267104
22.96200017809868,15.696301033550796
31.96500036358833,28.4112436390243
41.676998167037965,42.128210373938145
53.16500128746033,52.04585964374904
61.78399832487106,56.904012078940625
63.73099920272827,58.17382463532588
60.209999499320986,55.68301265046529
52.626000998020174,45.31817216773167
40.53999917984009,30.99558399526867
23.769999442100527,16.064805089798043
9.76400036931038,5.698968406283283
1.3280000181496143,1.1323121486771615
0.0,0.5926113454181509
0.0,0.4142707355798638
0.0,0.3582501228978308
0.0,0.385961604431563
0.0,0.703863944543817
0.0,0.6493995327484087
0.0,0.6191804519098595
0.0,0.6060069472390728
0.0,0.7545894328995553
0.0,1.0389402490247068
0.3720000008307397,1.5683490787236958
7.871000062525272,4.695059336249103
17.003999987244608,10.852909769607907
33.39599932193756,17.44518687437248
25.781000159978863,20.78573355092739
7.136000134646893,18.885402225431292
22.805000410079955,16.283255444075706
15.046000067591669,13.845120741630675
4.067999972850084,10.75542570282307
7.141000025868416,7.597941685215446
2.91900011703372,5.0421622429250705
0.1329999965010211,2.803957059666377
0.0700000015366822,1.2837514293727303
0.0,0.6366009672610503
0.0,0.5303456765647281
0.0,0.4881790056380605
0.0,0.5175682275507639
0.0,0.6564654219690527
0.0,0.6771104778149281
0.0,0.5837646138459783
0.0,0.47385934449561323
0.0,0.40070221464930944
0.0,0.4211054006667584
0.0,0.4899181202739538
0.0,0.667764685805749
0.0,1.9509044712653099
0.6750000136718154,4.9679482888738695
1.0590000165998936,8.331769354020675
2.858000109046697,11.001760194055146
6.480000233948231,12.155749132194826
9.774000151753423,13.940274138582678
24.14999939084053,17.695438844489356
24.751999233961104,18.799272886935242
30.453999037742616,14.411329202894454
20.72400018811226,9.213979184200106
14.901999914050103,5.018307474258727
8.045000076889991,2.4993840078373735
0.4190000117197633,1.1620965617785672
0.0,0.8285928015300194
0.0,0.6437252540731813
0.0,0.5329511298319259
0.0,0.6080895330112657
0.0,0.48189115722039405
0.0,0.3573863128181305
0.0,0.29313194536431764
0.0,0.29582242902723715
0.0,0.3508438491595606
0.0,0.4809254209930279
0.0,1.333595121694325
1.9540000580251216,6.557632276822713
9.197000278234482,17.51420259608484
32.37300011396408,31.542258010691633
36.500999038219454,45.455146848271994
45.07599990844727,54.27637738944973
57.23200123071671,57.77584004129093
62.76300136566162,58.10972006499307
55.44300040721893,54.87255121021059
48.10600074291229,43.37022581515938
30.51500007271767,28.911986253950843
15.581000238656998,14.954577675974965
9.795000002980233,5.357562311486657
1.2060000021755697,1.0614951310486274
0.0,0.546593785265876
0.0,0.38978990471660047
0.0,0.3485416243422715
0.0,0.3741019574991338
0.0,0.462867078054358
0.0,0.3556091102226564
0.0,0.29592362992556215
0.0,0.28889154735840844
0.0,0.33763375080253033
0.0,0.45726911592621805
0.1270000034756958,1.0773373069738692
5.37300008058548,4.699503915752245
10.226000177264211,12.580963644294986
17.117999766469,23.566385623490863
19.07199956774712,35.85396039210883
47.93699959278107,45.41947685000228
65.9930019569397,50.767329340599275
61.30499878406525,52.195033705735206
49.2660001540184,48.279456730005364
37.8380018901825,35.32164607300463
27.637999914884567,21.546560761075742
17.77600023984909,10.718945074010511
7.794999867379666,3.9595805786664897
0.505999986808747,0.9227100188709099
0.0,0.5021890549258963
0.0,0.3579995922167343
0.0,0.3160556665973411
0.0,0.34240524686683
0.0,0.46764183323914343
0.0,0.35112395355635834
0.0,0.29760768674064664
0.0,0.3103484614554037
0.0,0.38000544249727547
0.0,0.5441157591505359
0.2059999985620379,1.5868817284871395
6.8859999251365664,8.125575995116899
17.747000151872637,20.84683480164724
28.382999625205997,36.30742030949111
49.76199840068817,50.102987901501535
58.41500106573105,57.85879751385612
60.70600185394287,60.46627211497504
63.69700179100037,60.06617753862488
54.14199964761734,56.48713299632692
52.84900117874145,44.844143352018044
40.62799973011017,29.808420997058658
23.85400090098381,15.013311628120558
10.072999500632289,5.1383885291063285
1.2150000117719173,0.9534917449103972
0.0,0.5080481386788799
0.0,0.38032637031707994
0.0,0.34886537096340825
0.0,0.36729142016756466
0.0,0.5003216937362461
0.0,0.36939263820503815
0.0,0.3154473700046704
0.0,0.3384622462518639
0.0,0.43798569506146323
0.0,0.6562118428901442
0.6400000048801303,1.9122933500308097
8.878000337481499,9.84536818205517
22.2129993224144,23.94752196149174
37.30900035619736,39.79803720493808
50.432999515533446,52.736453557020965
58.86100142717362,59.50278179777363
63.29399936437607,61.55559816796159
63.91699905872345,60.885929033328786
60.72300055980683,57.28363726873592
52.63100037574768,46.01752371800298
40.962000885009765,31.00188805897185
24.00300043225289,15.482152855525312
9.445000428557396,5.139729306445885
1.183999992981553,0.9049647419437261
0.0,0.49946145423073596
0.0,0.38892815508272016
0.0,0.3629417798528572
0.0,0.38938915060966295
0.0,0.52387756087908
0.0,0.375513277360111
0.0,0.3142107805304507
0.0,0.33540794054594597
0.0,0.4341495754560384
0.0,0.6476198026625241
0.6219999856874346,1.8818158828381815
8.857000486254693,9.702595410973757
22.59999922156334,23.547992646593322
38.57800016880036,39.333462201283986
51.906998462677,52.388302910780496
59.05000008821487,59.349607048516276
63.76599895477296,61.544038474372655
65.91500016212464,61.00311456406959
62.027998356819154,57.604127574189995
54.09700114011765,46.85290433095944
41.91399824857712,32.16971774121416
23.919999259710316,16.334200601172554
9.31999955356121,5.449894811176108
1.0539999970048666,0.9518650183363944
0.0,0.5217836762840409
0.0,0.40041950833270107
0.0,0.37074440882675447
0.0,0.39803980048781884
0.0,0.48444497877327647
0.0,0.36341270922097335
0.0,0.31110989288558255
0.0,0.3346696652397481
0.0,0.4268790107334255
0.0,0.6239440721502306
0.7530000112578273,1.8307158585698584
8.085000233650208,9.43901847707605
22.52600062608719,23.405830885356494
38.38099921703338,39.333143746750515
51.22299978733063,52.51669831816141
58.96400011062622,59.465247641941936
63.365999441146855,61.66580196929289
62.78099830389023,61.07404793893591
58.95799839258194,57.60137481202695
51.53999812841416,46.414780683091486
39.70999977827072,31.386977031570925
22.48300063729286,15.820959456520987
8.781000291109086,5.3136506710884674
0.8230000288411975,0.9345361127785206
0.0,0.5126443304933092
0.0,0.3977495076779204
0.0,0.36867865420094587
0.0,0.389647641331373
0.0,0.4946657514760653
0.0,0.38160764007854514
0.0,0.33875479890306137
0.0,0.3725425653683684
0.0,0.48557318770004126
0.0,0.7514647836398368
0.5210000135004521,2.061893666102252
8.950999673604965,10.197115940374404
23.16300022125244,24.60024590196096
38.96199920892715,40.517698502385514
51.88099923372269,52.88923920923869
56.97200072526932,59.12938801987721
57.56400181293488,60.94641954168628
61.09299969911576,59.6040277612385
59.208998374938965,54.83381624170905
52.16800130844116,41.429593055348185
40.22899844884873,26.025919923851504
16.000000057816507,12.338281694760969
5.796999790966511,4.0638588746351125
0.6519999748840928,0.7149443104259616
0.0,0.4181876103311011
0.0,0.36003841548797727
0.0,0.35885355466769214
0.0,0.38857462941989607
0.0,0.42336522885485867
0.0,0.34538703306823987
0.0,0.3331949395472436
0.0,0.3780782936129958
0.0,0.5106884155763186
0.0,0.8330397864149657
0.1590000037197023,2.167399084267343
7.710999948978424,10.520512374690012
20.894999856948854,25.195185404506784
35.693001828193665,41.915390012713594
48.513000206947325,53.971784489031734
47.08100096225738,59.00601399774914
60.80499939203263,59.49953770694485
60.621998341083525,55.3926164597259
56.57200121164322,45.661646639470035
25.847000572681427,28.518452883368646
17.51499944806099,15.549173195299826
15.28799952685833,7.111430514096414
6.399999920427799,2.32366102412582
0.1580000062193721,0.48811679234788335
0.0,0.3082314904580439
0.0,0.28533419618498346
0.0,0.30231268910321685
0.0,0.32272596614682436
0.0,0.6210618953121226
0.0,0.5580264369008194
0.0,0.4917587283646332
0.0,0.43589954935590475
0.0,0.48929651877049557
0.0,0.5992048761385073
0.0570000019390136,0.8599087496313581
5.692000021338463,2.6316080213141575
9.972999622225762,6.593851520574216
16.414000499248505,11.19883462264167
15.3179999011755,14.470490988067795
23.48800085306168,14.634845247620468
25.303999137878417,14.45730958852099
19.2130009162426,14.70383485859588
9.63199954390526,12.986233271507746
9.41300050854683,9.52814886706847
19.44800042510033,6.345993280283097
9.13600027024746,3.669860933671802
3.5490000185370447,1.8530526214693337
0.1910000039637089,0.9064544654675992
0.0,0.6881784383503303
0.0,0.5599175171102495
0.0,0.4952664478375878
0.0,0.5705227430438101
0.0,0.55053034416895
0.0,0.492152981186983
0.0,0.4435497015261006
0.0,0.41496104426076674
0.0,0.48381268717458165
0.0,0.6316311324859454
0.1270000034756958,1.0410684276066435
8.38200003683567,3.719003104352717
10.45300047636032,9.5120760169309
14.906000032424927,16.522652778256507
23.309999179840087,21.937161361827563
42.36399975538254,22.407099715576607
41.50899935722351,20.949258183998147
24.52000058412552,18.90106436496181
13.599999895095824,15.199188670637417
11.56400023460388,10.60455114998317
16.773999856114386,6.9050521064862505
10.687999985218047,3.843695054375159
5.0000000822544095,1.7886096973667611
0.1739999983180314,0.781952676441733
0.0,0.5654614798614473
0.0,0.45972182286752733
0.0,0.4330491659773008
0.0,0.5257432116694122
0.0,0.5768248262732512
0.0,0.40680496612572187
0.0,0.3049046938670646
0.0,0.29222872163501096
0.0,0.3316811880627062
0.0,0.4245012744067139
0.2139999946113676,0.9695396058880942
9.197000278234482,4.041777970432287
5.730999891757965,10.857655132965641
7.123000006675721,20.56150382281401
20.903000093698505,32.37070783626281
41.294001467227936,43.40200288000302
55.65999886989594,51.13856394536988
62.66199914693833,54.99035325236749
58.73199940681457,53.654290535404975
51.15900200128556,43.25505074904709
40.71100090265274,28.070225403723484
21.14299898028374,14.006041795117376
6.759999790787697,5.331032149060098
0.5580000172927976,1.243583228031126
0.0,0.654881380839847
0.0,0.43588221356278983
0.0,0.3634973814002164
0.0,0.40474779160480073
0.0,0.4745949884311658
0.0,0.3488543344736056
0.0,0.2886265983603693
0.0,0.3010754726022457
0.0,0.3661305533979971
0.0,0.5142491558852446
0.0449999998416751,1.432607207769877
4.4620000791549685,7.1813206388809725
12.50400032401085,19.03991096037679
31.135999194383626,34.30243636960341
48.23899980068207,48.50870467943591
59.1789980006218,56.75414911451787
63.84200017690659,59.70723405759884
64.1650002360344,59.35418700455406
60.979998152256016,55.5439704826902
43.95000201702118,43.22068983581574
33.63700054883957,27.575682093863072
19.724999636411667,13.556307425460464
6.831000094711781,4.691323691474354
0.3649999862350523,0.8856795268238205
0.0,0.47931951787448446
0.0,0.3620527866779611
0.0,0.33489955187536824
0.0,0.35725194822155565
0.0,0.563491824107039
0.0,0.44179122620990885
0.0,0.35411078972594356
0.0,0.32896505819250865
0.0,0.3767977157114254
0.0,0.487709708096457
0.0449999998416751,0.9472138235100224
1.3049999793618918,3.660826633582788
6.811999789178372,9.616541419479443
15.481000360250473,17.501398434869305
19.362000447511672,26.04760710272545
32.299999750852585,32.48771987940726
35.12400116443634,37.37643765675246
36.56700150489807,40.16468621207265
34.88900165557862,37.573682329507115
32.381000350713734,27.421269653720454
26.56799957275391,17.186503583084342
12.142999653816224,8.710587187271859
3.3219999761879446,3.4241975012269097
0.2249999992083758,0.9890107021004009
0.0,0.5854459494136002
0.0,0.4268236918613037
0.0,0.37808587791619624
0.0,0.444315274946061
0.0,0.5011589367482344
0.0,0.3721904133378135
0.0,0.3133822715706436
0.0,0.3302205358379344
0.0,0.4109424179351421
0.0,0.6006651701526785
0.2600000080000609,1.7114852003109071
7.477999985814095,8.586562422510893
18.390999697446823,21.57396157922389
30.02499943614006,36.96116193283814
48.45400179862976,50.33246490508808
59.38700004816055,57.7291563701143
62.477999863624575,60.23300478492665
62.43600016117096,59.74260378449752
59.54799890756608,56.08905571946887
49.57999969005585,44.4159867990799
33.205000088214874,29.666672306544807
20.053999359607698,14.852374535116066
7.222999885082245,5.019542659510266
0.4259999942220747,0.900367827175182
0.0,0.4885298380743954
0.0,0.3804576614706906
0.0,0.35615718423237974
0.0,0.38654165471843704
0.0,0.555083389511304
0.0,0.4417485212532593
0.0,0.38510818974695804
0.0,0.38714954207471836
0.0,0.4830348096376313
0.0,0.6785616133692263
0.2529999934043735,1.5054082419439465
7.712000235319138,6.675976425618867
20.98300040721893,16.854635798024784
35.03499827384949,28.547457369993356
40.000998890399934,38.87183704156129
22.7760003221035,44.66877868083279
43.333998165130616,46.63128906669468
57.283001456260685,45.72186308843473
44.01100099802017,41.07953682752111
37.60100180864334,30.830453715012126
36.89799974679947,20.94316125079817
19.326000409126284,10.839553475332607
7.898999864161015,3.847200321419973
0.634000019878149,0.9591295444376572
0.0,0.5603137930370201
0.0,0.4328008034654334
0.0,0.4094498123013748
0.0,0.4705963516187827
0.0,0.3968914139312191
0.0,0.32190307406859836
0.0,0.3022180365289463
0.0,0.32093535623837366
0.0,0.4020690726682893
0.0,0.5923750590144269
0.0190000006463378,1.5925614307376912
4.918000223040581,8.419413845486156
19.94500101208687,21.70796160293294
36.45600053071976,38.04547580541564
49.78499882459641,51.05166387112898
59.09199979066849,56.7879374184214
63.93099895954132,57.31381865609674
64.00999898672104,52.92360104864046
40.22000203371048,43.35932214830431
36.093999574184416,28.434627818021713
30.55699977517128,16.75181573579012
13.53000039100647,8.17655174336584
3.6130001153051854,2.7584994499540954
0.2339999927580356,0.6275429206707361
0.0,0.3725534882659758
0.0,0.3114725403432166
0.0,0.3137707539357932
0.0,0.32710189560831654
0.0,0.5035259711914883
0.0,0.3763601346200157
0.0,0.3157451840725384
0.0,0.33022435319751936
0.0,0.4118703430635716
0.0,0.5931479436069457
0.0510000008903443,1.631973788172654
7.082000077068806,8.059040111581766
20.62600088238716,20.531786868041728
35.830002031326295,35.53837630468166
49.077001492977146,48.90215779582909
57.51899919748306,56.56000228401928
61.72299934387207,59.35985383019426
63.05400047779084,59.00671983000204
59.50799977779389,55.414549965877626
51.91599898576737,43.78433132318994
39.18400115728378,29.0583026922989
21.097000186443328,14.457974536481252
7.444999779462814,4.903740869733071
0.4529999909177423,0.91566401589557
0.0,0.5080416300196092
0.0,0.39299901063492687
0.0,0.3682385335866983
0.0,0.3971886791221847
0.0,0.4753532386845446
0.0,0.38258658970475584
0.0,0.3449138942874308
0.0,0.37091530761287606
0.0,0.47394810365629314
0.0,0.707631441718553
0.0,1.8290300760698286
5.676999834179878,8.678895455195889
20.217999078035355,21.805276782227185
33.263000264167786,36.99107560900354
48.92800196170807,49.48303802445623
58.99699928998948,56.07358087964683
57.077998213768005,58.16782374408388
60.50499975681305,56.79113319048865
48.43400017976761,51.66928081249203
47.67699908733368,37.58675554358621
37.86699992418289,22.62312425821222
18.337000666856767,10.549623197891913
4.0329999640584,3.5679793991437867
0.068999996013008,0.6920251311018564
0.0,0.4165894775167766
0.0,0.3573544233985078
0.0,0.3587467351713202
0.0,0.3888395159248116
0.0,0.4564755635289785
0.0,0.34953128051004756
0.0,0.3072193126902601
0.0,0.3262557909617181
0.0,0.4152972518279743
0.0,0.6250776256984119
0.1009999962570145,1.7600609296396228
6.36300010919571,8.830192325801388
19.615001002550127,22.097254208279512
32.80400028824806,37.85438910351128
39.88499853849411,51.012818504802965
53.92599941730499,57.828652782215265
59.16100106239319,59.73885488232476
58.46800186395645,58.29657783800225
58.53499845504761,53.130524835520305
29.879998996257783,39.69926097400271
19.091000900268558,25.123882878763045
18.21400036454201,12.283240695745167
4.649999994337559,4.0860410025971685
0.8750000272318721,0.7713384587501005
0.0,0.43517609090204157
0.0,0.35222917082787547
0.0,0.3400740890175623
0.0,0.3623797334844372
0.0,0.5253636844094103
0.0,0.46421408271632675
0.0,0.4201805559973595
0.0,0.40865857347252593
0.0,0.48833678555735627
0.0,0.6649941669800145
0.0,1.189958021541169
2.135000022798777,4.452180459540679
13.527999818325045,11.432318723103645
24.14199915409088,20.325065176562326
25.806999388933185,28.066383311069217
40.19300046443939,30.936678314936717
34.73499863862991,31.08537997668803
37.83699954986572,27.932973443402872
21.40800091743469,21.262219451509683
7.299000080227852,12.97512293046848
3.208999969810248,7.6111200985627665
1.566000000908971,3.934251900409274
0.1460000041220337,1.6021592730959755
0.0,0.5769808653653885
0.0,0.40658116132191524
0.0,0.3473098479115064
0.0,0.3491138446376333
0.0,0.4307919771648258
0.0,0.6050646040054216
0.0,0.5545695513542538
0.0,0.4889888833676491
0.0,0.4417586946505227
0.0,0.48377035876465824
0.0,0.5918096820329362
0.0,0.8556080168208242
0.1140000038780272,2.5426101537513284
1.7710000340640546,6.469803041527872
6.677999931573868,11.063944331520883
11.027999777197838,14.590255750771927
12.46299988090992,15.377038807414944
4.939000074267388,16.146876092120632
27.718000228405,17.503621942469927
26.829000364542008,16.16307430083057
9.545999566316604,11.281369925001842
14.56399966776371,7.265501197756937
3.41599993377924,4.030632634243072
0.0,1.8579756515110422
0.0,0.830117744239456
0.0,0.6192495434331383
0.0,0.520362611311575
0.0,0.4748289190218091
0.0,0.5568595909851312
0.0,0.4413489460946689
0.0,0.37000329813731414
0.0,0.3487347317401242
0.0,0.38024129686625846
0.0,0.495064141193475
0.0,0.7689165990629202
0.0129999995976686,1.8735093956747084
5.307000181376934,8.528574614862396
16.051999542713165,21.206428212926753
31.30600063085556,36.513394669055785
48.77399894475937,48.89218120610335
55.771998076438905,54.803011272604905
52.33399954557419,56.071759774545804
56.75600049495697,52.59533201680815
56.76399867773056,43.9695227135336
51.23800202846528,27.82552380420994
20.1800005209446,15.341385290189685
2.454999993145466,7.0865928008736585
2.435999944359064,2.403751029636257
0.0629999989760108,0.5273540345181437
0.0,0.33555495946386993
0.0,0.3040747520181892
0.0,0.31811639845386575
0.0,0.34394452204370296
0.0,0.5993542093605269
0.0,0.45434470585379
0.0,0.37485229355416283
0.0,0.37847364932798333
0.0,0.4748267229960234
0.0,0.6755601247861974
0.1510000076703727,1.5595565062474015
6.033000099658966,6.7242228834220965
19.886000549793245,16.992767732848954
29.586999311447144,29.48422802900475
27.749999121427532,41.31989717958147
39.01799881219864,49.097820999028045
38.71399803161621,53.232191090827016
48.34800020217896,54.00027469582424
55.90000186443329,50.64450572898777
51.01500184774399,38.70285326220538
37.41300137996674,24.5443833106893
16.313000334501268,11.760124993995346
5.452000107765198,4.025362696940387
0.0629999989760108,0.8151189733846727
0.0,0.494131248187207
0.0,0.40399632300677185
0.0,0.3980434423353069
0.0,0.454457020360864
0.0,0.6668628709247335
0.0,0.5260448097094075
0.0,0.43336876138594616
0.0,0.4196705715268326
0.0,0.5065344535706302
0.0,0.6775992754027608
0.0380000012926757,1.2765266159970308
5.924000211656094,4.895263321927998
19.64100023150444,12.470747555433377
35.075001511573795,21.351227634523852
45.44399847507477,29.556467487453215
22.53900024056435,34.7140163449818
34.38499906420708,38.31907094323513
31.86600077152252,40.617741147866305
31.36900018453598,38.85884916333485
32.68400084495544,29.65898377289599
28.80699984908104,19.66459450412842
12.851000066399576,9.797464357268867
4.525999919176102,3.5718858490355414
0.1319999990006908,0.983740922557796
0.0,0.6228806620333412
0.0,0.48961677655054636
0.0,0.4670329387562018
0.0,0.5555287444612516
0.0,0.5003098415056886
0.0,0.36124122092814726
0.0,0.2835193119254823
0.0,0.2828093322199239
0.0,0.3331625415806301
0.0,0.45208790816684696
0.0,1.1796379117301583
2.75100002348423,5.426301489479077
8.027999830543996,14.584887135465657
16.234000307321548,27.360532422876595
33.550000284910205,41.42704763308083
52.00300130367279,51.37085605883804
59.6720015501976,56.12726574186729
63.04799875974656,57.155605104627305
58.29000019073487,54.25974533063798
43.38400015830994,42.93727259432282
37.32799963474274,28.206372546030114
18.73000023007393,14.208901343658454
3.4679999321699144,5.089209167249237
0.0510000008903443,1.0624466420525909
0.0,0.5649740070258329
0.0,0.39728299114861043
0.0,0.34896224800438924
0.0,0.37300234166012186
0.0,0.4303543760154772
0.0,0.3717973791435686
0.0,0.3445752465049878
0.0,0.3548500430692215
0.0,0.43736889370686677
0.0,0.6397087726505286
0.1009999962570145,1.3767200599974223
4.34999984562397,5.921520747860581
12.263000124096871,15.571748005706304
28.83999902844429,28.193781651040922
40.40099840402603,39.528067905878125
45.24300048589706,45.00684659069266
41.34199877977371,45.74066018400087
40.269999918937685,42.05543743474242
38.21000160217285,33.35777935771025
23.63999918937683,19.5679200664125
15.31299949645996,10.495207170695632
4.864999938309193,4.964645993806163
0.4929999872110784,1.8289175859369706
0.0,0.5135883494860458
0.0,0.33547060862126427
0.0,0.2908082455849917
0.0,0.2975082103099316
0.0,0.3418436684283512
0.0,0.5904769852380672
0.0,0.5522299300853818
0.0,0.4941310911181792
0.0,0.43306500228817485
0.0,0.46462842426510625
0.0,0.5559518869965968
0.0,0.7562767443942986
0.0,2.113047190148322
0.1980000025127083,5.291891920073297
2.53500004991889,9.04352816220609
4.063000081628561,11.680205181350308
6.567999757230282,11.717915066908382
8.933999940752983,11.78648459991374
11.580999967455863,12.709979978724448
10.547999950051308,11.6687207185722
10.1290001308918,8.172028147127035
5.796000018119813,5.231285662260862
2.2459999699890614,3.0094539427192375
0.166999999769032,1.5870264572521502
0.0,0.8401870825181008
0.0,0.6689838587899222
0.0,0.5849830336969865
0.0,0.523551425545615
0.0,0.571683825723625
0.0,0.5798768453480667
0.0,0.541512601509063
0.0,0.48521810699900186
0.0,0.43245710253894565
0.0,0.46812749447262875
0.0,0.5665843707733501
0.0,0.7910183313520388
0.0389999987930059,2.3153329289654847
1.5150000321120023,5.90846177970879
4.0790000416338446,10.063570863345802
5.101000247001648,12.906316652543932
8.468999787271024,13.06424842835991
9.403999985456467,13.193482811709046
10.71000012278557,14.031048639036149
10.052999935746191,12.745411996677788
6.01200024843216,8.834197591625172
5.93399999409914,5.659980211712668
2.979000095427036,3.234862874778065
0.6959999932721257,1.6623812968572667
0.0,0.8393024079968439
0.0,0.6470240440906772
0.0,0.5524212389822097
0.0,0.49347756951226923
0.0,0.5581759383263922
0.0,0.4166416641295102
0.0,0.3598582880627233
0.0,0.33299123154514876
0.0,0.34043108393149274
0.0,0.4142093236135348
0.0,0.5936288119898872
0.0,1.358799963417224
1.7790000140666962,6.165684599480331
6.627999992370605,16.333680450418694
21.278000664711,29.48510267792296
36.393000977039335,41.194532560871494
49.14900156974792,46.68149183376731
49.619998819828034,47.206281754392805
38.942999930381774,42.77674070273471
28.9549990940094,33.78922922326001
30.52400059580803,20.66818332597647
21.336999073028565,11.829601122487949
8.232000219225883,5.818510489775575
2.8810000194609167,2.1425977139802317
0.0449999998416751,0.6030576171916122
0.0,0.3804548125940397
0.0,0.31997164457457217
0.0,0.3193381810219918
0.0,0.35679786649880774
0.0,0.43562846960978174
0.0,0.34891412055287085
0.0,0.31657483346853055
0.0,0.3412102759583676
0.0,0.43338732733790025
0.0,0.6501385883892812
0.0,1.721834587400948
2.520000119507313,8.455398582169737
10.879999505281448,21.687300461475907
33.320000153779986,37.76109070520326
47.68800018310547,50.898012320853866
58.390998301506045,57.57120489060343
60.15300166368485,59.379243974748974
57.6769992518425,57.47147042614212
53.98600016593933,51.26705586061975
47.53299893379212,35.58511432275536
34.91199797153473,19.995817839632636
16.463000152111054,9.042485020035013
3.388999904990196,3.06689047144385
0.0,0.6083050175787725
0.0,0.3703640616268518
0.0,0.3171549858956654
0.0,0.32200743233335155
0.0,0.3413768880938233
0.0,0.47418907695676227
0.0,0.36050513954421265
0.0,0.309619500117817
0.0,0.3277865972990499
0.0,0.4148381461441157
0.0,0.6114962050366377
0.0129999995976686,1.701631928817552
3.5230000193417075,8.595169790080538
15.955999782681465,21.809718348009774
35.94200123786926,37.26637578419415
49.23800035238266,50.29338744148707
59.34200154066086,57.37357349938535
54.58199829101563,59.65558371582361
53.31999842882156,58.78758673855964
54.18599992275238,54.589403349750825
48.71200173139572,42.04509521106553
35.342001967430114,27.04039471433921
18.385000033378603,13.052575331469791
5.640000022947788,4.383332489818379
0.0749999970616772,0.8327498887666962
0.0,0.4710083273944245
0.0,0.37365457564360227
0.0,0.3577726006193087
0.0,0.38636264780728036
0.0,0.5097963653094373
0.0,0.37458864691387833
0.0,0.3069094195315895
0.0,0.3163358383614376
0.0,0.3944555116443216
0.0,0.5694485910758232
0.0,1.529733775513959
6.392000197172165,7.441488417676967
17.070000399947165,19.155033933074453
20.984000693559647,33.64878700359344
46.56599932909012,46.98601758646417
55.31099958181381,54.90043628105706
56.31000013351441,57.961306070582104
59.39699880361557,57.76115311693126
57.58500166416168,54.106169113377426
49.25400082588196,42.24553338616257
35.938998324871065,27.51942181568128
18.648999630212785,13.387795849643167
5.402000168561935,4.553062148252742
0.0439999983296729,0.8859800313255309
0.0,0.4988107972090611
0.0,0.38297251076794375
0.0,0.35862982464833243
0.0,0.39162308606346874
0.0,0.46785288481815657
0.0,0.3591948058152827
0.0,0.3122062579484696
0.0,0.3363203304950936
0.0,0.4315080649872644
0.0,0.6407177227472203
0.0,1.8076934337388235
5.581000074148179,9.21287048592995
19.236999572515487,23.11224786785551
34.725998115539554,38.96489302262518
49.1599985575676,51.83086701387905
55.33199943304062,58.56913498819578
58.42000044345856,60.6566939817309
62.807999873161314,59.668057660582704
58.60100092172623,55.43023861544004
49.82699852705002,42.75502261351427
35.331000871658325,27.360124083529954
18.31299995660782,13.085190412714606
5.26600025177002,4.357459616826779
0.0380000012926757,0.8049768061379019
0.0,0.4614139082651462
0.0,0.37430083970799355
0.0,0.36113779705787297
0.0,0.3869487018029458
0.0,0.5142130240799981
0.0,0.40090969098449375
0.0,0.34750219795990994
0.0,0.3589817868073726
0.0,0.4560832356947984
0.0,0.6677174612873804
0.0,1.6328866618372624
5.427999911010265,7.769294394273451
17.915001015663147,19.645282920484615
32.2479992389679,33.3705522840536
38.538999271392825,44.98479980440708
43.74999815225601,51.39892384692848
47.37400064706802,53.5589014314004
50.11999821186066,52.24106689003739
46.30599882364273,47.143706911432304
47.48300104856492,34.71185091908758
27.84399933576584,22.21702547359799
13.993000485301016,10.781067429643967
3.4010000033676624,3.6715578104420525
0.0,0.8120722432446087
0.0,0.480111581751563
0.0,0.39008652922023546
0.0,0.38338140040648017
0.0,0.430055665789193
0.0,0.6003522696765353
0.0,0.4547386808844024
0.0,0.36748275491632454
0.0,0.3725252856418201
0.0,0.448741225471096
0.0,0.6174093952480971
0.0,1.411224101891147
2.5620000787079333,6.135782874964473
14.59400004208088,16.02253403796368
27.9669996380806,27.999074683158735
41.51199816226959,39.47113544735368
26.76199966549873,47.140340882208385
34.29499999523163,51.58589748140859
38.86800104856491,52.94889440864028
43.40400177717209,50.370031938658144
48.07499802827835,39.09416064117414
34.15900007843971,25.662535071392295
15.534000131487849,12.511125943654523
4.206999978423119,4.333045387162459
0.0,0.9148213114654007
0.0,0.5415567850153752
0.0,0.43924886274455155
0.0,0.4282594888326869
0.0,0.4866998781252161
0.0,0.4542351615113759
0.0,0.3588098361308596
0.0,0.3203675001135147
0.0,0.3468830873672964
0.0,0.4421123651261857
0.0,0.6600236759654828
0.0190000006463378,1.7936059772937973
4.961999984681606,8.94125974060267
13.907999767065048,22.59196654719243
34.10799985289574,38.57324513446509
47.232999298572544,51.369811534612026
53.67600177526474,57.84276729035136
61.664000935554505,59.68233979150308
58.33899984359741,57.975370314470496
55.97200194120407,52.419809745872065
47.95000126123429,37.97742133560214
34.5789991569519,22.783519601982043
14.72300000846386,10.590793817475035
5.954999845325947,3.5627295985345118
0.0,0.6829790651075944
0.0,0.4058558850002539
0.0,0.34517681815316825
0.0,0.3454128443712115
0.0,0.36951379825886554
0.0,0.472975103909807
0.0,0.35721370942152914
0.0,0.2987309401629808
0.0,0.3066404346484973
0.0,0.3755527435292967
0.0,0.5314201585175937
0.0,1.4367683922524412
1.4330000445246698,6.966556473893027
16.945999811291696,18.37418273739311
22.13599986791611,33.05031319194183
40.72000142574311,46.82594141088015
52.308998548984526,54.979801896644545
54.70699916601181,58.06137318632527
47.70999826669693,57.68829137126279
56.79100024700165,53.56018154675554
49.551999888420106,40.681264050693436
27.232000737190248,25.373979175728522
15.707999632358552,12.147803294524568
2.8689999210834505,4.189735587126441
0.0,0.8348419063389199
0.0,0.4749434208326047
0.0,0.3659871432788963
0.0,0.346231506380389
0.0,0.36981729454252615
0.0,0.4797813756549822
0.0,0.36743115321986314
0.0,0.31683965575630757
0.0,0.3374990235222926
0.0,0.43186522011144224
0.0,0.640561278686841
0.0,1.7532548938678107
4.412000139951706,8.829924765434606
17.60799937605858,22.29539560031515
33.66099920511246,37.81783567998483
45.35499969244003,50.58229545196202
55.278000402450566,57.31680443451441
41.68000108003616,59.401102473619844
47.70499888896942,58.304461628614696
55.289999730587006,53.81025408067745
45.88700003147125,40.82338008094836
33.023999609947204,25.631504091732445
16.81299972653389,12.090484762675587
4.387000170350075,4.0467867742898695
0.0,0.7789456038258287
0.0,0.45322572807815775
0.0,0.3697342571976022
0.0,0.3616954655575363
0.0,0.3939060783291079
0.0,0.42470558898822636
0.0,0.33707272582788783
0.0,0.2978784698395141
0.0,0.32043677361521283
0.0,0.4051640249517636
0.0,0.5967439004404702
0.0,1.6727006370755246
4.864000165462494,8.600006190234811
18.195999318361284,22.28515086993913
34.59799843549728,38.144172336618084
48.50899906158448,51.09979505662748
52.81700023174286,57.8407283012851
58.27300148487091,59.79150391446018
56.570998871326445,58.594360626284804
56.07799942970276,53.8678429750365
50.1350004529953,40.0582691925339
34.26599990725517,24.425444229256904
17.166000159978868,11.389789585942548
4.090999883264304,3.8385233320968286
0.0,0.7496419384070717
0.0,0.43312945450888307
0.0,0.35215016123669846
0.0,0.34169583562108785
0.0,0.3623029124568152
0.0,0.4030919713273953
0.0,0.33946493121168364
0.0,0.32459596761367593
0.0,0.3634395608998069
0.0,0.4743148784810258
0.0,0.7324173492315195
0.0,1.8606506334873272
4.177000117599964,9.19980886263941
14.864000329971311,23.478659437152864
32.21999943733216,39.761546123069465
47.36299955129624,51.75487652933518
55.5789982700348,57.068461991739596
59.1980013871193,57.796520824057126
58.84399861335755,54.21667886884227
53.41900007486343,45.84167040644292
28.695000642538076,28.904398369299688
22.4330006980896,15.306330755721634
5.461000117361546,6.811949179131284
1.0829999566078186,2.3294934797845794
0.0,0.5133403276337438
0.0,0.32696421749271853
0.0,0.2984816451978199
0.0,0.3151339975686989
0.0,0.3374217457881801
0.0,0.546994939752775
0.0,0.5068076979525333
0.0,0.45729599063663745
0.0,0.4206852429176533
0.0,0.471263476588038
0.0,0.5863126073181832
0.0,0.8786452092810952
0.280000006146729,2.7178116928468556
6.9800001394748685,6.995221497756068
7.939999793767929,12.140106590265443
17.556000918149948,16.071154781818322
10.944000372290612,16.70442098716085
16.93899986088276,16.76250461738082
21.588999341726304,17.47666246377856
11.14100029706955,15.652717347183163
23.55200069308281,10.496276711629722
11.855999633073807,6.5496856425116174
4.363999746441841,3.5465086487979747
0.8180000092461706,1.6704290411563019
0.0,0.7765855443666473
0.0,0.5882449453708506
0.0,0.501839822143219
0.0,0.45905358462178647
0.0,0.5158047349080008
0.0,0.42361286704759005
0.0,0.3445351721259623
0.0,0.3044951434444788
0.0,0.3260270972329108
0.0,0.40270853903636156
0.0,0.5822796073342854
0.0,1.5699454129627552
3.851999999284745,7.69338217756557
16.73399969935417,20.348219609743893
32.45699951887131,35.44098407779498
40.80400083065033,48.51525960890287
43.388999536037446,55.72719336294981
58.72499945640564,58.14668008512153
58.471000669002535,57.15082374938167
55.10600044727325,52.35197814025528
46.12899949073792,38.04905593092092
30.829999895095828,22.78264696126362
15.33700020670891,10.686763516175889
2.962000105828047,3.6756154309552773
0.0,0.7338248019720076
0.0,0.4223228071925054
0.0,0.34829019030931024
0.0,0.33827326909534566
0.0,0.3618373626400867
0.0,0.4973400874014672
0.0,0.37725218730439536
0.0,0.31394080159082494
0.0,0.32137706171172603
0.0,0.3945821196173859
0.0,0.559795034734397
0.0,1.4536571085752439
3.8509999696910384,7.042966375104036
15.000999506115914,18.6195760759465
29.26499953866005,32.76462754750046
45.0299990606308,45.61980955412471
48.19999890327454,53.18280603119581
60.05300178527832,56.04551106823296
62.87599880456924,55.86881111449278
60.43099910736084,51.972156216290614
50.89299977779388,39.07873497841609
34.73400040626526,24.309284043732042
17.30099979043007,11.471723922004436
3.620000065714121,3.9828740271061926
0.0,0.8279793574652178
0.0,0.4812236561814296
0.0,0.3825378624409663
0.0,0.3697416280060447
0.0,0.4073101334810153
0.0,0.4268610690220817
0.0,0.34746216787036677
0.0,0.31325224372313376
0.0,0.33045250683794947
0.0,0.41800594234526756
0.0,0.6004833331360057
0.0,1.5849456405377895
3.735999904125929,8.104715136530453
17.690000262260437,21.25024408188513
33.624000934362414,36.239193641140304
48.87599939584732,48.39404223109244
54.56299901247025,54.5870516961828
53.34799823045731,55.98963368478353
44.1929997086525,54.14259025101827
47.33099860429764,48.772574883340056
41.73499834299088,35.02329400673591
32.72600054740906,21.135645973153807
16.754000291228294,9.849854996045432
2.3409999571740627,3.407427340818132
0.0,0.7735170299634466
0.0,0.45844005588539166
0.0,0.3676309700985918
0.0,0.3565538223492995
0.0,0.3841870435196566
0.0,0.4418928700557443
0.0,0.3504636108321265
0.0,0.308858858280438
0.0,0.3323395914057963
0.0,0.42503791692432047
0.0,0.6276795070238854
0.0,1.6979541038974442
3.1600000602006912,8.636989470093367
17.26000037431717,22.3818682841887
32.93599905967712,37.9221360578022
42.3039990067482,50.355957415635125
48.45299945831299,56.877029550231555
54.64699841737748,58.82458729213847
59.570999331474304,57.55107339315576
55.89400014638901,52.6782311816276
47.56200107574463,38.553526864231344
31.63500035405159,22.9475694154026
15.599000257849694,10.477208366182094
3.1889998914301394,3.563876395617241
0.0,0.7143186673050452
0.0,0.4224680821937838
0.0,0.35252515596016337
0.0,0.3500782285165538
0.0,0.3796522429059257
0.0,0.4421487367542537
0.0,0.3473848554877631
0.0,0.3069854351813008
0.0,0.33139994472291334
0.0,0.42421091061765526
0.0,0.6319272801954586
0.0,1.7342408183944902
2.4390000331401827,8.852027746939529
17.02899995684624,22.632898560729934
31.767999411821368,38.499304128298405
46.60500022649765,51.15903005612387
52.30399917125702,57.66292405496509
53.64200025558472,59.55245798667643
55.1839981341362,58.07769110636829
52.645998508930205,52.96708165461642
43.66700108766556,38.928690591559864
29.999000207185745,23.471561976267676
14.43799953341484,10.830002492654968
2.728000113070012,3.639531771568177
0.0,0.7117559511180641
0.0,0.41775641074420394
0.0,0.3470606881404301
0.0,0.34419292157671594
0.0,0.3705635929279287
0.0,0.3698562790017734
0.0,0.32192046891073667
0.0,0.3238464225848897
0.0,0.37310891739550334
0.0,0.5012635042682295
0.0,0.8060866947738132
0.0,2.0126335949309233
3.562999919354916,10.212846930020351
15.678000285029412,25.59026573776314
30.967000098228457,42.458958351737834
44.80100126981736,53.768771224791145
52.54599863052368,58.02225702932608
55.49299829244614,57.48713480418504
52.74599838733673,51.432361915215225
44.60600089073181,39.518539453389174
35.05999927043915,22.02694272586846
21.46199994802475,10.86306024088926
11.525999623537064,4.768848691574107
0.94299998562783,1.633059339144976
0.0,0.41682381242717215
0.0,0.27541609336838974
0.0,0.2581079209150882
0.0,0.28203114693184544
0.0,0.3056493391706758
0.0,0.358043793957109
0.0,0.31492462401796195
0.0,0.3080612616767642
0.0,0.34256607705101016
0.0,0.434986671345412
0.0,0.6728422221140677
0.0,1.6880047360411956
1.6320000284910203,8.258138267486304
11.650000212192536,21.774757596141864
22.910999952554704,38.12336545515859
41.45200152158737,50.71517114769548
51.513000667095184,56.13865219317423
55.44700155258179,56.36184914728302
50.12300112485886,51.807031402514106
35.068999793529514,41.65105544861326
19.76699933886528,23.615183764591873
8.687000076770783,11.439089749966364
4.20100005760789,5.0559653933919035
0.2100000046100467,1.8167448067165919
0.0,0.45045716657256835
0.0,0.2910052513331166
0.0,0.2657533438892426
0.0,0.28330889636861756
0.0,0.30113520506526414
0.0,0.36970237060557776
0.0,0.3302429378038588
0.0,0.32376619026155545
0.0,0.3604871059926075
0.0,0.4565438860654677
0.0,0.6858491006566622
0.0,1.5987500205713343
1.5079999533295632,7.624095357413795
11.289999828338622,20.249173869841258
25.60599934577942,35.72892521395319
34.34499993443489,47.73038835512671
48.57800033330918,52.65861544314534
51.66499900341034,52.45718081092011
42.76199869632721,46.52722263252699
44.43200036287308,35.190828274332226
28.07999913096428,19.11375787030915
10.62800026357174,9.65366291103532
7.973999772965908,4.44657910729886
2.7780000522732737,1.6199421383477377
0.0,0.44489093645818145
0.0,0.29243851427278145
0.0,0.26566674465094003
0.0,0.2786722965381213
0.0,0.30826018333845373
0.0,0.42291241560507237
0.0,0.3409549348890233
0.0,0.302973674326866
0.0,0.3177977716532723
0.0,0.3852282839818889
0.0,0.5586252739935109
0.0,1.5360787327713377
1.738999985679984,7.420866009156039
14.22399987578392,19.724913806390177
28.059999566078183,35.150778671571885
40.88199851751328,48.728202968779925
46.7840001320839,56.052787080575854
42.48799829006195,58.300667847188585
43.39500125408173,57.11307627707781
47.30799818038941,51.906224108319314
39.80799908399582,37.05470576154594
27.330000042915344,21.682565960391646
12.837000165581705,10.11693041409933
2.1819998732209207,3.4995890948777904
0.0,0.700920426032448
0.0,0.40875307656996657
0.0,0.3370031559216929
0.0,0.33283422474226404
0.0,0.35176750788465266
0.0,0.4389704789366619
0.0,0.34809090217171695
0.0,0.3095204328116247
0.0,0.32783395553286476
0.0,0.4145907930109091
0.0,0.6060742335224933
0.0,1.5900079658626773
1.4919999933242798,7.800669387110045
14.004999813437465,20.53926236319611
28.791999661922457,35.839360706400576
40.806999635696414,48.60205538058107
48.42700022935868,55.47248838502459
54.706000933647154,57.53572952549438
53.83400182962418,56.134622019961306
49.98299800872803,50.64846221137683
41.92600168466568,35.802466444390944
27.929999313354493,20.723662555144475
13.132999682426451,9.447555272144843
2.1419999732077124,3.269385072220974
0.0,0.6778267879113858
0.0,0.4069423862818102
0.0,0.3375959655798596
0.0,0.3353577612422573
0.0,0.36296773973775603
0.0,0.41650262050974074
0.0,0.35640748312019105
0.0,0.32013620436130524
0.0,0.3322529382546425
0.0,0.3993093171134876
0.0,0.5627265699734539
0.0,1.308236099656208
1.111000014990568,5.687462117063427
6.591999953985215,15.558971569202086
15.585999616384507,28.562962066499196
37.37699928760529,40.941006163023275
42.72899951696396,48.365083794055145
49.7140010881424,51.34693587143951
37.7690006184578,50.35862268401607
48.27100074768067,44.475923924486054
37.97499798536301,29.009969228838703
18.079000734090805,15.54626735177925
6.451999918818474,7.034224462629932
0.4460000084154308,2.560139853687532
0.0,0.6139236078755776
0.0,0.3864588852965959
0.0,0.32846422016964755
0.0,0.32627667407022404
0.0,0.3514343480435815
0.0,0.4435211988425349
0.0,0.3522605191151048
0.0,0.31114059559099233
0.0,0.3310045129154197
0.0,0.4198987951068261
0.0,0.6218372175449725
0.0,1.6308666706758512
2.69200007468462,7.962918830864727
13.892999579906464,20.552871740902468
28.681998974084856,35.675416455652396
42.00699817657471,48.357411226396025
49.38099816560745,55.01714877782817
52.163001930713655,56.98739800470034
50.97100157260895,55.24242036858692
46.86700130462646,49.576907326756654
38.79199982643127,35.30441587165023
26.44800012946129,21.072131614278064
12.010999855399133,9.794362233213654
1.7360000252723695,3.343763278466626
0.0,0.7027190831311997
0.0,0.4187681422733974
0.0,0.34712628421204145
0.0,0.34308759755274437
0.0,0.37158755910757146
0.0,0.38087090950176616
0.0,0.33089806272939354
0.0,0.3222525072104487
0.0,0.36262388669727047
0.0,0.4675087568002553
0.0,0.7297642352541696
0.0,1.8260607813933896
2.435999944359064,8.84963310103592
11.970000439286231,22.947189100987213
25.94900102376938,39.363810154907505
39.83500065326691,51.65761230552791
48.26900017499924,57.15029421935383
52.41099900007248,57.80513660186894
51.08199843883514,54.07103021893745
47.51300142288208,45.064614588901165
38.49699956893921,26.859302773102577
13.082000483870509,13.133183235191181
6.494000134766102,5.659198251149865
0.3580000037327409,1.985105933922194
0.0,0.45537628558878745
0.0,0.2957868995217523
0.0,0.2699128168823064
0.0,0.2879973768748672
0.0,0.3087709442647522
0.0,0.39681335966217524
0.0,0.3618658971652875
0.0,0.35818325960376957
0.0,0.3889905515416193
0.0,0.4980130826236495
0.0,0.7354401638100172
0.0,1.6433631192422766
2.1859999915957453,7.801434244282445
14.319000376462936,20.51021162259934
30.09300042152405,34.43468743131033
42.74000061273575,44.30438052964467
51.209998118877415,47.81221165549407
38.09999886035919,46.464278869410116
39.08099836587906,41.481719055289325
35.738998568058015,33.28291968145754
21.660999418497084,19.618210382589602
24.772999085187912,10.507687325620122
7.204999865889549,4.711814115266398
0.6669999694824219,1.7336882304675676
0.0,0.5389616400163106
0.0,0.3670573836839288
0.0,0.3275993619117085
0.0,0.3405761533706291
0.0,0.3789097772973432
0.0,0.40339046382590044
0.0,0.34830440531572554
0.0,0.32861651885070975
0.0,0.36847898803127777
0.0,0.46691688712603063
0.0,0.6939566644976146
0.0,1.7404993235848878
2.6990000250935555,8.698723004321707
14.229999539852145,22.8281290359748
29.23900030970573,38.49868727776737
41.69299864053726,50.190214719197826
47.77499839305878,55.67069660019894
51.201001703739166,56.68578355629005
53.56799960613251,53.805903510434625
43.51899978876114,46.6329048186603
41.71200202703477,30.116562712009916
27.104999289512637,16.105534773396975
10.56199985086918,7.096929671519749
1.9280000588297843,2.487169922334863
0.0,0.5564436719834653
0.0,0.352284754550752
0.0,0.3209354599806674
0.0,0.3363268982823203
0.0,0.3624024202266012
0.0,0.4022094618572507
0.0,0.37913105744347214
0.0,0.35303891432243606
0.0,0.34907608728635825
0.0,0.39352959656657877
0.0,0.5095613252368512
0.0,0.9370406993837411
0.6719999890774488,3.704303006688971
3.692999915331602,10.456089004707964
3.7240000624954703,19.311052256990543
8.681000412702561,27.262892426370133
12.623999767303468,30.516595553622118
30.20999900579453,30.705076793226066
30.17599954009056,28.902772635252468
24.165999864339827,22.923919725113734
14.741000027656556,12.700155332308437
6.358999990820885,6.654786733335126
0.6230000152811408,3.3275511236933855
0.17700000686571,1.470685367316382
0.0,0.5798614503019759
0.0,0.4115878451760401
0.0,0.35191953778585233
0.0,0.333461796779866
0.0,0.3678262068803926
0.0,0.47139349261288954
0.0,0.416537780763824
0.0,0.37890422369017773
0.0,0.38496926595014325
0.0,0.45435739552331567
0.0,0.6098228673952223
0.0,1.1655249014293325
1.4060000157356265,4.458596037039649
13.3080004966259,12.186063752807538
26.788000948429108,21.993535671228457
13.782999919056891,31.020569410705626
22.14400010466576,36.838353553365934
39.44700046777725,40.38710044426953
29.875999904870987,41.745873569272774
28.14300073862076,37.58498744666468
40.43900106906891,23.787990191326116
15.39199952363968,12.32744725343597
5.86399997651577,5.476813926510424
1.806999944075942,2.090244738659355
0.0,0.5907334302259153
0.0,0.4042025264273434
0.0,0.3528360375381548
0.0,0.3554475556092485
0.0,0.39432833254988275
0.0,0.39536437329791035
0.0,0.3248525575007605
0.0,0.2917307731959519
0.0,0.3143694635573107
0.0,0.38813883494249324
0.0,0.5651378730372796
0.0,1.4975325299682705
2.222000029981136,7.671970387657986
13.490000234246256,20.756827778843522
28.52400097370148,36.2358588043142
42.7070014333725,48.94195627825924
50.88199868202209,55.59431580582126
53.151001386642456,57.3796486910851
51.21199869155884,55.77794394260748
48.41199798822403,50.1736880999016
41.439998085498814,34.57141117375157
26.307000834941864,19.266025616010683
11.50600005865097,8.580239938619913
1.217999972179532,2.9925968183977956
0.0,0.6530396179106733
0.0,0.39397201103957424
0.0,0.32861579431553506
0.0,0.3285943043092287
0.0,0.3482665793541879
0.0,0.5132142302657269
0.0,0.499108859782184
0.0,0.47036433579963277
0.0,0.4397644757837391
0.0,0.4909294258746838
0.0,0.6132892105073582
0.0,0.8871667265549514
2.5080000211298468,2.6742864656363574
5.319000023007393,6.9268365928619025
4.210000067204237,11.89217756600719
2.140999943614006,15.139983850948488
3.1639999218285086,14.767148936911907
4.891999967098236,13.792149928469636
15.359000344276428,13.639500885762574
11.834999781847,11.714579853139933
7.8500002112984655,7.517972205754341
7.523999806642532,4.621911882070168
1.7410000448673963,2.5842545020340513
0.1520000051707029,1.3473162514333408
0.0,0.7262571312753611
0.0,0.5885000865061523
0.0,0.527285154482954
0.0,0.4858340372929669
0.0,0.5172137469475665
0.0,0.480192313989927
0.0,0.4580791911756009
0.0,0.4250888329054453
0.0,0.40023168592044084
0.0,0.44927917830222125
0.0,0.5678957050887383
0.0,0.873889819745044
1.4550000537186862,2.811073576659908
2.916000028252601,7.479727913618999
13.759000235795977,12.949927780821744
12.364999548196792,16.951529384175455
12.421000178456309,17.442289011102446
13.857999827861786,17.07442192308452
22.795999886989595,17.43453526544301
13.193000431060792,15.370197360369328
12.586000183224678,9.775619095333626
7.568000081777573,5.91560786012449
3.757000012099743,3.1688578689189852
0.2040000035613775,1.553742995387338
0.0,0.7751283928977981
0.0,0.5960208586105105
0.0,0.5165422411119313
0.0,0.47127049673853055
0.0,0.49703024099213144
0.0,0.4141465344104162
0.0,0.3568475315987657
0.0,0.331261554219063
0.0,0.35450432482430516
0.0,0.442005126573286
0.0,0.6386145482954257
0.0,1.4805783915707256
2.4439999243617057,7.172742222092188
12.429000415205955,19.142847888691406
24.729999096393584,33.284826321444605
38.4920001912117,44.47586399304253
49.11999942779541,49.74422986068957
54.36799863338471,50.35211923861883
49.2499996805191,46.850026339832496
39.36699810028076,39.20158535057961
32.23999900221825,24.527836494470353
17.069000113606453,13.328384748676218
9.401000153422356,6.008813089097135
0.6259999756887555,2.19361462109932
0.0,0.5942400424916987
0.0,0.3833670543564797
0.0,0.3265962026073086
0.0,0.3308998598645634
0.0,0.36783277847139323
0.0,0.37277492791042066
0.0,0.3452374010535754
0.0,0.33795368330567194
0.0,0.3674148798886958
0.0,0.4553171886301835
0.0,0.6730258444113952
0.0,1.5217266578797224
0.6710000236704946,7.038290345341303
8.560999942421914,18.87652020463757
20.23299926519394,32.92613784340275
36.05100163936615,43.62162604532271
38.58599835157394,47.68607004226391
36.955001690387725,46.86542691896792
40.18300170898438,41.16604423022045
24.758000952005386,31.42630142883305
23.653000857830047,17.299566031367988
16.00100034415722,9.02505837500113
5.215000026226043,4.200099746297575
0.1999999975133687,1.586358285192359
0.0,0.4893171573221916
0.0,0.3310093857713957
0.0,0.29892064416539077
0.0,0.3120879835887801
0.0,0.34566114385320873
0.0,0.4040517513039126
0.0,0.3445239994923489
0.0,0.3138647732083808
0.0,0.3298081639547568
0.0,0.4026808224745909
0.0,0.5748153967571946
1.7689999748766423,1.4051954551021957
12.980000032782556,6.67056247291473
27.596000212430955,18.065879972363607
34.42799905300141,31.80909126974906
34.84100023508072,43.58650652976151
46.44999897718429,49.927081981751925
26.95499947190285,51.671332647485805
36.83400196075439,50.00645631304564
33.5909997010231,44.10793882818292
16.793000161647797,29.210247770501432
9.749000182151796,16.411836209872483
0.3570000062324107,7.496660786772416
0.0,2.7130440868473946
0.0,0.6736642942807025
0.0,0.41366516743670784
0.0,0.34301609544113276
0.0,0.3382251611877363
0.0,0.3659560485619662
0.0,0.37260775832618154
0.0,0.31983829182027884
0.0,0.3022190571318519
0.0,0.327935125941388
0.0,0.4122255787259628
0.0,0.611706776707323
0.7909999804571272,1.5811398470797677
11.1330000603199,7.991867788868996
27.218000836372376,21.355754280324902
39.78100162267685,36.969438687917766
43.88600012302399,49.040750819043105
47.070998098850254,54.794366229544494
46.91800153017044,55.683079635639835
40.63400144815445,52.58112310542793
38.6349980044365,44.90538782820306
24.043999848365782,28.27460179513175
8.932000395059585,14.880980077904827
0.5220000110007823,6.568420605141132
0.0,2.3334123744920667
0.0,0.5656548722223975
0.0,0.3594271659150907
0.0,0.3109336683052403
0.0,0.31993443341655675
0.0,0.33698855220954693
0.0,0.43313514479224036
0.0,0.42424129164796465
0.0,0.43096328345902485
0.0,0.4599311212680142
0.0,0.5763036880466551
0.0,0.8231868648075057
0.064000000488013,1.5497050978259406
5.868999867737293,6.085432445911224
25.32799984812737,15.759629447743007
32.80199971556664,26.842535716430493
37.27200003147125,34.102475269385195
34.29000061750412,33.89801590781854
36.02300183773041,29.36667755756856
11.024999945163728,22.887373958369302
12.357000338435173,15.833761839271485
4.369999924004078,8.608164199213295
2.100000014007092,4.9707629627175125
0.4279999892227352,2.5750161896311163
0.0,1.1187888134495236
0.0,0.513555648955892
0.0,0.40509763038642793
0.0,0.375214026575345
0.0,0.39505984733910027
0.0,0.44759814535068393
0.0,0.38036156441699126
0.0,0.32252948361311395
0.0,0.2988250566745632
0.0,0.32782849751638465
0.0,0.40982288190085053
0.0,0.602396124977664
1.493000022917986,1.5769113711128857
12.572000282406806,8.070073848812859
26.993000082969665,21.6300123904563
39.956998615264894,37.332485846576205
47.4539989066124,49.66866854608354
47.706001229286194,55.83408966929421
46.451999549865725,57.30758513720896
47.4780016708374,55.092458206452086
39.39699847459793,48.648460284234574
24.68799939393997,32.342606587254785
9.506999695897102,17.431958066133863
0.4169999846257269,7.6549702414511955
0.0,2.6835975165049573
0.0,0.5985426920085979
0.0,0.3678992151544028
0.0,0.3160706704221308
0.0,0.32130779841885115
0.0,0.3417337993529776
0.0,0.3821962255588178
0.0,0.3229155719348228
0.0,0.29380120558455125
0.0,0.3206705365260115
0.0,0.3934418120094225
0.0,0.5619441375943128
1.7710000340640546,1.4676312806333731
12.493999514579771,7.467161389325434
26.88499996781349,20.600673413605985
41.1520018863678,36.181423779026076
50.14299863576889,48.851887261589695
53.01999879360199,55.36878949537096
51.91500075340271,57.12756560624503
47.9889980506897,55.220430693470654
39.23599961519241,49.07712581642755
24.53599900364876,32.74318815726241
9.258999545574188,17.52730127376009
0.3729999983310699,7.729176208169366
0.0,2.75346201593102
0.0,0.6153496664248641
0.0,0.37852639804934174
0.0,0.3239797818942793
0.0,0.32545535474975523
0.0,0.3428167771850333
0.0,0.3833854093967829
0.0,0.32380249882538964
0.0,0.29599208491685364
0.0,0.32012300029457186
0.0,0.39328249626014394
0.0,0.5694040817595605
1.4079999465495348,1.4646807927986794
11.758000327348707,7.3397153512709234
25.905998980998994,20.01446546977135
37.07299850702286,35.2743868792209
44.127001349926,47.88039625481261
51.64800029754639,54.41186583356029
50.895000350475314,56.04275729628927
47.88799993991852,53.96966350060701
39.2260008597374,47.51848048099878
24.20500076174736,31.24317821954301
9.000000353455544,16.666877135248804
0.323999992441386,7.335937955984667
0.0,2.6165795809638874
0.0,0.6113024025536846
0.0,0.3786018944446448
0.0,0.31961467074499134
0.0,0.3224929405888066
0.0,0.34164579727021677
0.0,0.4103310433761636
0.0,0.3460233862335019
0.0,0.3073076188506537
0.0,0.32775799832781116
0.0,0.3976927937391133
0.0,0.5646242369351343
0.5279999960027635,1.3625404938160834
10.5839999884367,6.453024337389762
13.996999576687813,17.807914120281744
38.199998738765714,31.620885656147983
45.39999819993973,43.66881302464955
45.59600091934204,50.45033520390908
41.00499881982803,52.850179567051434
45.97900172710419,51.60000751243454
38.05900149822235,45.92795773203906
23.514000082015997,30.470356699823597
8.400000056028366,16.65634881996703
0.2430000023543835,7.486684106293273
0.0,2.710450316781889
0.0,0.6398039544675329
0.0,0.39183373534729893
0.0,0.3334384827316181
0.0,0.3327716122184482
0.0,0.3626969606788771
0.0,0.37989155349563164
0.0,0.33106913529561105
0.0,0.31216841056709377
0.0,0.3449468946869185
0.0,0.4333632299629606
0.0,0.6323371479922231
1.5590000505000354,1.6206171151190483
11.11600032746792,8.128285996184184
26.149999012947085,21.81625077424481
38.64099972248078,37.35150841534448
48.2570008468628,49.32791575970196
50.31199978590012,55.01308054795122
49.50500080823898,56.024111291519745
45.73599992752075,53.32229496038637
37.08899898052216,46.24181356112853
22.86100001335144,29.575188863312356
8.142999896109105,15.644549035897178
0.1699999922700226,6.912594356271022
0.0,2.4668091956680427
0.0,0.5760472158750173
0.0,0.36464945427390816
0.0,0.32314258141001606
0.0,0.3315769002731808
0.0,0.35284234205493725
0.0,0.3553234305048723
0.0,0.3217495763898944
0.0,0.3084948778173747
0.0,0.33103823921261977
0.0,0.3984516593894261
0.0,0.5606569698845688
1.1370000141859056,1.273757160122353
7.638000099360943,5.895873502825695
15.34599970281124,16.792138416493845
25.61399958252907,30.608477286281207
24.513000633716583,42.41928536913717
40.088999440670015,48.55586479638091
47.22799992084504,49.83443035253959
37.37499871492386,47.183753715117284
35.786001756191254,39.264752014841015
12.375000357627869,22.474546050774983
6.386000019609928,10.716780460033242
0.0839999986346811,4.703658101737226
0.0,1.7971310452044102
0.0,0.4949549137802417
0.0,0.32900463391293316
0.0,0.29094502375522835
0.0,0.2989819293850472
0.0,0.31661094228827913
0.0,0.4924030741868339
0.0,0.44826189257707294
0.0,0.4005130891379326
0.0,0.3843446686409467
0.0,0.4226421670113923
0.0,0.5286172829487746
0.0,0.8572581016812982
0.1439999930746853,2.8716012326740725
3.420000052154064,7.887539548419191
7.339000236988068,14.320408283691853
17.521999398469926,20.017714150902716
21.51400045990944,22.722008764370837
26.872000353336336,24.598352229427277
29.29199905395508,27.236771986248307
15.951000404953955,25.481209930246738
12.662000378370283,15.799422272433084
5.375000139772892,8.329859160527484
0.0,3.903076997930525
0.0,1.6810337399750446
0.0,0.651846765073496
0.0,0.4784601691037603
0.0,0.4213281760511432
0.0,0.4017590289683449
0.0,0.43344907848819425
0.0,0.37803856198743196
0.0,0.3261233979510981
0.0,0.30401120877924825
0.0,0.3312307654840174
0.0,0.4112643571180049
0.0,0.60466675432455
1.1720000229775906,1.503889525088175
11.499000108242036,7.371522157250061
25.74899921298027,20.125395339185282
39.21299919128418,35.16927945357261
44.77800084590912,47.197666823686994
49.238998584747314,53.2130450228477
47.02300078630447,54.39024204437704
42.88600133895874,51.860768064749216
32.6190007185936,44.84785344062368
20.886999620199205,28.056967431125436
4.695000042319298,14.387086307744791
0.0,6.232844104703907
0.0,2.253526233036705
0.0,0.5544017511443965
0.0,0.3572295348766458
0.0,0.31396652716061424
0.0,0.3252738698954397
0.0,0.34597402013446565
0.0,0.4214189939558872
0.0,0.38940815978864185
0.0,0.37858461679307504
0.0,0.4049184024049516
0.0,0.5016938673934961
0.0,0.7087384002906784
0.7629999862611294,1.4433390432846787
10.581000156402588,6.296969524675646
25.31399994730949,17.00299803879829
37.11800112247467,29.262207989419917
40.31499842643738,38.260652272101204
36.71400046348572,40.863012610022345
25.74099897623062,39.03285532263527
20.166000620126724,34.98163985009523
30.606999714374545,28.105834125404435
13.594999490380289,16.26758439766776
2.3430000163614757,8.752967832481737
0.0939999977080151,4.026172996700011
0.0,1.5834603564719107
0.0,0.5587029738642078
0.0,0.40246565561614456
0.0,0.361358112959879
0.0,0.37283658790227037
0.0,0.4108594944771298
0.0,0.31903533866426986
0.0,0.2949280947306541
0.0,0.29539928099198454
0.0,0.3283827681485691
0.0,0.40530284661609806
0.0,0.605967759242626
0.1830000079143792,1.413737669545619
9.019999918341638,7.302130138951622
13.479000165462494,20.109042661044505
39.97400142908096,35.89785057111044
48.775001285076144,47.724760127286615
52.1879988193512,52.12713219718984
43.80499952316284,50.59514007015302
35.64799921274185,43.29388020147263
26.175000009536745,30.984839274638638
18.89199937582016,15.29053070903078
3.4110000425577165,7.017754216206766
0.0629999989760108,3.1333050371575943
0.0,1.2310810995002188
0.0,0.4038185161937756
0.0,0.2780643529660426
0.0,0.2530657967016971
0.0,0.2728403880360896
0.0,0.2907913077917941
0.0,0.49650360948285105
0.0,0.4842861548413125
0.0,0.4553510594894982
0.0,0.42429126634953773
0.0,0.45815468101394224
0.0,0.5571048385200214
0.0,0.7616420060281998
0.7340000266581774,2.1690249285237018
3.6149999177455903,5.725196347098765
2.581999900341034,9.896618528848407
0.1889999929163605,12.511580836386164
2.2860001267492773,12.161576800059258
4.557999839186668,11.548890722316465
4.871000115871429,12.255991063956182
7.509000132977962,11.115012495525145
0.6430000294744969,6.936852132089234
0.0,4.111635376938177
0.0,2.2857891889914432
0.0,1.246697070079981
0.0,0.7085281304487959
0.0,0.5813446101185155
0.0,0.5435894644183125
0.0,0.5006076550220802
0.0,0.49378499686523825
0.0,0.3520080832475769
0.0,0.3243473065398773
0.0,0.322780719068138
0.0,0.3612234878508536
0.0,0.45676353528940006
0.0,0.680603939891823
0.9070000114291906,1.6001377188063408
11.371000428199768,7.940303577396433
26.19900071978569,21.4608012402554
39.56700196504593,36.724064928846914
49.5969983959198,47.66369919196699
50.481999168396,52.06274846832067
43.62100023984909,51.443185087889304
37.843001267910005,46.37950657507302
20.153001005649568,36.6600595494597
15.295000504255295,20.04976219434895
3.451999972164631,9.59685718420013
0.0,4.164761944903117
0.0,1.5660115653070452
0.0,0.45883807339918525
0.0,0.3115383981250891
0.0,0.2857716397696794
0.0,0.30349504476629585
0.0,0.32796689921531225
0.0,0.39384730383681493
0.0,0.32913249464912986
0.0,0.2849028085826957
0.0,0.2879965982903394
0.0,0.3341294113832391
0.0,0.44792296400825127
0.0129999995976686,0.9827244318983192
1.3819999473541975,4.300227380524536
5.298999944627285,12.463697703346153
18.65200048923493,23.539030760306492
39.14700083255768,34.67176530191039
51.97399916172028,42.19167248934869
50.56299976825714,45.58751213221144
45.7319987821579,46.5059028087076
36.2639989566803,42.04636479660328
21.71699902176857,26.852446151867536
6.7869998195767405,13.531579700536094
0.0320000002440065,5.966629073573636
0.0,2.3533409904642326
0.0,0.679129921525882
0.0,0.4285680412554048
0.0,0.34192818188071494
0.0,0.32592053087444545
0.0,0.3451021656897633
0.0,0.3577670115949385
0.0,0.3075567635689963
0.0,0.29058493334575797
0.0,0.3247074400923936
0.0,0.4089198634079505
0.0,0.6050818643581293
1.0269999682158233,1.5298615814232144
11.044000250697136,8.188804861333042
24.45699897646904,22.41104493821897
38.54700156211853,38.444033778976745
47.99700034141541,50.195621704555386
50.24600142717362,55.515133853418526
49.51200075864792,55.893793460531334
44.95700075149536,52.61483776712531
35.80799983978272,44.754218972372016
21.37700025677681,27.16393420898254
6.526000054776668,13.233234690315985
0.0320000002440065,5.551627207593509
0.0,2.0165680819403162
0.0,0.5112946205210095
0.0,0.3318321914466864
0.0,0.29469235680429423
0.0,0.30937791230854983
0.0,0.3284329021328307
0.0,0.35475207936012704
0.0,0.3086213999166926
0.0,0.2893528460594802
0.0,0.3181957709403143
0.0,0.3954355613322289
0.0,0.5725855912820949
0.9759999994188548,1.4234849441410535
11.07000050663948,7.385282193650859
25.359000508785247,20.479240190056462
38.82999838352203,35.75000598872014
48.08399855136872,47.58675424906204
51.0040007519722,53.213778782057624
50.13700102567673,53.88390441317452
45.61000082015991,50.90100752071114
36.15199975013733,43.48398950582869
21.59900015115738,26.685126139105563
6.426000176370144,13.409245355390015
0.0320000002440065,5.744947376522781
0.0,2.1135046372043242
0.0,0.5541279854453766
0.0,0.35513039980681127
0.0,0.30544576636926635
0.0,0.30944960036468405
0.0,0.3286487723750082
0.0,0.3549008662513068
0.0,0.3121314104632118
0.0,0.2984696119402368
0.0,0.33045922979227116
0.0,0.41505672527770754
0.0,0.6110728160075181
0.1069999973056838,1.5110249651623486
7.636999813020229,7.862686870550908
22.82800083398819,21.512933202294484
37.7530001449585,36.89575967389973
46.93599846839905,48.30905143116066
49.80399810314179,53.58823859956696
44.669998676776885,54.04610723435847
39.482000219821934,50.723031430142335
35.41799908161163,42.96168928125361
21.085000858306884,25.942575711207155
6.051999891698361,12.898344495122089
0.0320000002440065,5.483431278155212
0.0,2.0124193909975605
0.0,0.5322348197473534
0.0,0.34493867816544177
0.0,0.30502434927645483
0.0,0.31793131766717486
0.0,0.33874893144953616
0.0,0.3404019398913283
0.0,0.29973855461107196
0.0,0.2879422754451104
0.0,0.32247338772419143
0.0,0.4026426929951914
0.0,0.5876707598374948
0.9169999864324928,1.4908762716497532
9.928000087738038,8.0977350288717
24.69800020337105,22.478610264309054
38.88299918174744,38.52532389386878
48.39299870967865,50.162622986490504
50.91500196933747,55.45685869198472
49.12100176811219,55.82252002893351
44.29299958705902,52.53418892479571
35.08400203466415,44.627166060452566
20.734000997543337,26.81593579858547
5.816999869346619,12.895595245622731
0.0129999995976686,5.394346959018743
0.0,1.9883324433869423
0.0,0.5145276645811161
0.0,0.3310500305686992
0.0,0.2911107451142398
0.0,0.3029742690350029
0.0,0.3207962164747411
0.0,0.34704389122364676
0.0,0.31022061048724064
0.0,0.2972837093947862
0.0,0.32930407533308015
0.0,0.405890410672214
0.0,0.5914591532377992
0.740999977067113,1.459590075788477
10.137000367641448,7.489031543048796
23.875998984575272,20.811766250163018
37.063997983932495,36.00375415160842
45.94999958515167,47.44100233059767
48.66400031089783,52.63920592805768
47.76099849224091,52.985851278026914
42.20399912834168,49.51891075752889
34.16700031518936,41.55701277673307
19.9809989964962,24.551058658407385
5.352000229358673,12.212652194702375
0.0,5.289500133607152
0.0,1.974706103876766
0.0,0.5298438917620646
0.0,0.340134484967206
0.0,0.3039657060575707
0.0,0.31510686992121817
0.0,0.33483871756671013
0.0,0.35147439684343135
0.0,0.306474667663119
0.0,0.28904408796407166
0.0,0.317471528878279
0.0,0.3967440149507391
0.0,0.5849880871075999
0.6199999906867742,1.4843104440235648
9.17500014066696,7.91074917803455
23.051001014709477,21.653649658066698
37.34400010824204,37.245815428236035
46.951000709533695,48.888189572072285
49.6659996676445,54.096446851851994
48.19799833059311,54.15769796183105
43.52599973917008,50.67728552179213
33.41799945950508,42.676112873602705
18.79299978375435,25.40858698154581
4.674000191092492,12.456011207348034
0.0,5.280871717743945
0.0,1.9670380683650306
0.0,0.5326586788951695
0.0,0.34519991261569843
0.0,0.3020972010378242
0.0,0.3130000238960094
0.0,0.3332179727221285
0.0,0.36248949077411835
0.0,0.3205977955857408
0.0,0.3135640130072623
0.0,0.353480363136467
0.0,0.45181689163564714
0.0,0.6654969823664922
0.6179999956861139,1.6404170937402565
9.15300000309944,8.493892713986803
22.14000101327896,22.9721168793008
35.35499952793121,39.020689168854204
44.03700022697449,50.31604776824886
47.08600033998489,55.13319843200684
46.17799914360047,55.15910160842202
41.68799926280976,51.02035869408594
33.07199897646904,42.03787289550828
18.75100008130073,24.39398795269916
4.693999755978584,11.75592978596109
0.0,5.005694599790793
0.0,1.8517289611278929
0.0,0.48755778581423126
0.0,0.32692659473411934
0.0,0.29705768833733304
0.0,0.31633102864955426
0.0,0.33713443835221163
0.0,0.42566314762038054
0.0,0.3696403818373752
0.0,0.3247683004526222
0.0,0.32429297256347983
0.0,0.3714143034066293
0.0,0.49427852392462107
0.1400000030733645,0.9786896466524251
2.9240000082552435,3.7790448153303036
7.835000024139881,10.764893022596254
16.317999712228776,19.83151958765283
24.480999686717983,28.616588399384263
36.23300034999848,34.348474526110145
41.47300137281418,37.72808478633152
38.657998428344726,39.605236658078866
30.770999432802203,35.99137637544535
18.31400024294853,22.32787937371563
4.383000051975251,11.615331705412572
0.0,5.2526240564391085
0.0,2.1035399484759796
0.0,0.659045957063847
0.0,0.4390748629088666
0.0,0.36856571416691497
0.0,0.35375161562591323
0.0,0.3809840913112882
0.0,0.32949804827280116
0.0,0.2986657617458245
0.0,0.287059771018322
0.0,0.3149022316709826
0.0,0.38037256793786645
0.0,0.5517175961085033
0.1329999965010211,1.3420682510377466
2.7450001026690005,6.473156135665089
19.38300029873848,18.47085882528601
35.40899855852127,33.374702638533925
44.93499855995179,45.6839269064451
48.1590015411377,51.77074640010035
46.93000085830688,52.64126281332473
43.68699859857559,49.643938777551824
32.00700006604195,41.51033327680621
17.941000244617463,23.471246878456917
3.993000064045191,10.8445296524909
0.0,4.6234674406723375
0.0,1.7657225332725417
0.0,0.4797949749720745
0.0,0.3164870582877673
0.0,0.28170059005058734
0.0,0.29189204996822926
0.0,0.3055369383306658
0.0,0.3805643223995193
0.0,0.32792739817267036
0.0,0.29928835995617686
0.0,0.31711019963848697
0.0,0.3858053029559093
0.0,0.5521857168486706
0.0570000019390136,1.265976690837022
5.796000018119813,6.011466044294925
15.574000288248062,16.865757177159328
29.8360007750988,30.329321178359343
45.51299974679947,41.76136236831938
51.24500197887421,47.97893588144016
48.83800083875656,49.46639267092269
44.74199875354767,47.44497217839228
35.67300020933151,40.52472183569722
19.27399989724159,24.300473173580237
4.936000242233276,11.96461564036466
0.0,5.137185785292609
0.0,1.9562617822522108
0.0,0.5467595710700897
0.0,0.3548588831920498
0.0,0.3019971996690961
0.0,0.30411872464874434
0.0,0.3338104262997659
0.0,0.3672015240255244
0.0,0.3220345572911503
0.0,0.3067069509734327
0.0,0.34231033787492643
0.0,0.4341495040063344
0.0,0.64222820392321
0.1419999980740249,1.5585114708429633
7.452000243365765,8.029826312005131
23.25499986290932,21.884363504492626
34.84000200271606,37.21889221598626
44.24699873924256,48.43538707661042
45.91900097846985,53.737654396104915
48.40899918317795,54.38232981300673
43.60799857139588,51.33931130982131
34.33499912500382,43.69298780224885
19.22000086665153,26.300615338202086
4.412000139951706,12.719611574990717
0.0,5.26717376635153
0.0,1.9310284124444104
0.0,0.5044766443539582
0.0,0.3337023281304466
0.0,0.3005611754818856
0.0,0.3192148467907605
0.0,0.3442431695472672
0.0,0.4809645247246299
0.0,0.40859915295422883
0.0,0.3449652017272177
0.0,0.3365498151608897
0.0,0.377328478812086
0.0,0.4791882690462909
0.0,0.8517354955675868
1.517999992519617,3.307545432500191
5.728999832570553,9.43979726501828
6.81700019389391,17.08058290485579
9.650999849438668,23.884633243643577
22.511000438928605,28.086541077370796
20.79499997854233,30.908809573767524
40.37200037002564,34.223372206144695
32.04099953174591,32.54393801232176
18.02800050854683,20.940683307749325
2.8470000402629374,11.11736861188152
0.0,5.024904654866138
0.0,2.1504014450526827
0.0,0.7813599121278932
0.0,0.5278885870959243
0.0,0.4356573989103051
0.0,0.4056248440832226
0.0,0.43821671141239893
0.0,0.3695602003449091
0.0,0.32754317146496204
0.0,0.3105472084319023
0.0,0.338248884812112
0.0,0.4191068294576979
0.0,0.6100543758808606
0.0389999987930059,1.4390106668422225
5.014999755918979,7.1813111999549
22.13599986791611,19.788134575447494
36.20900169372559,34.52712367575907
45.889998836517336,45.75446824595587
46.27999959468842,50.78670422655903
36.65800086021424,50.838753197438244
36.737000887393954,46.91736662431267
33.088999736309056,38.33033283613361
18.572000175714493,21.885997208854484
4.198999998420477,10.646421182173015
0.0,4.599639102669666
0.0,1.7497058812113675
0.0,0.5064957250528663
0.0,0.33793676418699226
0.0,0.30029221328416933
0.0,0.3125689098870731
0.0,0.3388135190474211
0.0,0.33143602585318854
0.0,0.320412140951895
0.0,0.3353496426151058
0.0,0.381327901874736
0.0,0.48675710279023937
0.0,0.7234514207267037
0.2729999915510416,1.6080073268366064
8.616000286340714,7.878693994417943
22.22400041818619,21.35355573356957
36.19699825763703,36.649503480246224
45.86199903488159,46.873950560511226
45.59299800634384,49.87697792363774
43.06599947690964,47.194727381508756
35.82600088596344,38.9406051899917
31.5459995174408,26.781982322528034
13.588999826312063,12.586705289776035
4.736999744772911,5.759017756165787
0.0,2.6062000730431985
0.0,1.066557156294605
0.0,0.3915027132554047
0.0,0.2862813806448985
0.0,0.26842203112653723
0.0,0.2917648479217682
0.0,0.31538482800619666
0.0,0.439851614948678
0.0,0.39339821385010887
0.0,0.3537739727533619
0.0,0.3483401845086773
0.0,0.3993780224643798
0.0,0.5254487916278046
0.0320000002440065,0.9423360663705099
2.761000062674284,3.603341783727501
12.521000056862832,10.201913412803123
20.376999418735505,18.207768284320995
23.72200007557869,24.83802460795868
26.420000327825548,27.78024732237922
15.840999717116356,28.684145649306622
17.371999580860138,30.01245313264209
25.712000942230222,27.092328065026997
11.191000236272812,16.31780151353687
1.2999999597668648,8.631591478401708
0.0,3.9758530954872047
0.0,1.7129275509843767
0.0,0.6708609301105942
0.0,0.4774565041789298
0.0,0.4079361439085021
0.0,0.3908994431127465
0.0,0.4159049272150729
0.0,0.3708059003832523
0.0,0.3593791003268133
0.0,0.36015818385279824
0.0,0.38523342728657967
0.0,0.4696932596705716
0.0,0.659093413990869
0.1830000079143792,1.2706916997874347
8.853999627232552,5.33276056208182
21.523000982999804,14.749441422795995
26.257000895738603,25.999062867920543
32.35599935412407,34.23142928616342
39.42300181150436,36.60371073190574
39.63500089645386,35.10767550189183
27.060999014377597,30.793819601144573
19.04500005245209,23.055013938105038
5.807000086903572,11.867873849452547
0.9749999698251486,5.918196628879828
0.0,2.7738341757534206
0.0,1.1869853809736834
0.0,0.4760818997291653
0.0,0.35257808953878933
0.0,0.3237348774817275
0.0,0.3363147625206892
0.0,0.36714357668401876
0.0,0.360115087777541
0.0,0.32199097363865103
0.0,0.3092677076541031
0.0,0.3440569904907651
0.0,0.43524611655501877
0.0,0.6408393317709067
0.3509999891370535,1.5252027856284927
8.605999990403653,7.6514555378147495
22.414999651908875,21.01226076337992
34.86600123167038,35.899720212075145
42.930999846458434,46.789457763777115
44.66799810409546,51.74304346224416
44.96699950695038,52.14037800450263
38.42700006484986,48.72425228020494
31.8230007827282,40.76753665598659
17.321999641656877,23.768156677834867
3.6419999465346335,11.485748876034004
0.0,4.815079261603589
0.0,1.799293313577854
0.0,0.5012284556206429
0.0,0.3373214458533367
0.0,0.3036899756199381
0.0,0.3196645403874242
0.0,0.34423291368190995
0.0,0.33129856786955314
0.0,0.3009203903017461
0.0,0.29265568995476354
0.0,0.322254131672311
0.0,0.3957863588078217
0.0,0.5721889282348167
0.3180000074394047,1.3509678850767304
8.461000064015389,6.666347044750151
17.9070007789135,18.8231352983921
29.33099995136261,33.407656702781324
43.41199995994568,44.74730076655752
46.32899924755097,50.070960654694446
44.99200050354004,50.457978768150504
40.26399820089341,46.847169939607305
30.85899998307228,38.35305655021634
16.89499958574772,21.25726163407451
3.337999936193228,9.937056332656066
0.0,4.244684054103499
0.0,1.6506291736754881
0.0,0.48805607245459137
0.0,0.32415808967046744
0.0,0.28778899162753224
0.0,0.29754008485088324
0.0,0.3146669690647177
0.0,0.44187503332683625
0.0,0.42906323457985346
0.0,0.41147684250413097
0.0,0.406669197913246
0.0,0.4596486287546546
0.0,0.5946632195138849
0.0,0.9570374215867008
1.9090000100433824,3.2648526724171747
9.18499992311001,9.001400708301198
11.019000281095504,15.601304903835349
8.470000073611736,20.16621505001197
15.739000293016431,20.62091637290572
13.355999863147735,19.722207058276616
22.912000238895416,20.258719618781438
15.90499955713749,18.103403068430076
6.21499983727932,10.697676846690918
1.7419999460875988,5.913295915220962
0.0,2.8801936746450014
0.0,1.330024338374034
0.0,0.6382416597827114
0.0,0.4988144734696415
0.0,0.4614296074298978
0.0,0.43936315960720745
0.0,0.4512667547773396
0.0,0.3333458395688421
0.0,0.30769719636771775
0.0,0.30252842766764376
0.0,0.3388871543882743
0.0,0.42208807404759974
0.0,0.6112255262080436
0.1949999939650297,1.4756212159463762
7.826000014543533,7.420285010646026
21.17199906826019,20.6954582997213
33.413000081777575,35.88835161381886
41.90300126075745,47.13697095301862
45.82400047779083,52.035628580312576
44.587999844551085,52.19119725372208
39.61099813222885,47.99815851858621
29.2569993019104,38.90818376645081
15.420999611616136,21.479468849715268
2.9379999090731146,10.128400820203542
0.0,4.356587460145859
0.0,1.6650905594382317
0.0,0.47984907316656494
0.0,0.32134915338155995
0.0,0.29332597731151167
0.0,0.3059022194277968
0.0,0.32275555228306396
0.0,0.315209697533715
0.0,0.31798922778867256
0.0,0.32457526353748267
0.0,0.33776711656247027
0.0,0.3850412605839634
0.0,0.5089520459393139
0.0,0.9522394210041825
3.633999966531992,3.828513951709221
14.566999499797822,11.132822767594783
13.443000127077102,20.823273997371118
29.79699987769127,28.87132412779808
33.630000598430634,31.285647788035845
23.16300022125244,29.584630909968915
16.08600003540516,26.149902863976116
10.001000450849531,19.11664223682945
6.320000120401383,9.151004324163655
1.0220000128075482,4.356538310304689
0.0,2.148343783551005
0.0,1.0316243540716774
0.0,0.4711730018889622
0.0,0.3554023458721719
0.0,0.3249184858155004
0.0,0.31607428094245565
0.0,0.3190619998795501
0.0,0.45627389520587547
0.0,0.4156745800958453
0.0,0.37240777262120905
0.0,0.3517592216132643
0.0,0.3877083862194194
0.0,0.48521793055130447
0.0,0.755421275420376
0.457000013012439,2.5734493824651707
1.8249999632686376,7.167712429577721
2.980999897867441,12.673902914658061
10.048999817371367,16.902216771601857
8.115000094473363,18.262584554338193
14.2570000821352,18.626169864875024
25.482999043464662,20.76746958380705
21.150000984668733,19.47861329540836
9.814999567866325,11.805808754166565
0.4870000022090971,6.39246895914229
0.0,3.1316204188243626
0.0,1.5367568095058988
0.0,0.75008969758868
0.0,0.566763700247905
0.0,0.49365208825844714
0.0,0.44720269114683936
0.0,0.44148928009757277
0.0,0.3296849908358632
0.0,0.29810597213131534
0.0,0.2942215714533096
0.0,0.3327934424279505
0.0,0.41852082729504503
0.0,0.618652591646625
0.2280000077560544,1.4798246221003295
7.079000245034695,8.040869673918987
20.53000009536743,22.205385611447156
34.300999659299855,38.014149478046285
43.41199995994568,48.99610921243402
47.59900140047073,53.334348286148064
46.25499859809876,52.29796365319659
40.79099916219712,47.31171655445863
28.409000908136367,37.680877373166346
13.297999687194825,20.28262472131959
2.5069999915361403,9.11417091239192
0.0,3.796279844511708
0.0,1.4759089632945381
0.0,0.4549256966690173
0.0,0.3101471607003232
0.0,0.28193109089642954
0.0,0.30225432495798366
0.0,0.321101025569242
0.0,0.32441819246170983
0.0,0.31900953216984873
0.0,0.33871211749688884
0.0,0.3917345762472134
0.0,0.4971305802077892
0.0,0.7331968662071948
0.024999999689171,1.5640410198515031
3.7670000512897968,7.841466401025787
18.701000142097477,21.308464891917723
33.318999867439274,36.43393778124515
42.226001319885256,46.18789661375883
46.577998657226566,48.281831630470194
40.19099989175797,44.089292348452894
39.86099988222122,34.9140341530262
24.795999509096145,23.090311193835777
8.199000012874604,10.45346202522387
1.6509999489039182,4.687927830344959
0.0,2.1331753916741105
0.0,0.915929168583676
0.0,0.37101160078605483
0.0,0.2777579184572005
0.0,0.26366401683279556
0.0,0.28950608302454023
0.0,0.3154738986354081
0.0,0.33640984597182294
0.0,0.30393522585712396
0.0,0.2980505302898821
0.0,0.33877647764955354
0.0,0.43187947436776614
0.0,0.6478014530907766
0.1199999969033524,1.55265080859259
6.752000067532062,8.17821089606349
20.19899979948997,22.474347759396192
34.037000062465665,38.07132231885962
43.05800129413605,49.05174434417407
47.11699894666672,53.78945627374177
45.4540013384819,53.34316101466378
39.23599961519241,49.263279683389726
30.635999802351,40.430310349378814
15.634000009894372,22.300836511901178
2.726000053882599,9.935043017532196
0.0,4.042923965207431
0.0,1.5456329215615212
0.0,0.45649369560358516
0.0,0.31241040893747357
0.0,0.28442979535119517
0.0,0.3051285812645397
0.0,0.3274307256834264
0.0,0.333841001482236
0.0,0.3045930353339149
0.0,0.2998205093758255
0.0,0.34196610018949397
0.0,0.42853693704249324
0.0,0.6361532011770518
0.1270000034756958,1.5133579785234574
6.845999768376351,8.074278770417354
19.77399928927421,22.281580363989374
33.41199979543686,37.953446848037466
42.17300052165985,48.84322722830594
46.16599981546402,53.2203903620511
44.1769992351532,52.359911032487645
36.79799986839294,47.52725220626725
28.989000613689424,37.959626756151124
14.35000001013279,20.28313475256259
2.7860000322759157,9.041356920271008
0.0,3.7427795234371404
0.0,1.4532258171607841
0.0,0.44481277905307703
0.0,0.30267193104388235
0.0,0.2807282553079294
0.0,0.30243992384634755
0.0,0.32410032036891656
0.0,0.3355533112008804
0.0,0.30771226952389025
0.0,0.30371716501824114
0.0,0.3431030555190981
0.0,0.43311223624375783
0.0,0.6409916304072802
0.1140000038780272,1.5206091605350598
6.634999942779541,8.036503931302358
19.900000450611117,22.18492923052122
33.612999838590625,37.57598815918103
42.23899888038636,48.256516788060544
46.45499835491181,52.60580220450644
44.95200137376786,51.74853709558281
39.575998380184174,47.161659576033024
30.11999993681908,37.92253227280359
15.28799952685833,20.372928308610664
2.641000105887652,9.099534861717522
0.0,3.7594343529569714
0.0,1.4706324797744714
0.0,0.4588388619677436
0.0,0.31616156584990057
0.0,0.29009331280907624
0.0,0.31025272890720473
0.0,0.3314549767540763
0.0,0.32278194901166857
0.0,0.29662316712389986
0.0,0.2972328622683373
0.0,0.33531760915486
0.0,0.42376110752941154
0.0,0.623174306167834
0.0890000021830201,1.4801835878156537
5.958999963700771,7.980399346052942
19.85499988913536,22.10725972754928
33.300000588893894,37.80370897361737
41.6710005569458,48.56899861637834
45.86399960756302,52.71878890808749
44.462000737190245,51.37323463341984
38.945000503063206,45.964406051683326
29.270999202728277,35.83737670923752
11.990000004172323,18.605694865689955
2.266000048369169,8.199276867729782
0.0,3.4341381827244777
0.0,1.3671882408005867
0.0,0.4448940556947806
0.0,0.31058814192235956
0.0,0.2803068294023591
0.0,0.2985517797592938
0.0,0.31540229926003577
0.0,0.314207793461721
0.0,0.2990400512444783
0.0,0.30829083230081183
0.0,0.35470773985353465
0.0,0.4497899490177606
0.0,0.6639027102976205
0.0129999995976686,1.5131734918501403
6.23699997484684,8.073511619832836
19.271999324560166,22.188389835982473
32.10800023078919,37.67102335648159
36.62399934053421,47.92914806449485
36.15199975013733,51.28932064673971
41.00899996519089,48.93561773991979
26.18500081896782,42.20020949568377
23.86499994277954,31.288179247828857
9.387999511957169,15.44262089071124
0.5200000160001218,6.8204418466786505
0.0,2.9165716669514197
0.0,1.1893361410565906
0.0,0.41854092608840343
0.0,0.29629687981957503
0.0,0.27306437085211344
0.0,0.2924843512155439
0.0,0.31435109925883203
0.0,0.4201969581782807
0.0,0.421923425963742
0.0,0.42229592274595706
0.0,0.4241277822804415
0.0,0.48949214040414224
0.0,0.639610636788873
0.0,0.9905736034527333
0.3670000133290887,3.4094756359930365
4.717000179886818,9.218530078859905
12.607000034451485,16.08033853969429
10.657000351548197,20.10667815704835
10.371999876499176,18.94272314239133
7.19300002425909,15.939704507963754
10.037000489234924,14.059609525564266
7.145999917089939,10.810579745657439
2.003999997228384,5.94655911445064
0.0510000008903443,3.2887225576296255
0.0,1.7623923970508257
0.0,0.9622720516135856
0.0,0.5504485326738351
0.0,0.4611249519059786
0.0,0.43918831873521225
0.0,0.42589138814256805
0.0,0.43579133228067396
0.0,0.4141920575330719
0.0,0.4055572935358809
0.0,0.3902561459869089
0.0,0.37628827821194677
0.0,0.42202993017436174
0.0,0.5355214072406237
0.0,0.8004218983684342
0.0190000006463378,2.5925351425606675
0.662999979481101,7.047048119433956
6.5390001827478414,12.374228981889537
14.563000408411026,15.848098794228505
16.256999704241753,15.671532993838884
12.478000068068503,14.424252841925373
9.897999713420868,14.490391475546783
7.794000094532967,12.403084376973695
3.101000111401081,7.197662121518988
0.3320000045374036,4.017841685348122
0.0,2.143184517704156
0.0,1.186635114606803
0.0,0.6823711220023446
0.0,0.5538145030759922
0.0,0.5156392540373794
0.0,0.4728314202935622
0.0,0.4478265810745966
0.0,0.43353155302819946
0.0,0.38937402365457674
0.0,0.3553951998407433
0.0,0.3592053576215958
0.0,0.4245213500428323
0.0,0.572864578686202
0.0,1.0568161197353934
3.3099998778104784,4.28571582815952
11.808999525904657,11.998689550931012
26.416999468803407,21.284677158840587
34.300999659299855,28.641634518535817
26.41599918246269,31.522997444063034
19.73999982357025,31.469373138637856
21.65100066304207,30.94833995398021
18.25900092601776,26.53237830297482
10.266999593377111,15.495255092835766
1.9759999388456344,7.966877829691385
0.0,3.631328776972696
0.0,1.5712696242818986
0.0,0.6170538090189502
0.0,0.44720743840915345
0.0,0.3895266918221166
0.0,0.38396233433819715
0.0,0.4194933315149516
0.0,0.39765107878875694
0.0,0.3663877428392399
0.0,0.341584677108955
0.0,0.35156948652090003
0.0,0.4134339454814083
0.0,0.5574492924251033
0.0,1.0529593101341104
2.4480000427365303,4.3181816110893765
12.048000180125236,12.123477693073808
13.810000461339952,21.675446181258305
38.13800152540207,29.3458154114502
37.0029990029335,32.24338348190373
31.41400074601173,31.90345795967456
27.678999330997467,30.722155917729193
24.347000342607497,25.745018138232535
14.240999608635905,14.573727981874523
1.975000037625432,7.410782930200894
0.0,3.3980189942949637
0.0,1.4805520158080894
0.0,0.5848104332195551
0.0,0.4180519757445831
0.0,0.3681265373304912
0.0,0.3585490225626244
0.0,0.38922114639401195
0.0,0.31016916651813353
0.0,0.2906775935492086
0.0,0.29273286103149776
0.0,0.33231464428054597
0.0,0.4119920955588083
0.0,0.6017875535674339
0.0320000002440065,1.451176132307588
6.0159998533129695,7.7473172148723
18.625000973939898,21.749092331760032
31.473999440670013,37.37146611744594
40.2140003156662,48.29829188065901
44.53499904632569,52.753550462534925
43.23700119972229,51.978098192010705
36.98100091934205,47.29946427209843
28.3630000603199,37.71103670486336
14.040999851822852,19.689507648294715
2.078000004813075,8.525811182533577
0.0,3.4934737370042606
0.0,1.3848322105039292
0.0,0.43712674612164415
0.0,0.3007595115308229
0.0,0.27724364226669845
0.0,0.29443592266408497
0.0,0.30788662912976156
0.0,0.4026771101522009
0.0,0.4008455730618102
0.0,0.39681801908592557
0.0,0.38429136269100583
0.0,0.4312436311288293
0.0,0.5462261130910735
0.0,0.8173206794505419
1.0449999874085187,2.6348770598439404
5.423999792635441,7.205472323614746
4.033999993652105,12.703640769450004
4.557999839186668,16.101626209584374
8.03499978095293,15.569089474879162
7.821999896168709,13.820624393072869
11.52500036418438,13.347387807546616
18.59600088596344,10.922747472850395
5.6980001989007,6.065391932898197
0.6430000294744969,3.3338269010032993
0.0,1.8171579675809335
0.0,1.0487669882222361
0.0,0.6292589386027564
0.0,0.5245698541233673
0.0,0.4962462019475655
0.0,0.4550947126566405
0.0,0.41850469721488304
0.0,0.35919337811281116
0.0,0.3565719793064592
0.0,0.3515446055655148
0.0,0.35284467602723646
0.0,0.3975437469962024
0.0,0.5175076645567297
0.0,0.8820991749434839
1.8920000204443927,3.3031065586813457
8.350999889671803,9.449075621302
5.732000178098679,17.07944789718011
18.31899962067604,22.70802439016202
20.18299932599068,23.728305812739535
23.462999856472017,22.379719318473516
16.920999841690065,21.112309628051026
16.723999916911126,16.664037890434635
7.769000124931336,8.65628837906774
0.9500000002235176,4.386941757584621
0.0,2.179924620491995
0.0,1.0880759438735228
0.0,0.5396299005526921
0.0,0.4182716120055472
0.0,0.3829851135925909
0.0,0.36466520691813925
0.0,0.367411940066965
0.0,0.3158566141196364
0.0,0.3053285353280364
0.0,0.31156289042049407
0.0,0.3457083136614093
0.0,0.42437330278087226
0.0,0.6115044668140502
0.0,1.355293616336318
2.771000101864338,6.617957813026753
13.609999677538871,18.576009489160057
26.60700047016144,32.718552014488544
30.594000099897382,43.00110855914207
38.51500061511994,46.61661603803636
36.519998316764834,44.83821366935068
28.87099968910217,38.846503222031956
23.266000958681108,28.63460554812817
11.282999877929688,14.041779586239231
2.2130000203847886,6.394192065200825
0.0,2.834228343127903
0.0,1.179645988179833
0.0,0.4330061186911157
0.0,0.30796108434012587
0.0,0.2803686928059015
0.0,0.2917710585536814
0.0,0.31168857810830414
0.0,0.3143858629509892
0.0,0.2986010762400205
0.0,0.30350007010551455
0.0,0.3442652562134243
0.0,0.42391835989306625
0.0,0.615432841303553
0.0,1.4146507841192437
3.9899999752640727,7.103432044160249
15.97099996984005,20.152697479232963
29.390000413656235,35.2322950365793
38.17300127744675,46.082261335953135
42.24599883079529,50.58497730769132
37.5730020070076,50.00756512518332
35.231000993251804,45.40147837338193
27.267000489234924,35.823997539614105
10.251000146865843,18.359770890046388
1.1739999537914991,7.861871687415276
0.0,3.250832680363682
0.0,1.3052740302678507
0.0,0.41563932721567676
0.0,0.2891481741907619
0.0,0.26793053406427353
0.0,0.2839648302511806
0.0,0.30109682757114614
0.0,0.3214659115390463
0.0,0.30204487169815564
0.0,0.30151038536709296
0.0,0.33813223825052197
0.0,0.4182964329827615
0.0,0.6015097432932449
0.0129999995976686,1.3741778935387499
5.183000106215477,6.9284774879853614
17.422999806404114,19.745472918264497
29.385999268293386,34.29418498955882
37.91300077199936,44.77424373617062
41.9360004401207,49.146688485418444
40.57200012683869,48.64392609860709
34.84100023508072,44.50483679448724
26.594999088048937,35.705079979775945
13.204999759197236,18.925520083809328
1.7989999640733003,8.494642181404172
0.0,3.551950531157208
0.0,1.4179431684775359
0.0,0.45778394294358615
0.0,0.31635173066797645
0.0,0.28737956498037653
0.0,0.2989374738459869
0.0,0.3177228153258706
0.0,0.3365877489545124
0.0,0.3427228443965454
0.0,0.3488926000649875
0.0,0.3570237100553317
0.0,0.39955545788891067
0.0,0.5254908399182668
0.0,0.9054725642655586
1.7129999864846468,3.39479757432171
7.966999822556973,9.769891874679342
15.933999645113946,17.75426195382347
17.003999987244608,23.568289743597997
17.593999475240707,24.161793176149445
15.388000432252884,21.800388642281035
15.12099997639656,19.57901470908137
2.9369998794794085,14.664368285031141
0.3170000099390745,7.1174813737503575
0.0,3.547184106692277
0.0,1.8163697313311773
0.0,0.9407893889114181
0.0,0.4931593020650021
0.0,0.38759935138522017
0.0,0.36989474107093945
0.0,0.3606818499628345
0.0,0.3556924782870723
0.0,0.38582468498178096
0.0,0.39069734295041586
0.0,0.38915616608549325
0.0,0.37652781061872603
0.0,0.4183265125008072
0.0,0.5280609549616773
0.0,0.771940894663458
0.0,2.3704169046175334
0.2810000036470592,6.423187545722243
1.6259999793022872,11.267925846673961
9.288999919891358,14.315455146140245
7.6330002081394195,13.602925515537354
1.2139999821782113,11.786201631757091
1.0330000174045564,11.506689753954548
0.6470000194758176,9.504746715543515
4.01000005364418,5.204090770404035
2.407000113129616,2.921714558604917
0.0,1.654370551059477
0.0,0.9786127280435624
0.0,0.6260724476062607
0.0,0.5300069006389665
0.0,0.5170569828787795
0.0,0.4712610590198806
0.0,0.4177086639682425
0.0,0.3969598095299247
0.0,0.3580448353951447
0.0,0.3321811083357598
0.0,0.34067407879881095
0.0,0.40385776597392314
0.0,0.542195281930154
0.0,1.0306789774712317
2.062000044807792,4.520380866730182
10.41700043797493,12.94532791132092
9.419000172615052,23.153411643750154
20.62699911475181,31.215391671804934
14.340000227689744,34.75210456504439
19.309999935626983,34.73309082626511
34.319000705480576,34.06613299686719
27.579999738931654,29.0945652795783
13.422000275850296,16.428743112970594
1.8389999924600124,7.761107810330213
0.0,3.3628102693550788
0.0,1.4714354793725724
0.0,0.5740182100473809
0.0,0.41548835855375643
0.0,0.36210464142746934
0.0,0.35751780008122086
0.0,0.3819359781608751
0.0,0.31362079494387485
0.0,0.29747591401915874
0.0,0.29310349514326695
0.0,0.3143928600351835
0.0,0.3663727590649632
0.0,0.5010192208634863
0.0,1.0333743941732605
1.3469999385625124,4.861800436831678
6.78399998754263,14.374247233979926
18.31899962067604,26.792455848424236
23.05199924707413,36.76567883910932
30.039999623298645,40.565866019606155
30.78499933362007,39.0705105375546
24.480999686717983,34.39957665713732
15.10700007557869,25.398498437777782
8.515999894440174,12.147712870553857
1.2869999601691962,5.4004067160500275
0.0,2.4784409555709317
0.0,1.127268310345971
0.0,0.44606712625727674
0.0,0.31710212246522473
0.0,0.2840809992663116
0.0,0.2859163718070351
0.0,0.29930452918738926
0.0,0.29144478674852936
0.0,0.2868627681085706
0.0,0.29254723445103115
0.0,0.3157813697649455
0.0,0.3596767041331896
0.0,0.4881397292964095
0.0,1.0072712925900138
1.5070000521093607,4.581356579286458
6.838000045120716,13.781687265029115
9.954999603033066,26.042016373583568
22.152000341415405,36.21333638101573
31.60000060200691,40.4746093349325
36.53900170326233,39.6109976058872
27.70899970531464,35.62025853821621
13.396000019907952,26.735628331317645
9.85499972462654,12.431372401814412
0.8259999892488122,5.189177460741155
0.0,2.3083012911557366
0.0,1.0489826366741197
0.0,0.4139546289410431
0.0,0.2968582807816528
0.0,0.2720926449753591
0.0,0.2754340852034347
0.0,0.2798783504767116
0.0,0.2987393668759917
0.0,0.3121663101184415
0.0,0.33259316382842574
0.0,0.35924046460259795
0.0,0.4204648559243164
0.0,0.5740721675795702
0.0,1.071715237793375
1.2070000317692755,4.528193772594444
5.863000203669071,13.007414992023142
16.413000212907793,23.456364104359533
22.31700034618378,30.61230566288748
14.340999487042428,30.55891385658717
10.711000409126282,25.730067117401457
9.864000247716904,20.37082936714213
2.423000073134899,13.756555952931908
1.5500000409036876,6.343435310513505
0.1219999999273568,3.1481938718605726
0.0,1.6273606704548
0.0,0.849625521400604
0.0,0.45705434762360597
0.0,0.36433915331505734
0.0,0.3453230921527487
0.0,0.341345780152862
0.0,0.3393087308678793
0.0,0.40269587986705035
0.0,0.3926978205313667
0.0,0.37779358130736
0.0,0.36720801400993963
0.0,0.40852691886835973
0.0,0.5191574000458651
0.0,0.800564549730547
0.0129999995976686,2.7104020211632767
1.040999997407198,7.506919154098311
4.160999900847673,13.218976304818417
6.851000173091888,17.081774343641936
8.975000383853912,17.217107560517192
13.953000328540805,15.99621033033884
13.251999866366386,16.417561415747326
14.979999654889108,14.231441114298319
5.477999850213528,7.942408048273115
0.1259999979520216,4.146085848138493
0.0,2.0879273303772767
0.0,1.1105580366253494
0.0,0.6209449905611489
0.0,0.5049362980813505
0.0,0.4792130927548496
0.0,0.4457498582906302
0.0,0.41934925633635245
0.0,0.36675830659304887
0.0,0.36358037830088635
0.0,0.3544545988456752
0.0,0.35782966729680704
0.0,0.4063025097770056
0.0,0.5320397723502797
0.0,0.9055950181917654
0.5319999860040844,3.4143219998386485
5.9950000020861625,9.647606648027121
14.033999901413916,17.158373136694586
12.10099995136261,22.527420339176423
10.976000292301178,23.33104184282627
19.57100072741509,21.909556656930707
13.007999834418298,20.571140571234256
8.587999971210957,16.278118132360188
3.648000124096871,8.51367970568211
0.1730000008177012,4.347291382206515
0.0,2.1686091059850012
0.0,1.0932541877906825
0.0,0.5509802549218551
0.0,0.4265697089893273
0.0,0.3946422495025371
0.0,0.37737781393979436
0.0,0.38421332798100793
0.0,0.30889243581769577
0.0,0.2996917580206342
0.0,0.31100764145962617
0.0,0.35149670114666676
0.0,0.4263540694890008
0.0,0.6097053622820545
0.0,1.3577162704410268
4.100999922454357,6.852121069958887
16.047000164985658,19.451751630754586
27.531000086069103,34.494286489730705
36.00399845123291,45.130063061087995
39.67000064849854,48.753207562090005
33.71000091195106,46.808439884342185
25.55200031518936,40.07406566872952
19.930000824928285,28.74292319022318
8.33499992966652,13.294842313837162
1.0879999762028456,5.661217992479605
0.0,2.4782230833030385
0.0,1.0568225455809066
0.0,0.39020019471017936
0.0,0.28015540569682734
0.0,0.26393976867245345
0.0,0.2823331515509486
0.0,0.29561041877416616
0.0,0.2961287352023443
0.0,0.2942018422869722
0.0,0.3125454678780643
0.0,0.3518696822539811
0.0,0.42280384964303264
0.0,0.5999392065891869
0.0,1.2843878619596993
4.106000070422888,6.373794138644204
15.754999739527705,18.256610252789358
27.934000458717342,32.96497235198212
34.913000311851505,43.39683004740617
27.505000857114798,46.2707206542858
32.05900057792664,42.911538157869046
22.66300082921982,34.813728178660625
6.3389999124407765,23.06749509851558
0.8660000176355243,9.838945758996935
0.0629999989760108,4.16041998308315
0.0,1.9015866315649799
0.0,0.8577291989524016
0.0,0.3616157274307339
0.0,0.272236254550036
0.0,0.2570464474046342
0.0,0.276980653771006
0.0,0.28603811816413977
0.0,0.31306900770460966
0.0,0.296206341036458
0.0,0.2963315426635543
0.0,0.33304771618854867
0.0,0.40630542679576476
0.0,0.5767738131412173
0.0,1.3043648350303678
4.282999916821718,6.677353669778292
15.481000360250473,19.254724126026797
27.698000663518908,33.875128597556454
36.35300184726715,44.58387136302546
41.03699976682663,49.01147824515766
39.77099875926972,48.30843418958635
34.87399941444397,43.978604268440016
26.41500095009804,34.865385146065414
12.934000211954118,17.969672293274726
1.6519999784976245,7.742718117359201
0.0,3.206426049765131
0.0,1.302479883780577
0.0,0.43882339223060757
0.0,0.3079011084440235
0.0,0.2804190620068
0.0,0.2914408404977446
0.0,0.3060162002992782
0.0,0.3423979895079731
0.0,0.34762503355419594
0.0,0.3644272389303974
0.0,0.39289530793312055
0.0,0.4682757440025249
0.0,0.6529008985006104
0.0,1.1951644292694439
1.3789999869465828,4.897233086320843
9.017000086307526,13.425656608238967
26.932999334335328,23.874083206863755
34.66800204753876,30.685494462211956
22.55799951910973,29.73536036570802
1.6679999385029078,24.023079502130084
1.8630000608414408,18.05060004097309
0.6290000002831221,11.780516607420404
0.4109999996237456,5.630159779620412
2.5989998899400235,2.960299586652085
0.0,1.5807519435922326
0.0,0.8321628623751887
0.0,0.45566048770371315
0.0,0.37032896564692375
0.0,0.35412536732863853
0.0,0.3643279469485215
0.0,0.3754862315324697
0.0,0.32393324563431614
0.0,0.2975769057925993
0.0,0.2904255390395161
0.0,0.3206725282812582
0.0,0.3877832777944479
0.0,0.5533570360753276
0.0,1.2270111146556726
2.492000061124563,6.155842393120355
9.588000295758247,17.710669709001262
21.41599910020828,31.829392504366183
35.87700111150742,42.6858584404482
39.46800031900406,47.29321287936614
39.16100073337555,46.51975574741872
26.55800081729889,42.395169537233976
23.853000614643097,33.52008895714584
9.846000228524208,17.277485692037615
1.2689999409765005,7.50701410094388
0.0,3.1435749184268467
0.0,1.2938756032147996
0.0,0.443905171645529
0.0,0.3112977686029897
0.0,0.281052379967001
0.0,0.294051714236824
0.0,0.3089557626060698
0.0,0.3210871395579309
0.0,0.2989124924449882
0.0,0.2979270824743321
0.0,0.3346956547793111
0.0,0.4098880655399845
0.0,0.589999071065214
0.0,1.3234441821799994
3.6949999745190154,6.801717040741317
15.148999778032303,19.417988705208074
28.1710005402565,34.211316749069724
37.89799853086472,45.05868260800662
42.393001897335054,49.515492279932744
40.67100177288056,48.40421102155804
35.405001521110535,43.763567439432244
27.685999281406403,34.3194131151989
13.110999544858933,17.39798677586969
1.7599999652802945,7.362731742204762
0.0,3.054852015173891
0.0,1.2607315407674575
0.0,0.4322275043289904
0.0,0.3052184895315604
0.0,0.27984173039401916
0.0,0.2968521783126789
0.0,0.31384127332677214
0.0,0.3020039502384026
0.0,0.29675574834882484
0.0,0.3041832746466628
0.0,0.33740473018277695
0.0,0.3979396229956223
0.0,0.5576475689934224
0.0,1.1575885087028315
0.7129999828711152,5.803022081226998
9.907999495863915,16.802858951390807
24.617999889850616,30.494604248089235
27.84700019478798,40.584580210084894
39.77099875926972,43.420995926952855
35.04399879693985,40.09656382799033
19.120999220609665,32.70908819830493
3.7510000912845136,21.972479107809995
2.131000032797456,9.70435222218815
0.1009999962570145,4.260905336633319
0.0,1.9898146167123936
0.0,0.9175418012623855
0.0,0.3897137342518916
0.0,0.2851785095421284
0.0,0.26668273697699985
0.0,0.2805352450401057
0.0,0.2980802404766719
0.0,0.3341709634407434
0.0,0.31168572813836
0.0,0.31070297628869176
0.0,0.3489033077696012
0.0,0.4250001078250637
0.0,0.6037556549604937
0.0,1.3424832186454283
3.2269999890029437,7.001697481091447
14.129000402092936,19.851819080183688
23.977999435663225,34.76180696699841
32.89000026583672,45.40447166603553
30.96900067090988,49.556885833529755
33.57699980020523,48.24843935282125
24.263999170064928,43.24907959322575
16.643999603390693,33.50312797715101
12.021999924182891,16.92201045827918
1.549000011309981,7.1659654898038685
0.0,2.966488263252449
0.0,1.2236049464619203
0.0,0.42306126449010995
0.0,0.301081814571093
0.0,0.277566404165242
0.0,0.2944141119782773
0.0,0.313292623179413
0.0,0.3015278028080898
0.0,0.2996785672035674
0.0,0.318570958060588
0.0,0.363153899256074
0.0,0.44471297272787236
0.0,0.6333050561852025
0.0,1.3456326071425198
4.063000081628561,6.892443296914033
15.614000445008278,19.59761857081971
25.281999000310897,34.46296374521724
26.422000900506973,44.447307202644
34.28900033116341,47.114867818883
31.05300007581711,43.56674435382419
21.42700019598007,35.72794512486819
13.362999813556671,24.291147306926693
5.474000245332718,10.648857297772748
0.3859999979287386,4.430853065819249
0.0,1.9676644331840274
0.0,0.8836783953081144
0.0,0.3702462848613746
0.0,0.2801826312100064
0.0,0.26575653771542024
0.0,0.28722914592804855
0.0,0.29944797639453946
0.0,0.33160084158718695
0.0,0.3049933822954435
0.0,0.30100540530823466
0.0,0.33891064471413124
0.0,0.4149743226182516
0.0,0.5910157140125651
0.0,1.3148232786133203
3.821999881714583,6.994041320324415
15.369000126719476,19.976985262234667
27.820000679492956,34.97030107551289
36.93500007152557,45.56613699880876
42.05900074243546,49.75553746076788
41.19999919891357,48.53976710423673
35.863001210689546,43.78336588326147
27.578999452590946,34.38309409853373
13.414000039100648,17.679014834833673
1.7999999936670066,7.49339342575084
0.0,3.0718191023059074
0.0,1.2613013313536103
0.0,0.43123300204379633
0.0,0.30593083528274845
0.0,0.28100852300564977
0.0,0.2996055153350056
0.0,0.3187398788183661
0.0,0.32825712960456926
0.0,0.31767283336228486
0.0,0.31466405999118946
0.0,0.3337591190440375
0.0,0.38503535556618945
0.0,0.5202676658979473
0.0,1.0081553009618485
1.302000018954277,4.465334159948748
5.405999773442745,13.121831180144525
19.793000621795656,24.23676590453915
19.185999346971517,33.055916260341135
34.449999190568924,36.30349090632821
25.832000385522843,35.050303462055254
31.13799976706505,31.67792297879528
15.39800021469593,24.05436033286199
6.6500001299381255,11.609635003891896
0.5039999918080866,5.064711546920964
0.0,2.286478575495065
0.0,1.0649108173807016
0.0,0.44807889524612676
0.0,0.3303315442598591
0.0,0.3035253782188444
0.0,0.3069646599836559
0.0,0.32001653711463107
0.0,0.3554274581547493
0.0,0.3445320056907794
0.0,0.3366544990805201
0.0,0.346274244535451
0.0,0.39523947050100966
0.0,0.5216401757777434
0.0,0.9348979883592129
1.4580000141263008,3.89906962805041
11.675000181794166,11.214150828295685
12.6080003207922,20.390632209549636
13.658000071048736,27.24684097810098
23.28399995088577,28.884466011196757
21.250999095439912,27.01093507198574
19.868999789953232,24.568891698346256
10.062000458836556,18.820606024903114
5.977999755740166,9.442354994433622
0.6409999702870846,4.474727738631053
0.0,2.1253709921915505
0.0,1.045719153303704
0.0,0.4985526477414607
0.0,0.3831970345569618
0.0,0.3539993990123572
0.0,0.3477170516554695
0.0,0.35708270895297156
0.0,0.3297703079503237
0.0,0.32102846537187363
0.0,0.3174202773205324
0.0,0.3280228022433931
0.0,0.37689890119177444
0.0,0.5012863835338199
0.0,0.9221339037168098
2.459999884366989,3.9417846596210815
9.470999657511712,11.37430132683516
11.012999590039254,20.85696731495564
26.657000409364706,28.11431149320048
36.52199888944626,29.963897223775742
28.10000074982643,27.840676350347852
17.326999019384385,24.729405016963923
7.744000155329704,18.39600800440239
11.404999893903732,9.137789079079834
1.8379999628663064,4.4145325385001355
0.0,2.1517113955750844
0.0,1.0761760882223625
0.0,0.5090746573440406
0.0,0.38100780388808286
0.0,0.3433587015231116
0.0,0.33220739953392
0.0,0.33910490957174555
0.0,0.3127117514265037
0.0,0.3060675941415331
0.0,0.31473389390992784
0.0,0.3500067603396744
0.0,0.41527446782159977
0.0,0.5821008286098032
0.0,1.2135748748297768
3.5479999889433387,5.998804211852925
14.997999674081802,17.19241671215864
27.56800041079521,30.90034250462744
30.483999412059784,40.6770375893697
36.6639984703064,43.48456648165955
31.10799939274788,40.73650519841989
18.640999393463137,33.977434549981254
15.635000296235084,23.648640484655925
8.128000222444534,10.797758598755436
2.2899999883770943,4.752310150596374
0.0,2.1522236627509983
0.0,0.9671842089269004
0.0,0.39804763820439
0.0,0.2904718163428314
0.0,0.27361588668840087
0.0,0.28810545962241385
0.0,0.3064719169596123
0.0,0.3444253876955812
0.0,0.3513087050476801
0.0,0.36652787346711224
0.0,0.38846595663056427
0.0,0.4579424986743005
0.0,0.6195178835198039
0.0,1.1050456273392537
3.830000118464232,4.51500434910939
10.44200040757656,12.473273907654708
15.18099969804287,22.158439415362782
25.93099997758865,28.563571909033296
26.14299906253815,28.208183973916714
12.177000146508217,23.89651054556248
0.6450000244751573,19.034381932067312
4.073000120818615,12.944309875232861
3.613999888151884,6.218529534081882
1.3389999585598709,3.2119753592946427
0.0,1.6660370317183637
0.0,0.8624177421800637
0.0,0.4699374380145104
0.0,0.3795448991009393
0.0,0.36318372185140546
0.0,0.3644806817867815
0.0,0.3705320281924273
0.0,0.30430100596757104
0.0,0.30080391178173604
0.0,0.30519157579384193
0.0,0.3223069369135767
0.0,0.36774545461208236
0.0,0.4936767521898226
0.0,0.9633783487261646
0.0389999987930059,4.25853209483769
4.446999891996383,12.4459510989168
14.764999710917474,23.31011019133288
31.238999931812288,32.22546359779951
41.07899946928024,35.350202354565575
35.28900116920471,33.5871351519058
31.473999440670013,29.588144832153525
25.769000831842423,21.497006849958865
10.303999918103218,9.913232784700648
2.4140000635385515,4.359792481588405
0.0,2.0263325345092182
0.0,0.9707908600172757
0.0,0.4364603424393064
0.0,0.3270501125933624
0.0,0.2997543315181829
0.0,0.29787825502116505
0.0,0.29982826577214855
0.0,0.3539647827504876
0.0,0.316614798187697
0.0,0.29223432597696575
0.0,0.3035687136217316
0.0,0.34538091638589263
0.0,0.45568654419495497
0.0,0.911432074051391
4.588000213503838,4.182633371903114
10.08499985575676,12.549171899920468
15.536999963521955,23.399656183299392
21.19599977850914,32.68416090463519
25.404999302625654,37.73867486595409
37.39399799346924,38.768053909900445
34.92299906730652,38.318200406546396
25.168999507427216,32.57007977660906
13.540000173449515,17.714967716897554
1.6660000076889991,7.720939797903043
0.0,3.2532569058334637
0.0,1.4294702966047295
0.0,0.5316522973044187
0.0,0.3708057466131209
0.0,0.322763469639055
0.0,0.3161924976192019
0.0,0.32599053103928155
0.0,0.38835350375688216
0.0,0.3694233625491774
0.0,0.35288010355825555
0.0,0.3502133121569513
0.0,0.4046236500098713
0.0,0.5280671040607816
0.0,0.8754592696653226
0.7050000028684735,3.1915927508523256
8.002000088095665,8.96114898321726
10.776999794840814,15.809758862365118
15.413000401854516,20.61689585090282
20.533999186754222,21.292623289338724
19.656000418663027,19.90101446784439
8.810999638438226,19.515209984586274
5.185000165402889,16.302960781355903
4.105000040829181,9.074625099462981
0.7129999828711152,4.838107837489767
0.0,2.4645143196709154
0.0,1.2955966195131488
0.0,0.67971737926405
0.0,0.5263104128475428
0.0,0.4742084948136488
0.0,0.4366105189347024
0.0,0.42358822036409477
0.0,0.40960579606322256
0.0,0.4089040147095012
0.0,0.4012643472943983
0.0,0.3894542659027376
0.0,0.434315520298651
0.0,0.5505357816587796
0.0,0.8184698977486933
0.4330000088177621,2.6774632163831242
2.7719998747110366,7.262970412726474
3.71299999371171,12.635653969153998
3.8949999880790713,15.9011706329133
5.405000000596047,15.502165842369495
5.102000019848347,14.113697947585313
4.239999928027392,13.783542524173146
2.537000109106302,11.30405195627233
1.490000062510371,6.2771100621648594
0.1990000000130385,3.4135159308048753
0.0,1.822648740952351
0.0,1.030632492894133
0.0,0.6077885023229547
0.0,0.5041749848014896
0.0,0.4815526158858836
0.0,0.4495865468269312
0.0,0.4301451931990601
0.0,0.363651122625553
0.0,0.37078029431194226
0.0,0.37672384357072974
0.0,0.3807992404166712
0.0,0.43097255414016594
0.0,0.5608726373059759
0.0,0.9089047074086086
0.4509999959170818,3.2978333914845717
3.0849998946487904,9.188160172367736
18.39799964785576,16.337992018051022
23.55800035715103,20.989399279383672
25.89399965286255,20.415890981362242
12.58900001525879,17.642167449183287
3.986999886482954,15.610951660388674
2.350999996364117,11.706138706978232
0.28499999364838,6.030363247031247
0.0320000002440065,3.166548496330043
0.0,1.6710692402889256
0.0,0.9171057555586746
0.0,0.5241130511515779
0.0,0.4320765326048978
0.0,0.41473260295449854
0.0,0.40007469138470636
0.0,0.3908612511092575
0.0,0.38339750601553824
0.0,0.37718166468525705
0.0,0.36678259100094984
0.0,0.3614335781315574
0.0,0.3976846455746281
0.0,0.5086257281878434
0.0,0.8200554865842546
0.1410000005736947,2.983879738069974
2.929999929070473,8.310461997108877
6.50300014436245,14.969729891513182
15.363999722003935,19.717915902525167
14.642999694943429,20.185383938917596
17.700999304056168,18.849027537078197
9.362999542355537,17.785973084861467
8.702000263929367,13.937863063821702
4.625999797582627,7.3060348096615915
0.3300000095367432,3.7825356725889625
0.0,1.9477811043850457
0.0,1.038623492065513
0.0,0.5529597480549958
0.0,0.43544700477490494
0.0,0.4099178283346129
0.0,0.3947805841017844
0.0,0.3924334737201528
0.0,0.4001440223979931
0.0,0.4000139058288751
0.0,0.3935644768309944
0.0,0.37782921031861655
0.0,0.4186715748849845
0.0,0.5286472952107367
0.0,0.7812293623040415
0.0,2.5432345238209986
0.1020000017806887,6.844024101278444
1.1909999433904888,11.85219711093284
7.568999854624272,14.818986281039933
8.366000076830387,14.123138642899095
4.105000040829181,12.429710816574666
2.1999998924136164,12.070821932013414
1.4030000553280115,9.918572266674678
1.0079999836161733,5.55165925407243
0.3150000149384141,3.1197627157661585
0.0,1.731677974773702
0.0,1.0342556464626163
0.0,0.6530185645896445
0.0,0.5475219644464553
0.0,0.5274315495672341
0.0,0.4810047520973544
0.0,0.4322383970603232
