{
  "loss": [
    106.93399047851562,
    45.45155334472656,
    41.18198776245117,
    38.297359466552734,
    36.664669036865234,
    36.346839904785156,
    35.88356018066406,
    34.57585525512695,
    33.8879280090332,
    34.07270812988281,
    34.26274871826172,
    32.21734619140625,
    31.639358520507812,
    32.525699615478516,
    31.28705406188965,
    31.31284523010254,
    30.520551681518555,
    29.944311141967773,
    30.3832950592041,
    30.08940315246582,
    29.49073600769043,
    28.794118881225586,
    29.121070861816406,
    28.964326858520508,
    28.708988189697266,
    29.122642517089844,
    28.73834228515625,
    29.158985137939453,
    28.603403091430664,
    28.65582847595215,
    28.501253128051758,
    27.825246810913086,
    28.418542861938477,
    28.01937484741211,
    27.52752113342285,
    27.40959930419922,
    27.408323287963867,
    27.477882385253906,
    27.34096908569336,
    27.494853973388672,
    26.65488624572754,
    26.881319046020508,
    26.83352279663086,
    27.25575828552246,
    26.899206161499023,
    26.931198120117188,
    27.17550277709961,
    27.14972686767578,
    26.75780487060547,
    26.746212005615234,
    26.942350387573242,
    26.996381759643555,
    26.74200439453125,
    26.77420425415039,
    26.910478591918945,
    26.36672592163086,
    26.67278480529785,
    26.709407806396484,
    26.621917724609375,
    26.750133514404297,
    26.338897705078125,
    26.446163177490234,
    26.551061630249023,
    26.421354293823242
  ],
  "val_loss": [
    33.6548957824707,
    25.717220306396484,
    27.23773765563965,
    23.90094566345215,
    25.058439254760742,
    24.404212951660156,
    23.77545166015625,
    21.767642974853516,
    23.837600708007812,
    25.844852447509766,
    24.108640670776367,
    21.005603790283203,
    21.232229232788086,
    21.931550979614258,
    24.040424346923828,
    20.469743728637695,
    21.851879119873047,
    20.308616638183594,
    20.911096572875977,
    21.860031127929688,
    20.72989845275879,
    21.4127254486084,
    20.111103057861328,
    19.719684600830078,
    19.660858154296875,
    20.449270248413086,
    19.561498641967773,
    21.100692749023438,
    20.758817672729492,
    20.489086151123047,
    19.28883171081543,
    19.50795555114746,
    19.657529830932617,
    19.671607971191406,
    19.701210021972656,
    19.52256202697754,
    19.283647537231445,
    19.106727600097656,
    19.491825103759766,
    19.860244750976562,
    19.16045379638672,
    19.49340057373047,
    19.04941177368164,
    19.65177345275879,
    20.156757354736328,
    19.503253936767578,
    19.199270248413086,
    19.095285415649414,
    18.872102737426758,
    19.40700340270996,
    18.903392791748047,
    19.055158615112305,
    19.207538604736328,
    19.028409957885742,
    19.149633407592773,
    19.081178665161133,
    19.150753021240234,
    19.123031616210938,
    18.90149688720703,
    19.29255485534668,
    18.95124053955078,
    19.00333595275879,
    19.04021453857422,
    19.22407341003418
  ],
  "learning_rate": [
    0.0010000000474974513,
    0.0010000000474974513,
    0.0010000000474974513,
    0.0010000000474974513,
    0.0010000000474974513,
    0.0010000000474974513,
    0.0010000000474974513,
    0.0010000000474974513,
    0.0010000000474974513,
    0.0010000000474974513,
    0.0010000000474974513,
    0.0007000000332482159,
    0.0007000000332482159,
    0.0007000000332482159,
    0.0007000000332482159,
    0.0004900000058114529,
    0.0004900000058114529,
    0.0004900000058114529,
    0.0004900000058114529,
    0.0004900000058114529,
    0.0004900000058114529,
    0.0003429999924264848,
    0.0003429999924264848,
    0.0003429999924264848,
    0.0003429999924264848,
    0.0003429999924264848,
    0.0003429999924264848,
    0.0003429999924264848,
    0.0003429999924264848,
    0.0003429999924264848,
    0.00024009999469853938,
    0.00024009999469853938,
    0.00024009999469853938,
    0.00024009999469853938,
    0.00016806999337859452,
    0.00016806999337859452,
    0.00016806999337859452,
    0.00016806999337859452,
    0.00016806999337859452,
    0.00016806999337859452,
    0.00016806999337859452,
    0.00011764899682020769,
    0.00011764899682020769,
    0.00011764899682020769,
    0.00011764899682020769,
    0.00011764899682020769,
    8.235429413616657e-05,
    8.235429413616657e-05,
    8.235429413616657e-05,
    8.235429413616657e-05,
    8.235429413616657e-05,
    8.235429413616657e-05,
    5.764800516772084e-05,
    5.764800516772084e-05,
    5.764800516772084e-05,
    4.035360325360671e-05,
    4.035360325360671e-05,
    4.035360325360671e-05,
    2.8247523005120456e-05,
    2.8247523005120456e-05,
    2.8247523005120456e-05,
    1.977326610358432e-05,
    1.977326610358432e-05,
    1.977326610358432e-05
  ]
}