{
  "loss": [
    294.4227600097656,
    145.6152801513672,
    110.1943359375,
    85.7285385131836,
    71.61375427246094,
    63.49153518676758,
    58.822471618652344,
    55.12562942504883,
    51.951690673828125,
    49.08586120605469,
    46.29433822631836,
    43.64566421508789,
    42.21845245361328,
    40.45362854003906,
    39.19477844238281,
    37.94789123535156,
    36.52276611328125,
    35.964542388916016,
    35.21432113647461,
    34.5863151550293,
    34.42668151855469
  ],
  "val_loss": [
    227.52565002441406,
    153.98855590820312,
    118.90265655517578,
    96.1200180053711,
    85.01074981689453,
    81.65992736816406,
    82.71430969238281,
    83.72602844238281,
    85.28772735595703,
    89.4263916015625,
    89.38451385498047,
    84.8669662475586,
    86.2398681640625,
    88.76374053955078,
    87.3306884765625,
    86.38958740234375,
    88.64915466308594,
    89.24222564697266,
    89.21186828613281,
    89.77729034423828,
    90.48528289794922
  ],
  "learning_rate": [
    0.0005000000237487257,
    0.0005000000237487257,
    0.0005000000237487257,
    0.0005000000237487257,
    0.0005000000237487257,
    0.0005000000237487257,
    0.0005000000237487257,
    0.0005000000237487257,
    0.0005000000237487257,
    0.0005000000237487257,
    0.0005000000237487257,
    0.0002500000118743628,
    0.0002500000118743628,
    0.0002500000118743628,
    0.0002500000118743628,
    0.0002500000118743628,
    0.0001250000059371814,
    0.0001250000059371814,
    0.0001250000059371814,
    0.0001250000059371814,
    0.0001250000059371814
  ]
}